logical_task_id	role	experiment_position
taxprofiler:3717c0ebaec6c7091c8f	train	0
taxprofiler:c2e81f46c793759b607c	train	1
taxprofiler:f0d320c8f3241364a724	train	2
taxprofiler:2346ccfc07c8537343e8	train	3
taxprofiler:3aaed06025cade285811	train	4
taxprofiler:0e70bdbd5ac616655a88	train	5
taxprofiler:3a6b33d2a09daa95b069	train	6
taxprofiler:3007a2334a97ea319f41	train	7
taxprofiler:4a24bc1be216d8e88d5e	train	8
taxprofiler:a01578138e9ad0cc5f02	train	9
taxprofiler:631b79a104349c8b9a7f	train	10
taxprofiler:da997af6b39db55610c4	train	11
taxprofiler:07eeaea87ade05385e2e	train	12
taxprofiler:7a9bbe57d8a22561299e	train	13
taxprofiler:19afdc930c68b7f0134b	train	14
taxprofiler:e197b2cbe66ef093f255	train	15
taxprofiler:d9179ffa1aa1d9ec6a6b	train	16
taxprofiler:d8c103317781e347edd8	train	17
taxprofiler:cb66dfb4c2d6f99ba6e1	train	18
taxprofiler:6785529b3020c87516cb	train	19
taxprofiler:5c351443165779156b52	train	20
taxprofiler:cf2c4c8fbedac5384548	train	21
taxprofiler:18037fd25b0e75e818ce	train	22
taxprofiler:51a5704eeb1410732353	train	23
taxprofiler:0ebd288ceb3fa613b348	train	24
taxprofiler:950a10ddd819fbde8620	train	25
taxprofiler:b4636af80df0bd15c99e	train	26
taxprofiler:4c00611cebac1112bc09	train	27
taxprofiler:30e30b933f4c2d7e6f48	train	28
taxprofiler:201823adb4707f2e8f55	train	29
taxprofiler:7e7acd0d42efc1847057	train	30
taxprofiler:eea934cd8afe745025a3	train	31
taxprofiler:9deafbdb61e3acd5f035	train	32
taxprofiler:c9ecb75aaaa51d071cfc	train	33
taxprofiler:04289e82224f66043671	train	34
taxprofiler:34d49fea13930715418d	train	35
taxprofiler:ad0bb6aafdf6cd7144a9	train	36
taxprofiler:190569679fb58d92252e	train	37
taxprofiler:aa4601aff2a54bb9579a	train	38
taxprofiler:63947a8cb73f27e95a30	train	39
taxprofiler:7eb8430755ab3d9e88af	train	40
taxprofiler:c09dc8d3c4c8993689cb	train	41
taxprofiler:894c5f3f8728bf23aa59	train	42
taxprofiler:7312b52ad2320f7ca1ab	train	43
taxprofiler:eed5fd916f7655b589fc	train	44
taxprofiler:34aa0f0cd4a96fa7ce96	train	45
taxprofiler:06db0d4fd9ddf3550f21	train	46
taxprofiler:fe68c8f539ca361911de	train	47
taxprofiler:788f8c6ff848f593cc46	train	48
taxprofiler:8d77f70b08b709316894	train	49
taxprofiler:07f00312c0154757575d	train	50
taxprofiler:8e8ef0e2ed56858e0a4a	train	51
taxprofiler:d36b929ce6756b97f6f7	train	52
taxprofiler:ca56ee0ba9a610cc1ba6	train	53
taxprofiler:01935f890cdbda014a4a	train	54
taxprofiler:99f12b289792d9a285e6	train	55
taxprofiler:0d480573934909721341	train	56
taxprofiler:55b15161a87511ff9bee	train	57
taxprofiler:efe33e1bbc17dbc691b2	train	58
taxprofiler:6c4f6157499df0c78ca7	train	59
taxprofiler:bd6c35bc80b4c8989f6b	train	60
taxprofiler:8cb08610e7fa1d06d612	train	61
taxprofiler:75af531c353c236104c6	train	62
taxprofiler:41319f78a1ffe297fbf3	train	63
taxprofiler:fd4150444dceaf464597	train	64
taxprofiler:bfbab73e7e4c66958002	train	65
taxprofiler:df5f68517d5af304b143	train	66
taxprofiler:dce4a02c1126295d9013	train	67
taxprofiler:014040d6d7b1cb5feba1	train	68
taxprofiler:d0b0fdb32dba142451d4	train	69
taxprofiler:267dfd383e335cb03e6f	train	70
taxprofiler:612b7ac9f3d3fdd40571	train	71
taxprofiler:40bc5ed20f64a0da7467	train	72
taxprofiler:abca1969317b7181cb45	train	73
taxprofiler:a5e8f7ea513a0bef8acd	train	74
taxprofiler:10a9a8fe8620e7e3d717	train	75
taxprofiler:35a98eb098d00eb21295	train	76
taxprofiler:321f68dcb4f8a2fe45c3	train	77
taxprofiler:e4df46bd2546aa351030	train	78
taxprofiler:f79401cd782040088f1e	train	79
taxprofiler:2a47c026eee6d6e7c25c	train	80
taxprofiler:f3beb610af617f95b6d7	train	81
taxprofiler:29251172e8d4c1547a9b	train	82
taxprofiler:b95cc5b252bcee117c66	train	83
taxprofiler:003b570c8fa673acf1bc	train	84
taxprofiler:8bf940416c2fd8a5f37d	train	85
taxprofiler:cfc969af4507a5ef7f69	train	86
taxprofiler:d605da4e22cff018db57	train	87
taxprofiler:8376bac1e23662103eb6	train	88
taxprofiler:bb3a003cb44189a0f1c3	train	89
taxprofiler:d0c3fc4beedde79f0b06	train	90
taxprofiler:641393f65a67cde83d94	train	91
taxprofiler:aea0cf01afe9c627b459	train	92
taxprofiler:dd8af287720b68bd15e5	train	93
taxprofiler:094fa9e3c4bf9f6fd4c6	train	94
taxprofiler:5d8ed5c202da0dea553f	train	95
taxprofiler:60b84f4e27a7ab334a11	train	96
taxprofiler:9fc467651c62bfcd260e	train	97
taxprofiler:29a714b5e89b87f402c3	train	98
taxprofiler:c04f1c4a03207dd28113	train	99
taxprofiler:26e7f77b5b1557265605	train	100
taxprofiler:d3d46c219ee95f66f12a	train	101
taxprofiler:7dd989cb4271656a20fd	train	102
taxprofiler:f63ee74b27ea8adab5e5	train	103
taxprofiler:d91bed69666ce7aa42ea	train	104
taxprofiler:e1648c65cf787dbb52ac	train	105
taxprofiler:3cda224a7e3b8a83dbab	train	106
taxprofiler:9795ce75a14ebfcf80ce	train	107
taxprofiler:c609c3e9214bafe6ae82	train	108
taxprofiler:90a22a40675a1b38b547	train	109
taxprofiler:080ac0cd4d6bfaf18d22	train	110
taxprofiler:e08b78d6745aef237398	train	111
taxprofiler:7add04c51e1d1059c9c5	train	112
taxprofiler:8803534a85b62e5337f9	train	113
taxprofiler:1c6326aae3ff86199d32	train	114
taxprofiler:3f64867637d4d5017a3d	train	115
taxprofiler:0b3db48340e97c9e7753	train	116
taxprofiler:ad2ab7e1acc964d0bddb	train	117
taxprofiler:95dcfec67e08fb285ce3	train	118
taxprofiler:13475a7902cdbd4bcc9b	train	119
taxprofiler:dbec27896e3369b392d0	train	120
taxprofiler:8f27293eb2654699f397	train	121
taxprofiler:b5e0687d4abb60be4ac1	train	122
taxprofiler:94779b30e6034d06eeb6	train	123
taxprofiler:8fe4fa45e86418ee7095	train	124
taxprofiler:2de888c21258b4167c6a	train	125
taxprofiler:4846f8c9f5b00b6bd566	train	126
taxprofiler:12874907c3a973b16ec7	train	127
taxprofiler:a315aaf2a1e51ad1785b	train	128
taxprofiler:c37e2ee84a02acd7b816	train	129
taxprofiler:fd8a06dac5545c54b291	train	130
taxprofiler:136c97d3a1ca0bea4d23	train	131
taxprofiler:4152618ce57847a0def1	train	132
taxprofiler:10ceccf01e88127c543b	train	133
taxprofiler:d0b02a32446c885d8ea7	train	134
taxprofiler:46c3090772648b4dda72	train	135
taxprofiler:3076d1f8c42fd208c4ff	train	136
taxprofiler:78995e3c35cb309fc26d	train	137
taxprofiler:ea5dfc26d7d36bf59d2f	train	138
taxprofiler:b066bb7e6d1ed96f5a7f	train	139
taxprofiler:72a50034b80a6bad7695	train	140
taxprofiler:01c08478848df8fea932	train	141
taxprofiler:421302f369d9f33465e9	train	142
taxprofiler:c0f506c1de4559603466	train	143
taxprofiler:30432269a9a12e36d87b	train	144
taxprofiler:5c0e881d451179993a2e	train	145
taxprofiler:4bd8e58125afb69af3e4	train	146
taxprofiler:2b4511adf18b8655484e	train	147
taxprofiler:0b53b6db7e422edc95b4	train	148
taxprofiler:c4dc2370ec5e2941d398	train	149
taxprofiler:2423073e25f53cb15e21	train	150
taxprofiler:d98d988420cb1811de31	train	151
taxprofiler:deccee2cc2528526d222	train	152
taxprofiler:b4c7a347dfb72ddd5b7c	train	153
taxprofiler:56e9fdb1871c019e0648	train	154
taxprofiler:68398b4690c02a404ae9	train	155
taxprofiler:74ca107b9f45b8d8ed89	train	156
taxprofiler:88e04c095c2d5f05de6d	train	157
taxprofiler:cfeb6d68b5919c565e2e	train	158
taxprofiler:f79b617b141a335dfc82	train	159
taxprofiler:c261a81076ce21ec05a2	train	160
taxprofiler:25aebb9079f2e9c1f967	train	161
taxprofiler:237dfc0ad94fa1f2b3e1	train	162
taxprofiler:08ee84219679030727a8	train	163
taxprofiler:e5aa6f6b0af284442f51	train	164
taxprofiler:7c91a6b6a7cd736fe76b	train	165
taxprofiler:4d6c9cf9d2f3f1edc14c	train	166
taxprofiler:97ebd3f34b7a073ec1c6	train	167
taxprofiler:01e5ae6086facf00ffa1	train	168
taxprofiler:3c5c1edf7ffde21fb323	train	169
taxprofiler:ad6881cd7de41d506000	train	170
taxprofiler:9983b8c39d14c7a37456	train	171
taxprofiler:383220b1a32ae5f65ed3	train	172
taxprofiler:482238f8572bac89b72c	train	173
taxprofiler:f49d905b9cfc7107f21b	train	174
taxprofiler:ebb8a6701dc2b5d8ad86	train	175
taxprofiler:0cbf0390ddb2f88c07ea	train	176
taxprofiler:3f5e580d581f8257bcaf	train	177
taxprofiler:0ed26009f4739eab77bc	train	178
taxprofiler:93b3a8721b351d37f2e6	train	179
taxprofiler:daf06435c6fbcdcf7a7d	train	180
taxprofiler:1f2be0d593fc92b59544	train	181
taxprofiler:a602bbedbce391b81fd5	train	182
taxprofiler:6e55737489ad64cb69e9	train	183
taxprofiler:569f72b5c9799f69a67a	train	184
taxprofiler:9d4805640d65826b038b	train	185
taxprofiler:1db1f3d4678ada798c40	train	186
taxprofiler:13a9a660e8b697e8ad7c	train	187
taxprofiler:d28dec215e367cdeca9c	train	188
taxprofiler:bed38ab0106ec4e61121	train	189
taxprofiler:d8638e5733af2ebb70aa	train	190
taxprofiler:30d3f0e62e78f463b1c0	train	191
taxprofiler:d822d4caf85774f7d11e	train	192
taxprofiler:cb21d47f7cc3c63f2ac5	train	193
taxprofiler:e4b4fca5986886cfab30	train	194
taxprofiler:ff843cdea56ed688710e	train	195
taxprofiler:eeb1b268adf81f7aa111	train	196
taxprofiler:eeb6929ef592e33ddc81	train	197
taxprofiler:a77af1d1644e8fc602bb	train	198
taxprofiler:4f38798d6ba72fb33d92	train	199
taxprofiler:bde04e33e21048cebddc	train	200
taxprofiler:fb95c494a9ff38354ffa	train	201
taxprofiler:3a1e82ef676bf3ce11bd	train	202
taxprofiler:955a1aa93586ece6cba4	train	203
taxprofiler:255bd69166891800c4e5	train	204
taxprofiler:13f8372eca4fab67f797	train	205
taxprofiler:93f88f8c2e80dcfb1d8e	train	206
taxprofiler:35ffa9ec7620905ffce3	train	207
taxprofiler:830d3f88079b0814db72	train	208
taxprofiler:e1281e576cdeec349b61	train	209
taxprofiler:5ac2214274f55eb37f0a	train	210
taxprofiler:f66c1c51698a20f99a4b	train	211
taxprofiler:a1b90aea80b21be92400	train	212
taxprofiler:ded3f06cada6a4e1d851	train	213
taxprofiler:73e664ac2a17cc512ae6	train	214
taxprofiler:6a91475702176edd33de	train	215
taxprofiler:69f96eb5e672941677a7	train	216
taxprofiler:85c8d5ca9325d3e0f4b1	train	217
taxprofiler:2788e78f7888a336efed	train	218
taxprofiler:84cb1c65e6607bf47785	train	219
taxprofiler:e4bbe6afde85b207fee8	train	220
taxprofiler:e1adb20e3263ee3f9843	train	221
taxprofiler:c22d11747e88d06e5a8a	train	222
taxprofiler:1e88a3e276a61280bc1f	train	223
taxprofiler:495eb1605e5cf90f3c07	train	224
taxprofiler:be2f7253252f564c8c44	train	225
taxprofiler:e552b5f6c4cd8b30e166	train	226
taxprofiler:8171280b8540ed73bc10	train	227
taxprofiler:5af772dd2b97b4cd2d0c	train	228
taxprofiler:f9e4005fd674ef7112d4	train	229
taxprofiler:e2acb740689a47b5eed9	train	230
taxprofiler:acc52ecf0ac4e92f1ce2	train	231
taxprofiler:4f67b9040ebcf2e7967f	train	232
taxprofiler:6116d1caa73085b95644	train	233
taxprofiler:58c98ba9d1e1f319a268	train	234
taxprofiler:e65806b0b0831e43d1fd	train	235
taxprofiler:e8a39a72ab4ad0e5a482	train	236
taxprofiler:a72be99c98787989a75d	train	237
taxprofiler:272fb737d3acb306d6b3	train	238
taxprofiler:fc8ff86cb5a82388793d	train	239
taxprofiler:8e83977a9a3d60ad4f14	train	240
taxprofiler:8879cbde53c4e7bb1493	train	241
taxprofiler:a291de5695afb3eb1469	train	242
taxprofiler:986239871efe54a89b75	train	243
taxprofiler:b5dc98663176c494c929	train	244
taxprofiler:fc765bc4b6d84e691675	train	245
taxprofiler:ad9e1248bbe490853e23	train	246
taxprofiler:31fe49352e9e9faf801e	train	247
taxprofiler:2d2d7cd8741ae66c1aba	train	248
taxprofiler:dc8c686b69f02870539a	train	249
taxprofiler:f2a5bb007b7989bec07e	train	250
taxprofiler:74fa83845d973f705623	train	251
taxprofiler:d123a41b7740c22edddd	train	252
taxprofiler:841691198833061b6c40	train	253
taxprofiler:fa58d3c94c8ea5c83937	train	254
taxprofiler:6652e527f5e8348e9cb2	train	255
taxprofiler:61b21746e054a18e7709	train	256
taxprofiler:cff424238c6f309a656c	train	257
taxprofiler:77fe9d9113de39d85782	train	258
taxprofiler:bfd633310aef8a101b4b	train	259
taxprofiler:2ff2947aa30520370101	train	260
taxprofiler:d371b60248e47c271d8e	train	261
taxprofiler:db2609a07e3445a84103	train	262
taxprofiler:06ea72d990ad541decd6	train	263
taxprofiler:507daa88842691832c2f	train	264
taxprofiler:118f44b11aa2bff46fc5	train	265
taxprofiler:43cddb2b8fe6e6cc840c	train	266
taxprofiler:973db9a7d091288dc4d0	train	267
taxprofiler:78ce13ab1d753bbe696b	train	268
taxprofiler:9eb402f121359085c60d	train	269
taxprofiler:3a72e63c4dd2d9634590	train	270
taxprofiler:bc26f4d2e66d53633587	train	271
taxprofiler:f25f95d339200565b58b	train	272
taxprofiler:6dd22c02cf4d2a68071c	train	273
taxprofiler:e423c8902c54a5b97d54	train	274
taxprofiler:5813deafa06ca103fc44	train	275
taxprofiler:732ceb874498170f9a8c	train	276
taxprofiler:0c124644fa62296f3bdf	train	277
taxprofiler:c71cc821c2119b45b215	train	278
taxprofiler:cc9d1039e1a080e5c59a	train	279
taxprofiler:b64642e2280798319b87	train	280
taxprofiler:384a4ff611e9e6067958	train	281
taxprofiler:c7ffbb7b492a039b3633	train	282
taxprofiler:c5cb5fc6886a5e71f0ad	train	283
taxprofiler:7b9bb8de1ca02c8ba2a0	train	284
taxprofiler:fc65d022cdbc64d4f48b	train	285
taxprofiler:b1edf8a1453162b6e6bd	train	286
taxprofiler:952dbc4dfabd791afe08	train	287
taxprofiler:59c28c01b72664b1d3b9	train	288
taxprofiler:2e5f007144b9c04fb88d	train	289
taxprofiler:38426b34375f9b92f880	train	290
taxprofiler:042a0cf9550558430ba3	train	291
taxprofiler:a91e5c3379c54e178780	train	292
taxprofiler:7b9b6ca0180216ff6cb5	train	293
taxprofiler:531deb32286d6f379efb	train	294
taxprofiler:81e1609b2db8f51a061b	train	295
taxprofiler:156c4a3c8ddfbed53ec4	train	296
taxprofiler:9baaf56c7e52420f93e5	train	297
taxprofiler:0ff4f69f03f62537b2a2	train	298
taxprofiler:d36859ddbf9ff038a308	train	299
taxprofiler:2c9e1b7c5fb541f23d21	train	300
taxprofiler:5f9f7a20442920e6a3a5	train	301
taxprofiler:9f7a0dac7f0dbc60b45c	train	302
taxprofiler:e8b5eadf6722148440b8	train	303
taxprofiler:978f47980e140d623180	train	304
taxprofiler:55eee6aa7da4c50ddb56	train	305
taxprofiler:4782c08343cdfc23b154	train	306
taxprofiler:64fc9bf4963565f8c609	train	307
taxprofiler:b51842ff683069135f7d	train	308
taxprofiler:3144b66de30ece4203ca	train	309
taxprofiler:a1d99194455ca2a97428	train	310
taxprofiler:e64f807529dd1e1696c9	train	311
taxprofiler:dc2507c7b394963fd9f1	train	312
taxprofiler:0ca6c0bf020a2de52604	train	313
taxprofiler:19770a071fa7d9f8330e	train	314
taxprofiler:4981d47e6b55bcb34de2	train	315
taxprofiler:5d902a2c9f6239b8864e	train	316
taxprofiler:3955af24bca225f2e3d8	train	317
taxprofiler:0c3e9c5d2d0dd0758020	train	318
taxprofiler:62343338419a0b351b37	train	319
taxprofiler:9d49d42979ed73a2aee4	train	320
taxprofiler:863c7f9f9e586513cb04	train	321
taxprofiler:c9dd53307b44e5f5b1ad	train	322
taxprofiler:545f20a4307fd26b8c1f	train	323
taxprofiler:cf07c4a0d0102d866d7e	train	324
taxprofiler:f4d51f9fa2f4923065d3	train	325
taxprofiler:695592b3d8929fb56d6d	train	326
taxprofiler:f313f5d749881929e5e8	train	327
taxprofiler:ae4ac1a9d9b9907cfbe9	train	328
taxprofiler:fce0814a98516b412921	train	329
taxprofiler:202e99dde5afe98678b5	train	330
taxprofiler:d7ff2600aebf69b85d8b	train	331
taxprofiler:12e74a3dff660ef8412d	train	332
taxprofiler:45526a18646024ec2bc4	train	333
taxprofiler:c257547692282e166566	train	334
taxprofiler:2ca617de56601b6c8ad6	train	335
taxprofiler:51e8f871c893d4ce26d9	train	336
taxprofiler:ef38fa2dbd79427b32e4	train	337
taxprofiler:923225be3ee5e752aa76	train	338
taxprofiler:322e04e4edba8f5f566d	train	339
taxprofiler:a11aca0c25056856bf3a	train	340
taxprofiler:da6f8aab344f332397ee	train	341
taxprofiler:6c949e4639c411ea556f	train	342
taxprofiler:97b7b40347667f279856	train	343
taxprofiler:1aad061f34cb78a958bf	train	344
taxprofiler:552ec773727e0dc20636	train	345
taxprofiler:72e15b43c47b136a7fe4	train	346
taxprofiler:7c5462e4bca2d85e5372	train	347
taxprofiler:475c4b7eada02c45a75c	train	348
taxprofiler:87a671466d64af40e206	train	349
taxprofiler:492bdb70dd20b6521043	train	350
taxprofiler:f5ce90b4a5cd7d137a6a	train	351
taxprofiler:dcece982d85d3bd32558	train	352
taxprofiler:47a9e3b7a073cd5eb404	train	353
taxprofiler:7cbc9cafef7087d90958	train	354
taxprofiler:ee847ef7d3fc6e17fddd	train	355
taxprofiler:acb14a91c9cc50f94717	train	356
taxprofiler:81bacd3b53bc379bda48	train	357
taxprofiler:1bb9b0cc05b18a593881	train	358
taxprofiler:5fba82c850024c554218	train	359
taxprofiler:7724c2adab3eb89eb0a0	train	360
taxprofiler:97791c151b740c4305b1	train	361
taxprofiler:fb8deb7fe4653a8777f1	train	362
taxprofiler:a18adea051a8b0652078	train	363
taxprofiler:9b6767d5d6f044517109	train	364
taxprofiler:73856442e015795acf66	train	365
taxprofiler:72932db7096a9af1b825	train	366
taxprofiler:12bb23dd3180ffc7a94b	train	367
taxprofiler:7a6a3ada5b05f537d240	train	368
taxprofiler:8cff7e4df9a27ce0ec3e	train	369
taxprofiler:1d27c0cc064781c62225	train	370
taxprofiler:37452432d5f6a0385603	train	371
taxprofiler:8547a95dd00bfb32538e	train	372
taxprofiler:83c4a8901bcfdf4edac5	train	373
taxprofiler:682bafc724f10dddbd13	train	374
taxprofiler:dc259b2475f7c84951b8	train	375
taxprofiler:45e392c38cf9c12dadf4	train	376
taxprofiler:11e41830c0035ea4b937	train	377
taxprofiler:6dfc5e75529b8c44ae6f	train	378
taxprofiler:3fb8cd0dc69cb56831b9	train	379
taxprofiler:df37d231efccfe5e5371	train	380
taxprofiler:4b27457cb9a8aeaed514	train	381
taxprofiler:80cec4f2a89bb614f07b	train	382
taxprofiler:f1b39d06fbd2d09d576d	train	383
taxprofiler:9b7ad3632e655eda4fe9	train	384
taxprofiler:ef1ddd682e8fc4fbd235	train	385
taxprofiler:640e7c3e5285e0475f44	train	386
taxprofiler:74502c8266d78954b5f4	train	387
taxprofiler:5ce3cc39910c4db8cf00	train	388
taxprofiler:8495069df7bc008212b7	train	389
taxprofiler:0d4aa17ae36229163f1e	train	390
taxprofiler:55e87acdd92a177a3cad	train	391
taxprofiler:885ef438e49270cdd3ad	train	392
taxprofiler:9a092b608ee63b2025b1	train	393
taxprofiler:007a696bfcc9fe17794f	train	394
taxprofiler:9e672cdb4d034bed241b	train	395
taxprofiler:84d9eaa08360317fb117	train	396
taxprofiler:34968ec136792721f298	train	397
taxprofiler:872b55e716e21aefa171	train	398
taxprofiler:82fbacb3c00340d85a99	train	399
taxprofiler:fa852523a426bf5b8f29	train	400
taxprofiler:92c5745485c7c63d3497	train	401
taxprofiler:a25650a212cbfe4179cf	train	402
taxprofiler:abcc7831cb5933a5ba7c	train	403
taxprofiler:b8dada7c5094f9d19ab1	train	404
taxprofiler:811a60696d8b9f74167e	train	405
taxprofiler:7f723217df0e3a0f2130	train	406
taxprofiler:fd9d3bce2f7470122f69	train	407
taxprofiler:37c506de3ddf8193a10c	train	408
taxprofiler:bccb026b451c8fe8a23c	train	409
taxprofiler:89123bc34ce1f264657f	train	410
taxprofiler:8d70c12caef34781ebc6	train	411
taxprofiler:07b75662c0d857ce6a61	train	412
taxprofiler:03d1dfe6448b7537f476	train	413
taxprofiler:fda02489cba6896f652e	train	414
taxprofiler:bce6da4ecd2cff6d6895	train	415
taxprofiler:6d47bb2dbb24ad54dd84	train	416
taxprofiler:45a89c9ca77c01e8512a	train	417
taxprofiler:1a9d77cab6d83c6f1561	train	418
taxprofiler:e0ab39ac512be52c0b7e	train	419
taxprofiler:c68a98cac8f3544b0942	train	420
taxprofiler:a9516caf85728543fa3c	train	421
taxprofiler:01a5860e8aa679cbd11f	train	422
taxprofiler:ecd883bf83fb52f32020	train	423
taxprofiler:eb75bf51a5c920292e45	train	424
taxprofiler:401a257712b5c96ad4d8	train	425
taxprofiler:e77522a0c28bd83e0394	train	426
taxprofiler:6db63e78fa6d26016663	train	427
taxprofiler:339a3fc459602d68ba44	train	428
taxprofiler:c90bd98a65245d502d66	train	429
taxprofiler:5c5a8a5e97d4244b3a3d	train	430
taxprofiler:64e9519cc8ce5eea3dd3	train	431
taxprofiler:eb3127e78525084ab436	train	432
taxprofiler:77241e7d03d7644db152	train	433
taxprofiler:e949b89f49624d9fbeaf	train	434
taxprofiler:1b8660b18c3ae592cdc1	train	435
taxprofiler:42851cc2e0a47657eefb	train	436
taxprofiler:486ed09e2b1fbb0ab148	train	437
taxprofiler:d85806b1751d6a9fb7c0	train	438
taxprofiler:feed26cc3988edcdfcfe	train	439
taxprofiler:03afe30bbb721734885c	train	440
taxprofiler:084fb5fef2413ef57325	train	441
taxprofiler:5a7042f1361ce371cec8	train	442
taxprofiler:515f0feb0895f0b71b6c	train	443
taxprofiler:2d22ccc37f4678a7dcf1	train	444
taxprofiler:cae480610428a33fe7f7	train	445
taxprofiler:778c7dae0eb38d664ee0	train	446
taxprofiler:ebb24d45b1b51a720a48	train	447
taxprofiler:9ba0c6a7216ce0f34d7d	train	448
taxprofiler:97bd12a8d4f44995f375	train	449
taxprofiler:564cc619b8055def2dd1	train	450
taxprofiler:bd732bed435b1411febb	train	451
taxprofiler:833ddee9ecb6821b87d4	train	452
taxprofiler:6555879508adf3f15de9	train	453
taxprofiler:a5d839ee81ac35821fab	train	454
taxprofiler:87264780d5b48e58ae03	train	455
taxprofiler:98f7976cdb003de53e47	train	456
taxprofiler:35105e2a50dc39ba8694	train	457
taxprofiler:2eee1eb8585d2ab19c51	train	458
taxprofiler:08e48a82b87726105e0a	train	459
taxprofiler:945208e975a9128a1772	train	460
taxprofiler:8cff9535072deb771cb1	train	461
taxprofiler:002f65aa2849644d1b38	train	462
taxprofiler:05e126b9de116304a341	train	463
taxprofiler:c60a7dce78d334b85724	train	464
taxprofiler:2d4b4c1ff258e18a4f4e	train	465
taxprofiler:f37766e2514ded2cb77a	train	466
taxprofiler:82dfb8eae7e971ff4e14	train	467
taxprofiler:7338037a949cee2d3ea0	train	468
taxprofiler:695cfd267c19f80a6767	train	469
taxprofiler:67b8e17f7140c8156b1c	train	470
taxprofiler:30ee6bc17f7b0f1bcbd8	train	471
taxprofiler:a6a47b470fb186108704	train	472
taxprofiler:7881425101798ab44d0d	train	473
taxprofiler:6516eef3308be365fbac	train	474
taxprofiler:85fff100ef2b68145b2b	train	475
taxprofiler:93b16779bd394069b55e	train	476
taxprofiler:573ded5b2e902558939e	train	477
taxprofiler:b39d2e81e36a6a6cf92a	train	478
taxprofiler:210a87a4a83d253a6d5c	train	479
taxprofiler:751c30fa51fcc8c54331	train	480
taxprofiler:022b1a1d7b365343e57a	train	481
taxprofiler:e40b9f66c5a37c067866	train	482
taxprofiler:ff4938afd7d760d88fdc	train	483
taxprofiler:70a8e50d9e3742389e33	train	484
taxprofiler:c7a36e60b68f5dd6a8ea	train	485
taxprofiler:d51a9000b07e89dc599f	train	486
taxprofiler:82d70673f5ea9a8568b5	train	487
taxprofiler:c9729fe773508f3f45bc	train	488
taxprofiler:57f463b288f9f046a603	train	489
taxprofiler:f338db6c741ea038405d	train	490
taxprofiler:6a242564bff240629dbf	train	491
taxprofiler:7024b87660f286dab9e6	train	492
taxprofiler:c75a38cd7c6f792e4c37	train	493
taxprofiler:f048e3af426926e3684e	train	494
taxprofiler:1f9ba887ccb0a961806c	train	495
taxprofiler:38929f0eb2b5a539c797	train	496
taxprofiler:1fd99b011da1d72c0c35	train	497
taxprofiler:e5c8b4bffd4489838c21	train	498
taxprofiler:f655a3a2c14486b0aed5	train	499
taxprofiler:b04756798ff5919d15bc	train	500
taxprofiler:ccd329d35377f75eab28	train	501
taxprofiler:5afa96ee8de0d28bfe90	train	502
taxprofiler:3725fb6293ea5eee8110	train	503
taxprofiler:ce31bfcb9de79f8dec8a	train	504
taxprofiler:c597e950166c9b6ceedc	train	505
taxprofiler:95d13bae666388c14cfa	train	506
taxprofiler:368d0377398ec7c46f05	train	507
taxprofiler:d3629a170e35875cb0c3	train	508
taxprofiler:e2146fa22691983ed61e	train	509
taxprofiler:b98d220553f60ebdddd0	train	510
taxprofiler:d52e771e13f9f7959cfa	train	511
taxprofiler:6ee5e172d9798a5fd969	train	512
taxprofiler:0bed5e15474992c1c68c	train	513
taxprofiler:177fc3c16e525d1a1b33	train	514
taxprofiler:8ce0cfd2fd63a1f312d5	train	515
taxprofiler:321e9fa7e4764c0cdd79	train	516
taxprofiler:315eb050b38847af6f22	train	517
taxprofiler:7f3b3e54aace626db296	train	518
taxprofiler:77f136fdf5160eeffcfd	train	519
taxprofiler:71f99f4ac936332f593f	train	520
taxprofiler:9e5fac0fd19b486fdd3d	train	521
taxprofiler:be82c6233a030d5fc37c	train	522
taxprofiler:c539aabe310c2b443d80	train	523
taxprofiler:51366d2f9dbc0078a4d1	train	524
taxprofiler:80e3f4fd4afd0653653c	train	525
taxprofiler:67aeeb0eb4d93ae0a057	train	526
taxprofiler:13548b4b63d7aa3c04d0	train	527
taxprofiler:2b7148e1bff98033eadc	train	528
taxprofiler:e57c24676185ddc332f9	train	529
taxprofiler:c86cdc20569ed90d9d6b	train	530
taxprofiler:6c5eed60865138b3a60f	train	531
taxprofiler:0c49c5fa0f2fe2b7a4b4	train	532
taxprofiler:6d38798831b8132a0514	train	533
taxprofiler:4d8b80e9fffa358a1129	train	534
taxprofiler:0922c8da0f375c8f704e	train	535
taxprofiler:d7afbcec6fc7f4c336a7	train	536
taxprofiler:1c57d31a5c69965fd0fa	train	537
taxprofiler:453cf06d64b7428ff117	train	538
taxprofiler:025c1292bcdc62d067d2	train	539
taxprofiler:0800dc723345072c7971	train	540
taxprofiler:596cb613bb72f4d23ab0	train	541
taxprofiler:57a915a653c45229a048	train	542
taxprofiler:7063a9015a9d7aa096e3	train	543
taxprofiler:8a240e83ed76a0fb04fc	train	544
taxprofiler:14af0e5f4c5dc5180534	train	545
taxprofiler:73d80042719a5814933c	train	546
taxprofiler:58ab07a680fbde3a8268	train	547
taxprofiler:5673213bca0c4bee8e06	train	548
taxprofiler:b36ea5f978e2d89d1a7e	train	549
taxprofiler:cbcdfe0221c6b6ce004c	train	550
taxprofiler:6f51d70746c7f34ea433	train	551
taxprofiler:26904affc7b08e3a846d	train	552
taxprofiler:ac45b027729e411b5e27	train	553
taxprofiler:7ab159e8f71ce7c79f0e	train	554
taxprofiler:63edebb9b1d49ad37083	train	555
taxprofiler:0a929df7698314ca7c7c	train	556
taxprofiler:f74acbde8c61518a3984	train	557
taxprofiler:28db7f9442dfe24cb35e	train	558
taxprofiler:37de79628a0c3ef0c532	train	559
taxprofiler:9b27df862e6c26df4d93	train	560
taxprofiler:a4e4dfcc187f0cfefe43	train	561
taxprofiler:cfba80686778e20d614a	train	562
taxprofiler:45e553e5ab3e574922cd	train	563
taxprofiler:0b78089c82cc701041ad	train	564
taxprofiler:8b43ba1b6b018dea4d47	train	565
taxprofiler:865038e0ca4862d367e3	train	566
taxprofiler:ec94f5b7adb7f8416be6	train	567
taxprofiler:b47865e8721c324f62aa	train	568
taxprofiler:c7bf614c72dff57104bb	train	569
taxprofiler:c6836a2d6a9237b1db5d	train	570
taxprofiler:45ce5710ada2007b7f26	train	571
taxprofiler:ac4d70cdb124837a0239	train	572
taxprofiler:f68601ab6d22ffd24150	train	573
taxprofiler:6cfb230b2706133f9018	train	574
taxprofiler:e02f80ef16a49a255d46	train	575
taxprofiler:c449aed2140790438601	train	576
taxprofiler:dffdca6fc3afd1feb6ae	train	577
taxprofiler:3f364ca387fb78a5ffb2	train	578
taxprofiler:f0a6367444bca5a19167	train	579
taxprofiler:571e538be377be2c3649	train	580
taxprofiler:9d8471fbc5c41453e867	train	581
taxprofiler:db5d1e8db92f7df029de	train	582
taxprofiler:d85a4f6f1a4d8ee449a6	train	583
taxprofiler:8a224782673af5e8096a	train	584
taxprofiler:390646fb2f5fa170fbbe	train	585
taxprofiler:8fb23f11c0c90ef8b0e4	train	586
taxprofiler:40401107df7eb1072239	train	587
taxprofiler:22dd57922864e50a9d6b	train	588
taxprofiler:ef00ffe21b7a63e16c13	train	589
taxprofiler:18282e6f293402466d54	train	590
taxprofiler:d5c43f56db21b586145a	train	591
taxprofiler:18c6c614e681a09bc48b	train	592
taxprofiler:63fd58f3ec7c829fe12a	train	593
taxprofiler:268e8f9c25cb788839cb	train	594
taxprofiler:9f174d26d8b64970d95b	train	595
taxprofiler:5026f3224f45bbde8b90	train	596
taxprofiler:d656339adb7f9fa324e1	train	597
taxprofiler:bb65610bcb62459c090e	train	598
taxprofiler:7668dcd90562ad8ffbf4	train	599
taxprofiler:6a3d6330d4e5b13d7786	train	600
taxprofiler:c9de8511b5bceb4b047a	train	601
taxprofiler:190fd32b1b29a20080dc	train	602
taxprofiler:46dbbf3318365429113f	train	603
taxprofiler:4459ec29f08dcd8115e9	train	604
taxprofiler:1597ea031a133a4e35b3	train	605
taxprofiler:cee45bc2420dfdfe97e3	train	606
taxprofiler:0c6807dd81ac7640e46a	train	607
taxprofiler:8634a5ca93f7b6406ccf	train	608
taxprofiler:654844d55445b6edb40b	train	609
taxprofiler:972800571b1fabf5660e	train	610
taxprofiler:ecdc03476f4d075eae33	train	611
taxprofiler:91d5b180e48027fe5512	train	612
taxprofiler:912831ff4a2a60084f65	train	613
taxprofiler:3bc56cf2fb44b0d7a7f8	train	614
taxprofiler:2dd35a4f53d01dbefef3	train	615
taxprofiler:ce860eb6172dfbf45118	train	616
taxprofiler:897f33681c0813e0ea36	train	617
taxprofiler:2d9bf298dc0332cf38fa	train	618
taxprofiler:14f6c90d4cf845f39a63	train	619
taxprofiler:534bf20fe3ccdd97553d	train	620
taxprofiler:4c940de3a8796fd81f27	train	621
taxprofiler:c59808086d1dc61c9a8c	train	622
taxprofiler:5566751dc68fd1810620	train	623
taxprofiler:92ab5e2d67623beccf13	train	624
taxprofiler:f668ad2fc3897f99f905	train	625
taxprofiler:1e61b9858f12dee11b97	train	626
taxprofiler:109ef17cfaa3e906726d	train	627
taxprofiler:42af91d2575ecdbb891c	train	628
taxprofiler:9f3014785f5622ef70d1	train	629
taxprofiler:ab5ccc64fd2e07664a07	train	630
taxprofiler:74cf77bd3f40b110abd5	train	631
taxprofiler:f7a2b35d0ef4af35bfad	train	632
taxprofiler:8f33883c681e677ad915	train	633
taxprofiler:6ee6531e1a52821517e7	train	634
taxprofiler:e31340a52a4e11fa56e7	train	635
taxprofiler:e9e1b6fd7412ac4f28f3	train	636
taxprofiler:4f2d1fcf06a1761c40e0	train	637
taxprofiler:bf5fbb588c2fc3cbbc1d	train	638
taxprofiler:f76e97671ad4b5805650	train	639
taxprofiler:0f5490a1eab5574a20e5	train	640
taxprofiler:46e6e2fb646f3887f20f	train	641
taxprofiler:f769d566e4a9441d7437	train	642
taxprofiler:0f43acad941c164fc243	train	643
taxprofiler:af9b36f99212d082ebc2	train	644
taxprofiler:afa1f391a0ed8a006349	train	645
taxprofiler:53db3d36f5fe6669e563	train	646
taxprofiler:a15944feda9993d81d4a	train	647
taxprofiler:efb7268fa89f587bd62a	train	648
taxprofiler:7d33e64626b748a8d227	train	649
taxprofiler:0156c8d07fc6679272cf	train	650
taxprofiler:e25cab3ec20e527c55b9	train	651
taxprofiler:8521b2d892d009ee6e55	train	652
taxprofiler:9c4e340e5f5313b0af36	train	653
taxprofiler:787ec40d9ebbf5ac03a8	train	654
taxprofiler:e99a85fa05f528b0d5f4	train	655
taxprofiler:44e20175e1c100d17c82	train	656
taxprofiler:6a35336f826f4634a37f	train	657
taxprofiler:f0219e3172969178ff4a	train	658
taxprofiler:e1da96f22ee200d1386c	train	659
taxprofiler:76e4c5dbb1b57c5d4d59	train	660
taxprofiler:a74e67aaa6c3cb2dff6d	train	661
taxprofiler:7e12bbdfe3509ad690f7	train	662
taxprofiler:49442afe468f6d922373	train	663
taxprofiler:a05c5a9961a9ee48e46c	train	664
taxprofiler:1143445030452902aabd	train	665
taxprofiler:1cb9e538ab33881c8822	train	666
taxprofiler:30cd96489ba54d8b4545	train	667
taxprofiler:29c24b8a7c676d6cb6dc	train	668
taxprofiler:76ab82f534595f36cd61	train	669
taxprofiler:eb591ef9d1e1c80416f0	train	670
taxprofiler:8fe49d1e4a8a3ff0d2fd	train	671
taxprofiler:072fef15428c7c94b976	train	672
taxprofiler:73bae33a19e4e0f809b2	train	673
taxprofiler:167d5bea8288ee6f7db8	train	674
taxprofiler:91b69c2fe095b0348e20	train	675
taxprofiler:0552bd267bf6a58fdaf9	train	676
taxprofiler:bf04b58c05993332d8e5	train	677
taxprofiler:d3950ab45e3817daf883	train	678
taxprofiler:8245ee42c7572757bb26	train	679
taxprofiler:a9ec7b6bf7cbe2bcb444	train	680
taxprofiler:4b5331651358f495a0a2	train	681
taxprofiler:aeeb279b06c7c862e844	train	682
taxprofiler:b1fd09a26243bb06b6fa	train	683
taxprofiler:6d8c324c0d289b30f31b	train	684
taxprofiler:0b96602943782b201332	train	685
taxprofiler:491c38586a290fa47498	train	686
taxprofiler:8eaca446d594f352b6ee	train	687
taxprofiler:cdff3c812332609cf030	train	688
taxprofiler:a5936f2bf0393ed97cd7	train	689
taxprofiler:f88e208456adfbd38fcb	train	690
taxprofiler:945ab9f02303c7da6b5a	train	691
taxprofiler:ecb8db4a05331c9bb824	train	692
taxprofiler:566a3daeab2b2d9cfa08	train	693
taxprofiler:f6aeea208ec388066003	train	694
taxprofiler:81293e3f9c7c4a339895	train	695
taxprofiler:6896bab78eb8027f8af0	train	696
taxprofiler:0b8727474f91ecbc6721	train	697
taxprofiler:b923425bd48671f18513	train	698
taxprofiler:dbe86b99092e915fc192	train	699
taxprofiler:ec4a468c455e927150a5	train	700
taxprofiler:4304665bc90026139afd	train	701
taxprofiler:bc3aff44d16a32207d23	train	702
taxprofiler:b5516b3f0f4a0094fed7	train	703
taxprofiler:0d9ab25e501e42c45374	train	704
taxprofiler:4e29e211360161daad2e	train	705
taxprofiler:0d5024229e6be7eb80d3	train	706
taxprofiler:e08c53bc584975403110	train	707
taxprofiler:417332736f516e17d43b	train	708
taxprofiler:eda5a2060710dfd4319d	train	709
taxprofiler:7c8f25b774d33f264a6a	train	710
taxprofiler:4677a6265e4a823a1e0d	train	711
taxprofiler:a186dfbf7b82e2ef741c	train	712
taxprofiler:316fc7c1a4314d3101a4	train	713
taxprofiler:5cb546eff90eeeff165d	train	714
taxprofiler:2a8cb7feae41e4f1166b	train	715
taxprofiler:63f62f1eb8d243782678	train	716
taxprofiler:beefd62047edd10dc5b9	train	717
taxprofiler:32924495318a5291a46f	train	718
taxprofiler:1bb9bf8905c62ff25ff9	train	719
taxprofiler:ea50bfebd96c2c947b4c	train	720
taxprofiler:ca71b708c4d3a8923789	train	721
taxprofiler:fe8e004755fa4febed49	train	722
taxprofiler:ec3b96042ca3900f8393	train	723
taxprofiler:3ac264c651af1eea6d87	train	724
taxprofiler:3345ea49a62daea0f47f	train	725
taxprofiler:6642509fad666bf05cc8	train	726
taxprofiler:e42009ea50fd2746cf4d	train	727
taxprofiler:1ee4a26332b9c65d64bb	train	728
taxprofiler:f8ba0fdfe5f6a41a1275	train	729
taxprofiler:39ed11e4b26dcc8ee61b	train	730
taxprofiler:f80fcab95d18aa8eeeca	train	731
taxprofiler:226a3a044ca0584af533	train	732
taxprofiler:b6d594a7ecc5767fa181	train	733
taxprofiler:d615d8c0f61c260769be	train	734
taxprofiler:ece54c98acdc476e96f9	train	735
taxprofiler:d8c356ea136b27e8e37e	train	736
taxprofiler:55fb04bbaa59858c4983	train	737
taxprofiler:5db089e52088b075e367	train	738
taxprofiler:210eef65b4f9fa37d9b4	train	739
taxprofiler:c8821180c97752606bda	train	740
taxprofiler:a9343bc65e5853f5c186	train	741
taxprofiler:0b58d5f76c1eeb6def2e	train	742
taxprofiler:f481a553585d0bb96324	train	743
taxprofiler:4ca14ac68f466e31586b	train	744
taxprofiler:5201129c2d4c1049851d	train	745
taxprofiler:3f19fcc69168891aa702	train	746
taxprofiler:bd90684487f602b73219	train	747
taxprofiler:925d15d79aa526647b28	train	748
taxprofiler:1b440c40a3cfeb579319	train	749
taxprofiler:8f2b0128ea0fe3adcaaa	train	750
taxprofiler:c7a1c7dc5e9724cedcc9	train	751
taxprofiler:d7f320ad413225f46417	train	752
taxprofiler:cc9aaa494d0255969478	train	753
taxprofiler:aa5f8b8231043dc330b2	train	754
taxprofiler:476eb84e51e6fb616a29	train	755
taxprofiler:78700333bcb205b5ddeb	train	756
taxprofiler:ba4b6dfcf710876d25b6	train	757
taxprofiler:fa271eca7f97a6a9720c	train	758
taxprofiler:ac0b3f2e8b001e679c92	train	759
taxprofiler:db8153f47feb512ec956	train	760
taxprofiler:8e462cfde8689425fe40	train	761
taxprofiler:6174f79ba30a988ac37e	train	762
taxprofiler:7bf2f5e46dbdef062905	train	763
taxprofiler:14843ff3b4d2ea0ddc4b	train	764
taxprofiler:601f8275e3750dbe8ca8	train	765
taxprofiler:616559131ed063a7cc66	train	766
taxprofiler:e9c83810c71b5be3fc70	train	767
taxprofiler:7d8f68eda088cddd7f01	train	768
taxprofiler:4f7ae89efa53f6f424d3	train	769
taxprofiler:6fd6bd9ee55d596720da	train	770
taxprofiler:e41ebcb20f9ba966e026	train	771
taxprofiler:35b5eb35f67536d9d6a3	train	772
taxprofiler:341d6f6ffd6d4b89e4f1	train	773
taxprofiler:40876e8d64daeb5c3cab	train	774
taxprofiler:d14994965da08751263a	train	775
taxprofiler:7128071513ced0d908b6	train	776
taxprofiler:80b7f6d09d45fb5c4dda	train	777
taxprofiler:6b21dcf9d1f7b1781795	train	778
taxprofiler:520ce8a11b7fbfdc62df	train	779
taxprofiler:15e47dfcca4d0e47d967	train	780
taxprofiler:40e932f5150acc50b277	train	781
taxprofiler:097bed621336b9c298fd	train	782
taxprofiler:201b1d90fcacf38691b1	train	783
taxprofiler:190d386650dc25ab11a8	train	784
taxprofiler:46eee8e5df0c1ddec105	train	785
taxprofiler:f3bc5b02c085c496ee93	train	786
taxprofiler:411e9e493d82947a2cce	train	787
taxprofiler:dd3cd7f4297708697723	train	788
taxprofiler:a113159c386d831e6a83	train	789
taxprofiler:dedcf8a27e0b78fe1b24	train	790
taxprofiler:28cbd098d525ac11f8ac	train	791
taxprofiler:2b351b0a1d41e1668c98	train	792
taxprofiler:b412ebdd9c364354b7a4	train	793
taxprofiler:f39e5c94c549af6f1b96	train	794
taxprofiler:aa75adfd0ff0d7da8857	train	795
taxprofiler:efa08375dcb3b1a1b92c	train	796
taxprofiler:25790d1e1842de7d3d9e	train	797
taxprofiler:978fcac02632c0407cee	train	798
taxprofiler:b4a21ff8453076a8bedf	train	799
taxprofiler:81ca22df16cf45e6c73b	train	800
taxprofiler:a73b9338eac1521342f1	train	801
taxprofiler:f6efdd8106ea3eb3bedc	train	802
taxprofiler:528ba70a24fa11c722d8	train	803
taxprofiler:66081514342c4cd8783e	train	804
taxprofiler:2fe3d2a4ab54cc5891e3	train	805
taxprofiler:70abe30de58a8150baeb	train	806
taxprofiler:e53c22a7557d2ddc4733	train	807
taxprofiler:4dfd80650060fc963107	train	808
taxprofiler:cb05daa1bbca76c55b47	train	809
taxprofiler:caa3a54ebd81ff309b76	train	810
taxprofiler:119a61309dfe9f98c1b8	train	811
taxprofiler:cd622a24179f10b401d7	train	812
taxprofiler:4a62f29c248b0c36c225	train	813
taxprofiler:689cef00ec58fa4489a4	train	814
taxprofiler:b50008dd45189865f7e2	train	815
taxprofiler:c54f52fea3d89bf81a84	train	816
taxprofiler:be338cf625cadd988b01	train	817
taxprofiler:4347c2534bbfd1e00ef1	train	818
taxprofiler:2fd113cc3eea6eae5923	train	819
taxprofiler:b0dd24e9e9d4ec6a31aa	train	820
taxprofiler:19895e628d37daacc19e	train	821
taxprofiler:7c6f2d1cac8f064c1e73	train	822
taxprofiler:6cb08e76a06029d957cb	train	823
taxprofiler:8bedd2515ce3bc2e3ae7	train	824
taxprofiler:7e369f1be7388311d9be	train	825
taxprofiler:f93ba07726626408f91e	train	826
taxprofiler:3d77c3690682c7e06dfc	train	827
taxprofiler:9a48626d1eb0dae468a9	train	828
taxprofiler:76000f5a6503c8dff89c	train	829
taxprofiler:8605b1c369807e1d80c7	train	830
taxprofiler:bef6fe005c39a568c03f	train	831
taxprofiler:2cf33cfbc05dc5e80165	train	832
taxprofiler:0d935d26a2168874b13e	train	833
taxprofiler:6afba9a688eee274d059	train	834
taxprofiler:a7753dbbe0f415045a00	train	835
taxprofiler:789fb1627039cd84c0bb	train	836
taxprofiler:b71d88905c733f1c42fb	train	837
taxprofiler:b62e320a53b0d8afd093	train	838
taxprofiler:c8dd214d5a81c1538940	train	839
taxprofiler:c2f8c392b1ea6ac9df8b	train	840
taxprofiler:fe04bff9648778c7e6af	train	841
taxprofiler:1777277a5f6d994966fd	train	842
taxprofiler:c0e2f4ea96490551164d	train	843
taxprofiler:a12ebd671ad2627d75de	train	844
taxprofiler:0b3ccefa35056ba0d019	train	845
taxprofiler:5ecc928608a8103e8a78	train	846
taxprofiler:ce88d458c483cc7c2ef4	train	847
taxprofiler:95f33d2457555575fae2	train	848
taxprofiler:cd563cf4367ae3157115	train	849
taxprofiler:fffaf6f1aef680df9bd3	train	850
taxprofiler:1eabc54aa23272ff2581	train	851
taxprofiler:5d68726abfc02ee2ab41	train	852
taxprofiler:bf2ab734cc36fee0b771	train	853
taxprofiler:88f6718da2f3da088492	train	854
taxprofiler:8eca6b152dc678c54137	train	855
taxprofiler:1514cc1b08d39b260cd2	train	856
taxprofiler:76d6797a075a000b6aca	train	857
taxprofiler:24cdc07efb70476a8cb8	train	858
taxprofiler:85131f493650804a817d	train	859
taxprofiler:7c94d8f365ddd2ffeebc	train	860
taxprofiler:02d99db7bfd5a40c89a6	train	861
taxprofiler:9db22940a85f6544154b	train	862
taxprofiler:bf893e7a7f563f7e9570	train	863
taxprofiler:ecca21766a59bd7ef287	train	864
taxprofiler:9971a967afc6dd3276e1	train	865
taxprofiler:662e9718682eb13faa06	train	866
taxprofiler:77ebe4b36636c8a397c2	train	867
taxprofiler:970def902daa28fd3108	train	868
taxprofiler:4506f91923d3bba53511	train	869
taxprofiler:17dbcffe49637209dfb4	train	870
taxprofiler:bd8bc2f723c5ead03c24	train	871
taxprofiler:d52ca6116629de835aec	train	872
taxprofiler:a8bf5020be8ed90236ae	train	873
taxprofiler:ceb03a546736751c732e	train	874
taxprofiler:8fe5453142e5fde89f75	train	875
taxprofiler:d931b1212b7b3964a4d5	train	876
taxprofiler:cac9ef01a66441ecc6f0	train	877
taxprofiler:2196af9838a6c350f9f5	train	878
taxprofiler:3c0e5d0880ed9b8a654e	train	879
taxprofiler:f29fd2cab04c509c16a5	train	880
taxprofiler:04e0c0139b3bac19f77e	train	881
taxprofiler:d20ee172ab0b5ab70e31	train	882
taxprofiler:96af4a9cb5a122763617	train	883
taxprofiler:b6fea895e039f0ecaf56	train	884
taxprofiler:8416e77e8b0d701398af	train	885
taxprofiler:9e551b252e904d844fb5	train	886
taxprofiler:1dd6ef70d41dcb261cdd	train	887
taxprofiler:296dd970a8bf8a0a29fd	train	888
taxprofiler:9f6680556f4615f07f61	train	889
taxprofiler:038890faef2412787c5a	train	890
taxprofiler:86685d972231267d370d	train	891
taxprofiler:baaf6b6580e64ffd8a36	train	892
taxprofiler:6df7e966ac182fcff643	train	893
taxprofiler:b0e00d33e1ff58de594a	train	894
taxprofiler:89f681ad0ea01ac0610c	train	895
taxprofiler:04da16f0dec36f6781dc	train	896
taxprofiler:c8cfcefb99c2e633f3df	train	897
taxprofiler:db07d32487d2f91a2ef1	train	898
taxprofiler:d8e812789b49afdd6483	train	899
taxprofiler:60985c16a87a6ac44f30	train	900
taxprofiler:8f4220cc136a1c7560c6	train	901
taxprofiler:ac200d166c3279197544	train	902
taxprofiler:dd57bc2d27fb67556f66	train	903
taxprofiler:be0fa6bc0d01fe5ea674	train	904
taxprofiler:7d6579ba9164a5f582e9	train	905
taxprofiler:664ed93ae0512d7a76f2	train	906
taxprofiler:e24b178435ca42c5b90d	train	907
taxprofiler:07c753ddd6d925df449e	train	908
taxprofiler:e06ddd29133824849933	train	909
taxprofiler:310427d476a817ab9fec	train	910
taxprofiler:77e753505797d04447d2	train	911
taxprofiler:b5bb558df9d640126963	train	912
taxprofiler:a7a69e03284866f25ba3	train	913
taxprofiler:973e984e725979d1b544	train	914
taxprofiler:91f62fbbecc499546f41	train	915
taxprofiler:499e03782b6a9cec9fa4	train	916
taxprofiler:61523a91768dc4f5152c	train	917
taxprofiler:87038ba63231eb714c01	train	918
taxprofiler:fdbd0c69f249094a920b	train	919
taxprofiler:9d11f24f744ba1fdb575	train	920
taxprofiler:d8e2bc4817e515f6729c	train	921
taxprofiler:e18a85efc3edcc225fb7	train	922
taxprofiler:e50fee10343271ab4969	train	923
taxprofiler:ddbdc24a3d2768a1b0eb	train	924
taxprofiler:33c517b6fc8621e066e5	train	925
taxprofiler:c06643ef1fd9331b471b	train	926
taxprofiler:3dea5bcb1ca47727c872	train	927
taxprofiler:2b8d3438a2455d05af48	train	928
taxprofiler:3823530980c4f3acd26c	train	929
taxprofiler:a5125faacc83fee32ed1	train	930
taxprofiler:f4bfd623774c3c6d50fb	train	931
taxprofiler:70eae640a5bb371fd396	train	932
taxprofiler:12bef797b6bd8fa4c264	train	933
taxprofiler:12d473e89eeb88f483d2	train	934
taxprofiler:4beb5f97d63b42a5249d	train	935
taxprofiler:8369226942eafb83c375	train	936
taxprofiler:3e15d42263073e6ba1b7	train	937
taxprofiler:ce90485830f711a7350a	train	938
taxprofiler:11f69261b01d65845a11	train	939
taxprofiler:cdbd92bc8861512ea3d4	train	940
taxprofiler:ed5dce347552b729b28a	train	941
taxprofiler:38a5a16873ddc39270d1	train	942
taxprofiler:a3c31b03c1538328426c	train	943
taxprofiler:0e25c191e9400712a96c	train	944
taxprofiler:e39bb7bb0bb82050e196	train	945
taxprofiler:c75b36d9e1fddb3b7e8e	train	946
taxprofiler:be21f2ebf8e3ef869312	train	947
taxprofiler:2f5948b08f16664965e9	train	948
taxprofiler:ce78b60d9b9a2c7ad112	train	949
taxprofiler:e8ab6aef06e5e72f1813	train	950
taxprofiler:04f582eb9a9755861745	train	951
taxprofiler:2a026435b4b113a72c0b	train	952
taxprofiler:ff83f333089a35927cfb	train	953
taxprofiler:270bc453d2bef6959180	train	954
taxprofiler:b578de323e4269b1f665	train	955
taxprofiler:9e7616d8dcd40b51468a	train	956
taxprofiler:f754f266fc7a4ca9531d	train	957
taxprofiler:5d5a2787713edd206473	train	958
taxprofiler:dc493f7e34dcdac74b64	train	959
taxprofiler:affcc111f45f643dd50e	train	960
taxprofiler:7e5848daaf61996f39f8	train	961
taxprofiler:272c41a2a03bf97ef755	train	962
taxprofiler:ec9fa968a4623cd83980	train	963
taxprofiler:c034c670bebe018c51a0	train	964
taxprofiler:fdbc2e9b8209f6f19978	train	965
taxprofiler:37e70a9f2caebce14bed	train	966
taxprofiler:b66a096d5e83e39ee593	train	967
taxprofiler:7333effaa276decd27a1	train	968
taxprofiler:448c516b2eec7a639e4e	train	969
taxprofiler:8a3f70b1388a3ecad39f	train	970
taxprofiler:60e271f4a19044b8367e	train	971
taxprofiler:77ffb5d49a79095db6cc	train	972
taxprofiler:dfd3d12f3e608c82e9b2	train	973
taxprofiler:34501d7d91559aef16f6	train	974
taxprofiler:cd0b540a817f5ca54156	train	975
taxprofiler:a49becbdcbde948c1d45	train	976
taxprofiler:f78d68da5dc231de6c53	train	977
taxprofiler:e6b7cac1adc14a549777	train	978
taxprofiler:c04bc3942bd820e85196	train	979
taxprofiler:488b2ec6fbbc88a55b24	train	980
taxprofiler:507fa366d9413efc7565	train	981
taxprofiler:56c9cd2941e5824c2677	train	982
taxprofiler:4c884d9249cd934f93e5	train	983
taxprofiler:d46b45478f8126d65a66	train	984
taxprofiler:c4f045def355a1bc5cca	train	985
taxprofiler:7b4f9a610a06184398ff	train	986
taxprofiler:9c2aac016cfa673f1255	train	987
taxprofiler:29ed82b41b755a6c4716	train	988
taxprofiler:7b8b4c6092358e19b439	train	989
taxprofiler:9a7d6216c021160709a4	train	990
taxprofiler:ac57d214ade0f1ddc8a4	train	991
taxprofiler:647f397f9294796d49d0	train	992
taxprofiler:d9ccbe4793662a657ce8	train	993
taxprofiler:765be473c09139290beb	train	994
taxprofiler:cad07da9d2e81e4812a0	train	995
taxprofiler:17c213fa34a7c4bc2bbb	train	996
taxprofiler:75885f19a70410b87d82	train	997
taxprofiler:67f029da6455f85484d7	train	998
taxprofiler:d319ea446d2a66be1a10	train	999
taxprofiler:eacfc819f46fd8b71654	train	1000
taxprofiler:b64f1a9dfd60053000c6	train	1001
taxprofiler:911928b7113d89d79e38	train	1002
taxprofiler:1dd67782616922040cd6	train	1003
taxprofiler:a92609861c0f9f51e463	train	1004
taxprofiler:12a8e5fdfade95a23f36	train	1005
taxprofiler:b5070f3fe852d3ad3cc2	train	1006
taxprofiler:b237d528c305d587103f	train	1007
taxprofiler:38f5ee3f72a31824ef3c	train	1008
taxprofiler:bc80214e2602e0565491	train	1009
taxprofiler:ac753108653fdabbefe8	train	1010
taxprofiler:1105144b9aaa1325c170	train	1011
taxprofiler:f84ef5bb2149272b109b	train	1012
taxprofiler:caddb1594460ea68ecdf	train	1013
taxprofiler:ea222923a32652440ff8	train	1014
taxprofiler:f7f817d2d352f3dbeaae	train	1015
taxprofiler:6da11b8fd58512adb0da	train	1016
taxprofiler:c049cec549a39e7fdc18	train	1017
taxprofiler:6b1fbdb7b4c269f19a98	train	1018
taxprofiler:b78f822e3badbce78c8d	train	1019
taxprofiler:65af4c097a3c62074df2	train	1020
taxprofiler:021370d2366cf19ad17b	train	1021
taxprofiler:e196b6aacc26a8dffb3a	train	1022
taxprofiler:b003cfaa3575b4041645	train	1023
taxprofiler:913007e9290d8d58a26c	train	1024
taxprofiler:642c0d93f6538f206d95	train	1025
taxprofiler:82e0fd5fdabdee8c6d45	train	1026
taxprofiler:987095583bbe043698d8	train	1027
taxprofiler:e93138004e3e2915e12f	train	1028
taxprofiler:e033ea01c0ba4d885903	train	1029
taxprofiler:b30d95b95b1a46d7f5af	train	1030
taxprofiler:f9e833a6ef313141b777	train	1031
taxprofiler:e5b73492241742f9158e	train	1032
taxprofiler:3780fffd0cdd1855581f	train	1033
taxprofiler:1cfa09ec057ee0783a7b	train	1034
taxprofiler:b751a0d95d07181cdd77	train	1035
taxprofiler:250418592388c6486f7d	train	1036
taxprofiler:821abff80d8757ae93da	train	1037
taxprofiler:240dc3cffdee74f5839b	train	1038
taxprofiler:320b32cb3809122aa6ce	train	1039
taxprofiler:3b9fe2f249043aa7a5d6	train	1040
taxprofiler:287265ea923e6d178342	train	1041
taxprofiler:6d85b20f755edc2064b3	train	1042
taxprofiler:89d51938f3a742db5e35	train	1043
taxprofiler:28938a9d783c3224a14a	train	1044
taxprofiler:6814ea86c7e891f74a7a	train	1045
taxprofiler:f89b5b3aa65c43d2989b	train	1046
taxprofiler:1974a1a6bb1eab07ea92	train	1047
taxprofiler:dad0312ac4665b6fc1b5	train	1048
taxprofiler:b592e93f1b6116a5abf3	train	1049
taxprofiler:6efc1f0c4e6fa908fca1	train	1050
taxprofiler:4915effcaee2c8e9b4b1	train	1051
taxprofiler:dd4297f7e8969a25396c	train	1052
taxprofiler:3c9e35eaccb00f9c172d	train	1053
taxprofiler:a64c8cc5f563112bc8f6	train	1054
taxprofiler:50d3d93e481e11262604	train	1055
taxprofiler:67b1af0b2f424c71f006	train	1056
taxprofiler:095aad787df28cb8b0cf	train	1057
taxprofiler:8095242714bb7f615035	train	1058
taxprofiler:c0ada100cd979ad24690	train	1059
taxprofiler:ab43b0e2776e64d0ac34	train	1060
taxprofiler:05149ca95137788263bb	train	1061
taxprofiler:695a6911cd73308e228c	train	1062
taxprofiler:1f2010bffcd09d429118	train	1063
taxprofiler:8e7102a23066f962378f	train	1064
taxprofiler:0aa508de34f29d776b36	train	1065
taxprofiler:ca4da3ac0b8c7a4f9dc2	train	1066
taxprofiler:d0eb44bfb391eb7c78b4	train	1067
taxprofiler:e5587bdf5adba39b4a0c	train	1068
taxprofiler:617a426f8f1276c9efe0	train	1069
taxprofiler:81ad535fefd3ae6c84e4	train	1070
taxprofiler:a04707e035ff498c6475	train	1071
taxprofiler:f9f1dcc14cf4b35884ab	train	1072
taxprofiler:700e5cf1f5cf982fcdbc	train	1073
taxprofiler:191feaf92ef42cb5eeba	train	1074
taxprofiler:3863b7177646d9de4b9d	train	1075
taxprofiler:cc2c07037bd085504ee4	train	1076
taxprofiler:e1c2d9231728c84a153c	train	1077
taxprofiler:71f0b6d538a56dd20a04	train	1078
taxprofiler:8b7419ac807733d8f3c8	train	1079
taxprofiler:7e51482a395119559994	train	1080
taxprofiler:29763afc2f6962774785	train	1081
taxprofiler:3631eb4cd820be02b34e	train	1082
taxprofiler:08c35cda093429378831	train	1083
taxprofiler:d4c9316e27c687322bb9	train	1084
taxprofiler:155f120bc3a8473febbb	train	1085
taxprofiler:06185825849f3d2b3e67	train	1086
taxprofiler:0378cc8f9ebcc1f95b80	train	1087
taxprofiler:e856bc0bb56715891578	train	1088
taxprofiler:9e67cf8ad79540b53fee	train	1089
taxprofiler:9dafdb988bc2abf54a65	train	1090
taxprofiler:7e51b89cdccf07973a39	train	1091
taxprofiler:4775a9f4fa83eed4e899	train	1092
taxprofiler:ddb7a4acfe03930d4706	train	1093
taxprofiler:e69a7052e52a54f2a603	train	1094
taxprofiler:d27717dd964b30af02f9	train	1095
taxprofiler:c2d656b405d9de8df508	train	1096
taxprofiler:aebacd9fcbd560e32168	train	1097
taxprofiler:e14c8649b01c906bae57	train	1098
taxprofiler:733f9b4211d6bb7405bf	train	1099
taxprofiler:d625c00f6982a3305b61	train	1100
taxprofiler:34b86196f7da57c48ac4	train	1101
taxprofiler:a393bb3e6d3b5fa06733	train	1102
taxprofiler:487d550e7d070f90976f	train	1103
taxprofiler:b6ea5ac3f1811ca75552	train	1104
taxprofiler:138650809127b3fe293e	train	1105
taxprofiler:b81e0485b0320c5f9dbf	train	1106
taxprofiler:2455b828017740395d8e	train	1107
taxprofiler:e59b73da56b06c56bf73	train	1108
taxprofiler:2c1b1fea08c915439924	train	1109
taxprofiler:f36d122b9982ec7f7630	train	1110
taxprofiler:e7c31a245c1fb6a6c65f	train	1111
taxprofiler:2f492c71dc86325522b0	train	1112
taxprofiler:f42bf23db92deefdc0de	train	1113
taxprofiler:a3e406018b8cf4d37945	train	1114
taxprofiler:04856650939fc488c801	train	1115
taxprofiler:04494ff0f2daeb074f9d	train	1116
taxprofiler:7892d1fdc835f251ea92	train	1117
taxprofiler:b68f0fc31b3e86b41dfc	train	1118
taxprofiler:62e09b1de2137939e8a1	train	1119
taxprofiler:2b331a1d19937d172dff	train	1120
taxprofiler:cb5430fc94e074373b6f	train	1121
taxprofiler:70e4dfaf5a112a51f1d8	train	1122
taxprofiler:9c2fd671d1249af9b348	train	1123
taxprofiler:b5b20506150e27a4fb40	train	1124
taxprofiler:9b11fc6a73b362a32a4d	train	1125
taxprofiler:1685adbe1727013863b7	train	1126
taxprofiler:5ee2a842bcb9683c49db	train	1127
taxprofiler:f1aa4b929295c1f25a98	train	1128
taxprofiler:78df644f8aada4f9e921	train	1129
taxprofiler:b9cf7bd6b8ddb4f8432d	train	1130
taxprofiler:1c7d50547f37a9ca0581	train	1131
taxprofiler:697dd2e85688c8b5be2a	train	1132
taxprofiler:c032fc3d62d9eb64d637	train	1133
taxprofiler:8164818e899e9886f6c7	train	1134
taxprofiler:880e9a35a59d51ece92c	train	1135
taxprofiler:e36f2252612297da46f4	train	1136
taxprofiler:5a759063ec0d338811bb	train	1137
taxprofiler:f2157dcfb002a1591b60	train	1138
taxprofiler:a4714cd68445b7871ffb	train	1139
taxprofiler:94ca6f307655dc963cd0	train	1140
taxprofiler:be327cd7f49f42a69593	train	1141
taxprofiler:32abd7a68b9bc883ae9f	train	1142
taxprofiler:e870656d70fa64badea4	train	1143
taxprofiler:904ef828ebce2e1b3e4d	train	1144
taxprofiler:d80336d23c44c42e8ff7	train	1145
taxprofiler:c9eeb8b83348828cbc24	train	1146
taxprofiler:6c02a680123b722b98e6	train	1147
taxprofiler:8382ae64618e85132622	train	1148
taxprofiler:8b443be01b60c3541640	train	1149
taxprofiler:c31724e0816cab3e2ae0	train	1150
taxprofiler:6d999ccdc7b40159fab9	train	1151
taxprofiler:1f80cf29ed29d9637b06	train	1152
taxprofiler:534b7f442c91f5663b3a	train	1153
taxprofiler:9c2aba1d491256bca8f9	train	1154
taxprofiler:fe54b36326f1abb44e31	train	1155
taxprofiler:a8346c79d58114f2e5e6	train	1156
taxprofiler:1eaaa10f2b2cfbf4603c	train	1157
taxprofiler:31e6bf36098c39a1f26e	train	1158
taxprofiler:9d6e0aefbd63aa11f492	train	1159
taxprofiler:b5b6b74168c8eeb16b2b	train	1160
taxprofiler:aed1cbd36f94b7f37995	train	1161
taxprofiler:84d1a150abffb57b19b2	train	1162
taxprofiler:6da9c2efccdec4ba76b1	train	1163
taxprofiler:2322f565c8e666195a71	train	1164
taxprofiler:0a885ab2f892e9477e6b	train	1165
taxprofiler:3e4fcdca8e0db5d1cf39	train	1166
taxprofiler:0609be9775ed3dffc23c	train	1167
taxprofiler:9986e6aaa84cdb9e0582	train	1168
taxprofiler:74b97e2c0faf52ae6efe	train	1169
taxprofiler:9a831aa59004ab128d1a	train	1170
taxprofiler:433a9115ddc24981896f	train	1171
taxprofiler:55d871fde21194f8fc27	train	1172
taxprofiler:ca33438911bac6e365a0	train	1173
taxprofiler:e54cc5630e916f664fb1	train	1174
taxprofiler:6438c632e54b4e85b21b	train	1175
taxprofiler:567a4de634b88fbd42d9	train	1176
taxprofiler:0d667590bb137187c91c	train	1177
taxprofiler:45d1eb0ac596b942526b	train	1178
taxprofiler:e33d5cb0fef714251cb9	train	1179
taxprofiler:16d278634a81a0388eff	train	1180
taxprofiler:ffdaddf9395597d57630	train	1181
taxprofiler:a90f4d6bff59c9b76cda	train	1182
taxprofiler:311b74c87d7ef493a000	train	1183
taxprofiler:698b95c65ca081959b58	train	1184
taxprofiler:27c72ff851d043b66510	train	1185
taxprofiler:d95587de2f4dd14a5d49	train	1186
taxprofiler:3daba1e4363a1ded428a	train	1187
taxprofiler:f6c8c1bd89d00e26827a	train	1188
taxprofiler:e274cad38828a6184c1f	train	1189
taxprofiler:ce40efcf9641e1217f0e	train	1190
taxprofiler:92516668f780ad35e84c	train	1191
taxprofiler:c93dbe3cc45f04177611	train	1192
taxprofiler:dc1fd4a515e26ef8d3af	train	1193
taxprofiler:6a177be309a90e508d11	train	1194
taxprofiler:8ebf7266db7cb604a661	train	1195
taxprofiler:b92ed36e0b4a212da875	train	1196
taxprofiler:dfe55a14b468cf35549b	train	1197
taxprofiler:da9cd2c007716e1f8cd7	train	1198
taxprofiler:a9c61e32d21d7af6d08b	train	1199
taxprofiler:297c4a656b6198305594	train	1200
taxprofiler:36c6f8affc18b4279a5a	train	1201
taxprofiler:8efa955880e60dd59c9e	train	1202
taxprofiler:bae2771491c05bfcb751	train	1203
taxprofiler:d8f72913881e799f36ac	train	1204
taxprofiler:fe443368205bf1156b3f	train	1205
taxprofiler:b28c2eb056ad4a41a8de	train	1206
taxprofiler:77916ba2ab3d96672712	train	1207
taxprofiler:8729238feb52ba026375	train	1208
taxprofiler:b47148a5dbb1817cad5d	train	1209
taxprofiler:96e8fef38de16cd9e081	train	1210
taxprofiler:5f68093272ce1feac41c	train	1211
taxprofiler:6f8375075665a753245c	train	1212
taxprofiler:e472fd2d74db00fae171	train	1213
taxprofiler:a085ac3187a98dde054d	train	1214
taxprofiler:acab50a6957014a5ae79	train	1215
taxprofiler:5abe8c807d54d1fb464a	train	1216
taxprofiler:d98ac05dbafdd2663b5c	train	1217
taxprofiler:00996b661a4e4c63f08c	train	1218
taxprofiler:9bc1e8ca27a998315f6e	train	1219
taxprofiler:dc884ad1074e03bc86af	train	1220
taxprofiler:3d63f8b425381ea09c47	train	1221
taxprofiler:d376529b210d8a5370da	train	1222
taxprofiler:6b2ce2df2a4892047b62	train	1223
taxprofiler:e23b2a765f0d2dc8bc15	train	1224
taxprofiler:83d7d4d455c16eecd1e1	train	1225
taxprofiler:ceba2080ea9b2e977fd0	train	1226
taxprofiler:e8c09f745b1083be7391	train	1227
taxprofiler:c5fc847d0a90633fbf37	train	1228
taxprofiler:7e96738543a1dd7f3010	train	1229
taxprofiler:90b82c36f9b6263b8cb7	train	1230
taxprofiler:02d864f53e01ac1a6b03	train	1231
taxprofiler:29c30806423e66999c66	train	1232
taxprofiler:fcba721c85835b520f8e	train	1233
taxprofiler:e49c72a049fb13561854	train	1234
taxprofiler:ea8e44c6c6dc54775d70	train	1235
taxprofiler:2fcb12c81369b14ca9ef	train	1236
taxprofiler:231a07340132ddfee75e	train	1237
taxprofiler:1370a1c63e44905f8b11	train	1238
taxprofiler:cf844c0043ada54226be	train	1239
taxprofiler:bb5c0a7fe793a6211a30	train	1240
taxprofiler:3059ca8970d11e8f5a09	train	1241
taxprofiler:49a9ab9794c8e30a7de1	train	1242
taxprofiler:be0f77dea4f4cf924597	train	1243
taxprofiler:4ab286633e486471732a	train	1244
taxprofiler:09ce07288ac643784175	train	1245
taxprofiler:f0b5a83b7e1a6f15851f	train	1246
taxprofiler:91cb7b4b588e76fd5e34	train	1247
taxprofiler:1351bd0a5357b35c3c91	train	1248
taxprofiler:2f9d8a88764f1dac867f	train	1249
taxprofiler:5729e17bb70a99b07912	train	1250
taxprofiler:de61816d814b430083c7	train	1251
taxprofiler:48e948db4d519c199ff5	train	1252
taxprofiler:258d5cedf3475229aa13	train	1253
taxprofiler:a49dc3f6d9071364fc59	train	1254
taxprofiler:7f6ec834acce0f3a58f0	train	1255
taxprofiler:3a03008abb5c213b60e8	train	1256
taxprofiler:a3a134b98463565e976f	train	1257
taxprofiler:6c2fcecc6c9ccf19826f	train	1258
taxprofiler:c30d7eae6cff822aa769	train	1259
taxprofiler:ff163559df0e312b1dc9	train	1260
taxprofiler:011aa7c12dd85b727e6a	train	1261
taxprofiler:83bdc7da74437ac8bfc8	train	1262
taxprofiler:eb97e49c2c1e5e3c5c17	train	1263
taxprofiler:f34855be16223d5174c4	train	1264
taxprofiler:4c3ec7c710441539a418	train	1265
taxprofiler:f1a304aa54e8cc0315c1	train	1266
taxprofiler:52f9873ca22ab1be2f8c	train	1267
taxprofiler:9b6c1850a16bfb6e80aa	train	1268
taxprofiler:fd2ea3f1ef5de6e3f740	train	1269
taxprofiler:0ac67ec0ee726b198d24	train	1270
taxprofiler:0bd365583f86cb8d6432	train	1271
taxprofiler:09224a9df197cc666b82	train	1272
taxprofiler:c19da1ef089cc2c0ed1d	train	1273
taxprofiler:7f1b2f9e778b11d90ee7	train	1274
taxprofiler:d769040d1eb1b175aaba	train	1275
taxprofiler:2dab886a96e8efbb49a8	train	1276
taxprofiler:167669e1cdce05f5d42a	train	1277
taxprofiler:8786c5fa38f2a074fbfb	train	1278
taxprofiler:80e454603f00af726817	train	1279
taxprofiler:627fcff5454a91bbcdb5	train	1280
taxprofiler:5c3cd3f9d1cef04ba1b5	train	1281
taxprofiler:9d52dea6f6b00743706d	train	1282
taxprofiler:ea2f1f8ed734dcd86c83	train	1283
taxprofiler:544b4c3d197fce370cef	train	1284
taxprofiler:a1ff9b7d81f02a05e8fd	train	1285
taxprofiler:cfb572effccd6792a42c	train	1286
taxprofiler:7d10c96a7f7781e318ae	train	1287
taxprofiler:a5437bca97bfb920e709	train	1288
taxprofiler:112ad42693fdbb1009ed	train	1289
taxprofiler:0386b38dd61a53d8635e	train	1290
taxprofiler:ee3688875b42adab49d0	train	1291
taxprofiler:fb932b211f46ea2ff441	train	1292
taxprofiler:3dd92302978351149d63	train	1293
taxprofiler:4844e0d5b0b6e7c3e67b	train	1294
taxprofiler:043a6b806fa06f2790e6	train	1295
taxprofiler:7e077a09e6dcfc592f54	train	1296
taxprofiler:6c435c2d5d4c8bf5af1b	train	1297
taxprofiler:e27ee3610a6c85011d3c	train	1298
taxprofiler:3f41011242d491a3c995	train	1299
taxprofiler:06b236424623814678d3	train	1300
taxprofiler:f911932c8b46d724f9d8	train	1301
taxprofiler:9e58bfe52c4ccede6391	train	1302
taxprofiler:e9fd70c485cc5c236a51	train	1303
taxprofiler:7cd10ca766a95090c518	train	1304
taxprofiler:edb51b5c1c0b00ee1bf7	train	1305
taxprofiler:11958fbaa1cc0c14c54a	train	1306
taxprofiler:37399a402846ae14f5fc	train	1307
taxprofiler:cff2948013c588244239	train	1308
taxprofiler:fd4d45f71cea77cfa558	train	1309
taxprofiler:b8b688f98da597244ecd	train	1310
taxprofiler:f75f3ad7d437a1e47bfd	train	1311
taxprofiler:8d76e89191680bbe2fa4	train	1312
taxprofiler:e0f696a591aab2921056	train	1313
taxprofiler:b013be7cb7113fef1d04	train	1314
taxprofiler:bd56abb8df39fd3d7d98	train	1315
taxprofiler:02b6d993cf9d180f325a	train	1316
taxprofiler:76249fb62950b16d57bc	train	1317
taxprofiler:367f6377467b2dec7784	train	1318
taxprofiler:b8f1ba3e118ebddfe26b	train	1319
taxprofiler:54ef8140eb36da13f8f6	train	1320
taxprofiler:67c9aa4d54b4de5efd4c	train	1321
taxprofiler:f87767524dbb4175fad9	train	1322
taxprofiler:fae0d982b06df5fddd57	train	1323
taxprofiler:3b2dbfa218f2ebef08d5	train	1324
taxprofiler:5db51285fd212161e2a3	train	1325
taxprofiler:6650f40d5815779a127d	train	1326
taxprofiler:4c3649fdf6238cd17963	train	1327
taxprofiler:9baefc0f2c0e03ed3d0e	train	1328
taxprofiler:5812db846e22da3d5d35	train	1329
taxprofiler:530981c940d843aec425	train	1330
taxprofiler:f0ca2d25f5ba5fac0866	train	1331
taxprofiler:4268e422241af9ac04ce	train	1332
taxprofiler:18773ce76c20b4a81d84	train	1333
taxprofiler:fe8445e790b16875d543	train	1334
taxprofiler:be5827a8adeacdf4a677	train	1335
taxprofiler:bc7c7f3de5324a787809	train	1336
taxprofiler:3c6e02e6aa0419e0a31f	train	1337
taxprofiler:f3fefc49746cd1a373a1	train	1338
taxprofiler:514ebf1e34bb4533016c	train	1339
taxprofiler:714c3896f93972a998f4	train	1340
taxprofiler:bcd9541987181d954f68	train	1341
taxprofiler:7494580cc263767358af	train	1342
taxprofiler:1967eaa78385ca717682	train	1343
taxprofiler:7b3498dda88ace9d8e00	train	1344
taxprofiler:a58c37d3ce1f3e0f64e1	train	1345
taxprofiler:285a57bd34941cd7d203	train	1346
taxprofiler:259766234ca10faa84e9	train	1347
taxprofiler:6fd72080257b718a222c	train	1348
taxprofiler:fb741340f44d139e0f67	train	1349
taxprofiler:4ba5761061fe5ebb5079	train	1350
taxprofiler:223329bdfdb4c224f17d	train	1351
taxprofiler:f1219696ef5a94bde533	train	1352
taxprofiler:ca2fe657a3b2f7dce561	train	1353
taxprofiler:5edc8363dfbb4e289177	train	1354
taxprofiler:0cdcde627be0547e9c02	train	1355
taxprofiler:2ffc028065959bee94b3	train	1356
taxprofiler:5a22a776086f9fa60351	train	1357
taxprofiler:ec5e74df3ad90e0e9fd4	train	1358
taxprofiler:d0496e3125c7d157d5e7	train	1359
taxprofiler:e3737188230a3de86246	train	1360
taxprofiler:791feeaa21c17c7e3035	train	1361
taxprofiler:ebd023aefa87df8b7ba4	train	1362
taxprofiler:80464a3630811c984452	train	1363
taxprofiler:5fc1b5a059a340710c93	train	1364
taxprofiler:7e6223bf9abbe5b7612d	train	1365
taxprofiler:62ee13f5838b2307eabb	train	1366
taxprofiler:60aaac154c3d553aa26c	train	1367
taxprofiler:135a6b9cee5c924ad245	train	1368
taxprofiler:b9b629abc9e170fa47e8	train	1369
taxprofiler:ed2d279612688129f8d4	train	1370
taxprofiler:bee60ad4ed6209fff9d5	train	1371
taxprofiler:c7d4eedc94d9d6911dc0	train	1372
taxprofiler:3822bc44baeb6ce85634	train	1373
taxprofiler:d9b57f7040575abca501	train	1374
taxprofiler:58c72de5713b771c3579	train	1375
taxprofiler:54069d23add079b0c541	train	1376
taxprofiler:16a99f75db76292172be	train	1377
taxprofiler:f1daa68065affd3da490	train	1378
taxprofiler:da3b2723ab174fc70331	train	1379
taxprofiler:3ae9fdd5464cc87266cb	train	1380
taxprofiler:e46ffb06a10f9fde4a22	train	1381
taxprofiler:5d471213b2f90482c3b9	train	1382
taxprofiler:0a33aae8c79dea6a1801	train	1383
taxprofiler:1335817d818b1acbefda	train	1384
taxprofiler:56ca76df4e65bfbfa66e	train	1385
taxprofiler:a97b6a9db8f7fb8bf1a6	train	1386
taxprofiler:34c584f17271c57ff8c9	train	1387
taxprofiler:604668f4a85d3dc5ba03	train	1388
taxprofiler:52d034ccb3a293de0f8f	train	1389
taxprofiler:9ca09b8ece7d92b2871f	train	1390
taxprofiler:2fe261d6d6c718f91a18	train	1391
taxprofiler:bb974b8e8443717ffcef	train	1392
taxprofiler:367079b299f5a6ec6d08	train	1393
taxprofiler:4c7f488f0712ab7eb7c8	train	1394
taxprofiler:f40c2f7c3876d688224a	train	1395
taxprofiler:52635122b453bc6e3914	train	1396
taxprofiler:9d528e1ba14734206111	train	1397
taxprofiler:710290f3654a082069d7	train	1398
taxprofiler:05cdd0bf209055770c3a	train	1399
taxprofiler:bae0827383177d427477	train	1400
taxprofiler:eef6e4dd6a93b22469d3	train	1401
taxprofiler:a64f04306041f6a175e2	train	1402
taxprofiler:1a313494e742765bf395	train	1403
taxprofiler:28b6e6f3eea6c8e06903	train	1404
taxprofiler:66ecece75dac5fcbbfef	train	1405
taxprofiler:ce35d6ef57805ed1ab7f	train	1406
taxprofiler:e67b2b1a64484f444470	train	1407
taxprofiler:4b0126e4ad67d90d1c3a	train	1408
taxprofiler:74fab3c8bca56da9e481	train	1409
taxprofiler:b400c2408f664c095572	train	1410
taxprofiler:edce9bee7acb1db7fc5f	train	1411
taxprofiler:3573b64b7e66f6454261	train	1412
taxprofiler:ae3f1b1ff40fa8722e44	train	1413
taxprofiler:988e74dfe95c7dbbe60d	train	1414
taxprofiler:ce00db9223e36ab64e9f	train	1415
taxprofiler:23ab1ae9ef74b3549700	train	1416
taxprofiler:dd1260e68cea7c707fb8	train	1417
taxprofiler:58b7ecdb5fe317159945	train	1418
taxprofiler:d4dcfd452b05c06d8f8f	train	1419
taxprofiler:8f68a30ef0bc61f7d975	train	1420
taxprofiler:d238fd7ed9e6ad9fd17f	train	1421
taxprofiler:9e958f3ca3bef9e1e08e	train	1422
taxprofiler:76af24365b3234a64410	train	1423
taxprofiler:941adca378687da90b6d	train	1424
taxprofiler:b0577f1ada0c2277ab14	train	1425
taxprofiler:bd2ee4d45e6cf5b0fd0a	train	1426
taxprofiler:a894490a143f576e4643	train	1427
taxprofiler:801ff2ed51c8742e4bfb	train	1428
taxprofiler:6589f5c82e31a1f553ba	train	1429
taxprofiler:1220ef8a82296571d223	train	1430
taxprofiler:6592468d4fa54bcd9db8	train	1431
taxprofiler:c468d2b962a7bcdd1bf3	train	1432
taxprofiler:1099caa0f754ee7809f3	train	1433
taxprofiler:7a44ca222d87071699b1	train	1434
taxprofiler:0e41e268dccc0ccd4e33	train	1435
taxprofiler:22c455a418a48cc3380e	train	1436
taxprofiler:f56c971836ee9ab12a79	train	1437
taxprofiler:c93e1afca084e74559ed	train	1438
taxprofiler:2007d80b23a28116dc93	train	1439
taxprofiler:c0dca9e14368339232e5	train	1440
taxprofiler:d72f23e8781443b827ae	train	1441
taxprofiler:42244a50eb0a6b971796	train	1442
taxprofiler:e021ac36c735e61a19b6	train	1443
taxprofiler:3502ffda7d9918567add	train	1444
taxprofiler:1f79ac0463f1e8e7844e	train	1445
taxprofiler:14e8eddcf500bb4cc76d	train	1446
taxprofiler:19300d5208a774c7ebe8	train	1447
taxprofiler:f3927c3506728e68457f	train	1448
taxprofiler:7c20e092ecdbe1ebcdd3	train	1449
taxprofiler:7b2f42acd04b4f680d19	train	1450
taxprofiler:94b112b4a5949f33ac4c	train	1451
taxprofiler:2dc370b622c151cb2b0b	train	1452
taxprofiler:3a2f98265c82e3ec7d53	train	1453
taxprofiler:947ad856c2c7d15a65c5	train	1454
taxprofiler:41849a0c5127feea1b9a	train	1455
taxprofiler:9f9605c26af069abdee3	train	1456
taxprofiler:40d9a894594eaf398c70	train	1457
taxprofiler:52a885963798475ea7ea	train	1458
taxprofiler:a1bdeeb0e40d09a11907	train	1459
taxprofiler:e1379a15acced0f022fb	train	1460
taxprofiler:ddbbea11bfbaea98e487	train	1461
taxprofiler:aba1493a29857a287770	train	1462
taxprofiler:96fc2ddb04b9af45fe68	train	1463
taxprofiler:7823aed1eff70d97d106	train	1464
taxprofiler:ef17d8438975d5691f0f	train	1465
taxprofiler:24231a06f01e2eb19ecb	train	1466
taxprofiler:61d45d0f241e088a1385	train	1467
taxprofiler:c6366ab84ad791bdcf87	train	1468
taxprofiler:a856f28935b04de4d09a	train	1469
taxprofiler:d3e8fe1ba0fdacbb6af3	train	1470
taxprofiler:f1d95856c8091aef0e28	train	1471
taxprofiler:63de4c62401debb7dbef	train	1472
taxprofiler:34c6e0074a2061efd5ff	train	1473
taxprofiler:2ed3280c608c6c31153f	train	1474
taxprofiler:9af3679949aac22e9528	train	1475
taxprofiler:93e9a6add20fbb9cf03b	train	1476
taxprofiler:ddba39529515f081f299	train	1477
taxprofiler:7cef22b99e2c60655d86	train	1478
taxprofiler:aebfa184dd2bb373398e	train	1479
taxprofiler:b9067e782e892b74f38a	train	1480
taxprofiler:91564fb74aca4b220731	train	1481
taxprofiler:d79d40203612b692671e	train	1482
taxprofiler:5decaf3b1990250afd67	train	1483
taxprofiler:445ab9113e8836c2d73d	train	1484
taxprofiler:271a738063b9534c0bc1	train	1485
taxprofiler:0b72cf15c8b2eddfa7bf	train	1486
taxprofiler:4ba36f79011a30756474	train	1487
taxprofiler:485a650f2c39ba4dc3af	train	1488
taxprofiler:21cbf2a3ed7efd661b95	train	1489
taxprofiler:c76ffad9dfa2b5a33535	train	1490
taxprofiler:979e7379cdedc1b31a47	train	1491
taxprofiler:ae668d1c51eba7cc5ff6	train	1492
taxprofiler:63bbc56fe9397a8659eb	train	1493
taxprofiler:61585153e463154a666f	train	1494
taxprofiler:b4640b03de833eac4f98	train	1495
taxprofiler:d4220a821d6499602a3d	train	1496
taxprofiler:864b5d15bb38c16e1164	train	1497
taxprofiler:0e643514b2fac98c6280	train	1498
taxprofiler:b6ed058b544aaa0a528d	train	1499
taxprofiler:b2a8ef76b0a8e2936836	train	1500
taxprofiler:19dd5f4998551f46ed44	train	1501
taxprofiler:8c22722d38d534c918fd	train	1502
taxprofiler:a90a35044e6cc37630f7	train	1503
taxprofiler:5090c802256e9d3df7ff	train	1504
taxprofiler:582a21d485a34ff4a1a6	train	1505
taxprofiler:74b034390ef6058762f0	train	1506
taxprofiler:4e69dabb4db1668698c1	train	1507
taxprofiler:71b28701db2c98821463	train	1508
taxprofiler:2b60669a736b8478853e	train	1509
taxprofiler:53dc23df13343ce7ecdd	train	1510
taxprofiler:7ad83143dda9ebc70d70	train	1511
taxprofiler:e73d516d9964cb29f891	train	1512
taxprofiler:d3d7331aa4b35de75594	train	1513
taxprofiler:f5137740a6de302b2380	train	1514
taxprofiler:f2283cf1b0bfe6d66ed5	train	1515
taxprofiler:32f8c8d237f8e8984726	train	1516
taxprofiler:55eee338310abbb05666	train	1517
taxprofiler:465096dd0acd61bb6245	train	1518
taxprofiler:a9a95fc46a22f0f77b99	train	1519
taxprofiler:a6ba3362481292ba1c7c	train	1520
taxprofiler:b17decbfc732e4ab586d	train	1521
taxprofiler:fec85fc49691a46f6a54	train	1522
taxprofiler:b71dfa0619efd0f8fe68	train	1523
taxprofiler:a5cd51502539ef4065b7	train	1524
taxprofiler:75f6e173e138ec331821	train	1525
taxprofiler:a3c60ade0388a161e3ac	train	1526
taxprofiler:a43db2fffaf5618e81ab	train	1527
taxprofiler:eb1f688a1730acbfad7e	train	1528
taxprofiler:77a4c7eecb10a4212e7a	train	1529
taxprofiler:7ce75d8ead7075a2e17a	train	1530
taxprofiler:9bccc210036ce2b55916	train	1531
taxprofiler:191748592142141ba842	train	1532
taxprofiler:f1daaaff70c9b5a18a9a	train	1533
taxprofiler:4afc8f125a349f89ac1e	train	1534
taxprofiler:22cfad54435abd336393	train	1535
taxprofiler:66c8e8b98f188cab8f6b	train	1536
taxprofiler:8b9f1425f5d47ba485e9	train	1537
taxprofiler:3a8024c04087db7a850d	train	1538
taxprofiler:3303e3a04eec43917727	train	1539
taxprofiler:f1b165cc8bf2df3ab287	train	1540
taxprofiler:567ac0ba60e02a737f20	train	1541
taxprofiler:546e69fee0f3dc2d24d5	train	1542
taxprofiler:07d0dfb70f065e380bea	train	1543
taxprofiler:40252362f9f566f5768b	train	1544
taxprofiler:101ea147140955a0580b	train	1545
taxprofiler:590c24ddc9830dad4f88	train	1546
taxprofiler:552288b4aaf0cd33c6e4	train	1547
taxprofiler:e49e051778c68afb2a0c	train	1548
taxprofiler:a7b88d62ff87321a7e9b	train	1549
taxprofiler:c2cbc3863ffe941261a5	train	1550
taxprofiler:9449552c031337f59401	train	1551
taxprofiler:6a4d87d164c53be0cf8a	train	1552
taxprofiler:0e00f85260aba666b349	train	1553
taxprofiler:e873ed183302e2dc88e5	train	1554
taxprofiler:a567064bb42d2f625dba	train	1555
taxprofiler:2f7c09a9d7924139f03d	train	1556
taxprofiler:51e4cdcab750232f09ef	train	1557
taxprofiler:be750b57384123daef8b	train	1558
taxprofiler:e28b7d406ea18c587900	train	1559
taxprofiler:c0723efe0d746910a556	train	1560
taxprofiler:4a7db7e93e0023b9f41d	train	1561
taxprofiler:1f05242f00cfa381909f	train	1562
taxprofiler:cf1186d0f6fd6d0048cc	train	1563
taxprofiler:b41707847629406298db	train	1564
taxprofiler:bad540293165f5d1fddb	train	1565
taxprofiler:80948e485dbaf5e7101c	train	1566
taxprofiler:37dd63c9f7ea5b149f33	train	1567
taxprofiler:fb61f75f7a2aff98be33	train	1568
taxprofiler:e14bcc077264d2a95381	train	1569
taxprofiler:9216d29df343443b02f9	train	1570
taxprofiler:09d6cff4867b8f00da73	train	1571
taxprofiler:df70a027cda16a09ba98	train	1572
taxprofiler:901fe24a140f262445fa	train	1573
taxprofiler:8bafa4016d93235a4eb7	train	1574
taxprofiler:bbaada487977f03269c6	train	1575
taxprofiler:24a1809a2038778aa405	train	1576
taxprofiler:a85ad40124b915d473e0	train	1577
taxprofiler:d250c3d3fcaac30b20cf	train	1578
taxprofiler:fe933143664c89c839c2	train	1579
taxprofiler:867a10497f7afa39b478	train	1580
taxprofiler:971b64d199d4829e9eb5	train	1581
taxprofiler:42c30b147ca67ceafe70	train	1582
taxprofiler:06bb3fb4562e23eaa763	train	1583
taxprofiler:563bb7d4e549f2bc5200	train	1584
taxprofiler:4f35cb32617e6644a08b	train	1585
taxprofiler:e5bccf1a6c19715bbc73	train	1586
taxprofiler:84262641155e179465a9	train	1587
taxprofiler:ab536a85bd9f172bc876	train	1588
taxprofiler:55e3d595c34cad43b55c	train	1589
taxprofiler:e03918ad3c6501ebdbae	train	1590
taxprofiler:e0c56b3ea20be00e932e	train	1591
taxprofiler:c799eb1058f743dbc212	train	1592
taxprofiler:641e23de768017113596	train	1593
taxprofiler:1ce03338f9146ee20f05	train	1594
taxprofiler:f18160440f886ee7d25c	train	1595
taxprofiler:0a672c4a3886040ca75b	train	1596
taxprofiler:9079d19f334ff7a93c24	train	1597
taxprofiler:49afedd093d6a0f73b11	train	1598
taxprofiler:4ec0bf4d063a4b7dd2f4	train	1599
taxprofiler:3d06b3df250ec8e5a614	train	1600
taxprofiler:2495f88ad2d638911709	train	1601
taxprofiler:d31d7211f76e82a32a48	train	1602
taxprofiler:8d4a18c53685e1bbc7ff	train	1603
taxprofiler:5da3d4989a9028da32dd	train	1604
taxprofiler:543b055fc0352ae374db	train	1605
taxprofiler:69b0eaff0790917c8339	train	1606
taxprofiler:3e139ae3c730741152c9	train	1607
taxprofiler:ba266688346fdcbefe6b	train	1608
taxprofiler:9e47d0cc06c85b156f64	train	1609
taxprofiler:81c21caa6c81df10c7d6	train	1610
taxprofiler:62db44f69c12676f6e77	train	1611
taxprofiler:f5cbc3d9c899bcaad179	train	1612
taxprofiler:38951970f18f5fb51f1b	train	1613
taxprofiler:bb46d11d657ab01b5c59	train	1614
taxprofiler:3c767f322ec7634fca12	train	1615
taxprofiler:4a7006cba19e4e1f78cf	train	1616
taxprofiler:8a10005d8cc769c81cca	train	1617
taxprofiler:cecacc65266b53769143	train	1618
taxprofiler:fe3b2bdbdd4e96649984	train	1619
taxprofiler:8855f5d47723df8f8d5c	train	1620
taxprofiler:fbcd47be2bf49c3c5fa6	train	1621
taxprofiler:a0d5ed5ac66bed9c0fb0	train	1622
taxprofiler:f6a80602ae3ff4f0902c	train	1623
taxprofiler:ec9b173769758bb3327b	train	1624
taxprofiler:207e44a4b7ed4ba1e886	train	1625
taxprofiler:5d30b11b821dd98a568d	train	1626
taxprofiler:7ae11931e0ad7f6fccfb	train	1627
taxprofiler:770ec3b73ea8e8aaee45	train	1628
taxprofiler:ba23d62ea9e713523f74	train	1629
taxprofiler:d7b17f680a0fba1d0458	train	1630
taxprofiler:0ac59ba1ce5b79c00c4f	train	1631
taxprofiler:e3ce60b212ba630410bc	train	1632
taxprofiler:43715a13b05c2f200b3a	train	1633
taxprofiler:2af50242b664f8d96313	train	1634
taxprofiler:7a0474c0cf07cdb3d916	train	1635
taxprofiler:c0ea4e4865681213ee53	train	1636
taxprofiler:133c05ca6edfb88e63d1	train	1637
taxprofiler:4fbdbbc328ea896d7b08	train	1638
taxprofiler:ea0a4f40b7c31ccdc5eb	train	1639
taxprofiler:76bb2fbd72d481c08f02	train	1640
taxprofiler:1a218609b7203a6ebfdc	train	1641
taxprofiler:66e3bd8cbc525405dac7	train	1642
taxprofiler:f860a6d020f22a2d60ed	train	1643
taxprofiler:0f26e150a0bc208f9f67	train	1644
taxprofiler:ba35203911e79f625bdf	train	1645
taxprofiler:870e7a2f0a82f68c8a9c	train	1646
taxprofiler:6db882f55663d7df76e5	train	1647
taxprofiler:b99a882d9a812af7d5c1	train	1648
taxprofiler:83a8d98946f008fcaa39	train	1649
taxprofiler:514c681e323534235341	train	1650
taxprofiler:d66471d027914825de0d	train	1651
taxprofiler:06ffaf804651e87d20b3	train	1652
taxprofiler:2d32ec945aeaad4d8dae	train	1653
taxprofiler:a827ae95dc9da9e322fa	train	1654
taxprofiler:323da0cba1623896798c	train	1655
taxprofiler:1cb1ccfd63416be7ce53	train	1656
taxprofiler:cc4142faecd76016a9de	train	1657
taxprofiler:0d08597933b4f4e880f4	train	1658
taxprofiler:2d4c279bee8a938c67fb	train	1659
taxprofiler:9444f7fcc87358f05ac7	train	1660
taxprofiler:7f6ea97cff89f111d06e	train	1661
taxprofiler:6922179a2f464fa17dab	train	1662
taxprofiler:6b0e80173db60977df40	train	1663
taxprofiler:9ad418f9c6ced104e48e	train	1664
taxprofiler:ca04b2c39fca1fe09351	train	1665
taxprofiler:742b8e32325feaad0c80	train	1666
taxprofiler:15f6ce548192b41af73f	train	1667
taxprofiler:c1ddc2f4f24ae02c1650	train	1668
taxprofiler:b1bd9a95746a59c44a6f	train	1669
taxprofiler:0b0c8bbbb9070dd42802	train	1670
taxprofiler:1f2af5acc9e26724a4a4	train	1671
taxprofiler:3ed10147073a510df00a	train	1672
taxprofiler:4d2d15dea9f5d255847e	train	1673
taxprofiler:74e2da09e15f8c09d79f	train	1674
taxprofiler:5953d5c7de624cbc21a1	train	1675
taxprofiler:ecdd1fb41cada2a002ba	train	1676
taxprofiler:bcdb6645feb7a2f9cb57	train	1677
taxprofiler:26f887762547430743f4	train	1678
taxprofiler:8ccc0e2998c624de5665	train	1679
taxprofiler:d07214352e6ffaffc1a4	train	1680
taxprofiler:dfd449f39c31270ff1e6	train	1681
taxprofiler:1fa85a721edd0084e55c	train	1682
taxprofiler:89cc8ca945d09762d489	train	1683
taxprofiler:97ead7d4de6c4acbc1d8	train	1684
taxprofiler:09a5fd4c7ac3b8fe3d07	train	1685
taxprofiler:bccf4ba9f0fe5d251c10	train	1686
taxprofiler:79bd6284fc2078f3ba7b	train	1687
taxprofiler:397a89acd4c6031cfd5a	train	1688
taxprofiler:0b14accb9ef5cfa5054d	train	1689
taxprofiler:b4c2f74d9d729862a1a4	train	1690
taxprofiler:4f6b9c04da3db0452275	train	1691
taxprofiler:c44aef644c8f5ee04b58	train	1692
taxprofiler:90999fecbdd63e5fe179	train	1693
taxprofiler:9d6cef66ac7611264bb9	train	1694
taxprofiler:0b6892c99ed738b589c5	train	1695
taxprofiler:76cee1c1849b57dcc3a2	train	1696
taxprofiler:7defd6b9caa5ac478746	train	1697
taxprofiler:8d90ba499a0d9ff4fc71	train	1698
taxprofiler:c42695dd7bfd3d5a11ed	train	1699
taxprofiler:5ff5dbc6109ab95e8a32	train	1700
taxprofiler:db242c236cad7d6d1b77	train	1701
taxprofiler:504e6c6c32d8c0651880	train	1702
taxprofiler:87b0de65aec36a3367b1	train	1703
taxprofiler:c756176f2f340c04cf2b	train	1704
taxprofiler:c57008e9fa48861bc63f	train	1705
taxprofiler:31a75af58d3060ed781a	train	1706
taxprofiler:2865bce987b72a5f0cb6	train	1707
taxprofiler:5342c1ddf91d722b0df8	train	1708
taxprofiler:e293d32a43b7c3d22af4	train	1709
taxprofiler:279fc0370c60a35bb140	train	1710
taxprofiler:0add1879c035cbd1da79	train	1711
taxprofiler:785bb8e97aea90441869	train	1712
taxprofiler:9cf60b43085fdc9c4172	train	1713
taxprofiler:e40724cc13bc19298f2a	train	1714
taxprofiler:c32b9c66a6aaf66929d6	train	1715
taxprofiler:ee36ccbc6427446027d6	train	1716
taxprofiler:993ca33239a4ac79f860	train	1717
taxprofiler:c3101aaf7eeb2e7af775	train	1718
taxprofiler:eaa0e7099b7d53b14e01	train	1719
taxprofiler:f7b95f0174481974f259	train	1720
taxprofiler:8806be5322671e476051	train	1721
taxprofiler:388034484e68906addf3	train	1722
taxprofiler:29a3873594cb9510ee56	train	1723
taxprofiler:a789698179af3c33cf9b	train	1724
taxprofiler:5459c204a6c2a84a5005	train	1725
taxprofiler:bec39b540af726bb8fc5	train	1726
taxprofiler:8ac11ac8d0e10f24d734	train	1727
taxprofiler:9ca9d7ef0c12413be8b0	train	1728
taxprofiler:a8a2c1d162a6c53a0e57	train	1729
taxprofiler:2d0744adb2796fe3ff56	train	1730
taxprofiler:2463f96b442287a0de7d	train	1731
taxprofiler:38f58dcd75853504449c	train	1732
taxprofiler:4919df6bd4f164a1da1a	train	1733
taxprofiler:e2995794ee804bf00f50	train	1734
taxprofiler:789adc596f35ab191837	train	1735
taxprofiler:35e49969728047be58c1	train	1736
taxprofiler:4fac125b568821ce160c	train	1737
taxprofiler:421dd974d11af2128f02	train	1738
taxprofiler:510ee3844aae0a29638e	train	1739
taxprofiler:f4ce888585d462e7a38e	train	1740
taxprofiler:e8ce18e047478e64cc98	train	1741
taxprofiler:7072a9dfac47efec80f3	train	1742
taxprofiler:f5e5cceb58f5185c62bc	train	1743
taxprofiler:afa0057036d83bcb6285	train	1744
taxprofiler:8e5fe30acce44ed761e1	train	1745
taxprofiler:9de8f7ceef830559ffad	train	1746
taxprofiler:0a8870b4fb89f2506cd4	train	1747
taxprofiler:93af65a9ab6d300726ff	train	1748
taxprofiler:0a9fee73a4a0d0a988da	train	1749
taxprofiler:40b4db1ad0023dbc564b	train	1750
taxprofiler:1ed5f66d4d9935a05dc1	train	1751
taxprofiler:6d42c3216f106b1fa7c9	train	1752
taxprofiler:7789bb6a07b4423eb53d	train	1753
taxprofiler:8f68662a4d4f36bd455a	train	1754
taxprofiler:7912125778a02ad48f0f	train	1755
taxprofiler:538ad5bb53324570beb9	train	1756
taxprofiler:75b0e9af768131297b3d	train	1757
taxprofiler:32c0f83258b0c9372e92	train	1758
taxprofiler:37210d5774fab43da197	train	1759
taxprofiler:f2792cef7850a87a6d07	train	1760
taxprofiler:df11658886feb0690005	train	1761
taxprofiler:fe27798456c28267012d	train	1762
taxprofiler:4646be2074f2ebf47143	train	1763
taxprofiler:5d7588acb32a2d2c5bc5	train	1764
taxprofiler:7b05bc226be5699bf961	train	1765
taxprofiler:65c398e7ade416bfee4f	train	1766
taxprofiler:10842b76dcee79d9f71d	train	1767
taxprofiler:89d78a141b906bc20c2c	train	1768
taxprofiler:4632e5b42168c79dafc5	train	1769
taxprofiler:5baa425947d04127b55f	train	1770
taxprofiler:c335dbf3e3e7f11a7dce	train	1771
taxprofiler:658e644beb0b04733124	train	1772
taxprofiler:b76c674e0cf103c092d1	train	1773
taxprofiler:94d959c450fe3d0a8b8f	train	1774
taxprofiler:0d8f57de5faa94f90dfa	train	1775
taxprofiler:474114c467b82c2a9e3f	train	1776
taxprofiler:ff6f41bf967565185913	train	1777
taxprofiler:91496ada7244101bc6a7	train	1778
taxprofiler:cde681faf56caa89217c	train	1779
taxprofiler:0fd7faeac9505e8ad0dc	train	1780
taxprofiler:d08a7d9a64945fac57f9	train	1781
taxprofiler:c4dcb94807a818a23437	train	1782
taxprofiler:c2616d384da15b1345af	train	1783
taxprofiler:2ce941982120c0fd9bb7	train	1784
taxprofiler:871ad4d75159b26a0520	train	1785
taxprofiler:925b9f19f07511e05b72	train	1786
taxprofiler:3729fe550b0853f98809	train	1787
taxprofiler:a7f5ed208bd44e08a2ff	train	1788
taxprofiler:993beb348f8b9747996a	train	1789
taxprofiler:ac3e1ab10b92e4a48732	train	1790
taxprofiler:019b24592d98c969de07	train	1791
taxprofiler:db929bc7e05ad2b1ac64	train	1792
taxprofiler:cfec878a39b7881191bf	train	1793
taxprofiler:755f151cbdcedb86450a	train	1794
taxprofiler:ee5810bdd5319baff347	train	1795
taxprofiler:71f18df0cf83b9cb4476	train	1796
taxprofiler:1091d3c48721d6a54afa	train	1797
taxprofiler:f7252d654dcf04f5c6bf	train	1798
taxprofiler:b31343c9eeb0d4736f52	train	1799
taxprofiler:be32964d1e511e80c1d5	train	1800
taxprofiler:79d6b4f639f6632c1cc3	train	1801
taxprofiler:60fcc4bb29e4a5fb4c14	train	1802
taxprofiler:8891825cc4b645f226e8	train	1803
taxprofiler:13e530a2a9960199636b	train	1804
taxprofiler:d66c493098fc7656272f	train	1805
taxprofiler:029b095d893350de2f63	train	1806
taxprofiler:f4f1a499d8376d5ebbb4	train	1807
taxprofiler:f84d160dde55e2c0849b	train	1808
taxprofiler:9216952934e0c7a9d9d7	train	1809
taxprofiler:2abeea20c50474ee7ac0	train	1810
taxprofiler:26b7c6d255ba8c849ae2	train	1811
taxprofiler:98f94f6ddee7041fe746	train	1812
taxprofiler:ecfec586bde5ef1dfef6	train	1813
taxprofiler:2eae00e876cf4199b8d7	train	1814
taxprofiler:a871cc389dd9d6e11693	train	1815
taxprofiler:f6b954f209ad59c730e9	train	1816
taxprofiler:38e99bc7d7945d4454bc	train	1817
taxprofiler:42c645885a6931b9846d	train	1818
taxprofiler:868b490444d9a9243cec	train	1819
taxprofiler:b941e395bbd6a8c9fde4	train	1820
taxprofiler:280d5361f9d9eb56e741	train	1821
taxprofiler:86fe9caeb410e8ffc325	train	1822
taxprofiler:b30b19f4e35344cae1a7	train	1823
taxprofiler:8d2b4b458589490826a4	train	1824
taxprofiler:f52895965a8ffc296372	train	1825
taxprofiler:53329ab0c6698d63601e	train	1826
taxprofiler:40e61fdc5a79235195ea	train	1827
taxprofiler:5a7ea641622bf894fb66	train	1828
taxprofiler:e97fb19789e6d9fe7f5b	train	1829
taxprofiler:fd13110cf1175b159fb7	train	1830
taxprofiler:7997823f5b18473f485e	train	1831
taxprofiler:ab1b9aa9c9d82fc8d17c	train	1832
taxprofiler:cde614207790164d4acc	train	1833
taxprofiler:eb1f9172ba25e13be2ff	train	1834
taxprofiler:27bb749061c70488c52d	train	1835
taxprofiler:c3b21c5a3032505846c7	train	1836
taxprofiler:6ddec39f7510c55c624e	train	1837
taxprofiler:c5b90b59d382137affae	train	1838
taxprofiler:15a7dc56299160257b0a	train	1839
taxprofiler:f651ab27d86bccf31f67	train	1840
taxprofiler:9b50d5325fd294d9ace5	train	1841
taxprofiler:e599b4648f087596ce81	train	1842
taxprofiler:58b79a9f346d71a0668e	train	1843
taxprofiler:55d79f94bd33c6bd6e67	train	1844
taxprofiler:76621b5e367c95552edc	train	1845
taxprofiler:52e18930d53745938ccf	train	1846
taxprofiler:9698cc80b00745af53a1	train	1847
taxprofiler:00343a7a4844eb03ecb9	train	1848
taxprofiler:28193539ea1a4366eeef	train	1849
taxprofiler:07f88ef20b218c3d4f24	train	1850
taxprofiler:6a9734c01c19aad96de6	train	1851
taxprofiler:2743b4d55c73db8aca40	train	1852
taxprofiler:552e9246fce866a66725	train	1853
taxprofiler:8b8406718ab0d70eb2e5	train	1854
taxprofiler:13c707b78cb185d925d0	train	1855
taxprofiler:c5430cecbbc818f639ba	train	1856
taxprofiler:c011faadd83bd21fa84c	train	1857
taxprofiler:ee5c83daf8189d320111	train	1858
taxprofiler:5886d1f0ec34f51ff71f	train	1859
taxprofiler:6ff488b955b39a6935dc	train	1860
taxprofiler:4cf725aa821bbf05e248	train	1861
taxprofiler:a16e716584acb4fbfd47	train	1862
taxprofiler:787d822eed2f6ba1e46c	train	1863
taxprofiler:d7f5e3f0be700bb54b7f	train	1864
taxprofiler:9401220bddef961ba508	train	1865
taxprofiler:1fc0e0f9c28dd7de0621	train	1866
taxprofiler:e5c0e5e349e3fc12cd33	train	1867
taxprofiler:e53fda7e05a4d26ba270	train	1868
taxprofiler:410a96826867d5897f79	train	1869
taxprofiler:3f652ff2a1bf4b103fe4	train	1870
taxprofiler:506e7df26b31f0608bc0	train	1871
taxprofiler:03618ab4770142e225ad	train	1872
taxprofiler:10fa48af080009752ef8	train	1873
taxprofiler:91a0b7af212f9f5a3fe8	train	1874
taxprofiler:b3ec9aefe905e0f31acb	train	1875
taxprofiler:61d52fb31c0372780ca5	train	1876
taxprofiler:b69f77a0da9fff53b190	train	1877
taxprofiler:56c5c45065fac04f9606	train	1878
taxprofiler:d6e6a6ec37e178491999	train	1879
taxprofiler:ffe410d9d9706a6f665f	train	1880
taxprofiler:0012223da8e28fb16a62	train	1881
taxprofiler:0b49c5a7f5461da60a04	train	1882
taxprofiler:03e8be75d90d88b47b03	train	1883
taxprofiler:fb01ff86e5817bc23336	train	1884
taxprofiler:2e109b2caed83fe8cc01	train	1885
taxprofiler:aea1e5688bc9491307cc	train	1886
taxprofiler:afc871b26efe0e69b414	train	1887
taxprofiler:595eda1063b5c261b6e5	train	1888
taxprofiler:81b3a72d8268188dab81	train	1889
taxprofiler:111f6368d482f358612c	train	1890
taxprofiler:096169d3f49b9392c6ab	train	1891
taxprofiler:57a3099bc22b4f138251	train	1892
taxprofiler:de0a459f34f2fafc7dc1	train	1893
taxprofiler:763a090453299e8a2070	train	1894
taxprofiler:024ff69c4d55387277e4	train	1895
taxprofiler:ace8370a274b417dc32c	train	1896
taxprofiler:16bfc09d2c7ad44dd63b	train	1897
taxprofiler:4ce6fab47f3a3ef35b79	train	1898
taxprofiler:dbdf30c9477dc370ba09	train	1899
taxprofiler:02ee65db0cb2b55c8759	train	1900
taxprofiler:e76ef4a7389a03769042	train	1901
taxprofiler:694b0049a4e32b4bfee5	train	1902
taxprofiler:ff86f2b89cadb2f410c5	train	1903
taxprofiler:0b3a0f99d28344520019	train	1904
taxprofiler:dfa88249f609fc5338de	train	1905
taxprofiler:03451af52fc4e3048d85	train	1906
taxprofiler:8aead953ae5ba6097daf	train	1907
taxprofiler:cc234879b8dd361973dc	train	1908
taxprofiler:176a03e244408a60432a	train	1909
taxprofiler:d4707747882378a7bd3a	train	1910
taxprofiler:d6dee7e276425b2cb635	train	1911
taxprofiler:e511a603d57e4d20d7f1	train	1912
taxprofiler:f51f07dc81c4752d91c2	train	1913
taxprofiler:13f254714dbdc0888102	train	1914
taxprofiler:24398ea5f8f38c59826f	train	1915
taxprofiler:3b7a3fbdafd56dcdac4c	train	1916
taxprofiler:adbdb3836b9347853309	train	1917
taxprofiler:192d496ce0a8e0e6ce63	train	1918
taxprofiler:db986ee3c63cede38879	train	1919
taxprofiler:1a24ce8f8a7d44607c19	train	1920
taxprofiler:0c0b7ae7f8979bed2aac	train	1921
taxprofiler:0207370e8ce683786f30	train	1922
taxprofiler:822fb2efafcef44667b7	train	1923
taxprofiler:1f9e69f125a254d78501	train	1924
taxprofiler:f75a52e9283c4d71d72d	train	1925
taxprofiler:054ef7cb6772e558144d	train	1926
taxprofiler:624a027b724b151c91d4	train	1927
taxprofiler:963c49afd0380f96cd4e	train	1928
taxprofiler:ba57f2f116ea6bfcd296	train	1929
taxprofiler:4dc59ac7225944af3e4d	train	1930
taxprofiler:ad48d450fb0c87b5a4ef	train	1931
taxprofiler:1bb6e93f896df0bd1f47	train	1932
taxprofiler:b29d522f44eeff4fd9d6	train	1933
taxprofiler:bf533127d8b7b63cab47	train	1934
taxprofiler:f3a8cb84e5c818b47d2f	train	1935
taxprofiler:c66052565404c2de4702	train	1936
taxprofiler:d5017ccdf12681f2c615	train	1937
taxprofiler:8ad04c88271291c6721f	train	1938
taxprofiler:2cf670c9c470aa23f3ce	train	1939
taxprofiler:434d5d9157a7180cbff2	train	1940
taxprofiler:28b0fc9ca55abed42b74	train	1941
taxprofiler:b469d12ff29024bbb43b	train	1942
taxprofiler:8da1ec3863d63ea85fa0	train	1943
taxprofiler:4e5ff6f27066a3ef2d15	train	1944
taxprofiler:b210119207fdae910520	train	1945
taxprofiler:8abea74f16acf2bb4e55	train	1946
taxprofiler:f4d92aeffd995500f349	train	1947
taxprofiler:669a5c55a540f8df6951	train	1948
taxprofiler:a1ab2db85ca28389c0eb	train	1949
taxprofiler:6a9c0661f91ed2939d4c	train	1950
taxprofiler:188ad1d1a75fa5b7bfdb	train	1951
taxprofiler:cf7b109186a577e81d57	train	1952
taxprofiler:32a1b7a850a0a04b4e84	train	1953
taxprofiler:5af1613e4d8521dfcd28	train	1954
taxprofiler:35d3a29523c77a84eec8	train	1955
taxprofiler:4dfecf361c764a91df85	train	1956
taxprofiler:4d6396c8b25f824c37e3	train	1957
taxprofiler:85c5acbe8583f100be18	train	1958
taxprofiler:00351cad4e59be51f6c8	train	1959
taxprofiler:a0ae623fcd33293d6842	train	1960
taxprofiler:ffad64daa18a4b300a14	train	1961
taxprofiler:eda30607037cd6f201af	train	1962
taxprofiler:25dfb24b5ee5ac8daeef	train	1963
taxprofiler:81c4e0bc7884321bb58f	train	1964
taxprofiler:07caa088aaa943d7dd40	train	1965
taxprofiler:b95f2cad9e510cfe23fa	train	1966
taxprofiler:4232b1671a5dd6152feb	train	1967
taxprofiler:7d0531f0b761044fb171	train	1968
taxprofiler:5a75f9d91095121d205a	train	1969
taxprofiler:f19ab65a7706d8d26e85	train	1970
taxprofiler:3c7e2491d555867a57e9	train	1971
taxprofiler:ab8c96257bf5fa78e215	train	1972
taxprofiler:9d403a4abb7bd752bef3	train	1973
taxprofiler:80db599ea40da85455f5	train	1974
taxprofiler:93f72d484550b2d75c46	train	1975
taxprofiler:abdc98f065b1a9710f97	train	1976
taxprofiler:0b1bd99b337d14f5950d	train	1977
taxprofiler:623949a262b45898f400	train	1978
taxprofiler:2380838859619716e391	train	1979
taxprofiler:e89add3397c97ee3d794	train	1980
taxprofiler:0d2b0681b14512cba426	train	1981
taxprofiler:64a3d6395e5a4f3442a6	train	1982
taxprofiler:cac09028231aff66bd2c	train	1983
taxprofiler:d20d0bfef9caf8a76a90	train	1984
taxprofiler:b56218e0c392f0f4096f	train	1985
taxprofiler:75d765467a37e4755777	train	1986
taxprofiler:bda013b5979900ec4343	train	1987
taxprofiler:1a27e24bb101a4bc45fa	train	1988
taxprofiler:97e1ac07c373926f01fd	train	1989
taxprofiler:3c9d58e688aa99f7c08f	train	1990
taxprofiler:a1876968aad4233a41e5	train	1991
taxprofiler:872581a2fa1325c0a2e6	train	1992
taxprofiler:6cbc6cbd346a7c6c0d07	train	1993
taxprofiler:6f092595a6e783659898	train	1994
taxprofiler:d71bbd0738480a3eafc8	train	1995
taxprofiler:03af55a77a594baf67c6	train	1996
taxprofiler:b2f6c914ff578a5d3abd	train	1997
taxprofiler:016fb02dead12430cda6	train	1998
taxprofiler:5af357efd1922aa7ca7c	train	1999
taxprofiler:7e0cf3985f9bafa3d6ff	train	2000
taxprofiler:d6c73eff906a690e5f6c	train	2001
taxprofiler:24b32e404051faedd0c2	train	2002
taxprofiler:26ad2ca4a7fe0ab64832	train	2003
taxprofiler:b726eb642bf8259dbc2f	train	2004
taxprofiler:c59565207e8febdbaecc	train	2005
taxprofiler:4acb94f98cfb2b8b4d65	train	2006
taxprofiler:b8b8bb7c926b1dc57cf5	train	2007
taxprofiler:a85ddb8ca33abda3a710	train	2008
taxprofiler:ad91a9f06c103fd4945b	train	2009
taxprofiler:7f99e055a762b81376db	train	2010
taxprofiler:d6ceb6d3e19815e4c3f7	train	2011
taxprofiler:6b936c70d73ac41958bf	train	2012
taxprofiler:fcabd191f41ec2399693	train	2013
taxprofiler:92acb08d3cfcf67f44b3	train	2014
taxprofiler:5b16fe36a79f70c17944	train	2015
taxprofiler:2d37d9d7a0361c6dec4f	train	2016
taxprofiler:6d9ae0b79de2de805f2c	train	2017
taxprofiler:8901cfbf1a54adfdfef1	train	2018
taxprofiler:4b07b05a38951d5e1b40	train	2019
taxprofiler:7b9a92cb43bc93c28d51	train	2020
taxprofiler:4d08f74e3965ec855268	train	2021
taxprofiler:c0d0dbd90343f0a6f344	train	2022
taxprofiler:c8a0c656e221921a19f8	train	2023
taxprofiler:280c8a5c386129930ee6	train	2024
taxprofiler:d942488988bf7604aa1a	train	2025
taxprofiler:63e29857fa2087074ee2	train	2026
taxprofiler:c71a4840d515a3b9654d	train	2027
taxprofiler:e1b93deeece629806e03	train	2028
taxprofiler:63e5b5d68dd3ee8834f4	train	2029
taxprofiler:f0e0d8596476e0ee1801	train	2030
taxprofiler:71da9620c8cabd124ee5	train	2031
taxprofiler:ca7420f3e182f974fd50	train	2032
taxprofiler:c8dbfc0a9f63d16ef5f1	train	2033
taxprofiler:b32a6b47168200fd6126	train	2034
taxprofiler:016dd319545c9a83b7fd	train	2035
taxprofiler:c4c9ce6293b911687efe	train	2036
taxprofiler:476e0e77bb4b04540918	train	2037
taxprofiler:e5a7d22c558953b55703	train	2038
taxprofiler:74c555bea907970d54e7	train	2039
taxprofiler:72350bc5bc607f4cbb7e	train	2040
taxprofiler:26b3d8d94bbef285b0aa	train	2041
taxprofiler:9b2342de493b41d86eec	train	2042
taxprofiler:23f739a7f4ad9b49e489	train	2043
taxprofiler:300bdee792b2e649a8cc	train	2044
taxprofiler:77fcfef9ad4151c5beb6	train	2045
taxprofiler:51fdd2485e23e8a249e9	train	2046
taxprofiler:db29954169d883aed447	train	2047
taxprofiler:3b59634fff70aac6f03d	train	2048
taxprofiler:17bacaec13c280fd03e7	train	2049
taxprofiler:7469832dbbbb9f2f97f2	train	2050
taxprofiler:47bb30992ca9c7420b39	train	2051
taxprofiler:87e7d408b2b4346c1d38	train	2052
taxprofiler:e3613df7ff0346612ab5	train	2053
taxprofiler:0f3d3e4318eaa7c0ca66	train	2054
taxprofiler:72192951a7cfda5436b2	train	2055
taxprofiler:b07c6aae8a070fcdf6a4	train	2056
taxprofiler:2684ac5e10e8c6d45cb3	train	2057
taxprofiler:4b1d5a01d9851605a29c	train	2058
taxprofiler:3efab76ce43a3feeb6c8	train	2059
taxprofiler:e0841e2dab1ea9584836	train	2060
taxprofiler:35769a935eb11cc79109	train	2061
taxprofiler:0ecdced27111c4b0604b	train	2062
taxprofiler:e96044c633ba6931e2d8	train	2063
taxprofiler:a8ae305595920d6c320f	train	2064
taxprofiler:5c2d84549a94977c474d	train	2065
taxprofiler:614aa3ced3c441aafe67	train	2066
taxprofiler:b856f2fdc8c72d31493f	train	2067
taxprofiler:a4f5b63ccacd5082cdf9	train	2068
taxprofiler:6054520b57a8fe1c339c	train	2069
taxprofiler:eb624b2a283806aaea2f	train	2070
taxprofiler:e35dd21a9b3036a27d27	train	2071
taxprofiler:d646a6df2c916a23e90c	train	2072
taxprofiler:8ac204a474d2fb7ddf3c	train	2073
taxprofiler:372fc5a67cccfc5dc8af	train	2074
taxprofiler:6798a5809e229f5be387	train	2075
taxprofiler:394668e3ba8b85121d5f	train	2076
taxprofiler:98f5a8ae20705c9a6200	train	2077
taxprofiler:072fbf83f6486ca4022b	train	2078
taxprofiler:615da35da7db28bf29c6	train	2079
taxprofiler:31991e6dcf80b2c4837a	train	2080
taxprofiler:83a9cb04f6057325f4f9	train	2081
taxprofiler:f82a9ac1616265193f0f	train	2082
taxprofiler:913bac76e6f5e16b38e0	train	2083
taxprofiler:cde272f6243bbc92ff63	train	2084
taxprofiler:68d4a3cb5a82ae3a8155	train	2085
taxprofiler:cafcf2e51e8e9f04c5c2	train	2086
taxprofiler:36994b50abc8c90e182e	train	2087
taxprofiler:0486a0737391d95b737c	train	2088
taxprofiler:dc0096d29ec4e8e4ea41	train	2089
taxprofiler:ee3fde59f87951590a71	train	2090
taxprofiler:a186e7197f634845a148	train	2091
taxprofiler:b26a6385c4e043f2a04a	train	2092
taxprofiler:a860222da7bf28b25218	train	2093
taxprofiler:108b56149203537869ab	train	2094
taxprofiler:3b3fc47f3d9d57fa96f9	train	2095
taxprofiler:0037eddc8b73a73ecd8a	train	2096
taxprofiler:2e4badce5d75fb774d5a	train	2097
taxprofiler:d37ef6d34f8b7ba93e66	train	2098
taxprofiler:f2ce6f4b1d660969ad35	train	2099
taxprofiler:9e8a01fd518a2dbf93e6	train	2100
taxprofiler:0de87d9ca3ecce2ebdf1	train	2101
taxprofiler:1efc54c27130e3659d4e	train	2102
taxprofiler:d5c1345417cef4597d9a	train	2103
taxprofiler:9e1090114bf61b37279c	train	2104
taxprofiler:d1cd2b722e7ae502bcf6	train	2105
taxprofiler:17803586aad8595a936b	train	2106
taxprofiler:a3c391bf3126c122b92c	train	2107
taxprofiler:3f4e7e68388d16ca3c0b	train	2108
taxprofiler:1c73a1f41241b84cb8cf	train	2109
taxprofiler:9f2a838b01dbf07af976	train	2110
taxprofiler:c6675ec40bceaed7d1f5	train	2111
taxprofiler:66d402662a82c82a3049	train	2112
taxprofiler:91ced41352a152974637	train	2113
taxprofiler:037fa399e245c9a45787	train	2114
taxprofiler:478a132700e7002d635f	train	2115
taxprofiler:d393c737b4607249c9ad	train	2116
taxprofiler:e6c3d808c2d159e94e3d	train	2117
taxprofiler:307849f8c54710460e6a	train	2118
taxprofiler:f99c69d92ebeb9e2ff1c	train	2119
taxprofiler:539ed71eadbe9cd252db	train	2120
taxprofiler:6c77bbf6f8c50fa39e05	train	2121
taxprofiler:74491d4e1bde048fe34f	train	2122
taxprofiler:314ab918fb4d6f4f6c8f	train	2123
taxprofiler:bb058d975fae482eed88	train	2124
taxprofiler:a8e59a8c00fec6a529f9	train	2125
taxprofiler:f27d4bfb210037a3f0e6	train	2126
taxprofiler:e266c486e96e7d8ad8d7	train	2127
taxprofiler:2f5af84bf935b1f60b5b	train	2128
taxprofiler:e0bd02497933a5bdd020	train	2129
taxprofiler:c2517d8701a1b0c7ce17	train	2130
taxprofiler:3f5a65ec20c5cb64c707	train	2131
taxprofiler:9d6a0c4dd79b11f3ee74	train	2132
taxprofiler:c81fdd6b6b7de5cebc1a	train	2133
taxprofiler:c003afe617cbfb723fad	train	2134
taxprofiler:b488af2b8366a2b2b098	train	2135
taxprofiler:699e8f6f641f78141fd3	train	2136
taxprofiler:c3bc57695fd736eb7400	train	2137
taxprofiler:2a822f9f1e8d69f2e439	train	2138
taxprofiler:b4474bd01b2832b58ab2	train	2139
taxprofiler:ae2a87be9bd78f0568ac	train	2140
taxprofiler:74201596efd010607562	train	2141
taxprofiler:8a1fb6498042a561ac55	train	2142
taxprofiler:b631fccded97a4f6e121	train	2143
taxprofiler:faf8f60f4eebd07646a9	train	2144
taxprofiler:017718bfa5da9e89c93d	train	2145
taxprofiler:01102920f4a311f55d4e	train	2146
taxprofiler:0006c77647abf24113b7	train	2147
taxprofiler:6157ac8cc9a65e95ac97	train	2148
taxprofiler:354c5cd58dc33797428d	train	2149
taxprofiler:3b5e3937ef257eb1a3da	train	2150
taxprofiler:c2f7dd15e40f67347390	train	2151
taxprofiler:e68024183415582dfb3e	train	2152
taxprofiler:564e7fe4da18835d9c5f	train	2153
taxprofiler:97491d3c29ce7cc4cff8	train	2154
taxprofiler:b674815c73fcaf5a2103	train	2155
taxprofiler:a208a3b0bf2277e04cf9	train	2156
taxprofiler:440b22aa6032e32386ec	train	2157
taxprofiler:cc07dc3bfb52e3e5385e	train	2158
taxprofiler:55a8a97cfafc86307323	train	2159
taxprofiler:f8de8bf56924a45aef00	train	2160
taxprofiler:a61867d81e7e2d96af2a	train	2161
taxprofiler:49b14df0e9e4f6ebf3f1	train	2162
taxprofiler:57c482f960e65a75c994	train	2163
taxprofiler:d177bae1c84b74106dec	train	2164
taxprofiler:005e10bf62ff808a516f	train	2165
taxprofiler:e5b9cb81000be67d7c6c	train	2166
taxprofiler:8c6f7c883d031dddd4de	train	2167
taxprofiler:2a3d2819b194534881ca	train	2168
taxprofiler:2b7646953081716c7337	train	2169
taxprofiler:113c50536a3daddbabb3	train	2170
taxprofiler:a32a15374d18c6911433	train	2171
taxprofiler:26b10ee2dbf69bfd010c	train	2172
taxprofiler:f2744294222a546125a5	train	2173
taxprofiler:e3c97330ebb4ab2a3d3f	train	2174
taxprofiler:4a413aa772c961259e6c	train	2175
taxprofiler:67700762340aaa58211e	train	2176
taxprofiler:20c5a5634fb99c7e63c7	train	2177
taxprofiler:df736349a8c2bd4e2211	train	2178
taxprofiler:dd120e20fc01843debd1	train	2179
taxprofiler:6643ee9826db775a8c8b	train	2180
taxprofiler:98e76d46748e82f955c8	train	2181
taxprofiler:3e7e002b34e7ce39d26a	train	2182
taxprofiler:5a207e380ac851f2ff1f	train	2183
taxprofiler:586c96223be292faaddb	train	2184
taxprofiler:ae7684e5af8d4ae46b26	train	2185
taxprofiler:fa66626f70bd6e455f2c	train	2186
taxprofiler:1488287574b6deae9047	train	2187
taxprofiler:fde9d090570a9ae82948	train	2188
taxprofiler:a86ba7672e723532431b	train	2189
taxprofiler:3fad54fb7d2e8a8941e0	train	2190
taxprofiler:19ab8c08809b008796e4	train	2191
taxprofiler:18ce28da07bc33c14778	train	2192
taxprofiler:5f27c9ff1d6476b64567	train	2193
taxprofiler:09812c55136cfb0dc4c2	train	2194
taxprofiler:029ab66477c1a3b65f48	train	2195
taxprofiler:e5071c0482c803fe1b69	train	2196
taxprofiler:b845882ac9b596e4278b	train	2197
taxprofiler:79847c243fcfc10110cd	train	2198
taxprofiler:cd30a2acb303e90ee7f7	train	2199
taxprofiler:440e8b466f8ef095b380	train	2200
taxprofiler:d90de523fef6a807a0de	train	2201
taxprofiler:ecf5693cc48d745888dc	train	2202
taxprofiler:d8acee8d19a507d76950	train	2203
taxprofiler:1e6ef82e2f75a36f466d	train	2204
taxprofiler:5b82f53cfef7b109d6f3	train	2205
taxprofiler:92d5161db1b9ce1789df	train	2206
taxprofiler:0e8021531d00f0bed882	train	2207
taxprofiler:663498851811b7ddad28	train	2208
taxprofiler:ec0d07cf43966c390a2f	train	2209
taxprofiler:c0da856a2c0f552928dd	train	2210
taxprofiler:fa004c6565f5b643ba73	train	2211
taxprofiler:f85c3d9c7bd759907ff8	train	2212
taxprofiler:79d08d996b7ebd492186	train	2213
taxprofiler:086b5054f585205cf853	train	2214
taxprofiler:74dea13269903852ac25	train	2215
taxprofiler:6f9724fe5e39a3fc24e4	train	2216
taxprofiler:b00c921b70f049dbdafc	train	2217
taxprofiler:7ebb96896b65ce154731	train	2218
taxprofiler:b49e19b232aff6aaaedd	train	2219
taxprofiler:041b3b1d517c2af8d275	train	2220
taxprofiler:d6f090de26afa3424d20	train	2221
taxprofiler:62f6b1a8dc25ab2b0e9a	train	2222
taxprofiler:0361eef093112c802ee6	train	2223
taxprofiler:9eddde10c058fcde429d	train	2224
taxprofiler:4c8f297b6728f6773424	train	2225
taxprofiler:2e417668c54a88630a58	train	2226
taxprofiler:fb1aecd8fae7789f83d6	train	2227
taxprofiler:fdba35ea6ccfc29e9e45	train	2228
taxprofiler:9668afe37550fef6d920	train	2229
taxprofiler:d7bcd8b646529cabb61e	train	2230
taxprofiler:2fbd65eb5a14ed29e3b3	train	2231
taxprofiler:cc4cc1a02496f04dfaf8	train	2232
taxprofiler:84c53d6b5509d0523b7a	train	2233
taxprofiler:845845ea19d5f99cbc70	train	2234
taxprofiler:66b14ba7e2f127261294	train	2235
taxprofiler:c8b09745e46c208111ae	train	2236
taxprofiler:8854f09f5898eeaead34	train	2237
taxprofiler:978b64e18fcbeeb7c26a	train	2238
taxprofiler:c2aa29a5f28b8dad19d1	train	2239
taxprofiler:d94c48450f6cf6d93099	train	2240
taxprofiler:576af28e2b6c4060da14	train	2241
taxprofiler:3b32f6ea891b2befb3e3	train	2242
taxprofiler:2590e27bf8cf10817195	train	2243
taxprofiler:9652667514e574a1d3f0	train	2244
taxprofiler:2352314e61c528bfef44	train	2245
taxprofiler:1643022c0d68c05d8420	train	2246
taxprofiler:0ea5a1f91430ec242471	train	2247
taxprofiler:931de4b65c0530b02b53	train	2248
taxprofiler:9179e240418795ab98cb	train	2249
taxprofiler:e25f6023ed551a063bb7	train	2250
taxprofiler:310560eb06e7c7562d9e	train	2251
taxprofiler:bad45026438415ff3f7c	train	2252
taxprofiler:7a560927042d03dfe7b0	train	2253
taxprofiler:92f0ec2d14752c789a61	train	2254
taxprofiler:760457cea821b62785e7	train	2255
taxprofiler:9d61ec130c47b8dd0677	train	2256
taxprofiler:d395abd309873980b2a5	train	2257
taxprofiler:659230e31f69815d3945	train	2258
taxprofiler:c8f785cb202a4970e0cb	train	2259
taxprofiler:fb7dbec7ddb68117d5fd	train	2260
taxprofiler:32be8c96a3396ef35101	train	2261
taxprofiler:46b6aea80c0dbd83fd95	train	2262
taxprofiler:32dd3cf661003caaeae4	train	2263
taxprofiler:7720a2a8c36a61291244	train	2264
taxprofiler:6df26732e7a21a9832be	train	2265
taxprofiler:06171e70cc24e48e6bb5	train	2266
taxprofiler:edfd5476259ba1bfc3ed	train	2267
taxprofiler:6cd2d4a67e687eb33877	train	2268
taxprofiler:ebd9423af4107236e5de	train	2269
taxprofiler:38c6866c4f3d834e60a3	train	2270
taxprofiler:29cfdae170606c88fdf6	train	2271
taxprofiler:c762b0dff231edf762aa	train	2272
taxprofiler:a4a630f0e1509f2e9dd6	train	2273
taxprofiler:8d0ca78e98cf16e5cdf0	train	2274
taxprofiler:d4c51632ade1e955b51f	train	2275
taxprofiler:4aeef439b52e338c263c	train	2276
taxprofiler:46695a92ed4f39cd832e	train	2277
taxprofiler:6f2e18e6b1aaccaa0b5a	train	2278
taxprofiler:327c95c09664e18077c7	train	2279
taxprofiler:8866468541ee0ff4d011	train	2280
taxprofiler:0312488ae6d2a20c473d	train	2281
taxprofiler:40669c9bfcf303ff3944	train	2282
taxprofiler:59ddccb6a756d10adbd1	train	2283
taxprofiler:55506b09919ffe8ab061	train	2284
taxprofiler:284785d2323b1bd7b46a	train	2285
taxprofiler:cd1a55984568f373c770	train	2286
taxprofiler:f857bdc0a9398723d10a	train	2287
taxprofiler:663090a686787b143b37	train	2288
taxprofiler:b1c04b382f400033a211	train	2289
taxprofiler:368268a300603ffb5e5d	train	2290
taxprofiler:1078c5b1a7b3eea7e80b	train	2291
taxprofiler:f16dfbee35f22323562a	train	2292
taxprofiler:d30a8416a2a25d46b8bf	train	2293
taxprofiler:981e05e91fce9a57b0b1	train	2294
taxprofiler:3f2f558abab24dcd73bc	train	2295
taxprofiler:b4eddb5a71eb466927bc	train	2296
taxprofiler:7c231533f41d7e851d19	train	2297
taxprofiler:b4977fff2e7447e0177d	train	2298
taxprofiler:7f982416cb660e0e2b9e	train	2299
taxprofiler:aa1e8ec2c2e171ba2893	train	2300
taxprofiler:a4eb01d1c5bc53f03f5d	train	2301
taxprofiler:0ab730583f9225bccc07	train	2302
taxprofiler:f1188ca0b6e8b99c08ad	train	2303
taxprofiler:6b9c5d505faebb8e9b2f	train	2304
taxprofiler:c594e38858d007c5c7d6	train	2305
taxprofiler:96deda4149d436679ea3	train	2306
taxprofiler:768c95b243474bec5487	train	2307
taxprofiler:58a833989e66f726fafc	train	2308
taxprofiler:89a1ad482f78acfa2b7e	train	2309
taxprofiler:2cee2a5f726597935303	train	2310
taxprofiler:be6c189a561ff68dd92e	train	2311
taxprofiler:f15d2308031a6849c2ac	train	2312
taxprofiler:bea6264888563e3479bc	train	2313
taxprofiler:681c07315544877d28de	train	2314
taxprofiler:2fcdbf74747ec8e636b8	train	2315
taxprofiler:e6508f5e6a415737a841	train	2316
taxprofiler:ca5def98b8a1fed8e38f	train	2317
taxprofiler:2e481e7f03d94e49013b	train	2318
taxprofiler:4a333ddadb33f6a1d8a1	train	2319
taxprofiler:618f14abbf4d4764c55a	train	2320
taxprofiler:88ff1fd6b4d20a1bb415	train	2321
taxprofiler:9c9b9663a360897118fb	train	2322
taxprofiler:fdeee4ab22d94169246c	train	2323
taxprofiler:c7112f93b9c98d2f7bf0	train	2324
taxprofiler:9b6f84df0b4d71d5331c	train	2325
taxprofiler:203851b1128d655cbc89	train	2326
taxprofiler:2a7345d7c3859eb23ed4	train	2327
taxprofiler:2b0f7e6646136f20b7b6	train	2328
taxprofiler:149ba13e3e00e525e638	train	2329
taxprofiler:6e15c0a6fb95944b964d	train	2330
taxprofiler:296fb1b7242e7ac46e3b	train	2331
taxprofiler:c0c90ffd523ee9e0a5ca	train	2332
taxprofiler:006daaa2f01e502a4cf7	train	2333
taxprofiler:6494fa67012804efe914	train	2334
taxprofiler:7aa4b053788c8ba9c48c	train	2335
taxprofiler:a56dffbad475bdc745d2	train	2336
taxprofiler:1be7aba0f1df06f7999e	train	2337
taxprofiler:c7f55df4e7aad6d46b17	train	2338
taxprofiler:bb14fddb29b3726f0c7d	train	2339
taxprofiler:289da3d1f156cb3b62ea	train	2340
taxprofiler:a1667f21831970d21c1e	train	2341
taxprofiler:9c6fcf8b81a8c19e31b1	train	2342
taxprofiler:d413cd73ede71fa149b4	train	2343
taxprofiler:c1a1bb205e1018655251	train	2344
taxprofiler:bdc4fcd00ab2f53e8fae	train	2345
taxprofiler:8af502f9d5e6ab3ec9f9	train	2346
taxprofiler:ff727c1b18383a6e61ea	train	2347
taxprofiler:01f4fdcd2e43c5e0a48c	train	2348
taxprofiler:9c7f95accdaef089a657	train	2349
taxprofiler:33c310ab869c31396f38	train	2350
taxprofiler:b242f410c91c996c3824	train	2351
taxprofiler:a7a0180a3f1965d2096d	train	2352
taxprofiler:c6ae80deab2a8934b17d	train	2353
taxprofiler:91a9e6a7a07ecd8cffc9	train	2354
taxprofiler:9abc72b759befca3d4ad	train	2355
taxprofiler:cfdab88f161bf4443a1a	train	2356
taxprofiler:4f87e32d6cf1b7a3929d	train	2357
taxprofiler:70600a586dfb9a7124ef	train	2358
taxprofiler:5b831aba86da09802748	train	2359
taxprofiler:82113deffd722760d8e2	train	2360
taxprofiler:a85888be9d78bb43609e	train	2361
taxprofiler:0244747c49f4083aea3f	train	2362
taxprofiler:ec82e3907012fa725cc9	train	2363
taxprofiler:0fcac957a13b6ea24f73	train	2364
taxprofiler:0310bb19b785922902f6	train	2365
taxprofiler:46dfb4c6c018ce999e64	train	2366
taxprofiler:948c9d492e276f75ae1f	train	2367
taxprofiler:c03bbc04f7ac12675c1b	train	2368
taxprofiler:dc08cb816ef41b6258b4	train	2369
taxprofiler:0295ae2bfc2f9cb95397	train	2370
taxprofiler:5394792ec98dcd3f0abf	train	2371
taxprofiler:cb81533fe0b95633e2cb	train	2372
taxprofiler:1d411393f46ea9f0a008	train	2373
taxprofiler:4590639223cf51e075f2	train	2374
taxprofiler:b644d1000c91695ffacc	train	2375
taxprofiler:37d48a650029961c3f14	train	2376
taxprofiler:0cd582d0fe8ad47befd0	train	2377
taxprofiler:dbb4d7a4ffd76ac7f6b8	train	2378
taxprofiler:ba532e9825e74673279c	train	2379
taxprofiler:30259127d1dc9b17848a	train	2380
taxprofiler:878f9dd4a690c14c7f12	train	2381
taxprofiler:8fb3bbcabda442298150	train	2382
taxprofiler:62d74b1c495704bd73ab	train	2383
taxprofiler:7d2c7019d3272ebf7882	train	2384
taxprofiler:3fe4cc04386568156bfd	train	2385
taxprofiler:a236750e29b8aae275c0	train	2386
taxprofiler:e5c838407ca921b76633	train	2387
taxprofiler:1aa63696e788626a732c	train	2388
taxprofiler:2c80207c66af2f89c454	train	2389
taxprofiler:c03996a3437f9e9dbe6e	train	2390
taxprofiler:f5c57dde69c9af163ca0	train	2391
taxprofiler:37f9207747ef66b6cc48	train	2392
taxprofiler:5336738ea31e73331c7b	train	2393
taxprofiler:95618122f9a67e51e41c	train	2394
taxprofiler:8168ba33b497ef73b7ff	train	2395
taxprofiler:1f24c771a3b780b4ce19	train	2396
taxprofiler:066ee343336baa1f6419	train	2397
taxprofiler:abc42758fba4e07296f3	train	2398
taxprofiler:e9163ffed6833a435f3c	train	2399
taxprofiler:70db54ed0297863762a0	train	2400
taxprofiler:fedba6715355e5064107	train	2401
taxprofiler:f766bcaf0ba93f3e6b10	train	2402
taxprofiler:8aad2e052868d1ac4198	train	2403
taxprofiler:2953c44f90f20e63f437	train	2404
taxprofiler:85a4ce576fc52a399a75	train	2405
taxprofiler:6e47908694835181488e	train	2406
taxprofiler:17ef9c6565bec9859100	train	2407
taxprofiler:3a9790d068f43ba79633	train	2408
taxprofiler:f422fed829076b983fca	train	2409
taxprofiler:49c9e595298d30dab45e	train	2410
taxprofiler:353dbeaa524287a76431	train	2411
taxprofiler:787504eb83c51d404f1b	train	2412
taxprofiler:e58a497db245dd0b5633	train	2413
taxprofiler:3ff6b838e2e083383186	train	2414
taxprofiler:b59abdca79c6a097524a	train	2415
taxprofiler:f27abb122204f733c9f9	train	2416
taxprofiler:5e1d01e194c7564ac782	train	2417
taxprofiler:a353e82cbbde916e5ea8	train	2418
taxprofiler:3fc176d983fe53111860	train	2419
taxprofiler:cf436be9d9aff8902b91	train	2420
taxprofiler:40f8d25549db3feaf950	train	2421
taxprofiler:9d25636c479e79b56692	train	2422
taxprofiler:e2bb02da499af3086c50	train	2423
taxprofiler:68d202e3b6ef53e1eb94	train	2424
taxprofiler:05bee82076f438d6a3dd	train	2425
taxprofiler:0533fe3981496b1c8855	train	2426
taxprofiler:b5ab7113ba1840c82d9c	train	2427
taxprofiler:d629c5965893952bbe10	train	2428
taxprofiler:6b0fb0a8c7ad16e1cfd0	train	2429
taxprofiler:15facfae2e83470b4572	train	2430
taxprofiler:c1e9e1aefda1b39dadde	train	2431
taxprofiler:dccd9c9178314dc3fa67	train	2432
taxprofiler:02dc0f3020174598795d	train	2433
taxprofiler:731b02140e270a55cfa7	train	2434
taxprofiler:9b5c6c934ae871344b96	train	2435
taxprofiler:8338d2b2b66cc291309d	train	2436
taxprofiler:424e8736c34c021cee1e	train	2437
taxprofiler:019ab55d3588f4d692ad	train	2438
taxprofiler:02bc5dfb946891d41958	train	2439
taxprofiler:45e471bfe01e6f1020e5	train	2440
taxprofiler:f3d243df8c6e9ac977a6	train	2441
taxprofiler:aee3c7d13c00d68bd148	train	2442
taxprofiler:8f41c833e49cac99c391	train	2443
taxprofiler:38e156bc35bf81d9c9bd	train	2444
taxprofiler:8d5bac6c2bfd0f4a7fe5	train	2445
taxprofiler:069e9b4c9ec08420ef46	train	2446
taxprofiler:b0593ec601d1d485b4e6	train	2447
taxprofiler:30850121c94fb6894eb1	train	2448
taxprofiler:25d2fa98fdeab5b13a68	train	2449
taxprofiler:e73c7853716807edb659	train	2450
taxprofiler:68c4c1b58aa333e4b839	train	2451
taxprofiler:4ae0db31a57f977a0c8d	train	2452
taxprofiler:542e002d97293c9dce29	train	2453
taxprofiler:cfb833f25bd92a2b64e5	train	2454
taxprofiler:3c0f84cd0a37c61167a9	train	2455
taxprofiler:6d60d11555b07c1bca83	train	2456
taxprofiler:9fb150487eff1f81c481	train	2457
taxprofiler:2442b6e2df31ad517808	train	2458
taxprofiler:89f0bdeab49e597fb754	train	2459
taxprofiler:16b088db26d95cc68c67	train	2460
taxprofiler:3d492677847d50c09202	train	2461
taxprofiler:14e22c203b2a811ce7cd	train	2462
taxprofiler:6d1f3c7a5e938b6b76bc	train	2463
taxprofiler:e900b05d342c1cd1081f	train	2464
taxprofiler:b7325b7013299495798e	train	2465
taxprofiler:41d36088c83d3db7ce14	train	2466
taxprofiler:6fb41f494061d52864c8	train	2467
taxprofiler:c529a488600210062758	train	2468
taxprofiler:f78361a82ee04329691a	train	2469
taxprofiler:f6889d66684b5a11eee3	train	2470
taxprofiler:10e89b7b0ea301350f19	train	2471
taxprofiler:0a532e5312a2fa24472a	train	2472
taxprofiler:daa56339cd0830f2c05b	train	2473
taxprofiler:e35006a64aa55f44668d	train	2474
taxprofiler:c00096fb3f910b55b97e	train	2475
taxprofiler:e6d945656e5eb4c30e6f	train	2476
taxprofiler:122daded12c09ce71bb2	train	2477
taxprofiler:7aadd73ab6e1ed52b0de	train	2478
taxprofiler:fe4c4af29f6a60a1885c	train	2479
taxprofiler:0a8e799c5caa88b5ad94	train	2480
taxprofiler:900431cda619bd3b0e1a	train	2481
taxprofiler:2c30313223dd16f5cbd1	train	2482
taxprofiler:0ebb420259400a731652	train	2483
taxprofiler:93f98d9a68b090389fca	train	2484
taxprofiler:84601da59e7f83c1d665	train	2485
taxprofiler:720a13ea068ebfa25658	train	2486
taxprofiler:5a008f158ebe11ebf5ac	train	2487
taxprofiler:795c898a2d7979a30305	train	2488
taxprofiler:018a5b9c2de45df8df41	train	2489
taxprofiler:a3bc9974c6828b20f2ea	train	2490
taxprofiler:4e940f41efc45d76941e	train	2491
taxprofiler:ec8095e88ed38bcf88c4	train	2492
taxprofiler:b0a704491a55469de73e	train	2493
taxprofiler:07c609ec5933187a40a3	train	2494
taxprofiler:a369242b25b5446fa6f8	train	2495
taxprofiler:72ba93d6e5ccd3824a84	train	2496
taxprofiler:3a3febeec357840ef621	train	2497
taxprofiler:d6ee747e7b69e462ddc0	train	2498
taxprofiler:05b8381e81df80cb1511	train	2499
taxprofiler:74ddfe2a620d1dcf190f	train	2500
taxprofiler:6cc3e077959615a1b71a	train	2501
taxprofiler:ace68e999cc595dbae8e	train	2502
taxprofiler:899ce7d5df290cb1eeb6	train	2503
taxprofiler:18428c12699c81e2b5fc	train	2504
taxprofiler:603f9d530e047c199c6c	train	2505
taxprofiler:6b5f2c5f2fc8e559245c	train	2506
taxprofiler:70ae802e774f9302c6a0	train	2507
taxprofiler:2366715c801b51470ac8	train	2508
taxprofiler:455947765e0b9b0e7c9b	train	2509
taxprofiler:8fa1c470c39dd4149697	train	2510
taxprofiler:8ee236ce5f03aace3eaf	train	2511
taxprofiler:35f98d35492a0305e8ed	train	2512
taxprofiler:02ffe6cf787832a28077	train	2513
taxprofiler:d6697db3470fe4af543a	train	2514
taxprofiler:7e9169d6d717d12eb6d7	train	2515
taxprofiler:bb002766df88db5437d0	train	2516
taxprofiler:f41ae1eceedff152d13f	train	2517
taxprofiler:c6c98168df55480fb2ae	train	2518
taxprofiler:9887a582660904d7201e	train	2519
taxprofiler:765d413540d8ff8ff301	train	2520
taxprofiler:9ca2984a92622067987f	train	2521
taxprofiler:139fdc83036a41160929	train	2522
taxprofiler:069bb44b23ee2e3ddba3	train	2523
taxprofiler:c4839a5e4fe213854096	train	2524
taxprofiler:886dd551d6b7e38fbd8e	train	2525
taxprofiler:236d19f28f0c52c9c4b2	train	2526
taxprofiler:d94e351290b372683c67	train	2527
taxprofiler:f31aa1bdede40f3b64a2	train	2528
taxprofiler:9a210bc5015294a898d3	train	2529
taxprofiler:adeabbd4d7a30e9e4ce5	train	2530
taxprofiler:ad4d3299b7320b29ff5a	train	2531
taxprofiler:abff4909ec6794c84189	train	2532
taxprofiler:bd0bc472d8496ba8eb14	train	2533
taxprofiler:29f61708d1ecc4c394b6	train	2534
taxprofiler:eea2fb6f4b341921ec20	train	2535
taxprofiler:65c467cd6a9bdfa1dfdf	train	2536
taxprofiler:02b8ef7f03a27606dcdb	train	2537
taxprofiler:c457407b96e3698b339d	train	2538
taxprofiler:ba65ce2acc1fba874a93	train	2539
taxprofiler:f935e67a290ed36b280e	train	2540
taxprofiler:bae102a9df5dea6a143b	train	2541
taxprofiler:c80b11ce7b3b4f9e785a	train	2542
taxprofiler:06a46219a0d70a17f6f9	train	2543
taxprofiler:8c54adc12090750b7ae5	train	2544
taxprofiler:5d96489752da4b1ec387	train	2545
taxprofiler:d0bf35b402001c8fe843	train	2546
taxprofiler:6ab37fed97841208997c	train	2547
taxprofiler:7d467a29206eab529ca4	train	2548
taxprofiler:6e6859747e3001c258bf	train	2549
taxprofiler:ff81c75a6d7b3fdab686	train	2550
taxprofiler:9904d3d65d8fe4fcd4d6	train	2551
taxprofiler:666f8a73d1ac7a20b2c0	train	2552
taxprofiler:943357d7652e796aa031	train	2553
taxprofiler:0a8aac20cbf1aa2d2dbd	train	2554
taxprofiler:569f92467b03e6e7074b	train	2555
taxprofiler:c3f711544327bf3144e5	train	2556
taxprofiler:ed98132478767b7d5a1e	train	2557
taxprofiler:efa97340749cffe9ebbb	train	2558
taxprofiler:dd4e231a6d0df06234ac	train	2559
taxprofiler:e124e4537fd1c448490b	train	2560
taxprofiler:5e5b792854c70b0a5771	train	2561
taxprofiler:62de62e155befb64e699	train	2562
taxprofiler:58a1ad13060b0d0a031e	train	2563
taxprofiler:633dae3e4afdc90b6373	train	2564
taxprofiler:57063a819028aa852fb8	train	2565
taxprofiler:cf515d82583736902f63	train	2566
taxprofiler:57bd6d77d5c4eb738297	train	2567
taxprofiler:adabfdee508b81d249cb	train	2568
taxprofiler:cfd937208cbf235ea63b	train	2569
taxprofiler:6b3a16a0fdb8b9312a21	train	2570
taxprofiler:1c01dd8effc8fcceb04c	train	2571
taxprofiler:6bb894001d316426d68c	train	2572
taxprofiler:05e052fa8370aa1d6493	train	2573
taxprofiler:be79d416de9becd2cbb7	train	2574
taxprofiler:04f122ed65b4a912c595	train	2575
taxprofiler:49c77a1a47f83655312e	train	2576
taxprofiler:e2ae1b4ab1ed9059a5a2	train	2577
taxprofiler:55dda6b3f5d450defd44	train	2578
taxprofiler:367c75a2e726dd919f50	train	2579
taxprofiler:43f1f9d2c6e1cdaf8ff4	train	2580
taxprofiler:1f130c12e8b798442270	train	2581
taxprofiler:599dddfddd9153c2e2d1	train	2582
taxprofiler:116b46e76e645d951912	train	2583
taxprofiler:26f722faf3e4fb4abe2f	train	2584
taxprofiler:046ee81e1aa7784298ec	train	2585
taxprofiler:1699b566d846228f5ea4	train	2586
taxprofiler:cdbb7c8f06054d3bfc33	train	2587
taxprofiler:207a00aadc952b372cf7	train	2588
taxprofiler:de922e84202d1418aee0	train	2589
taxprofiler:d186a067255b190d42a6	train	2590
taxprofiler:dea6e098cf16dae93f37	train	2591
taxprofiler:1c2577235f04f8c14144	train	2592
taxprofiler:893def24152aba67e171	train	2593
taxprofiler:19abdb3a6ec7bc61e9a3	train	2594
taxprofiler:cd6d5796899a9a5d95ac	train	2595
taxprofiler:b3fc7b9b39995a153d99	train	2596
taxprofiler:f2e79f119c4fe447e237	train	2597
taxprofiler:f26f699deb8c6ae38f1e	train	2598
taxprofiler:3c690244ca01da9f04cc	train	2599
taxprofiler:554562fe29c5b6c4b53b	train	2600
taxprofiler:cb26f693e6ad484fd0ff	train	2601
taxprofiler:5cb5e1faa9246d8cf406	train	2602
taxprofiler:6610d0f11ab311d21c3c	train	2603
taxprofiler:14322aeca4d9449f11c3	train	2604
taxprofiler:f336deec7a76228d24c9	train	2605
taxprofiler:19fd7f973b25c11a862d	train	2606
taxprofiler:90efef5ca82c37f50839	train	2607
taxprofiler:26dd67c8c32c420a1a08	train	2608
taxprofiler:4389527abb1cfb0ec73b	train	2609
taxprofiler:576e7c65e8fcb319b89b	train	2610
taxprofiler:f10f9427ee2c9f6d9dcd	train	2611
taxprofiler:2faf6f4fd8cbd1ab2214	train	2612
taxprofiler:a2b075a808f24e82d751	train	2613
taxprofiler:5e3fe783560058761ce7	train	2614
taxprofiler:38fc5a75060d0f52e772	train	2615
taxprofiler:4d43a2305bc502fd4146	train	2616
taxprofiler:ea92d451ea732136546a	train	2617
taxprofiler:6ab3e1c2ba9b28fa926d	train	2618
taxprofiler:e50ef33f9a36071e116e	train	2619
taxprofiler:68b5a20dfcd0d1a7c1d8	train	2620
taxprofiler:466948461019082b5578	train	2621
taxprofiler:7e03e0499a31f3084817	train	2622
taxprofiler:49b4a170bb3538daa128	train	2623
taxprofiler:2d1cc16c15149fd3bc50	train	2624
taxprofiler:a05757c67c74a8a3441a	train	2625
taxprofiler:cd15738307be8bcd8152	train	2626
taxprofiler:c21c2ca45fde352e606f	train	2627
taxprofiler:8e9bcdba3e4942401586	train	2628
taxprofiler:7e12f2335bdc1f586a6e	train	2629
taxprofiler:35598c589649cae4d8b6	train	2630
taxprofiler:f0363c8c2dbdcb01d950	train	2631
taxprofiler:0d70b8a6868dbc0aebde	train	2632
taxprofiler:96065ce8f4d0a67001df	train	2633
taxprofiler:857bb1ae9e5fe7c563ed	train	2634
taxprofiler:290cfa0695aa4fde41ef	train	2635
taxprofiler:9d56cc38a1b2c1c892fe	train	2636
taxprofiler:ff3894de7a618b4e6034	train	2637
taxprofiler:4fae80c8fb2a7b2fd1d6	train	2638
taxprofiler:595516aa06ce9d8d51da	train	2639
taxprofiler:98c38bd8078a33c042d7	train	2640
taxprofiler:73b9396b2dbd25b9d8b0	train	2641
taxprofiler:41ef7fede0356a2123ab	train	2642
taxprofiler:aef66abb774857555ce4	train	2643
taxprofiler:4953834587eb52365a7c	train	2644
taxprofiler:e25306d450b8afc30b94	train	2645
taxprofiler:736f35b82c93cdb4e983	train	2646
taxprofiler:924b848948c2da5fd2c8	train	2647
taxprofiler:317eb11847ec281a36cd	train	2648
taxprofiler:df443316cc7a26166410	train	2649
taxprofiler:2d4d25349f5f1b5fac0b	train	2650
taxprofiler:ffc5c7bd35d9644af7f2	train	2651
taxprofiler:ff61b1f8c7858bd2f388	train	2652
taxprofiler:a1f2fac7296d64618cbb	train	2653
taxprofiler:20f0aa8d685b30ed4d34	train	2654
taxprofiler:0c2482cd81e210fccc8f	train	2655
taxprofiler:a5ec769dee6f065d24ad	train	2656
taxprofiler:62f089a581a629671964	train	2657
taxprofiler:eff5a7fcc898a8989450	train	2658
taxprofiler:1b7db4a0a0ff6cc56869	train	2659
taxprofiler:20d37cb58f7db4431292	train	2660
taxprofiler:d62eddd7a6cd06e5a998	train	2661
taxprofiler:ae96f846e32cae70d769	train	2662
taxprofiler:dd5bda8472a32d4e9d59	train	2663
taxprofiler:f1c4496eb3d626c47669	train	2664
taxprofiler:fdf82fa461074d59cfce	train	2665
taxprofiler:75a71fccf7cd22057fba	train	2666
taxprofiler:9672fb5fbc829419be58	train	2667
taxprofiler:9ac9d398aaffa3759040	train	2668
taxprofiler:454f7f2509ca28090c32	train	2669
taxprofiler:eb2f54cf9d7746d4c4b4	train	2670
taxprofiler:fef440118bae292a975c	train	2671
taxprofiler:b2d84c2682c10a6c8101	train	2672
taxprofiler:9276d806b213acec6da1	train	2673
taxprofiler:34c9941eb7c98839df1c	train	2674
taxprofiler:fac57ebebbc4bc04a06a	train	2675
taxprofiler:add68d934add1ac11d19	train	2676
taxprofiler:afb29aa35715e7251aa0	train	2677
taxprofiler:e05e591818d4ea9ce151	train	2678
taxprofiler:c4d21f4b140dfddb8e9a	train	2679
taxprofiler:c0450d955122e34a7817	train	2680
taxprofiler:6fcd0e79e48fdfbd6341	train	2681
taxprofiler:db2e3867106d3b4c1ad1	train	2682
taxprofiler:67e3be78eccd3f86fc9e	train	2683
taxprofiler:78a2c539f07ed9fa8044	train	2684
taxprofiler:fed70781ee6d8f7c7cc8	train	2685
taxprofiler:760b93ee36dda101cd5b	train	2686
taxprofiler:3ad13067f72b5026b2e7	train	2687
taxprofiler:f6d66e13e0245ea4ff9b	train	2688
taxprofiler:707942e377c4ca795812	train	2689
taxprofiler:07dd3fb6d039a5d2baea	train	2690
taxprofiler:77884af43e81ac9c3149	train	2691
taxprofiler:e239e8a173f75b5bcdad	train	2692
taxprofiler:0d389bb1bd4ede3e8a90	train	2693
taxprofiler:fc13c3326f327f8d712c	train	2694
taxprofiler:cab06c7e4bd9050c9ac4	train	2695
taxprofiler:ece5871f38ba23edcf46	train	2696
taxprofiler:3f2363080d292d19396e	train	2697
taxprofiler:bfcdcc5ae927f10b4f24	train	2698
taxprofiler:2bcc771d1ee06cd3390f	train	2699
taxprofiler:8580f674a1436647c9d8	train	2700
taxprofiler:5aabab9a669dca09b3f7	train	2701
taxprofiler:fb90aa593f3c2d2491bb	train	2702
taxprofiler:1177cd44127a290d0862	train	2703
taxprofiler:20f9e069841bc307e6c8	train	2704
taxprofiler:34c4f0e8cf4826729db0	train	2705
taxprofiler:e0b41bbbd1848a136d5e	train	2706
taxprofiler:393c92455f17b1c92197	train	2707
taxprofiler:3bf11c0fa70114838ec8	train	2708
taxprofiler:1dd4661303f1792bbd2f	train	2709
taxprofiler:86d2a070836bc99804de	train	2710
taxprofiler:faad5ae8bae71332165d	train	2711
taxprofiler:f6c1666f5a915f66544d	train	2712
taxprofiler:63dd30352f770d6ce5bb	train	2713
taxprofiler:faa98e2d4bac0c494e6c	train	2714
taxprofiler:58fa66c3206af9e277e4	train	2715
taxprofiler:53ffd7d0fa59ef53bdab	train	2716
taxprofiler:dc354b8e4985cb932f68	train	2717
taxprofiler:cd3e3d850caa4e5bc2d1	train	2718
taxprofiler:fab3f3ec2fc0c2a85070	train	2719
taxprofiler:adfe72fa8bf1f3455f66	train	2720
taxprofiler:540feb979d95b68a74b4	train	2721
taxprofiler:37bb3c4434a7fc6a0aa7	train	2722
taxprofiler:d913fec9a915000d9eb3	train	2723
taxprofiler:068ecc2a5f011f3482b6	train	2724
taxprofiler:ed38ce9d7583efacd874	train	2725
taxprofiler:ad7a98cb250e59bad3a5	train	2726
taxprofiler:d421f0a1c34680020aa9	train	2727
taxprofiler:db26ab7b165ae1a23365	train	2728
taxprofiler:8e62f26a75348b38e416	train	2729
taxprofiler:c1ab54053e97cfa2642e	train	2730
taxprofiler:1ebadc0daa4aa6bb4fd8	train	2731
taxprofiler:24fae4920f74cb33c052	train	2732
taxprofiler:b2065b8c5f70e2e95447	train	2733
taxprofiler:eb60fd87a034689c2d0b	train	2734
taxprofiler:17aa34815d2fbf1faf06	train	2735
taxprofiler:e5d98e63611cc6f9a5a2	train	2736
taxprofiler:09dd02d2fd5491fce949	train	2737
taxprofiler:77a6425cd66f187974f1	train	2738
taxprofiler:77d590037bcba47e4773	train	2739
taxprofiler:7965b76b1d333d7524f5	train	2740
taxprofiler:8afae150e6785b826f53	train	2741
taxprofiler:e0e0e998046070d9f42f	train	2742
taxprofiler:c6dbd83dfa7242074f83	train	2743
taxprofiler:a482283f5855013baac3	train	2744
taxprofiler:2d9553c50dcdf421b41d	train	2745
taxprofiler:78f5aecab81e5c6a7eac	train	2746
taxprofiler:f3ffc729b7cc5f94b70a	train	2747
taxprofiler:ce86f03595f48596b807	train	2748
taxprofiler:aa887be2663d9a0ee201	train	2749
taxprofiler:a37c7cdadab202c53339	train	2750
taxprofiler:603df2d5811e708381b6	train	2751
taxprofiler:3396926324a88f2a6db9	train	2752
taxprofiler:6627d076f1033e3ecb01	train	2753
taxprofiler:fd3560026789bb015fd9	train	2754
taxprofiler:9cd41b6f91c1aa5dbc47	train	2755
taxprofiler:11432135c3e44ce94144	train	2756
taxprofiler:728e9bb4dd7562f32f39	train	2757
taxprofiler:49bbea60a0116594dca2	train	2758
taxprofiler:f759bca028a3ed64d79c	train	2759
taxprofiler:c7b7a63b694ba8df755a	train	2760
taxprofiler:b2f0db9913f000577f94	train	2761
taxprofiler:b91d27fd02fc028ad422	train	2762
taxprofiler:28499151ecb5c1fa9235	train	2763
taxprofiler:fd37da5f707bd9fcf0da	train	2764
taxprofiler:2a1bda5ef8869993b5c9	train	2765
taxprofiler:02b0585d8b0cb8d0546f	train	2766
taxprofiler:39a93fe9c68e0d128c4c	train	2767
taxprofiler:c400fbfd6e0ca6ef9a17	train	2768
taxprofiler:4acbfe296d75b4a28589	train	2769
taxprofiler:ed2887ef428a568dfb54	train	2770
taxprofiler:ba17e9cdc14f4737d4d5	train	2771
taxprofiler:a3f603f8864299ca49c9	train	2772
taxprofiler:f1471971c0aed5c2ff71	train	2773
taxprofiler:6ffaa1f4b6ccee010fc7	train	2774
taxprofiler:e4197b29c9111849c268	train	2775
taxprofiler:c7c0d545b9a9f6f1f878	train	2776
taxprofiler:e8f7bd3f6ed54e253db9	train	2777
taxprofiler:7ea0f390926e0d10e3fe	train	2778
taxprofiler:4d69e50c780def77a3de	train	2779
taxprofiler:5902b4674b1c74b8007a	train	2780
taxprofiler:a2f33efe447a6a714d2d	train	2781
taxprofiler:3065858d2a37f7fb82e8	train	2782
taxprofiler:c93b54a94bea3cb97183	train	2783
taxprofiler:700fe63984d6c1d5af23	train	2784
taxprofiler:890fb7035f760a8d1e64	train	2785
taxprofiler:9cbc90f1ee1c1954efe4	train	2786
taxprofiler:1385aef92d86e0ce59c8	train	2787
taxprofiler:3f8133d3ef36d4398e34	train	2788
taxprofiler:a8b8751c56e20665e655	train	2789
taxprofiler:e060c9e2d93ef6610fe4	train	2790
taxprofiler:c6980fdeffc852cdb337	train	2791
taxprofiler:54f9513ecdd863b571c8	train	2792
taxprofiler:5745d018f06ed7709e62	train	2793
taxprofiler:19bd307d0f101767ea1e	train	2794
taxprofiler:0eea16eba5b6bc2bb5b4	train	2795
taxprofiler:780a659be2441708248e	train	2796
taxprofiler:e0d678c116ac1802a393	train	2797
taxprofiler:7dae86aca1b38e7ef65f	train	2798
taxprofiler:b64b4d7a4abb6f683a03	train	2799
taxprofiler:5061115227e65b0ef531	train	2800
taxprofiler:d4409e39787984eb180b	train	2801
taxprofiler:d2100479909874c4eeeb	train	2802
taxprofiler:1b60aa22473dad9dbfc3	train	2803
taxprofiler:290f007bd58647bc7cb3	train	2804
taxprofiler:6a39051f875057620a88	train	2805
taxprofiler:105613af1a284ab66334	train	2806
taxprofiler:52f7eeb6b271497b36f8	train	2807
taxprofiler:8cef258d235eb009ff8b	train	2808
taxprofiler:d41b5ab4fd58544eb106	train	2809
taxprofiler:925d23ecdb98a67b99bb	train	2810
taxprofiler:cc8f56a0ed7973586bb4	train	2811
taxprofiler:89de76e8e85afcf1eb7a	train	2812
taxprofiler:770783ae5ddd8836448b	train	2813
taxprofiler:779b933c50cd6bb691e4	train	2814
taxprofiler:dfb0c0e31094c952be42	train	2815
taxprofiler:ea0aa2a6841d4c055fcb	train	2816
taxprofiler:db8ac1c536c5810ba390	train	2817
taxprofiler:eb49ffddb88c5937c0f3	train	2818
taxprofiler:a5468e311fa831598ced	train	2819
taxprofiler:773e8a7819f822e72d3d	train	2820
taxprofiler:829d9a9638c4d17867d2	train	2821
taxprofiler:628b548f883ae88b5562	train	2822
taxprofiler:dae0b494183df4585070	train	2823
taxprofiler:11968507dfb242d9dad7	train	2824
taxprofiler:a38f84d8d376d79cb37c	train	2825
taxprofiler:abe0c9037e912b8b7d74	train	2826
taxprofiler:656ddbaf01a2426f7e74	train	2827
taxprofiler:3a8119dc776d02512ba1	train	2828
taxprofiler:1085c86435ce5e4d4adf	train	2829
taxprofiler:3da50ef0e37fb838d9e0	train	2830
taxprofiler:50baeda371a3709e18d1	train	2831
taxprofiler:07cb0d5d8cfb22eee79d	train	2832
taxprofiler:56dc47aa9efd96c34c50	train	2833
taxprofiler:e2f067d470acbbdeee45	train	2834
taxprofiler:c1b99b1fcc252e2d2a1b	train	2835
taxprofiler:015d2f2eb57ef9128efe	train	2836
taxprofiler:4c84b0fe99fa626204e5	train	2837
taxprofiler:9ea40fe73d13038a5fe1	train	2838
taxprofiler:053547b1cb5863ed1093	train	2839
taxprofiler:77003b3326ef8e5eca7e	train	2840
taxprofiler:649ab50e2c32ee4a8fea	train	2841
taxprofiler:e770f3fcaf08a9fc7015	train	2842
taxprofiler:7d098568aaf643c5ad46	train	2843
taxprofiler:06585a7d8acd0ba1436c	train	2844
taxprofiler:a6e8b96b4f894325ecc7	train	2845
taxprofiler:1f2aea8cf54047b0dbbf	train	2846
taxprofiler:393a8b031879f4a6f765	train	2847
taxprofiler:64f5130c6b236d200b48	train	2848
taxprofiler:e58ffb9e289c9aa06250	train	2849
taxprofiler:08ae1e46d1c87da99dc1	train	2850
taxprofiler:9cf5919ac17087c8e2e1	train	2851
taxprofiler:f2c1a626da66411a5dfd	train	2852
taxprofiler:d3785bf8b8945be6eeca	train	2853
taxprofiler:75392bc2c8ed1e420bfb	train	2854
taxprofiler:e0c1fc05c76134552d7a	train	2855
taxprofiler:0c9d116f0a4af178273b	train	2856
taxprofiler:0e982013ee3f4dec982c	train	2857
taxprofiler:6f30bf7d654a548e968f	train	2858
taxprofiler:7eb25fece8b6fab355c4	train	2859
taxprofiler:63f5477b4c41c636f64f	train	2860
taxprofiler:46133955302bfc6b83c4	train	2861
taxprofiler:2a49852043f777d5cad8	train	2862
taxprofiler:cb4a3b8407c5587c5493	train	2863
taxprofiler:191d74b185f9747e32b6	train	2864
taxprofiler:eed58bb63f8e190f1f72	train	2865
taxprofiler:7f0eca0ade171afa6d38	train	2866
taxprofiler:a65068b70b7c0db297c5	train	2867
taxprofiler:73523c43b1aa69e88343	train	2868
taxprofiler:47949dc0d745e29b8b85	train	2869
taxprofiler:e7fd342b20c8ffe45a09	train	2870
taxprofiler:f78ea29927d3f86c2ee8	train	2871
taxprofiler:15f53d661e9d0397820c	train	2872
taxprofiler:8626f4c9b7c6a2d68dab	train	2873
taxprofiler:c2ade9ef561b0ce26b0e	train	2874
taxprofiler:bd1945d4b0da06fac60c	train	2875
taxprofiler:bcda582aebe35e97ddcd	train	2876
taxprofiler:7619643f404b89806cee	train	2877
taxprofiler:e3810a749f971338855c	train	2878
taxprofiler:d81d42448cfd9fb20d7b	train	2879
taxprofiler:72bbfff0159158525c3f	train	2880
taxprofiler:cfc3ceb4f617f187452a	train	2881
taxprofiler:516ff0c9351e8d355c14	train	2882
taxprofiler:d01682f6e386d49cdd07	train	2883
taxprofiler:41243c25336fcd8e3af5	train	2884
taxprofiler:266d3601f76600cc67b8	train	2885
taxprofiler:cc78831f71df2d49092f	train	2886
taxprofiler:dbc620b0a68bdc7c20ce	train	2887
taxprofiler:cd30cd05604c698f7a9f	train	2888
taxprofiler:34de2987860f23c03fa0	train	2889
taxprofiler:29e9033f73136d20c384	train	2890
taxprofiler:b8f9c306717292214e2a	train	2891
taxprofiler:609e8a5edbcafe70ba6c	train	2892
taxprofiler:ebb67bf6cbb00b94e724	train	2893
taxprofiler:9222dcb8f222a362e93c	train	2894
taxprofiler:78ac4e890ea17ba2ba6b	train	2895
taxprofiler:20f33f3ac44dd95d6b79	train	2896
taxprofiler:09218ea4304bac82bd47	train	2897
taxprofiler:f5813f6413b3b11c0a20	train	2898
taxprofiler:5a5c39b65bef400168f2	train	2899
taxprofiler:38dfaa1418eeaf3e9883	train	2900
taxprofiler:67371ae708e8193e83a0	train	2901
taxprofiler:3e146484f922e7b9114f	train	2902
taxprofiler:b7198d89ea0051017048	train	2903
taxprofiler:1b8efa124241325263c4	train	2904
taxprofiler:a1a02942040d152cde19	train	2905
taxprofiler:a7ebceec590e9092bcbe	train	2906
taxprofiler:27b01f0871480e111285	train	2907
taxprofiler:5f60bf5cfdc8b3fc913c	train	2908
taxprofiler:188765dea2fe0fc28d75	train	2909
taxprofiler:92a4b639ac711e3313b9	train	2910
taxprofiler:67e57b4693240f5c7681	train	2911
taxprofiler:1a21e4cb0b6447a04ff6	train	2912
taxprofiler:6e20b774593172ee15ce	train	2913
taxprofiler:60ca4034bf49eaaddd7d	train	2914
taxprofiler:0771117d842dfa182178	train	2915
taxprofiler:edb263263e28f4a50719	train	2916
taxprofiler:a1d3e33f3add1c75244e	train	2917
taxprofiler:e6b35fcf88f2e94c3856	train	2918
taxprofiler:3d10e2f8d928852e41fb	train	2919
taxprofiler:0e1d7ced1d32a88b5f64	train	2920
taxprofiler:0245ca9027f13cd9bbd9	train	2921
taxprofiler:df4667ebeb4a7a187014	train	2922
taxprofiler:1af0399bb2f79bccbf20	train	2923
taxprofiler:e53b966a6954187588a1	train	2924
taxprofiler:ec7af796f2a9e10cd49e	train	2925
taxprofiler:9c5dc636a37f44474637	train	2926
taxprofiler:42975bc29a1dfbd0bb22	train	2927
taxprofiler:bd7149a87b6266f123db	train	2928
taxprofiler:6599bd2d49e25125320d	train	2929
taxprofiler:40eeb7179543246e7ec3	train	2930
taxprofiler:eb7c19677cac9e353374	train	2931
taxprofiler:ec4bc7b36722d1c83af1	train	2932
taxprofiler:173a5727e51b2d7f4a72	train	2933
taxprofiler:3889eb25277cb082592e	train	2934
taxprofiler:4d7c7cbd2811ba2c4bdc	train	2935
taxprofiler:19abdc3bed52de8a6808	train	2936
taxprofiler:185b70b7fdf6c53edeef	train	2937
taxprofiler:b496c43133a5f0e68e9c	train	2938
taxprofiler:47b6389fccc0d63aa3ba	train	2939
taxprofiler:5ca18231fd1698517b23	train	2940
taxprofiler:42d0f5109230f87f50d6	train	2941
taxprofiler:41f83ea224bbd41f4440	train	2942
taxprofiler:5d5dd128b8a5c72d4d7e	train	2943
taxprofiler:ca5927acaa01e0295b44	train	2944
taxprofiler:c7efba2744e72d42f7ef	train	2945
taxprofiler:d22a333e91978ae657d1	train	2946
taxprofiler:ffbd179245e904900274	train	2947
taxprofiler:83dbb28c3cd9b0f95b4a	train	2948
taxprofiler:b469a7f8fac6d9bf797b	train	2949
taxprofiler:490d2ac268de140d80b7	train	2950
taxprofiler:8e92a605f5270dc7fa14	train	2951
taxprofiler:64a357aca00219271e0d	train	2952
taxprofiler:d06cc037eb04236ede74	train	2953
taxprofiler:c51a496ef368d312b8c7	train	2954
taxprofiler:fb476164e0d50e067d18	train	2955
taxprofiler:68442603bc304f34c5fc	train	2956
taxprofiler:09c9c625904fe68961ab	train	2957
taxprofiler:18599601bad91b652bc4	train	2958
taxprofiler:93c4f58d744d8096ee86	train	2959
taxprofiler:6270d6413b72768f43f5	train	2960
taxprofiler:dd64ba96d427006b77eb	train	2961
taxprofiler:d8f3f1e490e5a22c590d	train	2962
taxprofiler:b30995f5992a93b06672	train	2963
taxprofiler:7183f09c05e244b0279c	train	2964
taxprofiler:05ecc113710c716cc09e	train	2965
taxprofiler:4468d9e3c4100120298d	train	2966
taxprofiler:c5b213c546509625ab30	train	2967
taxprofiler:164be69f15e7847c5fce	train	2968
taxprofiler:9bbb8703b5b1867050ac	train	2969
taxprofiler:4a92eb1871cdc026d790	train	2970
taxprofiler:c336e8683f194c5604fa	train	2971
taxprofiler:9709e88a13bf13e7f91a	train	2972
taxprofiler:a239bbeee80bfdb98b8c	train	2973
taxprofiler:c4f40a07c1d0a4ada4de	train	2974
taxprofiler:fa1d7ac6da6a0fcfac68	train	2975
taxprofiler:1ec3a9635b82b007ccff	train	2976
taxprofiler:c950a0c9d29e772a2c40	train	2977
taxprofiler:c70d2938b290c3c032c1	train	2978
taxprofiler:6c19363e3f574e876c71	train	2979
taxprofiler:ca4460ca5c1cd795194f	train	2980
taxprofiler:9d71260a9116ed8f22ec	train	2981
taxprofiler:30102f1a6145cdf8c689	train	2982
taxprofiler:eb37832077ef68e918af	train	2983
taxprofiler:b25cc03ce8efe75dcf97	train	2984
taxprofiler:26f30833d07695e20670	train	2985
taxprofiler:6ccfbe02d3e78cec44c1	train	2986
taxprofiler:10e25e0ad259fc53b15e	train	2987
taxprofiler:db37994b93674171fe6e	train	2988
taxprofiler:50382575fe1ca59b1ccd	train	2989
taxprofiler:70d89a5f9f0efa534fa2	train	2990
taxprofiler:bf658f6da70b7379d49f	train	2991
taxprofiler:5cf1563297512667d2f1	train	2992
taxprofiler:2f0371dae8e3d3b2e5da	train	2993
taxprofiler:68391964b97c7fdee166	train	2994
taxprofiler:6c4d58b0a87c25147b25	train	2995
taxprofiler:ead1a93169368d1cc80a	train	2996
taxprofiler:dc2486799d84f1b4249a	train	2997
taxprofiler:45c5cb146708d2d3b7f3	train	2998
taxprofiler:b2f5e099b001f2b98501	train	2999
taxprofiler:d60c03b1db42618b9a04	train	3000
taxprofiler:35e70145377fb36742be	train	3001
taxprofiler:8e94b660aba14ce076e3	train	3002
taxprofiler:18f9e8fbc288236ed8b8	train	3003
taxprofiler:87ce5e4eabc01c73d32d	train	3004
taxprofiler:e7d248a1a286af397454	train	3005
taxprofiler:27d93ae3fbdbdd16012e	train	3006
taxprofiler:8053f87a112d0c5b58bf	train	3007
taxprofiler:ef65ee3f8c4cf3fc3e19	train	3008
taxprofiler:e6fa2be464743b32fdbf	train	3009
taxprofiler:8da7dc550e44351c2084	train	3010
taxprofiler:4d35912204c79d532b55	train	3011
taxprofiler:7a0ba65aea0e1ff11d82	train	3012
taxprofiler:39cdf74247defc1b87d6	train	3013
taxprofiler:07efc41f6565598ee580	train	3014
taxprofiler:c0df4677de25df92e536	train	3015
taxprofiler:ca9ee46c0f84486a42d6	train	3016
taxprofiler:2e83e8ba2d9590941312	train	3017
taxprofiler:05c52fe5fb4c27b3dab8	train	3018
taxprofiler:998f508e26bd4388a86c	train	3019
taxprofiler:f8abc2444e0eed1ab49b	train	3020
taxprofiler:a23f622b7da67bf6aa67	train	3021
taxprofiler:b6b8003ceac62d6408a9	train	3022
taxprofiler:04f7af09a4e379587ee0	train	3023
taxprofiler:8b20c3cb7490d1a03984	train	3024
taxprofiler:2803f0b734c3dd17e91d	train	3025
taxprofiler:d5a54c97f8b7fd63313d	train	3026
taxprofiler:63fe7d2f5bb047b3cd95	train	3027
taxprofiler:0e068d8c8d759ef84661	train	3028
taxprofiler:91c64b65f4b5e6b13c27	train	3029
taxprofiler:206c0d8c2a1ed9a33485	train	3030
taxprofiler:fb0095f4af8d97bdc945	train	3031
taxprofiler:77a60573c3f1406170db	train	3032
taxprofiler:b2aecfa95432bdeb9d40	train	3033
taxprofiler:3552fd1631e8a449bfcc	train	3034
taxprofiler:08e73aefe26713dbda09	train	3035
taxprofiler:e07075ee1a24355bb2c6	train	3036
taxprofiler:9abb9f60d7ddc8b0c0e7	train	3037
taxprofiler:6c05c8f99f20b8be413a	train	3038
taxprofiler:52fc93c6d8a76fb7bfc4	train	3039
taxprofiler:d79ae6c497ec58f2fcc1	train	3040
taxprofiler:c5346dd616a6a6e8f6dd	train	3041
taxprofiler:07cd55faf2706b204494	train	3042
taxprofiler:22356bdf478f7dbc123d	train	3043
taxprofiler:a74ade73e4eb42a3bc5b	train	3044
taxprofiler:db403dac9b896b2a422e	train	3045
taxprofiler:7ab08bc63e647f9c63f1	train	3046
taxprofiler:f8782957273adaa4a82e	train	3047
taxprofiler:001ff94d991b55d3c86d	train	3048
taxprofiler:2d594aab01e34c618ce5	train	3049
taxprofiler:0f869b6dfd30de800992	train	3050
taxprofiler:777cbf3f0c31c30faad4	train	3051
taxprofiler:dbd66455990c95a44b55	train	3052
taxprofiler:f559b7db2b2002789654	train	3053
taxprofiler:8a7550437614f96cef1e	train	3054
taxprofiler:11689bd2e9e91fa0d454	train	3055
taxprofiler:db007d17925a88566b57	train	3056
taxprofiler:4b76139ef8f97773f6bf	train	3057
taxprofiler:30f4d7f5a25ed9733864	train	3058
taxprofiler:ff5025dc1f5ad64122b5	train	3059
taxprofiler:ffb01103449fa6738c5d	train	3060
taxprofiler:8088c2d8295ad593729e	train	3061
taxprofiler:8c939ec59a16c4ac8c67	train	3062
taxprofiler:9c81a12581ac7dd13ec6	train	3063
taxprofiler:7263056e9ddbacaff5c6	train	3064
taxprofiler:09a7a506b273783a4dc9	train	3065
taxprofiler:76e91258e6c8f463d721	train	3066
taxprofiler:4c0b2312cb762a994275	train	3067
taxprofiler:73ef2b06469a93511bb8	train	3068
taxprofiler:f5043397eb0faef93752	train	3069
taxprofiler:fd3676a2ea05b9c31aaf	train	3070
taxprofiler:7e247813c4ef8350614f	train	3071
taxprofiler:958826a9efa50a60b05c	train	3072
taxprofiler:856c70890b0b4202b183	train	3073
taxprofiler:76d211c9f44c7df72281	train	3074
taxprofiler:f77cd9d98047fd4d26a0	train	3075
taxprofiler:d807c12ca48ab62c4ced	train	3076
taxprofiler:b0c7040769cc9b5bba5a	train	3077
taxprofiler:2e49b1abd91854d28683	train	3078
taxprofiler:5548a805fc8e7cb79016	train	3079
taxprofiler:8df285dd532f58b074ea	train	3080
taxprofiler:e8e6208bf96f10a013b2	train	3081
taxprofiler:e85b2e07dc83c49ddf56	train	3082
taxprofiler:5d21b6da7fd613bd5218	train	3083
taxprofiler:41f8a83889b410f5bc3d	train	3084
taxprofiler:77d9759cdec49945295e	train	3085
taxprofiler:eae41d0aebf2f9942b07	train	3086
taxprofiler:3589c4559ec209fe8a37	train	3087
taxprofiler:39ccfcc02cbcbdb1d6ce	train	3088
taxprofiler:c1232593f045f97d3881	train	3089
taxprofiler:c9e205a2d5f2658215a3	train	3090
taxprofiler:b077c3d210921df61f15	train	3091
taxprofiler:d747b26cab164e96bf5d	train	3092
taxprofiler:850a050c776ad64a6da9	train	3093
taxprofiler:fca0c41fb2d1ab860799	train	3094
taxprofiler:3e942dee9cd006bcc515	train	3095
taxprofiler:08b3ef419597caea4fd5	train	3096
taxprofiler:46008bd9a5154943d901	train	3097
taxprofiler:56c8dcfd38d4d8510a8b	train	3098
taxprofiler:854c52f0214d9f729c49	train	3099
taxprofiler:d123bb051c6797a5a979	train	3100
taxprofiler:492c126879c85380fc61	train	3101
taxprofiler:e3bf86fe0a35be62c477	train	3102
taxprofiler:2ad95815d34754a9b573	train	3103
taxprofiler:79fd8a3e91f30fd58c7f	train	3104
taxprofiler:9aac4b4d4bf5df235eca	train	3105
taxprofiler:5a333d94337c1dadb518	train	3106
taxprofiler:96b848b06454e1f44447	train	3107
taxprofiler:95694e69affd0ec8eacd	train	3108
taxprofiler:35b1483f2a112046270b	train	3109
taxprofiler:c417a364cd8c0b5f5f11	train	3110
taxprofiler:eb9271f35068f243c43b	train	3111
taxprofiler:25a2aea20c4f93d0dd8d	train	3112
taxprofiler:7e56633a831f7d386e22	train	3113
taxprofiler:2d3d981cec802d50bbdc	train	3114
taxprofiler:d76b0b768020869d836d	train	3115
taxprofiler:df85810e3a6be8c4fe97	train	3116
taxprofiler:e2209304fa2ec14c8520	train	3117
taxprofiler:deda535fe134d7945b0e	train	3118
taxprofiler:e8d5eb6bd18f69e4b237	train	3119
taxprofiler:a9a2eabfec5b4caa2d05	train	3120
taxprofiler:a109f12805d5371651a0	train	3121
taxprofiler:e39f6002e914a943f64d	train	3122
taxprofiler:532c0fa5d67b957c5400	train	3123
taxprofiler:28dc603a6ea9c514b74d	train	3124
taxprofiler:2620f35778258bf6c3aa	train	3125
taxprofiler:40d824b076ed9884f17d	train	3126
taxprofiler:53fdf4d7a28d12841cfa	train	3127
taxprofiler:8d801d6cf1204e05c821	train	3128
taxprofiler:0182ad6b67d1e686f63e	train	3129
taxprofiler:a1d1b0edcaef3c1f1bca	train	3130
taxprofiler:6b2ad6a650c9c55e8575	train	3131
taxprofiler:030d1414dd216cf0ab0c	train	3132
taxprofiler:278482a7a5e20799138e	train	3133
taxprofiler:0fdfc2c1d9bb833729cc	train	3134
taxprofiler:95539f54dcb17b80d451	train	3135
taxprofiler:99596a91fb19a6205081	train	3136
taxprofiler:7422668b00c730d7519e	train	3137
taxprofiler:0dacab11a8ab7f490983	train	3138
taxprofiler:65880e809c69e7ccd17d	train	3139
taxprofiler:b2e10989af4bd835edc9	train	3140
taxprofiler:09ee9a30ef726ac78c8a	train	3141
taxprofiler:7f2597fd3e203cb9dcbb	train	3142
taxprofiler:062225265d1df6c7ed83	train	3143
taxprofiler:d0147f451af09789cdb3	train	3144
taxprofiler:1cdc855b83882f43be00	train	3145
taxprofiler:42d581a34b6d6b7e06ba	train	3146
taxprofiler:8e869b649f72ef58d2f3	train	3147
taxprofiler:225bfbe41b3ab7cc935b	train	3148
taxprofiler:277afce7fe6c03813aba	train	3149
taxprofiler:cf2cf24ed773e3823448	train	3150
taxprofiler:b1ca12f2db7e4cca3737	train	3151
taxprofiler:c73773f519a15027efc5	train	3152
taxprofiler:3d19a7b0cb044db8cb79	train	3153
taxprofiler:a98c541cb23f44188fb7	train	3154
taxprofiler:a737bb7597eb0ba39795	train	3155
taxprofiler:620591c1b0fd4a430a1c	train	3156
taxprofiler:256b26c5c8fe93919e9a	train	3157
taxprofiler:aaf1d04d0a2d944e226c	train	3158
taxprofiler:102d184e702f79b07e02	train	3159
taxprofiler:93bed0e1f3016718b12d	train	3160
taxprofiler:182e8bc7770da551c62e	train	3161
taxprofiler:e2026c2185416c178368	train	3162
taxprofiler:86fcbd73b638e32e42ed	train	3163
taxprofiler:124898f9f67779f519b4	train	3164
taxprofiler:647978ad51204fcac1ba	train	3165
taxprofiler:686d22e3fe5adf2603a3	train	3166
taxprofiler:23434d26bd8431628795	train	3167
taxprofiler:1823a9a8c8be116a5e57	train	3168
taxprofiler:5a57f655331c63f44717	train	3169
taxprofiler:81a4567476919feef860	train	3170
taxprofiler:2f2ccabc0e16ba13ca29	train	3171
taxprofiler:da071504e3c2845d211c	train	3172
taxprofiler:9c81433d5e47ee4eddff	train	3173
taxprofiler:df89d7273859918b69e0	train	3174
taxprofiler:bde55a3126241638d56d	train	3175
taxprofiler:e3ec451e443d514b97f3	train	3176
taxprofiler:584d2c167d2768518bdc	train	3177
taxprofiler:d1ae6cdd8ef4c56cd722	train	3178
taxprofiler:3218fb9ac3ba44a96db2	train	3179
taxprofiler:c0ff27e8b341ef784440	train	3180
taxprofiler:150a69dafc069e1cc89a	train	3181
taxprofiler:c3468c7582d2088d1f21	train	3182
taxprofiler:3ab76e0defcb6d5966a6	train	3183
taxprofiler:e424d33396783e517f3a	train	3184
taxprofiler:288bb0f5e0ea5240fa62	train	3185
taxprofiler:557dbdbf2f6346aad8f0	train	3186
taxprofiler:000f4a79403a0867b798	train	3187
taxprofiler:b807ba71ec7f76d4ea2d	train	3188
taxprofiler:c5dd0ac862aa36734d3c	train	3189
taxprofiler:718b9f78be8e3680a466	train	3190
taxprofiler:f422c265bf2f8d5f5038	train	3191
taxprofiler:e5bead5ff02b4d0610dd	train	3192
taxprofiler:49fc39059c9ccfab4f97	train	3193
taxprofiler:58378d2b6e45b5458e64	train	3194
taxprofiler:dee16e2178b0c74bca6d	train	3195
taxprofiler:1e6a3a44d04b55421c38	train	3196
taxprofiler:2c95eb0fde5d398eb6b6	train	3197
taxprofiler:ac96ace0453998c005f1	train	3198
taxprofiler:1af4b9e542bf5f66df87	train	3199
taxprofiler:a9b54e2e32a9c45fa08e	train	3200
taxprofiler:f996a0a9539ae5621b4b	train	3201
taxprofiler:b548b66fdee020efa937	train	3202
taxprofiler:d14befb3ea9fed417ec9	train	3203
taxprofiler:3f0bc80901ff68413b82	train	3204
taxprofiler:a4bd5b88de3ed45a6200	train	3205
taxprofiler:17f6deb9afb50106d53e	train	3206
taxprofiler:dcc26ef472557ecb1228	train	3207
taxprofiler:6629621a81fdb0c77c9d	train	3208
taxprofiler:8c64698bbf42b1c34fac	train	3209
taxprofiler:607e42c5cec32b6cfafc	train	3210
taxprofiler:448960c80383023b4e1e	train	3211
taxprofiler:1f5a14cf241c72686a64	train	3212
taxprofiler:4390c133cca6a2c3d922	train	3213
taxprofiler:945140ccfd4e519e07e6	train	3214
taxprofiler:aca1ea76484ddee76fbc	train	3215
taxprofiler:9a00fdf305d5c0232ca6	train	3216
taxprofiler:a00c812cbcf09e05e539	train	3217
taxprofiler:cbe0706bb9322b68f520	train	3218
taxprofiler:2737f9bff60de691a907	train	3219
taxprofiler:1b126aa8d1c781558f35	train	3220
taxprofiler:9d698ee307bb97fa0317	train	3221
taxprofiler:da8b38b7efff3c41dba4	train	3222
taxprofiler:29f82f6a3fbd6b070215	train	3223
taxprofiler:b8af0583740cdba67533	train	3224
taxprofiler:f8c740fc5cfc608f441e	train	3225
taxprofiler:d0f4897bd39f16a05ac8	train	3226
taxprofiler:b925334eed1329565fe5	train	3227
taxprofiler:32c27c8e80312ad4c2eb	train	3228
taxprofiler:4c29222456f0e7806ea2	train	3229
taxprofiler:7bfe0901ca70f78b4d70	train	3230
taxprofiler:ec22d5ba2f3b2ac8163b	train	3231
taxprofiler:a734a215c9ec018fb0f7	train	3232
taxprofiler:bee50375335a9dc93ac5	train	3233
taxprofiler:30717d14b1a8256c69d0	train	3234
taxprofiler:7aec15d5aa4451e4e48f	train	3235
taxprofiler:f0e899d46524f57fcfdf	train	3236
taxprofiler:be27ef843b7b01c85ca8	train	3237
taxprofiler:b7783baf55bdc918c88d	train	3238
taxprofiler:e3632a7d60da97e19ef7	train	3239
taxprofiler:897a3005b0e6b2873c64	train	3240
taxprofiler:a10b2d57be40d86b82b1	train	3241
taxprofiler:04aed88087def134a616	train	3242
taxprofiler:63139a7726fef99efab6	train	3243
taxprofiler:377a5271471ea6c2228f	train	3244
taxprofiler:87c0befb7c6c9ad6357c	train	3245
taxprofiler:52dbdd1d2dde6c1c0074	train	3246
taxprofiler:527910a89defaaad3af4	train	3247
taxprofiler:f5fe6fe59154437fa8cd	train	3248
taxprofiler:47ad798a060153823bc6	train	3249
taxprofiler:45d6416f454a1f6456e7	train	3250
taxprofiler:aea59781586b043227aa	train	3251
taxprofiler:92d8597abbefdc9abdfb	train	3252
taxprofiler:93c6b0eed07781f1ea39	train	3253
taxprofiler:470e417354b66bbba045	train	3254
taxprofiler:e6717fb234bbafacef7e	train	3255
taxprofiler:d9e730d5514c21a87893	train	3256
taxprofiler:614666ab6533da8c9214	train	3257
taxprofiler:7c44e07ea65e3ce06e23	train	3258
taxprofiler:5a8d902b88c946ca6b71	train	3259
taxprofiler:eaf4a9e8c3b4b4600710	train	3260
taxprofiler:381fc70b65c2a74f7738	train	3261
taxprofiler:572052d8085e47a51622	train	3262
taxprofiler:73a3f041dc03eeaa3eca	train	3263
taxprofiler:ebad0c4bcf05ded92122	train	3264
taxprofiler:fc97f1e47e05a9dd7bb3	train	3265
taxprofiler:bbdbc436d73a6f25480a	train	3266
taxprofiler:25d8702dd97d5e4c473e	train	3267
taxprofiler:d37f3bf26588ce591642	train	3268
taxprofiler:9b0dec8c75473437c1e5	train	3269
taxprofiler:dd5e5d006923eabadcdd	train	3270
taxprofiler:b0bb29e73f4abe08d27e	train	3271
taxprofiler:26228dd3a55ea80d1e7a	train	3272
taxprofiler:17d9115aabcada8b3fda	train	3273
taxprofiler:fe654da9f3c63490dd53	train	3274
taxprofiler:4cbe474f7908cc4925bb	train	3275
taxprofiler:9e0114f191bfc73a4475	train	3276
taxprofiler:9f97386a3215a5768c1c	train	3277
taxprofiler:4ffe3461e540883b957c	train	3278
taxprofiler:22477dde30620d243202	train	3279
taxprofiler:0f5880c8e6eb22e7916a	train	3280
taxprofiler:406c23817447065f348b	train	3281
taxprofiler:524f76af0259e82bec8f	train	3282
taxprofiler:b92437f0f220bf46754f	train	3283
taxprofiler:ca61eba7f84acb98e964	train	3284
taxprofiler:b5b62261f198aadfbcde	train	3285
taxprofiler:6a7ca5b55e1659457c7a	train	3286
taxprofiler:113c2d403b5c238aad27	train	3287
taxprofiler:1d181aa11e267232d9c4	train	3288
taxprofiler:3cc0c2bca7f4d92e4b61	train	3289
taxprofiler:3f542a3c8cb68e65ffc1	train	3290
taxprofiler:197610621bf0146a5ae6	train	3291
taxprofiler:46a343a5b9a13ff1ed06	train	3292
taxprofiler:00f0f6955cf68413edea	train	3293
taxprofiler:7eb5b7f36d4832a3c0bb	train	3294
taxprofiler:d358dbc92337a1181d1c	train	3295
taxprofiler:fc6aeab59c042341133f	train	3296
taxprofiler:d65a4878d99b14da42ef	train	3297
taxprofiler:1fa94f67ca100c942a3f	train	3298
taxprofiler:b8711b72f3a0d9bb6ef5	train	3299
taxprofiler:38edbcf9a6b41b7881f1	train	3300
taxprofiler:598862f2f56202dec945	train	3301
taxprofiler:1f1a294fc321c659d1c0	train	3302
taxprofiler:8a144248ec0c5e431763	train	3303
taxprofiler:68085cf93f3bb6e02259	train	3304
taxprofiler:b5b997c7949f29018904	train	3305
taxprofiler:013c105e7e4dc4dee6fb	train	3306
taxprofiler:b2fee291a90b9f52da78	train	3307
taxprofiler:f3ea8149d8c202b27b31	train	3308
taxprofiler:3675c352fd726169aac9	train	3309
taxprofiler:fa81cebebeac8c88ebc2	train	3310
taxprofiler:a239f285a95048c9bee4	train	3311
taxprofiler:cbca7049fa2f9a9d7707	train	3312
taxprofiler:b97b678cd11714b59358	train	3313
taxprofiler:ad2d97ec036d6ddfbd38	train	3314
taxprofiler:a13ad6015ff2feae0f23	train	3315
taxprofiler:d54a10b3597b8e41813c	train	3316
taxprofiler:5c4580361b7d5bd60a35	train	3317
taxprofiler:983aef3420c8bd659a18	train	3318
taxprofiler:fbb307dd7e2de5b02d28	train	3319
taxprofiler:06e807127f557e3bd2a0	train	3320
taxprofiler:b19e64df5001e036cf68	train	3321
taxprofiler:191107eb08383c2ba9e1	train	3322
taxprofiler:a2f70e850c95cbd568fb	train	3323
taxprofiler:aea89a90f134b1b4e716	train	3324
taxprofiler:2295f970d603cecd2302	train	3325
taxprofiler:6c78d789e4ac35983707	train	3326
taxprofiler:354161789a0a42bdcab7	train	3327
taxprofiler:cb449aa8a5f9642c5cb7	train	3328
taxprofiler:4114420eda5cab8baca8	train	3329
taxprofiler:a7bb1517d0afe57af873	train	3330
taxprofiler:2e0bb1865098c31d231e	train	3331
taxprofiler:2c4ea28be5265cc8138d	train	3332
taxprofiler:9ae9b70a55b7e43ca205	train	3333
taxprofiler:f7dd483113360927fb1f	train	3334
taxprofiler:df5f71ae3b4f320a5795	train	3335
taxprofiler:038c526e4175bf23c49b	train	3336
taxprofiler:6b4586bf9e0b3a454060	train	3337
taxprofiler:184acde758d67ae46d62	train	3338
taxprofiler:31cc225a27a7da2aa7aa	train	3339
taxprofiler:82fe038784d59d1a8a1e	train	3340
taxprofiler:7c4528003132695eec20	train	3341
taxprofiler:9ae3628960488ccd8911	train	3342
taxprofiler:31089d5335e46da8db21	train	3343
taxprofiler:26ab07542a03982c3b59	train	3344
taxprofiler:2caba3140a33a115939a	train	3345
taxprofiler:0ea600db8229eb8bb546	train	3346
taxprofiler:629e388aba00161b538d	train	3347
taxprofiler:e3e5c89faa50604f5e4b	train	3348
taxprofiler:560b083216df066b3a71	train	3349
taxprofiler:341efad8d370a757e83b	train	3350
taxprofiler:233aef46471d5d7dafa7	train	3351
taxprofiler:0d43697b2295d2a6aef6	train	3352
taxprofiler:1a3d6797f47e14cd61aa	train	3353
taxprofiler:9f47febe30e06d48dd31	train	3354
taxprofiler:c89289e348a8a4e47272	train	3355
taxprofiler:d695720a9bf38518fe25	train	3356
taxprofiler:5dd399c9654bfd653fb2	train	3357
taxprofiler:663b2c923ee3e9bb214f	train	3358
taxprofiler:2994105aace378058bb7	train	3359
taxprofiler:f287802acb71264d570d	train	3360
taxprofiler:22853321bf678754f442	train	3361
taxprofiler:50f3e343e78e599732c4	train	3362
taxprofiler:5ed32d750ecb4c923537	train	3363
taxprofiler:4491bca620a15b86d856	train	3364
taxprofiler:b1ac10fd9c0976ee3389	train	3365
taxprofiler:1df9b93c5b8cafc35ce7	train	3366
taxprofiler:3efb5e41315839811e58	train	3367
taxprofiler:9e1481af68afd19d636f	train	3368
taxprofiler:60541d6eeed499965a57	train	3369
taxprofiler:8e7a7ee7958cece182ec	train	3370
taxprofiler:e36a6b6f0373658dbba1	train	3371
taxprofiler:7e6267650aebd8382b02	train	3372
taxprofiler:4ab2109b8deced081c8f	train	3373
taxprofiler:1329cd666d04cdc3a5dc	train	3374
taxprofiler:aa93d445d6ee25c044d2	train	3375
taxprofiler:a5297a5b56f0cb3d6d59	train	3376
taxprofiler:1076e0e76b01ed2497c9	train	3377
taxprofiler:be56cb615244e8bf656a	train	3378
taxprofiler:c1d80999bfab067aacfd	train	3379
taxprofiler:a199fbd4d7b917bbe212	train	3380
taxprofiler:50739008530e0c2f200e	train	3381
taxprofiler:b70c60ece78dcb7d69df	train	3382
taxprofiler:a3e2ecebac9820d54444	train	3383
taxprofiler:8bcfcfede93052eb6b72	train	3384
taxprofiler:4de25d5d7a456b5b1c6c	train	3385
taxprofiler:bcb03975d8a50be46b0b	train	3386
taxprofiler:54071a505a2a87743e8d	train	3387
taxprofiler:3d48acff37362207ec90	train	3388
taxprofiler:bcc5d3f2916804fd877e	train	3389
taxprofiler:a88745be76dd7a7d3ce1	train	3390
taxprofiler:424173409552a6cb9237	train	3391
taxprofiler:6add549dda26537706ff	train	3392
taxprofiler:75bf629e4b8eadcbd8fe	train	3393
taxprofiler:3884238b9400941cf4da	train	3394
taxprofiler:7aabe66a2860e8136665	train	3395
taxprofiler:af2fd8308c81ddab7936	train	3396
taxprofiler:a515a0be2fb8c6fad6be	train	3397
taxprofiler:74bfbbc2ba5f786c595a	train	3398
taxprofiler:5c6adba0a7db8128951c	train	3399
taxprofiler:4b425757bbe0b6462c87	train	3400
taxprofiler:5840d7474f8d8bea07ce	train	3401
taxprofiler:c3e6b6446729f7cbf361	train	3402
taxprofiler:f5ca00f5ea284b8f8e5d	train	3403
taxprofiler:26793e88fd21d6a2d85d	train	3404
taxprofiler:b3e1e66ededf00b5a53e	train	3405
taxprofiler:127c4eefbb0394fa1d94	train	3406
taxprofiler:3f331f8773da371e79ed	train	3407
taxprofiler:b57b58433fc1d0b738ad	train	3408
taxprofiler:dc7633d3f14db5e1986c	train	3409
taxprofiler:b78344fea93a0f00600f	train	3410
taxprofiler:1b8e61cbc507494f49f6	train	3411
taxprofiler:e05ac90ceeb0fe60fd96	train	3412
taxprofiler:493ce1deb36a7e4d4512	train	3413
taxprofiler:f1c57390995f4ca09981	train	3414
taxprofiler:2ce16f2d3d52b0fb82df	train	3415
taxprofiler:62ebd79386b060e517fe	train	3416
taxprofiler:be81a0c6d9cc108a9428	train	3417
taxprofiler:26c8d30ec0ca1c6e6d1d	train	3418
taxprofiler:a5b9420592b70cddaef9	train	3419
taxprofiler:a6b4a1399706c3e62732	train	3420
taxprofiler:41f5733b61d647a52dac	train	3421
taxprofiler:ad1a8e1f3acec6ce13bd	train	3422
taxprofiler:9fbf8033aa1b3866f816	train	3423
taxprofiler:7b4be42c29e2adac12d8	train	3424
taxprofiler:94c2368e987d78cc7fe2	train	3425
taxprofiler:10c40a2bb4b54889ea04	train	3426
taxprofiler:404e99c246cec47012b7	train	3427
taxprofiler:16ecd7b900215d2e5840	train	3428
taxprofiler:f2fabbeda7e827013eec	train	3429
taxprofiler:3d78b8477da2adcc6289	train	3430
taxprofiler:b53aff8f83ef6bf51f09	train	3431
taxprofiler:21919f8ac7386023ea62	train	3432
taxprofiler:d50ef41e60a98a5bf837	train	3433
taxprofiler:247cc2c1608d29aebac2	train	3434
taxprofiler:377309bd8267cfd1e975	train	3435
taxprofiler:f81472fa62831f8106d6	train	3436
taxprofiler:fb22ede424539c1eff4c	train	3437
taxprofiler:25238a947bc872daf85f	train	3438
taxprofiler:4704521603785241f619	train	3439
taxprofiler:b8d18605b5775a0d2ee6	train	3440
taxprofiler:7ff04ec9504bf77afbd3	train	3441
taxprofiler:7fe5cc96d973f261528e	train	3442
taxprofiler:1407cc4a2fdcc8492418	train	3443
taxprofiler:9e482e5fc1878a893cf7	train	3444
taxprofiler:556a317093b1a3dc9ca9	train	3445
taxprofiler:456473609969042fa86f	train	3446
taxprofiler:76df3d83b7e9da24addf	train	3447
taxprofiler:feabdab13c09ff9633e9	train	3448
taxprofiler:5144d15c33ddc70827c1	train	3449
taxprofiler:26258cd4dc1209bfab2f	train	3450
taxprofiler:cd923ee4e80bcc8b7291	train	3451
taxprofiler:2bbd70e46d7272f01a00	train	3452
taxprofiler:730263e6ba1093a2a639	train	3453
taxprofiler:25b7346a8ebcd14e8465	train	3454
taxprofiler:b14238d46e1574a9dd8f	train	3455
taxprofiler:3f959bd5dd1e92de9d6e	train	3456
taxprofiler:4540170faabb79fb2bc5	train	3457
taxprofiler:8dfd195e13588dd62862	train	3458
taxprofiler:c3bc01d3ff389e116d27	train	3459
taxprofiler:cfe7709c8d3d791578e5	train	3460
taxprofiler:e62c37ffb6ee482a325d	train	3461
taxprofiler:c30f71f71b164190de1f	train	3462
taxprofiler:ad7fcfe14c400a790633	train	3463
taxprofiler:04765faec17673ed3af7	train	3464
taxprofiler:b39d97bc226fc86a06d1	train	3465
taxprofiler:a157333e1f59743f8921	train	3466
taxprofiler:b50b83600cc4c7b2b98d	train	3467
taxprofiler:ef5bfcb2db32c0d48113	train	3468
taxprofiler:922ba40a6407e604a9d6	train	3469
taxprofiler:2fd76013ce2809c885ba	train	3470
taxprofiler:05b55a7d63d229e68418	train	3471
taxprofiler:f6efe6f0d0ccd4084b54	train	3472
taxprofiler:950269bd2f6642588867	train	3473
taxprofiler:66b094b14cc1f9e67c9a	train	3474
taxprofiler:f633bdbd1eecea8773f7	train	3475
taxprofiler:ad2a35f07479a460b905	train	3476
taxprofiler:4bad58c3af23c6e664dc	train	3477
taxprofiler:ee1607d6dbb4430f947a	train	3478
taxprofiler:4248cee8810a9fb5ab29	train	3479
taxprofiler:28c3820e677921a3e93c	train	3480
taxprofiler:b4321cc90104f67a75d2	train	3481
taxprofiler:4767f38d15ee30d54619	train	3482
taxprofiler:2b2bca27bbc1b301e023	train	3483
taxprofiler:9913f03450fd59f4c228	train	3484
taxprofiler:a48ea8f2b37bbe9b6fec	train	3485
taxprofiler:69ac1ebbfb2c0693a8f5	train	3486
taxprofiler:ea4ef48b953a5b5570eb	train	3487
taxprofiler:6c6465dd3dbc19965b28	train	3488
taxprofiler:c84481e10781c822a8f3	train	3489
taxprofiler:9504fa0d15d25d7e5b64	train	3490
taxprofiler:95b8073fb4fb4bf432c6	train	3491
taxprofiler:8a99ca844dda75311da2	train	3492
taxprofiler:46deb855ed760acc163e	train	3493
taxprofiler:a1adb17f57f8db4bb0eb	train	3494
taxprofiler:638c0d784c69d0158db3	train	3495
taxprofiler:8f0c3d9110aefedb193a	train	3496
taxprofiler:b6ca3d7b49907068bf1c	train	3497
taxprofiler:4908c4784cd994401e17	train	3498
taxprofiler:9006bd478c166f466b37	train	3499
taxprofiler:3248f9aba0dce202c516	train	3500
taxprofiler:1d2c76987e22b12c4f60	train	3501
taxprofiler:95660b17a08e8af73076	train	3502
taxprofiler:068bf2425cb9cc790218	train	3503
taxprofiler:3423df668de2157f3d50	train	3504
taxprofiler:0c5de42aeee80fc5c1f4	train	3505
taxprofiler:9b774beb6c0f88b9cc72	train	3506
taxprofiler:a0a8e34e90a3e0d5400b	train	3507
taxprofiler:ec56362240aa45b52f9d	train	3508
taxprofiler:ecd12f45dd2075c30290	train	3509
taxprofiler:741db3daf00610a4945f	train	3510
taxprofiler:6f89bf70a4ee3dae95d0	train	3511
taxprofiler:a86fdbd3641c81989607	train	3512
taxprofiler:ad72626640075c926c55	train	3513
taxprofiler:28225957dc7bbea69120	train	3514
taxprofiler:77293cd1ba2c10cbf1ac	train	3515
taxprofiler:30dc7a5097e55a24a86b	train	3516
taxprofiler:74826b737371f44481d7	train	3517
taxprofiler:f88f2a77430d274bc657	train	3518
taxprofiler:6cc6ebe80870e55707d6	train	3519
taxprofiler:291dda7fa72024855ad0	train	3520
taxprofiler:ae5590010a3837b87dc6	train	3521
taxprofiler:c6ebc4ed13781e58ca6f	train	3522
taxprofiler:7eee10112a8944f21313	train	3523
taxprofiler:6867b5cbafc568e13e81	train	3524
taxprofiler:ad4540e39bd49af61627	train	3525
taxprofiler:1a41b0d9fcf5dce9b324	train	3526
taxprofiler:96c138ffe33760b26c4f	train	3527
taxprofiler:558a768c4f1e7536cb13	train	3528
taxprofiler:a562bc755aed2e4fd351	train	3529
taxprofiler:4d433b57b0598253d02d	train	3530
taxprofiler:6c4965c56d7198cf49a6	train	3531
taxprofiler:4a9bc378c675b4bcb382	train	3532
taxprofiler:e7c9d4e504172574f919	train	3533
taxprofiler:8de0d9087daac0989658	train	3534
taxprofiler:2fdea931c4c29c781634	train	3535
taxprofiler:996493a1d4ed70e22920	train	3536
taxprofiler:a43f6852543dbd0e9739	train	3537
taxprofiler:0ae65e22deb7d851f07d	train	3538
taxprofiler:36ca2543e85fc88c63bb	train	3539
taxprofiler:ae22549f822285f228d9	train	3540
taxprofiler:ad9b90a6d5ab4a5f2d8a	train	3541
taxprofiler:36a888aa414818d76e46	train	3542
taxprofiler:952dba6519a59b9f3260	train	3543
taxprofiler:58522f461a80e3b9fda6	train	3544
taxprofiler:5dbde10e60efd0335c8b	train	3545
taxprofiler:13a461e9dc5f55dbe289	train	3546
taxprofiler:6c164aa2560a2ca4dd60	train	3547
taxprofiler:c858112f0eee6d481324	train	3548
taxprofiler:2b9953541c65f38672f5	train	3549
taxprofiler:5aa640452f19d8ff4b36	train	3550
taxprofiler:771c797380f809f67bc0	train	3551
taxprofiler:a85202b334e0cb02fc3f	train	3552
taxprofiler:cc972a1d08a12dfc44d1	train	3553
taxprofiler:4afad97f2634ae66067a	train	3554
taxprofiler:10f16f01654dfc9af830	train	3555
taxprofiler:23484eca47cc940e990e	train	3556
taxprofiler:9760e17569cb5cdd053a	train	3557
taxprofiler:b98ad458a113bdc0a5ab	train	3558
taxprofiler:1d0c17645de2b76a48db	train	3559
taxprofiler:0d40e290c31eef98b40c	train	3560
taxprofiler:4f963dc36dd35c88616c	train	3561
taxprofiler:90d10aaea116cb4d7c6f	train	3562
taxprofiler:ac8e0c6259d61cb0dce7	train	3563
taxprofiler:28a70f8123ad124992ea	train	3564
taxprofiler:72c0692172509d17907b	train	3565
taxprofiler:8ff83723915f1ee9c9a9	train	3566
taxprofiler:61a7a4f7b03e89c33a20	train	3567
taxprofiler:130bbb94aeb0108eac2f	train	3568
taxprofiler:85eedb3077489e85852b	train	3569
taxprofiler:f624208f3a223b013cb5	train	3570
taxprofiler:f9f66aeeaea7250ac70a	train	3571
taxprofiler:a56be9e2b46ec9a9c2d4	train	3572
taxprofiler:fff61643ce1917d46c53	train	3573
taxprofiler:f9ebe0c57fe240271f0a	train	3574
taxprofiler:18e01c3dd3cbbde72555	train	3575
taxprofiler:405dcd82a05723617695	train	3576
taxprofiler:f778a244225c00b7b55a	train	3577
taxprofiler:7cd3af36cd419a5fa911	train	3578
taxprofiler:b20f8e3e0a2b5738087d	train	3579
taxprofiler:33f57ba35be9a1b3c6e2	train	3580
taxprofiler:5bd5749cd2c70141aba0	train	3581
taxprofiler:e69db94b2b0065934943	train	3582
taxprofiler:04860835b2e15c4f3397	train	3583
taxprofiler:c8ba2fe693bc0ac4f979	train	3584
taxprofiler:0e65547c6621827cd7b1	train	3585
taxprofiler:06a54b75c41ac1ae1a76	train	3586
taxprofiler:d39e38a87a8807a3f8f8	train	3587
taxprofiler:dbad19f4bb506f47c2e0	train	3588
taxprofiler:869650dcaf8463a6fc23	train	3589
taxprofiler:5ba50d19719375aa94d3	train	3590
taxprofiler:2b3b0e36ed3d1b3a2d3c	train	3591
taxprofiler:7a509484057a63d6de33	train	3592
taxprofiler:0d7efc305db1662b982f	train	3593
taxprofiler:1ae8e70851586f9e8397	train	3594
taxprofiler:440cb0691ef24a942144	train	3595
taxprofiler:91f82fe764ddbb044ac8	train	3596
taxprofiler:713923268bfd5b7b048a	train	3597
taxprofiler:39c815ba5aed56762d97	train	3598
taxprofiler:85ba0c168dcf35a8ebbb	train	3599
taxprofiler:d4fe3e55b2e60e1621f2	train	3600
taxprofiler:71440df5a2386531212a	train	3601
taxprofiler:fafa5e6cbf7b0035b4f3	train	3602
taxprofiler:ae3ac977e8e817bfc24d	train	3603
taxprofiler:aedb2c8ce1e5f101916c	train	3604
taxprofiler:641074a898af620a8132	train	3605
taxprofiler:8318c183d0b4dafeaf88	train	3606
taxprofiler:c088dae9c92462201387	train	3607
taxprofiler:2f1848a132f45f1f0ab4	train	3608
taxprofiler:5c870cd2c3c3a161072d	train	3609
taxprofiler:8ee28447698dcb16ba76	train	3610
taxprofiler:487fb33095fd601ee930	train	3611
taxprofiler:7c0ea9c57ed68ad0f939	train	3612
taxprofiler:81d21f9618e8f8327de1	train	3613
taxprofiler:7e324989fdfad4d206b2	train	3614
taxprofiler:45cccb6ec19823757e15	train	3615
taxprofiler:8fb7462e2541dcf4ac9d	train	3616
taxprofiler:5d95ffe60dc24f6314c7	train	3617
taxprofiler:f48365d454eb4dcebd2a	train	3618
taxprofiler:2e4dce59b586e32fc07a	train	3619
taxprofiler:1015e821f6afdb90d888	train	3620
taxprofiler:7e6727557a7930db5572	train	3621
taxprofiler:f07316989d41696c5afc	train	3622
taxprofiler:ede174da7c9e5ecc22c6	train	3623
taxprofiler:d14a8b3e601e4a497baf	train	3624
taxprofiler:4fe7405dae211a7f12dd	train	3625
taxprofiler:423af579281d2fe378b1	train	3626
taxprofiler:94ac8edb1ca7114be52b	train	3627
taxprofiler:fb9ac0135db4643279a0	train	3628
taxprofiler:b5a6c0bb8aa0bd3aa8ce	train	3629
taxprofiler:b431a12fdd8083c33252	train	3630
taxprofiler:1ef668d88c5bced7fc64	train	3631
taxprofiler:36dee6cd213addad9761	train	3632
taxprofiler:956ca26cea70fe1f4bcf	train	3633
taxprofiler:a33f24133b419b4ac35a	train	3634
taxprofiler:5f46eb08688501f7cffe	train	3635
taxprofiler:22e7dd596feb0226818a	train	3636
taxprofiler:3d2172915244c4fee59c	train	3637
taxprofiler:4d7b18334abda6ad0707	train	3638
taxprofiler:a0f4e907d154cecf80f4	train	3639
taxprofiler:b9c995da11aefc46cce5	train	3640
taxprofiler:8f4e65baa44c0a606176	train	3641
taxprofiler:9e03215ad90f09bf0bad	train	3642
taxprofiler:02179072951f4410684e	train	3643
taxprofiler:957e503ef078209e4a3d	train	3644
taxprofiler:39317f99eb164e7b15ce	train	3645
taxprofiler:f49a885edd51525ded8d	train	3646
taxprofiler:d9b435165b5f1ef1202a	train	3647
taxprofiler:bfeb6650449be7b825ac	train	3648
taxprofiler:695776bd76305920e67e	train	3649
taxprofiler:037fc79c2f05e38524bc	train	3650
taxprofiler:330620f4dc65dc3743a8	train	3651
taxprofiler:7f88dcfc4909607f9b98	train	3652
taxprofiler:d098768a44fa54711c2b	train	3653
taxprofiler:1dd8dd74991a56be09d2	train	3654
taxprofiler:e38e2730ec61e1ed6f24	train	3655
taxprofiler:142928a1035ed200074f	train	3656
taxprofiler:ede536eca65f0d0b4162	train	3657
taxprofiler:dfbd978e6d3eb32be4a1	train	3658
taxprofiler:ad4b514696f83fb23552	train	3659
taxprofiler:d2e0ca87d6aba3cbbc67	train	3660
taxprofiler:03d55941246e682c2a05	train	3661
taxprofiler:187f5c62717dc8f7045f	train	3662
taxprofiler:95343c74964be9a0184d	train	3663
taxprofiler:b2fae0803e7306b0af54	train	3664
taxprofiler:6b5cc829d8cb2dfe13db	train	3665
taxprofiler:4713a4a4ccab98483b67	train	3666
taxprofiler:491b3d9f8a6344b0a319	train	3667
taxprofiler:e22b4ed92817e6fb37da	train	3668
taxprofiler:68de3049858bfd9bf359	train	3669
taxprofiler:1aecd90fc51e75d744ac	train	3670
taxprofiler:ae0cdbf1d99f4c116c4f	train	3671
taxprofiler:6f3007253909ba449230	train	3672
taxprofiler:f47c88adfd4fd50b77e1	train	3673
taxprofiler:f9ab39d99c06eb201d41	train	3674
taxprofiler:ea30f921cd23fcc9717b	train	3675
taxprofiler:241e776da1d4b82e13d0	train	3676
taxprofiler:54eba74accd8d938f700	train	3677
taxprofiler:c2efd175582357a0b039	train	3678
taxprofiler:11505ff457b048c49fd9	train	3679
taxprofiler:7f7cbb3565a7c2fddc30	train	3680
taxprofiler:45305a1a02f4acab5e49	train	3681
taxprofiler:a8afed92f6dd064ce76e	train	3682
taxprofiler:8cd55647a0719bc0ac88	train	3683
taxprofiler:101874a78f53cf49b8dd	train	3684
taxprofiler:fdc8f0c486a17ea16500	train	3685
taxprofiler:8e44e0bca65ac500006b	train	3686
taxprofiler:36e0775166474e2c0a87	train	3687
taxprofiler:f35144a82afc3d2326e3	train	3688
taxprofiler:5d216fba379f10a2f2d2	train	3689
taxprofiler:9ab2f747c78948a677ab	train	3690
taxprofiler:4ad24ba7f564e294f177	train	3691
taxprofiler:605bea37cf2bdf6f932f	train	3692
taxprofiler:375eb5731ac7edb24b1d	train	3693
taxprofiler:184485f4c1107ba87004	train	3694
taxprofiler:490ac5716fcc6d2ba1da	train	3695
taxprofiler:83be27931c9bb1dcd9d1	train	3696
taxprofiler:f1dd9fd4e0fd8a7b700d	train	3697
taxprofiler:7936f9d2b45bac482b20	train	3698
taxprofiler:dfdb8272108ee161a4a3	train	3699
taxprofiler:701b032fb6030eeb8877	train	3700
taxprofiler:f6cf2db557f8de7b89e7	train	3701
taxprofiler:7bd43a259200d25db982	train	3702
taxprofiler:4d03514ea4f9cc92e47e	train	3703
taxprofiler:776bc57bc227afb79cc0	train	3704
taxprofiler:a02231710b94e22ef549	train	3705
taxprofiler:c1cf9a9fdc16c6e94974	train	3706
taxprofiler:9aa86d82e1d712f88397	train	3707
taxprofiler:dfad24e89db9497bf9ca	train	3708
taxprofiler:bbe45d1dc1a93d0bdc42	train	3709
taxprofiler:7e9960d5a693e71c781b	train	3710
taxprofiler:1a462098bf984151d105	train	3711
taxprofiler:b7255dd3a04f2e5ea454	train	3712
taxprofiler:ee41ca2066e56c1606cc	train	3713
taxprofiler:d8960411984e4e961ea5	train	3714
taxprofiler:bc76d8db50537b95db9f	train	3715
taxprofiler:b5a43be67d62fdee68bc	train	3716
taxprofiler:1cbe53057d20aa225d2f	train	3717
taxprofiler:2deb188295340628f429	train	3718
taxprofiler:9bda893543e048826297	train	3719
taxprofiler:7ca14a04f794cfa08df7	train	3720
taxprofiler:a67d09709254f7ab6639	train	3721
taxprofiler:42f99ae8eba785452703	train	3722
taxprofiler:897a9c0845026de1e2a3	train	3723
taxprofiler:3e9f427c9347f18a2c41	train	3724
taxprofiler:7aa9a6a2d17946b40380	train	3725
taxprofiler:eecfdab2a378f77ca53a	train	3726
taxprofiler:9e22de89de4f52c94067	train	3727
taxprofiler:1f38da67c672d6c937eb	train	3728
taxprofiler:4711e249ed664383cee5	train	3729
taxprofiler:99fb55631d8dc53b5d26	train	3730
taxprofiler:5a73cb318ae78b2bf86b	train	3731
taxprofiler:68096c24cf884604b00b	train	3732
taxprofiler:bf50a1583d74586591f5	train	3733
taxprofiler:b083444700b6b8635085	train	3734
taxprofiler:515e7aae393c032a5a8b	train	3735
taxprofiler:e8ff880cc3b8c6c3c544	train	3736
taxprofiler:c766a2963be77c72485a	train	3737
taxprofiler:8d8c0f3e65ae5ec5d540	train	3738
taxprofiler:58133562ed8722274324	train	3739
taxprofiler:3194d3a7cb5b09bea41d	train	3740
taxprofiler:9417604344375f3de55b	train	3741
taxprofiler:510b42cc522aeee26319	train	3742
taxprofiler:17a498461e92d269a755	train	3743
taxprofiler:8735271317d947848f42	train	3744
taxprofiler:9142f78d46f6099959f0	train	3745
taxprofiler:1cd4f378364b691e0962	train	3746
taxprofiler:5934479423aef4c4a77f	train	3747
taxprofiler:827b74a6b976ddb0820a	train	3748
taxprofiler:b94492260f0de74ed0bd	train	3749
taxprofiler:e7c41666ced9e47a9313	train	3750
taxprofiler:fe99b976a604fd454082	train	3751
taxprofiler:cb8285b4743a7e9f5ac4	train	3752
taxprofiler:838c06fd9e2be1af7add	train	3753
taxprofiler:ec3acb064cbc60e94fb0	train	3754
taxprofiler:3fb12fc43b084ceacc05	train	3755
taxprofiler:0a24be685472e4889b2e	train	3756
taxprofiler:e6d3e82c3edf262a2623	train	3757
taxprofiler:ef96cba8f53311973a1e	train	3758
taxprofiler:3904bf9bdfe159251d50	train	3759
taxprofiler:b39df313feb373dae119	train	3760
taxprofiler:dca568b2a1465df9dcd1	train	3761
taxprofiler:93137c1dca8ba7f383d6	train	3762
taxprofiler:c6e7a79cf2b02ea74a63	train	3763
taxprofiler:96c009a0adc86e752063	train	3764
taxprofiler:2538f88bbdab3cf9a18e	train	3765
taxprofiler:18cdae27e9ee331dc565	train	3766
taxprofiler:cd68021f5a60e160407b	train	3767
taxprofiler:8d72917cd1d0021dec6c	train	3768
taxprofiler:4482fa391db9b7b54856	train	3769
taxprofiler:fcf78e425776837f2118	train	3770
taxprofiler:ebae5a7282d15c68b261	train	3771
taxprofiler:f62355968076f0ef4b5b	train	3772
taxprofiler:02ad7ec341cee5d192ee	train	3773
taxprofiler:9e2998e4d46896525075	train	3774
taxprofiler:a3b65b43e05b93836cec	train	3775
taxprofiler:96d49fb264effc975830	train	3776
taxprofiler:66c6f5cadc0568355a22	train	3777
taxprofiler:aaf939d0bd96eeff4cdf	train	3778
taxprofiler:362c12d69b23033b0634	train	3779
taxprofiler:397f57bc8756b539994c	train	3780
taxprofiler:2edbeaaac7d6de9e9652	train	3781
taxprofiler:9f6397d35be6fb2a8881	train	3782
taxprofiler:47c9df78b33c0fb3162d	train	3783
taxprofiler:860a1d0c7126c93bd277	train	3784
taxprofiler:e178bfc404b997acb3df	train	3785
taxprofiler:6517f2256278698d2639	train	3786
taxprofiler:5cd4d74c283019728abd	train	3787
taxprofiler:950d3535ae8bf56f4abb	train	3788
taxprofiler:904585d9179d1aaa2c92	train	3789
taxprofiler:b08dd80d5021c0e6c823	train	3790
taxprofiler:86fe3407142ba35e3bfa	train	3791
taxprofiler:6337f422d3fd45ec4ce0	train	3792
taxprofiler:0ddc595c2abaa89d1cde	train	3793
taxprofiler:9c56ebf94e13c9c48f75	train	3794
taxprofiler:e533a9dd65379067ea79	train	3795
taxprofiler:6b4df878c103e8153673	train	3796
taxprofiler:4cef313d72b6b48f42f8	train	3797
taxprofiler:d7c70ed21841d19e4f11	train	3798
taxprofiler:9baa15cbe811f8d7fe79	train	3799
taxprofiler:cbe83f0bf62c1692b706	train	3800
taxprofiler:359afef3bd7e9ceb9c4a	train	3801
taxprofiler:aa6ff894c37b22d0f11f	train	3802
taxprofiler:f350f6069b599a225ab8	train	3803
taxprofiler:ac2297bd6aa4cf308c8b	train	3804
taxprofiler:20ce280d4a7b09fd4aba	train	3805
taxprofiler:caf6d1d7bec3cc46c3be	train	3806
taxprofiler:32f5b8580c95e656bc58	train	3807
taxprofiler:1a4fbf6be80b8e853706	train	3808
taxprofiler:91208fb9d77223f67ccb	train	3809
taxprofiler:cda139b3e9961adbbc08	train	3810
taxprofiler:bc0c29c93bf0bb742146	train	3811
taxprofiler:6675b027017529b5c70d	train	3812
taxprofiler:c65fa9ccc879ddf9fb0d	train	3813
taxprofiler:b0b4ed207c31df6b64b0	train	3814
taxprofiler:af923b81e6d01dff9fec	train	3815
taxprofiler:76f6799fc0e648aed89a	train	3816
taxprofiler:f85605e79c92163e6266	train	3817
taxprofiler:6e40e370413df87ba646	train	3818
taxprofiler:5e6c3043c0fde5319814	train	3819
taxprofiler:d770355c2af85922c7e2	train	3820
taxprofiler:9bd45ad87b105c1aac9a	train	3821
taxprofiler:f49c010a634225c9533a	train	3822
taxprofiler:56e710a2c32810e0dc16	train	3823
taxprofiler:999d41b6374a8bb6b98f	train	3824
taxprofiler:7a7f55cb8e68bf3cbe3a	train	3825
taxprofiler:b93ee36cc1c0646a0b44	train	3826
taxprofiler:96cdc494f7e543ff9f20	train	3827
taxprofiler:977432001be1bcd52422	train	3828
taxprofiler:3b203c2111ffe57d4bdd	train	3829
taxprofiler:0ca68d778be0f9d95eb4	train	3830
taxprofiler:d3db978cdd9b7878836e	train	3831
taxprofiler:1f81829aa7ca3b1bb93f	train	3832
taxprofiler:76982de2541774ed7d27	train	3833
taxprofiler:798c09e3949d2987f0fd	train	3834
taxprofiler:dcfaf7ddba7af16badd3	train	3835
taxprofiler:5484c3f59cca25b1f02c	train	3836
taxprofiler:52e408edf76e0d395545	train	3837
taxprofiler:7627b950317ca02a1a3d	train	3838
taxprofiler:a34a05fec147c4b0cf26	train	3839
taxprofiler:6a26dcc4d246d6013992	train	3840
taxprofiler:ae5f043b31c587b26873	train	3841
taxprofiler:3c5431d245715d803a9b	train	3842
taxprofiler:842196b3e4437129f67e	train	3843
taxprofiler:1ddb8b8c07c0710019c9	train	3844
taxprofiler:bcca4cd67145c4a18698	train	3845
taxprofiler:ac2a40d6314b387b2993	train	3846
taxprofiler:693368cc3f617e3ed2de	train	3847
taxprofiler:295d05fd03dc15ba82bd	train	3848
taxprofiler:31aae2b5ad22aade48f1	train	3849
taxprofiler:486daaa3947d6c94f7d2	train	3850
taxprofiler:1b49788f86bf9072da7a	train	3851
taxprofiler:507e2859b9b9ae827cb5	train	3852
taxprofiler:03c1b485fe3d3e972cc9	train	3853
taxprofiler:23ba25d781a7b36f1736	train	3854
taxprofiler:dcef7e96971ab64446b6	train	3855
taxprofiler:f9682e3e9965e9959897	train	3856
taxprofiler:243254d2ae4e7f32d026	train	3857
taxprofiler:58e6e9d710c07c7e862f	train	3858
taxprofiler:05f0fa36d16f075c468c	train	3859
taxprofiler:8aa74b2b0976d3ef97ef	train	3860
taxprofiler:b43309dad4db5986efc0	train	3861
taxprofiler:d87f46f4f5999368cef7	train	3862
taxprofiler:7ec9c8f3b91813ec4d8c	train	3863
taxprofiler:4d3f0803a64e1a1bf322	train	3864
taxprofiler:416d0a64a5f8b308cd89	train	3865
taxprofiler:b7a3edc8538e3a1f0006	train	3866
taxprofiler:ad4f56f08fb5a44620ba	train	3867
taxprofiler:b37db07749596d36c0a3	train	3868
taxprofiler:7d719ef09289f6236c87	train	3869
taxprofiler:d2e6d143793676ad139a	train	3870
taxprofiler:079244597716842784fb	train	3871
taxprofiler:f836b39301d31fe64cf4	train	3872
taxprofiler:2345f2b157b30b058e6c	train	3873
taxprofiler:743a635084de170e4a0c	train	3874
taxprofiler:2119920d17d39ce75647	train	3875
taxprofiler:384e97f55651d963bb4d	train	3876
taxprofiler:96bdf7df556182752f96	train	3877
taxprofiler:538a31c65d2123fd8d7e	train	3878
taxprofiler:58306307e2bba68127e0	train	3879
taxprofiler:2432b4036d43fa55c05a	train	3880
taxprofiler:92de18453c162908e724	train	3881
taxprofiler:03470367744131057dc0	train	3882
taxprofiler:7775c06833a8cdb635d4	train	3883
taxprofiler:dba5f7bb2f0323e5227c	train	3884
taxprofiler:213a50557021e32e935a	train	3885
taxprofiler:140497d49221d7301bdd	train	3886
taxprofiler:5f043dc8f03fcdb21ea5	train	3887
taxprofiler:a4c14f09422c8d75d01b	train	3888
taxprofiler:4b7d9ddc82e6c1d1bfd0	train	3889
taxprofiler:20e94035dd55c4fa9035	train	3890
taxprofiler:0172bc79ac662e1e80e4	train	3891
taxprofiler:333578e1be87180d80ea	train	3892
taxprofiler:d0ebe69dcf8c423ddfd6	train	3893
taxprofiler:29b69b32d68a8df8c1f7	train	3894
taxprofiler:5e0f67a23a07c2f6fca9	train	3895
taxprofiler:0058712e5e1da4ce46e8	train	3896
taxprofiler:56c6a2425cfb4fa425bc	train	3897
taxprofiler:5ab2b9f1e247a4d7771d	train	3898
taxprofiler:f850bc8141aaa59588b5	train	3899
taxprofiler:7b391024abc938faeeb6	train	3900
taxprofiler:2a5aef43e8d0492e8e9f	train	3901
taxprofiler:b997aa17ce27a5781135	train	3902
taxprofiler:b201221f7f6004b3aec0	train	3903
taxprofiler:65ad7c343fd262632879	train	3904
taxprofiler:3fb22415c2d4666cb76a	train	3905
taxprofiler:429e8df506a7ca588011	train	3906
taxprofiler:f92483f1499ea52da353	train	3907
taxprofiler:66f80f887ec1cba0d3dd	train	3908
taxprofiler:6772c7413851aefe0f66	train	3909
taxprofiler:2c1c049fbe6dc88a1ba0	train	3910
taxprofiler:06ccb70b3ff35216a344	train	3911
taxprofiler:f2d9896cb2d107862c64	train	3912
taxprofiler:300c7995363d0560121f	train	3913
taxprofiler:02019230ff49d94d0f56	train	3914
taxprofiler:da0e2bbb5faec568df48	train	3915
taxprofiler:b81b21994f827454c4b3	train	3916
taxprofiler:565e2b7234cb7492e06a	train	3917
taxprofiler:7329af844014f1146587	train	3918
taxprofiler:845af333bea4ada1cdb2	train	3919
taxprofiler:cc0a0d77971987129f01	train	3920
taxprofiler:18d834a0c794aa845412	train	3921
taxprofiler:40712f09df6cf7923148	train	3922
taxprofiler:3802aaffecf6a6a4a20e	train	3923
taxprofiler:5c55ec456362f9962e7c	train	3924
taxprofiler:14f316a773fd35fba079	train	3925
taxprofiler:3b0ddfd0d4c1ed80c39a	train	3926
taxprofiler:3240eb98d9b818d75067	train	3927
taxprofiler:1a360da9efc82c456b33	train	3928
taxprofiler:2f06f0b1934135460d10	train	3929
taxprofiler:35e64d4575b83601636c	train	3930
taxprofiler:be17ecc4cf45c2a0d56b	train	3931
taxprofiler:011e244d206406b66b14	train	3932
taxprofiler:a383c902401afa1b5ab1	train	3933
taxprofiler:69b44e01c94f0856699d	train	3934
taxprofiler:9e8b11680cc94f14fe98	train	3935
taxprofiler:dac6f0f7ebbdea898d19	train	3936
taxprofiler:8028ac7e37023198b4d7	train	3937
taxprofiler:b4cecf96e6e1289bef4c	train	3938
taxprofiler:25b9b43c37304bdfa4a7	train	3939
taxprofiler:0dcb799ca0f6b2a1c7b2	train	3940
taxprofiler:bffa43801e55cc259e5e	train	3941
taxprofiler:eb04818e863da8535a90	train	3942
taxprofiler:3e586406d3fe2ab50bb9	train	3943
taxprofiler:19b6131019ebf8658648	train	3944
taxprofiler:23af10a2575eb53cd78b	train	3945
taxprofiler:c04073b85123e4f8324c	train	3946
taxprofiler:bc6c36ec5d42ab36fbba	train	3947
taxprofiler:817e0ee63240239d9569	train	3948
taxprofiler:9b9a07304fbd97f657a5	train	3949
taxprofiler:9f96c2e7768baa4213b3	train	3950
taxprofiler:1318aa7f1328097e01b1	train	3951
taxprofiler:871901b5f8a99b151480	train	3952
taxprofiler:72cfdc43f00f51d177c7	train	3953
taxprofiler:f326dde7834afe221741	train	3954
taxprofiler:5b1e534847467eefdb3a	train	3955
taxprofiler:7f78f85220c5847c673d	train	3956
taxprofiler:a3720e27bacec18f25ae	train	3957
taxprofiler:596055d24357d93858ea	train	3958
taxprofiler:b794753248df6f854ad2	train	3959
taxprofiler:e071d8ec402eb7619fbc	train	3960
taxprofiler:bb77efc4b327c9be3ebe	train	3961
taxprofiler:c5e15cd318b714f30659	train	3962
taxprofiler:823dc1fd37aa72b684c0	train	3963
taxprofiler:388325ce47c072470f46	train	3964
taxprofiler:49182a68185cf9d7442f	train	3965
taxprofiler:70449446bf48942242b2	train	3966
taxprofiler:635ba3b8a71131e8e2e7	train	3967
taxprofiler:06e2770b884d7551edf2	train	3968
taxprofiler:9e826c869b4ac114a7dc	train	3969
taxprofiler:9f68e209ad7601411e0c	train	3970
taxprofiler:1db90e2076cf6b7b6db6	train	3971
taxprofiler:94796a92394c337a7ae9	train	3972
taxprofiler:f7c389f3f31e010156b4	train	3973
taxprofiler:b382fee0bafa0c709578	train	3974
taxprofiler:747db9dfe422d244aa00	train	3975
taxprofiler:e944efcada1c838edef9	train	3976
taxprofiler:4a8bbb6ec0d507548cff	train	3977
taxprofiler:d84a1821bfaf7dac072d	train	3978
taxprofiler:5fbd3890609c64f0746c	train	3979
taxprofiler:59754cb3ac029defe46c	train	3980
taxprofiler:385e3e5ec3dc0dc1fd49	train	3981
taxprofiler:0c0c8414a9bc1bfb8e49	train	3982
taxprofiler:70b22af6d424b64b2a4a	train	3983
taxprofiler:461a6c960afae2493bcf	train	3984
taxprofiler:486b02255cc998a9c92d	train	3985
taxprofiler:00e5862a76b34c6c5bbd	train	3986
taxprofiler:84b702cdda292d4e92ce	train	3987
taxprofiler:dc084d0526fcb2ece03c	train	3988
taxprofiler:583781b6c7578f1374e4	train	3989
taxprofiler:b29129ac9167351624ab	train	3990
taxprofiler:23dadeebb76ca8aa2f6f	train	3991
taxprofiler:822db2f4697537fd364e	train	3992
taxprofiler:ce23ee44b205ca38e8dc	train	3993
taxprofiler:b0b6301e92db38038ad2	train	3994
taxprofiler:cc7f93f0caceddc6ed9f	train	3995
taxprofiler:3047c6807e98ff409f08	train	3996
taxprofiler:e2ba744de8d5729bbd3d	train	3997
taxprofiler:74050294b3298b4eb393	train	3998
taxprofiler:eed78cd75dacdf0b8511	train	3999
taxprofiler:c16427c13b159a118cbd	train	4000
taxprofiler:a2684259619ce1ca58fc	train	4001
taxprofiler:3ebae49e04fece902807	train	4002
taxprofiler:e8e4283e8a26d0099083	train	4003
taxprofiler:626e757e90eef76d47cf	train	4004
taxprofiler:fec12a14f2fd3d65592b	train	4005
taxprofiler:2c44bf3b0a35fad29e28	train	4006
taxprofiler:08e527ce182fa98ff156	train	4007
taxprofiler:55ba3b84b727e3de03f6	train	4008
taxprofiler:65c2e6579af8c4aff17c	train	4009
taxprofiler:01a7f814d3080c54b053	train	4010
taxprofiler:6871d21179fbfc81e095	train	4011
taxprofiler:6e2b276e9ed6b36bd34f	train	4012
taxprofiler:89956dc4df10f217065d	train	4013
taxprofiler:23dd077fcb3251dfd2ea	train	4014
taxprofiler:b400e58e68388f6c2217	train	4015
taxprofiler:44408a42b843b6e33400	train	4016
taxprofiler:da7bb429f5439f17fd81	train	4017
taxprofiler:e0d9d7eda505115dc15e	train	4018
taxprofiler:eb10f0c0bea4210f4f58	train	4019
taxprofiler:e934691bdba50a1a8365	train	4020
taxprofiler:49eed2ebb085aa039082	train	4021
taxprofiler:2403a5d98e86b0f6655e	train	4022
taxprofiler:3cd139dfe6ae40254116	train	4023
taxprofiler:df92613de048a751c833	train	4024
taxprofiler:3cf4abe3d9a7b37e72b3	train	4025
taxprofiler:0d2ba35426abdde27153	train	4026
taxprofiler:d012bcee9cb5232e1d04	train	4027
taxprofiler:7d40a53469cca7dd474a	train	4028
taxprofiler:c32ca9b77c3b2e68bf54	train	4029
taxprofiler:b766d76fd52be5be91ae	train	4030
taxprofiler:87a407fd71fe9b215420	train	4031
taxprofiler:31d0716e8357e37d3d28	train	4032
taxprofiler:ed38b2516591115437de	train	4033
taxprofiler:69f506b92d1275ed2c5d	train	4034
taxprofiler:2c26936d5d1ff4e644f3	train	4035
taxprofiler:a0a615c99930f464f124	train	4036
taxprofiler:20288f39ab6e98857597	train	4037
taxprofiler:89ac943731cc4ea410e9	train	4038
taxprofiler:63be8e6bbd320bd60f51	train	4039
taxprofiler:21b507522a96881de049	train	4040
taxprofiler:01a6f7e3c7669fcfb24b	train	4041
taxprofiler:0f4a3f7086cf0331e451	train	4042
taxprofiler:e06324dab050766ac253	train	4043
taxprofiler:bf839adf2ef9b26bc04c	train	4044
taxprofiler:0ff6a07c8472c504592b	train	4045
taxprofiler:bae26cd83a4bc4f110cf	train	4046
taxprofiler:750bfe8cc7b62c430cd0	train	4047
taxprofiler:bc5c427fb5c2025d05cb	train	4048
taxprofiler:d20d50830f5a7c0c9cbb	train	4049
taxprofiler:ec69d5644a86fe7a1366	train	4050
taxprofiler:fffd50ef63c7f31cbacf	train	4051
taxprofiler:3847951bf8f75d463628	train	4052
taxprofiler:51525ddc83639c3cb607	train	4053
taxprofiler:067f143098faccc86df4	train	4054
taxprofiler:55a3259c6f7821770871	train	4055
taxprofiler:316661719d021cfff1fb	train	4056
taxprofiler:4bbc0ae817d8ec42396b	train	4057
taxprofiler:86e4ca8a623058d590f6	train	4058
taxprofiler:64009bb61cac4a7d6a7d	train	4059
taxprofiler:09d841d5eb0aa776b7c3	train	4060
taxprofiler:5e54c557c7b6e0425b83	train	4061
taxprofiler:935cfab3398ccb6fe1a1	train	4062
taxprofiler:1ce997760a721d08fac8	train	4063
taxprofiler:6cab088bf7a7dcb76aee	train	4064
taxprofiler:67644b463a9fdb9c9671	train	4065
taxprofiler:3034781581d2f9696460	train	4066
taxprofiler:fce7bbda940b24d505fb	train	4067
taxprofiler:1ee24a6647cab49a7e05	train	4068
taxprofiler:23cd797fda85002afc8e	train	4069
taxprofiler:bca268376052457912e8	train	4070
taxprofiler:7e66d909e784f98b3db4	train	4071
taxprofiler:4cc85efd94af75bf4383	train	4072
taxprofiler:d152fe77bf9cf1e64257	train	4073
taxprofiler:25c7a6f5c5a4c45d03e4	train	4074
taxprofiler:1e82377393a5b4dbb6d2	train	4075
taxprofiler:c4c0c0996cd78b597640	train	4076
taxprofiler:73f104088d5b52c045ae	train	4077
taxprofiler:5a448de95fe78a776574	train	4078
taxprofiler:6ddbe9faec13221ed268	train	4079
taxprofiler:c606a9afde5f1193b4f0	train	4080
taxprofiler:ae9740dbe3e9cc6b078a	train	4081
taxprofiler:c72da597131afb42421d	train	4082
taxprofiler:73bb68052682131ad5c4	train	4083
taxprofiler:42e6fcf25da0b3befb9a	train	4084
taxprofiler:2710f7a3377a354f355a	train	4085
taxprofiler:af0c4e256f5a76f0adb0	train	4086
taxprofiler:98ccc541876899d4ed6c	train	4087
taxprofiler:1641ccacfaac74d8edc2	train	4088
taxprofiler:6c2f427c18fee13b52c9	train	4089
taxprofiler:66528d9abc2f3eda0bc5	train	4090
taxprofiler:2220c51d9598b917041b	train	4091
taxprofiler:f565f3ce24c74449d16c	train	4092
taxprofiler:7945a41687f714ecc3dc	train	4093
taxprofiler:1140fc2022d85bfa84ed	train	4094
taxprofiler:e652d4e09b7994483a3c	train	4095
taxprofiler:092934d35847f1b21168	train	4096
taxprofiler:f0a448f6028ff2a5e0d2	train	4097
taxprofiler:42423afd20c5fd5febf6	train	4098
taxprofiler:d5caf9206d6f5cd73e2e	train	4099
taxprofiler:c97f30e2f4d47b413794	train	4100
taxprofiler:bea9d0490c223addea45	train	4101
taxprofiler:bec56e18d1eb1d0eefe0	train	4102
taxprofiler:9bb84a6de16ddc5c0d74	train	4103
taxprofiler:7b888b03047960d9f451	train	4104
taxprofiler:535e58fb497c421a1e2f	train	4105
taxprofiler:0536bd3837c55fd165fa	train	4106
taxprofiler:a4e0323913ffdc2e6c20	train	4107
taxprofiler:21897ac8c6f9c286e8ac	train	4108
taxprofiler:3ad08ac756eeb749176b	train	4109
taxprofiler:6350eabff3a3cf5d14e2	train	4110
taxprofiler:efa45d3395657f994000	train	4111
taxprofiler:73f5665e7691f2f33ba1	train	4112
taxprofiler:b38b053eeee0d583c3c5	train	4113
taxprofiler:17135c72664c2d966be9	train	4114
taxprofiler:ae0dc6f8c197d0f8895e	train	4115
taxprofiler:0cf912d530cced51f5dc	train	4116
taxprofiler:bd9b07686f0d39f0933b	train	4117
taxprofiler:13e4e88a025733c4e01e	train	4118
taxprofiler:a5bb7451f1017ae669e6	train	4119
taxprofiler:fb330f2384b37fbb48d1	train	4120
taxprofiler:aafb47a5ab88ed8b7703	train	4121
taxprofiler:6616ba79b30d4a9f4cc3	train	4122
taxprofiler:8d0a8541cbf880443628	train	4123
taxprofiler:8423d669c40a37107fce	train	4124
taxprofiler:3e731ef63621bf8f713a	train	4125
taxprofiler:5223a87d430dd7e17c75	train	4126
taxprofiler:56be5a88714c508830d1	train	4127
taxprofiler:541733b5a1971ffd0dde	train	4128
taxprofiler:33e011132265344ab075	train	4129
taxprofiler:eaf72b5a8de6f4a1564c	train	4130
taxprofiler:d8fb0f1d0bbb63be6335	train	4131
taxprofiler:2830f93f1243c66585ec	train	4132
taxprofiler:79fb7288e0cf511ed968	train	4133
taxprofiler:c39b12e4d281353f7e90	train	4134
taxprofiler:587421e76833ec1205e4	train	4135
taxprofiler:539cf692e5bce906e219	train	4136
taxprofiler:65117f7d317118c90c9a	train	4137
taxprofiler:fb300a5a11fd4e03ede4	train	4138
taxprofiler:5595d46a68441a6e3814	train	4139
taxprofiler:e365244b3894a1232715	train	4140
taxprofiler:fdf2c8e0c50fe610ab03	train	4141
taxprofiler:ce1eb350e2de8da20d16	train	4142
taxprofiler:282e480b2fdd82d00e7f	train	4143
taxprofiler:62bb1c6ae7800d5a95bf	train	4144
taxprofiler:459ab67c8037464a51fd	train	4145
taxprofiler:520fabbbbf785fa1c6c3	train	4146
taxprofiler:eea3a34d1ba642639651	train	4147
taxprofiler:84d1c4304930585d90ca	train	4148
taxprofiler:bc392224db88c6a3c498	train	4149
taxprofiler:d378e20f2567893cf514	train	4150
taxprofiler:2419d2bd1dd3aa3ec754	train	4151
taxprofiler:6d4abdb5f9dc8235eea4	train	4152
taxprofiler:9ca6a269147a1cd99b63	train	4153
taxprofiler:af710df9442b2a09a4c8	train	4154
taxprofiler:fba7c5c0e339b056a838	train	4155
taxprofiler:fe57dba30f3142fceef1	train	4156
taxprofiler:2b31a0a4be9018d8d071	train	4157
taxprofiler:707e550015d45891afdf	train	4158
taxprofiler:9ce3369dbeeec4e73bea	train	4159
taxprofiler:7f0c8e865f354c70a8ab	train	4160
taxprofiler:57c5806d8ad2ce11c68c	train	4161
taxprofiler:83b8e249efb471f21b50	train	4162
taxprofiler:7ac3048efeccd782a291	train	4163
taxprofiler:c099aedcd5df7738e7ce	train	4164
taxprofiler:0b89d68d7a2678ca57a8	train	4165
taxprofiler:1663d9d378b8799f3cba	train	4166
taxprofiler:c80b5b5daf6736465d91	train	4167
taxprofiler:e9dba476ca03014d71f9	train	4168
taxprofiler:c850f690b61bf90b68e9	train	4169
taxprofiler:5eee900ad987b699f8f6	train	4170
taxprofiler:0b16407ec2f9b22eda3f	train	4171
taxprofiler:9de9e9ab2753839e5e01	train	4172
taxprofiler:40d4e8c91577f9702f45	train	4173
taxprofiler:44640f7333e249f75e50	train	4174
taxprofiler:96071218a4759900348e	train	4175
taxprofiler:c4be8851827995871e3c	train	4176
taxprofiler:506d08f6123a5640bbc6	train	4177
taxprofiler:d6e085df5b031527efd7	train	4178
taxprofiler:35edea0fab43ce1a75d6	train	4179
taxprofiler:1d8d7ef8f9c7b614c054	train	4180
taxprofiler:e48ef1c78b75d586fd1e	train	4181
taxprofiler:26886c9e417306424193	train	4182
taxprofiler:67d5cc5f4af30648c3fb	train	4183
taxprofiler:35fb383bc12fd04f7194	train	4184
taxprofiler:897063c1d176e947cd26	train	4185
taxprofiler:fdf1b52de31227fe00e6	train	4186
taxprofiler:1a1dbec739c95661154b	train	4187
taxprofiler:058736a8d9d9e4817b54	train	4188
taxprofiler:b3bed75e58cd4f97498a	train	4189
taxprofiler:4237084183b31ef05e1e	train	4190
taxprofiler:4962fe70792a3598a049	train	4191
taxprofiler:2e67af91d7f3716ded0b	train	4192
taxprofiler:5c42bf94830b24daf845	train	4193
taxprofiler:894e3ef12e6dbaa75a64	train	4194
taxprofiler:ccee11a675f117d0f770	train	4195
taxprofiler:cfa715bc97f1bd1c757f	train	4196
taxprofiler:4076a0f9d498679af28d	train	4197
taxprofiler:ebb48d52637157a4864c	train	4198
taxprofiler:56d801b5458664f96b99	train	4199
taxprofiler:3a795ae4efd12ae8db12	train	4200
taxprofiler:443cad3e7732493450ab	train	4201
taxprofiler:e2a67781d6306107fc16	train	4202
taxprofiler:bb979ebbab200b498c57	train	4203
taxprofiler:66e4ceb4cfd0583e32c9	train	4204
taxprofiler:771be69d8d3a395df708	train	4205
taxprofiler:c596390139417ff83d9f	train	4206
taxprofiler:0ba281afa0c1bc1126b3	train	4207
taxprofiler:edc6db89b5ec594fc57d	train	4208
taxprofiler:98b281cabfdc0d6f15d1	train	4209
taxprofiler:bca872568ffe8a36810d	train	4210
taxprofiler:481d2b7069642186a293	train	4211
taxprofiler:c32905f4eaee4be9c23b	train	4212
taxprofiler:94ce10874d8e7c94901e	train	4213
taxprofiler:db9514adf2b308abca8e	train	4214
taxprofiler:e4dd5200247b419508b3	train	4215
taxprofiler:1f77124ed05416e7ac45	train	4216
taxprofiler:530decaed7b77b195e46	train	4217
taxprofiler:0c576ea9cf49690e39d0	train	4218
taxprofiler:9c09dcd7a3cc0f6d1e31	train	4219
taxprofiler:1874356a72fce3f71e70	train	4220
taxprofiler:750648736d83ef81fbb7	train	4221
taxprofiler:c49097a73a94de18d351	train	4222
taxprofiler:ca5cdd8c1c36ef0b5683	train	4223
taxprofiler:d5f941e06bd7704a2dd0	train	4224
taxprofiler:63222a7aadc72bc8824c	train	4225
taxprofiler:69a5f412987e816bf47f	train	4226
taxprofiler:3761a5bba944e93d4ad3	train	4227
taxprofiler:96564761bc95c447830b	train	4228
taxprofiler:e750a7bdc67537ef37b1	train	4229
taxprofiler:9568657cc8616ee03b63	train	4230
taxprofiler:b00078a8d3174cbe4661	train	4231
taxprofiler:8d0365462c47788fc20d	train	4232
taxprofiler:4e5ff5e67652ccbfe6d9	train	4233
taxprofiler:7258bc70ea0959c13f53	train	4234
taxprofiler:ad0d7ac4da1a4bae4ee7	train	4235
taxprofiler:c2b6c3457b413107c3fb	train	4236
taxprofiler:8adf091113a16002897c	train	4237
taxprofiler:9948d187c47b938c5f70	train	4238
taxprofiler:15d92f28f32926a8dc50	train	4239
taxprofiler:bf7042cc2ffa54d37f7e	train	4240
taxprofiler:24314826c2f12d99013c	train	4241
taxprofiler:c1c6155c364a1acd3590	train	4242
taxprofiler:59ec8761fc7189982f2a	train	4243
taxprofiler:72d5b0563374ba2dace4	train	4244
taxprofiler:1c40d4bcd46e1b7f6f35	train	4245
taxprofiler:b9d61ef4b1a61d52c711	train	4246
taxprofiler:a92f83cd446dd1242593	train	4247
taxprofiler:bb42147529cdf36b1563	train	4248
taxprofiler:c8422ad38c67b5703319	train	4249
taxprofiler:48740210c618abd247dd	train	4250
taxprofiler:bcaa9c31d4cbb06be218	train	4251
taxprofiler:94dd0cd1383b565490c0	train	4252
taxprofiler:93cc96293e3d81efa42f	train	4253
taxprofiler:389c9f096eea6d91130d	train	4254
taxprofiler:ff9618e56d3cd98ab44f	train	4255
taxprofiler:b3648104fe123ed89362	train	4256
taxprofiler:c904e70e1d2edf9bdc0a	train	4257
taxprofiler:19a13ff460b0c0166a91	train	4258
taxprofiler:fa1b90499d2fd63b8278	train	4259
taxprofiler:95fdde464acbebdb1edc	train	4260
taxprofiler:aa62c5bd511f1b9c7e68	train	4261
taxprofiler:956dc9e25d1fa6fcdf66	train	4262
taxprofiler:0c0599267332d691d946	train	4263
taxprofiler:8f61a2689f93e961aa66	train	4264
taxprofiler:db511a09fc56db22031a	train	4265
taxprofiler:9e1beb69c9ec32cda131	train	4266
taxprofiler:73bf705d16878662ea90	train	4267
taxprofiler:6dcd32114497eeba4263	train	4268
taxprofiler:7e8339645631e92792a5	train	4269
taxprofiler:3ace54f934ec75ed1af1	train	4270
taxprofiler:b62f4ce68b7f24dbf497	train	4271
taxprofiler:d99ffd79161717e03d35	train	4272
taxprofiler:43e3e287d58cd4c42b50	train	4273
taxprofiler:16f55489ad7b67c1ec00	train	4274
taxprofiler:be7bea1c75e5f96c83f8	train	4275
taxprofiler:d570814b9b775af89622	train	4276
taxprofiler:6c26b7d574be7ed7b06c	train	4277
taxprofiler:97404443bd9949d8151c	train	4278
taxprofiler:be6be45a30b2aaf9a06c	train	4279
taxprofiler:ab6e12f34d3f26bbf354	train	4280
taxprofiler:b09ad212874c51676aee	train	4281
taxprofiler:9970bfec7b0f8579443f	train	4282
taxprofiler:5fbc8a970b2c4e475046	train	4283
taxprofiler:84f12a611c1bae3e26ca	train	4284
taxprofiler:3fc9ed5520cde7077e60	train	4285
taxprofiler:a6005e66a65a654b919a	train	4286
taxprofiler:7d16213cb943e8f0baac	train	4287
taxprofiler:c097b5f07b8e685dde17	train	4288
taxprofiler:7de414e10a04e34ac765	train	4289
taxprofiler:408f7b3d543ca29f0c85	train	4290
taxprofiler:21c96b44aa8e9a5d0af5	train	4291
taxprofiler:3cb03e040dd9f30a2e85	train	4292
taxprofiler:791eeecbceb1be8fc230	train	4293
taxprofiler:9b7f73fa80130312d116	train	4294
taxprofiler:d1c85ca0e9f86ac4e643	train	4295
taxprofiler:865b818bb6586b5729ab	train	4296
taxprofiler:e1847ad1165bd4352973	train	4297
taxprofiler:0ec908c025e06d883498	train	4298
taxprofiler:80308b1798795b51a9a8	train	4299
taxprofiler:2c7c549aec9ca356d027	train	4300
taxprofiler:410297718c24f32a8f62	train	4301
taxprofiler:e6b83cd606950ffa7da9	train	4302
taxprofiler:057b40c86298fbc8c65e	train	4303
taxprofiler:fe58161fadd9306f657d	train	4304
taxprofiler:f51d10e84362fe57a1db	train	4305
taxprofiler:bacc88f6996cc3364e5b	train	4306
taxprofiler:a65ad4bd8408e9521f2e	train	4307
taxprofiler:324a2d3817df710eb7c3	train	4308
taxprofiler:3b62856375f7879a48ab	train	4309
taxprofiler:7eb769abb59f1d2fd92b	train	4310
taxprofiler:9ad9b88e533af9ad6ff3	train	4311
taxprofiler:1ae605f70164aea2486b	train	4312
taxprofiler:52e77d5eebd097625472	train	4313
taxprofiler:22a710b4089d854ea794	train	4314
taxprofiler:8167f731ee3d2ba128a4	train	4315
taxprofiler:25436bb60ac1f49a10c1	train	4316
taxprofiler:ccbd9393bfdb299a3c87	train	4317
taxprofiler:f59459c67b6249aeb227	train	4318
taxprofiler:568693541392dccb68f3	train	4319
taxprofiler:53bce72e0e96778fb3c8	train	4320
taxprofiler:2386a0277c4d37e9b08d	train	4321
taxprofiler:6acca9e20ddee8215aaf	train	4322
taxprofiler:7ca9a881519bc9ce6c29	train	4323
taxprofiler:036995e3aae46e0c0c42	train	4324
taxprofiler:c224c880e20042dd2161	train	4325
taxprofiler:4c0bd27cf396c4b90ea6	train	4326
taxprofiler:0c3b455da4449e92b406	train	4327
taxprofiler:92c94bcc7964480b892e	train	4328
taxprofiler:f56607c22a93a866f67e	train	4329
taxprofiler:9d619363d922c6ce6859	train	4330
taxprofiler:40eb6e053d6a5d7f8abb	train	4331
taxprofiler:4936b3852b952ab31733	train	4332
taxprofiler:ee0ca450bab89f7d524c	train	4333
taxprofiler:49f4dd049bc4294e09ad	train	4334
taxprofiler:2aeb12c017777fced740	train	4335
taxprofiler:e1e0580de25ebb8f7626	train	4336
taxprofiler:4662231ef63ed4dde770	train	4337
taxprofiler:515db2ff768ac56903c4	train	4338
taxprofiler:300b08d3b76c629a7e15	train	4339
taxprofiler:4d8f51b81e809f9a7e06	train	4340
taxprofiler:37f092c02c150958de4a	train	4341
taxprofiler:8414a1a8c8c1f5cd425f	train	4342
taxprofiler:daa68568cb612fab86e3	train	4343
taxprofiler:43765cdb3c9fead886ff	train	4344
taxprofiler:7534fcb039d87a31f4a8	train	4345
taxprofiler:ee2a2426353da15ed019	train	4346
taxprofiler:a5b5236a966373d5a4af	train	4347
taxprofiler:67f05e1fc0f6a8c0b8e5	train	4348
taxprofiler:9ddc7c140cafb572cd68	train	4349
taxprofiler:85319cabbdacd062dbde	train	4350
taxprofiler:8ef2e8dbc66ac0ee3d01	train	4351
taxprofiler:d72465415e9c02c25d9d	train	4352
taxprofiler:ead199c4350c8a203854	train	4353
taxprofiler:0bf86375969747061400	train	4354
taxprofiler:47b2f5a7cb9ff308d296	train	4355
taxprofiler:d1c7f5531dbaaa279ca8	train	4356
taxprofiler:12f4ac4d5d71b3250976	train	4357
taxprofiler:124d87f8bc9eb325666f	train	4358
taxprofiler:d1124490a9827da0b308	train	4359
taxprofiler:3185fbaa63aaa183aeb4	train	4360
taxprofiler:36b8d724cf607f8ea094	train	4361
taxprofiler:9bb08c0d437cef299595	train	4362
taxprofiler:fdf5ace5fe35dd40ef48	train	4363
taxprofiler:b4709420d20add336f36	train	4364
taxprofiler:f36e7530d11d1180d0a7	train	4365
taxprofiler:30e2629b8a16c88fed02	train	4366
taxprofiler:4eacfd4bbfe2258a3b65	train	4367
taxprofiler:131d428ed7703a8fc466	train	4368
taxprofiler:89190b5f8ab3a5123608	train	4369
taxprofiler:ce08778359a4736798d1	train	4370
taxprofiler:c681a6a308ec9c475013	train	4371
taxprofiler:17b4a9e3cf45131fd923	train	4372
taxprofiler:20aa0a6b85454815354d	train	4373
taxprofiler:2efdb88d9525a39159d9	train	4374
taxprofiler:1d1bc460965148ac59f2	train	4375
taxprofiler:f5db3bf70e200203400f	train	4376
taxprofiler:b5bf341db389b41f59ca	train	4377
taxprofiler:f985903dcb5c23777868	train	4378
taxprofiler:e4f4537cfeff667a187f	train	4379
taxprofiler:dde70f97c11b2cafc387	train	4380
taxprofiler:137901c3a5692937fbad	train	4381
taxprofiler:23333409df97ec4c963b	train	4382
taxprofiler:7730a8c0b5ff63516aa5	train	4383
taxprofiler:2268c75b8cd6ca2fba22	train	4384
taxprofiler:5ecbd2a327aead920583	train	4385
taxprofiler:789c8afd654d5d7d417c	train	4386
taxprofiler:b35eac804f6f2dc56d94	train	4387
taxprofiler:cf0a2fa55976a08dba42	train	4388
taxprofiler:8a1a25cf2a5e75b90dd6	train	4389
taxprofiler:4a73471d594898e0aa18	train	4390
taxprofiler:8b60f87774dde220aabe	train	4391
taxprofiler:28e9e156350632541ad8	train	4392
taxprofiler:1a837329c461da19e687	train	4393
taxprofiler:d33e6d194bbea60b4160	train	4394
taxprofiler:e7771a37fc94d4d12e57	train	4395
taxprofiler:6bee8e1c541a4a905e7b	train	4396
taxprofiler:969f349f3e8aedf0124a	train	4397
taxprofiler:ab8e7beaf18efe377b1a	train	4398
taxprofiler:95f1f5c2ce212b91db29	train	4399
taxprofiler:e3f1b5e880c0793e4170	train	4400
taxprofiler:496b71e4bae59a9b7791	train	4401
taxprofiler:de5742a7997948712bcf	train	4402
taxprofiler:9cf9b723a003d5616f82	train	4403
taxprofiler:8f815aec08f68d7216b1	train	4404
taxprofiler:35dedb4121d55ff5eef0	train	4405
taxprofiler:501b9233b70987f15980	train	4406
taxprofiler:7a2da764366a27988f06	train	4407
taxprofiler:4ca18a6ddadad0b957ee	train	4408
taxprofiler:6e02edb56d5fb0d5fff4	train	4409
taxprofiler:5ad7f6ba3a7c4a212ccc	train	4410
taxprofiler:ef74d10f8ff7925afdff	train	4411
taxprofiler:4cc8f2b399fff1fb0e12	train	4412
taxprofiler:a151e492764c2e25e32b	train	4413
taxprofiler:bec8d37e54a8411d10e0	train	4414
taxprofiler:6952f1abee8ad7f65643	train	4415
taxprofiler:f137c9774cc6ed1433ed	train	4416
taxprofiler:026b193d9cbde7caf3e9	train	4417
taxprofiler:3df71e68862212e73a79	train	4418
taxprofiler:091602ba93aced5f67dd	train	4419
taxprofiler:96c7aa2303b35228dc51	train	4420
taxprofiler:64e9bf3826bf3795e5d1	train	4421
taxprofiler:c77cf300b5607e2a53b7	train	4422
taxprofiler:464f4dec24c5598aa193	train	4423
taxprofiler:12c74c7e1c5baf2f14e3	train	4424
taxprofiler:73cd66d0b55f6bd6623e	train	4425
taxprofiler:1975b1cdd4d66b79507b	train	4426
taxprofiler:e3c699954428f14c82eb	train	4427
taxprofiler:753d1a7df2233e4648bc	train	4428
taxprofiler:8e1e0c6b8bff829e23eb	train	4429
taxprofiler:b7e312c5dfaa82de2039	train	4430
taxprofiler:1bd0d8ae5b269f31ea5a	train	4431
taxprofiler:e1355549ba09696f86bc	train	4432
taxprofiler:77c262041086024a4f02	train	4433
taxprofiler:7be37293a050ed3406ef	train	4434
taxprofiler:6200324a8e86805f6182	train	4435
taxprofiler:26da0f242973909f8a21	train	4436
taxprofiler:10894ee6743b039e27e8	train	4437
taxprofiler:30a11e23e7d12f8877d4	train	4438
taxprofiler:06154939f687fe194f17	train	4439
taxprofiler:8c3c5bdf9199fb79023f	train	4440
taxprofiler:656e2cf3e7dd9643f2f4	train	4441
taxprofiler:5492005a62a0b754582c	train	4442
taxprofiler:19506d50fabbdc1b430c	train	4443
taxprofiler:a065fae52163c8ca1155	train	4444
taxprofiler:bbfa3d668d3e16bff483	train	4445
taxprofiler:a57af95e8c08f1d7f037	train	4446
taxprofiler:18fce9d2e24e70f04d4d	train	4447
taxprofiler:c6e0f82d59c6617f8216	train	4448
taxprofiler:26b9f9540d355c397950	train	4449
taxprofiler:5485f9f58b9ea8188707	train	4450
taxprofiler:efd200234ba812129e35	train	4451
taxprofiler:3b8f0902e05a32180aa1	train	4452
taxprofiler:db46dff0bf0166b29f67	train	4453
taxprofiler:95291ae8dbd28c659fcf	train	4454
taxprofiler:b89798a2543e8b3b9cd3	train	4455
taxprofiler:826b2a963fb477aac687	train	4456
taxprofiler:3ae0f4114a79ae7b0029	train	4457
taxprofiler:cdedf0aace45e96b6535	train	4458
taxprofiler:16f7cc780351c3f3fbfc	train	4459
taxprofiler:7a16cf0c63816e09505f	train	4460
taxprofiler:c259ca395b7ca0ba3608	train	4461
taxprofiler:769bdfe6bfaeb68bdc54	train	4462
taxprofiler:9e965f71a6643bcea513	train	4463
taxprofiler:3b38ef4e9b270fba0371	train	4464
taxprofiler:adb4c112494b0f6b2bfc	train	4465
taxprofiler:7586f402aea1dd4e4c34	train	4466
taxprofiler:4b898f8803cd14e0857d	train	4467
taxprofiler:e457ba5f3c9811cd5912	train	4468
taxprofiler:3187ecf714ad6618818a	train	4469
taxprofiler:fa78d7798a7d571e227f	train	4470
taxprofiler:19b2993ec74cfe07a4b1	train	4471
taxprofiler:4588ebad3601833cba6c	train	4472
taxprofiler:703f0e66ae5377aace00	train	4473
taxprofiler:70d73f77d958a9e38003	train	4474
taxprofiler:72c8dd4327ec43500068	train	4475
taxprofiler:2fb503bb798e131cf26d	train	4476
taxprofiler:d1deefe7a5ae044c0dde	train	4477
taxprofiler:a5cf4c65a1d7193c0c93	train	4478
taxprofiler:dcff4326f11ad36a68db	train	4479
taxprofiler:5a3f5a5b0ab2639ff57e	train	4480
taxprofiler:fdadb2af593f5c9fa767	train	4481
taxprofiler:ba19c61e82098a8e5d94	train	4482
taxprofiler:12a579d7c167cb01b3ee	train	4483
taxprofiler:1ed85cecc93a79e791a8	train	4484
taxprofiler:c20a9917c9364497b07b	train	4485
taxprofiler:0652c4fd6e3386fb8cbf	train	4486
taxprofiler:d92a8f0eee088bd0f796	train	4487
taxprofiler:95839c1fca3313e22eec	train	4488
taxprofiler:849ee09beeb4b40f40d3	train	4489
taxprofiler:23c23011a41f953a2c63	train	4490
taxprofiler:7899cd5f74a0cf829a84	train	4491
taxprofiler:7b459a20dc9915754c0c	train	4492
taxprofiler:d4658091ac52c241053e	train	4493
taxprofiler:3fe192594fa56bb5ff69	train	4494
taxprofiler:eaefd5fef1ea369abad8	train	4495
taxprofiler:1d0758229975fb38b7d4	train	4496
taxprofiler:803dd3c708a4df3d5686	train	4497
taxprofiler:0b20df2edfb6b1409058	train	4498
taxprofiler:1aa3bbba43da5ada3f2b	train	4499
taxprofiler:c80c70123602fdf08e93	train	4500
taxprofiler:b2d67baa6a49fb122d80	train	4501
taxprofiler:58bb77885fdc244edb80	train	4502
taxprofiler:ceef5682128005586962	train	4503
taxprofiler:5af376ae86dd0bd09d61	train	4504
taxprofiler:6453110e45824a240fb0	train	4505
taxprofiler:faebdae1a587e894db5f	train	4506
taxprofiler:e350bc4e76a7432c20e2	train	4507
taxprofiler:860d7e76e96b94ca04e4	train	4508
taxprofiler:9caf7a5ac266406496a2	train	4509
taxprofiler:3fb360289e767d6edae3	train	4510
taxprofiler:1c275dac75e273a3d7b5	train	4511
taxprofiler:d339f0bb9c358fe80ebf	train	4512
taxprofiler:8f80644ec9655fb5e25e	train	4513
taxprofiler:81f3aaea99c5124bb323	train	4514
taxprofiler:d5e58071de22b4a7df64	train	4515
taxprofiler:3a4366eebc8c987bed42	train	4516
taxprofiler:644db503c37cb4f3fdfd	train	4517
taxprofiler:efddd0a414b90e764452	train	4518
taxprofiler:d8bf0c1c20274357d334	train	4519
taxprofiler:3f1fbf132624586d54e6	train	4520
taxprofiler:b07ba0e722541efc4df1	train	4521
taxprofiler:12f9031aa313d34a2dcc	train	4522
taxprofiler:2ac06927b1e1f23b1753	train	4523
taxprofiler:449b86f74e609fdf5038	train	4524
taxprofiler:93da0d8eba5b67539abc	train	4525
taxprofiler:6781248c4595044cb6dc	train	4526
taxprofiler:52d523ffc2245f1247f9	train	4527
taxprofiler:4b4652276c91ae28c46e	train	4528
taxprofiler:54ab7113c0afce1729a9	train	4529
taxprofiler:7bccec296851bc719b9d	train	4530
taxprofiler:fbbd3cf9b774c5c9fe32	train	4531
taxprofiler:45b3ed7265bd5e7b4bb4	train	4532
taxprofiler:857949f88f0f2c6fc3f6	train	4533
taxprofiler:8ad5525a61c1c6779efc	train	4534
taxprofiler:35817ef09f4cb1cae28f	train	4535
taxprofiler:8aa7c25ff08c51f53d75	train	4536
taxprofiler:a8d88e760749574782a1	train	4537
taxprofiler:c35c58240355420be203	train	4538
taxprofiler:9670abf0b388cec65ab5	train	4539
taxprofiler:e2504639dbadfaebda14	train	4540
taxprofiler:a7c7cd28b8217a9d9037	train	4541
taxprofiler:b8690d3c938e46477e36	train	4542
taxprofiler:2388b5e23ea1effb6e6c	train	4543
taxprofiler:189471421b6aa7f9aa96	train	4544
taxprofiler:854528f323cd088f528d	train	4545
taxprofiler:136d8e89e794685ed098	train	4546
taxprofiler:0a16c500b6a5da50bbf6	train	4547
taxprofiler:12d2c7a2fd5576ab7508	train	4548
taxprofiler:a561ce54eeea25fe6f86	train	4549
taxprofiler:6c7703bff4f9098cc16e	train	4550
taxprofiler:6581a9743ab6034ff73e	train	4551
taxprofiler:b5ee11441c6098138429	train	4552
taxprofiler:5f99f721fd137ef4cf95	train	4553
taxprofiler:e3bf4dab84eebcf3c195	train	4554
taxprofiler:abf01cb77dc956867a25	train	4555
taxprofiler:5b8c8a7d22976053a021	train	4556
taxprofiler:b9ad01df4da66476b6f1	train	4557
taxprofiler:598b3a800ed82579cda8	train	4558
taxprofiler:42e7a0a7279564baa622	train	4559
taxprofiler:7d4281c0df19664031c6	train	4560
taxprofiler:19ebf36b98b617e86ed1	train	4561
taxprofiler:5a410fed7a626f74e7b4	train	4562
taxprofiler:8b0f7f4c67febb35aa89	train	4563
taxprofiler:48f7247484882572ea61	train	4564
taxprofiler:12aa4f45043da09f7e6a	train	4565
taxprofiler:ddf7545d71dc918b4fc5	train	4566
taxprofiler:554aaae0617ddab02076	train	4567
taxprofiler:6a9cd791a828412d784c	train	4568
taxprofiler:0af76ff7586d40dd440d	train	4569
taxprofiler:faf8e3a8527d762a0216	train	4570
taxprofiler:65acd955bcf0d09736ba	train	4571
taxprofiler:3efe9a74badc65f1a443	train	4572
taxprofiler:c9bed1e325744c82602f	train	4573
taxprofiler:b2cb1599cb727feac876	train	4574
taxprofiler:5218f1f7f49262e26ff0	train	4575
taxprofiler:202a6e8fd234f2f7564e	train	4576
taxprofiler:9e2ce4c251eb5edc11f6	train	4577
taxprofiler:1eb93800000aa6cf487d	train	4578
taxprofiler:76109d7ca381652bc812	train	4579
taxprofiler:e54e6382c3ae4b0a68a4	train	4580
taxprofiler:f8123ed453c00c8331ab	train	4581
taxprofiler:bc167a689df8de6ec1c1	train	4582
taxprofiler:90d9bbd91d74ff9679ac	train	4583
taxprofiler:a3eaec675c33cb5a975f	train	4584
taxprofiler:38ab873ba9bfabb855ef	train	4585
taxprofiler:83034931ea2912f74c54	train	4586
taxprofiler:77244a8f28b6af7c63a2	train	4587
taxprofiler:8efddf475d7330920ce5	train	4588
taxprofiler:c082bbaa9def829970d8	train	4589
taxprofiler:6774c7fe5be5ddb96e71	train	4590
taxprofiler:f8038f9eeea75583057b	train	4591
taxprofiler:584a40411db175640d5f	train	4592
taxprofiler:3c84df72abd237ba494e	train	4593
taxprofiler:fa8f41d828a53b00bef9	train	4594
taxprofiler:332d4d762ff2053723a1	train	4595
taxprofiler:fa3db4d8a3eadafcb9d3	train	4596
taxprofiler:f056bce4588f2213d677	train	4597
taxprofiler:52f5d281a1321bf13a1a	train	4598
taxprofiler:6d50e4740958945ed1cb	train	4599
taxprofiler:15f56ae324dcfe2544ea	train	4600
taxprofiler:b06c0854efdce49ec722	train	4601
taxprofiler:9c5333c1d0932e09f867	train	4602
taxprofiler:4c63e463b27d5ee352bb	train	4603
taxprofiler:482be4c9b1e8ace6b426	train	4604
taxprofiler:352ec1950bf62eeab948	train	4605
taxprofiler:c6a67884143ff7e9c984	train	4606
taxprofiler:73deb96d96a55d774828	train	4607
taxprofiler:e9530e06b951bc594964	train	4608
taxprofiler:20c15398c2df8e069733	train	4609
taxprofiler:0a67b13c9732093a1041	train	4610
taxprofiler:c7422eb4c2cffe9ff50c	train	4611
taxprofiler:e264c22747180aa52694	train	4612
taxprofiler:6721a3a0c4ce3bd3f728	train	4613
taxprofiler:3c0d4560a45b54099dda	train	4614
taxprofiler:58954be8f0017373a98e	train	4615
taxprofiler:e889f7f1b4e320c56a6e	train	4616
taxprofiler:b64966a1307cc6d9e6da	train	4617
taxprofiler:af2c7c29255206f76586	train	4618
taxprofiler:545c127ccf2481ac8ce3	train	4619
taxprofiler:4c44b7a466db3d643b52	train	4620
taxprofiler:9d11c0d7e01eb89b10e3	train	4621
taxprofiler:6857efdcfa2373175ca7	train	4622
taxprofiler:60ed3df86fb1151d8f85	train	4623
taxprofiler:f8eef28064f03f48e4b0	train	4624
taxprofiler:a775c3232541a63092dd	train	4625
taxprofiler:9d9728237732963a1fc3	train	4626
taxprofiler:5d7f21172140744e51c2	train	4627
taxprofiler:74c5f3833c305d113ec5	train	4628
taxprofiler:3b5ab649ceb7d13dd305	train	4629
taxprofiler:7e138e32f857aabecdee	train	4630
taxprofiler:cb83a04d298d46eccadf	train	4631
taxprofiler:86e6614135e93b0a097b	train	4632
taxprofiler:3d250894f5ade77826c1	train	4633
taxprofiler:2dfb5dd1847aab5cbe21	train	4634
taxprofiler:601467f5ddb560cfc04c	train	4635
taxprofiler:b811adc7b2cb2f02a61d	train	4636
taxprofiler:20be9e974fc6b8825046	train	4637
taxprofiler:e21ffa169262bd69ceff	train	4638
taxprofiler:76064da6171023587571	train	4639
taxprofiler:49fc9da0059296b9c0d8	train	4640
taxprofiler:1636bb1fe350fab861e0	train	4641
taxprofiler:d69357d9a480c6bc9911	train	4642
taxprofiler:c1fe215d34bc38d07d04	train	4643
taxprofiler:e2a437aad3272f7870e3	train	4644
taxprofiler:dcfc98b32d1419ef20eb	train	4645
taxprofiler:65f3841643150a0226a8	train	4646
taxprofiler:210cb7137ffeb0d3cef1	train	4647
taxprofiler:20b47da9d482c59f27fd	train	4648
taxprofiler:1745560267b04496800c	train	4649
taxprofiler:c33a6ab10a025a449981	train	4650
taxprofiler:de4e4f49ee109438fce5	train	4651
taxprofiler:d01788c0b58d2284a861	train	4652
taxprofiler:1fa522d8433e101629c0	train	4653
taxprofiler:6dbe6c6c919642add095	train	4654
taxprofiler:370c66391d9a7006fb52	train	4655
taxprofiler:d7a0d73087648d02486e	train	4656
taxprofiler:b31f60b3997a223bcf8d	train	4657
taxprofiler:fc7d0e71ccf17f6582c4	train	4658
taxprofiler:f247bd7afcb34eb7efb5	train	4659
taxprofiler:8a0bffe37d5d8953cfd8	train	4660
taxprofiler:133f3c02491e39301737	train	4661
taxprofiler:e7c75a53066ac8836e9a	train	4662
taxprofiler:736813def2006668c476	train	4663
taxprofiler:0029a6a2f114872caf56	train	4664
taxprofiler:057692e6d0406a275679	train	4665
taxprofiler:68f3c98938141a3d8db6	train	4666
taxprofiler:f0a9badff393d575e90a	train	4667
taxprofiler:1e978370c0cfdf862155	train	4668
taxprofiler:9af5b19576adb6abfb43	train	4669
taxprofiler:9eba412e37c24d2a7dd9	train	4670
taxprofiler:ba90b652f341f57b4105	train	4671
taxprofiler:d7e6742812d62e469d11	train	4672
taxprofiler:1461838f96c737ecc763	train	4673
taxprofiler:cd69124c02c7875d7e3b	train	4674
taxprofiler:7730ac4b32324034cb95	train	4675
taxprofiler:ddf99a4ba8f5a68c5a3b	train	4676
taxprofiler:88aaff73ab42bfa88d7b	train	4677
taxprofiler:9e6408bb81158a0b64ca	train	4678
taxprofiler:6e5835f4faa70d6e8e11	train	4679
taxprofiler:28e09a8b21206eb8ba65	train	4680
taxprofiler:2ad984fcdcc7b91c860f	train	4681
taxprofiler:5f09730c776a37da3992	train	4682
taxprofiler:cc76cde8a42b822253a6	train	4683
taxprofiler:563b2ae03b72a3e22acf	train	4684
taxprofiler:f2ee2c14e6b9c30d83a6	train	4685
taxprofiler:de6bcdceab538ccef8ac	train	4686
taxprofiler:d16f8ff33e804dc5f16b	train	4687
taxprofiler:574753a3923840aace35	train	4688
taxprofiler:2ee786398ebbdf59e632	train	4689
taxprofiler:c4d8f1d195bde01e8afb	train	4690
taxprofiler:6d8a0e76d4736f61f949	train	4691
taxprofiler:3f9a8c79f2107805c30c	train	4692
taxprofiler:18e258ff73adc9a62f7d	train	4693
taxprofiler:a33df4dfa6db49307907	train	4694
taxprofiler:34ce1e576f55f6c862d1	train	4695
taxprofiler:85e748b203bd39d27866	train	4696
taxprofiler:0dfe6488337fa92d2650	train	4697
taxprofiler:50e1f46c6e6aa446531e	train	4698
taxprofiler:dc2209cb641389635dce	train	4699
taxprofiler:437bc0c5c03472c5d8d8	train	4700
taxprofiler:44b5911532c411ce9c55	train	4701
taxprofiler:0088899f7b193f462a49	train	4702
taxprofiler:130793ba871adca610ca	train	4703
taxprofiler:6a0b9823a67ea2cdd6cf	train	4704
taxprofiler:01a23621d6e3d9e50e83	train	4705
taxprofiler:1d17b3a3820e9d9caada	train	4706
taxprofiler:31f859c78c595b9786b5	train	4707
taxprofiler:983bfa09c4302cb83399	train	4708
taxprofiler:abc608bd145be73be676	train	4709
taxprofiler:b26a1f57bf30571e6585	train	4710
taxprofiler:66a58d404a06284f0ce2	train	4711
taxprofiler:3828b5d8ab9ea6a5e9f6	train	4712
taxprofiler:13af35492d5d0552e303	train	4713
taxprofiler:2d89eaac84d18e524e0c	train	4714
taxprofiler:cf0660b89555dc7c2c81	train	4715
taxprofiler:6bfbf8ac2ddbba775d45	train	4716
taxprofiler:1db03525a72aae77fe1b	train	4717
taxprofiler:ccd4688ba8447a21f154	train	4718
taxprofiler:2e975e1fab2db42d60f8	train	4719
taxprofiler:72fee2cb5d8c7640b9c7	train	4720
taxprofiler:cbfedbc186b6557c18dc	train	4721
taxprofiler:8536cda704b7a5d6aa7f	train	4722
taxprofiler:b586669f1b88a1fb1829	train	4723
taxprofiler:ba6767ef4426ffe6ebb1	train	4724
taxprofiler:035e84dba9bd951743e5	train	4725
taxprofiler:0be5c185e8f3261a16c1	train	4726
taxprofiler:d8372f67e1c08e5cb264	train	4727
taxprofiler:0216f5735bfb1642fd26	train	4728
taxprofiler:d7b51587abf9b616692b	train	4729
taxprofiler:af7442720e75a49924f4	train	4730
taxprofiler:fe3956607bb820fa1f80	train	4731
taxprofiler:3f40965f805781827bf1	train	4732
taxprofiler:6d29be276e6d61a71a5b	train	4733
taxprofiler:d49d560552706bdb7f86	train	4734
taxprofiler:c6c1bf2f0032fecf5e1d	train	4735
taxprofiler:314cc6ba49d21dd2c516	train	4736
taxprofiler:c3dd7235dcb85d298e7f	train	4737
taxprofiler:623b7cd4951712fc6e88	train	4738
taxprofiler:12a736a3c914afebf5dc	train	4739
taxprofiler:6245a1cef9bb58b54946	train	4740
taxprofiler:6b27d634646fffc8f75d	train	4741
taxprofiler:975b22f5c996f916c9f5	train	4742
taxprofiler:6d38f3f92b2252edd026	train	4743
taxprofiler:1c9754b4f0a1ab806955	train	4744
taxprofiler:82d40d900e435264be14	train	4745
taxprofiler:836fb48b6bddb8d6d532	train	4746
taxprofiler:e44f602fbc6f7f020ffc	train	4747
taxprofiler:15fccc57c3c0e369b085	train	4748
taxprofiler:687be17736bf48a3afaa	train	4749
taxprofiler:42d63803200a6b267f8e	train	4750
taxprofiler:fdd9f3468592f5e09b4c	train	4751
taxprofiler:1fa733748241519139ee	train	4752
taxprofiler:a6c5ff1efe469f583f65	train	4753
taxprofiler:ce8429f0ff4399caba85	train	4754
taxprofiler:e35c782964320b272f2c	train	4755
taxprofiler:34c77a4904572af36773	train	4756
taxprofiler:2af675c7df22bb9b4ac0	train	4757
taxprofiler:4ec6f6b65202b4d4726d	train	4758
taxprofiler:587fe658e2f91dadea29	train	4759
taxprofiler:202ac4f3c20932c55b5d	train	4760
taxprofiler:987325ab0fb1a7785638	train	4761
taxprofiler:050e49730f4e420cc2d7	train	4762
taxprofiler:4fec760fa8ddb1a83bca	train	4763
taxprofiler:6e48bb8692b603273a44	train	4764
taxprofiler:7840846fd144fece90b5	train	4765
taxprofiler:97a4a3b9ef9b58a1e4b1	train	4766
taxprofiler:557ec26cbcb8230aa784	train	4767
taxprofiler:9e3241deedcf98df9315	train	4768
taxprofiler:a4ef852d6646997dc58b	train	4769
taxprofiler:7361cfa0297c4b4348e3	train	4770
taxprofiler:2c323e813776b958ab65	train	4771
taxprofiler:0f63e832221ab2688711	train	4772
taxprofiler:8ceb99b8d533c2442a98	train	4773
taxprofiler:68a6e703d2719427c330	train	4774
taxprofiler:b88176a63db76b8ee2e0	train	4775
taxprofiler:13a11664a8b4d7c02e56	train	4776
taxprofiler:95be8158620b91aa9666	train	4777
taxprofiler:aee5da5def007b05b6c8	train	4778
taxprofiler:73886b08a7a0a5001336	train	4779
taxprofiler:c8d9a14ac9c68fe6de2c	train	4780
taxprofiler:fce6d2db5bccc097db1f	train	4781
taxprofiler:d9e2b86e0096e6502589	train	4782
taxprofiler:19f7501cfb3c80adb268	train	4783
taxprofiler:6970d28240d880fc6d2b	train	4784
taxprofiler:ddbcace81b825c119664	train	4785
taxprofiler:5f79137752873fc6117e	train	4786
taxprofiler:70452ce91eb86625d3cb	train	4787
taxprofiler:b7752f96fb9130352824	train	4788
taxprofiler:f4668892bf871a96d7ad	train	4789
taxprofiler:45af7aa9617b8ff0de69	train	4790
taxprofiler:98c2cf9266ebe2203841	train	4791
taxprofiler:cdc2f12355271691ca3a	train	4792
taxprofiler:c83f2888ac9826563656	train	4793
taxprofiler:6d229622c4514b422cee	train	4794
taxprofiler:e7c687ab06ee98d8c67b	train	4795
taxprofiler:60431963354742d4d8a6	train	4796
taxprofiler:8272310f84c586d15353	train	4797
taxprofiler:8392482e5a53c8c2da06	train	4798
taxprofiler:5bfc0c295e1ce2779515	train	4799
taxprofiler:93721312cc2003bd289d	train	4800
taxprofiler:ea5155e46dd3448e3533	train	4801
taxprofiler:722846c8707a5bc99d47	train	4802
taxprofiler:dba9f4f006e2bd24eca0	train	4803
taxprofiler:a8111dedf0f54ebcb384	train	4804
taxprofiler:7376c9c1ff192c724e92	train	4805
taxprofiler:14522530735f22fcd8f9	train	4806
taxprofiler:0276e33c579eb6c3b287	train	4807
taxprofiler:da60759af38581542360	train	4808
taxprofiler:f6def2d313eee41d5604	train	4809
taxprofiler:80ae79308c494e7a7fb3	train	4810
taxprofiler:bc4a4e93674b63153ad1	train	4811
taxprofiler:5c1fde94290c19299554	train	4812
taxprofiler:3a34ea50088959cd3dec	train	4813
taxprofiler:aa05dffe8f734ecf1111	train	4814
taxprofiler:3dcedb73674b7a7e02d0	train	4815
taxprofiler:03a587903f7364cdfa6e	train	4816
taxprofiler:4e024a841836d7e18c6e	train	4817
taxprofiler:b931dbc93451325a89c0	train	4818
taxprofiler:2c64f5167b1e01513da2	train	4819
taxprofiler:d38fe9a87440471ff3fd	train	4820
taxprofiler:d99f92f5cd7484f9aaf4	train	4821
taxprofiler:02b9aa658e7c3dfa9e52	train	4822
taxprofiler:054a02da69c2f4c4ae0f	train	4823
taxprofiler:fd6523217abc502e541a	train	4824
taxprofiler:dfd0596990e1df2b234b	train	4825
taxprofiler:e02878475b033b8f11b4	train	4826
taxprofiler:99c58901393c2cf0994c	train	4827
taxprofiler:fce64e525dcaf08e0eab	train	4828
taxprofiler:ceb0745e7cad82894989	train	4829
taxprofiler:a9375b1dcd97552cb83f	train	4830
taxprofiler:da68fb16afa871b1129d	train	4831
taxprofiler:c8f8dadc0572abc06994	train	4832
taxprofiler:f867896b890bec59d5ae	train	4833
taxprofiler:c0e741a01fef530d6c2a	train	4834
taxprofiler:9a34d077f4839d92b621	train	4835
taxprofiler:2b7e6da8459d3418621d	train	4836
taxprofiler:0dd7f69f059fb9be5ee2	train	4837
taxprofiler:8078b44b040f3b3f66c8	train	4838
taxprofiler:d229c9c552a29877b5c5	train	4839
taxprofiler:6af492b6c19c985179b6	train	4840
taxprofiler:79dc81ce9b619f91ed42	train	4841
taxprofiler:1ddd55b15b953f14faa8	train	4842
taxprofiler:b6b223f59fc7ecb3ab8d	train	4843
taxprofiler:f3f08795720f5261898c	train	4844
taxprofiler:ea1415507947705ca602	train	4845
taxprofiler:e5b6f8fe7736a8c12eeb	train	4846
taxprofiler:77516b69e9a2d066155e	train	4847
taxprofiler:01ba8b22de4e0a6c4eb5	train	4848
taxprofiler:1e25733375cf2624fe3a	train	4849
taxprofiler:0e6add36572cebeba46d	train	4850
taxprofiler:13b330c8817d033e3ec9	train	4851
taxprofiler:22868665e5a2715f0c5f	train	4852
taxprofiler:acd99802371f7f6de9fb	train	4853
taxprofiler:49ee153e5db96b0be9b5	train	4854
taxprofiler:d987900a3a663e14f933	train	4855
taxprofiler:9adcf41ce1de115d0374	train	4856
taxprofiler:a33ea52522f5a28c4a23	train	4857
taxprofiler:c3a3ef13d0d14a52fe87	train	4858
taxprofiler:d02e043bb22451e769bc	train	4859
taxprofiler:0aab286b08c2189f5012	train	4860
taxprofiler:cda1407a5861071d810f	train	4861
taxprofiler:9752ab3d919cf4a8d5c1	train	4862
taxprofiler:9308884df4d4aac16385	train	4863
taxprofiler:2af338d43d651e973412	train	4864
taxprofiler:ca24447f6283173d57ec	train	4865
taxprofiler:1ba3caf1deefa12a1673	train	4866
taxprofiler:21fb27d04d35618a0923	train	4867
taxprofiler:05983873bcad1b8f22c9	train	4868
taxprofiler:962900ba0652764cf3f4	train	4869
taxprofiler:9ec68c9bafd9c36493a8	train	4870
taxprofiler:2eb079a627dfef9696df	train	4871
taxprofiler:eb5335f48b4677bab113	train	4872
taxprofiler:8c6dc86cc97b7bf24086	train	4873
taxprofiler:08710da8cf84034b52ae	train	4874
taxprofiler:b6a9fdac68581bb36900	train	4875
taxprofiler:160aa963a8a4d2756b24	train	4876
taxprofiler:56e34a698eaea0f7d543	train	4877
taxprofiler:f7b844d58e5818060b5f	train	4878
taxprofiler:aff387b2b3b0294da213	train	4879
taxprofiler:d03bf623623425a336bb	train	4880
taxprofiler:91c8cf7ea694b34a960b	train	4881
taxprofiler:d85ccf69381363854c5f	train	4882
taxprofiler:fe8b77848d54620cc839	train	4883
taxprofiler:57db3b7a022930fb3ea1	train	4884
taxprofiler:2d6ca11ae189f82a2fbd	train	4885
taxprofiler:36550c0f254eaa506179	train	4886
taxprofiler:681dbafd71a526e5d2f9	train	4887
taxprofiler:9093543b5b8871a09879	train	4888
taxprofiler:2683c79c66e7f54ffe4a	train	4889
taxprofiler:0233bf4fc6a1a2196631	train	4890
taxprofiler:2213df37a2fa69addf44	train	4891
taxprofiler:645338f67abf0bd9e3cb	train	4892
taxprofiler:3c96b4db3679e54e72da	train	4893
taxprofiler:2d08121f692cdeb71b46	train	4894
taxprofiler:8806350fccd2dc61f769	train	4895
taxprofiler:5dd7c7320cb29a7ba58d	train	4896
taxprofiler:1c0b8dedcad2beb699f9	train	4897
taxprofiler:2db1c311b5c60b28aa47	train	4898
taxprofiler:debbe333b204950277d4	train	4899
taxprofiler:4c8d0426d3f5000e1262	train	4900
taxprofiler:d3238468fcc30db2da2e	train	4901
taxprofiler:c5e67a94a024c4de9811	train	4902
taxprofiler:b17369ebebe1f50f203a	train	4903
taxprofiler:7b0911c51d20053a153a	train	4904
taxprofiler:e4a1aea558ace5cd6288	train	4905
taxprofiler:ac125d79b3d1d7435df1	train	4906
taxprofiler:a2c600eb3ff818c2d0ae	train	4907
taxprofiler:e206056b27351722f73d	train	4908
taxprofiler:413b6b60e6fc84aa3d60	train	4909
taxprofiler:21ec8f2f973c688dfeb9	train	4910
taxprofiler:619f44c59dc3dfa61e54	train	4911
taxprofiler:d95ca27f594088336353	train	4912
taxprofiler:b6232f3369b4014923d7	train	4913
taxprofiler:f717378dd579e24ccad2	train	4914
taxprofiler:96b6984144d36d512c1c	train	4915
taxprofiler:306322b5342b4daadc65	train	4916
taxprofiler:a7d3b11fc00ab65dee9f	train	4917
taxprofiler:1c4f1dcab3a34290beb9	train	4918
taxprofiler:c684bdd266418a8e2442	train	4919
taxprofiler:f2400a9cf5411b32a5b0	train	4920
taxprofiler:93883b40565d880575a8	train	4921
taxprofiler:f49b8c7011dd005268fc	train	4922
taxprofiler:7f25d10c02afdf0cc4f0	train	4923
taxprofiler:60bdbcceab28fb587ca7	train	4924
taxprofiler:498b7bf02a2957561278	train	4925
taxprofiler:af83dbe06f75b12a91d3	train	4926
taxprofiler:a011411057f510c2665d	train	4927
taxprofiler:fddc7cd8f2b4abb46e28	train	4928
taxprofiler:b558f16cfec87dd65378	train	4929
taxprofiler:8db4c27e3c185ee60623	train	4930
taxprofiler:5d0d75cd49a12358312e	train	4931
taxprofiler:62a3343be05a4584ac68	train	4932
taxprofiler:6fa8f3179701c8ebc95c	train	4933
taxprofiler:8589e5a87ac17dad7877	train	4934
taxprofiler:f4b79dd330f9535cec14	train	4935
taxprofiler:5da6c29092d1efe542a6	train	4936
taxprofiler:7751d8f9713d41ff9e63	train	4937
taxprofiler:7edfb873da59bffc05fd	train	4938
taxprofiler:b1980b42b6b30fe5ec65	train	4939
taxprofiler:a53cc388b9d3f63f90f1	train	4940
taxprofiler:c6528f57ee9bb9a4c541	train	4941
taxprofiler:045027ffb2b5ec384a65	train	4942
taxprofiler:1adc55b471fe992b6e98	train	4943
taxprofiler:434df4919d46c5cb6468	train	4944
taxprofiler:7bf808efcc62b98fede3	train	4945
taxprofiler:b48b00d71f0970ab6b57	train	4946
taxprofiler:f6053c78eb3fe8a5a375	train	4947
taxprofiler:530666b0cbb93ea785e5	train	4948
taxprofiler:82d61ef884336cdebcff	train	4949
taxprofiler:7e6a23a634e06c958bee	train	4950
taxprofiler:188d79868f6f2e5900e6	train	4951
taxprofiler:3ad75ce5756a308462fe	train	4952
taxprofiler:7db337143c121146c2b5	train	4953
taxprofiler:3b636744edf4bc67a247	train	4954
taxprofiler:153eb329f1e7c28a50ad	train	4955
taxprofiler:161effe3e00cea9cd952	train	4956
taxprofiler:8b04327fa68db38fef74	train	4957
taxprofiler:721a26fea0c9b4f96273	train	4958
taxprofiler:32a3f45aaae3482929d7	train	4959
taxprofiler:f024e0d5eeeeb08f5147	train	4960
taxprofiler:6dd21fef6891bbaf373e	train	4961
taxprofiler:54453ab9ab89c394e756	train	4962
taxprofiler:0f6a031dbd909bfeea62	train	4963
taxprofiler:7f31d9852bc9560d2809	train	4964
taxprofiler:160b94af8ab9306a6e52	train	4965
taxprofiler:457b9db7db69082b67a4	train	4966
taxprofiler:0084c0be9c9923e12c79	train	4967
taxprofiler:d88e8fc8fa855dd6c1f4	train	4968
taxprofiler:32dd939400b8a9b2a3ab	train	4969
taxprofiler:f10aa9d0edf54186c517	train	4970
taxprofiler:88e3d906a3b36b2cd462	train	4971
taxprofiler:2d9559128dc1a9ba197d	train	4972
taxprofiler:bce24b4a1e408b5fc840	train	4973
taxprofiler:136e3ffd0517e0dcbca7	train	4974
taxprofiler:55d542942556c23d0e7c	train	4975
taxprofiler:e119fc32ee2f2682158b	train	4976
taxprofiler:35fdf534e9d77435f86e	train	4977
taxprofiler:8802dd04b7609c97e544	train	4978
taxprofiler:0f49103e13df83931afe	train	4979
taxprofiler:729cafcc0bb4a8b24e69	train	4980
taxprofiler:4a9b2c5ebff748f6521e	train	4981
taxprofiler:a5dbdf71f349e184b976	train	4982
taxprofiler:1099cd0dbf64dea680fa	train	4983
taxprofiler:35e0c0d4bc8e20c60453	train	4984
taxprofiler:e5ee98ee324226732087	train	4985
taxprofiler:aa14622dd35b0b8074d9	train	4986
taxprofiler:ec028b2bd8ab03fd5e82	train	4987
taxprofiler:a910e2a725cc12ab1670	train	4988
taxprofiler:52967c39862f43ece0ed	train	4989
taxprofiler:4122162173b40bb71f21	train	4990
taxprofiler:58012641b6db011e8a48	train	4991
taxprofiler:42625be4103a69649e9e	train	4992
taxprofiler:468d9f84614bae36eb77	train	4993
taxprofiler:1064a9dea87ffbd55621	train	4994
taxprofiler:6acd9b6000b5dea1247e	train	4995
taxprofiler:bc9a503e2b4595daf783	train	4996
taxprofiler:23ac409ac6d77fe44350	train	4997
taxprofiler:9f19b17052441791e1d6	train	4998
taxprofiler:fcbdc669b45acb2a35ac	train	4999
taxprofiler:63e166314ca39a1d0f01	train	5000
taxprofiler:9d72e9fedb335466e447	train	5001
taxprofiler:a57dfc5855652315d4f7	train	5002
taxprofiler:dc336c9482b904b3ea96	train	5003
taxprofiler:91f3cfc745be106e474c	train	5004
taxprofiler:fa0f01cc2c908eeb81b0	train	5005
taxprofiler:40e93bac220fd4d07a1d	train	5006
taxprofiler:41b08584cec1b25bd87a	train	5007
taxprofiler:857492d68d3b542da89b	train	5008
taxprofiler:ce18fde3c97490229d0b	train	5009
taxprofiler:b1fc91bcc2f76ba3c562	train	5010
taxprofiler:10dc367eb73cdd23371d	train	5011
taxprofiler:f17293c00d1194c896a5	train	5012
taxprofiler:fcb5b9541fc7aa032cfe	train	5013
taxprofiler:f71a79312afe491b183f	train	5014
taxprofiler:0498facb104f5d4447d9	train	5015
taxprofiler:86210dfadd5accf3dcf3	train	5016
taxprofiler:0e39c6e7c7442f64b108	train	5017
taxprofiler:f78fbf75be25a67b1ba8	train	5018
taxprofiler:2f832ed4206d490477ca	train	5019
taxprofiler:6637886ec4dad7e54672	train	5020
taxprofiler:c71b4da96e5ac432d201	train	5021
taxprofiler:cfcdec2a43bab02ee658	train	5022
taxprofiler:8224ff9df815c92c2197	train	5023
taxprofiler:f6c63f0273567d3e34e4	train	5024
taxprofiler:c687d36ce95798d574c1	train	5025
taxprofiler:4bb90d99936d968eaa4e	train	5026
taxprofiler:627020e469526cc2e863	train	5027
taxprofiler:bc375fe4959ba508d3b1	train	5028
taxprofiler:5b09b8b0617e177b6e71	train	5029
taxprofiler:5b3417e233896953325d	train	5030
taxprofiler:c36e0805229b404e19e4	train	5031
taxprofiler:90038377a9dde186a9e0	train	5032
taxprofiler:9c2d58224c758e2f88cc	train	5033
taxprofiler:28afef438502cadeb417	train	5034
taxprofiler:ad4f7092e16f07c964d7	train	5035
taxprofiler:998454c0fa9c118b2b1d	train	5036
taxprofiler:0202f5606f4b08755bed	train	5037
taxprofiler:bb865fcafbec82d798c0	train	5038
taxprofiler:473385ddec18720a28de	train	5039
taxprofiler:41f37a4f8908b205e783	train	5040
taxprofiler:f67be253063855a5cf90	train	5041
taxprofiler:951227ff0f1f6f4e7a8d	train	5042
taxprofiler:8fe5de72bf28723d94f9	train	5043
taxprofiler:8336f5733fdddb9e5a62	train	5044
taxprofiler:fccaef496cfeb34dd0af	train	5045
taxprofiler:29c37be448ad529cff81	train	5046
taxprofiler:7c527b091a4d7120491c	train	5047
taxprofiler:c0026b4a1dfda5ef02e7	train	5048
taxprofiler:1f978ed03ed079ed69ca	train	5049
taxprofiler:93415993115eb987aa25	train	5050
taxprofiler:9161f9741d4abcc5e3a2	train	5051
taxprofiler:fe54fc19bfb2a7f87ef2	train	5052
taxprofiler:71c72d087139a760d466	train	5053
taxprofiler:0794984a31b863722f9d	train	5054
taxprofiler:3944cd80c72853959184	train	5055
taxprofiler:554edd3b282a14c29695	train	5056
taxprofiler:eb3089a1336fdcc09b08	train	5057
taxprofiler:d6080130206be6ae6246	train	5058
taxprofiler:7f8aad860a0d61e0cbf8	train	5059
taxprofiler:86c26ecb947a09631a93	train	5060
taxprofiler:2aebf7b800f669566d2c	train	5061
taxprofiler:c0b279c2a3a71bb758e0	train	5062
taxprofiler:f676119e21e7857d22f2	train	5063
taxprofiler:da594fce0fa9c24dd9de	train	5064
taxprofiler:bcea784109af1133e944	train	5065
taxprofiler:e5e7bb774696aee19262	train	5066
taxprofiler:ce78b978e8c8ca85bb8e	train	5067
taxprofiler:373304245f550dcfbad6	train	5068
taxprofiler:6f2a192897204d2f1d15	train	5069
taxprofiler:7e7ab58457c4f98a74a1	train	5070
taxprofiler:82a29589b0f48937b871	train	5071
taxprofiler:cb520c17dae0b63a64b4	train	5072
taxprofiler:a19878275072bfa135a3	train	5073
taxprofiler:d8fbad0f6645fa247e2d	train	5074
taxprofiler:d4f8c7315baa9991aa0a	train	5075
taxprofiler:e4e73bf1a81627b93c76	train	5076
taxprofiler:791540becbe1f0b4fa26	train	5077
taxprofiler:ac84fef9dd954be5fc4b	train	5078
taxprofiler:6388831589f5da965564	train	5079
taxprofiler:217092204649c745095c	train	5080
taxprofiler:1dcc1617bf6dfaf64c6f	train	5081
taxprofiler:9db14304c063c75ef076	train	5082
taxprofiler:056c2839bf9108b34dc8	train	5083
taxprofiler:6782ec0fb8edb65103ab	train	5084
taxprofiler:aa495071576894a09815	train	5085
taxprofiler:22f8daa8e740255b4ce2	train	5086
taxprofiler:237d782c8c315664dd55	train	5087
taxprofiler:e6ec3b7ed524d609bd42	train	5088
taxprofiler:697e514a63826fd37fbd	train	5089
taxprofiler:125eb59755951139f5c5	train	5090
taxprofiler:682000f0f5283976974e	train	5091
taxprofiler:6be0cbe549c6d40cbd40	train	5092
taxprofiler:a3d89919a86b65c49114	train	5093
taxprofiler:795efacf05b6a8f7f288	train	5094
taxprofiler:972840884d8f30211231	train	5095
taxprofiler:b8d01f06af77511861ea	train	5096
taxprofiler:e4ba449b13dd77b4a3e1	train	5097
taxprofiler:5a2462c27b5b9da79fbd	train	5098
taxprofiler:bf934946f33bbea16550	test	5099
taxprofiler:70ee2030e3aa84118df1	test	5100
taxprofiler:0531d57f41df3bf02eb9	test	5101
taxprofiler:e0854652d7a344aea4d7	test	5102
taxprofiler:b15b67a3012f774fc1fb	test	5103
taxprofiler:47f6411edcfcb719e402	test	5104
taxprofiler:f3d49f87d04218d2939c	test	5105
taxprofiler:5ff69b7ade2f75bf625a	test	5106
taxprofiler:bc4eabb785d9924914e2	test	5107
taxprofiler:e10af405fb72c3e5e218	test	5108
taxprofiler:7100cb3db11373cbe4f5	test	5109
taxprofiler:d670cddb8f02f25fcf55	test	5110
taxprofiler:0b89abac0f027579f38b	test	5111
taxprofiler:4ce1eecaffce3b23fc05	test	5112
taxprofiler:033e35e24d4cf32a707a	test	5113
taxprofiler:6f64303d16a709159de8	test	5114
taxprofiler:812e68b2cbe8c52bec5b	test	5115
taxprofiler:e08a16de1e83ec25c3d6	test	5116
taxprofiler:29113021652b4e5c5fbf	test	5117
taxprofiler:346f4903ebf511738a4f	test	5118
taxprofiler:408cc8bd62e6e31e084a	test	5119
taxprofiler:0ff20f90a84a28593afc	test	5120
taxprofiler:e605abb9b4ff9f4bc3c1	test	5121
taxprofiler:abf3b81e9d3770de2422	test	5122
taxprofiler:9d9792603ee328ed6f41	test	5123
taxprofiler:dc76b10aae91b1781c71	test	5124
taxprofiler:cc2c42f97e257086b957	test	5125
taxprofiler:894dd314489ea25bed7f	test	5126
taxprofiler:a19cf7eeae5b0fb0c484	test	5127
taxprofiler:cb2a54bff173183b0140	test	5128
taxprofiler:64e68429e9ac11fcd81e	test	5129
taxprofiler:4917b321a975d12704a8	test	5130
taxprofiler:9ae05fa404dfc767384f	test	5131
taxprofiler:7e5634e20b25ecd77d73	test	5132
taxprofiler:5b7007defcb3eda9a14c	test	5133
taxprofiler:46d7f8329057a7445ba8	test	5134
taxprofiler:34dacdf1176b71362160	test	5135
taxprofiler:4b0eb5706449ed4e55b6	test	5136
taxprofiler:013c92188cb0cd3130b5	test	5137
taxprofiler:ccc78e6654a55b621193	test	5138
taxprofiler:40f24c911a0c9a94616c	test	5139
taxprofiler:545d6c1e911a90f759ff	test	5140
taxprofiler:76b4ec885586393c00a3	test	5141
taxprofiler:268dd08d7bf8850ef97d	test	5142
taxprofiler:2ec7c5a23181c2da0a48	test	5143
taxprofiler:02d52928858996c550ee	test	5144
taxprofiler:005512c23f562c4e5ebf	test	5145
taxprofiler:e22b82f788bcd5f89374	test	5146
taxprofiler:d23fea8c659b8ed6a521	test	5147
taxprofiler:8bb7e7825c918b56b452	test	5148
taxprofiler:805c91171866e8cb9845	test	5149
taxprofiler:86a6a10621bf53a8a2df	test	5150
taxprofiler:77f0fcaa9b196646e0a7	test	5151
taxprofiler:ae3e2dfc269f292a2efa	test	5152
taxprofiler:8c55621aa1422a4332d4	test	5153
taxprofiler:f8f15b19a5ca364986e9	test	5154
taxprofiler:d47cc692f289b4bc4617	test	5155
taxprofiler:b61683775d293e2fd270	test	5156
taxprofiler:a08d30b8889e3f5af3ba	test	5157
taxprofiler:e0cb80a54adad687c189	test	5158
taxprofiler:45d1c17eef869f2ac581	test	5159
taxprofiler:1c9a856ecdac09595b1c	test	5160
taxprofiler:b30a1c06a0802af01dcf	test	5161
taxprofiler:3bacbfb95885afd60e75	test	5162
taxprofiler:bbce6c85646a7f52d07c	test	5163
taxprofiler:00adb082341638a06577	test	5164
taxprofiler:c0102501c1134fadc8b8	test	5165
taxprofiler:d634dd21076e0a267ede	test	5166
taxprofiler:39bffd442da7698aa61e	test	5167
taxprofiler:ebb01dbc91abc03f8f51	test	5168
taxprofiler:0d2d22888297d3ad5810	test	5169
taxprofiler:874d20ff6642cdd6f967	test	5170
taxprofiler:eda1a4d38eb3ee063e78	test	5171
taxprofiler:fe03c02d2d76b50212d7	test	5172
taxprofiler:e19fe40cb23675790975	test	5173
taxprofiler:d310e277b95d49b8d5f7	test	5174
taxprofiler:cb3e9146f63abd78360a	test	5175
taxprofiler:0281d11602fd46b705a5	test	5176
taxprofiler:a2103f9bd91bd47ed863	test	5177
taxprofiler:60296510b7867d450454	test	5178
taxprofiler:2ecf3ffc43cb39c2a173	test	5179
taxprofiler:a11bcd5d10a432927fe1	test	5180
taxprofiler:35b37cc9c7e671cfac7e	test	5181
taxprofiler:27178f359aa21fec81e6	test	5182
taxprofiler:ad0cacc083ab3baeb451	test	5183
taxprofiler:594a7e01d46ad562158e	test	5184
taxprofiler:c1ca88b8ea6803b8ffc0	test	5185
taxprofiler:8597260d35553b9e69e4	test	5186
taxprofiler:55f8ece8f9724b6e1861	test	5187
taxprofiler:cd70e0c0f499619a00be	test	5188
taxprofiler:acfd0b7d7ecb76423c81	test	5189
taxprofiler:1df826f634b84315e40a	test	5190
taxprofiler:9c4fef421f36b77fe144	test	5191
taxprofiler:080e93039b7c4322fcd8	test	5192
taxprofiler:5f6526757ae37fc941ca	test	5193
taxprofiler:e2bcdeb80effe2420326	test	5194
taxprofiler:8c6647ca0e3aa7f0ded4	test	5195
taxprofiler:6d7c563f61dbdc784a1f	test	5196
taxprofiler:f848778f8f04ad5e8c42	test	5197
taxprofiler:a85e0ad3b581e77eaeda	test	5198
taxprofiler:a39ab7440d52c3aaa282	test	5199
taxprofiler:8189dcadf53df5a3ec99	test	5200
taxprofiler:a6118dbc9cd5179ea1b6	test	5201
taxprofiler:a324449ee5be94e4c467	test	5202
taxprofiler:dd5b63f51bd1735c5ab1	test	5203
taxprofiler:ded80667b38286d40a8c	test	5204
taxprofiler:5d89cb32b898044d35d3	test	5205
taxprofiler:c7ea27e49625f3295a82	test	5206
taxprofiler:baf034c7665fd644873e	test	5207
taxprofiler:c00e1b416d60a763f78a	test	5208
taxprofiler:17064e98efb002afc048	test	5209
taxprofiler:840c565902a21507bad2	test	5210
taxprofiler:daf17793d52ff57bfee3	test	5211
taxprofiler:ca8a8da4186f515b3e06	test	5212
taxprofiler:e60e423856c6b44c75ff	test	5213
taxprofiler:a35d03565e081193394e	test	5214
taxprofiler:b17bd4f6bf4141961a97	test	5215
taxprofiler:53e7b69762ffb3fbeeda	test	5216
taxprofiler:a078fcb5a6831d3f3978	test	5217
taxprofiler:242e07feb15ca585cf59	test	5218
taxprofiler:2b47d585982d36455183	test	5219
taxprofiler:3e84a281ef61f48f974f	test	5220
taxprofiler:034a90865d1d494e6fa4	test	5221
taxprofiler:11f2e2c64476996c6bef	test	5222
taxprofiler:7fd273050a5ca2282104	test	5223
taxprofiler:3572185e806a488bf3be	test	5224
taxprofiler:223effc87330fd598138	test	5225
taxprofiler:b117d89a032942162289	test	5226
taxprofiler:40f7b105415449e23800	test	5227
taxprofiler:8547f60f806cecde6e91	test	5228
taxprofiler:17f292bcb1398c9be60c	test	5229
taxprofiler:dc6213af4ebc11f96a6f	test	5230
taxprofiler:5f5e7b98a7dd2dfacecc	test	5231
taxprofiler:ece670f723f5389c23d8	test	5232
taxprofiler:30a2b92528b52ef01402	test	5233
taxprofiler:1c01fc21ca2a85c4e550	test	5234
taxprofiler:a4bb8d2536aea8d91e90	test	5235
taxprofiler:729855ce8e4d66e8e861	test	5236
taxprofiler:23ea53ebe115a836d8ea	test	5237
taxprofiler:4109cf2ebb1ae1e360d9	test	5238
taxprofiler:f9767852352b1a5171eb	test	5239
taxprofiler:bb26f7fc8376a3e33796	test	5240
taxprofiler:b5cb2182756b08c6dfa7	test	5241
taxprofiler:689838af0c5320d6069d	test	5242
taxprofiler:a368440a40c761e9f831	test	5243
taxprofiler:daf3b6e1a91e8f4ba5de	test	5244
taxprofiler:5e87d8aa1d2a5dd6118d	test	5245
taxprofiler:f742ffadcce9fcc3a589	test	5246
taxprofiler:b5516b8f6482445c1bdc	test	5247
taxprofiler:89d47cd273f2ea7ad209	test	5248
taxprofiler:70a9f5852790e7ce232f	test	5249
taxprofiler:8dc0817b7d0a7b0f689b	test	5250
taxprofiler:67da09463eaa882cd749	test	5251
taxprofiler:2fa178e65f93c21b2109	test	5252
taxprofiler:9dce6e595b7c3abc5301	test	5253
taxprofiler:2c200aef1ef1ccf40c2a	test	5254
taxprofiler:ed4731a027bf328cc980	test	5255
taxprofiler:31da963f03805eb2daa3	test	5256
taxprofiler:6e30d48efbc51a51c21b	test	5257
taxprofiler:17033e98964ff216da5e	test	5258
taxprofiler:41c5fdc2aa98f69ebc36	test	5259
taxprofiler:805a54e3635f68e45da8	test	5260
taxprofiler:446e390cb89f2d5a2cb8	test	5261
taxprofiler:c0d63b4804d971742460	test	5262
taxprofiler:84507fadf3ed7a90f8ea	test	5263
taxprofiler:1f1bea57bce24f343394	test	5264
taxprofiler:59678e99845092415a10	test	5265
taxprofiler:ed91e211388579b60ad7	test	5266
taxprofiler:fb252bf48bb8c18fd552	test	5267
taxprofiler:4f4d258900d9f23a3e7d	test	5268
taxprofiler:9d0d01494c07924356ec	test	5269
taxprofiler:ed24fe3820be9aa899f5	test	5270
taxprofiler:4ba3f0122ae011723938	test	5271
taxprofiler:f05d104fe86ff07c78a9	test	5272
taxprofiler:47d82fe8c1761805e3a5	test	5273
taxprofiler:61333be43b45d3554425	test	5274
taxprofiler:e5ca477c06036a9bedea	test	5275
taxprofiler:7b0ff500b2d5f005c70e	test	5276
taxprofiler:8539887fb966d64d607a	test	5277
taxprofiler:0c6ff908e360bacd6d4b	test	5278
taxprofiler:421fc2e06559ae75976b	test	5279
taxprofiler:717353c18248f4d20a5c	test	5280
taxprofiler:1c233eb104f779c79e05	test	5281
taxprofiler:7245819f75b7864328b7	test	5282
taxprofiler:0c45e14448a63046a332	test	5283
taxprofiler:9d5ccd86c70b7ee9d81d	test	5284
taxprofiler:c8b381e2d7be852e924f	test	5285
taxprofiler:02876b3f46dc06e0f5ab	test	5286
taxprofiler:d401efd1a1645e1890d8	test	5287
taxprofiler:889f77f04e1ac34cc5a0	test	5288
taxprofiler:796f125dcde2ceedde57	test	5289
taxprofiler:c6c3bc069abf9c9df541	test	5290
taxprofiler:45af1ef0ab6c1957abea	test	5291
taxprofiler:a4f1eef5e5eca7b104f5	test	5292
taxprofiler:0e7635572112c291b56c	test	5293
taxprofiler:779052318bae2cad8135	test	5294
taxprofiler:45f3f5908402d0718d5e	test	5295
taxprofiler:01f606efc6e5018ac5fe	test	5296
taxprofiler:e8cb267b57d45661088f	test	5297
taxprofiler:e7bc6f9be61527e18ea2	test	5298
taxprofiler:d3734dde19423dfb5098	test	5299
taxprofiler:834898611fd7ff7170ab	test	5300
taxprofiler:524f24a80e1b5b01d289	test	5301
taxprofiler:a7efd5a81f183ed2b653	test	5302
taxprofiler:6ffeab312c368a95a2be	test	5303
taxprofiler:98e29981b4be3fde8313	test	5304
taxprofiler:dcda9fca7f27076298be	test	5305
taxprofiler:c12db574cfb925638960	test	5306
taxprofiler:35e7ddecf8042f53459e	test	5307
taxprofiler:bb3daf951a9947747ffc	test	5308
taxprofiler:ad8eb75761bf8c2560bd	test	5309
taxprofiler:8da02e2ddee89831a496	test	5310
taxprofiler:7358b333cf951d1635b9	test	5311
taxprofiler:31dfdee7dd74b5129e14	test	5312
taxprofiler:00373d766246ae9b986a	test	5313
taxprofiler:3b967c62052a924e892d	test	5314
taxprofiler:c32c93cd99a907960c1e	test	5315
taxprofiler:c6ff2654b2c674346ce9	test	5316
taxprofiler:0853247453b2030f74f3	test	5317
taxprofiler:6757b4ba0ebab8e185f2	test	5318
taxprofiler:cee14d16061d4d62206b	test	5319
taxprofiler:fa4deee51f618e98677d	test	5320
taxprofiler:7a9bf94ed5c2735e625a	test	5321
taxprofiler:f199ed927aa4b97191d1	test	5322
taxprofiler:dc4a731b6bcc6a87c8d0	test	5323
taxprofiler:0e3ee28ca8c893f46936	test	5324
taxprofiler:99fdff548b696ceb52aa	test	5325
taxprofiler:55cd0e7fa42c13906059	test	5326
taxprofiler:d0014939f35746c6b4fd	test	5327
taxprofiler:bcfb5a4ce01179f0f1fe	test	5328
taxprofiler:9747433c07d973c496e1	test	5329
taxprofiler:5e1e878a7a81c8b4d05e	test	5330
taxprofiler:b55cbebf27cb7c53429e	test	5331
taxprofiler:c90bef8da454545220ec	test	5332
taxprofiler:66a192fc9be7609391f7	test	5333
taxprofiler:c6bcaed31a8a57fbab56	test	5334
taxprofiler:3b4b03abc7c8fe59c878	test	5335
taxprofiler:c4196b5f3bd78af94785	test	5336
taxprofiler:217a55066318e602048d	test	5337
taxprofiler:ca01a98803777a67abd2	test	5338
taxprofiler:d7d7596b29c7c1dfff68	test	5339
taxprofiler:f41b09cdff17b98a282e	test	5340
taxprofiler:c0e3ef2781f473224711	test	5341
taxprofiler:fbfd2d341c0cbff4f12d	test	5342
taxprofiler:4ecbe7fabd172f9b13d4	test	5343
taxprofiler:d601540820f90b9f4358	test	5344
taxprofiler:f8564a51005b8d12a554	test	5345
taxprofiler:ef4c84aa8566ca79b5c2	test	5346
taxprofiler:29bfac27d9eb5a490807	test	5347
taxprofiler:7bd4b00bd3d238fe217c	test	5348
taxprofiler:891c449f98d381036265	test	5349
taxprofiler:452fb6c44dd2fda3a80c	test	5350
taxprofiler:8380ee24555b852b8935	test	5351
taxprofiler:b46bc770c9ec32bd5a62	test	5352
taxprofiler:0541d09f22ce3bdfe03b	test	5353
taxprofiler:4059b7f3575ae82dbb0a	test	5354
taxprofiler:b6d53ae9be99d9703ca3	test	5355
taxprofiler:62d5f37df43117481acd	test	5356
taxprofiler:cdca1c50c251f8dede80	test	5357
taxprofiler:696b769a658b1f2c5d70	test	5358
taxprofiler:2e98ad3f5cbedab1d045	test	5359
taxprofiler:5468755fceecf37676a4	test	5360
taxprofiler:18c3fb88aa6a6ea029d6	test	5361
taxprofiler:f4aff6bd30b6f36f3a62	test	5362
taxprofiler:2e62ae335c9e8eef596b	test	5363
taxprofiler:9ee7c431967254b46e3a	test	5364
taxprofiler:5e77ba684c7fb9319c1a	test	5365
taxprofiler:a173097714746aea4e6b	test	5366
taxprofiler:fb65d836f75724219bdc	test	5367
taxprofiler:91af8565ee0deaaa1c80	test	5368
taxprofiler:a317cbd003419e53ac27	test	5369
taxprofiler:8eabca67cfd419ac3e47	test	5370
taxprofiler:d4e7437f57b9988f0132	test	5371
taxprofiler:4ea6bb256b68e300882e	test	5372
taxprofiler:3b78bb9d8ba4ab193dcc	test	5373
taxprofiler:a5bf40c97519932ffb9d	test	5374
taxprofiler:cfc7f727434840058b9d	test	5375
taxprofiler:68ba01a90b2a6012339f	test	5376
taxprofiler:779e62603854f459abd0	test	5377
taxprofiler:a41e5b3e248fa82b28b0	test	5378
taxprofiler:2dd081cea4d980741870	test	5379
taxprofiler:0ea5f0a9ff8edc15c4b6	test	5380
taxprofiler:c4f93293bbe1ef13b6e9	test	5381
taxprofiler:6aefdfac7380c22bc413	test	5382
taxprofiler:b36420819ee25b31230a	test	5383
taxprofiler:4f1b45a6450bff526d72	test	5384
taxprofiler:a9f3e9a980e680939b86	test	5385
taxprofiler:4ff724bd2c8c1c4199ca	test	5386
taxprofiler:2a1450a66d0efae6ac3b	test	5387
taxprofiler:b6b375c20e00463644d7	test	5388
taxprofiler:dd787dfb78c914770321	test	5389
taxprofiler:3f9843eb21b4deaf9716	test	5390
taxprofiler:ce35730fe4b2ca1e5451	test	5391
taxprofiler:7e8c17a3986b1740bd5d	test	5392
taxprofiler:fb38fc4e935312301456	test	5393
taxprofiler:6379ea66dc7e3c42bc62	test	5394
taxprofiler:400f43f8803c4ba4dfbc	test	5395
taxprofiler:bdbd247c482a1e68c198	test	5396
taxprofiler:70d7f6c89701521ef973	test	5397
taxprofiler:f22c15b79fde1f2bbfa8	test	5398
taxprofiler:2b45b601af05ebfe6079	test	5399
taxprofiler:edcb88fe312edb9e44f9	test	5400
taxprofiler:35f2b344bc1c20c4cb4b	test	5401
taxprofiler:d3e8c7e353e695951138	test	5402
taxprofiler:1e4e390416ca43505362	test	5403
taxprofiler:7894099fcc4090c909fb	test	5404
taxprofiler:f331835566cd8466eca6	test	5405
taxprofiler:6d2b5add14e03a87f3df	test	5406
taxprofiler:9d2d7bd51bc9b57e7279	test	5407
taxprofiler:0da26255968f256732aa	test	5408
taxprofiler:5ce480e91c326179058f	test	5409
taxprofiler:3fc4de8b4b3a83103929	test	5410
taxprofiler:de2d5b93ac21d33a0fe4	test	5411
taxprofiler:9cac4341b65daabda452	test	5412
taxprofiler:c1c96a7cf68033a0437f	test	5413
taxprofiler:937476df8ebcc6ad4945	test	5414
taxprofiler:7d4fc785c8811a070440	test	5415
taxprofiler:d13ab349967f44af44c8	test	5416
taxprofiler:2769208bd3093671b5f4	test	5417
taxprofiler:de290adaae3481695254	test	5418
taxprofiler:8a99f001d3836a203cee	test	5419
taxprofiler:9b0ab8426cf8ab722ae6	test	5420
taxprofiler:9af9519c854cfc0e83e9	test	5421
taxprofiler:a8873a15fa751da4c875	test	5422
taxprofiler:8d4dd754c5b505a8f32c	test	5423
taxprofiler:f6058a62c0b249459ecb	test	5424
taxprofiler:837b3f00cb67d1d0a768	test	5425
taxprofiler:07b5e2c293257221a9ca	test	5426
taxprofiler:e51be2bf4ad2fe714787	test	5427
taxprofiler:fe663027d464306f0968	test	5428
taxprofiler:c2da58f7010f7c94daf9	test	5429
taxprofiler:137606168f03bb57262f	test	5430
taxprofiler:fafbd76a1eef52e9ec57	test	5431
taxprofiler:0017306d6dcbb7e32762	test	5432
taxprofiler:fc9b827090e84b9f2cd1	test	5433
taxprofiler:b4a564ebde3133cd5531	test	5434
taxprofiler:725383bf799bf716d1d7	test	5435
taxprofiler:4d734ffb7412f4a55c68	test	5436
taxprofiler:c591cc331ac986f3d1f0	test	5437
taxprofiler:1e9f6349caed3ae3edca	test	5438
taxprofiler:1876ea0bcfb6b85cb937	test	5439
taxprofiler:3144a99f57b35ffa2045	test	5440
taxprofiler:779e499d4ce88736eb9b	test	5441
taxprofiler:a0c4198a3b68971f72ad	test	5442
taxprofiler:d1389404981911afb54b	test	5443
taxprofiler:4d85353589b7ce046366	test	5444
taxprofiler:c51aac64fd30fab28e28	test	5445
taxprofiler:811e742655867ed66198	test	5446
taxprofiler:9fb373d99c4f8b37e865	test	5447
taxprofiler:37513abbfce3767e632c	test	5448
taxprofiler:abb32754395e90e65478	test	5449
taxprofiler:67786f7b154c9ff28a80	test	5450
taxprofiler:1b353e48ca83512fa7a0	test	5451
taxprofiler:9cb22ff780faaf71f333	test	5452
taxprofiler:0991fd0a8cddbf4a4bb1	test	5453
taxprofiler:2394a71b98f1dc0c0f28	test	5454
taxprofiler:f8817a5d7654eb1be965	test	5455
taxprofiler:859cb0b2b42d35c94d00	test	5456
taxprofiler:187faff6ebafbbbd0053	test	5457
taxprofiler:d45f0f410edd1b5f0548	test	5458
taxprofiler:7ee7925ff551d379a7fb	test	5459
taxprofiler:9b2683b505826322d004	test	5460
taxprofiler:f6d1cb0bf02c9e80bc0e	test	5461
taxprofiler:9fe5abd96a736f0f39bf	test	5462
taxprofiler:4e8ad7cae0e769073555	test	5463
taxprofiler:697e340f765d80fd27cd	test	5464
taxprofiler:38a25c2cd802107a048b	test	5465
taxprofiler:bbd3bd0f3c2bbf46567b	test	5466
taxprofiler:ed0f309ce11f222523c5	test	5467
taxprofiler:3d8476f63d0dab7a8ec0	test	5468
taxprofiler:4977e89c1660ce54af6e	test	5469
taxprofiler:35fa4868a3e8224c6546	test	5470
taxprofiler:9209a8c45d02d56f539f	test	5471
taxprofiler:30bb0e9e7c64972deb82	test	5472
taxprofiler:83b737b2bd9adb28e1a1	test	5473
taxprofiler:3f894c7bf1378a8d9b85	test	5474
taxprofiler:96ed9f897444138386fa	test	5475
taxprofiler:f5169bb6bba9b9f68fd1	test	5476
taxprofiler:d11bc03f074de5d3f005	test	5477
taxprofiler:e078581233c743c5e1a2	test	5478
taxprofiler:20db3e4a631272930006	test	5479
taxprofiler:65d8f6a39ea1ee721c1f	test	5480
taxprofiler:cf47ca5eb0e2f76b6350	test	5481
taxprofiler:46313b0f54572c5bcf1f	test	5482
taxprofiler:e312b88a64b16ae0cfd8	test	5483
taxprofiler:7fca724c6b2310855645	test	5484
taxprofiler:e7b3972b196267fb823b	test	5485
taxprofiler:97a3de2e63ce22bba79e	test	5486
taxprofiler:6db0ba0d16f3b67bc2cb	test	5487
taxprofiler:2e1238c8053b15059cb6	test	5488
taxprofiler:efa0e4241c4030c7ae90	test	5489
taxprofiler:f518ff0436b8c13ba6cc	test	5490
taxprofiler:876a43184d0ac7a14b6e	test	5491
taxprofiler:c818fd55d7a0a083abd1	test	5492
taxprofiler:b1ce212727d7647fa92b	test	5493
taxprofiler:2a3425efdfe613eccad2	test	5494
taxprofiler:e156c75496ee6c4d7533	test	5495
taxprofiler:860e901c81374dff8ad5	test	5496
taxprofiler:ddbd7d4fe880ff982c84	test	5497
taxprofiler:e6049d7ac3441cfd0032	test	5498
taxprofiler:3fb85833af529790977f	test	5499
taxprofiler:940165dc2f9d09170c53	test	5500
taxprofiler:91e74822722b3d916fb1	test	5501
taxprofiler:68a06dd14ba0264345be	test	5502
taxprofiler:b451ce76e714d673070f	test	5503
taxprofiler:94e3dfa9a63eb333c54d	test	5504
taxprofiler:8551491e325375e9b8c2	test	5505
taxprofiler:90c330195db34348c995	test	5506
taxprofiler:8126d3514bacd00d852c	test	5507
taxprofiler:9b06b9eb827166e7d397	test	5508
taxprofiler:924873ffdb380601fea8	test	5509
taxprofiler:3470a0be6afe1da0655f	test	5510
taxprofiler:506b57361b4ab89d42e9	test	5511
taxprofiler:73d9fb83cc39d2fae1ab	test	5512
taxprofiler:1889797395f2ec79a287	test	5513
taxprofiler:ed0a2927028be00dd41c	test	5514
taxprofiler:6ebfda0d51af606273e0	test	5515
taxprofiler:4700022e45f13d7fdac1	test	5516
taxprofiler:ea250340db40d4978e80	test	5517
taxprofiler:d9da4152af313aa36851	test	5518
taxprofiler:33c3ee67a30bd46c1d59	test	5519
taxprofiler:4a4af897f031d769c71d	test	5520
taxprofiler:9132953a02cb71b226b6	test	5521
taxprofiler:a7d61470b0dd36c06df2	test	5522
taxprofiler:4807cfac36c6f07d7a4b	test	5523
taxprofiler:24f956207ba548bdfbc9	test	5524
taxprofiler:dc1e79c7f3497a500604	test	5525
taxprofiler:4bc710943818617e99e2	test	5526
taxprofiler:f6c0689c739a8869ae38	test	5527
taxprofiler:c075d55adbe0f4ed548b	test	5528
taxprofiler:661c6f843d4613ce69a3	test	5529
taxprofiler:d1e72a73b36c66807112	test	5530
taxprofiler:94ed46f9e7400bca2b5f	test	5531
taxprofiler:ec2c918794a3585d10da	test	5532
taxprofiler:c7977c023762f0bb253c	test	5533
taxprofiler:5645153e477cf61cce7e	test	5534
taxprofiler:eac3da17bb35759f5434	test	5535
taxprofiler:3f0ec96946f8c561c1e5	test	5536
taxprofiler:47aa7412a38a359894f4	test	5537
taxprofiler:6386fa36ab30956cb1d6	test	5538
taxprofiler:816a3c9f2557bdd98575	test	5539
taxprofiler:0d82625a61f80cdf6acd	test	5540
taxprofiler:58df7301bb396054e701	test	5541
taxprofiler:6a90486a34e3fc3e8d02	test	5542
taxprofiler:87e2a8fff96fe522981a	test	5543
taxprofiler:1e549fc824e5d23e836f	test	5544
taxprofiler:0713595ce4d0329d5482	test	5545
taxprofiler:e5bb9c7ea322355c6336	test	5546
taxprofiler:8dce38eea12b3ac6b3cb	test	5547
taxprofiler:2f347ae3a2edea6d26d1	test	5548
taxprofiler:936752015137d8765197	test	5549
taxprofiler:568660ca97bb3451d65e	test	5550
taxprofiler:db214fc56d50c0935a8c	test	5551
taxprofiler:1fcfd2f305701abec67e	test	5552
taxprofiler:87c64a75312b0121748d	test	5553
taxprofiler:bbd1ffecee819067be72	test	5554
taxprofiler:a203e7d1752abce2c52d	test	5555
taxprofiler:74fa487001bbb223105a	test	5556
taxprofiler:1a36632b54031bbb34b7	test	5557
taxprofiler:208ae52219461ea3fcb7	test	5558
taxprofiler:7602405ffd0971a45e3d	test	5559
taxprofiler:de0ba07de66576a0d593	test	5560
taxprofiler:f8800a17aa8f2e84bcd3	test	5561
taxprofiler:5d789ababc4958106ae5	test	5562
taxprofiler:9e9fc104c0779f075103	test	5563
taxprofiler:82abecd63f2086ee0ff8	test	5564
taxprofiler:55e25d48f6e7dfaef79a	test	5565
taxprofiler:32327a11c227797f2960	test	5566
taxprofiler:6486296da7a6a543b7ea	test	5567
taxprofiler:55a12ecf208309678bfa	test	5568
taxprofiler:aee5b92c80fe0249db64	test	5569
taxprofiler:507e7bc63bb9ad76bb1a	test	5570
taxprofiler:692628f3fd005cf92c08	test	5571
taxprofiler:254f70701e94eaae4398	test	5572
taxprofiler:12cdbfe94fc0b0f15798	test	5573
taxprofiler:8215e9a458ed8a8009c5	test	5574
taxprofiler:03371c6eb612d37c7672	test	5575
taxprofiler:d81046c45d2e3050840f	test	5576
taxprofiler:858337bcf961ded203bf	test	5577
taxprofiler:738fa93282fb966ea100	test	5578
taxprofiler:3180f5284e93b187554f	test	5579
taxprofiler:99c34cd3024165bbe95e	test	5580
taxprofiler:28a934a3909dac7fc540	test	5581
taxprofiler:fd2d10045d6ffec85f18	test	5582
taxprofiler:0d896fa2f1e9aaa06710	test	5583
taxprofiler:1fd944ba24da24954647	test	5584
taxprofiler:6b6fb5da3462dae539ac	test	5585
taxprofiler:16c5ce27553b8b8831e2	test	5586
taxprofiler:49c57c1336fd08ebb74c	test	5587
taxprofiler:ac663629ac3616ac44a2	test	5588
taxprofiler:5f5226d18f533ae64cf3	test	5589
taxprofiler:299c7607d4818e5f1dc2	test	5590
taxprofiler:ee8c422c2dd014ae608b	test	5591
taxprofiler:bb59f035dbf3dda381cc	test	5592
taxprofiler:b1e349bdcb4d26b20225	test	5593
taxprofiler:53a293712e135aff5fb7	test	5594
taxprofiler:a7122c051c1e031ed445	test	5595
taxprofiler:5cfb06c3f00d76f5a490	test	5596
taxprofiler:05cd77191372b39ebdcb	test	5597
taxprofiler:fa48434bed09a423180b	test	5598
taxprofiler:0ac26c1db0c9f3702b6f	test	5599
taxprofiler:fc1c4da7325c707f8729	test	5600
taxprofiler:62d64912d6f70d9b47a4	test	5601
taxprofiler:22f32535206530409efc	test	5602
taxprofiler:9f377ccfd49832c8d192	test	5603
taxprofiler:064397374ec59e6a4fe4	test	5604
taxprofiler:ab11ffcfa5d10477c6f9	test	5605
taxprofiler:6cdfa76a7a6489f67bd5	test	5606
taxprofiler:e318bbd60bd77c0cebb4	test	5607
taxprofiler:c27e050519340473a312	test	5608
taxprofiler:5abec4c0ec10cbbfe086	test	5609
taxprofiler:e44e75d89adeffb51bda	test	5610
taxprofiler:4e83687014143774888f	test	5611
taxprofiler:4018362a4c178b8fb027	test	5612
taxprofiler:c8a832bc8ac737fd8ef5	test	5613
taxprofiler:e02fbeda442aa197800c	test	5614
taxprofiler:ccb05a2900ee689bb1d0	test	5615
taxprofiler:1a04a13a058c11a2e24c	test	5616
taxprofiler:2059bcd60ff9097d4a87	test	5617
taxprofiler:3d4f1534a2bc4495d60f	test	5618
taxprofiler:89c6766b956b6976f777	test	5619
taxprofiler:28cc53d0597ee0ff6ecc	test	5620
taxprofiler:1c7afba5cf6626eb7338	test	5621
taxprofiler:035b544edf3213a999fe	test	5622
taxprofiler:e30fc025abd25b27636f	test	5623
taxprofiler:170ff387171b0fd03391	test	5624
taxprofiler:f6cf07751cde67d3d7c6	test	5625
taxprofiler:16e84fe63b9add50e50c	test	5626
taxprofiler:6111d8ac03d004f87b9c	test	5627
taxprofiler:ea47fe2698d9a45dd1d9	test	5628
taxprofiler:31359ede84a25bf8b381	test	5629
taxprofiler:daf7128c147003036e58	test	5630
taxprofiler:4e3117057e047cc0d598	test	5631
taxprofiler:6bcb2c05ed39418869e4	test	5632
taxprofiler:9c663dc97e08e9658642	test	5633
taxprofiler:3c15aa2f25c839119994	test	5634
taxprofiler:732255480806592af955	test	5635
taxprofiler:414089f1342b35a4c85b	test	5636
taxprofiler:c6f9ff4a8b205551267e	test	5637
taxprofiler:24ea22b38eb99a236000	test	5638
taxprofiler:11a14ac70513d03e2279	test	5639
taxprofiler:3ee7fb68eba89886b82f	test	5640
taxprofiler:55286eb09a9d9605e58a	test	5641
taxprofiler:798369fd88f35ce3257d	test	5642
taxprofiler:3b217be004356b6cf305	test	5643
taxprofiler:1abc3b4c87a8d4ee96c5	test	5644
taxprofiler:475b31207696c0673e12	test	5645
taxprofiler:a195eecc3e634ce7493c	test	5646
taxprofiler:305f3e8e48ff3635f0b6	test	5647
taxprofiler:b455a16cc48c9f0248bd	test	5648
taxprofiler:45dbc38ae1ed1a90a78d	test	5649
taxprofiler:38413d6309cc06d4a428	test	5650
taxprofiler:ac3f0ddb6977faa7a7d0	test	5651
taxprofiler:4ec034bfd7cbc3bc1750	test	5652
taxprofiler:02041e135c9f63057722	test	5653
taxprofiler:09d9aa1cbbe1782a96e8	test	5654
taxprofiler:9138a2f8b91f5cfb2d7e	test	5655
taxprofiler:f0d2035e72b268cc1424	test	5656
taxprofiler:fae71cbf8a3fada4716e	test	5657
taxprofiler:d11064d4941d846c1d3e	test	5658
taxprofiler:53f7f7460f817991f453	test	5659
taxprofiler:9644bc1eb5bd19d343b3	test	5660
taxprofiler:b6e2227c9eaa41eb9abb	test	5661
taxprofiler:60bfbb5557bf4b899635	test	5662
taxprofiler:04804954c9875796a2a5	test	5663
taxprofiler:d2f01bd81daeea7302ed	test	5664
taxprofiler:233e55a39894f22b3a0d	test	5665
taxprofiler:2c304462cc95ef8aca4f	test	5666
taxprofiler:a0fa08f5ade1c681d52f	test	5667
taxprofiler:e67358eefd3a79073990	test	5668
taxprofiler:e1ddc5c7885e009d5d47	test	5669
taxprofiler:7a222b88e1b0af5266cb	test	5670
taxprofiler:1be2cd25c7c09a2dbd0e	test	5671
taxprofiler:692a7c826cc9f480ec2b	test	5672
taxprofiler:c9486a82ed2caca0b140	test	5673
taxprofiler:09345b4928bf7d2874b4	test	5674
taxprofiler:377b2799bd18d6766e14	test	5675
taxprofiler:c972107ea38d0deb0c26	test	5676
taxprofiler:e09930d84a6b79afb613	test	5677
taxprofiler:142f8da31db2fe1acf5f	test	5678
taxprofiler:bf870d6f294010ff117e	test	5679
taxprofiler:1917b00fc89438f45140	test	5680
taxprofiler:ffe3c36ffa03cce92e83	test	5681
taxprofiler:267aeedfe11228e6b85d	test	5682
taxprofiler:3a05a20e9f359f74c7a4	test	5683
taxprofiler:14871d17e64691d81c70	test	5684
taxprofiler:2bb3391aeb289e4b3eb9	test	5685
taxprofiler:0f0a6f48d650ae19c018	test	5686
taxprofiler:b39b9da6999558b29bd8	test	5687
taxprofiler:25368d1615b1040c9380	test	5688
taxprofiler:4da02a196d2600960ab3	test	5689
taxprofiler:86c2af376e4a4d511a71	test	5690
taxprofiler:55bde578b4b149985ad1	test	5691
taxprofiler:fbf7ca7e2e85939c5435	test	5692
taxprofiler:1c1c0a4408478e413c43	test	5693
taxprofiler:2cf2c3ccb6dfe6c3825a	test	5694
taxprofiler:bcb1248273736016f015	test	5695
taxprofiler:1927ebe5d0b597f93866	test	5696
taxprofiler:9e035b42180ffbfadcae	test	5697
taxprofiler:78b11b23486df2232fa4	test	5698
taxprofiler:46dee7f111a0f8bcc263	test	5699
taxprofiler:f779cd4525d57dce31df	test	5700
taxprofiler:7f466b15cbeff7601dee	test	5701
taxprofiler:8079cfdea05919c5991a	test	5702
taxprofiler:bdcf49779abe84f2bb85	test	5703
taxprofiler:a3b262e82af47f38fb0e	test	5704
taxprofiler:8f65b0d5dbe2e6d3335a	test	5705
taxprofiler:136ec9598c2a63a7d2a0	test	5706
taxprofiler:5ec4ab228c972bd0a7ba	test	5707
taxprofiler:21a924439c138fba3a56	test	5708
taxprofiler:1e9550a0b271ee70d873	test	5709
taxprofiler:a41d8ea6bb607a731015	test	5710
taxprofiler:6703ccc4f3b365cf906d	test	5711
taxprofiler:2f27947c67fd1a3866e7	test	5712
taxprofiler:5ce3c3def72baa1a2f31	test	5713
taxprofiler:22ded6f30ecbff4c2789	test	5714
taxprofiler:993803bd483607a165d0	test	5715
taxprofiler:374b56ee6c5e8ad91531	test	5716
taxprofiler:9144802ae13c657370f9	test	5717
taxprofiler:fc276edbcdd0e9f82e1f	test	5718
taxprofiler:09a423b00a49c71fa88f	test	5719
taxprofiler:064334a7fff380e1f5c2	test	5720
taxprofiler:1f193bbc130242d172be	test	5721
taxprofiler:588a21eb7571e03c5791	test	5722
taxprofiler:a833ad4511766ecdf142	test	5723
taxprofiler:be11ad5bb092f88a7a25	test	5724
taxprofiler:6e07084230943eb18e6e	test	5725
taxprofiler:21dddbee64a7bbd858aa	test	5726
taxprofiler:9d3ec83c8a55e1135486	test	5727
taxprofiler:42a9756dbb6ca29f7c24	test	5728
taxprofiler:dd2c02b75991ee41ec0c	test	5729
taxprofiler:0c595f57b20ffa0014c9	test	5730
taxprofiler:cfbbe1196bba9ebdbdad	test	5731
taxprofiler:55b942363181bfe1330d	test	5732
taxprofiler:9b6b59e3978e6674ae4d	test	5733
taxprofiler:03ba485b13578bc4a529	test	5734
taxprofiler:1a399ec8b7ffbf3c1931	test	5735
taxprofiler:fd91bb57b2a159a492d2	test	5736
taxprofiler:112b164c3e325237ed45	test	5737
taxprofiler:4ec48a5cf8107cac2807	test	5738
taxprofiler:571c40bc605b28f29faf	test	5739
taxprofiler:e25d525cbc6bce657468	test	5740
taxprofiler:b2a60c8a5f5ddd6fdac5	test	5741
taxprofiler:5cf1814ba18e6b875915	test	5742
taxprofiler:b825f20e4fda2aaafbfe	test	5743
taxprofiler:363da6ef38692b195c3b	test	5744
taxprofiler:961fdd412d5959bde2fc	test	5745
taxprofiler:7a08b19aeb7fab22682a	test	5746
taxprofiler:a290dec8b046387ceb5d	test	5747
taxprofiler:1158cec669c697cb4d11	test	5748
taxprofiler:ae73c5998f040f79c67d	test	5749
taxprofiler:2b2823a66d938c61de04	test	5750
taxprofiler:2c62f169dd584568d87c	test	5751
taxprofiler:968a0082daba82ee263b	test	5752
taxprofiler:8c6563a50a81052be04d	test	5753
taxprofiler:b5b93557e4a03674711c	test	5754
taxprofiler:d64d94824769d0b1e035	test	5755
taxprofiler:253f8554f962a5d1278d	test	5756
taxprofiler:f66ba33ad9039cde8870	test	5757
taxprofiler:589f42d3dbe3d3992394	test	5758
taxprofiler:db8f336f353bc2af75ae	test	5759
taxprofiler:2567ca88c70ab5fae1bf	test	5760
taxprofiler:fbdc9d1ba576b74fb912	test	5761
taxprofiler:aae888367cb0752c1017	test	5762
taxprofiler:191ce1cd03c020111fd0	test	5763
taxprofiler:cac10f71511ee301d3cc	test	5764
taxprofiler:5960e9ce533480462298	test	5765
taxprofiler:964d210793ebf97af19b	test	5766
taxprofiler:bbd2deceee354c7a9f5c	test	5767
taxprofiler:b49508a755649cb400c2	test	5768
taxprofiler:41e9131732d17a584c5e	test	5769
taxprofiler:314bcaf506eab253e4ed	test	5770
taxprofiler:d2094b3d12d7d5ff6ebe	test	5771
taxprofiler:f5cb15b2172095bed4a7	test	5772
taxprofiler:be6b2e15b266522996a7	test	5773
taxprofiler:751099c04c3be45215f3	test	5774
taxprofiler:e2aea01fa0b0d69ece77	test	5775
taxprofiler:ffcea3a9b7e2984850e4	test	5776
taxprofiler:8acafbcc8aa4c6ec2918	test	5777
taxprofiler:cdb7369cb430bbe05e9f	test	5778
taxprofiler:b1177fbb05bd5713d4e5	test	5779
taxprofiler:605884f8655f3dd14fbe	test	5780
taxprofiler:eb30d4d761f96431f471	test	5781
taxprofiler:c39440ced38ec3d5d030	test	5782
taxprofiler:84287ec1e1e2c1810055	test	5783
taxprofiler:517f189fa16b65f506f3	test	5784
taxprofiler:74c2c85f572de27b4a31	test	5785
taxprofiler:d834fba17c428ed0a563	test	5786
taxprofiler:df26bc9b8352041993f0	test	5787
taxprofiler:5900b01a3e42be548a3c	test	5788
taxprofiler:90cb63de3eabcff2072b	test	5789
taxprofiler:5970093684dacfe62f6b	test	5790
taxprofiler:fbd674f819d6c8b0d0ac	test	5791
taxprofiler:b444ec6ca22d4848ffea	test	5792
taxprofiler:ce02561471758c935803	test	5793
taxprofiler:e7f4baf8ec94046ef6a0	test	5794
taxprofiler:1ee56d86a010bbdede85	test	5795
taxprofiler:5a70d1190cff5ee4c049	test	5796
taxprofiler:46a0e76f63fcc779b42c	test	5797
taxprofiler:a579deabcb8f471de449	test	5798
taxprofiler:85d6cbd2c3cfc9a78c96	test	5799
taxprofiler:76b3d5577d863714595c	test	5800
taxprofiler:737a6b789dc892ef0f09	test	5801
taxprofiler:896822b5a050c89f1c13	test	5802
taxprofiler:6b3c1f96f2f49b2bd742	test	5803
taxprofiler:290450574f6c511605b2	test	5804
taxprofiler:db42096d8727c4955099	test	5805
taxprofiler:d3316796b44a8749e823	test	5806
taxprofiler:8eb555c43b4f476f9d32	test	5807
taxprofiler:c33107cde79af5a5e2c6	test	5808
taxprofiler:5c7522549b114832737b	test	5809
taxprofiler:a293b5584819c5b64a2d	test	5810
taxprofiler:30953d90e05d8d7d304f	test	5811
taxprofiler:88e9b8a4874acd96d0c3	test	5812
taxprofiler:c532be9b557e639778b6	test	5813
taxprofiler:f4d0b27412c5130ea097	test	5814
taxprofiler:b7d45002c17e711f061e	test	5815
taxprofiler:ee00acc088afaa954167	test	5816
taxprofiler:67ac4c2053954b2a35d2	test	5817
taxprofiler:3ad2f360220092d5b556	test	5818
taxprofiler:bc66027dcf951f441db7	test	5819
taxprofiler:1599460a994662e99334	test	5820
taxprofiler:91702e0a5e68bde4f4d3	test	5821
taxprofiler:aaf136f9d05d2b5eff08	test	5822
taxprofiler:4b308bcb468319c1cd2f	test	5823
taxprofiler:119c2367f2e6418644d1	test	5824
taxprofiler:027ed4c1004efe13ff73	test	5825
taxprofiler:90f76539da6e523d9868	test	5826
taxprofiler:bffb58a76126c69298e9	test	5827
taxprofiler:1766f1ca2dcc5dce3012	test	5828
taxprofiler:e78be4eb8b01138561d8	test	5829
taxprofiler:013eb2b10e8e7400181e	test	5830
taxprofiler:b1b1b08e7d5c8debf390	test	5831
taxprofiler:e7296c065648863a4db8	test	5832
taxprofiler:c39e76f85ce4da0eb7c0	test	5833
taxprofiler:1309fff79c13471426a9	test	5834
taxprofiler:0f8f57983142ba4759d2	test	5835
taxprofiler:b50b864a6c442dd6c992	test	5836
taxprofiler:0ecc964738d516c22512	test	5837
taxprofiler:29ce7a123acdb8b29ad3	test	5838
taxprofiler:b7a4d223fd3919d212ff	test	5839
taxprofiler:f1148b8d6e6712eedfd4	test	5840
taxprofiler:26cdaf0ab8f77d8b8947	test	5841
taxprofiler:a399d35dc6af7580fe62	test	5842
taxprofiler:b2268fb6f2fd45565326	test	5843
taxprofiler:e0caf18d295d4ed33be0	test	5844
taxprofiler:5a733429219d1e02f1d4	test	5845
taxprofiler:685c96a1a85d8ca958b2	test	5846
taxprofiler:48843a276acf7c2623db	test	5847
taxprofiler:34b13f569a941e3caceb	test	5848
taxprofiler:0fedc974db466a0be45f	test	5849
taxprofiler:7cb61619592678c0edad	test	5850
taxprofiler:42e6d8d3d1d98e84c3aa	test	5851
taxprofiler:ac86601c0a2b5b1bb4ef	test	5852
taxprofiler:74c4dd2538d6c1f324b8	test	5853
taxprofiler:071ac6bc9503e30fdb04	test	5854
taxprofiler:68d254c6bf9c726e3835	test	5855
taxprofiler:910eefafb371b40be7d5	test	5856
taxprofiler:4ee1bec3cb047c1b649c	test	5857
taxprofiler:bfcbcbe83c09af730f30	test	5858
taxprofiler:21ad71b9e96b1d3e5354	test	5859
taxprofiler:b36f07108923ce8f769a	test	5860
taxprofiler:1f8d3287177f1c5d75c4	test	5861
taxprofiler:f04c01fe9e7dc28d8667	test	5862
taxprofiler:e0f3776fe88a6cb7c07a	test	5863
taxprofiler:5b0b67a9a88ceea079f0	test	5864
taxprofiler:42622503fef0b48315e3	test	5865
taxprofiler:f932131df72b7590ff62	test	5866
taxprofiler:0c79bed83b54431f553b	test	5867
taxprofiler:6deb66a2f41f13687ed0	test	5868
taxprofiler:9c3fc831e46144def562	test	5869
taxprofiler:5cac32612926d0aa90b9	test	5870
taxprofiler:210aca12c4f4995ec0d1	test	5871
taxprofiler:5b271c44cd22a770fa6a	test	5872
taxprofiler:05d4a45b4791c83f6313	test	5873
taxprofiler:c6abe52698ccac462bc1	test	5874
taxprofiler:36745e3fe415a9151b8d	test	5875
taxprofiler:ade2faaa2c4943ae8f32	test	5876
taxprofiler:bd35ca7a74ab87e1ddbc	test	5877
taxprofiler:8e0a2facce6919107792	test	5878
taxprofiler:6b52855e821e79344d26	test	5879
taxprofiler:58653991b957408b6bcb	test	5880
taxprofiler:c143b7af25250534d5fe	test	5881
taxprofiler:d14292fe5903a0efdd3f	test	5882
taxprofiler:3f0d93143511e84b34c8	test	5883
taxprofiler:50294afc5c562c3b88db	test	5884
taxprofiler:98b928812a9f1f0add92	test	5885
taxprofiler:88d03062ea7b61a78a89	test	5886
taxprofiler:00d1848aab69667cdda7	test	5887
taxprofiler:2d0ec397d1a3268ae21a	test	5888
taxprofiler:dfbcf66c5678ca85b0e1	test	5889
taxprofiler:a600cc9822553990f416	test	5890
taxprofiler:c446c34280511ab65775	test	5891
taxprofiler:ac85b335543268f32078	test	5892
taxprofiler:fd5da48f2d1e58b21fdb	test	5893
taxprofiler:3af47e6f927771dea024	test	5894
taxprofiler:e8594d9bb037738ed580	test	5895
taxprofiler:15135e64141dee31be4a	test	5896
taxprofiler:b985a556cac739e8eafd	test	5897
taxprofiler:11a6adee291d4c230a69	test	5898
taxprofiler:63801e51fba6b0e500ff	test	5899
taxprofiler:6fc183f6408001c70100	test	5900
taxprofiler:090c2441eda3006969c6	test	5901
taxprofiler:9c58fc2269d13e6df544	test	5902
taxprofiler:da5f7fa2eb364884aae7	test	5903
taxprofiler:9c8b825edccd78911fc5	test	5904
taxprofiler:546b53a0822d535550f9	test	5905
taxprofiler:510ce0e9c1bb3de35fc7	test	5906
taxprofiler:ec389a84ccd98a7b9441	test	5907
taxprofiler:6855cd65f0e6e2111bf6	test	5908
taxprofiler:ef85f0854a00a58e971e	test	5909
taxprofiler:8d7f6a221b84fb8597c9	test	5910
taxprofiler:8fcee3ee8a02f4677060	test	5911
taxprofiler:6fffbd56eaae0e68eb21	test	5912
taxprofiler:dadc353e8896dc0bfadc	test	5913
taxprofiler:dcc7f5c75930d615fd1f	test	5914
taxprofiler:592245986ff0bfa04faa	test	5915
taxprofiler:5b3882525ec2757b6492	test	5916
taxprofiler:eb89b8f1184c02132fbc	test	5917
taxprofiler:af7ea3ae2b70eead3b4e	test	5918
taxprofiler:da51e08ea9247b0305b6	test	5919
taxprofiler:70ff45228c5ddc8858fb	test	5920
taxprofiler:59020e750121ce4cca6b	test	5921
taxprofiler:90f15f2864c8e56afa4f	test	5922
taxprofiler:bfd0b03a9749cdcfaa24	test	5923
taxprofiler:215054216218e2ac21fb	test	5924
taxprofiler:7166e2e9d027de4eaea1	test	5925
taxprofiler:9fe68ff60db9e1ee269b	test	5926
taxprofiler:7169bf0c17d8170b0203	test	5927
taxprofiler:ef96e024fd2eb6239134	test	5928
taxprofiler:13ac64f3897bf9a5b489	test	5929
taxprofiler:4c8c246b03abe76dee7b	test	5930
taxprofiler:c0a2cb9f610a980c0af4	test	5931
taxprofiler:2a70ec8f3914074f8ef1	test	5932
taxprofiler:c839173da2442db32a8f	test	5933
taxprofiler:fa0a631ca8da37dd9fe5	test	5934
taxprofiler:641066fb366b76abd55f	test	5935
taxprofiler:11a99d0a99b486d3a43a	test	5936
taxprofiler:2c10972df9808e03044d	test	5937
taxprofiler:a67051b7ecc112ddea8e	test	5938
taxprofiler:e9902871e804479b71fc	test	5939
taxprofiler:0b2ec442e5dabe4c2679	test	5940
taxprofiler:2e82f04f0d98f0a28a14	test	5941
taxprofiler:7cbe5b5523b9134611bc	test	5942
taxprofiler:6e6619ba3885b2d460fa	test	5943
taxprofiler:ac8f3eeb2584ab28c78f	test	5944
taxprofiler:b4d42e7eaf1f1b87e60e	test	5945
taxprofiler:8d3d1add006ea0821187	test	5946
taxprofiler:3567482215d624d887a4	test	5947
taxprofiler:d4a509864404ae60ce25	test	5948
taxprofiler:f02edbec6b0f0f3c7d7b	test	5949
taxprofiler:f75a595e61dc31ed88ca	test	5950
taxprofiler:43423854065bd419d7c1	test	5951
taxprofiler:a60bdebdcc4274cff1ad	test	5952
taxprofiler:8c8e08c8a51fa054b6f6	test	5953
taxprofiler:f9a4203473e7ae1ef789	test	5954
taxprofiler:ea0ee2d6605216591d07	test	5955
taxprofiler:0490ffa24124f291ff78	test	5956
taxprofiler:81d315b83f0797ef7f88	test	5957
taxprofiler:39ac0e03b173a5fcad52	test	5958
taxprofiler:8f9c35636ba0329fd0f5	test	5959
taxprofiler:517c3b62dd541e643693	test	5960
taxprofiler:2627ef31699f8b2a9360	test	5961
taxprofiler:d1d1da173dad47de34a8	test	5962
taxprofiler:8ecbcb2a333fc02508e0	test	5963
taxprofiler:dae68f0161e16d4f2c3c	test	5964
taxprofiler:e51f5f7f78c437797cbd	test	5965
taxprofiler:431eed2b83e0d5d4e460	test	5966
taxprofiler:4499f797d2029242dc29	test	5967
taxprofiler:52aa87da6bfa75a56369	test	5968
taxprofiler:4e8c468176c20bad7b77	test	5969
taxprofiler:25c44aa3eade555e0c10	test	5970
taxprofiler:caf9632cc80eaa251189	test	5971
taxprofiler:f8e488b24f688603dbd9	test	5972
taxprofiler:a9650fa18e4c0a3589d5	test	5973
taxprofiler:f8b922558da5ceea0294	test	5974
taxprofiler:c4a860ae121fd96d5f24	test	5975
taxprofiler:a6089be90d493a3d7338	test	5976
taxprofiler:e1d7b5693c7d39ae8171	test	5977
taxprofiler:4dfc8ebf8203963f552f	test	5978
taxprofiler:0a38f25590522e365024	test	5979
taxprofiler:fd91072c56af69d1c7bb	test	5980
taxprofiler:65bd74cab6a6e23e5b53	test	5981
taxprofiler:0a6535bd6a6cecd6c1ca	test	5982
taxprofiler:58a2949d3cfbbe92c5bd	test	5983
taxprofiler:ae2a3b2575145f192185	test	5984
taxprofiler:3cb9c280fc553c5cf83e	test	5985
taxprofiler:895b90a75ee80703b3e7	test	5986
taxprofiler:cebe23d35fe8a1750cc2	test	5987
taxprofiler:df17ccb62e519e8e85f0	test	5988
taxprofiler:0ffde3b54d62439d265e	test	5989
taxprofiler:f69f0b0132e66c7f0d65	test	5990
taxprofiler:128f7d84fbd5631b5696	test	5991
taxprofiler:97b8063a17826b3f2f43	test	5992
taxprofiler:611d3ca10cf8a16352ff	test	5993
taxprofiler:b6bb6055850f0fc93325	test	5994
taxprofiler:1d23f099d5d6ec321a58	test	5995
taxprofiler:f72b9c43c4edcc11ea99	test	5996
taxprofiler:651eec5cb76bd4a71db0	test	5997
taxprofiler:263c7fd068cf2c35a79e	test	5998
