workflow	dataset_id	process	bucket	task_type	task_instance	unit_id	input_bytes	source_manifest	feature_availability
sarek	NA12878_WGS_30x_GRCh38_1495	GATK4_HAPLOTYPECALLER	sarek::GATK4_HAPLOTYPECALLER	GATK4_HAPLOTYPECALLER	interval_0001	interval_0001		WORKFLOWS/sarek/data/GRCh38_primary_1495.bed	pre_launch
sarek	NA12878_WGS_30x_GRCh38_1495	GATK4_HAPLOTYPECALLER	sarek::GATK4_HAPLOTYPECALLER	GATK4_HAPLOTYPECALLER	interval_0002	interval_0002		WORKFLOWS/sarek/data/GRCh38_primary_1495.bed	pre_launch
sarek	NA12878_WGS_30x_GRCh38_1495	GATK4_HAPLOTYPECALLER	sarek::GATK4_HAPLOTYPECALLER	GATK4_HAPLOTYPECALLER	interval_0003	interval_0003		WORKFLOWS/sarek/data/GRCh38_primary_1495.bed	pre_launch
sarek	NA12878_WGS_30x_GRCh38_1495	GATK4_HAPLOTYPECALLER	sarek::GATK4_HAPLOTYPECALLER	GATK4_HAPLOTYPECALLER	interval_0004	interval_0004		WORKFLOWS/sarek/data/GRCh38_primary_1495.bed	pre_launch
sarek	NA12878_WGS_30x_GRCh38_1495	GATK4_HAPLOTYPECALLER	sarek::GATK4_HAPLOTYPECALLER	GATK4_HAPLOTYPECALLER	interval_0005	interval_0005		WORKFLOWS/sarek/data/GRCh38_primary_1495.bed	pre_launch
sarek	NA12878_WGS_30x_GRCh38_1495	GATK4_HAPLOTYPECALLER	sarek::GATK4_HAPLOTYPECALLER	GATK4_HAPLOTYPECALLER	interval_0006	interval_0006		WORKFLOWS/sarek/data/GRCh38_primary_1495.bed	pre_launch
sarek	NA12878_WGS_30x_GRCh38_1495	GATK4_HAPLOTYPECALLER	sarek::GATK4_HAPLOTYPECALLER	GATK4_HAPLOTYPECALLER	interval_0007	interval_0007		WORKFLOWS/sarek/data/GRCh38_primary_1495.bed	pre_launch
sarek	NA12878_WGS_30x_GRCh38_1495	GATK4_HAPLOTYPECALLER	sarek::GATK4_HAPLOTYPECALLER	GATK4_HAPLOTYPECALLER	interval_0008	interval_0008		WORKFLOWS/sarek/data/GRCh38_primary_1495.bed	pre_launch
sarek	NA12878_WGS_30x_GRCh38_1495	GATK4_HAPLOTYPECALLER	sarek::GATK4_HAPLOTYPECALLER	GATK4_HAPLOTYPECALLER	interval_0009	interval_0009		WORKFLOWS/sarek/data/GRCh38_primary_1495.bed	pre_launch
sarek	NA12878_WGS_30x_GRCh38_1495	GATK4_HAPLOTYPECALLER	sarek::GATK4_HAPLOTYPECALLER	GATK4_HAPLOTYPECALLER	interval_0010	interval_0010		WORKFLOWS/sarek/data/GRCh38_primary_1495.bed	pre_launch
sarek	NA12878_WGS_30x_GRCh38_1495	GATK4_HAPLOTYPECALLER	sarek::GATK4_HAPLOTYPECALLER	GATK4_HAPLOTYPECALLER	interval_0011	interval_0011		WORKFLOWS/sarek/data/GRCh38_primary_1495.bed	pre_launch
sarek	NA12878_WGS_30x_GRCh38_1495	GATK4_HAPLOTYPECALLER	sarek::GATK4_HAPLOTYPECALLER	GATK4_HAPLOTYPECALLER	interval_0012	interval_0012		WORKFLOWS/sarek/data/GRCh38_primary_1495.bed	pre_launch
sarek	NA12878_WGS_30x_GRCh38_1495	GATK4_HAPLOTYPECALLER	sarek::GATK4_HAPLOTYPECALLER	GATK4_HAPLOTYPECALLER	interval_0013	interval_0013		WORKFLOWS/sarek/data/GRCh38_primary_1495.bed	pre_launch
sarek	NA12878_WGS_30x_GRCh38_1495	GATK4_HAPLOTYPECALLER	sarek::GATK4_HAPLOTYPECALLER	GATK4_HAPLOTYPECALLER	interval_0014	interval_0014		WORKFLOWS/sarek/data/GRCh38_primary_1495.bed	pre_launch
sarek	NA12878_WGS_30x_GRCh38_1495	GATK4_HAPLOTYPECALLER	sarek::GATK4_HAPLOTYPECALLER	GATK4_HAPLOTYPECALLER	interval_0015	interval_0015		WORKFLOWS/sarek/data/GRCh38_primary_1495.bed	pre_launch
sarek	NA12878_WGS_30x_GRCh38_1495	GATK4_HAPLOTYPECALLER	sarek::GATK4_HAPLOTYPECALLER	GATK4_HAPLOTYPECALLER	interval_0016	interval_0016		WORKFLOWS/sarek/data/GRCh38_primary_1495.bed	pre_launch
sarek	NA12878_WGS_30x_GRCh38_1495	GATK4_HAPLOTYPECALLER	sarek::GATK4_HAPLOTYPECALLER	GATK4_HAPLOTYPECALLER	interval_0017	interval_0017		WORKFLOWS/sarek/data/GRCh38_primary_1495.bed	pre_launch
sarek	NA12878_WGS_30x_GRCh38_1495	GATK4_HAPLOTYPECALLER	sarek::GATK4_HAPLOTYPECALLER	GATK4_HAPLOTYPECALLER	interval_0018	interval_0018		WORKFLOWS/sarek/data/GRCh38_primary_1495.bed	pre_launch
sarek	NA12878_WGS_30x_GRCh38_1495	GATK4_HAPLOTYPECALLER	sarek::GATK4_HAPLOTYPECALLER	GATK4_HAPLOTYPECALLER	interval_0019	interval_0019		WORKFLOWS/sarek/data/GRCh38_primary_1495.bed	pre_launch
sarek	NA12878_WGS_30x_GRCh38_1495	GATK4_HAPLOTYPECALLER	sarek::GATK4_HAPLOTYPECALLER	GATK4_HAPLOTYPECALLER	interval_0020	interval_0020		WORKFLOWS/sarek/data/GRCh38_primary_1495.bed	pre_launch
sarek	NA12878_WGS_30x_GRCh38_1495	GATK4_HAPLOTYPECALLER	sarek::GATK4_HAPLOTYPECALLER	GATK4_HAPLOTYPECALLER	interval_0021	interval_0021		WORKFLOWS/sarek/data/GRCh38_primary_1495.bed	pre_launch
sarek	NA12878_WGS_30x_GRCh38_1495	GATK4_HAPLOTYPECALLER	sarek::GATK4_HAPLOTYPECALLER	GATK4_HAPLOTYPECALLER	interval_0022	interval_0022		WORKFLOWS/sarek/data/GRCh38_primary_1495.bed	pre_launch
sarek	NA12878_WGS_30x_GRCh38_1495	GATK4_HAPLOTYPECALLER	sarek::GATK4_HAPLOTYPECALLER	GATK4_HAPLOTYPECALLER	interval_0023	interval_0023		WORKFLOWS/sarek/data/GRCh38_primary_1495.bed	pre_launch
sarek	NA12878_WGS_30x_GRCh38_1495	GATK4_HAPLOTYPECALLER	sarek::GATK4_HAPLOTYPECALLER	GATK4_HAPLOTYPECALLER	interval_0024	interval_0024		WORKFLOWS/sarek/data/GRCh38_primary_1495.bed	pre_launch
sarek	NA12878_WGS_30x_GRCh38_1495	GATK4_HAPLOTYPECALLER	sarek::GATK4_HAPLOTYPECALLER	GATK4_HAPLOTYPECALLER	interval_0025	interval_0025		WORKFLOWS/sarek/data/GRCh38_primary_1495.bed	pre_launch
sarek	NA12878_WGS_30x_GRCh38_1495	GATK4_HAPLOTYPECALLER	sarek::GATK4_HAPLOTYPECALLER	GATK4_HAPLOTYPECALLER	interval_0026	interval_0026		WORKFLOWS/sarek/data/GRCh38_primary_1495.bed	pre_launch
sarek	NA12878_WGS_30x_GRCh38_1495	GATK4_HAPLOTYPECALLER	sarek::GATK4_HAPLOTYPECALLER	GATK4_HAPLOTYPECALLER	interval_0027	interval_0027		WORKFLOWS/sarek/data/GRCh38_primary_1495.bed	pre_launch
sarek	NA12878_WGS_30x_GRCh38_1495	GATK4_HAPLOTYPECALLER	sarek::GATK4_HAPLOTYPECALLER	GATK4_HAPLOTYPECALLER	interval_0028	interval_0028		WORKFLOWS/sarek/data/GRCh38_primary_1495.bed	pre_launch
sarek	NA12878_WGS_30x_GRCh38_1495	GATK4_HAPLOTYPECALLER	sarek::GATK4_HAPLOTYPECALLER	GATK4_HAPLOTYPECALLER	interval_0029	interval_0029		WORKFLOWS/sarek/data/GRCh38_primary_1495.bed	pre_launch
sarek	NA12878_WGS_30x_GRCh38_1495	GATK4_HAPLOTYPECALLER	sarek::GATK4_HAPLOTYPECALLER	GATK4_HAPLOTYPECALLER	interval_0030	interval_0030		WORKFLOWS/sarek/data/GRCh38_primary_1495.bed	pre_launch
sarek	NA12878_WGS_30x_GRCh38_1495	GATK4_HAPLOTYPECALLER	sarek::GATK4_HAPLOTYPECALLER	GATK4_HAPLOTYPECALLER	interval_0031	interval_0031		WORKFLOWS/sarek/data/GRCh38_primary_1495.bed	pre_launch
sarek	NA12878_WGS_30x_GRCh38_1495	GATK4_HAPLOTYPECALLER	sarek::GATK4_HAPLOTYPECALLER	GATK4_HAPLOTYPECALLER	interval_0032	interval_0032		WORKFLOWS/sarek/data/GRCh38_primary_1495.bed	pre_launch
sarek	NA12878_WGS_30x_GRCh38_1495	GATK4_HAPLOTYPECALLER	sarek::GATK4_HAPLOTYPECALLER	GATK4_HAPLOTYPECALLER	interval_0033	interval_0033		WORKFLOWS/sarek/data/GRCh38_primary_1495.bed	pre_launch
sarek	NA12878_WGS_30x_GRCh38_1495	GATK4_HAPLOTYPECALLER	sarek::GATK4_HAPLOTYPECALLER	GATK4_HAPLOTYPECALLER	interval_0034	interval_0034		WORKFLOWS/sarek/data/GRCh38_primary_1495.bed	pre_launch
sarek	NA12878_WGS_30x_GRCh38_1495	GATK4_HAPLOTYPECALLER	sarek::GATK4_HAPLOTYPECALLER	GATK4_HAPLOTYPECALLER	interval_0035	interval_0035		WORKFLOWS/sarek/data/GRCh38_primary_1495.bed	pre_launch
sarek	NA12878_WGS_30x_GRCh38_1495	GATK4_HAPLOTYPECALLER	sarek::GATK4_HAPLOTYPECALLER	GATK4_HAPLOTYPECALLER	interval_0036	interval_0036		WORKFLOWS/sarek/data/GRCh38_primary_1495.bed	pre_launch
sarek	NA12878_WGS_30x_GRCh38_1495	GATK4_HAPLOTYPECALLER	sarek::GATK4_HAPLOTYPECALLER	GATK4_HAPLOTYPECALLER	interval_0037	interval_0037		WORKFLOWS/sarek/data/GRCh38_primary_1495.bed	pre_launch
sarek	NA12878_WGS_30x_GRCh38_1495	GATK4_HAPLOTYPECALLER	sarek::GATK4_HAPLOTYPECALLER	GATK4_HAPLOTYPECALLER	interval_0038	interval_0038		WORKFLOWS/sarek/data/GRCh38_primary_1495.bed	pre_launch
sarek	NA12878_WGS_30x_GRCh38_1495	GATK4_HAPLOTYPECALLER	sarek::GATK4_HAPLOTYPECALLER	GATK4_HAPLOTYPECALLER	interval_0039	interval_0039		WORKFLOWS/sarek/data/GRCh38_primary_1495.bed	pre_launch
sarek	NA12878_WGS_30x_GRCh38_1495	GATK4_HAPLOTYPECALLER	sarek::GATK4_HAPLOTYPECALLER	GATK4_HAPLOTYPECALLER	interval_0040	interval_0040		WORKFLOWS/sarek/data/GRCh38_primary_1495.bed	pre_launch
sarek	NA12878_WGS_30x_GRCh38_1495	GATK4_HAPLOTYPECALLER	sarek::GATK4_HAPLOTYPECALLER	GATK4_HAPLOTYPECALLER	interval_0041	interval_0041		WORKFLOWS/sarek/data/GRCh38_primary_1495.bed	pre_launch
sarek	NA12878_WGS_30x_GRCh38_1495	GATK4_HAPLOTYPECALLER	sarek::GATK4_HAPLOTYPECALLER	GATK4_HAPLOTYPECALLER	interval_0042	interval_0042		WORKFLOWS/sarek/data/GRCh38_primary_1495.bed	pre_launch
sarek	NA12878_WGS_30x_GRCh38_1495	GATK4_HAPLOTYPECALLER	sarek::GATK4_HAPLOTYPECALLER	GATK4_HAPLOTYPECALLER	interval_0043	interval_0043		WORKFLOWS/sarek/data/GRCh38_primary_1495.bed	pre_launch
sarek	NA12878_WGS_30x_GRCh38_1495	GATK4_HAPLOTYPECALLER	sarek::GATK4_HAPLOTYPECALLER	GATK4_HAPLOTYPECALLER	interval_0044	interval_0044		WORKFLOWS/sarek/data/GRCh38_primary_1495.bed	pre_launch
sarek	NA12878_WGS_30x_GRCh38_1495	GATK4_HAPLOTYPECALLER	sarek::GATK4_HAPLOTYPECALLER	GATK4_HAPLOTYPECALLER	interval_0045	interval_0045		WORKFLOWS/sarek/data/GRCh38_primary_1495.bed	pre_launch
sarek	NA12878_WGS_30x_GRCh38_1495	GATK4_HAPLOTYPECALLER	sarek::GATK4_HAPLOTYPECALLER	GATK4_HAPLOTYPECALLER	interval_0046	interval_0046		WORKFLOWS/sarek/data/GRCh38_primary_1495.bed	pre_launch
sarek	NA12878_WGS_30x_GRCh38_1495	GATK4_HAPLOTYPECALLER	sarek::GATK4_HAPLOTYPECALLER	GATK4_HAPLOTYPECALLER	interval_0047	interval_0047		WORKFLOWS/sarek/data/GRCh38_primary_1495.bed	pre_launch
sarek	NA12878_WGS_30x_GRCh38_1495	GATK4_HAPLOTYPECALLER	sarek::GATK4_HAPLOTYPECALLER	GATK4_HAPLOTYPECALLER	interval_0048	interval_0048		WORKFLOWS/sarek/data/GRCh38_primary_1495.bed	pre_launch
sarek	NA12878_WGS_30x_GRCh38_1495	GATK4_HAPLOTYPECALLER	sarek::GATK4_HAPLOTYPECALLER	GATK4_HAPLOTYPECALLER	interval_0049	interval_0049		WORKFLOWS/sarek/data/GRCh38_primary_1495.bed	pre_launch
sarek	NA12878_WGS_30x_GRCh38_1495	GATK4_HAPLOTYPECALLER	sarek::GATK4_HAPLOTYPECALLER	GATK4_HAPLOTYPECALLER	interval_0050	interval_0050		WORKFLOWS/sarek/data/GRCh38_primary_1495.bed	pre_launch
sarek	NA12878_WGS_30x_GRCh38_1495	GATK4_HAPLOTYPECALLER	sarek::GATK4_HAPLOTYPECALLER	GATK4_HAPLOTYPECALLER	interval_0051	interval_0051		WORKFLOWS/sarek/data/GRCh38_primary_1495.bed	pre_launch
sarek	NA12878_WGS_30x_GRCh38_1495	GATK4_HAPLOTYPECALLER	sarek::GATK4_HAPLOTYPECALLER	GATK4_HAPLOTYPECALLER	interval_0052	interval_0052		WORKFLOWS/sarek/data/GRCh38_primary_1495.bed	pre_launch
sarek	NA12878_WGS_30x_GRCh38_1495	GATK4_HAPLOTYPECALLER	sarek::GATK4_HAPLOTYPECALLER	GATK4_HAPLOTYPECALLER	interval_0053	interval_0053		WORKFLOWS/sarek/data/GRCh38_primary_1495.bed	pre_launch
sarek	NA12878_WGS_30x_GRCh38_1495	GATK4_HAPLOTYPECALLER	sarek::GATK4_HAPLOTYPECALLER	GATK4_HAPLOTYPECALLER	interval_0054	interval_0054		WORKFLOWS/sarek/data/GRCh38_primary_1495.bed	pre_launch
sarek	NA12878_WGS_30x_GRCh38_1495	GATK4_HAPLOTYPECALLER	sarek::GATK4_HAPLOTYPECALLER	GATK4_HAPLOTYPECALLER	interval_0055	interval_0055		WORKFLOWS/sarek/data/GRCh38_primary_1495.bed	pre_launch
sarek	NA12878_WGS_30x_GRCh38_1495	GATK4_HAPLOTYPECALLER	sarek::GATK4_HAPLOTYPECALLER	GATK4_HAPLOTYPECALLER	interval_0056	interval_0056		WORKFLOWS/sarek/data/GRCh38_primary_1495.bed	pre_launch
sarek	NA12878_WGS_30x_GRCh38_1495	GATK4_HAPLOTYPECALLER	sarek::GATK4_HAPLOTYPECALLER	GATK4_HAPLOTYPECALLER	interval_0057	interval_0057		WORKFLOWS/sarek/data/GRCh38_primary_1495.bed	pre_launch
sarek	NA12878_WGS_30x_GRCh38_1495	GATK4_HAPLOTYPECALLER	sarek::GATK4_HAPLOTYPECALLER	GATK4_HAPLOTYPECALLER	interval_0058	interval_0058		WORKFLOWS/sarek/data/GRCh38_primary_1495.bed	pre_launch
sarek	NA12878_WGS_30x_GRCh38_1495	GATK4_HAPLOTYPECALLER	sarek::GATK4_HAPLOTYPECALLER	GATK4_HAPLOTYPECALLER	interval_0059	interval_0059		WORKFLOWS/sarek/data/GRCh38_primary_1495.bed	pre_launch
sarek	NA12878_WGS_30x_GRCh38_1495	GATK4_HAPLOTYPECALLER	sarek::GATK4_HAPLOTYPECALLER	GATK4_HAPLOTYPECALLER	interval_0060	interval_0060		WORKFLOWS/sarek/data/GRCh38_primary_1495.bed	pre_launch
sarek	NA12878_WGS_30x_GRCh38_1495	GATK4_HAPLOTYPECALLER	sarek::GATK4_HAPLOTYPECALLER	GATK4_HAPLOTYPECALLER	interval_0061	interval_0061		WORKFLOWS/sarek/data/GRCh38_primary_1495.bed	pre_launch
sarek	NA12878_WGS_30x_GRCh38_1495	GATK4_HAPLOTYPECALLER	sarek::GATK4_HAPLOTYPECALLER	GATK4_HAPLOTYPECALLER	interval_0062	interval_0062		WORKFLOWS/sarek/data/GRCh38_primary_1495.bed	pre_launch
sarek	NA12878_WGS_30x_GRCh38_1495	GATK4_HAPLOTYPECALLER	sarek::GATK4_HAPLOTYPECALLER	GATK4_HAPLOTYPECALLER	interval_0063	interval_0063		WORKFLOWS/sarek/data/GRCh38_primary_1495.bed	pre_launch
sarek	NA12878_WGS_30x_GRCh38_1495	GATK4_HAPLOTYPECALLER	sarek::GATK4_HAPLOTYPECALLER	GATK4_HAPLOTYPECALLER	interval_0064	interval_0064		WORKFLOWS/sarek/data/GRCh38_primary_1495.bed	pre_launch
sarek	NA12878_WGS_30x_GRCh38_1495	GATK4_HAPLOTYPECALLER	sarek::GATK4_HAPLOTYPECALLER	GATK4_HAPLOTYPECALLER	interval_0065	interval_0065		WORKFLOWS/sarek/data/GRCh38_primary_1495.bed	pre_launch
sarek	NA12878_WGS_30x_GRCh38_1495	GATK4_HAPLOTYPECALLER	sarek::GATK4_HAPLOTYPECALLER	GATK4_HAPLOTYPECALLER	interval_0066	interval_0066		WORKFLOWS/sarek/data/GRCh38_primary_1495.bed	pre_launch
sarek	NA12878_WGS_30x_GRCh38_1495	GATK4_HAPLOTYPECALLER	sarek::GATK4_HAPLOTYPECALLER	GATK4_HAPLOTYPECALLER	interval_0067	interval_0067		WORKFLOWS/sarek/data/GRCh38_primary_1495.bed	pre_launch
sarek	NA12878_WGS_30x_GRCh38_1495	GATK4_HAPLOTYPECALLER	sarek::GATK4_HAPLOTYPECALLER	GATK4_HAPLOTYPECALLER	interval_0068	interval_0068		WORKFLOWS/sarek/data/GRCh38_primary_1495.bed	pre_launch
sarek	NA12878_WGS_30x_GRCh38_1495	GATK4_HAPLOTYPECALLER	sarek::GATK4_HAPLOTYPECALLER	GATK4_HAPLOTYPECALLER	interval_0069	interval_0069		WORKFLOWS/sarek/data/GRCh38_primary_1495.bed	pre_launch
sarek	NA12878_WGS_30x_GRCh38_1495	GATK4_HAPLOTYPECALLER	sarek::GATK4_HAPLOTYPECALLER	GATK4_HAPLOTYPECALLER	interval_0070	interval_0070		WORKFLOWS/sarek/data/GRCh38_primary_1495.bed	pre_launch
sarek	NA12878_WGS_30x_GRCh38_1495	GATK4_HAPLOTYPECALLER	sarek::GATK4_HAPLOTYPECALLER	GATK4_HAPLOTYPECALLER	interval_0071	interval_0071		WORKFLOWS/sarek/data/GRCh38_primary_1495.bed	pre_launch
sarek	NA12878_WGS_30x_GRCh38_1495	GATK4_HAPLOTYPECALLER	sarek::GATK4_HAPLOTYPECALLER	GATK4_HAPLOTYPECALLER	interval_0072	interval_0072		WORKFLOWS/sarek/data/GRCh38_primary_1495.bed	pre_launch
sarek	NA12878_WGS_30x_GRCh38_1495	GATK4_HAPLOTYPECALLER	sarek::GATK4_HAPLOTYPECALLER	GATK4_HAPLOTYPECALLER	interval_0073	interval_0073		WORKFLOWS/sarek/data/GRCh38_primary_1495.bed	pre_launch
sarek	NA12878_WGS_30x_GRCh38_1495	GATK4_HAPLOTYPECALLER	sarek::GATK4_HAPLOTYPECALLER	GATK4_HAPLOTYPECALLER	interval_0074	interval_0074		WORKFLOWS/sarek/data/GRCh38_primary_1495.bed	pre_launch
sarek	NA12878_WGS_30x_GRCh38_1495	GATK4_HAPLOTYPECALLER	sarek::GATK4_HAPLOTYPECALLER	GATK4_HAPLOTYPECALLER	interval_0075	interval_0075		WORKFLOWS/sarek/data/GRCh38_primary_1495.bed	pre_launch
sarek	NA12878_WGS_30x_GRCh38_1495	GATK4_HAPLOTYPECALLER	sarek::GATK4_HAPLOTYPECALLER	GATK4_HAPLOTYPECALLER	interval_0076	interval_0076		WORKFLOWS/sarek/data/GRCh38_primary_1495.bed	pre_launch
sarek	NA12878_WGS_30x_GRCh38_1495	GATK4_HAPLOTYPECALLER	sarek::GATK4_HAPLOTYPECALLER	GATK4_HAPLOTYPECALLER	interval_0077	interval_0077		WORKFLOWS/sarek/data/GRCh38_primary_1495.bed	pre_launch
sarek	NA12878_WGS_30x_GRCh38_1495	GATK4_HAPLOTYPECALLER	sarek::GATK4_HAPLOTYPECALLER	GATK4_HAPLOTYPECALLER	interval_0078	interval_0078		WORKFLOWS/sarek/data/GRCh38_primary_1495.bed	pre_launch
sarek	NA12878_WGS_30x_GRCh38_1495	GATK4_HAPLOTYPECALLER	sarek::GATK4_HAPLOTYPECALLER	GATK4_HAPLOTYPECALLER	interval_0079	interval_0079		WORKFLOWS/sarek/data/GRCh38_primary_1495.bed	pre_launch
sarek	NA12878_WGS_30x_GRCh38_1495	GATK4_HAPLOTYPECALLER	sarek::GATK4_HAPLOTYPECALLER	GATK4_HAPLOTYPECALLER	interval_0080	interval_0080		WORKFLOWS/sarek/data/GRCh38_primary_1495.bed	pre_launch
sarek	NA12878_WGS_30x_GRCh38_1495	GATK4_HAPLOTYPECALLER	sarek::GATK4_HAPLOTYPECALLER	GATK4_HAPLOTYPECALLER	interval_0081	interval_0081		WORKFLOWS/sarek/data/GRCh38_primary_1495.bed	pre_launch
sarek	NA12878_WGS_30x_GRCh38_1495	GATK4_HAPLOTYPECALLER	sarek::GATK4_HAPLOTYPECALLER	GATK4_HAPLOTYPECALLER	interval_0082	interval_0082		WORKFLOWS/sarek/data/GRCh38_primary_1495.bed	pre_launch
sarek	NA12878_WGS_30x_GRCh38_1495	GATK4_HAPLOTYPECALLER	sarek::GATK4_HAPLOTYPECALLER	GATK4_HAPLOTYPECALLER	interval_0083	interval_0083		WORKFLOWS/sarek/data/GRCh38_primary_1495.bed	pre_launch
sarek	NA12878_WGS_30x_GRCh38_1495	GATK4_HAPLOTYPECALLER	sarek::GATK4_HAPLOTYPECALLER	GATK4_HAPLOTYPECALLER	interval_0084	interval_0084		WORKFLOWS/sarek/data/GRCh38_primary_1495.bed	pre_launch
sarek	NA12878_WGS_30x_GRCh38_1495	GATK4_HAPLOTYPECALLER	sarek::GATK4_HAPLOTYPECALLER	GATK4_HAPLOTYPECALLER	interval_0085	interval_0085		WORKFLOWS/sarek/data/GRCh38_primary_1495.bed	pre_launch
sarek	NA12878_WGS_30x_GRCh38_1495	GATK4_HAPLOTYPECALLER	sarek::GATK4_HAPLOTYPECALLER	GATK4_HAPLOTYPECALLER	interval_0086	interval_0086		WORKFLOWS/sarek/data/GRCh38_primary_1495.bed	pre_launch
sarek	NA12878_WGS_30x_GRCh38_1495	GATK4_HAPLOTYPECALLER	sarek::GATK4_HAPLOTYPECALLER	GATK4_HAPLOTYPECALLER	interval_0087	interval_0087		WORKFLOWS/sarek/data/GRCh38_primary_1495.bed	pre_launch
sarek	NA12878_WGS_30x_GRCh38_1495	GATK4_HAPLOTYPECALLER	sarek::GATK4_HAPLOTYPECALLER	GATK4_HAPLOTYPECALLER	interval_0088	interval_0088		WORKFLOWS/sarek/data/GRCh38_primary_1495.bed	pre_launch
sarek	NA12878_WGS_30x_GRCh38_1495	GATK4_HAPLOTYPECALLER	sarek::GATK4_HAPLOTYPECALLER	GATK4_HAPLOTYPECALLER	interval_0089	interval_0089		WORKFLOWS/sarek/data/GRCh38_primary_1495.bed	pre_launch
sarek	NA12878_WGS_30x_GRCh38_1495	GATK4_HAPLOTYPECALLER	sarek::GATK4_HAPLOTYPECALLER	GATK4_HAPLOTYPECALLER	interval_0090	interval_0090		WORKFLOWS/sarek/data/GRCh38_primary_1495.bed	pre_launch
sarek	NA12878_WGS_30x_GRCh38_1495	GATK4_HAPLOTYPECALLER	sarek::GATK4_HAPLOTYPECALLER	GATK4_HAPLOTYPECALLER	interval_0091	interval_0091		WORKFLOWS/sarek/data/GRCh38_primary_1495.bed	pre_launch
sarek	NA12878_WGS_30x_GRCh38_1495	GATK4_HAPLOTYPECALLER	sarek::GATK4_HAPLOTYPECALLER	GATK4_HAPLOTYPECALLER	interval_0092	interval_0092		WORKFLOWS/sarek/data/GRCh38_primary_1495.bed	pre_launch
sarek	NA12878_WGS_30x_GRCh38_1495	GATK4_HAPLOTYPECALLER	sarek::GATK4_HAPLOTYPECALLER	GATK4_HAPLOTYPECALLER	interval_0093	interval_0093		WORKFLOWS/sarek/data/GRCh38_primary_1495.bed	pre_launch
sarek	NA12878_WGS_30x_GRCh38_1495	GATK4_HAPLOTYPECALLER	sarek::GATK4_HAPLOTYPECALLER	GATK4_HAPLOTYPECALLER	interval_0094	interval_0094		WORKFLOWS/sarek/data/GRCh38_primary_1495.bed	pre_launch
sarek	NA12878_WGS_30x_GRCh38_1495	GATK4_HAPLOTYPECALLER	sarek::GATK4_HAPLOTYPECALLER	GATK4_HAPLOTYPECALLER	interval_0095	interval_0095		WORKFLOWS/sarek/data/GRCh38_primary_1495.bed	pre_launch
sarek	NA12878_WGS_30x_GRCh38_1495	GATK4_HAPLOTYPECALLER	sarek::GATK4_HAPLOTYPECALLER	GATK4_HAPLOTYPECALLER	interval_0096	interval_0096		WORKFLOWS/sarek/data/GRCh38_primary_1495.bed	pre_launch
sarek	NA12878_WGS_30x_GRCh38_1495	GATK4_HAPLOTYPECALLER	sarek::GATK4_HAPLOTYPECALLER	GATK4_HAPLOTYPECALLER	interval_0097	interval_0097		WORKFLOWS/sarek/data/GRCh38_primary_1495.bed	pre_launch
sarek	NA12878_WGS_30x_GRCh38_1495	GATK4_HAPLOTYPECALLER	sarek::GATK4_HAPLOTYPECALLER	GATK4_HAPLOTYPECALLER	interval_0098	interval_0098		WORKFLOWS/sarek/data/GRCh38_primary_1495.bed	pre_launch
sarek	NA12878_WGS_30x_GRCh38_1495	GATK4_HAPLOTYPECALLER	sarek::GATK4_HAPLOTYPECALLER	GATK4_HAPLOTYPECALLER	interval_0099	interval_0099		WORKFLOWS/sarek/data/GRCh38_primary_1495.bed	pre_launch
sarek	NA12878_WGS_30x_GRCh38_1495	GATK4_HAPLOTYPECALLER	sarek::GATK4_HAPLOTYPECALLER	GATK4_HAPLOTYPECALLER	interval_0100	interval_0100		WORKFLOWS/sarek/data/GRCh38_primary_1495.bed	pre_launch
sarek	NA12878_WGS_30x_GRCh38_1495	GATK4_HAPLOTYPECALLER	sarek::GATK4_HAPLOTYPECALLER	GATK4_HAPLOTYPECALLER	interval_0101	interval_0101		WORKFLOWS/sarek/data/GRCh38_primary_1495.bed	pre_launch
sarek	NA12878_WGS_30x_GRCh38_1495	GATK4_HAPLOTYPECALLER	sarek::GATK4_HAPLOTYPECALLER	GATK4_HAPLOTYPECALLER	interval_0102	interval_0102		WORKFLOWS/sarek/data/GRCh38_primary_1495.bed	pre_launch
sarek	NA12878_WGS_30x_GRCh38_1495	GATK4_HAPLOTYPECALLER	sarek::GATK4_HAPLOTYPECALLER	GATK4_HAPLOTYPECALLER	interval_0103	interval_0103		WORKFLOWS/sarek/data/GRCh38_primary_1495.bed	pre_launch
sarek	NA12878_WGS_30x_GRCh38_1495	GATK4_HAPLOTYPECALLER	sarek::GATK4_HAPLOTYPECALLER	GATK4_HAPLOTYPECALLER	interval_0104	interval_0104		WORKFLOWS/sarek/data/GRCh38_primary_1495.bed	pre_launch
sarek	NA12878_WGS_30x_GRCh38_1495	GATK4_HAPLOTYPECALLER	sarek::GATK4_HAPLOTYPECALLER	GATK4_HAPLOTYPECALLER	interval_0105	interval_0105		WORKFLOWS/sarek/data/GRCh38_primary_1495.bed	pre_launch
sarek	NA12878_WGS_30x_GRCh38_1495	GATK4_HAPLOTYPECALLER	sarek::GATK4_HAPLOTYPECALLER	GATK4_HAPLOTYPECALLER	interval_0106	interval_0106		WORKFLOWS/sarek/data/GRCh38_primary_1495.bed	pre_launch
sarek	NA12878_WGS_30x_GRCh38_1495	GATK4_HAPLOTYPECALLER	sarek::GATK4_HAPLOTYPECALLER	GATK4_HAPLOTYPECALLER	interval_0107	interval_0107		WORKFLOWS/sarek/data/GRCh38_primary_1495.bed	pre_launch
sarek	NA12878_WGS_30x_GRCh38_1495	GATK4_HAPLOTYPECALLER	sarek::GATK4_HAPLOTYPECALLER	GATK4_HAPLOTYPECALLER	interval_0108	interval_0108		WORKFLOWS/sarek/data/GRCh38_primary_1495.bed	pre_launch
sarek	NA12878_WGS_30x_GRCh38_1495	GATK4_HAPLOTYPECALLER	sarek::GATK4_HAPLOTYPECALLER	GATK4_HAPLOTYPECALLER	interval_0109	interval_0109		WORKFLOWS/sarek/data/GRCh38_primary_1495.bed	pre_launch
sarek	NA12878_WGS_30x_GRCh38_1495	GATK4_HAPLOTYPECALLER	sarek::GATK4_HAPLOTYPECALLER	GATK4_HAPLOTYPECALLER	interval_0110	interval_0110		WORKFLOWS/sarek/data/GRCh38_primary_1495.bed	pre_launch
sarek	NA12878_WGS_30x_GRCh38_1495	GATK4_HAPLOTYPECALLER	sarek::GATK4_HAPLOTYPECALLER	GATK4_HAPLOTYPECALLER	interval_0111	interval_0111		WORKFLOWS/sarek/data/GRCh38_primary_1495.bed	pre_launch
sarek	NA12878_WGS_30x_GRCh38_1495	GATK4_HAPLOTYPECALLER	sarek::GATK4_HAPLOTYPECALLER	GATK4_HAPLOTYPECALLER	interval_0112	interval_0112		WORKFLOWS/sarek/data/GRCh38_primary_1495.bed	pre_launch
sarek	NA12878_WGS_30x_GRCh38_1495	GATK4_HAPLOTYPECALLER	sarek::GATK4_HAPLOTYPECALLER	GATK4_HAPLOTYPECALLER	interval_0113	interval_0113		WORKFLOWS/sarek/data/GRCh38_primary_1495.bed	pre_launch
sarek	NA12878_WGS_30x_GRCh38_1495	GATK4_HAPLOTYPECALLER	sarek::GATK4_HAPLOTYPECALLER	GATK4_HAPLOTYPECALLER	interval_0114	interval_0114		WORKFLOWS/sarek/data/GRCh38_primary_1495.bed	pre_launch
sarek	NA12878_WGS_30x_GRCh38_1495	GATK4_HAPLOTYPECALLER	sarek::GATK4_HAPLOTYPECALLER	GATK4_HAPLOTYPECALLER	interval_0115	interval_0115		WORKFLOWS/sarek/data/GRCh38_primary_1495.bed	pre_launch
sarek	NA12878_WGS_30x_GRCh38_1495	GATK4_HAPLOTYPECALLER	sarek::GATK4_HAPLOTYPECALLER	GATK4_HAPLOTYPECALLER	interval_0116	interval_0116		WORKFLOWS/sarek/data/GRCh38_primary_1495.bed	pre_launch
sarek	NA12878_WGS_30x_GRCh38_1495	GATK4_HAPLOTYPECALLER	sarek::GATK4_HAPLOTYPECALLER	GATK4_HAPLOTYPECALLER	interval_0117	interval_0117		WORKFLOWS/sarek/data/GRCh38_primary_1495.bed	pre_launch
sarek	NA12878_WGS_30x_GRCh38_1495	GATK4_HAPLOTYPECALLER	sarek::GATK4_HAPLOTYPECALLER	GATK4_HAPLOTYPECALLER	interval_0118	interval_0118		WORKFLOWS/sarek/data/GRCh38_primary_1495.bed	pre_launch
sarek	NA12878_WGS_30x_GRCh38_1495	GATK4_HAPLOTYPECALLER	sarek::GATK4_HAPLOTYPECALLER	GATK4_HAPLOTYPECALLER	interval_0119	interval_0119		WORKFLOWS/sarek/data/GRCh38_primary_1495.bed	pre_launch
sarek	NA12878_WGS_30x_GRCh38_1495	GATK4_HAPLOTYPECALLER	sarek::GATK4_HAPLOTYPECALLER	GATK4_HAPLOTYPECALLER	interval_0120	interval_0120		WORKFLOWS/sarek/data/GRCh38_primary_1495.bed	pre_launch
sarek	NA12878_WGS_30x_GRCh38_1495	GATK4_HAPLOTYPECALLER	sarek::GATK4_HAPLOTYPECALLER	GATK4_HAPLOTYPECALLER	interval_0121	interval_0121		WORKFLOWS/sarek/data/GRCh38_primary_1495.bed	pre_launch
sarek	NA12878_WGS_30x_GRCh38_1495	GATK4_HAPLOTYPECALLER	sarek::GATK4_HAPLOTYPECALLER	GATK4_HAPLOTYPECALLER	interval_0122	interval_0122		WORKFLOWS/sarek/data/GRCh38_primary_1495.bed	pre_launch
sarek	NA12878_WGS_30x_GRCh38_1495	GATK4_HAPLOTYPECALLER	sarek::GATK4_HAPLOTYPECALLER	GATK4_HAPLOTYPECALLER	interval_0123	interval_0123		WORKFLOWS/sarek/data/GRCh38_primary_1495.bed	pre_launch
sarek	NA12878_WGS_30x_GRCh38_1495	GATK4_HAPLOTYPECALLER	sarek::GATK4_HAPLOTYPECALLER	GATK4_HAPLOTYPECALLER	interval_0124	interval_0124		WORKFLOWS/sarek/data/GRCh38_primary_1495.bed	pre_launch
sarek	NA12878_WGS_30x_GRCh38_1495	GATK4_HAPLOTYPECALLER	sarek::GATK4_HAPLOTYPECALLER	GATK4_HAPLOTYPECALLER	interval_0125	interval_0125		WORKFLOWS/sarek/data/GRCh38_primary_1495.bed	pre_launch
sarek	NA12878_WGS_30x_GRCh38_1495	GATK4_HAPLOTYPECALLER	sarek::GATK4_HAPLOTYPECALLER	GATK4_HAPLOTYPECALLER	interval_0126	interval_0126		WORKFLOWS/sarek/data/GRCh38_primary_1495.bed	pre_launch
sarek	NA12878_WGS_30x_GRCh38_1495	GATK4_HAPLOTYPECALLER	sarek::GATK4_HAPLOTYPECALLER	GATK4_HAPLOTYPECALLER	interval_0127	interval_0127		WORKFLOWS/sarek/data/GRCh38_primary_1495.bed	pre_launch
sarek	NA12878_WGS_30x_GRCh38_1495	GATK4_HAPLOTYPECALLER	sarek::GATK4_HAPLOTYPECALLER	GATK4_HAPLOTYPECALLER	interval_0128	interval_0128		WORKFLOWS/sarek/data/GRCh38_primary_1495.bed	pre_launch
sarek	NA12878_WGS_30x_GRCh38_1495	GATK4_HAPLOTYPECALLER	sarek::GATK4_HAPLOTYPECALLER	GATK4_HAPLOTYPECALLER	interval_0129	interval_0129		WORKFLOWS/sarek/data/GRCh38_primary_1495.bed	pre_launch
sarek	NA12878_WGS_30x_GRCh38_1495	GATK4_HAPLOTYPECALLER	sarek::GATK4_HAPLOTYPECALLER	GATK4_HAPLOTYPECALLER	interval_0130	interval_0130		WORKFLOWS/sarek/data/GRCh38_primary_1495.bed	pre_launch
sarek	NA12878_WGS_30x_GRCh38_1495	GATK4_HAPLOTYPECALLER	sarek::GATK4_HAPLOTYPECALLER	GATK4_HAPLOTYPECALLER	interval_0131	interval_0131		WORKFLOWS/sarek/data/GRCh38_primary_1495.bed	pre_launch
sarek	NA12878_WGS_30x_GRCh38_1495	GATK4_HAPLOTYPECALLER	sarek::GATK4_HAPLOTYPECALLER	GATK4_HAPLOTYPECALLER	interval_0132	interval_0132		WORKFLOWS/sarek/data/GRCh38_primary_1495.bed	pre_launch
sarek	NA12878_WGS_30x_GRCh38_1495	GATK4_HAPLOTYPECALLER	sarek::GATK4_HAPLOTYPECALLER	GATK4_HAPLOTYPECALLER	interval_0133	interval_0133		WORKFLOWS/sarek/data/GRCh38_primary_1495.bed	pre_launch
sarek	NA12878_WGS_30x_GRCh38_1495	GATK4_HAPLOTYPECALLER	sarek::GATK4_HAPLOTYPECALLER	GATK4_HAPLOTYPECALLER	interval_0134	interval_0134		WORKFLOWS/sarek/data/GRCh38_primary_1495.bed	pre_launch
sarek	NA12878_WGS_30x_GRCh38_1495	GATK4_HAPLOTYPECALLER	sarek::GATK4_HAPLOTYPECALLER	GATK4_HAPLOTYPECALLER	interval_0135	interval_0135		WORKFLOWS/sarek/data/GRCh38_primary_1495.bed	pre_launch
sarek	NA12878_WGS_30x_GRCh38_1495	GATK4_HAPLOTYPECALLER	sarek::GATK4_HAPLOTYPECALLER	GATK4_HAPLOTYPECALLER	interval_0136	interval_0136		WORKFLOWS/sarek/data/GRCh38_primary_1495.bed	pre_launch
sarek	NA12878_WGS_30x_GRCh38_1495	GATK4_HAPLOTYPECALLER	sarek::GATK4_HAPLOTYPECALLER	GATK4_HAPLOTYPECALLER	interval_0137	interval_0137		WORKFLOWS/sarek/data/GRCh38_primary_1495.bed	pre_launch
sarek	NA12878_WGS_30x_GRCh38_1495	GATK4_HAPLOTYPECALLER	sarek::GATK4_HAPLOTYPECALLER	GATK4_HAPLOTYPECALLER	interval_0138	interval_0138		WORKFLOWS/sarek/data/GRCh38_primary_1495.bed	pre_launch
sarek	NA12878_WGS_30x_GRCh38_1495	GATK4_HAPLOTYPECALLER	sarek::GATK4_HAPLOTYPECALLER	GATK4_HAPLOTYPECALLER	interval_0139	interval_0139		WORKFLOWS/sarek/data/GRCh38_primary_1495.bed	pre_launch
sarek	NA12878_WGS_30x_GRCh38_1495	GATK4_HAPLOTYPECALLER	sarek::GATK4_HAPLOTYPECALLER	GATK4_HAPLOTYPECALLER	interval_0140	interval_0140		WORKFLOWS/sarek/data/GRCh38_primary_1495.bed	pre_launch
sarek	NA12878_WGS_30x_GRCh38_1495	GATK4_HAPLOTYPECALLER	sarek::GATK4_HAPLOTYPECALLER	GATK4_HAPLOTYPECALLER	interval_0141	interval_0141		WORKFLOWS/sarek/data/GRCh38_primary_1495.bed	pre_launch
sarek	NA12878_WGS_30x_GRCh38_1495	GATK4_HAPLOTYPECALLER	sarek::GATK4_HAPLOTYPECALLER	GATK4_HAPLOTYPECALLER	interval_0142	interval_0142		WORKFLOWS/sarek/data/GRCh38_primary_1495.bed	pre_launch
sarek	NA12878_WGS_30x_GRCh38_1495	GATK4_HAPLOTYPECALLER	sarek::GATK4_HAPLOTYPECALLER	GATK4_HAPLOTYPECALLER	interval_0143	interval_0143		WORKFLOWS/sarek/data/GRCh38_primary_1495.bed	pre_launch
sarek	NA12878_WGS_30x_GRCh38_1495	GATK4_HAPLOTYPECALLER	sarek::GATK4_HAPLOTYPECALLER	GATK4_HAPLOTYPECALLER	interval_0144	interval_0144		WORKFLOWS/sarek/data/GRCh38_primary_1495.bed	pre_launch
sarek	NA12878_WGS_30x_GRCh38_1495	GATK4_HAPLOTYPECALLER	sarek::GATK4_HAPLOTYPECALLER	GATK4_HAPLOTYPECALLER	interval_0145	interval_0145		WORKFLOWS/sarek/data/GRCh38_primary_1495.bed	pre_launch
sarek	NA12878_WGS_30x_GRCh38_1495	GATK4_HAPLOTYPECALLER	sarek::GATK4_HAPLOTYPECALLER	GATK4_HAPLOTYPECALLER	interval_0146	interval_0146		WORKFLOWS/sarek/data/GRCh38_primary_1495.bed	pre_launch
sarek	NA12878_WGS_30x_GRCh38_1495	GATK4_HAPLOTYPECALLER	sarek::GATK4_HAPLOTYPECALLER	GATK4_HAPLOTYPECALLER	interval_0147	interval_0147		WORKFLOWS/sarek/data/GRCh38_primary_1495.bed	pre_launch
sarek	NA12878_WGS_30x_GRCh38_1495	GATK4_HAPLOTYPECALLER	sarek::GATK4_HAPLOTYPECALLER	GATK4_HAPLOTYPECALLER	interval_0148	interval_0148		WORKFLOWS/sarek/data/GRCh38_primary_1495.bed	pre_launch
sarek	NA12878_WGS_30x_GRCh38_1495	GATK4_HAPLOTYPECALLER	sarek::GATK4_HAPLOTYPECALLER	GATK4_HAPLOTYPECALLER	interval_0149	interval_0149		WORKFLOWS/sarek/data/GRCh38_primary_1495.bed	pre_launch
sarek	NA12878_WGS_30x_GRCh38_1495	GATK4_HAPLOTYPECALLER	sarek::GATK4_HAPLOTYPECALLER	GATK4_HAPLOTYPECALLER	interval_0150	interval_0150		WORKFLOWS/sarek/data/GRCh38_primary_1495.bed	pre_launch
sarek	NA12878_WGS_30x_GRCh38_1495	GATK4_HAPLOTYPECALLER	sarek::GATK4_HAPLOTYPECALLER	GATK4_HAPLOTYPECALLER	interval_0151	interval_0151		WORKFLOWS/sarek/data/GRCh38_primary_1495.bed	pre_launch
sarek	NA12878_WGS_30x_GRCh38_1495	GATK4_HAPLOTYPECALLER	sarek::GATK4_HAPLOTYPECALLER	GATK4_HAPLOTYPECALLER	interval_0152	interval_0152		WORKFLOWS/sarek/data/GRCh38_primary_1495.bed	pre_launch
sarek	NA12878_WGS_30x_GRCh38_1495	GATK4_HAPLOTYPECALLER	sarek::GATK4_HAPLOTYPECALLER	GATK4_HAPLOTYPECALLER	interval_0153	interval_0153		WORKFLOWS/sarek/data/GRCh38_primary_1495.bed	pre_launch
sarek	NA12878_WGS_30x_GRCh38_1495	GATK4_HAPLOTYPECALLER	sarek::GATK4_HAPLOTYPECALLER	GATK4_HAPLOTYPECALLER	interval_0154	interval_0154		WORKFLOWS/sarek/data/GRCh38_primary_1495.bed	pre_launch
sarek	NA12878_WGS_30x_GRCh38_1495	GATK4_HAPLOTYPECALLER	sarek::GATK4_HAPLOTYPECALLER	GATK4_HAPLOTYPECALLER	interval_0155	interval_0155		WORKFLOWS/sarek/data/GRCh38_primary_1495.bed	pre_launch
sarek	NA12878_WGS_30x_GRCh38_1495	GATK4_HAPLOTYPECALLER	sarek::GATK4_HAPLOTYPECALLER	GATK4_HAPLOTYPECALLER	interval_0156	interval_0156		WORKFLOWS/sarek/data/GRCh38_primary_1495.bed	pre_launch
sarek	NA12878_WGS_30x_GRCh38_1495	GATK4_HAPLOTYPECALLER	sarek::GATK4_HAPLOTYPECALLER	GATK4_HAPLOTYPECALLER	interval_0157	interval_0157		WORKFLOWS/sarek/data/GRCh38_primary_1495.bed	pre_launch
sarek	NA12878_WGS_30x_GRCh38_1495	GATK4_HAPLOTYPECALLER	sarek::GATK4_HAPLOTYPECALLER	GATK4_HAPLOTYPECALLER	interval_0158	interval_0158		WORKFLOWS/sarek/data/GRCh38_primary_1495.bed	pre_launch
sarek	NA12878_WGS_30x_GRCh38_1495	GATK4_HAPLOTYPECALLER	sarek::GATK4_HAPLOTYPECALLER	GATK4_HAPLOTYPECALLER	interval_0159	interval_0159		WORKFLOWS/sarek/data/GRCh38_primary_1495.bed	pre_launch
sarek	NA12878_WGS_30x_GRCh38_1495	GATK4_HAPLOTYPECALLER	sarek::GATK4_HAPLOTYPECALLER	GATK4_HAPLOTYPECALLER	interval_0160	interval_0160		WORKFLOWS/sarek/data/GRCh38_primary_1495.bed	pre_launch
sarek	NA12878_WGS_30x_GRCh38_1495	GATK4_HAPLOTYPECALLER	sarek::GATK4_HAPLOTYPECALLER	GATK4_HAPLOTYPECALLER	interval_0161	interval_0161		WORKFLOWS/sarek/data/GRCh38_primary_1495.bed	pre_launch
sarek	NA12878_WGS_30x_GRCh38_1495	GATK4_HAPLOTYPECALLER	sarek::GATK4_HAPLOTYPECALLER	GATK4_HAPLOTYPECALLER	interval_0162	interval_0162		WORKFLOWS/sarek/data/GRCh38_primary_1495.bed	pre_launch
sarek	NA12878_WGS_30x_GRCh38_1495	GATK4_HAPLOTYPECALLER	sarek::GATK4_HAPLOTYPECALLER	GATK4_HAPLOTYPECALLER	interval_0163	interval_0163		WORKFLOWS/sarek/data/GRCh38_primary_1495.bed	pre_launch
sarek	NA12878_WGS_30x_GRCh38_1495	GATK4_HAPLOTYPECALLER	sarek::GATK4_HAPLOTYPECALLER	GATK4_HAPLOTYPECALLER	interval_0164	interval_0164		WORKFLOWS/sarek/data/GRCh38_primary_1495.bed	pre_launch
sarek	NA12878_WGS_30x_GRCh38_1495	GATK4_HAPLOTYPECALLER	sarek::GATK4_HAPLOTYPECALLER	GATK4_HAPLOTYPECALLER	interval_0165	interval_0165		WORKFLOWS/sarek/data/GRCh38_primary_1495.bed	pre_launch
sarek	NA12878_WGS_30x_GRCh38_1495	GATK4_HAPLOTYPECALLER	sarek::GATK4_HAPLOTYPECALLER	GATK4_HAPLOTYPECALLER	interval_0166	interval_0166		WORKFLOWS/sarek/data/GRCh38_primary_1495.bed	pre_launch
sarek	NA12878_WGS_30x_GRCh38_1495	GATK4_HAPLOTYPECALLER	sarek::GATK4_HAPLOTYPECALLER	GATK4_HAPLOTYPECALLER	interval_0167	interval_0167		WORKFLOWS/sarek/data/GRCh38_primary_1495.bed	pre_launch
sarek	NA12878_WGS_30x_GRCh38_1495	GATK4_HAPLOTYPECALLER	sarek::GATK4_HAPLOTYPECALLER	GATK4_HAPLOTYPECALLER	interval_0168	interval_0168		WORKFLOWS/sarek/data/GRCh38_primary_1495.bed	pre_launch
sarek	NA12878_WGS_30x_GRCh38_1495	GATK4_HAPLOTYPECALLER	sarek::GATK4_HAPLOTYPECALLER	GATK4_HAPLOTYPECALLER	interval_0169	interval_0169		WORKFLOWS/sarek/data/GRCh38_primary_1495.bed	pre_launch
sarek	NA12878_WGS_30x_GRCh38_1495	GATK4_HAPLOTYPECALLER	sarek::GATK4_HAPLOTYPECALLER	GATK4_HAPLOTYPECALLER	interval_0170	interval_0170		WORKFLOWS/sarek/data/GRCh38_primary_1495.bed	pre_launch
sarek	NA12878_WGS_30x_GRCh38_1495	GATK4_HAPLOTYPECALLER	sarek::GATK4_HAPLOTYPECALLER	GATK4_HAPLOTYPECALLER	interval_0171	interval_0171		WORKFLOWS/sarek/data/GRCh38_primary_1495.bed	pre_launch
sarek	NA12878_WGS_30x_GRCh38_1495	GATK4_HAPLOTYPECALLER	sarek::GATK4_HAPLOTYPECALLER	GATK4_HAPLOTYPECALLER	interval_0172	interval_0172		WORKFLOWS/sarek/data/GRCh38_primary_1495.bed	pre_launch
sarek	NA12878_WGS_30x_GRCh38_1495	GATK4_HAPLOTYPECALLER	sarek::GATK4_HAPLOTYPECALLER	GATK4_HAPLOTYPECALLER	interval_0173	interval_0173		WORKFLOWS/sarek/data/GRCh38_primary_1495.bed	pre_launch
sarek	NA12878_WGS_30x_GRCh38_1495	GATK4_HAPLOTYPECALLER	sarek::GATK4_HAPLOTYPECALLER	GATK4_HAPLOTYPECALLER	interval_0174	interval_0174		WORKFLOWS/sarek/data/GRCh38_primary_1495.bed	pre_launch
sarek	NA12878_WGS_30x_GRCh38_1495	GATK4_HAPLOTYPECALLER	sarek::GATK4_HAPLOTYPECALLER	GATK4_HAPLOTYPECALLER	interval_0175	interval_0175		WORKFLOWS/sarek/data/GRCh38_primary_1495.bed	pre_launch
sarek	NA12878_WGS_30x_GRCh38_1495	GATK4_HAPLOTYPECALLER	sarek::GATK4_HAPLOTYPECALLER	GATK4_HAPLOTYPECALLER	interval_0176	interval_0176		WORKFLOWS/sarek/data/GRCh38_primary_1495.bed	pre_launch
sarek	NA12878_WGS_30x_GRCh38_1495	GATK4_HAPLOTYPECALLER	sarek::GATK4_HAPLOTYPECALLER	GATK4_HAPLOTYPECALLER	interval_0177	interval_0177		WORKFLOWS/sarek/data/GRCh38_primary_1495.bed	pre_launch
sarek	NA12878_WGS_30x_GRCh38_1495	GATK4_HAPLOTYPECALLER	sarek::GATK4_HAPLOTYPECALLER	GATK4_HAPLOTYPECALLER	interval_0178	interval_0178		WORKFLOWS/sarek/data/GRCh38_primary_1495.bed	pre_launch
sarek	NA12878_WGS_30x_GRCh38_1495	GATK4_HAPLOTYPECALLER	sarek::GATK4_HAPLOTYPECALLER	GATK4_HAPLOTYPECALLER	interval_0179	interval_0179		WORKFLOWS/sarek/data/GRCh38_primary_1495.bed	pre_launch
sarek	NA12878_WGS_30x_GRCh38_1495	GATK4_HAPLOTYPECALLER	sarek::GATK4_HAPLOTYPECALLER	GATK4_HAPLOTYPECALLER	interval_0180	interval_0180		WORKFLOWS/sarek/data/GRCh38_primary_1495.bed	pre_launch
sarek	NA12878_WGS_30x_GRCh38_1495	GATK4_HAPLOTYPECALLER	sarek::GATK4_HAPLOTYPECALLER	GATK4_HAPLOTYPECALLER	interval_0181	interval_0181		WORKFLOWS/sarek/data/GRCh38_primary_1495.bed	pre_launch
sarek	NA12878_WGS_30x_GRCh38_1495	GATK4_HAPLOTYPECALLER	sarek::GATK4_HAPLOTYPECALLER	GATK4_HAPLOTYPECALLER	interval_0182	interval_0182		WORKFLOWS/sarek/data/GRCh38_primary_1495.bed	pre_launch
sarek	NA12878_WGS_30x_GRCh38_1495	GATK4_HAPLOTYPECALLER	sarek::GATK4_HAPLOTYPECALLER	GATK4_HAPLOTYPECALLER	interval_0183	interval_0183		WORKFLOWS/sarek/data/GRCh38_primary_1495.bed	pre_launch
sarek	NA12878_WGS_30x_GRCh38_1495	GATK4_HAPLOTYPECALLER	sarek::GATK4_HAPLOTYPECALLER	GATK4_HAPLOTYPECALLER	interval_0184	interval_0184		WORKFLOWS/sarek/data/GRCh38_primary_1495.bed	pre_launch
sarek	NA12878_WGS_30x_GRCh38_1495	GATK4_HAPLOTYPECALLER	sarek::GATK4_HAPLOTYPECALLER	GATK4_HAPLOTYPECALLER	interval_0185	interval_0185		WORKFLOWS/sarek/data/GRCh38_primary_1495.bed	pre_launch
sarek	NA12878_WGS_30x_GRCh38_1495	GATK4_HAPLOTYPECALLER	sarek::GATK4_HAPLOTYPECALLER	GATK4_HAPLOTYPECALLER	interval_0186	interval_0186		WORKFLOWS/sarek/data/GRCh38_primary_1495.bed	pre_launch
sarek	NA12878_WGS_30x_GRCh38_1495	GATK4_HAPLOTYPECALLER	sarek::GATK4_HAPLOTYPECALLER	GATK4_HAPLOTYPECALLER	interval_0187	interval_0187		WORKFLOWS/sarek/data/GRCh38_primary_1495.bed	pre_launch
sarek	NA12878_WGS_30x_GRCh38_1495	GATK4_HAPLOTYPECALLER	sarek::GATK4_HAPLOTYPECALLER	GATK4_HAPLOTYPECALLER	interval_0188	interval_0188		WORKFLOWS/sarek/data/GRCh38_primary_1495.bed	pre_launch
sarek	NA12878_WGS_30x_GRCh38_1495	GATK4_HAPLOTYPECALLER	sarek::GATK4_HAPLOTYPECALLER	GATK4_HAPLOTYPECALLER	interval_0189	interval_0189		WORKFLOWS/sarek/data/GRCh38_primary_1495.bed	pre_launch
sarek	NA12878_WGS_30x_GRCh38_1495	GATK4_HAPLOTYPECALLER	sarek::GATK4_HAPLOTYPECALLER	GATK4_HAPLOTYPECALLER	interval_0190	interval_0190		WORKFLOWS/sarek/data/GRCh38_primary_1495.bed	pre_launch
sarek	NA12878_WGS_30x_GRCh38_1495	GATK4_HAPLOTYPECALLER	sarek::GATK4_HAPLOTYPECALLER	GATK4_HAPLOTYPECALLER	interval_0191	interval_0191		WORKFLOWS/sarek/data/GRCh38_primary_1495.bed	pre_launch
sarek	NA12878_WGS_30x_GRCh38_1495	GATK4_HAPLOTYPECALLER	sarek::GATK4_HAPLOTYPECALLER	GATK4_HAPLOTYPECALLER	interval_0192	interval_0192		WORKFLOWS/sarek/data/GRCh38_primary_1495.bed	pre_launch
sarek	NA12878_WGS_30x_GRCh38_1495	GATK4_HAPLOTYPECALLER	sarek::GATK4_HAPLOTYPECALLER	GATK4_HAPLOTYPECALLER	interval_0193	interval_0193		WORKFLOWS/sarek/data/GRCh38_primary_1495.bed	pre_launch
sarek	NA12878_WGS_30x_GRCh38_1495	GATK4_HAPLOTYPECALLER	sarek::GATK4_HAPLOTYPECALLER	GATK4_HAPLOTYPECALLER	interval_0194	interval_0194		WORKFLOWS/sarek/data/GRCh38_primary_1495.bed	pre_launch
sarek	NA12878_WGS_30x_GRCh38_1495	GATK4_HAPLOTYPECALLER	sarek::GATK4_HAPLOTYPECALLER	GATK4_HAPLOTYPECALLER	interval_0195	interval_0195		WORKFLOWS/sarek/data/GRCh38_primary_1495.bed	pre_launch
sarek	NA12878_WGS_30x_GRCh38_1495	GATK4_HAPLOTYPECALLER	sarek::GATK4_HAPLOTYPECALLER	GATK4_HAPLOTYPECALLER	interval_0196	interval_0196		WORKFLOWS/sarek/data/GRCh38_primary_1495.bed	pre_launch
sarek	NA12878_WGS_30x_GRCh38_1495	GATK4_HAPLOTYPECALLER	sarek::GATK4_HAPLOTYPECALLER	GATK4_HAPLOTYPECALLER	interval_0197	interval_0197		WORKFLOWS/sarek/data/GRCh38_primary_1495.bed	pre_launch
sarek	NA12878_WGS_30x_GRCh38_1495	GATK4_HAPLOTYPECALLER	sarek::GATK4_HAPLOTYPECALLER	GATK4_HAPLOTYPECALLER	interval_0198	interval_0198		WORKFLOWS/sarek/data/GRCh38_primary_1495.bed	pre_launch
sarek	NA12878_WGS_30x_GRCh38_1495	GATK4_HAPLOTYPECALLER	sarek::GATK4_HAPLOTYPECALLER	GATK4_HAPLOTYPECALLER	interval_0199	interval_0199		WORKFLOWS/sarek/data/GRCh38_primary_1495.bed	pre_launch
sarek	NA12878_WGS_30x_GRCh38_1495	GATK4_HAPLOTYPECALLER	sarek::GATK4_HAPLOTYPECALLER	GATK4_HAPLOTYPECALLER	interval_0200	interval_0200		WORKFLOWS/sarek/data/GRCh38_primary_1495.bed	pre_launch
sarek	NA12878_WGS_30x_GRCh38_1495	GATK4_HAPLOTYPECALLER	sarek::GATK4_HAPLOTYPECALLER	GATK4_HAPLOTYPECALLER	interval_0201	interval_0201		WORKFLOWS/sarek/data/GRCh38_primary_1495.bed	pre_launch
sarek	NA12878_WGS_30x_GRCh38_1495	GATK4_HAPLOTYPECALLER	sarek::GATK4_HAPLOTYPECALLER	GATK4_HAPLOTYPECALLER	interval_0202	interval_0202		WORKFLOWS/sarek/data/GRCh38_primary_1495.bed	pre_launch
sarek	NA12878_WGS_30x_GRCh38_1495	GATK4_HAPLOTYPECALLER	sarek::GATK4_HAPLOTYPECALLER	GATK4_HAPLOTYPECALLER	interval_0203	interval_0203		WORKFLOWS/sarek/data/GRCh38_primary_1495.bed	pre_launch
sarek	NA12878_WGS_30x_GRCh38_1495	GATK4_HAPLOTYPECALLER	sarek::GATK4_HAPLOTYPECALLER	GATK4_HAPLOTYPECALLER	interval_0204	interval_0204		WORKFLOWS/sarek/data/GRCh38_primary_1495.bed	pre_launch
sarek	NA12878_WGS_30x_GRCh38_1495	GATK4_HAPLOTYPECALLER	sarek::GATK4_HAPLOTYPECALLER	GATK4_HAPLOTYPECALLER	interval_0205	interval_0205		WORKFLOWS/sarek/data/GRCh38_primary_1495.bed	pre_launch
sarek	NA12878_WGS_30x_GRCh38_1495	GATK4_HAPLOTYPECALLER	sarek::GATK4_HAPLOTYPECALLER	GATK4_HAPLOTYPECALLER	interval_0206	interval_0206		WORKFLOWS/sarek/data/GRCh38_primary_1495.bed	pre_launch
sarek	NA12878_WGS_30x_GRCh38_1495	GATK4_HAPLOTYPECALLER	sarek::GATK4_HAPLOTYPECALLER	GATK4_HAPLOTYPECALLER	interval_0207	interval_0207		WORKFLOWS/sarek/data/GRCh38_primary_1495.bed	pre_launch
sarek	NA12878_WGS_30x_GRCh38_1495	GATK4_HAPLOTYPECALLER	sarek::GATK4_HAPLOTYPECALLER	GATK4_HAPLOTYPECALLER	interval_0208	interval_0208		WORKFLOWS/sarek/data/GRCh38_primary_1495.bed	pre_launch
sarek	NA12878_WGS_30x_GRCh38_1495	GATK4_HAPLOTYPECALLER	sarek::GATK4_HAPLOTYPECALLER	GATK4_HAPLOTYPECALLER	interval_0209	interval_0209		WORKFLOWS/sarek/data/GRCh38_primary_1495.bed	pre_launch
sarek	NA12878_WGS_30x_GRCh38_1495	GATK4_HAPLOTYPECALLER	sarek::GATK4_HAPLOTYPECALLER	GATK4_HAPLOTYPECALLER	interval_0210	interval_0210		WORKFLOWS/sarek/data/GRCh38_primary_1495.bed	pre_launch
sarek	NA12878_WGS_30x_GRCh38_1495	GATK4_HAPLOTYPECALLER	sarek::GATK4_HAPLOTYPECALLER	GATK4_HAPLOTYPECALLER	interval_0211	interval_0211		WORKFLOWS/sarek/data/GRCh38_primary_1495.bed	pre_launch
sarek	NA12878_WGS_30x_GRCh38_1495	GATK4_HAPLOTYPECALLER	sarek::GATK4_HAPLOTYPECALLER	GATK4_HAPLOTYPECALLER	interval_0212	interval_0212		WORKFLOWS/sarek/data/GRCh38_primary_1495.bed	pre_launch
sarek	NA12878_WGS_30x_GRCh38_1495	GATK4_HAPLOTYPECALLER	sarek::GATK4_HAPLOTYPECALLER	GATK4_HAPLOTYPECALLER	interval_0213	interval_0213		WORKFLOWS/sarek/data/GRCh38_primary_1495.bed	pre_launch
sarek	NA12878_WGS_30x_GRCh38_1495	GATK4_HAPLOTYPECALLER	sarek::GATK4_HAPLOTYPECALLER	GATK4_HAPLOTYPECALLER	interval_0214	interval_0214		WORKFLOWS/sarek/data/GRCh38_primary_1495.bed	pre_launch
sarek	NA12878_WGS_30x_GRCh38_1495	GATK4_HAPLOTYPECALLER	sarek::GATK4_HAPLOTYPECALLER	GATK4_HAPLOTYPECALLER	interval_0215	interval_0215		WORKFLOWS/sarek/data/GRCh38_primary_1495.bed	pre_launch
sarek	NA12878_WGS_30x_GRCh38_1495	GATK4_HAPLOTYPECALLER	sarek::GATK4_HAPLOTYPECALLER	GATK4_HAPLOTYPECALLER	interval_0216	interval_0216		WORKFLOWS/sarek/data/GRCh38_primary_1495.bed	pre_launch
sarek	NA12878_WGS_30x_GRCh38_1495	GATK4_HAPLOTYPECALLER	sarek::GATK4_HAPLOTYPECALLER	GATK4_HAPLOTYPECALLER	interval_0217	interval_0217		WORKFLOWS/sarek/data/GRCh38_primary_1495.bed	pre_launch
sarek	NA12878_WGS_30x_GRCh38_1495	GATK4_HAPLOTYPECALLER	sarek::GATK4_HAPLOTYPECALLER	GATK4_HAPLOTYPECALLER	interval_0218	interval_0218		WORKFLOWS/sarek/data/GRCh38_primary_1495.bed	pre_launch
sarek	NA12878_WGS_30x_GRCh38_1495	GATK4_HAPLOTYPECALLER	sarek::GATK4_HAPLOTYPECALLER	GATK4_HAPLOTYPECALLER	interval_0219	interval_0219		WORKFLOWS/sarek/data/GRCh38_primary_1495.bed	pre_launch
sarek	NA12878_WGS_30x_GRCh38_1495	GATK4_HAPLOTYPECALLER	sarek::GATK4_HAPLOTYPECALLER	GATK4_HAPLOTYPECALLER	interval_0220	interval_0220		WORKFLOWS/sarek/data/GRCh38_primary_1495.bed	pre_launch
sarek	NA12878_WGS_30x_GRCh38_1495	GATK4_HAPLOTYPECALLER	sarek::GATK4_HAPLOTYPECALLER	GATK4_HAPLOTYPECALLER	interval_0221	interval_0221		WORKFLOWS/sarek/data/GRCh38_primary_1495.bed	pre_launch
sarek	NA12878_WGS_30x_GRCh38_1495	GATK4_HAPLOTYPECALLER	sarek::GATK4_HAPLOTYPECALLER	GATK4_HAPLOTYPECALLER	interval_0222	interval_0222		WORKFLOWS/sarek/data/GRCh38_primary_1495.bed	pre_launch
sarek	NA12878_WGS_30x_GRCh38_1495	GATK4_HAPLOTYPECALLER	sarek::GATK4_HAPLOTYPECALLER	GATK4_HAPLOTYPECALLER	interval_0223	interval_0223		WORKFLOWS/sarek/data/GRCh38_primary_1495.bed	pre_launch
sarek	NA12878_WGS_30x_GRCh38_1495	GATK4_HAPLOTYPECALLER	sarek::GATK4_HAPLOTYPECALLER	GATK4_HAPLOTYPECALLER	interval_0224	interval_0224		WORKFLOWS/sarek/data/GRCh38_primary_1495.bed	pre_launch
sarek	NA12878_WGS_30x_GRCh38_1495	GATK4_HAPLOTYPECALLER	sarek::GATK4_HAPLOTYPECALLER	GATK4_HAPLOTYPECALLER	interval_0225	interval_0225		WORKFLOWS/sarek/data/GRCh38_primary_1495.bed	pre_launch
sarek	NA12878_WGS_30x_GRCh38_1495	GATK4_HAPLOTYPECALLER	sarek::GATK4_HAPLOTYPECALLER	GATK4_HAPLOTYPECALLER	interval_0226	interval_0226		WORKFLOWS/sarek/data/GRCh38_primary_1495.bed	pre_launch
sarek	NA12878_WGS_30x_GRCh38_1495	GATK4_HAPLOTYPECALLER	sarek::GATK4_HAPLOTYPECALLER	GATK4_HAPLOTYPECALLER	interval_0227	interval_0227		WORKFLOWS/sarek/data/GRCh38_primary_1495.bed	pre_launch
sarek	NA12878_WGS_30x_GRCh38_1495	GATK4_HAPLOTYPECALLER	sarek::GATK4_HAPLOTYPECALLER	GATK4_HAPLOTYPECALLER	interval_0228	interval_0228		WORKFLOWS/sarek/data/GRCh38_primary_1495.bed	pre_launch
sarek	NA12878_WGS_30x_GRCh38_1495	GATK4_HAPLOTYPECALLER	sarek::GATK4_HAPLOTYPECALLER	GATK4_HAPLOTYPECALLER	interval_0229	interval_0229		WORKFLOWS/sarek/data/GRCh38_primary_1495.bed	pre_launch
sarek	NA12878_WGS_30x_GRCh38_1495	GATK4_HAPLOTYPECALLER	sarek::GATK4_HAPLOTYPECALLER	GATK4_HAPLOTYPECALLER	interval_0230	interval_0230		WORKFLOWS/sarek/data/GRCh38_primary_1495.bed	pre_launch
sarek	NA12878_WGS_30x_GRCh38_1495	GATK4_HAPLOTYPECALLER	sarek::GATK4_HAPLOTYPECALLER	GATK4_HAPLOTYPECALLER	interval_0231	interval_0231		WORKFLOWS/sarek/data/GRCh38_primary_1495.bed	pre_launch
sarek	NA12878_WGS_30x_GRCh38_1495	GATK4_HAPLOTYPECALLER	sarek::GATK4_HAPLOTYPECALLER	GATK4_HAPLOTYPECALLER	interval_0232	interval_0232		WORKFLOWS/sarek/data/GRCh38_primary_1495.bed	pre_launch
sarek	NA12878_WGS_30x_GRCh38_1495	GATK4_HAPLOTYPECALLER	sarek::GATK4_HAPLOTYPECALLER	GATK4_HAPLOTYPECALLER	interval_0233	interval_0233		WORKFLOWS/sarek/data/GRCh38_primary_1495.bed	pre_launch
sarek	NA12878_WGS_30x_GRCh38_1495	GATK4_HAPLOTYPECALLER	sarek::GATK4_HAPLOTYPECALLER	GATK4_HAPLOTYPECALLER	interval_0234	interval_0234		WORKFLOWS/sarek/data/GRCh38_primary_1495.bed	pre_launch
sarek	NA12878_WGS_30x_GRCh38_1495	GATK4_HAPLOTYPECALLER	sarek::GATK4_HAPLOTYPECALLER	GATK4_HAPLOTYPECALLER	interval_0235	interval_0235		WORKFLOWS/sarek/data/GRCh38_primary_1495.bed	pre_launch
sarek	NA12878_WGS_30x_GRCh38_1495	GATK4_HAPLOTYPECALLER	sarek::GATK4_HAPLOTYPECALLER	GATK4_HAPLOTYPECALLER	interval_0236	interval_0236		WORKFLOWS/sarek/data/GRCh38_primary_1495.bed	pre_launch
sarek	NA12878_WGS_30x_GRCh38_1495	GATK4_HAPLOTYPECALLER	sarek::GATK4_HAPLOTYPECALLER	GATK4_HAPLOTYPECALLER	interval_0237	interval_0237		WORKFLOWS/sarek/data/GRCh38_primary_1495.bed	pre_launch
sarek	NA12878_WGS_30x_GRCh38_1495	GATK4_HAPLOTYPECALLER	sarek::GATK4_HAPLOTYPECALLER	GATK4_HAPLOTYPECALLER	interval_0238	interval_0238		WORKFLOWS/sarek/data/GRCh38_primary_1495.bed	pre_launch
sarek	NA12878_WGS_30x_GRCh38_1495	GATK4_HAPLOTYPECALLER	sarek::GATK4_HAPLOTYPECALLER	GATK4_HAPLOTYPECALLER	interval_0239	interval_0239		WORKFLOWS/sarek/data/GRCh38_primary_1495.bed	pre_launch
sarek	NA12878_WGS_30x_GRCh38_1495	GATK4_HAPLOTYPECALLER	sarek::GATK4_HAPLOTYPECALLER	GATK4_HAPLOTYPECALLER	interval_0240	interval_0240		WORKFLOWS/sarek/data/GRCh38_primary_1495.bed	pre_launch
sarek	NA12878_WGS_30x_GRCh38_1495	GATK4_HAPLOTYPECALLER	sarek::GATK4_HAPLOTYPECALLER	GATK4_HAPLOTYPECALLER	interval_0241	interval_0241		WORKFLOWS/sarek/data/GRCh38_primary_1495.bed	pre_launch
sarek	NA12878_WGS_30x_GRCh38_1495	GATK4_HAPLOTYPECALLER	sarek::GATK4_HAPLOTYPECALLER	GATK4_HAPLOTYPECALLER	interval_0242	interval_0242		WORKFLOWS/sarek/data/GRCh38_primary_1495.bed	pre_launch
sarek	NA12878_WGS_30x_GRCh38_1495	GATK4_HAPLOTYPECALLER	sarek::GATK4_HAPLOTYPECALLER	GATK4_HAPLOTYPECALLER	interval_0243	interval_0243		WORKFLOWS/sarek/data/GRCh38_primary_1495.bed	pre_launch
sarek	NA12878_WGS_30x_GRCh38_1495	GATK4_HAPLOTYPECALLER	sarek::GATK4_HAPLOTYPECALLER	GATK4_HAPLOTYPECALLER	interval_0244	interval_0244		WORKFLOWS/sarek/data/GRCh38_primary_1495.bed	pre_launch
sarek	NA12878_WGS_30x_GRCh38_1495	GATK4_HAPLOTYPECALLER	sarek::GATK4_HAPLOTYPECALLER	GATK4_HAPLOTYPECALLER	interval_0245	interval_0245		WORKFLOWS/sarek/data/GRCh38_primary_1495.bed	pre_launch
sarek	NA12878_WGS_30x_GRCh38_1495	GATK4_HAPLOTYPECALLER	sarek::GATK4_HAPLOTYPECALLER	GATK4_HAPLOTYPECALLER	interval_0246	interval_0246		WORKFLOWS/sarek/data/GRCh38_primary_1495.bed	pre_launch
sarek	NA12878_WGS_30x_GRCh38_1495	GATK4_HAPLOTYPECALLER	sarek::GATK4_HAPLOTYPECALLER	GATK4_HAPLOTYPECALLER	interval_0247	interval_0247		WORKFLOWS/sarek/data/GRCh38_primary_1495.bed	pre_launch
sarek	NA12878_WGS_30x_GRCh38_1495	GATK4_HAPLOTYPECALLER	sarek::GATK4_HAPLOTYPECALLER	GATK4_HAPLOTYPECALLER	interval_0248	interval_0248		WORKFLOWS/sarek/data/GRCh38_primary_1495.bed	pre_launch
sarek	NA12878_WGS_30x_GRCh38_1495	GATK4_HAPLOTYPECALLER	sarek::GATK4_HAPLOTYPECALLER	GATK4_HAPLOTYPECALLER	interval_0249	interval_0249		WORKFLOWS/sarek/data/GRCh38_primary_1495.bed	pre_launch
sarek	NA12878_WGS_30x_GRCh38_1495	GATK4_HAPLOTYPECALLER	sarek::GATK4_HAPLOTYPECALLER	GATK4_HAPLOTYPECALLER	interval_0250	interval_0250		WORKFLOWS/sarek/data/GRCh38_primary_1495.bed	pre_launch
sarek	NA12878_WGS_30x_GRCh38_1495	GATK4_HAPLOTYPECALLER	sarek::GATK4_HAPLOTYPECALLER	GATK4_HAPLOTYPECALLER	interval_0251	interval_0251		WORKFLOWS/sarek/data/GRCh38_primary_1495.bed	pre_launch
sarek	NA12878_WGS_30x_GRCh38_1495	GATK4_HAPLOTYPECALLER	sarek::GATK4_HAPLOTYPECALLER	GATK4_HAPLOTYPECALLER	interval_0252	interval_0252		WORKFLOWS/sarek/data/GRCh38_primary_1495.bed	pre_launch
sarek	NA12878_WGS_30x_GRCh38_1495	GATK4_HAPLOTYPECALLER	sarek::GATK4_HAPLOTYPECALLER	GATK4_HAPLOTYPECALLER	interval_0253	interval_0253		WORKFLOWS/sarek/data/GRCh38_primary_1495.bed	pre_launch
sarek	NA12878_WGS_30x_GRCh38_1495	GATK4_HAPLOTYPECALLER	sarek::GATK4_HAPLOTYPECALLER	GATK4_HAPLOTYPECALLER	interval_0254	interval_0254		WORKFLOWS/sarek/data/GRCh38_primary_1495.bed	pre_launch
sarek	NA12878_WGS_30x_GRCh38_1495	GATK4_HAPLOTYPECALLER	sarek::GATK4_HAPLOTYPECALLER	GATK4_HAPLOTYPECALLER	interval_0255	interval_0255		WORKFLOWS/sarek/data/GRCh38_primary_1495.bed	pre_launch
sarek	NA12878_WGS_30x_GRCh38_1495	GATK4_HAPLOTYPECALLER	sarek::GATK4_HAPLOTYPECALLER	GATK4_HAPLOTYPECALLER	interval_0256	interval_0256		WORKFLOWS/sarek/data/GRCh38_primary_1495.bed	pre_launch
sarek	NA12878_WGS_30x_GRCh38_1495	GATK4_HAPLOTYPECALLER	sarek::GATK4_HAPLOTYPECALLER	GATK4_HAPLOTYPECALLER	interval_0257	interval_0257		WORKFLOWS/sarek/data/GRCh38_primary_1495.bed	pre_launch
sarek	NA12878_WGS_30x_GRCh38_1495	GATK4_HAPLOTYPECALLER	sarek::GATK4_HAPLOTYPECALLER	GATK4_HAPLOTYPECALLER	interval_0258	interval_0258		WORKFLOWS/sarek/data/GRCh38_primary_1495.bed	pre_launch
sarek	NA12878_WGS_30x_GRCh38_1495	GATK4_HAPLOTYPECALLER	sarek::GATK4_HAPLOTYPECALLER	GATK4_HAPLOTYPECALLER	interval_0259	interval_0259		WORKFLOWS/sarek/data/GRCh38_primary_1495.bed	pre_launch
sarek	NA12878_WGS_30x_GRCh38_1495	GATK4_HAPLOTYPECALLER	sarek::GATK4_HAPLOTYPECALLER	GATK4_HAPLOTYPECALLER	interval_0260	interval_0260		WORKFLOWS/sarek/data/GRCh38_primary_1495.bed	pre_launch
sarek	NA12878_WGS_30x_GRCh38_1495	GATK4_HAPLOTYPECALLER	sarek::GATK4_HAPLOTYPECALLER	GATK4_HAPLOTYPECALLER	interval_0261	interval_0261		WORKFLOWS/sarek/data/GRCh38_primary_1495.bed	pre_launch
sarek	NA12878_WGS_30x_GRCh38_1495	GATK4_HAPLOTYPECALLER	sarek::GATK4_HAPLOTYPECALLER	GATK4_HAPLOTYPECALLER	interval_0262	interval_0262		WORKFLOWS/sarek/data/GRCh38_primary_1495.bed	pre_launch
sarek	NA12878_WGS_30x_GRCh38_1495	GATK4_HAPLOTYPECALLER	sarek::GATK4_HAPLOTYPECALLER	GATK4_HAPLOTYPECALLER	interval_0263	interval_0263		WORKFLOWS/sarek/data/GRCh38_primary_1495.bed	pre_launch
sarek	NA12878_WGS_30x_GRCh38_1495	GATK4_HAPLOTYPECALLER	sarek::GATK4_HAPLOTYPECALLER	GATK4_HAPLOTYPECALLER	interval_0264	interval_0264		WORKFLOWS/sarek/data/GRCh38_primary_1495.bed	pre_launch
sarek	NA12878_WGS_30x_GRCh38_1495	GATK4_HAPLOTYPECALLER	sarek::GATK4_HAPLOTYPECALLER	GATK4_HAPLOTYPECALLER	interval_0265	interval_0265		WORKFLOWS/sarek/data/GRCh38_primary_1495.bed	pre_launch
sarek	NA12878_WGS_30x_GRCh38_1495	GATK4_HAPLOTYPECALLER	sarek::GATK4_HAPLOTYPECALLER	GATK4_HAPLOTYPECALLER	interval_0266	interval_0266		WORKFLOWS/sarek/data/GRCh38_primary_1495.bed	pre_launch
sarek	NA12878_WGS_30x_GRCh38_1495	GATK4_HAPLOTYPECALLER	sarek::GATK4_HAPLOTYPECALLER	GATK4_HAPLOTYPECALLER	interval_0267	interval_0267		WORKFLOWS/sarek/data/GRCh38_primary_1495.bed	pre_launch
sarek	NA12878_WGS_30x_GRCh38_1495	GATK4_HAPLOTYPECALLER	sarek::GATK4_HAPLOTYPECALLER	GATK4_HAPLOTYPECALLER	interval_0268	interval_0268		WORKFLOWS/sarek/data/GRCh38_primary_1495.bed	pre_launch
sarek	NA12878_WGS_30x_GRCh38_1495	GATK4_HAPLOTYPECALLER	sarek::GATK4_HAPLOTYPECALLER	GATK4_HAPLOTYPECALLER	interval_0269	interval_0269		WORKFLOWS/sarek/data/GRCh38_primary_1495.bed	pre_launch
sarek	NA12878_WGS_30x_GRCh38_1495	GATK4_HAPLOTYPECALLER	sarek::GATK4_HAPLOTYPECALLER	GATK4_HAPLOTYPECALLER	interval_0270	interval_0270		WORKFLOWS/sarek/data/GRCh38_primary_1495.bed	pre_launch
sarek	NA12878_WGS_30x_GRCh38_1495	GATK4_HAPLOTYPECALLER	sarek::GATK4_HAPLOTYPECALLER	GATK4_HAPLOTYPECALLER	interval_0271	interval_0271		WORKFLOWS/sarek/data/GRCh38_primary_1495.bed	pre_launch
sarek	NA12878_WGS_30x_GRCh38_1495	GATK4_HAPLOTYPECALLER	sarek::GATK4_HAPLOTYPECALLER	GATK4_HAPLOTYPECALLER	interval_0272	interval_0272		WORKFLOWS/sarek/data/GRCh38_primary_1495.bed	pre_launch
sarek	NA12878_WGS_30x_GRCh38_1495	GATK4_HAPLOTYPECALLER	sarek::GATK4_HAPLOTYPECALLER	GATK4_HAPLOTYPECALLER	interval_0273	interval_0273		WORKFLOWS/sarek/data/GRCh38_primary_1495.bed	pre_launch
sarek	NA12878_WGS_30x_GRCh38_1495	GATK4_HAPLOTYPECALLER	sarek::GATK4_HAPLOTYPECALLER	GATK4_HAPLOTYPECALLER	interval_0274	interval_0274		WORKFLOWS/sarek/data/GRCh38_primary_1495.bed	pre_launch
sarek	NA12878_WGS_30x_GRCh38_1495	GATK4_HAPLOTYPECALLER	sarek::GATK4_HAPLOTYPECALLER	GATK4_HAPLOTYPECALLER	interval_0275	interval_0275		WORKFLOWS/sarek/data/GRCh38_primary_1495.bed	pre_launch
sarek	NA12878_WGS_30x_GRCh38_1495	GATK4_HAPLOTYPECALLER	sarek::GATK4_HAPLOTYPECALLER	GATK4_HAPLOTYPECALLER	interval_0276	interval_0276		WORKFLOWS/sarek/data/GRCh38_primary_1495.bed	pre_launch
sarek	NA12878_WGS_30x_GRCh38_1495	GATK4_HAPLOTYPECALLER	sarek::GATK4_HAPLOTYPECALLER	GATK4_HAPLOTYPECALLER	interval_0277	interval_0277		WORKFLOWS/sarek/data/GRCh38_primary_1495.bed	pre_launch
sarek	NA12878_WGS_30x_GRCh38_1495	GATK4_HAPLOTYPECALLER	sarek::GATK4_HAPLOTYPECALLER	GATK4_HAPLOTYPECALLER	interval_0278	interval_0278		WORKFLOWS/sarek/data/GRCh38_primary_1495.bed	pre_launch
sarek	NA12878_WGS_30x_GRCh38_1495	GATK4_HAPLOTYPECALLER	sarek::GATK4_HAPLOTYPECALLER	GATK4_HAPLOTYPECALLER	interval_0279	interval_0279		WORKFLOWS/sarek/data/GRCh38_primary_1495.bed	pre_launch
sarek	NA12878_WGS_30x_GRCh38_1495	GATK4_HAPLOTYPECALLER	sarek::GATK4_HAPLOTYPECALLER	GATK4_HAPLOTYPECALLER	interval_0280	interval_0280		WORKFLOWS/sarek/data/GRCh38_primary_1495.bed	pre_launch
sarek	NA12878_WGS_30x_GRCh38_1495	GATK4_HAPLOTYPECALLER	sarek::GATK4_HAPLOTYPECALLER	GATK4_HAPLOTYPECALLER	interval_0281	interval_0281		WORKFLOWS/sarek/data/GRCh38_primary_1495.bed	pre_launch
sarek	NA12878_WGS_30x_GRCh38_1495	GATK4_HAPLOTYPECALLER	sarek::GATK4_HAPLOTYPECALLER	GATK4_HAPLOTYPECALLER	interval_0282	interval_0282		WORKFLOWS/sarek/data/GRCh38_primary_1495.bed	pre_launch
sarek	NA12878_WGS_30x_GRCh38_1495	GATK4_HAPLOTYPECALLER	sarek::GATK4_HAPLOTYPECALLER	GATK4_HAPLOTYPECALLER	interval_0283	interval_0283		WORKFLOWS/sarek/data/GRCh38_primary_1495.bed	pre_launch
sarek	NA12878_WGS_30x_GRCh38_1495	GATK4_HAPLOTYPECALLER	sarek::GATK4_HAPLOTYPECALLER	GATK4_HAPLOTYPECALLER	interval_0284	interval_0284		WORKFLOWS/sarek/data/GRCh38_primary_1495.bed	pre_launch
sarek	NA12878_WGS_30x_GRCh38_1495	GATK4_HAPLOTYPECALLER	sarek::GATK4_HAPLOTYPECALLER	GATK4_HAPLOTYPECALLER	interval_0285	interval_0285		WORKFLOWS/sarek/data/GRCh38_primary_1495.bed	pre_launch
sarek	NA12878_WGS_30x_GRCh38_1495	GATK4_HAPLOTYPECALLER	sarek::GATK4_HAPLOTYPECALLER	GATK4_HAPLOTYPECALLER	interval_0286	interval_0286		WORKFLOWS/sarek/data/GRCh38_primary_1495.bed	pre_launch
sarek	NA12878_WGS_30x_GRCh38_1495	GATK4_HAPLOTYPECALLER	sarek::GATK4_HAPLOTYPECALLER	GATK4_HAPLOTYPECALLER	interval_0287	interval_0287		WORKFLOWS/sarek/data/GRCh38_primary_1495.bed	pre_launch
sarek	NA12878_WGS_30x_GRCh38_1495	GATK4_HAPLOTYPECALLER	sarek::GATK4_HAPLOTYPECALLER	GATK4_HAPLOTYPECALLER	interval_0288	interval_0288		WORKFLOWS/sarek/data/GRCh38_primary_1495.bed	pre_launch
sarek	NA12878_WGS_30x_GRCh38_1495	GATK4_HAPLOTYPECALLER	sarek::GATK4_HAPLOTYPECALLER	GATK4_HAPLOTYPECALLER	interval_0289	interval_0289		WORKFLOWS/sarek/data/GRCh38_primary_1495.bed	pre_launch
sarek	NA12878_WGS_30x_GRCh38_1495	GATK4_HAPLOTYPECALLER	sarek::GATK4_HAPLOTYPECALLER	GATK4_HAPLOTYPECALLER	interval_0290	interval_0290		WORKFLOWS/sarek/data/GRCh38_primary_1495.bed	pre_launch
sarek	NA12878_WGS_30x_GRCh38_1495	GATK4_HAPLOTYPECALLER	sarek::GATK4_HAPLOTYPECALLER	GATK4_HAPLOTYPECALLER	interval_0291	interval_0291		WORKFLOWS/sarek/data/GRCh38_primary_1495.bed	pre_launch
sarek	NA12878_WGS_30x_GRCh38_1495	GATK4_HAPLOTYPECALLER	sarek::GATK4_HAPLOTYPECALLER	GATK4_HAPLOTYPECALLER	interval_0292	interval_0292		WORKFLOWS/sarek/data/GRCh38_primary_1495.bed	pre_launch
sarek	NA12878_WGS_30x_GRCh38_1495	GATK4_HAPLOTYPECALLER	sarek::GATK4_HAPLOTYPECALLER	GATK4_HAPLOTYPECALLER	interval_0293	interval_0293		WORKFLOWS/sarek/data/GRCh38_primary_1495.bed	pre_launch
sarek	NA12878_WGS_30x_GRCh38_1495	GATK4_HAPLOTYPECALLER	sarek::GATK4_HAPLOTYPECALLER	GATK4_HAPLOTYPECALLER	interval_0294	interval_0294		WORKFLOWS/sarek/data/GRCh38_primary_1495.bed	pre_launch
sarek	NA12878_WGS_30x_GRCh38_1495	GATK4_HAPLOTYPECALLER	sarek::GATK4_HAPLOTYPECALLER	GATK4_HAPLOTYPECALLER	interval_0295	interval_0295		WORKFLOWS/sarek/data/GRCh38_primary_1495.bed	pre_launch
sarek	NA12878_WGS_30x_GRCh38_1495	GATK4_HAPLOTYPECALLER	sarek::GATK4_HAPLOTYPECALLER	GATK4_HAPLOTYPECALLER	interval_0296	interval_0296		WORKFLOWS/sarek/data/GRCh38_primary_1495.bed	pre_launch
sarek	NA12878_WGS_30x_GRCh38_1495	GATK4_HAPLOTYPECALLER	sarek::GATK4_HAPLOTYPECALLER	GATK4_HAPLOTYPECALLER	interval_0297	interval_0297		WORKFLOWS/sarek/data/GRCh38_primary_1495.bed	pre_launch
sarek	NA12878_WGS_30x_GRCh38_1495	GATK4_HAPLOTYPECALLER	sarek::GATK4_HAPLOTYPECALLER	GATK4_HAPLOTYPECALLER	interval_0298	interval_0298		WORKFLOWS/sarek/data/GRCh38_primary_1495.bed	pre_launch
sarek	NA12878_WGS_30x_GRCh38_1495	GATK4_HAPLOTYPECALLER	sarek::GATK4_HAPLOTYPECALLER	GATK4_HAPLOTYPECALLER	interval_0299	interval_0299		WORKFLOWS/sarek/data/GRCh38_primary_1495.bed	pre_launch
sarek	NA12878_WGS_30x_GRCh38_1495	GATK4_HAPLOTYPECALLER	sarek::GATK4_HAPLOTYPECALLER	GATK4_HAPLOTYPECALLER	interval_0300	interval_0300		WORKFLOWS/sarek/data/GRCh38_primary_1495.bed	pre_launch
sarek	NA12878_WGS_30x_GRCh38_1495	GATK4_HAPLOTYPECALLER	sarek::GATK4_HAPLOTYPECALLER	GATK4_HAPLOTYPECALLER	interval_0301	interval_0301		WORKFLOWS/sarek/data/GRCh38_primary_1495.bed	pre_launch
sarek	NA12878_WGS_30x_GRCh38_1495	GATK4_HAPLOTYPECALLER	sarek::GATK4_HAPLOTYPECALLER	GATK4_HAPLOTYPECALLER	interval_0302	interval_0302		WORKFLOWS/sarek/data/GRCh38_primary_1495.bed	pre_launch
sarek	NA12878_WGS_30x_GRCh38_1495	GATK4_HAPLOTYPECALLER	sarek::GATK4_HAPLOTYPECALLER	GATK4_HAPLOTYPECALLER	interval_0303	interval_0303		WORKFLOWS/sarek/data/GRCh38_primary_1495.bed	pre_launch
sarek	NA12878_WGS_30x_GRCh38_1495	GATK4_HAPLOTYPECALLER	sarek::GATK4_HAPLOTYPECALLER	GATK4_HAPLOTYPECALLER	interval_0304	interval_0304		WORKFLOWS/sarek/data/GRCh38_primary_1495.bed	pre_launch
sarek	NA12878_WGS_30x_GRCh38_1495	GATK4_HAPLOTYPECALLER	sarek::GATK4_HAPLOTYPECALLER	GATK4_HAPLOTYPECALLER	interval_0305	interval_0305		WORKFLOWS/sarek/data/GRCh38_primary_1495.bed	pre_launch
sarek	NA12878_WGS_30x_GRCh38_1495	GATK4_HAPLOTYPECALLER	sarek::GATK4_HAPLOTYPECALLER	GATK4_HAPLOTYPECALLER	interval_0306	interval_0306		WORKFLOWS/sarek/data/GRCh38_primary_1495.bed	pre_launch
sarek	NA12878_WGS_30x_GRCh38_1495	GATK4_HAPLOTYPECALLER	sarek::GATK4_HAPLOTYPECALLER	GATK4_HAPLOTYPECALLER	interval_0307	interval_0307		WORKFLOWS/sarek/data/GRCh38_primary_1495.bed	pre_launch
sarek	NA12878_WGS_30x_GRCh38_1495	GATK4_HAPLOTYPECALLER	sarek::GATK4_HAPLOTYPECALLER	GATK4_HAPLOTYPECALLER	interval_0308	interval_0308		WORKFLOWS/sarek/data/GRCh38_primary_1495.bed	pre_launch
sarek	NA12878_WGS_30x_GRCh38_1495	GATK4_HAPLOTYPECALLER	sarek::GATK4_HAPLOTYPECALLER	GATK4_HAPLOTYPECALLER	interval_0309	interval_0309		WORKFLOWS/sarek/data/GRCh38_primary_1495.bed	pre_launch
sarek	NA12878_WGS_30x_GRCh38_1495	GATK4_HAPLOTYPECALLER	sarek::GATK4_HAPLOTYPECALLER	GATK4_HAPLOTYPECALLER	interval_0310	interval_0310		WORKFLOWS/sarek/data/GRCh38_primary_1495.bed	pre_launch
sarek	NA12878_WGS_30x_GRCh38_1495	GATK4_HAPLOTYPECALLER	sarek::GATK4_HAPLOTYPECALLER	GATK4_HAPLOTYPECALLER	interval_0311	interval_0311		WORKFLOWS/sarek/data/GRCh38_primary_1495.bed	pre_launch
sarek	NA12878_WGS_30x_GRCh38_1495	GATK4_HAPLOTYPECALLER	sarek::GATK4_HAPLOTYPECALLER	GATK4_HAPLOTYPECALLER	interval_0312	interval_0312		WORKFLOWS/sarek/data/GRCh38_primary_1495.bed	pre_launch
sarek	NA12878_WGS_30x_GRCh38_1495	GATK4_HAPLOTYPECALLER	sarek::GATK4_HAPLOTYPECALLER	GATK4_HAPLOTYPECALLER	interval_0313	interval_0313		WORKFLOWS/sarek/data/GRCh38_primary_1495.bed	pre_launch
sarek	NA12878_WGS_30x_GRCh38_1495	GATK4_HAPLOTYPECALLER	sarek::GATK4_HAPLOTYPECALLER	GATK4_HAPLOTYPECALLER	interval_0314	interval_0314		WORKFLOWS/sarek/data/GRCh38_primary_1495.bed	pre_launch
sarek	NA12878_WGS_30x_GRCh38_1495	GATK4_HAPLOTYPECALLER	sarek::GATK4_HAPLOTYPECALLER	GATK4_HAPLOTYPECALLER	interval_0315	interval_0315		WORKFLOWS/sarek/data/GRCh38_primary_1495.bed	pre_launch
sarek	NA12878_WGS_30x_GRCh38_1495	GATK4_HAPLOTYPECALLER	sarek::GATK4_HAPLOTYPECALLER	GATK4_HAPLOTYPECALLER	interval_0316	interval_0316		WORKFLOWS/sarek/data/GRCh38_primary_1495.bed	pre_launch
sarek	NA12878_WGS_30x_GRCh38_1495	GATK4_HAPLOTYPECALLER	sarek::GATK4_HAPLOTYPECALLER	GATK4_HAPLOTYPECALLER	interval_0317	interval_0317		WORKFLOWS/sarek/data/GRCh38_primary_1495.bed	pre_launch
sarek	NA12878_WGS_30x_GRCh38_1495	GATK4_HAPLOTYPECALLER	sarek::GATK4_HAPLOTYPECALLER	GATK4_HAPLOTYPECALLER	interval_0318	interval_0318		WORKFLOWS/sarek/data/GRCh38_primary_1495.bed	pre_launch
sarek	NA12878_WGS_30x_GRCh38_1495	GATK4_HAPLOTYPECALLER	sarek::GATK4_HAPLOTYPECALLER	GATK4_HAPLOTYPECALLER	interval_0319	interval_0319		WORKFLOWS/sarek/data/GRCh38_primary_1495.bed	pre_launch
sarek	NA12878_WGS_30x_GRCh38_1495	GATK4_HAPLOTYPECALLER	sarek::GATK4_HAPLOTYPECALLER	GATK4_HAPLOTYPECALLER	interval_0320	interval_0320		WORKFLOWS/sarek/data/GRCh38_primary_1495.bed	pre_launch
sarek	NA12878_WGS_30x_GRCh38_1495	GATK4_HAPLOTYPECALLER	sarek::GATK4_HAPLOTYPECALLER	GATK4_HAPLOTYPECALLER	interval_0321	interval_0321		WORKFLOWS/sarek/data/GRCh38_primary_1495.bed	pre_launch
sarek	NA12878_WGS_30x_GRCh38_1495	GATK4_HAPLOTYPECALLER	sarek::GATK4_HAPLOTYPECALLER	GATK4_HAPLOTYPECALLER	interval_0322	interval_0322		WORKFLOWS/sarek/data/GRCh38_primary_1495.bed	pre_launch
sarek	NA12878_WGS_30x_GRCh38_1495	GATK4_HAPLOTYPECALLER	sarek::GATK4_HAPLOTYPECALLER	GATK4_HAPLOTYPECALLER	interval_0323	interval_0323		WORKFLOWS/sarek/data/GRCh38_primary_1495.bed	pre_launch
sarek	NA12878_WGS_30x_GRCh38_1495	GATK4_HAPLOTYPECALLER	sarek::GATK4_HAPLOTYPECALLER	GATK4_HAPLOTYPECALLER	interval_0324	interval_0324		WORKFLOWS/sarek/data/GRCh38_primary_1495.bed	pre_launch
sarek	NA12878_WGS_30x_GRCh38_1495	GATK4_HAPLOTYPECALLER	sarek::GATK4_HAPLOTYPECALLER	GATK4_HAPLOTYPECALLER	interval_0325	interval_0325		WORKFLOWS/sarek/data/GRCh38_primary_1495.bed	pre_launch
sarek	NA12878_WGS_30x_GRCh38_1495	GATK4_HAPLOTYPECALLER	sarek::GATK4_HAPLOTYPECALLER	GATK4_HAPLOTYPECALLER	interval_0326	interval_0326		WORKFLOWS/sarek/data/GRCh38_primary_1495.bed	pre_launch
sarek	NA12878_WGS_30x_GRCh38_1495	GATK4_HAPLOTYPECALLER	sarek::GATK4_HAPLOTYPECALLER	GATK4_HAPLOTYPECALLER	interval_0327	interval_0327		WORKFLOWS/sarek/data/GRCh38_primary_1495.bed	pre_launch
sarek	NA12878_WGS_30x_GRCh38_1495	GATK4_HAPLOTYPECALLER	sarek::GATK4_HAPLOTYPECALLER	GATK4_HAPLOTYPECALLER	interval_0328	interval_0328		WORKFLOWS/sarek/data/GRCh38_primary_1495.bed	pre_launch
sarek	NA12878_WGS_30x_GRCh38_1495	GATK4_HAPLOTYPECALLER	sarek::GATK4_HAPLOTYPECALLER	GATK4_HAPLOTYPECALLER	interval_0329	interval_0329		WORKFLOWS/sarek/data/GRCh38_primary_1495.bed	pre_launch
sarek	NA12878_WGS_30x_GRCh38_1495	GATK4_HAPLOTYPECALLER	sarek::GATK4_HAPLOTYPECALLER	GATK4_HAPLOTYPECALLER	interval_0330	interval_0330		WORKFLOWS/sarek/data/GRCh38_primary_1495.bed	pre_launch
sarek	NA12878_WGS_30x_GRCh38_1495	GATK4_HAPLOTYPECALLER	sarek::GATK4_HAPLOTYPECALLER	GATK4_HAPLOTYPECALLER	interval_0331	interval_0331		WORKFLOWS/sarek/data/GRCh38_primary_1495.bed	pre_launch
sarek	NA12878_WGS_30x_GRCh38_1495	GATK4_HAPLOTYPECALLER	sarek::GATK4_HAPLOTYPECALLER	GATK4_HAPLOTYPECALLER	interval_0332	interval_0332		WORKFLOWS/sarek/data/GRCh38_primary_1495.bed	pre_launch
sarek	NA12878_WGS_30x_GRCh38_1495	GATK4_HAPLOTYPECALLER	sarek::GATK4_HAPLOTYPECALLER	GATK4_HAPLOTYPECALLER	interval_0333	interval_0333		WORKFLOWS/sarek/data/GRCh38_primary_1495.bed	pre_launch
sarek	NA12878_WGS_30x_GRCh38_1495	GATK4_HAPLOTYPECALLER	sarek::GATK4_HAPLOTYPECALLER	GATK4_HAPLOTYPECALLER	interval_0334	interval_0334		WORKFLOWS/sarek/data/GRCh38_primary_1495.bed	pre_launch
sarek	NA12878_WGS_30x_GRCh38_1495	GATK4_HAPLOTYPECALLER	sarek::GATK4_HAPLOTYPECALLER	GATK4_HAPLOTYPECALLER	interval_0335	interval_0335		WORKFLOWS/sarek/data/GRCh38_primary_1495.bed	pre_launch
sarek	NA12878_WGS_30x_GRCh38_1495	GATK4_HAPLOTYPECALLER	sarek::GATK4_HAPLOTYPECALLER	GATK4_HAPLOTYPECALLER	interval_0336	interval_0336		WORKFLOWS/sarek/data/GRCh38_primary_1495.bed	pre_launch
sarek	NA12878_WGS_30x_GRCh38_1495	GATK4_HAPLOTYPECALLER	sarek::GATK4_HAPLOTYPECALLER	GATK4_HAPLOTYPECALLER	interval_0337	interval_0337		WORKFLOWS/sarek/data/GRCh38_primary_1495.bed	pre_launch
sarek	NA12878_WGS_30x_GRCh38_1495	GATK4_HAPLOTYPECALLER	sarek::GATK4_HAPLOTYPECALLER	GATK4_HAPLOTYPECALLER	interval_0338	interval_0338		WORKFLOWS/sarek/data/GRCh38_primary_1495.bed	pre_launch
sarek	NA12878_WGS_30x_GRCh38_1495	GATK4_HAPLOTYPECALLER	sarek::GATK4_HAPLOTYPECALLER	GATK4_HAPLOTYPECALLER	interval_0339	interval_0339		WORKFLOWS/sarek/data/GRCh38_primary_1495.bed	pre_launch
sarek	NA12878_WGS_30x_GRCh38_1495	GATK4_HAPLOTYPECALLER	sarek::GATK4_HAPLOTYPECALLER	GATK4_HAPLOTYPECALLER	interval_0340	interval_0340		WORKFLOWS/sarek/data/GRCh38_primary_1495.bed	pre_launch
sarek	NA12878_WGS_30x_GRCh38_1495	GATK4_HAPLOTYPECALLER	sarek::GATK4_HAPLOTYPECALLER	GATK4_HAPLOTYPECALLER	interval_0341	interval_0341		WORKFLOWS/sarek/data/GRCh38_primary_1495.bed	pre_launch
sarek	NA12878_WGS_30x_GRCh38_1495	GATK4_HAPLOTYPECALLER	sarek::GATK4_HAPLOTYPECALLER	GATK4_HAPLOTYPECALLER	interval_0342	interval_0342		WORKFLOWS/sarek/data/GRCh38_primary_1495.bed	pre_launch
sarek	NA12878_WGS_30x_GRCh38_1495	GATK4_HAPLOTYPECALLER	sarek::GATK4_HAPLOTYPECALLER	GATK4_HAPLOTYPECALLER	interval_0343	interval_0343		WORKFLOWS/sarek/data/GRCh38_primary_1495.bed	pre_launch
sarek	NA12878_WGS_30x_GRCh38_1495	GATK4_HAPLOTYPECALLER	sarek::GATK4_HAPLOTYPECALLER	GATK4_HAPLOTYPECALLER	interval_0344	interval_0344		WORKFLOWS/sarek/data/GRCh38_primary_1495.bed	pre_launch
sarek	NA12878_WGS_30x_GRCh38_1495	GATK4_HAPLOTYPECALLER	sarek::GATK4_HAPLOTYPECALLER	GATK4_HAPLOTYPECALLER	interval_0345	interval_0345		WORKFLOWS/sarek/data/GRCh38_primary_1495.bed	pre_launch
sarek	NA12878_WGS_30x_GRCh38_1495	GATK4_HAPLOTYPECALLER	sarek::GATK4_HAPLOTYPECALLER	GATK4_HAPLOTYPECALLER	interval_0346	interval_0346		WORKFLOWS/sarek/data/GRCh38_primary_1495.bed	pre_launch
sarek	NA12878_WGS_30x_GRCh38_1495	GATK4_HAPLOTYPECALLER	sarek::GATK4_HAPLOTYPECALLER	GATK4_HAPLOTYPECALLER	interval_0347	interval_0347		WORKFLOWS/sarek/data/GRCh38_primary_1495.bed	pre_launch
sarek	NA12878_WGS_30x_GRCh38_1495	GATK4_HAPLOTYPECALLER	sarek::GATK4_HAPLOTYPECALLER	GATK4_HAPLOTYPECALLER	interval_0348	interval_0348		WORKFLOWS/sarek/data/GRCh38_primary_1495.bed	pre_launch
sarek	NA12878_WGS_30x_GRCh38_1495	GATK4_HAPLOTYPECALLER	sarek::GATK4_HAPLOTYPECALLER	GATK4_HAPLOTYPECALLER	interval_0349	interval_0349		WORKFLOWS/sarek/data/GRCh38_primary_1495.bed	pre_launch
sarek	NA12878_WGS_30x_GRCh38_1495	GATK4_HAPLOTYPECALLER	sarek::GATK4_HAPLOTYPECALLER	GATK4_HAPLOTYPECALLER	interval_0350	interval_0350		WORKFLOWS/sarek/data/GRCh38_primary_1495.bed	pre_launch
sarek	NA12878_WGS_30x_GRCh38_1495	GATK4_HAPLOTYPECALLER	sarek::GATK4_HAPLOTYPECALLER	GATK4_HAPLOTYPECALLER	interval_0351	interval_0351		WORKFLOWS/sarek/data/GRCh38_primary_1495.bed	pre_launch
sarek	NA12878_WGS_30x_GRCh38_1495	GATK4_HAPLOTYPECALLER	sarek::GATK4_HAPLOTYPECALLER	GATK4_HAPLOTYPECALLER	interval_0352	interval_0352		WORKFLOWS/sarek/data/GRCh38_primary_1495.bed	pre_launch
sarek	NA12878_WGS_30x_GRCh38_1495	GATK4_HAPLOTYPECALLER	sarek::GATK4_HAPLOTYPECALLER	GATK4_HAPLOTYPECALLER	interval_0353	interval_0353		WORKFLOWS/sarek/data/GRCh38_primary_1495.bed	pre_launch
sarek	NA12878_WGS_30x_GRCh38_1495	GATK4_HAPLOTYPECALLER	sarek::GATK4_HAPLOTYPECALLER	GATK4_HAPLOTYPECALLER	interval_0354	interval_0354		WORKFLOWS/sarek/data/GRCh38_primary_1495.bed	pre_launch
sarek	NA12878_WGS_30x_GRCh38_1495	GATK4_HAPLOTYPECALLER	sarek::GATK4_HAPLOTYPECALLER	GATK4_HAPLOTYPECALLER	interval_0355	interval_0355		WORKFLOWS/sarek/data/GRCh38_primary_1495.bed	pre_launch
sarek	NA12878_WGS_30x_GRCh38_1495	GATK4_HAPLOTYPECALLER	sarek::GATK4_HAPLOTYPECALLER	GATK4_HAPLOTYPECALLER	interval_0356	interval_0356		WORKFLOWS/sarek/data/GRCh38_primary_1495.bed	pre_launch
sarek	NA12878_WGS_30x_GRCh38_1495	GATK4_HAPLOTYPECALLER	sarek::GATK4_HAPLOTYPECALLER	GATK4_HAPLOTYPECALLER	interval_0357	interval_0357		WORKFLOWS/sarek/data/GRCh38_primary_1495.bed	pre_launch
sarek	NA12878_WGS_30x_GRCh38_1495	GATK4_HAPLOTYPECALLER	sarek::GATK4_HAPLOTYPECALLER	GATK4_HAPLOTYPECALLER	interval_0358	interval_0358		WORKFLOWS/sarek/data/GRCh38_primary_1495.bed	pre_launch
sarek	NA12878_WGS_30x_GRCh38_1495	GATK4_HAPLOTYPECALLER	sarek::GATK4_HAPLOTYPECALLER	GATK4_HAPLOTYPECALLER	interval_0359	interval_0359		WORKFLOWS/sarek/data/GRCh38_primary_1495.bed	pre_launch
sarek	NA12878_WGS_30x_GRCh38_1495	GATK4_HAPLOTYPECALLER	sarek::GATK4_HAPLOTYPECALLER	GATK4_HAPLOTYPECALLER	interval_0360	interval_0360		WORKFLOWS/sarek/data/GRCh38_primary_1495.bed	pre_launch
sarek	NA12878_WGS_30x_GRCh38_1495	GATK4_HAPLOTYPECALLER	sarek::GATK4_HAPLOTYPECALLER	GATK4_HAPLOTYPECALLER	interval_0361	interval_0361		WORKFLOWS/sarek/data/GRCh38_primary_1495.bed	pre_launch
sarek	NA12878_WGS_30x_GRCh38_1495	GATK4_HAPLOTYPECALLER	sarek::GATK4_HAPLOTYPECALLER	GATK4_HAPLOTYPECALLER	interval_0362	interval_0362		WORKFLOWS/sarek/data/GRCh38_primary_1495.bed	pre_launch
sarek	NA12878_WGS_30x_GRCh38_1495	GATK4_HAPLOTYPECALLER	sarek::GATK4_HAPLOTYPECALLER	GATK4_HAPLOTYPECALLER	interval_0363	interval_0363		WORKFLOWS/sarek/data/GRCh38_primary_1495.bed	pre_launch
sarek	NA12878_WGS_30x_GRCh38_1495	GATK4_HAPLOTYPECALLER	sarek::GATK4_HAPLOTYPECALLER	GATK4_HAPLOTYPECALLER	interval_0364	interval_0364		WORKFLOWS/sarek/data/GRCh38_primary_1495.bed	pre_launch
sarek	NA12878_WGS_30x_GRCh38_1495	GATK4_HAPLOTYPECALLER	sarek::GATK4_HAPLOTYPECALLER	GATK4_HAPLOTYPECALLER	interval_0365	interval_0365		WORKFLOWS/sarek/data/GRCh38_primary_1495.bed	pre_launch
sarek	NA12878_WGS_30x_GRCh38_1495	GATK4_HAPLOTYPECALLER	sarek::GATK4_HAPLOTYPECALLER	GATK4_HAPLOTYPECALLER	interval_0366	interval_0366		WORKFLOWS/sarek/data/GRCh38_primary_1495.bed	pre_launch
sarek	NA12878_WGS_30x_GRCh38_1495	GATK4_HAPLOTYPECALLER	sarek::GATK4_HAPLOTYPECALLER	GATK4_HAPLOTYPECALLER	interval_0367	interval_0367		WORKFLOWS/sarek/data/GRCh38_primary_1495.bed	pre_launch
sarek	NA12878_WGS_30x_GRCh38_1495	GATK4_HAPLOTYPECALLER	sarek::GATK4_HAPLOTYPECALLER	GATK4_HAPLOTYPECALLER	interval_0368	interval_0368		WORKFLOWS/sarek/data/GRCh38_primary_1495.bed	pre_launch
sarek	NA12878_WGS_30x_GRCh38_1495	GATK4_HAPLOTYPECALLER	sarek::GATK4_HAPLOTYPECALLER	GATK4_HAPLOTYPECALLER	interval_0369	interval_0369		WORKFLOWS/sarek/data/GRCh38_primary_1495.bed	pre_launch
sarek	NA12878_WGS_30x_GRCh38_1495	GATK4_HAPLOTYPECALLER	sarek::GATK4_HAPLOTYPECALLER	GATK4_HAPLOTYPECALLER	interval_0370	interval_0370		WORKFLOWS/sarek/data/GRCh38_primary_1495.bed	pre_launch
sarek	NA12878_WGS_30x_GRCh38_1495	GATK4_HAPLOTYPECALLER	sarek::GATK4_HAPLOTYPECALLER	GATK4_HAPLOTYPECALLER	interval_0371	interval_0371		WORKFLOWS/sarek/data/GRCh38_primary_1495.bed	pre_launch
sarek	NA12878_WGS_30x_GRCh38_1495	GATK4_HAPLOTYPECALLER	sarek::GATK4_HAPLOTYPECALLER	GATK4_HAPLOTYPECALLER	interval_0372	interval_0372		WORKFLOWS/sarek/data/GRCh38_primary_1495.bed	pre_launch
sarek	NA12878_WGS_30x_GRCh38_1495	GATK4_HAPLOTYPECALLER	sarek::GATK4_HAPLOTYPECALLER	GATK4_HAPLOTYPECALLER	interval_0373	interval_0373		WORKFLOWS/sarek/data/GRCh38_primary_1495.bed	pre_launch
sarek	NA12878_WGS_30x_GRCh38_1495	GATK4_HAPLOTYPECALLER	sarek::GATK4_HAPLOTYPECALLER	GATK4_HAPLOTYPECALLER	interval_0374	interval_0374		WORKFLOWS/sarek/data/GRCh38_primary_1495.bed	pre_launch
sarek	NA12878_WGS_30x_GRCh38_1495	GATK4_HAPLOTYPECALLER	sarek::GATK4_HAPLOTYPECALLER	GATK4_HAPLOTYPECALLER	interval_0375	interval_0375		WORKFLOWS/sarek/data/GRCh38_primary_1495.bed	pre_launch
sarek	NA12878_WGS_30x_GRCh38_1495	GATK4_HAPLOTYPECALLER	sarek::GATK4_HAPLOTYPECALLER	GATK4_HAPLOTYPECALLER	interval_0376	interval_0376		WORKFLOWS/sarek/data/GRCh38_primary_1495.bed	pre_launch
sarek	NA12878_WGS_30x_GRCh38_1495	GATK4_HAPLOTYPECALLER	sarek::GATK4_HAPLOTYPECALLER	GATK4_HAPLOTYPECALLER	interval_0377	interval_0377		WORKFLOWS/sarek/data/GRCh38_primary_1495.bed	pre_launch
sarek	NA12878_WGS_30x_GRCh38_1495	GATK4_HAPLOTYPECALLER	sarek::GATK4_HAPLOTYPECALLER	GATK4_HAPLOTYPECALLER	interval_0378	interval_0378		WORKFLOWS/sarek/data/GRCh38_primary_1495.bed	pre_launch
sarek	NA12878_WGS_30x_GRCh38_1495	GATK4_HAPLOTYPECALLER	sarek::GATK4_HAPLOTYPECALLER	GATK4_HAPLOTYPECALLER	interval_0379	interval_0379		WORKFLOWS/sarek/data/GRCh38_primary_1495.bed	pre_launch
sarek	NA12878_WGS_30x_GRCh38_1495	GATK4_HAPLOTYPECALLER	sarek::GATK4_HAPLOTYPECALLER	GATK4_HAPLOTYPECALLER	interval_0380	interval_0380		WORKFLOWS/sarek/data/GRCh38_primary_1495.bed	pre_launch
sarek	NA12878_WGS_30x_GRCh38_1495	GATK4_HAPLOTYPECALLER	sarek::GATK4_HAPLOTYPECALLER	GATK4_HAPLOTYPECALLER	interval_0381	interval_0381		WORKFLOWS/sarek/data/GRCh38_primary_1495.bed	pre_launch
sarek	NA12878_WGS_30x_GRCh38_1495	GATK4_HAPLOTYPECALLER	sarek::GATK4_HAPLOTYPECALLER	GATK4_HAPLOTYPECALLER	interval_0382	interval_0382		WORKFLOWS/sarek/data/GRCh38_primary_1495.bed	pre_launch
sarek	NA12878_WGS_30x_GRCh38_1495	GATK4_HAPLOTYPECALLER	sarek::GATK4_HAPLOTYPECALLER	GATK4_HAPLOTYPECALLER	interval_0383	interval_0383		WORKFLOWS/sarek/data/GRCh38_primary_1495.bed	pre_launch
sarek	NA12878_WGS_30x_GRCh38_1495	GATK4_HAPLOTYPECALLER	sarek::GATK4_HAPLOTYPECALLER	GATK4_HAPLOTYPECALLER	interval_0384	interval_0384		WORKFLOWS/sarek/data/GRCh38_primary_1495.bed	pre_launch
sarek	NA12878_WGS_30x_GRCh38_1495	GATK4_HAPLOTYPECALLER	sarek::GATK4_HAPLOTYPECALLER	GATK4_HAPLOTYPECALLER	interval_0385	interval_0385		WORKFLOWS/sarek/data/GRCh38_primary_1495.bed	pre_launch
sarek	NA12878_WGS_30x_GRCh38_1495	GATK4_HAPLOTYPECALLER	sarek::GATK4_HAPLOTYPECALLER	GATK4_HAPLOTYPECALLER	interval_0386	interval_0386		WORKFLOWS/sarek/data/GRCh38_primary_1495.bed	pre_launch
sarek	NA12878_WGS_30x_GRCh38_1495	GATK4_HAPLOTYPECALLER	sarek::GATK4_HAPLOTYPECALLER	GATK4_HAPLOTYPECALLER	interval_0387	interval_0387		WORKFLOWS/sarek/data/GRCh38_primary_1495.bed	pre_launch
sarek	NA12878_WGS_30x_GRCh38_1495	GATK4_HAPLOTYPECALLER	sarek::GATK4_HAPLOTYPECALLER	GATK4_HAPLOTYPECALLER	interval_0388	interval_0388		WORKFLOWS/sarek/data/GRCh38_primary_1495.bed	pre_launch
sarek	NA12878_WGS_30x_GRCh38_1495	GATK4_HAPLOTYPECALLER	sarek::GATK4_HAPLOTYPECALLER	GATK4_HAPLOTYPECALLER	interval_0389	interval_0389		WORKFLOWS/sarek/data/GRCh38_primary_1495.bed	pre_launch
sarek	NA12878_WGS_30x_GRCh38_1495	GATK4_HAPLOTYPECALLER	sarek::GATK4_HAPLOTYPECALLER	GATK4_HAPLOTYPECALLER	interval_0390	interval_0390		WORKFLOWS/sarek/data/GRCh38_primary_1495.bed	pre_launch
sarek	NA12878_WGS_30x_GRCh38_1495	GATK4_HAPLOTYPECALLER	sarek::GATK4_HAPLOTYPECALLER	GATK4_HAPLOTYPECALLER	interval_0391	interval_0391		WORKFLOWS/sarek/data/GRCh38_primary_1495.bed	pre_launch
sarek	NA12878_WGS_30x_GRCh38_1495	GATK4_HAPLOTYPECALLER	sarek::GATK4_HAPLOTYPECALLER	GATK4_HAPLOTYPECALLER	interval_0392	interval_0392		WORKFLOWS/sarek/data/GRCh38_primary_1495.bed	pre_launch
sarek	NA12878_WGS_30x_GRCh38_1495	GATK4_HAPLOTYPECALLER	sarek::GATK4_HAPLOTYPECALLER	GATK4_HAPLOTYPECALLER	interval_0393	interval_0393		WORKFLOWS/sarek/data/GRCh38_primary_1495.bed	pre_launch
sarek	NA12878_WGS_30x_GRCh38_1495	GATK4_HAPLOTYPECALLER	sarek::GATK4_HAPLOTYPECALLER	GATK4_HAPLOTYPECALLER	interval_0394	interval_0394		WORKFLOWS/sarek/data/GRCh38_primary_1495.bed	pre_launch
sarek	NA12878_WGS_30x_GRCh38_1495	GATK4_HAPLOTYPECALLER	sarek::GATK4_HAPLOTYPECALLER	GATK4_HAPLOTYPECALLER	interval_0395	interval_0395		WORKFLOWS/sarek/data/GRCh38_primary_1495.bed	pre_launch
sarek	NA12878_WGS_30x_GRCh38_1495	GATK4_HAPLOTYPECALLER	sarek::GATK4_HAPLOTYPECALLER	GATK4_HAPLOTYPECALLER	interval_0396	interval_0396		WORKFLOWS/sarek/data/GRCh38_primary_1495.bed	pre_launch
sarek	NA12878_WGS_30x_GRCh38_1495	GATK4_HAPLOTYPECALLER	sarek::GATK4_HAPLOTYPECALLER	GATK4_HAPLOTYPECALLER	interval_0397	interval_0397		WORKFLOWS/sarek/data/GRCh38_primary_1495.bed	pre_launch
sarek	NA12878_WGS_30x_GRCh38_1495	GATK4_HAPLOTYPECALLER	sarek::GATK4_HAPLOTYPECALLER	GATK4_HAPLOTYPECALLER	interval_0398	interval_0398		WORKFLOWS/sarek/data/GRCh38_primary_1495.bed	pre_launch
sarek	NA12878_WGS_30x_GRCh38_1495	GATK4_HAPLOTYPECALLER	sarek::GATK4_HAPLOTYPECALLER	GATK4_HAPLOTYPECALLER	interval_0399	interval_0399		WORKFLOWS/sarek/data/GRCh38_primary_1495.bed	pre_launch
sarek	NA12878_WGS_30x_GRCh38_1495	GATK4_HAPLOTYPECALLER	sarek::GATK4_HAPLOTYPECALLER	GATK4_HAPLOTYPECALLER	interval_0400	interval_0400		WORKFLOWS/sarek/data/GRCh38_primary_1495.bed	pre_launch
sarek	NA12878_WGS_30x_GRCh38_1495	GATK4_HAPLOTYPECALLER	sarek::GATK4_HAPLOTYPECALLER	GATK4_HAPLOTYPECALLER	interval_0401	interval_0401		WORKFLOWS/sarek/data/GRCh38_primary_1495.bed	pre_launch
sarek	NA12878_WGS_30x_GRCh38_1495	GATK4_HAPLOTYPECALLER	sarek::GATK4_HAPLOTYPECALLER	GATK4_HAPLOTYPECALLER	interval_0402	interval_0402		WORKFLOWS/sarek/data/GRCh38_primary_1495.bed	pre_launch
sarek	NA12878_WGS_30x_GRCh38_1495	GATK4_HAPLOTYPECALLER	sarek::GATK4_HAPLOTYPECALLER	GATK4_HAPLOTYPECALLER	interval_0403	interval_0403		WORKFLOWS/sarek/data/GRCh38_primary_1495.bed	pre_launch
sarek	NA12878_WGS_30x_GRCh38_1495	GATK4_HAPLOTYPECALLER	sarek::GATK4_HAPLOTYPECALLER	GATK4_HAPLOTYPECALLER	interval_0404	interval_0404		WORKFLOWS/sarek/data/GRCh38_primary_1495.bed	pre_launch
sarek	NA12878_WGS_30x_GRCh38_1495	GATK4_HAPLOTYPECALLER	sarek::GATK4_HAPLOTYPECALLER	GATK4_HAPLOTYPECALLER	interval_0405	interval_0405		WORKFLOWS/sarek/data/GRCh38_primary_1495.bed	pre_launch
sarek	NA12878_WGS_30x_GRCh38_1495	GATK4_HAPLOTYPECALLER	sarek::GATK4_HAPLOTYPECALLER	GATK4_HAPLOTYPECALLER	interval_0406	interval_0406		WORKFLOWS/sarek/data/GRCh38_primary_1495.bed	pre_launch
sarek	NA12878_WGS_30x_GRCh38_1495	GATK4_HAPLOTYPECALLER	sarek::GATK4_HAPLOTYPECALLER	GATK4_HAPLOTYPECALLER	interval_0407	interval_0407		WORKFLOWS/sarek/data/GRCh38_primary_1495.bed	pre_launch
sarek	NA12878_WGS_30x_GRCh38_1495	GATK4_HAPLOTYPECALLER	sarek::GATK4_HAPLOTYPECALLER	GATK4_HAPLOTYPECALLER	interval_0408	interval_0408		WORKFLOWS/sarek/data/GRCh38_primary_1495.bed	pre_launch
sarek	NA12878_WGS_30x_GRCh38_1495	GATK4_HAPLOTYPECALLER	sarek::GATK4_HAPLOTYPECALLER	GATK4_HAPLOTYPECALLER	interval_0409	interval_0409		WORKFLOWS/sarek/data/GRCh38_primary_1495.bed	pre_launch
sarek	NA12878_WGS_30x_GRCh38_1495	GATK4_HAPLOTYPECALLER	sarek::GATK4_HAPLOTYPECALLER	GATK4_HAPLOTYPECALLER	interval_0410	interval_0410		WORKFLOWS/sarek/data/GRCh38_primary_1495.bed	pre_launch
sarek	NA12878_WGS_30x_GRCh38_1495	GATK4_HAPLOTYPECALLER	sarek::GATK4_HAPLOTYPECALLER	GATK4_HAPLOTYPECALLER	interval_0411	interval_0411		WORKFLOWS/sarek/data/GRCh38_primary_1495.bed	pre_launch
sarek	NA12878_WGS_30x_GRCh38_1495	GATK4_HAPLOTYPECALLER	sarek::GATK4_HAPLOTYPECALLER	GATK4_HAPLOTYPECALLER	interval_0412	interval_0412		WORKFLOWS/sarek/data/GRCh38_primary_1495.bed	pre_launch
sarek	NA12878_WGS_30x_GRCh38_1495	GATK4_HAPLOTYPECALLER	sarek::GATK4_HAPLOTYPECALLER	GATK4_HAPLOTYPECALLER	interval_0413	interval_0413		WORKFLOWS/sarek/data/GRCh38_primary_1495.bed	pre_launch
sarek	NA12878_WGS_30x_GRCh38_1495	GATK4_HAPLOTYPECALLER	sarek::GATK4_HAPLOTYPECALLER	GATK4_HAPLOTYPECALLER	interval_0414	interval_0414		WORKFLOWS/sarek/data/GRCh38_primary_1495.bed	pre_launch
sarek	NA12878_WGS_30x_GRCh38_1495	GATK4_HAPLOTYPECALLER	sarek::GATK4_HAPLOTYPECALLER	GATK4_HAPLOTYPECALLER	interval_0415	interval_0415		WORKFLOWS/sarek/data/GRCh38_primary_1495.bed	pre_launch
sarek	NA12878_WGS_30x_GRCh38_1495	GATK4_HAPLOTYPECALLER	sarek::GATK4_HAPLOTYPECALLER	GATK4_HAPLOTYPECALLER	interval_0416	interval_0416		WORKFLOWS/sarek/data/GRCh38_primary_1495.bed	pre_launch
sarek	NA12878_WGS_30x_GRCh38_1495	GATK4_HAPLOTYPECALLER	sarek::GATK4_HAPLOTYPECALLER	GATK4_HAPLOTYPECALLER	interval_0417	interval_0417		WORKFLOWS/sarek/data/GRCh38_primary_1495.bed	pre_launch
sarek	NA12878_WGS_30x_GRCh38_1495	GATK4_HAPLOTYPECALLER	sarek::GATK4_HAPLOTYPECALLER	GATK4_HAPLOTYPECALLER	interval_0418	interval_0418		WORKFLOWS/sarek/data/GRCh38_primary_1495.bed	pre_launch
sarek	NA12878_WGS_30x_GRCh38_1495	GATK4_HAPLOTYPECALLER	sarek::GATK4_HAPLOTYPECALLER	GATK4_HAPLOTYPECALLER	interval_0419	interval_0419		WORKFLOWS/sarek/data/GRCh38_primary_1495.bed	pre_launch
sarek	NA12878_WGS_30x_GRCh38_1495	GATK4_HAPLOTYPECALLER	sarek::GATK4_HAPLOTYPECALLER	GATK4_HAPLOTYPECALLER	interval_0420	interval_0420		WORKFLOWS/sarek/data/GRCh38_primary_1495.bed	pre_launch
sarek	NA12878_WGS_30x_GRCh38_1495	GATK4_HAPLOTYPECALLER	sarek::GATK4_HAPLOTYPECALLER	GATK4_HAPLOTYPECALLER	interval_0421	interval_0421		WORKFLOWS/sarek/data/GRCh38_primary_1495.bed	pre_launch
sarek	NA12878_WGS_30x_GRCh38_1495	GATK4_HAPLOTYPECALLER	sarek::GATK4_HAPLOTYPECALLER	GATK4_HAPLOTYPECALLER	interval_0422	interval_0422		WORKFLOWS/sarek/data/GRCh38_primary_1495.bed	pre_launch
sarek	NA12878_WGS_30x_GRCh38_1495	GATK4_HAPLOTYPECALLER	sarek::GATK4_HAPLOTYPECALLER	GATK4_HAPLOTYPECALLER	interval_0423	interval_0423		WORKFLOWS/sarek/data/GRCh38_primary_1495.bed	pre_launch
sarek	NA12878_WGS_30x_GRCh38_1495	GATK4_HAPLOTYPECALLER	sarek::GATK4_HAPLOTYPECALLER	GATK4_HAPLOTYPECALLER	interval_0424	interval_0424		WORKFLOWS/sarek/data/GRCh38_primary_1495.bed	pre_launch
sarek	NA12878_WGS_30x_GRCh38_1495	GATK4_HAPLOTYPECALLER	sarek::GATK4_HAPLOTYPECALLER	GATK4_HAPLOTYPECALLER	interval_0425	interval_0425		WORKFLOWS/sarek/data/GRCh38_primary_1495.bed	pre_launch
sarek	NA12878_WGS_30x_GRCh38_1495	GATK4_HAPLOTYPECALLER	sarek::GATK4_HAPLOTYPECALLER	GATK4_HAPLOTYPECALLER	interval_0426	interval_0426		WORKFLOWS/sarek/data/GRCh38_primary_1495.bed	pre_launch
sarek	NA12878_WGS_30x_GRCh38_1495	GATK4_HAPLOTYPECALLER	sarek::GATK4_HAPLOTYPECALLER	GATK4_HAPLOTYPECALLER	interval_0427	interval_0427		WORKFLOWS/sarek/data/GRCh38_primary_1495.bed	pre_launch
sarek	NA12878_WGS_30x_GRCh38_1495	GATK4_HAPLOTYPECALLER	sarek::GATK4_HAPLOTYPECALLER	GATK4_HAPLOTYPECALLER	interval_0428	interval_0428		WORKFLOWS/sarek/data/GRCh38_primary_1495.bed	pre_launch
sarek	NA12878_WGS_30x_GRCh38_1495	GATK4_HAPLOTYPECALLER	sarek::GATK4_HAPLOTYPECALLER	GATK4_HAPLOTYPECALLER	interval_0429	interval_0429		WORKFLOWS/sarek/data/GRCh38_primary_1495.bed	pre_launch
sarek	NA12878_WGS_30x_GRCh38_1495	GATK4_HAPLOTYPECALLER	sarek::GATK4_HAPLOTYPECALLER	GATK4_HAPLOTYPECALLER	interval_0430	interval_0430		WORKFLOWS/sarek/data/GRCh38_primary_1495.bed	pre_launch
sarek	NA12878_WGS_30x_GRCh38_1495	GATK4_HAPLOTYPECALLER	sarek::GATK4_HAPLOTYPECALLER	GATK4_HAPLOTYPECALLER	interval_0431	interval_0431		WORKFLOWS/sarek/data/GRCh38_primary_1495.bed	pre_launch
sarek	NA12878_WGS_30x_GRCh38_1495	GATK4_HAPLOTYPECALLER	sarek::GATK4_HAPLOTYPECALLER	GATK4_HAPLOTYPECALLER	interval_0432	interval_0432		WORKFLOWS/sarek/data/GRCh38_primary_1495.bed	pre_launch
sarek	NA12878_WGS_30x_GRCh38_1495	GATK4_HAPLOTYPECALLER	sarek::GATK4_HAPLOTYPECALLER	GATK4_HAPLOTYPECALLER	interval_0433	interval_0433		WORKFLOWS/sarek/data/GRCh38_primary_1495.bed	pre_launch
sarek	NA12878_WGS_30x_GRCh38_1495	GATK4_HAPLOTYPECALLER	sarek::GATK4_HAPLOTYPECALLER	GATK4_HAPLOTYPECALLER	interval_0434	interval_0434		WORKFLOWS/sarek/data/GRCh38_primary_1495.bed	pre_launch
sarek	NA12878_WGS_30x_GRCh38_1495	GATK4_HAPLOTYPECALLER	sarek::GATK4_HAPLOTYPECALLER	GATK4_HAPLOTYPECALLER	interval_0435	interval_0435		WORKFLOWS/sarek/data/GRCh38_primary_1495.bed	pre_launch
sarek	NA12878_WGS_30x_GRCh38_1495	GATK4_HAPLOTYPECALLER	sarek::GATK4_HAPLOTYPECALLER	GATK4_HAPLOTYPECALLER	interval_0436	interval_0436		WORKFLOWS/sarek/data/GRCh38_primary_1495.bed	pre_launch
sarek	NA12878_WGS_30x_GRCh38_1495	GATK4_HAPLOTYPECALLER	sarek::GATK4_HAPLOTYPECALLER	GATK4_HAPLOTYPECALLER	interval_0437	interval_0437		WORKFLOWS/sarek/data/GRCh38_primary_1495.bed	pre_launch
sarek	NA12878_WGS_30x_GRCh38_1495	GATK4_HAPLOTYPECALLER	sarek::GATK4_HAPLOTYPECALLER	GATK4_HAPLOTYPECALLER	interval_0438	interval_0438		WORKFLOWS/sarek/data/GRCh38_primary_1495.bed	pre_launch
sarek	NA12878_WGS_30x_GRCh38_1495	GATK4_HAPLOTYPECALLER	sarek::GATK4_HAPLOTYPECALLER	GATK4_HAPLOTYPECALLER	interval_0439	interval_0439		WORKFLOWS/sarek/data/GRCh38_primary_1495.bed	pre_launch
sarek	NA12878_WGS_30x_GRCh38_1495	GATK4_HAPLOTYPECALLER	sarek::GATK4_HAPLOTYPECALLER	GATK4_HAPLOTYPECALLER	interval_0440	interval_0440		WORKFLOWS/sarek/data/GRCh38_primary_1495.bed	pre_launch
sarek	NA12878_WGS_30x_GRCh38_1495	GATK4_HAPLOTYPECALLER	sarek::GATK4_HAPLOTYPECALLER	GATK4_HAPLOTYPECALLER	interval_0441	interval_0441		WORKFLOWS/sarek/data/GRCh38_primary_1495.bed	pre_launch
sarek	NA12878_WGS_30x_GRCh38_1495	GATK4_HAPLOTYPECALLER	sarek::GATK4_HAPLOTYPECALLER	GATK4_HAPLOTYPECALLER	interval_0442	interval_0442		WORKFLOWS/sarek/data/GRCh38_primary_1495.bed	pre_launch
sarek	NA12878_WGS_30x_GRCh38_1495	GATK4_HAPLOTYPECALLER	sarek::GATK4_HAPLOTYPECALLER	GATK4_HAPLOTYPECALLER	interval_0443	interval_0443		WORKFLOWS/sarek/data/GRCh38_primary_1495.bed	pre_launch
sarek	NA12878_WGS_30x_GRCh38_1495	GATK4_HAPLOTYPECALLER	sarek::GATK4_HAPLOTYPECALLER	GATK4_HAPLOTYPECALLER	interval_0444	interval_0444		WORKFLOWS/sarek/data/GRCh38_primary_1495.bed	pre_launch
sarek	NA12878_WGS_30x_GRCh38_1495	GATK4_HAPLOTYPECALLER	sarek::GATK4_HAPLOTYPECALLER	GATK4_HAPLOTYPECALLER	interval_0445	interval_0445		WORKFLOWS/sarek/data/GRCh38_primary_1495.bed	pre_launch
sarek	NA12878_WGS_30x_GRCh38_1495	GATK4_HAPLOTYPECALLER	sarek::GATK4_HAPLOTYPECALLER	GATK4_HAPLOTYPECALLER	interval_0446	interval_0446		WORKFLOWS/sarek/data/GRCh38_primary_1495.bed	pre_launch
sarek	NA12878_WGS_30x_GRCh38_1495	GATK4_HAPLOTYPECALLER	sarek::GATK4_HAPLOTYPECALLER	GATK4_HAPLOTYPECALLER	interval_0447	interval_0447		WORKFLOWS/sarek/data/GRCh38_primary_1495.bed	pre_launch
sarek	NA12878_WGS_30x_GRCh38_1495	GATK4_HAPLOTYPECALLER	sarek::GATK4_HAPLOTYPECALLER	GATK4_HAPLOTYPECALLER	interval_0448	interval_0448		WORKFLOWS/sarek/data/GRCh38_primary_1495.bed	pre_launch
sarek	NA12878_WGS_30x_GRCh38_1495	GATK4_HAPLOTYPECALLER	sarek::GATK4_HAPLOTYPECALLER	GATK4_HAPLOTYPECALLER	interval_0449	interval_0449		WORKFLOWS/sarek/data/GRCh38_primary_1495.bed	pre_launch
sarek	NA12878_WGS_30x_GRCh38_1495	GATK4_HAPLOTYPECALLER	sarek::GATK4_HAPLOTYPECALLER	GATK4_HAPLOTYPECALLER	interval_0450	interval_0450		WORKFLOWS/sarek/data/GRCh38_primary_1495.bed	pre_launch
sarek	NA12878_WGS_30x_GRCh38_1495	GATK4_HAPLOTYPECALLER	sarek::GATK4_HAPLOTYPECALLER	GATK4_HAPLOTYPECALLER	interval_0451	interval_0451		WORKFLOWS/sarek/data/GRCh38_primary_1495.bed	pre_launch
sarek	NA12878_WGS_30x_GRCh38_1495	GATK4_HAPLOTYPECALLER	sarek::GATK4_HAPLOTYPECALLER	GATK4_HAPLOTYPECALLER	interval_0452	interval_0452		WORKFLOWS/sarek/data/GRCh38_primary_1495.bed	pre_launch
sarek	NA12878_WGS_30x_GRCh38_1495	GATK4_HAPLOTYPECALLER	sarek::GATK4_HAPLOTYPECALLER	GATK4_HAPLOTYPECALLER	interval_0453	interval_0453		WORKFLOWS/sarek/data/GRCh38_primary_1495.bed	pre_launch
sarek	NA12878_WGS_30x_GRCh38_1495	GATK4_HAPLOTYPECALLER	sarek::GATK4_HAPLOTYPECALLER	GATK4_HAPLOTYPECALLER	interval_0454	interval_0454		WORKFLOWS/sarek/data/GRCh38_primary_1495.bed	pre_launch
sarek	NA12878_WGS_30x_GRCh38_1495	GATK4_HAPLOTYPECALLER	sarek::GATK4_HAPLOTYPECALLER	GATK4_HAPLOTYPECALLER	interval_0455	interval_0455		WORKFLOWS/sarek/data/GRCh38_primary_1495.bed	pre_launch
sarek	NA12878_WGS_30x_GRCh38_1495	GATK4_HAPLOTYPECALLER	sarek::GATK4_HAPLOTYPECALLER	GATK4_HAPLOTYPECALLER	interval_0456	interval_0456		WORKFLOWS/sarek/data/GRCh38_primary_1495.bed	pre_launch
sarek	NA12878_WGS_30x_GRCh38_1495	GATK4_HAPLOTYPECALLER	sarek::GATK4_HAPLOTYPECALLER	GATK4_HAPLOTYPECALLER	interval_0457	interval_0457		WORKFLOWS/sarek/data/GRCh38_primary_1495.bed	pre_launch
sarek	NA12878_WGS_30x_GRCh38_1495	GATK4_HAPLOTYPECALLER	sarek::GATK4_HAPLOTYPECALLER	GATK4_HAPLOTYPECALLER	interval_0458	interval_0458		WORKFLOWS/sarek/data/GRCh38_primary_1495.bed	pre_launch
sarek	NA12878_WGS_30x_GRCh38_1495	GATK4_HAPLOTYPECALLER	sarek::GATK4_HAPLOTYPECALLER	GATK4_HAPLOTYPECALLER	interval_0459	interval_0459		WORKFLOWS/sarek/data/GRCh38_primary_1495.bed	pre_launch
sarek	NA12878_WGS_30x_GRCh38_1495	GATK4_HAPLOTYPECALLER	sarek::GATK4_HAPLOTYPECALLER	GATK4_HAPLOTYPECALLER	interval_0460	interval_0460		WORKFLOWS/sarek/data/GRCh38_primary_1495.bed	pre_launch
sarek	NA12878_WGS_30x_GRCh38_1495	GATK4_HAPLOTYPECALLER	sarek::GATK4_HAPLOTYPECALLER	GATK4_HAPLOTYPECALLER	interval_0461	interval_0461		WORKFLOWS/sarek/data/GRCh38_primary_1495.bed	pre_launch
sarek	NA12878_WGS_30x_GRCh38_1495	GATK4_HAPLOTYPECALLER	sarek::GATK4_HAPLOTYPECALLER	GATK4_HAPLOTYPECALLER	interval_0462	interval_0462		WORKFLOWS/sarek/data/GRCh38_primary_1495.bed	pre_launch
sarek	NA12878_WGS_30x_GRCh38_1495	GATK4_HAPLOTYPECALLER	sarek::GATK4_HAPLOTYPECALLER	GATK4_HAPLOTYPECALLER	interval_0463	interval_0463		WORKFLOWS/sarek/data/GRCh38_primary_1495.bed	pre_launch
sarek	NA12878_WGS_30x_GRCh38_1495	GATK4_HAPLOTYPECALLER	sarek::GATK4_HAPLOTYPECALLER	GATK4_HAPLOTYPECALLER	interval_0464	interval_0464		WORKFLOWS/sarek/data/GRCh38_primary_1495.bed	pre_launch
sarek	NA12878_WGS_30x_GRCh38_1495	GATK4_HAPLOTYPECALLER	sarek::GATK4_HAPLOTYPECALLER	GATK4_HAPLOTYPECALLER	interval_0465	interval_0465		WORKFLOWS/sarek/data/GRCh38_primary_1495.bed	pre_launch
sarek	NA12878_WGS_30x_GRCh38_1495	GATK4_HAPLOTYPECALLER	sarek::GATK4_HAPLOTYPECALLER	GATK4_HAPLOTYPECALLER	interval_0466	interval_0466		WORKFLOWS/sarek/data/GRCh38_primary_1495.bed	pre_launch
sarek	NA12878_WGS_30x_GRCh38_1495	GATK4_HAPLOTYPECALLER	sarek::GATK4_HAPLOTYPECALLER	GATK4_HAPLOTYPECALLER	interval_0467	interval_0467		WORKFLOWS/sarek/data/GRCh38_primary_1495.bed	pre_launch
sarek	NA12878_WGS_30x_GRCh38_1495	GATK4_HAPLOTYPECALLER	sarek::GATK4_HAPLOTYPECALLER	GATK4_HAPLOTYPECALLER	interval_0468	interval_0468		WORKFLOWS/sarek/data/GRCh38_primary_1495.bed	pre_launch
sarek	NA12878_WGS_30x_GRCh38_1495	GATK4_HAPLOTYPECALLER	sarek::GATK4_HAPLOTYPECALLER	GATK4_HAPLOTYPECALLER	interval_0469	interval_0469		WORKFLOWS/sarek/data/GRCh38_primary_1495.bed	pre_launch
sarek	NA12878_WGS_30x_GRCh38_1495	GATK4_HAPLOTYPECALLER	sarek::GATK4_HAPLOTYPECALLER	GATK4_HAPLOTYPECALLER	interval_0470	interval_0470		WORKFLOWS/sarek/data/GRCh38_primary_1495.bed	pre_launch
sarek	NA12878_WGS_30x_GRCh38_1495	GATK4_HAPLOTYPECALLER	sarek::GATK4_HAPLOTYPECALLER	GATK4_HAPLOTYPECALLER	interval_0471	interval_0471		WORKFLOWS/sarek/data/GRCh38_primary_1495.bed	pre_launch
sarek	NA12878_WGS_30x_GRCh38_1495	GATK4_HAPLOTYPECALLER	sarek::GATK4_HAPLOTYPECALLER	GATK4_HAPLOTYPECALLER	interval_0472	interval_0472		WORKFLOWS/sarek/data/GRCh38_primary_1495.bed	pre_launch
sarek	NA12878_WGS_30x_GRCh38_1495	GATK4_HAPLOTYPECALLER	sarek::GATK4_HAPLOTYPECALLER	GATK4_HAPLOTYPECALLER	interval_0473	interval_0473		WORKFLOWS/sarek/data/GRCh38_primary_1495.bed	pre_launch
sarek	NA12878_WGS_30x_GRCh38_1495	GATK4_HAPLOTYPECALLER	sarek::GATK4_HAPLOTYPECALLER	GATK4_HAPLOTYPECALLER	interval_0474	interval_0474		WORKFLOWS/sarek/data/GRCh38_primary_1495.bed	pre_launch
sarek	NA12878_WGS_30x_GRCh38_1495	GATK4_HAPLOTYPECALLER	sarek::GATK4_HAPLOTYPECALLER	GATK4_HAPLOTYPECALLER	interval_0475	interval_0475		WORKFLOWS/sarek/data/GRCh38_primary_1495.bed	pre_launch
sarek	NA12878_WGS_30x_GRCh38_1495	GATK4_HAPLOTYPECALLER	sarek::GATK4_HAPLOTYPECALLER	GATK4_HAPLOTYPECALLER	interval_0476	interval_0476		WORKFLOWS/sarek/data/GRCh38_primary_1495.bed	pre_launch
sarek	NA12878_WGS_30x_GRCh38_1495	GATK4_HAPLOTYPECALLER	sarek::GATK4_HAPLOTYPECALLER	GATK4_HAPLOTYPECALLER	interval_0477	interval_0477		WORKFLOWS/sarek/data/GRCh38_primary_1495.bed	pre_launch
sarek	NA12878_WGS_30x_GRCh38_1495	GATK4_HAPLOTYPECALLER	sarek::GATK4_HAPLOTYPECALLER	GATK4_HAPLOTYPECALLER	interval_0478	interval_0478		WORKFLOWS/sarek/data/GRCh38_primary_1495.bed	pre_launch
sarek	NA12878_WGS_30x_GRCh38_1495	GATK4_HAPLOTYPECALLER	sarek::GATK4_HAPLOTYPECALLER	GATK4_HAPLOTYPECALLER	interval_0479	interval_0479		WORKFLOWS/sarek/data/GRCh38_primary_1495.bed	pre_launch
sarek	NA12878_WGS_30x_GRCh38_1495	GATK4_HAPLOTYPECALLER	sarek::GATK4_HAPLOTYPECALLER	GATK4_HAPLOTYPECALLER	interval_0480	interval_0480		WORKFLOWS/sarek/data/GRCh38_primary_1495.bed	pre_launch
sarek	NA12878_WGS_30x_GRCh38_1495	GATK4_HAPLOTYPECALLER	sarek::GATK4_HAPLOTYPECALLER	GATK4_HAPLOTYPECALLER	interval_0481	interval_0481		WORKFLOWS/sarek/data/GRCh38_primary_1495.bed	pre_launch
sarek	NA12878_WGS_30x_GRCh38_1495	GATK4_HAPLOTYPECALLER	sarek::GATK4_HAPLOTYPECALLER	GATK4_HAPLOTYPECALLER	interval_0482	interval_0482		WORKFLOWS/sarek/data/GRCh38_primary_1495.bed	pre_launch
sarek	NA12878_WGS_30x_GRCh38_1495	GATK4_HAPLOTYPECALLER	sarek::GATK4_HAPLOTYPECALLER	GATK4_HAPLOTYPECALLER	interval_0483	interval_0483		WORKFLOWS/sarek/data/GRCh38_primary_1495.bed	pre_launch
sarek	NA12878_WGS_30x_GRCh38_1495	GATK4_HAPLOTYPECALLER	sarek::GATK4_HAPLOTYPECALLER	GATK4_HAPLOTYPECALLER	interval_0484	interval_0484		WORKFLOWS/sarek/data/GRCh38_primary_1495.bed	pre_launch
sarek	NA12878_WGS_30x_GRCh38_1495	GATK4_HAPLOTYPECALLER	sarek::GATK4_HAPLOTYPECALLER	GATK4_HAPLOTYPECALLER	interval_0485	interval_0485		WORKFLOWS/sarek/data/GRCh38_primary_1495.bed	pre_launch
sarek	NA12878_WGS_30x_GRCh38_1495	GATK4_HAPLOTYPECALLER	sarek::GATK4_HAPLOTYPECALLER	GATK4_HAPLOTYPECALLER	interval_0486	interval_0486		WORKFLOWS/sarek/data/GRCh38_primary_1495.bed	pre_launch
sarek	NA12878_WGS_30x_GRCh38_1495	GATK4_HAPLOTYPECALLER	sarek::GATK4_HAPLOTYPECALLER	GATK4_HAPLOTYPECALLER	interval_0487	interval_0487		WORKFLOWS/sarek/data/GRCh38_primary_1495.bed	pre_launch
sarek	NA12878_WGS_30x_GRCh38_1495	GATK4_HAPLOTYPECALLER	sarek::GATK4_HAPLOTYPECALLER	GATK4_HAPLOTYPECALLER	interval_0488	interval_0488		WORKFLOWS/sarek/data/GRCh38_primary_1495.bed	pre_launch
sarek	NA12878_WGS_30x_GRCh38_1495	GATK4_HAPLOTYPECALLER	sarek::GATK4_HAPLOTYPECALLER	GATK4_HAPLOTYPECALLER	interval_0489	interval_0489		WORKFLOWS/sarek/data/GRCh38_primary_1495.bed	pre_launch
sarek	NA12878_WGS_30x_GRCh38_1495	GATK4_HAPLOTYPECALLER	sarek::GATK4_HAPLOTYPECALLER	GATK4_HAPLOTYPECALLER	interval_0490	interval_0490		WORKFLOWS/sarek/data/GRCh38_primary_1495.bed	pre_launch
sarek	NA12878_WGS_30x_GRCh38_1495	GATK4_HAPLOTYPECALLER	sarek::GATK4_HAPLOTYPECALLER	GATK4_HAPLOTYPECALLER	interval_0491	interval_0491		WORKFLOWS/sarek/data/GRCh38_primary_1495.bed	pre_launch
sarek	NA12878_WGS_30x_GRCh38_1495	GATK4_HAPLOTYPECALLER	sarek::GATK4_HAPLOTYPECALLER	GATK4_HAPLOTYPECALLER	interval_0492	interval_0492		WORKFLOWS/sarek/data/GRCh38_primary_1495.bed	pre_launch
sarek	NA12878_WGS_30x_GRCh38_1495	GATK4_HAPLOTYPECALLER	sarek::GATK4_HAPLOTYPECALLER	GATK4_HAPLOTYPECALLER	interval_0493	interval_0493		WORKFLOWS/sarek/data/GRCh38_primary_1495.bed	pre_launch
sarek	NA12878_WGS_30x_GRCh38_1495	GATK4_HAPLOTYPECALLER	sarek::GATK4_HAPLOTYPECALLER	GATK4_HAPLOTYPECALLER	interval_0494	interval_0494		WORKFLOWS/sarek/data/GRCh38_primary_1495.bed	pre_launch
sarek	NA12878_WGS_30x_GRCh38_1495	GATK4_HAPLOTYPECALLER	sarek::GATK4_HAPLOTYPECALLER	GATK4_HAPLOTYPECALLER	interval_0495	interval_0495		WORKFLOWS/sarek/data/GRCh38_primary_1495.bed	pre_launch
sarek	NA12878_WGS_30x_GRCh38_1495	GATK4_HAPLOTYPECALLER	sarek::GATK4_HAPLOTYPECALLER	GATK4_HAPLOTYPECALLER	interval_0496	interval_0496		WORKFLOWS/sarek/data/GRCh38_primary_1495.bed	pre_launch
sarek	NA12878_WGS_30x_GRCh38_1495	GATK4_HAPLOTYPECALLER	sarek::GATK4_HAPLOTYPECALLER	GATK4_HAPLOTYPECALLER	interval_0497	interval_0497		WORKFLOWS/sarek/data/GRCh38_primary_1495.bed	pre_launch
sarek	NA12878_WGS_30x_GRCh38_1495	GATK4_HAPLOTYPECALLER	sarek::GATK4_HAPLOTYPECALLER	GATK4_HAPLOTYPECALLER	interval_0498	interval_0498		WORKFLOWS/sarek/data/GRCh38_primary_1495.bed	pre_launch
sarek	NA12878_WGS_30x_GRCh38_1495	GATK4_HAPLOTYPECALLER	sarek::GATK4_HAPLOTYPECALLER	GATK4_HAPLOTYPECALLER	interval_0499	interval_0499		WORKFLOWS/sarek/data/GRCh38_primary_1495.bed	pre_launch
sarek	NA12878_WGS_30x_GRCh38_1495	GATK4_HAPLOTYPECALLER	sarek::GATK4_HAPLOTYPECALLER	GATK4_HAPLOTYPECALLER	interval_0500	interval_0500		WORKFLOWS/sarek/data/GRCh38_primary_1495.bed	pre_launch
sarek	NA12878_WGS_30x_GRCh38_1495	GATK4_HAPLOTYPECALLER	sarek::GATK4_HAPLOTYPECALLER	GATK4_HAPLOTYPECALLER	interval_0501	interval_0501		WORKFLOWS/sarek/data/GRCh38_primary_1495.bed	pre_launch
sarek	NA12878_WGS_30x_GRCh38_1495	GATK4_HAPLOTYPECALLER	sarek::GATK4_HAPLOTYPECALLER	GATK4_HAPLOTYPECALLER	interval_0502	interval_0502		WORKFLOWS/sarek/data/GRCh38_primary_1495.bed	pre_launch
sarek	NA12878_WGS_30x_GRCh38_1495	GATK4_HAPLOTYPECALLER	sarek::GATK4_HAPLOTYPECALLER	GATK4_HAPLOTYPECALLER	interval_0503	interval_0503		WORKFLOWS/sarek/data/GRCh38_primary_1495.bed	pre_launch
sarek	NA12878_WGS_30x_GRCh38_1495	GATK4_HAPLOTYPECALLER	sarek::GATK4_HAPLOTYPECALLER	GATK4_HAPLOTYPECALLER	interval_0504	interval_0504		WORKFLOWS/sarek/data/GRCh38_primary_1495.bed	pre_launch
sarek	NA12878_WGS_30x_GRCh38_1495	GATK4_HAPLOTYPECALLER	sarek::GATK4_HAPLOTYPECALLER	GATK4_HAPLOTYPECALLER	interval_0505	interval_0505		WORKFLOWS/sarek/data/GRCh38_primary_1495.bed	pre_launch
sarek	NA12878_WGS_30x_GRCh38_1495	GATK4_HAPLOTYPECALLER	sarek::GATK4_HAPLOTYPECALLER	GATK4_HAPLOTYPECALLER	interval_0506	interval_0506		WORKFLOWS/sarek/data/GRCh38_primary_1495.bed	pre_launch
sarek	NA12878_WGS_30x_GRCh38_1495	GATK4_HAPLOTYPECALLER	sarek::GATK4_HAPLOTYPECALLER	GATK4_HAPLOTYPECALLER	interval_0507	interval_0507		WORKFLOWS/sarek/data/GRCh38_primary_1495.bed	pre_launch
sarek	NA12878_WGS_30x_GRCh38_1495	GATK4_HAPLOTYPECALLER	sarek::GATK4_HAPLOTYPECALLER	GATK4_HAPLOTYPECALLER	interval_0508	interval_0508		WORKFLOWS/sarek/data/GRCh38_primary_1495.bed	pre_launch
sarek	NA12878_WGS_30x_GRCh38_1495	GATK4_HAPLOTYPECALLER	sarek::GATK4_HAPLOTYPECALLER	GATK4_HAPLOTYPECALLER	interval_0509	interval_0509		WORKFLOWS/sarek/data/GRCh38_primary_1495.bed	pre_launch
sarek	NA12878_WGS_30x_GRCh38_1495	GATK4_HAPLOTYPECALLER	sarek::GATK4_HAPLOTYPECALLER	GATK4_HAPLOTYPECALLER	interval_0510	interval_0510		WORKFLOWS/sarek/data/GRCh38_primary_1495.bed	pre_launch
sarek	NA12878_WGS_30x_GRCh38_1495	GATK4_HAPLOTYPECALLER	sarek::GATK4_HAPLOTYPECALLER	GATK4_HAPLOTYPECALLER	interval_0511	interval_0511		WORKFLOWS/sarek/data/GRCh38_primary_1495.bed	pre_launch
sarek	NA12878_WGS_30x_GRCh38_1495	GATK4_HAPLOTYPECALLER	sarek::GATK4_HAPLOTYPECALLER	GATK4_HAPLOTYPECALLER	interval_0512	interval_0512		WORKFLOWS/sarek/data/GRCh38_primary_1495.bed	pre_launch
sarek	NA12878_WGS_30x_GRCh38_1495	GATK4_HAPLOTYPECALLER	sarek::GATK4_HAPLOTYPECALLER	GATK4_HAPLOTYPECALLER	interval_0513	interval_0513		WORKFLOWS/sarek/data/GRCh38_primary_1495.bed	pre_launch
sarek	NA12878_WGS_30x_GRCh38_1495	GATK4_HAPLOTYPECALLER	sarek::GATK4_HAPLOTYPECALLER	GATK4_HAPLOTYPECALLER	interval_0514	interval_0514		WORKFLOWS/sarek/data/GRCh38_primary_1495.bed	pre_launch
sarek	NA12878_WGS_30x_GRCh38_1495	GATK4_HAPLOTYPECALLER	sarek::GATK4_HAPLOTYPECALLER	GATK4_HAPLOTYPECALLER	interval_0515	interval_0515		WORKFLOWS/sarek/data/GRCh38_primary_1495.bed	pre_launch
sarek	NA12878_WGS_30x_GRCh38_1495	GATK4_HAPLOTYPECALLER	sarek::GATK4_HAPLOTYPECALLER	GATK4_HAPLOTYPECALLER	interval_0516	interval_0516		WORKFLOWS/sarek/data/GRCh38_primary_1495.bed	pre_launch
sarek	NA12878_WGS_30x_GRCh38_1495	GATK4_HAPLOTYPECALLER	sarek::GATK4_HAPLOTYPECALLER	GATK4_HAPLOTYPECALLER	interval_0517	interval_0517		WORKFLOWS/sarek/data/GRCh38_primary_1495.bed	pre_launch
sarek	NA12878_WGS_30x_GRCh38_1495	GATK4_HAPLOTYPECALLER	sarek::GATK4_HAPLOTYPECALLER	GATK4_HAPLOTYPECALLER	interval_0518	interval_0518		WORKFLOWS/sarek/data/GRCh38_primary_1495.bed	pre_launch
sarek	NA12878_WGS_30x_GRCh38_1495	GATK4_HAPLOTYPECALLER	sarek::GATK4_HAPLOTYPECALLER	GATK4_HAPLOTYPECALLER	interval_0519	interval_0519		WORKFLOWS/sarek/data/GRCh38_primary_1495.bed	pre_launch
sarek	NA12878_WGS_30x_GRCh38_1495	GATK4_HAPLOTYPECALLER	sarek::GATK4_HAPLOTYPECALLER	GATK4_HAPLOTYPECALLER	interval_0520	interval_0520		WORKFLOWS/sarek/data/GRCh38_primary_1495.bed	pre_launch
sarek	NA12878_WGS_30x_GRCh38_1495	GATK4_HAPLOTYPECALLER	sarek::GATK4_HAPLOTYPECALLER	GATK4_HAPLOTYPECALLER	interval_0521	interval_0521		WORKFLOWS/sarek/data/GRCh38_primary_1495.bed	pre_launch
sarek	NA12878_WGS_30x_GRCh38_1495	GATK4_HAPLOTYPECALLER	sarek::GATK4_HAPLOTYPECALLER	GATK4_HAPLOTYPECALLER	interval_0522	interval_0522		WORKFLOWS/sarek/data/GRCh38_primary_1495.bed	pre_launch
sarek	NA12878_WGS_30x_GRCh38_1495	GATK4_HAPLOTYPECALLER	sarek::GATK4_HAPLOTYPECALLER	GATK4_HAPLOTYPECALLER	interval_0523	interval_0523		WORKFLOWS/sarek/data/GRCh38_primary_1495.bed	pre_launch
sarek	NA12878_WGS_30x_GRCh38_1495	GATK4_HAPLOTYPECALLER	sarek::GATK4_HAPLOTYPECALLER	GATK4_HAPLOTYPECALLER	interval_0524	interval_0524		WORKFLOWS/sarek/data/GRCh38_primary_1495.bed	pre_launch
sarek	NA12878_WGS_30x_GRCh38_1495	GATK4_HAPLOTYPECALLER	sarek::GATK4_HAPLOTYPECALLER	GATK4_HAPLOTYPECALLER	interval_0525	interval_0525		WORKFLOWS/sarek/data/GRCh38_primary_1495.bed	pre_launch
sarek	NA12878_WGS_30x_GRCh38_1495	GATK4_HAPLOTYPECALLER	sarek::GATK4_HAPLOTYPECALLER	GATK4_HAPLOTYPECALLER	interval_0526	interval_0526		WORKFLOWS/sarek/data/GRCh38_primary_1495.bed	pre_launch
sarek	NA12878_WGS_30x_GRCh38_1495	GATK4_HAPLOTYPECALLER	sarek::GATK4_HAPLOTYPECALLER	GATK4_HAPLOTYPECALLER	interval_0527	interval_0527		WORKFLOWS/sarek/data/GRCh38_primary_1495.bed	pre_launch
sarek	NA12878_WGS_30x_GRCh38_1495	GATK4_HAPLOTYPECALLER	sarek::GATK4_HAPLOTYPECALLER	GATK4_HAPLOTYPECALLER	interval_0528	interval_0528		WORKFLOWS/sarek/data/GRCh38_primary_1495.bed	pre_launch
sarek	NA12878_WGS_30x_GRCh38_1495	GATK4_HAPLOTYPECALLER	sarek::GATK4_HAPLOTYPECALLER	GATK4_HAPLOTYPECALLER	interval_0529	interval_0529		WORKFLOWS/sarek/data/GRCh38_primary_1495.bed	pre_launch
sarek	NA12878_WGS_30x_GRCh38_1495	GATK4_HAPLOTYPECALLER	sarek::GATK4_HAPLOTYPECALLER	GATK4_HAPLOTYPECALLER	interval_0530	interval_0530		WORKFLOWS/sarek/data/GRCh38_primary_1495.bed	pre_launch
sarek	NA12878_WGS_30x_GRCh38_1495	GATK4_HAPLOTYPECALLER	sarek::GATK4_HAPLOTYPECALLER	GATK4_HAPLOTYPECALLER	interval_0531	interval_0531		WORKFLOWS/sarek/data/GRCh38_primary_1495.bed	pre_launch
sarek	NA12878_WGS_30x_GRCh38_1495	GATK4_HAPLOTYPECALLER	sarek::GATK4_HAPLOTYPECALLER	GATK4_HAPLOTYPECALLER	interval_0532	interval_0532		WORKFLOWS/sarek/data/GRCh38_primary_1495.bed	pre_launch
sarek	NA12878_WGS_30x_GRCh38_1495	GATK4_HAPLOTYPECALLER	sarek::GATK4_HAPLOTYPECALLER	GATK4_HAPLOTYPECALLER	interval_0533	interval_0533		WORKFLOWS/sarek/data/GRCh38_primary_1495.bed	pre_launch
sarek	NA12878_WGS_30x_GRCh38_1495	GATK4_HAPLOTYPECALLER	sarek::GATK4_HAPLOTYPECALLER	GATK4_HAPLOTYPECALLER	interval_0534	interval_0534		WORKFLOWS/sarek/data/GRCh38_primary_1495.bed	pre_launch
sarek	NA12878_WGS_30x_GRCh38_1495	GATK4_HAPLOTYPECALLER	sarek::GATK4_HAPLOTYPECALLER	GATK4_HAPLOTYPECALLER	interval_0535	interval_0535		WORKFLOWS/sarek/data/GRCh38_primary_1495.bed	pre_launch
sarek	NA12878_WGS_30x_GRCh38_1495	GATK4_HAPLOTYPECALLER	sarek::GATK4_HAPLOTYPECALLER	GATK4_HAPLOTYPECALLER	interval_0536	interval_0536		WORKFLOWS/sarek/data/GRCh38_primary_1495.bed	pre_launch
sarek	NA12878_WGS_30x_GRCh38_1495	GATK4_HAPLOTYPECALLER	sarek::GATK4_HAPLOTYPECALLER	GATK4_HAPLOTYPECALLER	interval_0537	interval_0537		WORKFLOWS/sarek/data/GRCh38_primary_1495.bed	pre_launch
sarek	NA12878_WGS_30x_GRCh38_1495	GATK4_HAPLOTYPECALLER	sarek::GATK4_HAPLOTYPECALLER	GATK4_HAPLOTYPECALLER	interval_0538	interval_0538		WORKFLOWS/sarek/data/GRCh38_primary_1495.bed	pre_launch
sarek	NA12878_WGS_30x_GRCh38_1495	GATK4_HAPLOTYPECALLER	sarek::GATK4_HAPLOTYPECALLER	GATK4_HAPLOTYPECALLER	interval_0539	interval_0539		WORKFLOWS/sarek/data/GRCh38_primary_1495.bed	pre_launch
sarek	NA12878_WGS_30x_GRCh38_1495	GATK4_HAPLOTYPECALLER	sarek::GATK4_HAPLOTYPECALLER	GATK4_HAPLOTYPECALLER	interval_0540	interval_0540		WORKFLOWS/sarek/data/GRCh38_primary_1495.bed	pre_launch
sarek	NA12878_WGS_30x_GRCh38_1495	GATK4_HAPLOTYPECALLER	sarek::GATK4_HAPLOTYPECALLER	GATK4_HAPLOTYPECALLER	interval_0541	interval_0541		WORKFLOWS/sarek/data/GRCh38_primary_1495.bed	pre_launch
sarek	NA12878_WGS_30x_GRCh38_1495	GATK4_HAPLOTYPECALLER	sarek::GATK4_HAPLOTYPECALLER	GATK4_HAPLOTYPECALLER	interval_0542	interval_0542		WORKFLOWS/sarek/data/GRCh38_primary_1495.bed	pre_launch
sarek	NA12878_WGS_30x_GRCh38_1495	GATK4_HAPLOTYPECALLER	sarek::GATK4_HAPLOTYPECALLER	GATK4_HAPLOTYPECALLER	interval_0543	interval_0543		WORKFLOWS/sarek/data/GRCh38_primary_1495.bed	pre_launch
sarek	NA12878_WGS_30x_GRCh38_1495	GATK4_HAPLOTYPECALLER	sarek::GATK4_HAPLOTYPECALLER	GATK4_HAPLOTYPECALLER	interval_0544	interval_0544		WORKFLOWS/sarek/data/GRCh38_primary_1495.bed	pre_launch
sarek	NA12878_WGS_30x_GRCh38_1495	GATK4_HAPLOTYPECALLER	sarek::GATK4_HAPLOTYPECALLER	GATK4_HAPLOTYPECALLER	interval_0545	interval_0545		WORKFLOWS/sarek/data/GRCh38_primary_1495.bed	pre_launch
sarek	NA12878_WGS_30x_GRCh38_1495	GATK4_HAPLOTYPECALLER	sarek::GATK4_HAPLOTYPECALLER	GATK4_HAPLOTYPECALLER	interval_0546	interval_0546		WORKFLOWS/sarek/data/GRCh38_primary_1495.bed	pre_launch
sarek	NA12878_WGS_30x_GRCh38_1495	GATK4_HAPLOTYPECALLER	sarek::GATK4_HAPLOTYPECALLER	GATK4_HAPLOTYPECALLER	interval_0547	interval_0547		WORKFLOWS/sarek/data/GRCh38_primary_1495.bed	pre_launch
sarek	NA12878_WGS_30x_GRCh38_1495	GATK4_HAPLOTYPECALLER	sarek::GATK4_HAPLOTYPECALLER	GATK4_HAPLOTYPECALLER	interval_0548	interval_0548		WORKFLOWS/sarek/data/GRCh38_primary_1495.bed	pre_launch
sarek	NA12878_WGS_30x_GRCh38_1495	GATK4_HAPLOTYPECALLER	sarek::GATK4_HAPLOTYPECALLER	GATK4_HAPLOTYPECALLER	interval_0549	interval_0549		WORKFLOWS/sarek/data/GRCh38_primary_1495.bed	pre_launch
sarek	NA12878_WGS_30x_GRCh38_1495	GATK4_HAPLOTYPECALLER	sarek::GATK4_HAPLOTYPECALLER	GATK4_HAPLOTYPECALLER	interval_0550	interval_0550		WORKFLOWS/sarek/data/GRCh38_primary_1495.bed	pre_launch
sarek	NA12878_WGS_30x_GRCh38_1495	GATK4_HAPLOTYPECALLER	sarek::GATK4_HAPLOTYPECALLER	GATK4_HAPLOTYPECALLER	interval_0551	interval_0551		WORKFLOWS/sarek/data/GRCh38_primary_1495.bed	pre_launch
sarek	NA12878_WGS_30x_GRCh38_1495	GATK4_HAPLOTYPECALLER	sarek::GATK4_HAPLOTYPECALLER	GATK4_HAPLOTYPECALLER	interval_0552	interval_0552		WORKFLOWS/sarek/data/GRCh38_primary_1495.bed	pre_launch
sarek	NA12878_WGS_30x_GRCh38_1495	GATK4_HAPLOTYPECALLER	sarek::GATK4_HAPLOTYPECALLER	GATK4_HAPLOTYPECALLER	interval_0553	interval_0553		WORKFLOWS/sarek/data/GRCh38_primary_1495.bed	pre_launch
sarek	NA12878_WGS_30x_GRCh38_1495	GATK4_HAPLOTYPECALLER	sarek::GATK4_HAPLOTYPECALLER	GATK4_HAPLOTYPECALLER	interval_0554	interval_0554		WORKFLOWS/sarek/data/GRCh38_primary_1495.bed	pre_launch
sarek	NA12878_WGS_30x_GRCh38_1495	GATK4_HAPLOTYPECALLER	sarek::GATK4_HAPLOTYPECALLER	GATK4_HAPLOTYPECALLER	interval_0555	interval_0555		WORKFLOWS/sarek/data/GRCh38_primary_1495.bed	pre_launch
sarek	NA12878_WGS_30x_GRCh38_1495	GATK4_HAPLOTYPECALLER	sarek::GATK4_HAPLOTYPECALLER	GATK4_HAPLOTYPECALLER	interval_0556	interval_0556		WORKFLOWS/sarek/data/GRCh38_primary_1495.bed	pre_launch
sarek	NA12878_WGS_30x_GRCh38_1495	GATK4_HAPLOTYPECALLER	sarek::GATK4_HAPLOTYPECALLER	GATK4_HAPLOTYPECALLER	interval_0557	interval_0557		WORKFLOWS/sarek/data/GRCh38_primary_1495.bed	pre_launch
sarek	NA12878_WGS_30x_GRCh38_1495	GATK4_HAPLOTYPECALLER	sarek::GATK4_HAPLOTYPECALLER	GATK4_HAPLOTYPECALLER	interval_0558	interval_0558		WORKFLOWS/sarek/data/GRCh38_primary_1495.bed	pre_launch
sarek	NA12878_WGS_30x_GRCh38_1495	GATK4_HAPLOTYPECALLER	sarek::GATK4_HAPLOTYPECALLER	GATK4_HAPLOTYPECALLER	interval_0559	interval_0559		WORKFLOWS/sarek/data/GRCh38_primary_1495.bed	pre_launch
sarek	NA12878_WGS_30x_GRCh38_1495	GATK4_HAPLOTYPECALLER	sarek::GATK4_HAPLOTYPECALLER	GATK4_HAPLOTYPECALLER	interval_0560	interval_0560		WORKFLOWS/sarek/data/GRCh38_primary_1495.bed	pre_launch
sarek	NA12878_WGS_30x_GRCh38_1495	GATK4_HAPLOTYPECALLER	sarek::GATK4_HAPLOTYPECALLER	GATK4_HAPLOTYPECALLER	interval_0561	interval_0561		WORKFLOWS/sarek/data/GRCh38_primary_1495.bed	pre_launch
sarek	NA12878_WGS_30x_GRCh38_1495	GATK4_HAPLOTYPECALLER	sarek::GATK4_HAPLOTYPECALLER	GATK4_HAPLOTYPECALLER	interval_0562	interval_0562		WORKFLOWS/sarek/data/GRCh38_primary_1495.bed	pre_launch
sarek	NA12878_WGS_30x_GRCh38_1495	GATK4_HAPLOTYPECALLER	sarek::GATK4_HAPLOTYPECALLER	GATK4_HAPLOTYPECALLER	interval_0563	interval_0563		WORKFLOWS/sarek/data/GRCh38_primary_1495.bed	pre_launch
sarek	NA12878_WGS_30x_GRCh38_1495	GATK4_HAPLOTYPECALLER	sarek::GATK4_HAPLOTYPECALLER	GATK4_HAPLOTYPECALLER	interval_0564	interval_0564		WORKFLOWS/sarek/data/GRCh38_primary_1495.bed	pre_launch
sarek	NA12878_WGS_30x_GRCh38_1495	GATK4_HAPLOTYPECALLER	sarek::GATK4_HAPLOTYPECALLER	GATK4_HAPLOTYPECALLER	interval_0565	interval_0565		WORKFLOWS/sarek/data/GRCh38_primary_1495.bed	pre_launch
sarek	NA12878_WGS_30x_GRCh38_1495	GATK4_HAPLOTYPECALLER	sarek::GATK4_HAPLOTYPECALLER	GATK4_HAPLOTYPECALLER	interval_0566	interval_0566		WORKFLOWS/sarek/data/GRCh38_primary_1495.bed	pre_launch
sarek	NA12878_WGS_30x_GRCh38_1495	GATK4_HAPLOTYPECALLER	sarek::GATK4_HAPLOTYPECALLER	GATK4_HAPLOTYPECALLER	interval_0567	interval_0567		WORKFLOWS/sarek/data/GRCh38_primary_1495.bed	pre_launch
sarek	NA12878_WGS_30x_GRCh38_1495	GATK4_HAPLOTYPECALLER	sarek::GATK4_HAPLOTYPECALLER	GATK4_HAPLOTYPECALLER	interval_0568	interval_0568		WORKFLOWS/sarek/data/GRCh38_primary_1495.bed	pre_launch
sarek	NA12878_WGS_30x_GRCh38_1495	GATK4_HAPLOTYPECALLER	sarek::GATK4_HAPLOTYPECALLER	GATK4_HAPLOTYPECALLER	interval_0569	interval_0569		WORKFLOWS/sarek/data/GRCh38_primary_1495.bed	pre_launch
sarek	NA12878_WGS_30x_GRCh38_1495	GATK4_HAPLOTYPECALLER	sarek::GATK4_HAPLOTYPECALLER	GATK4_HAPLOTYPECALLER	interval_0570	interval_0570		WORKFLOWS/sarek/data/GRCh38_primary_1495.bed	pre_launch
sarek	NA12878_WGS_30x_GRCh38_1495	GATK4_HAPLOTYPECALLER	sarek::GATK4_HAPLOTYPECALLER	GATK4_HAPLOTYPECALLER	interval_0571	interval_0571		WORKFLOWS/sarek/data/GRCh38_primary_1495.bed	pre_launch
sarek	NA12878_WGS_30x_GRCh38_1495	GATK4_HAPLOTYPECALLER	sarek::GATK4_HAPLOTYPECALLER	GATK4_HAPLOTYPECALLER	interval_0572	interval_0572		WORKFLOWS/sarek/data/GRCh38_primary_1495.bed	pre_launch
sarek	NA12878_WGS_30x_GRCh38_1495	GATK4_HAPLOTYPECALLER	sarek::GATK4_HAPLOTYPECALLER	GATK4_HAPLOTYPECALLER	interval_0573	interval_0573		WORKFLOWS/sarek/data/GRCh38_primary_1495.bed	pre_launch
sarek	NA12878_WGS_30x_GRCh38_1495	GATK4_HAPLOTYPECALLER	sarek::GATK4_HAPLOTYPECALLER	GATK4_HAPLOTYPECALLER	interval_0574	interval_0574		WORKFLOWS/sarek/data/GRCh38_primary_1495.bed	pre_launch
sarek	NA12878_WGS_30x_GRCh38_1495	GATK4_HAPLOTYPECALLER	sarek::GATK4_HAPLOTYPECALLER	GATK4_HAPLOTYPECALLER	interval_0575	interval_0575		WORKFLOWS/sarek/data/GRCh38_primary_1495.bed	pre_launch
sarek	NA12878_WGS_30x_GRCh38_1495	GATK4_HAPLOTYPECALLER	sarek::GATK4_HAPLOTYPECALLER	GATK4_HAPLOTYPECALLER	interval_0576	interval_0576		WORKFLOWS/sarek/data/GRCh38_primary_1495.bed	pre_launch
sarek	NA12878_WGS_30x_GRCh38_1495	GATK4_HAPLOTYPECALLER	sarek::GATK4_HAPLOTYPECALLER	GATK4_HAPLOTYPECALLER	interval_0577	interval_0577		WORKFLOWS/sarek/data/GRCh38_primary_1495.bed	pre_launch
sarek	NA12878_WGS_30x_GRCh38_1495	GATK4_HAPLOTYPECALLER	sarek::GATK4_HAPLOTYPECALLER	GATK4_HAPLOTYPECALLER	interval_0578	interval_0578		WORKFLOWS/sarek/data/GRCh38_primary_1495.bed	pre_launch
sarek	NA12878_WGS_30x_GRCh38_1495	GATK4_HAPLOTYPECALLER	sarek::GATK4_HAPLOTYPECALLER	GATK4_HAPLOTYPECALLER	interval_0579	interval_0579		WORKFLOWS/sarek/data/GRCh38_primary_1495.bed	pre_launch
sarek	NA12878_WGS_30x_GRCh38_1495	GATK4_HAPLOTYPECALLER	sarek::GATK4_HAPLOTYPECALLER	GATK4_HAPLOTYPECALLER	interval_0580	interval_0580		WORKFLOWS/sarek/data/GRCh38_primary_1495.bed	pre_launch
sarek	NA12878_WGS_30x_GRCh38_1495	GATK4_HAPLOTYPECALLER	sarek::GATK4_HAPLOTYPECALLER	GATK4_HAPLOTYPECALLER	interval_0581	interval_0581		WORKFLOWS/sarek/data/GRCh38_primary_1495.bed	pre_launch
sarek	NA12878_WGS_30x_GRCh38_1495	GATK4_HAPLOTYPECALLER	sarek::GATK4_HAPLOTYPECALLER	GATK4_HAPLOTYPECALLER	interval_0582	interval_0582		WORKFLOWS/sarek/data/GRCh38_primary_1495.bed	pre_launch
sarek	NA12878_WGS_30x_GRCh38_1495	GATK4_HAPLOTYPECALLER	sarek::GATK4_HAPLOTYPECALLER	GATK4_HAPLOTYPECALLER	interval_0583	interval_0583		WORKFLOWS/sarek/data/GRCh38_primary_1495.bed	pre_launch
sarek	NA12878_WGS_30x_GRCh38_1495	GATK4_HAPLOTYPECALLER	sarek::GATK4_HAPLOTYPECALLER	GATK4_HAPLOTYPECALLER	interval_0584	interval_0584		WORKFLOWS/sarek/data/GRCh38_primary_1495.bed	pre_launch
sarek	NA12878_WGS_30x_GRCh38_1495	GATK4_HAPLOTYPECALLER	sarek::GATK4_HAPLOTYPECALLER	GATK4_HAPLOTYPECALLER	interval_0585	interval_0585		WORKFLOWS/sarek/data/GRCh38_primary_1495.bed	pre_launch
sarek	NA12878_WGS_30x_GRCh38_1495	GATK4_HAPLOTYPECALLER	sarek::GATK4_HAPLOTYPECALLER	GATK4_HAPLOTYPECALLER	interval_0586	interval_0586		WORKFLOWS/sarek/data/GRCh38_primary_1495.bed	pre_launch
sarek	NA12878_WGS_30x_GRCh38_1495	GATK4_HAPLOTYPECALLER	sarek::GATK4_HAPLOTYPECALLER	GATK4_HAPLOTYPECALLER	interval_0587	interval_0587		WORKFLOWS/sarek/data/GRCh38_primary_1495.bed	pre_launch
sarek	NA12878_WGS_30x_GRCh38_1495	GATK4_HAPLOTYPECALLER	sarek::GATK4_HAPLOTYPECALLER	GATK4_HAPLOTYPECALLER	interval_0588	interval_0588		WORKFLOWS/sarek/data/GRCh38_primary_1495.bed	pre_launch
sarek	NA12878_WGS_30x_GRCh38_1495	GATK4_HAPLOTYPECALLER	sarek::GATK4_HAPLOTYPECALLER	GATK4_HAPLOTYPECALLER	interval_0589	interval_0589		WORKFLOWS/sarek/data/GRCh38_primary_1495.bed	pre_launch
sarek	NA12878_WGS_30x_GRCh38_1495	GATK4_HAPLOTYPECALLER	sarek::GATK4_HAPLOTYPECALLER	GATK4_HAPLOTYPECALLER	interval_0590	interval_0590		WORKFLOWS/sarek/data/GRCh38_primary_1495.bed	pre_launch
sarek	NA12878_WGS_30x_GRCh38_1495	GATK4_HAPLOTYPECALLER	sarek::GATK4_HAPLOTYPECALLER	GATK4_HAPLOTYPECALLER	interval_0591	interval_0591		WORKFLOWS/sarek/data/GRCh38_primary_1495.bed	pre_launch
sarek	NA12878_WGS_30x_GRCh38_1495	GATK4_HAPLOTYPECALLER	sarek::GATK4_HAPLOTYPECALLER	GATK4_HAPLOTYPECALLER	interval_0592	interval_0592		WORKFLOWS/sarek/data/GRCh38_primary_1495.bed	pre_launch
sarek	NA12878_WGS_30x_GRCh38_1495	GATK4_HAPLOTYPECALLER	sarek::GATK4_HAPLOTYPECALLER	GATK4_HAPLOTYPECALLER	interval_0593	interval_0593		WORKFLOWS/sarek/data/GRCh38_primary_1495.bed	pre_launch
sarek	NA12878_WGS_30x_GRCh38_1495	GATK4_HAPLOTYPECALLER	sarek::GATK4_HAPLOTYPECALLER	GATK4_HAPLOTYPECALLER	interval_0594	interval_0594		WORKFLOWS/sarek/data/GRCh38_primary_1495.bed	pre_launch
sarek	NA12878_WGS_30x_GRCh38_1495	GATK4_HAPLOTYPECALLER	sarek::GATK4_HAPLOTYPECALLER	GATK4_HAPLOTYPECALLER	interval_0595	interval_0595		WORKFLOWS/sarek/data/GRCh38_primary_1495.bed	pre_launch
sarek	NA12878_WGS_30x_GRCh38_1495	GATK4_HAPLOTYPECALLER	sarek::GATK4_HAPLOTYPECALLER	GATK4_HAPLOTYPECALLER	interval_0596	interval_0596		WORKFLOWS/sarek/data/GRCh38_primary_1495.bed	pre_launch
sarek	NA12878_WGS_30x_GRCh38_1495	GATK4_HAPLOTYPECALLER	sarek::GATK4_HAPLOTYPECALLER	GATK4_HAPLOTYPECALLER	interval_0597	interval_0597		WORKFLOWS/sarek/data/GRCh38_primary_1495.bed	pre_launch
sarek	NA12878_WGS_30x_GRCh38_1495	GATK4_HAPLOTYPECALLER	sarek::GATK4_HAPLOTYPECALLER	GATK4_HAPLOTYPECALLER	interval_0598	interval_0598		WORKFLOWS/sarek/data/GRCh38_primary_1495.bed	pre_launch
sarek	NA12878_WGS_30x_GRCh38_1495	GATK4_HAPLOTYPECALLER	sarek::GATK4_HAPLOTYPECALLER	GATK4_HAPLOTYPECALLER	interval_0599	interval_0599		WORKFLOWS/sarek/data/GRCh38_primary_1495.bed	pre_launch
sarek	NA12878_WGS_30x_GRCh38_1495	GATK4_HAPLOTYPECALLER	sarek::GATK4_HAPLOTYPECALLER	GATK4_HAPLOTYPECALLER	interval_0600	interval_0600		WORKFLOWS/sarek/data/GRCh38_primary_1495.bed	pre_launch
sarek	NA12878_WGS_30x_GRCh38_1495	GATK4_HAPLOTYPECALLER	sarek::GATK4_HAPLOTYPECALLER	GATK4_HAPLOTYPECALLER	interval_0601	interval_0601		WORKFLOWS/sarek/data/GRCh38_primary_1495.bed	pre_launch
sarek	NA12878_WGS_30x_GRCh38_1495	GATK4_HAPLOTYPECALLER	sarek::GATK4_HAPLOTYPECALLER	GATK4_HAPLOTYPECALLER	interval_0602	interval_0602		WORKFLOWS/sarek/data/GRCh38_primary_1495.bed	pre_launch
sarek	NA12878_WGS_30x_GRCh38_1495	GATK4_HAPLOTYPECALLER	sarek::GATK4_HAPLOTYPECALLER	GATK4_HAPLOTYPECALLER	interval_0603	interval_0603		WORKFLOWS/sarek/data/GRCh38_primary_1495.bed	pre_launch
sarek	NA12878_WGS_30x_GRCh38_1495	GATK4_HAPLOTYPECALLER	sarek::GATK4_HAPLOTYPECALLER	GATK4_HAPLOTYPECALLER	interval_0604	interval_0604		WORKFLOWS/sarek/data/GRCh38_primary_1495.bed	pre_launch
sarek	NA12878_WGS_30x_GRCh38_1495	GATK4_HAPLOTYPECALLER	sarek::GATK4_HAPLOTYPECALLER	GATK4_HAPLOTYPECALLER	interval_0605	interval_0605		WORKFLOWS/sarek/data/GRCh38_primary_1495.bed	pre_launch
sarek	NA12878_WGS_30x_GRCh38_1495	GATK4_HAPLOTYPECALLER	sarek::GATK4_HAPLOTYPECALLER	GATK4_HAPLOTYPECALLER	interval_0606	interval_0606		WORKFLOWS/sarek/data/GRCh38_primary_1495.bed	pre_launch
sarek	NA12878_WGS_30x_GRCh38_1495	GATK4_HAPLOTYPECALLER	sarek::GATK4_HAPLOTYPECALLER	GATK4_HAPLOTYPECALLER	interval_0607	interval_0607		WORKFLOWS/sarek/data/GRCh38_primary_1495.bed	pre_launch
sarek	NA12878_WGS_30x_GRCh38_1495	GATK4_HAPLOTYPECALLER	sarek::GATK4_HAPLOTYPECALLER	GATK4_HAPLOTYPECALLER	interval_0608	interval_0608		WORKFLOWS/sarek/data/GRCh38_primary_1495.bed	pre_launch
sarek	NA12878_WGS_30x_GRCh38_1495	GATK4_HAPLOTYPECALLER	sarek::GATK4_HAPLOTYPECALLER	GATK4_HAPLOTYPECALLER	interval_0609	interval_0609		WORKFLOWS/sarek/data/GRCh38_primary_1495.bed	pre_launch
sarek	NA12878_WGS_30x_GRCh38_1495	GATK4_HAPLOTYPECALLER	sarek::GATK4_HAPLOTYPECALLER	GATK4_HAPLOTYPECALLER	interval_0610	interval_0610		WORKFLOWS/sarek/data/GRCh38_primary_1495.bed	pre_launch
sarek	NA12878_WGS_30x_GRCh38_1495	GATK4_HAPLOTYPECALLER	sarek::GATK4_HAPLOTYPECALLER	GATK4_HAPLOTYPECALLER	interval_0611	interval_0611		WORKFLOWS/sarek/data/GRCh38_primary_1495.bed	pre_launch
sarek	NA12878_WGS_30x_GRCh38_1495	GATK4_HAPLOTYPECALLER	sarek::GATK4_HAPLOTYPECALLER	GATK4_HAPLOTYPECALLER	interval_0612	interval_0612		WORKFLOWS/sarek/data/GRCh38_primary_1495.bed	pre_launch
sarek	NA12878_WGS_30x_GRCh38_1495	GATK4_HAPLOTYPECALLER	sarek::GATK4_HAPLOTYPECALLER	GATK4_HAPLOTYPECALLER	interval_0613	interval_0613		WORKFLOWS/sarek/data/GRCh38_primary_1495.bed	pre_launch
sarek	NA12878_WGS_30x_GRCh38_1495	GATK4_HAPLOTYPECALLER	sarek::GATK4_HAPLOTYPECALLER	GATK4_HAPLOTYPECALLER	interval_0614	interval_0614		WORKFLOWS/sarek/data/GRCh38_primary_1495.bed	pre_launch
sarek	NA12878_WGS_30x_GRCh38_1495	GATK4_HAPLOTYPECALLER	sarek::GATK4_HAPLOTYPECALLER	GATK4_HAPLOTYPECALLER	interval_0615	interval_0615		WORKFLOWS/sarek/data/GRCh38_primary_1495.bed	pre_launch
sarek	NA12878_WGS_30x_GRCh38_1495	GATK4_HAPLOTYPECALLER	sarek::GATK4_HAPLOTYPECALLER	GATK4_HAPLOTYPECALLER	interval_0616	interval_0616		WORKFLOWS/sarek/data/GRCh38_primary_1495.bed	pre_launch
sarek	NA12878_WGS_30x_GRCh38_1495	GATK4_HAPLOTYPECALLER	sarek::GATK4_HAPLOTYPECALLER	GATK4_HAPLOTYPECALLER	interval_0617	interval_0617		WORKFLOWS/sarek/data/GRCh38_primary_1495.bed	pre_launch
sarek	NA12878_WGS_30x_GRCh38_1495	GATK4_HAPLOTYPECALLER	sarek::GATK4_HAPLOTYPECALLER	GATK4_HAPLOTYPECALLER	interval_0618	interval_0618		WORKFLOWS/sarek/data/GRCh38_primary_1495.bed	pre_launch
sarek	NA12878_WGS_30x_GRCh38_1495	GATK4_HAPLOTYPECALLER	sarek::GATK4_HAPLOTYPECALLER	GATK4_HAPLOTYPECALLER	interval_0619	interval_0619		WORKFLOWS/sarek/data/GRCh38_primary_1495.bed	pre_launch
sarek	NA12878_WGS_30x_GRCh38_1495	GATK4_HAPLOTYPECALLER	sarek::GATK4_HAPLOTYPECALLER	GATK4_HAPLOTYPECALLER	interval_0620	interval_0620		WORKFLOWS/sarek/data/GRCh38_primary_1495.bed	pre_launch
sarek	NA12878_WGS_30x_GRCh38_1495	GATK4_HAPLOTYPECALLER	sarek::GATK4_HAPLOTYPECALLER	GATK4_HAPLOTYPECALLER	interval_0621	interval_0621		WORKFLOWS/sarek/data/GRCh38_primary_1495.bed	pre_launch
sarek	NA12878_WGS_30x_GRCh38_1495	GATK4_HAPLOTYPECALLER	sarek::GATK4_HAPLOTYPECALLER	GATK4_HAPLOTYPECALLER	interval_0622	interval_0622		WORKFLOWS/sarek/data/GRCh38_primary_1495.bed	pre_launch
sarek	NA12878_WGS_30x_GRCh38_1495	GATK4_HAPLOTYPECALLER	sarek::GATK4_HAPLOTYPECALLER	GATK4_HAPLOTYPECALLER	interval_0623	interval_0623		WORKFLOWS/sarek/data/GRCh38_primary_1495.bed	pre_launch
sarek	NA12878_WGS_30x_GRCh38_1495	GATK4_HAPLOTYPECALLER	sarek::GATK4_HAPLOTYPECALLER	GATK4_HAPLOTYPECALLER	interval_0624	interval_0624		WORKFLOWS/sarek/data/GRCh38_primary_1495.bed	pre_launch
sarek	NA12878_WGS_30x_GRCh38_1495	GATK4_HAPLOTYPECALLER	sarek::GATK4_HAPLOTYPECALLER	GATK4_HAPLOTYPECALLER	interval_0625	interval_0625		WORKFLOWS/sarek/data/GRCh38_primary_1495.bed	pre_launch
sarek	NA12878_WGS_30x_GRCh38_1495	GATK4_HAPLOTYPECALLER	sarek::GATK4_HAPLOTYPECALLER	GATK4_HAPLOTYPECALLER	interval_0626	interval_0626		WORKFLOWS/sarek/data/GRCh38_primary_1495.bed	pre_launch
sarek	NA12878_WGS_30x_GRCh38_1495	GATK4_HAPLOTYPECALLER	sarek::GATK4_HAPLOTYPECALLER	GATK4_HAPLOTYPECALLER	interval_0627	interval_0627		WORKFLOWS/sarek/data/GRCh38_primary_1495.bed	pre_launch
sarek	NA12878_WGS_30x_GRCh38_1495	GATK4_HAPLOTYPECALLER	sarek::GATK4_HAPLOTYPECALLER	GATK4_HAPLOTYPECALLER	interval_0628	interval_0628		WORKFLOWS/sarek/data/GRCh38_primary_1495.bed	pre_launch
sarek	NA12878_WGS_30x_GRCh38_1495	GATK4_HAPLOTYPECALLER	sarek::GATK4_HAPLOTYPECALLER	GATK4_HAPLOTYPECALLER	interval_0629	interval_0629		WORKFLOWS/sarek/data/GRCh38_primary_1495.bed	pre_launch
sarek	NA12878_WGS_30x_GRCh38_1495	GATK4_HAPLOTYPECALLER	sarek::GATK4_HAPLOTYPECALLER	GATK4_HAPLOTYPECALLER	interval_0630	interval_0630		WORKFLOWS/sarek/data/GRCh38_primary_1495.bed	pre_launch
sarek	NA12878_WGS_30x_GRCh38_1495	GATK4_HAPLOTYPECALLER	sarek::GATK4_HAPLOTYPECALLER	GATK4_HAPLOTYPECALLER	interval_0631	interval_0631		WORKFLOWS/sarek/data/GRCh38_primary_1495.bed	pre_launch
sarek	NA12878_WGS_30x_GRCh38_1495	GATK4_HAPLOTYPECALLER	sarek::GATK4_HAPLOTYPECALLER	GATK4_HAPLOTYPECALLER	interval_0632	interval_0632		WORKFLOWS/sarek/data/GRCh38_primary_1495.bed	pre_launch
sarek	NA12878_WGS_30x_GRCh38_1495	GATK4_HAPLOTYPECALLER	sarek::GATK4_HAPLOTYPECALLER	GATK4_HAPLOTYPECALLER	interval_0633	interval_0633		WORKFLOWS/sarek/data/GRCh38_primary_1495.bed	pre_launch
sarek	NA12878_WGS_30x_GRCh38_1495	GATK4_HAPLOTYPECALLER	sarek::GATK4_HAPLOTYPECALLER	GATK4_HAPLOTYPECALLER	interval_0634	interval_0634		WORKFLOWS/sarek/data/GRCh38_primary_1495.bed	pre_launch
sarek	NA12878_WGS_30x_GRCh38_1495	GATK4_HAPLOTYPECALLER	sarek::GATK4_HAPLOTYPECALLER	GATK4_HAPLOTYPECALLER	interval_0635	interval_0635		WORKFLOWS/sarek/data/GRCh38_primary_1495.bed	pre_launch
sarek	NA12878_WGS_30x_GRCh38_1495	GATK4_HAPLOTYPECALLER	sarek::GATK4_HAPLOTYPECALLER	GATK4_HAPLOTYPECALLER	interval_0636	interval_0636		WORKFLOWS/sarek/data/GRCh38_primary_1495.bed	pre_launch
sarek	NA12878_WGS_30x_GRCh38_1495	GATK4_HAPLOTYPECALLER	sarek::GATK4_HAPLOTYPECALLER	GATK4_HAPLOTYPECALLER	interval_0637	interval_0637		WORKFLOWS/sarek/data/GRCh38_primary_1495.bed	pre_launch
sarek	NA12878_WGS_30x_GRCh38_1495	GATK4_HAPLOTYPECALLER	sarek::GATK4_HAPLOTYPECALLER	GATK4_HAPLOTYPECALLER	interval_0638	interval_0638		WORKFLOWS/sarek/data/GRCh38_primary_1495.bed	pre_launch
sarek	NA12878_WGS_30x_GRCh38_1495	GATK4_HAPLOTYPECALLER	sarek::GATK4_HAPLOTYPECALLER	GATK4_HAPLOTYPECALLER	interval_0639	interval_0639		WORKFLOWS/sarek/data/GRCh38_primary_1495.bed	pre_launch
sarek	NA12878_WGS_30x_GRCh38_1495	GATK4_HAPLOTYPECALLER	sarek::GATK4_HAPLOTYPECALLER	GATK4_HAPLOTYPECALLER	interval_0640	interval_0640		WORKFLOWS/sarek/data/GRCh38_primary_1495.bed	pre_launch
sarek	NA12878_WGS_30x_GRCh38_1495	GATK4_HAPLOTYPECALLER	sarek::GATK4_HAPLOTYPECALLER	GATK4_HAPLOTYPECALLER	interval_0641	interval_0641		WORKFLOWS/sarek/data/GRCh38_primary_1495.bed	pre_launch
sarek	NA12878_WGS_30x_GRCh38_1495	GATK4_HAPLOTYPECALLER	sarek::GATK4_HAPLOTYPECALLER	GATK4_HAPLOTYPECALLER	interval_0642	interval_0642		WORKFLOWS/sarek/data/GRCh38_primary_1495.bed	pre_launch
sarek	NA12878_WGS_30x_GRCh38_1495	GATK4_HAPLOTYPECALLER	sarek::GATK4_HAPLOTYPECALLER	GATK4_HAPLOTYPECALLER	interval_0643	interval_0643		WORKFLOWS/sarek/data/GRCh38_primary_1495.bed	pre_launch
sarek	NA12878_WGS_30x_GRCh38_1495	GATK4_HAPLOTYPECALLER	sarek::GATK4_HAPLOTYPECALLER	GATK4_HAPLOTYPECALLER	interval_0644	interval_0644		WORKFLOWS/sarek/data/GRCh38_primary_1495.bed	pre_launch
sarek	NA12878_WGS_30x_GRCh38_1495	GATK4_HAPLOTYPECALLER	sarek::GATK4_HAPLOTYPECALLER	GATK4_HAPLOTYPECALLER	interval_0645	interval_0645		WORKFLOWS/sarek/data/GRCh38_primary_1495.bed	pre_launch
sarek	NA12878_WGS_30x_GRCh38_1495	GATK4_HAPLOTYPECALLER	sarek::GATK4_HAPLOTYPECALLER	GATK4_HAPLOTYPECALLER	interval_0646	interval_0646		WORKFLOWS/sarek/data/GRCh38_primary_1495.bed	pre_launch
sarek	NA12878_WGS_30x_GRCh38_1495	GATK4_HAPLOTYPECALLER	sarek::GATK4_HAPLOTYPECALLER	GATK4_HAPLOTYPECALLER	interval_0647	interval_0647		WORKFLOWS/sarek/data/GRCh38_primary_1495.bed	pre_launch
sarek	NA12878_WGS_30x_GRCh38_1495	GATK4_HAPLOTYPECALLER	sarek::GATK4_HAPLOTYPECALLER	GATK4_HAPLOTYPECALLER	interval_0648	interval_0648		WORKFLOWS/sarek/data/GRCh38_primary_1495.bed	pre_launch
sarek	NA12878_WGS_30x_GRCh38_1495	GATK4_HAPLOTYPECALLER	sarek::GATK4_HAPLOTYPECALLER	GATK4_HAPLOTYPECALLER	interval_0649	interval_0649		WORKFLOWS/sarek/data/GRCh38_primary_1495.bed	pre_launch
sarek	NA12878_WGS_30x_GRCh38_1495	GATK4_HAPLOTYPECALLER	sarek::GATK4_HAPLOTYPECALLER	GATK4_HAPLOTYPECALLER	interval_0650	interval_0650		WORKFLOWS/sarek/data/GRCh38_primary_1495.bed	pre_launch
sarek	NA12878_WGS_30x_GRCh38_1495	GATK4_HAPLOTYPECALLER	sarek::GATK4_HAPLOTYPECALLER	GATK4_HAPLOTYPECALLER	interval_0651	interval_0651		WORKFLOWS/sarek/data/GRCh38_primary_1495.bed	pre_launch
sarek	NA12878_WGS_30x_GRCh38_1495	GATK4_HAPLOTYPECALLER	sarek::GATK4_HAPLOTYPECALLER	GATK4_HAPLOTYPECALLER	interval_0652	interval_0652		WORKFLOWS/sarek/data/GRCh38_primary_1495.bed	pre_launch
sarek	NA12878_WGS_30x_GRCh38_1495	GATK4_HAPLOTYPECALLER	sarek::GATK4_HAPLOTYPECALLER	GATK4_HAPLOTYPECALLER	interval_0653	interval_0653		WORKFLOWS/sarek/data/GRCh38_primary_1495.bed	pre_launch
sarek	NA12878_WGS_30x_GRCh38_1495	GATK4_HAPLOTYPECALLER	sarek::GATK4_HAPLOTYPECALLER	GATK4_HAPLOTYPECALLER	interval_0654	interval_0654		WORKFLOWS/sarek/data/GRCh38_primary_1495.bed	pre_launch
sarek	NA12878_WGS_30x_GRCh38_1495	GATK4_HAPLOTYPECALLER	sarek::GATK4_HAPLOTYPECALLER	GATK4_HAPLOTYPECALLER	interval_0655	interval_0655		WORKFLOWS/sarek/data/GRCh38_primary_1495.bed	pre_launch
sarek	NA12878_WGS_30x_GRCh38_1495	GATK4_HAPLOTYPECALLER	sarek::GATK4_HAPLOTYPECALLER	GATK4_HAPLOTYPECALLER	interval_0656	interval_0656		WORKFLOWS/sarek/data/GRCh38_primary_1495.bed	pre_launch
sarek	NA12878_WGS_30x_GRCh38_1495	GATK4_HAPLOTYPECALLER	sarek::GATK4_HAPLOTYPECALLER	GATK4_HAPLOTYPECALLER	interval_0657	interval_0657		WORKFLOWS/sarek/data/GRCh38_primary_1495.bed	pre_launch
sarek	NA12878_WGS_30x_GRCh38_1495	GATK4_HAPLOTYPECALLER	sarek::GATK4_HAPLOTYPECALLER	GATK4_HAPLOTYPECALLER	interval_0658	interval_0658		WORKFLOWS/sarek/data/GRCh38_primary_1495.bed	pre_launch
sarek	NA12878_WGS_30x_GRCh38_1495	GATK4_HAPLOTYPECALLER	sarek::GATK4_HAPLOTYPECALLER	GATK4_HAPLOTYPECALLER	interval_0659	interval_0659		WORKFLOWS/sarek/data/GRCh38_primary_1495.bed	pre_launch
sarek	NA12878_WGS_30x_GRCh38_1495	GATK4_HAPLOTYPECALLER	sarek::GATK4_HAPLOTYPECALLER	GATK4_HAPLOTYPECALLER	interval_0660	interval_0660		WORKFLOWS/sarek/data/GRCh38_primary_1495.bed	pre_launch
sarek	NA12878_WGS_30x_GRCh38_1495	GATK4_HAPLOTYPECALLER	sarek::GATK4_HAPLOTYPECALLER	GATK4_HAPLOTYPECALLER	interval_0661	interval_0661		WORKFLOWS/sarek/data/GRCh38_primary_1495.bed	pre_launch
sarek	NA12878_WGS_30x_GRCh38_1495	GATK4_HAPLOTYPECALLER	sarek::GATK4_HAPLOTYPECALLER	GATK4_HAPLOTYPECALLER	interval_0662	interval_0662		WORKFLOWS/sarek/data/GRCh38_primary_1495.bed	pre_launch
sarek	NA12878_WGS_30x_GRCh38_1495	GATK4_HAPLOTYPECALLER	sarek::GATK4_HAPLOTYPECALLER	GATK4_HAPLOTYPECALLER	interval_0663	interval_0663		WORKFLOWS/sarek/data/GRCh38_primary_1495.bed	pre_launch
sarek	NA12878_WGS_30x_GRCh38_1495	GATK4_HAPLOTYPECALLER	sarek::GATK4_HAPLOTYPECALLER	GATK4_HAPLOTYPECALLER	interval_0664	interval_0664		WORKFLOWS/sarek/data/GRCh38_primary_1495.bed	pre_launch
sarek	NA12878_WGS_30x_GRCh38_1495	GATK4_HAPLOTYPECALLER	sarek::GATK4_HAPLOTYPECALLER	GATK4_HAPLOTYPECALLER	interval_0665	interval_0665		WORKFLOWS/sarek/data/GRCh38_primary_1495.bed	pre_launch
sarek	NA12878_WGS_30x_GRCh38_1495	GATK4_HAPLOTYPECALLER	sarek::GATK4_HAPLOTYPECALLER	GATK4_HAPLOTYPECALLER	interval_0666	interval_0666		WORKFLOWS/sarek/data/GRCh38_primary_1495.bed	pre_launch
sarek	NA12878_WGS_30x_GRCh38_1495	GATK4_HAPLOTYPECALLER	sarek::GATK4_HAPLOTYPECALLER	GATK4_HAPLOTYPECALLER	interval_0667	interval_0667		WORKFLOWS/sarek/data/GRCh38_primary_1495.bed	pre_launch
sarek	NA12878_WGS_30x_GRCh38_1495	GATK4_HAPLOTYPECALLER	sarek::GATK4_HAPLOTYPECALLER	GATK4_HAPLOTYPECALLER	interval_0668	interval_0668		WORKFLOWS/sarek/data/GRCh38_primary_1495.bed	pre_launch
sarek	NA12878_WGS_30x_GRCh38_1495	GATK4_HAPLOTYPECALLER	sarek::GATK4_HAPLOTYPECALLER	GATK4_HAPLOTYPECALLER	interval_0669	interval_0669		WORKFLOWS/sarek/data/GRCh38_primary_1495.bed	pre_launch
sarek	NA12878_WGS_30x_GRCh38_1495	GATK4_HAPLOTYPECALLER	sarek::GATK4_HAPLOTYPECALLER	GATK4_HAPLOTYPECALLER	interval_0670	interval_0670		WORKFLOWS/sarek/data/GRCh38_primary_1495.bed	pre_launch
sarek	NA12878_WGS_30x_GRCh38_1495	GATK4_HAPLOTYPECALLER	sarek::GATK4_HAPLOTYPECALLER	GATK4_HAPLOTYPECALLER	interval_0671	interval_0671		WORKFLOWS/sarek/data/GRCh38_primary_1495.bed	pre_launch
sarek	NA12878_WGS_30x_GRCh38_1495	GATK4_HAPLOTYPECALLER	sarek::GATK4_HAPLOTYPECALLER	GATK4_HAPLOTYPECALLER	interval_0672	interval_0672		WORKFLOWS/sarek/data/GRCh38_primary_1495.bed	pre_launch
sarek	NA12878_WGS_30x_GRCh38_1495	GATK4_HAPLOTYPECALLER	sarek::GATK4_HAPLOTYPECALLER	GATK4_HAPLOTYPECALLER	interval_0673	interval_0673		WORKFLOWS/sarek/data/GRCh38_primary_1495.bed	pre_launch
sarek	NA12878_WGS_30x_GRCh38_1495	GATK4_HAPLOTYPECALLER	sarek::GATK4_HAPLOTYPECALLER	GATK4_HAPLOTYPECALLER	interval_0674	interval_0674		WORKFLOWS/sarek/data/GRCh38_primary_1495.bed	pre_launch
sarek	NA12878_WGS_30x_GRCh38_1495	GATK4_HAPLOTYPECALLER	sarek::GATK4_HAPLOTYPECALLER	GATK4_HAPLOTYPECALLER	interval_0675	interval_0675		WORKFLOWS/sarek/data/GRCh38_primary_1495.bed	pre_launch
sarek	NA12878_WGS_30x_GRCh38_1495	GATK4_HAPLOTYPECALLER	sarek::GATK4_HAPLOTYPECALLER	GATK4_HAPLOTYPECALLER	interval_0676	interval_0676		WORKFLOWS/sarek/data/GRCh38_primary_1495.bed	pre_launch
sarek	NA12878_WGS_30x_GRCh38_1495	GATK4_HAPLOTYPECALLER	sarek::GATK4_HAPLOTYPECALLER	GATK4_HAPLOTYPECALLER	interval_0677	interval_0677		WORKFLOWS/sarek/data/GRCh38_primary_1495.bed	pre_launch
sarek	NA12878_WGS_30x_GRCh38_1495	GATK4_HAPLOTYPECALLER	sarek::GATK4_HAPLOTYPECALLER	GATK4_HAPLOTYPECALLER	interval_0678	interval_0678		WORKFLOWS/sarek/data/GRCh38_primary_1495.bed	pre_launch
sarek	NA12878_WGS_30x_GRCh38_1495	GATK4_HAPLOTYPECALLER	sarek::GATK4_HAPLOTYPECALLER	GATK4_HAPLOTYPECALLER	interval_0679	interval_0679		WORKFLOWS/sarek/data/GRCh38_primary_1495.bed	pre_launch
sarek	NA12878_WGS_30x_GRCh38_1495	GATK4_HAPLOTYPECALLER	sarek::GATK4_HAPLOTYPECALLER	GATK4_HAPLOTYPECALLER	interval_0680	interval_0680		WORKFLOWS/sarek/data/GRCh38_primary_1495.bed	pre_launch
sarek	NA12878_WGS_30x_GRCh38_1495	GATK4_HAPLOTYPECALLER	sarek::GATK4_HAPLOTYPECALLER	GATK4_HAPLOTYPECALLER	interval_0681	interval_0681		WORKFLOWS/sarek/data/GRCh38_primary_1495.bed	pre_launch
sarek	NA12878_WGS_30x_GRCh38_1495	GATK4_HAPLOTYPECALLER	sarek::GATK4_HAPLOTYPECALLER	GATK4_HAPLOTYPECALLER	interval_0682	interval_0682		WORKFLOWS/sarek/data/GRCh38_primary_1495.bed	pre_launch
sarek	NA12878_WGS_30x_GRCh38_1495	GATK4_HAPLOTYPECALLER	sarek::GATK4_HAPLOTYPECALLER	GATK4_HAPLOTYPECALLER	interval_0683	interval_0683		WORKFLOWS/sarek/data/GRCh38_primary_1495.bed	pre_launch
sarek	NA12878_WGS_30x_GRCh38_1495	GATK4_HAPLOTYPECALLER	sarek::GATK4_HAPLOTYPECALLER	GATK4_HAPLOTYPECALLER	interval_0684	interval_0684		WORKFLOWS/sarek/data/GRCh38_primary_1495.bed	pre_launch
sarek	NA12878_WGS_30x_GRCh38_1495	GATK4_HAPLOTYPECALLER	sarek::GATK4_HAPLOTYPECALLER	GATK4_HAPLOTYPECALLER	interval_0685	interval_0685		WORKFLOWS/sarek/data/GRCh38_primary_1495.bed	pre_launch
sarek	NA12878_WGS_30x_GRCh38_1495	GATK4_HAPLOTYPECALLER	sarek::GATK4_HAPLOTYPECALLER	GATK4_HAPLOTYPECALLER	interval_0686	interval_0686		WORKFLOWS/sarek/data/GRCh38_primary_1495.bed	pre_launch
sarek	NA12878_WGS_30x_GRCh38_1495	GATK4_HAPLOTYPECALLER	sarek::GATK4_HAPLOTYPECALLER	GATK4_HAPLOTYPECALLER	interval_0687	interval_0687		WORKFLOWS/sarek/data/GRCh38_primary_1495.bed	pre_launch
sarek	NA12878_WGS_30x_GRCh38_1495	GATK4_HAPLOTYPECALLER	sarek::GATK4_HAPLOTYPECALLER	GATK4_HAPLOTYPECALLER	interval_0688	interval_0688		WORKFLOWS/sarek/data/GRCh38_primary_1495.bed	pre_launch
sarek	NA12878_WGS_30x_GRCh38_1495	GATK4_HAPLOTYPECALLER	sarek::GATK4_HAPLOTYPECALLER	GATK4_HAPLOTYPECALLER	interval_0689	interval_0689		WORKFLOWS/sarek/data/GRCh38_primary_1495.bed	pre_launch
sarek	NA12878_WGS_30x_GRCh38_1495	GATK4_HAPLOTYPECALLER	sarek::GATK4_HAPLOTYPECALLER	GATK4_HAPLOTYPECALLER	interval_0690	interval_0690		WORKFLOWS/sarek/data/GRCh38_primary_1495.bed	pre_launch
sarek	NA12878_WGS_30x_GRCh38_1495	GATK4_HAPLOTYPECALLER	sarek::GATK4_HAPLOTYPECALLER	GATK4_HAPLOTYPECALLER	interval_0691	interval_0691		WORKFLOWS/sarek/data/GRCh38_primary_1495.bed	pre_launch
sarek	NA12878_WGS_30x_GRCh38_1495	GATK4_HAPLOTYPECALLER	sarek::GATK4_HAPLOTYPECALLER	GATK4_HAPLOTYPECALLER	interval_0692	interval_0692		WORKFLOWS/sarek/data/GRCh38_primary_1495.bed	pre_launch
sarek	NA12878_WGS_30x_GRCh38_1495	GATK4_HAPLOTYPECALLER	sarek::GATK4_HAPLOTYPECALLER	GATK4_HAPLOTYPECALLER	interval_0693	interval_0693		WORKFLOWS/sarek/data/GRCh38_primary_1495.bed	pre_launch
sarek	NA12878_WGS_30x_GRCh38_1495	GATK4_HAPLOTYPECALLER	sarek::GATK4_HAPLOTYPECALLER	GATK4_HAPLOTYPECALLER	interval_0694	interval_0694		WORKFLOWS/sarek/data/GRCh38_primary_1495.bed	pre_launch
sarek	NA12878_WGS_30x_GRCh38_1495	GATK4_HAPLOTYPECALLER	sarek::GATK4_HAPLOTYPECALLER	GATK4_HAPLOTYPECALLER	interval_0695	interval_0695		WORKFLOWS/sarek/data/GRCh38_primary_1495.bed	pre_launch
sarek	NA12878_WGS_30x_GRCh38_1495	GATK4_HAPLOTYPECALLER	sarek::GATK4_HAPLOTYPECALLER	GATK4_HAPLOTYPECALLER	interval_0696	interval_0696		WORKFLOWS/sarek/data/GRCh38_primary_1495.bed	pre_launch
sarek	NA12878_WGS_30x_GRCh38_1495	GATK4_HAPLOTYPECALLER	sarek::GATK4_HAPLOTYPECALLER	GATK4_HAPLOTYPECALLER	interval_0697	interval_0697		WORKFLOWS/sarek/data/GRCh38_primary_1495.bed	pre_launch
sarek	NA12878_WGS_30x_GRCh38_1495	GATK4_HAPLOTYPECALLER	sarek::GATK4_HAPLOTYPECALLER	GATK4_HAPLOTYPECALLER	interval_0698	interval_0698		WORKFLOWS/sarek/data/GRCh38_primary_1495.bed	pre_launch
sarek	NA12878_WGS_30x_GRCh38_1495	GATK4_HAPLOTYPECALLER	sarek::GATK4_HAPLOTYPECALLER	GATK4_HAPLOTYPECALLER	interval_0699	interval_0699		WORKFLOWS/sarek/data/GRCh38_primary_1495.bed	pre_launch
sarek	NA12878_WGS_30x_GRCh38_1495	GATK4_HAPLOTYPECALLER	sarek::GATK4_HAPLOTYPECALLER	GATK4_HAPLOTYPECALLER	interval_0700	interval_0700		WORKFLOWS/sarek/data/GRCh38_primary_1495.bed	pre_launch
sarek	NA12878_WGS_30x_GRCh38_1495	GATK4_HAPLOTYPECALLER	sarek::GATK4_HAPLOTYPECALLER	GATK4_HAPLOTYPECALLER	interval_0701	interval_0701		WORKFLOWS/sarek/data/GRCh38_primary_1495.bed	pre_launch
sarek	NA12878_WGS_30x_GRCh38_1495	GATK4_HAPLOTYPECALLER	sarek::GATK4_HAPLOTYPECALLER	GATK4_HAPLOTYPECALLER	interval_0702	interval_0702		WORKFLOWS/sarek/data/GRCh38_primary_1495.bed	pre_launch
sarek	NA12878_WGS_30x_GRCh38_1495	GATK4_HAPLOTYPECALLER	sarek::GATK4_HAPLOTYPECALLER	GATK4_HAPLOTYPECALLER	interval_0703	interval_0703		WORKFLOWS/sarek/data/GRCh38_primary_1495.bed	pre_launch
sarek	NA12878_WGS_30x_GRCh38_1495	GATK4_HAPLOTYPECALLER	sarek::GATK4_HAPLOTYPECALLER	GATK4_HAPLOTYPECALLER	interval_0704	interval_0704		WORKFLOWS/sarek/data/GRCh38_primary_1495.bed	pre_launch
sarek	NA12878_WGS_30x_GRCh38_1495	GATK4_HAPLOTYPECALLER	sarek::GATK4_HAPLOTYPECALLER	GATK4_HAPLOTYPECALLER	interval_0705	interval_0705		WORKFLOWS/sarek/data/GRCh38_primary_1495.bed	pre_launch
sarek	NA12878_WGS_30x_GRCh38_1495	GATK4_HAPLOTYPECALLER	sarek::GATK4_HAPLOTYPECALLER	GATK4_HAPLOTYPECALLER	interval_0706	interval_0706		WORKFLOWS/sarek/data/GRCh38_primary_1495.bed	pre_launch
sarek	NA12878_WGS_30x_GRCh38_1495	GATK4_HAPLOTYPECALLER	sarek::GATK4_HAPLOTYPECALLER	GATK4_HAPLOTYPECALLER	interval_0707	interval_0707		WORKFLOWS/sarek/data/GRCh38_primary_1495.bed	pre_launch
sarek	NA12878_WGS_30x_GRCh38_1495	GATK4_HAPLOTYPECALLER	sarek::GATK4_HAPLOTYPECALLER	GATK4_HAPLOTYPECALLER	interval_0708	interval_0708		WORKFLOWS/sarek/data/GRCh38_primary_1495.bed	pre_launch
sarek	NA12878_WGS_30x_GRCh38_1495	GATK4_HAPLOTYPECALLER	sarek::GATK4_HAPLOTYPECALLER	GATK4_HAPLOTYPECALLER	interval_0709	interval_0709		WORKFLOWS/sarek/data/GRCh38_primary_1495.bed	pre_launch
sarek	NA12878_WGS_30x_GRCh38_1495	GATK4_HAPLOTYPECALLER	sarek::GATK4_HAPLOTYPECALLER	GATK4_HAPLOTYPECALLER	interval_0710	interval_0710		WORKFLOWS/sarek/data/GRCh38_primary_1495.bed	pre_launch
sarek	NA12878_WGS_30x_GRCh38_1495	GATK4_HAPLOTYPECALLER	sarek::GATK4_HAPLOTYPECALLER	GATK4_HAPLOTYPECALLER	interval_0711	interval_0711		WORKFLOWS/sarek/data/GRCh38_primary_1495.bed	pre_launch
sarek	NA12878_WGS_30x_GRCh38_1495	GATK4_HAPLOTYPECALLER	sarek::GATK4_HAPLOTYPECALLER	GATK4_HAPLOTYPECALLER	interval_0712	interval_0712		WORKFLOWS/sarek/data/GRCh38_primary_1495.bed	pre_launch
sarek	NA12878_WGS_30x_GRCh38_1495	GATK4_HAPLOTYPECALLER	sarek::GATK4_HAPLOTYPECALLER	GATK4_HAPLOTYPECALLER	interval_0713	interval_0713		WORKFLOWS/sarek/data/GRCh38_primary_1495.bed	pre_launch
sarek	NA12878_WGS_30x_GRCh38_1495	GATK4_HAPLOTYPECALLER	sarek::GATK4_HAPLOTYPECALLER	GATK4_HAPLOTYPECALLER	interval_0714	interval_0714		WORKFLOWS/sarek/data/GRCh38_primary_1495.bed	pre_launch
sarek	NA12878_WGS_30x_GRCh38_1495	GATK4_HAPLOTYPECALLER	sarek::GATK4_HAPLOTYPECALLER	GATK4_HAPLOTYPECALLER	interval_0715	interval_0715		WORKFLOWS/sarek/data/GRCh38_primary_1495.bed	pre_launch
sarek	NA12878_WGS_30x_GRCh38_1495	GATK4_HAPLOTYPECALLER	sarek::GATK4_HAPLOTYPECALLER	GATK4_HAPLOTYPECALLER	interval_0716	interval_0716		WORKFLOWS/sarek/data/GRCh38_primary_1495.bed	pre_launch
sarek	NA12878_WGS_30x_GRCh38_1495	GATK4_HAPLOTYPECALLER	sarek::GATK4_HAPLOTYPECALLER	GATK4_HAPLOTYPECALLER	interval_0717	interval_0717		WORKFLOWS/sarek/data/GRCh38_primary_1495.bed	pre_launch
sarek	NA12878_WGS_30x_GRCh38_1495	GATK4_HAPLOTYPECALLER	sarek::GATK4_HAPLOTYPECALLER	GATK4_HAPLOTYPECALLER	interval_0718	interval_0718		WORKFLOWS/sarek/data/GRCh38_primary_1495.bed	pre_launch
sarek	NA12878_WGS_30x_GRCh38_1495	GATK4_HAPLOTYPECALLER	sarek::GATK4_HAPLOTYPECALLER	GATK4_HAPLOTYPECALLER	interval_0719	interval_0719		WORKFLOWS/sarek/data/GRCh38_primary_1495.bed	pre_launch
sarek	NA12878_WGS_30x_GRCh38_1495	GATK4_HAPLOTYPECALLER	sarek::GATK4_HAPLOTYPECALLER	GATK4_HAPLOTYPECALLER	interval_0720	interval_0720		WORKFLOWS/sarek/data/GRCh38_primary_1495.bed	pre_launch
sarek	NA12878_WGS_30x_GRCh38_1495	GATK4_HAPLOTYPECALLER	sarek::GATK4_HAPLOTYPECALLER	GATK4_HAPLOTYPECALLER	interval_0721	interval_0721		WORKFLOWS/sarek/data/GRCh38_primary_1495.bed	pre_launch
sarek	NA12878_WGS_30x_GRCh38_1495	GATK4_HAPLOTYPECALLER	sarek::GATK4_HAPLOTYPECALLER	GATK4_HAPLOTYPECALLER	interval_0722	interval_0722		WORKFLOWS/sarek/data/GRCh38_primary_1495.bed	pre_launch
sarek	NA12878_WGS_30x_GRCh38_1495	GATK4_HAPLOTYPECALLER	sarek::GATK4_HAPLOTYPECALLER	GATK4_HAPLOTYPECALLER	interval_0723	interval_0723		WORKFLOWS/sarek/data/GRCh38_primary_1495.bed	pre_launch
sarek	NA12878_WGS_30x_GRCh38_1495	GATK4_HAPLOTYPECALLER	sarek::GATK4_HAPLOTYPECALLER	GATK4_HAPLOTYPECALLER	interval_0724	interval_0724		WORKFLOWS/sarek/data/GRCh38_primary_1495.bed	pre_launch
sarek	NA12878_WGS_30x_GRCh38_1495	GATK4_HAPLOTYPECALLER	sarek::GATK4_HAPLOTYPECALLER	GATK4_HAPLOTYPECALLER	interval_0725	interval_0725		WORKFLOWS/sarek/data/GRCh38_primary_1495.bed	pre_launch
sarek	NA12878_WGS_30x_GRCh38_1495	GATK4_HAPLOTYPECALLER	sarek::GATK4_HAPLOTYPECALLER	GATK4_HAPLOTYPECALLER	interval_0726	interval_0726		WORKFLOWS/sarek/data/GRCh38_primary_1495.bed	pre_launch
sarek	NA12878_WGS_30x_GRCh38_1495	GATK4_HAPLOTYPECALLER	sarek::GATK4_HAPLOTYPECALLER	GATK4_HAPLOTYPECALLER	interval_0727	interval_0727		WORKFLOWS/sarek/data/GRCh38_primary_1495.bed	pre_launch
sarek	NA12878_WGS_30x_GRCh38_1495	GATK4_HAPLOTYPECALLER	sarek::GATK4_HAPLOTYPECALLER	GATK4_HAPLOTYPECALLER	interval_0728	interval_0728		WORKFLOWS/sarek/data/GRCh38_primary_1495.bed	pre_launch
sarek	NA12878_WGS_30x_GRCh38_1495	GATK4_HAPLOTYPECALLER	sarek::GATK4_HAPLOTYPECALLER	GATK4_HAPLOTYPECALLER	interval_0729	interval_0729		WORKFLOWS/sarek/data/GRCh38_primary_1495.bed	pre_launch
sarek	NA12878_WGS_30x_GRCh38_1495	GATK4_HAPLOTYPECALLER	sarek::GATK4_HAPLOTYPECALLER	GATK4_HAPLOTYPECALLER	interval_0730	interval_0730		WORKFLOWS/sarek/data/GRCh38_primary_1495.bed	pre_launch
sarek	NA12878_WGS_30x_GRCh38_1495	GATK4_HAPLOTYPECALLER	sarek::GATK4_HAPLOTYPECALLER	GATK4_HAPLOTYPECALLER	interval_0731	interval_0731		WORKFLOWS/sarek/data/GRCh38_primary_1495.bed	pre_launch
sarek	NA12878_WGS_30x_GRCh38_1495	GATK4_HAPLOTYPECALLER	sarek::GATK4_HAPLOTYPECALLER	GATK4_HAPLOTYPECALLER	interval_0732	interval_0732		WORKFLOWS/sarek/data/GRCh38_primary_1495.bed	pre_launch
sarek	NA12878_WGS_30x_GRCh38_1495	GATK4_HAPLOTYPECALLER	sarek::GATK4_HAPLOTYPECALLER	GATK4_HAPLOTYPECALLER	interval_0733	interval_0733		WORKFLOWS/sarek/data/GRCh38_primary_1495.bed	pre_launch
sarek	NA12878_WGS_30x_GRCh38_1495	GATK4_HAPLOTYPECALLER	sarek::GATK4_HAPLOTYPECALLER	GATK4_HAPLOTYPECALLER	interval_0734	interval_0734		WORKFLOWS/sarek/data/GRCh38_primary_1495.bed	pre_launch
sarek	NA12878_WGS_30x_GRCh38_1495	GATK4_HAPLOTYPECALLER	sarek::GATK4_HAPLOTYPECALLER	GATK4_HAPLOTYPECALLER	interval_0735	interval_0735		WORKFLOWS/sarek/data/GRCh38_primary_1495.bed	pre_launch
sarek	NA12878_WGS_30x_GRCh38_1495	GATK4_HAPLOTYPECALLER	sarek::GATK4_HAPLOTYPECALLER	GATK4_HAPLOTYPECALLER	interval_0736	interval_0736		WORKFLOWS/sarek/data/GRCh38_primary_1495.bed	pre_launch
sarek	NA12878_WGS_30x_GRCh38_1495	GATK4_HAPLOTYPECALLER	sarek::GATK4_HAPLOTYPECALLER	GATK4_HAPLOTYPECALLER	interval_0737	interval_0737		WORKFLOWS/sarek/data/GRCh38_primary_1495.bed	pre_launch
sarek	NA12878_WGS_30x_GRCh38_1495	GATK4_HAPLOTYPECALLER	sarek::GATK4_HAPLOTYPECALLER	GATK4_HAPLOTYPECALLER	interval_0738	interval_0738		WORKFLOWS/sarek/data/GRCh38_primary_1495.bed	pre_launch
sarek	NA12878_WGS_30x_GRCh38_1495	GATK4_HAPLOTYPECALLER	sarek::GATK4_HAPLOTYPECALLER	GATK4_HAPLOTYPECALLER	interval_0739	interval_0739		WORKFLOWS/sarek/data/GRCh38_primary_1495.bed	pre_launch
sarek	NA12878_WGS_30x_GRCh38_1495	GATK4_HAPLOTYPECALLER	sarek::GATK4_HAPLOTYPECALLER	GATK4_HAPLOTYPECALLER	interval_0740	interval_0740		WORKFLOWS/sarek/data/GRCh38_primary_1495.bed	pre_launch
sarek	NA12878_WGS_30x_GRCh38_1495	GATK4_HAPLOTYPECALLER	sarek::GATK4_HAPLOTYPECALLER	GATK4_HAPLOTYPECALLER	interval_0741	interval_0741		WORKFLOWS/sarek/data/GRCh38_primary_1495.bed	pre_launch
sarek	NA12878_WGS_30x_GRCh38_1495	GATK4_HAPLOTYPECALLER	sarek::GATK4_HAPLOTYPECALLER	GATK4_HAPLOTYPECALLER	interval_0742	interval_0742		WORKFLOWS/sarek/data/GRCh38_primary_1495.bed	pre_launch
sarek	NA12878_WGS_30x_GRCh38_1495	GATK4_HAPLOTYPECALLER	sarek::GATK4_HAPLOTYPECALLER	GATK4_HAPLOTYPECALLER	interval_0743	interval_0743		WORKFLOWS/sarek/data/GRCh38_primary_1495.bed	pre_launch
sarek	NA12878_WGS_30x_GRCh38_1495	GATK4_HAPLOTYPECALLER	sarek::GATK4_HAPLOTYPECALLER	GATK4_HAPLOTYPECALLER	interval_0744	interval_0744		WORKFLOWS/sarek/data/GRCh38_primary_1495.bed	pre_launch
sarek	NA12878_WGS_30x_GRCh38_1495	GATK4_HAPLOTYPECALLER	sarek::GATK4_HAPLOTYPECALLER	GATK4_HAPLOTYPECALLER	interval_0745	interval_0745		WORKFLOWS/sarek/data/GRCh38_primary_1495.bed	pre_launch
sarek	NA12878_WGS_30x_GRCh38_1495	GATK4_HAPLOTYPECALLER	sarek::GATK4_HAPLOTYPECALLER	GATK4_HAPLOTYPECALLER	interval_0746	interval_0746		WORKFLOWS/sarek/data/GRCh38_primary_1495.bed	pre_launch
sarek	NA12878_WGS_30x_GRCh38_1495	GATK4_HAPLOTYPECALLER	sarek::GATK4_HAPLOTYPECALLER	GATK4_HAPLOTYPECALLER	interval_0747	interval_0747		WORKFLOWS/sarek/data/GRCh38_primary_1495.bed	pre_launch
sarek	NA12878_WGS_30x_GRCh38_1495	GATK4_HAPLOTYPECALLER	sarek::GATK4_HAPLOTYPECALLER	GATK4_HAPLOTYPECALLER	interval_0748	interval_0748		WORKFLOWS/sarek/data/GRCh38_primary_1495.bed	pre_launch
sarek	NA12878_WGS_30x_GRCh38_1495	GATK4_HAPLOTYPECALLER	sarek::GATK4_HAPLOTYPECALLER	GATK4_HAPLOTYPECALLER	interval_0749	interval_0749		WORKFLOWS/sarek/data/GRCh38_primary_1495.bed	pre_launch
sarek	NA12878_WGS_30x_GRCh38_1495	GATK4_HAPLOTYPECALLER	sarek::GATK4_HAPLOTYPECALLER	GATK4_HAPLOTYPECALLER	interval_0750	interval_0750		WORKFLOWS/sarek/data/GRCh38_primary_1495.bed	pre_launch
sarek	NA12878_WGS_30x_GRCh38_1495	GATK4_HAPLOTYPECALLER	sarek::GATK4_HAPLOTYPECALLER	GATK4_HAPLOTYPECALLER	interval_0751	interval_0751		WORKFLOWS/sarek/data/GRCh38_primary_1495.bed	pre_launch
sarek	NA12878_WGS_30x_GRCh38_1495	GATK4_HAPLOTYPECALLER	sarek::GATK4_HAPLOTYPECALLER	GATK4_HAPLOTYPECALLER	interval_0752	interval_0752		WORKFLOWS/sarek/data/GRCh38_primary_1495.bed	pre_launch
sarek	NA12878_WGS_30x_GRCh38_1495	GATK4_HAPLOTYPECALLER	sarek::GATK4_HAPLOTYPECALLER	GATK4_HAPLOTYPECALLER	interval_0753	interval_0753		WORKFLOWS/sarek/data/GRCh38_primary_1495.bed	pre_launch
sarek	NA12878_WGS_30x_GRCh38_1495	GATK4_HAPLOTYPECALLER	sarek::GATK4_HAPLOTYPECALLER	GATK4_HAPLOTYPECALLER	interval_0754	interval_0754		WORKFLOWS/sarek/data/GRCh38_primary_1495.bed	pre_launch
sarek	NA12878_WGS_30x_GRCh38_1495	GATK4_HAPLOTYPECALLER	sarek::GATK4_HAPLOTYPECALLER	GATK4_HAPLOTYPECALLER	interval_0755	interval_0755		WORKFLOWS/sarek/data/GRCh38_primary_1495.bed	pre_launch
sarek	NA12878_WGS_30x_GRCh38_1495	GATK4_HAPLOTYPECALLER	sarek::GATK4_HAPLOTYPECALLER	GATK4_HAPLOTYPECALLER	interval_0756	interval_0756		WORKFLOWS/sarek/data/GRCh38_primary_1495.bed	pre_launch
sarek	NA12878_WGS_30x_GRCh38_1495	GATK4_HAPLOTYPECALLER	sarek::GATK4_HAPLOTYPECALLER	GATK4_HAPLOTYPECALLER	interval_0757	interval_0757		WORKFLOWS/sarek/data/GRCh38_primary_1495.bed	pre_launch
sarek	NA12878_WGS_30x_GRCh38_1495	GATK4_HAPLOTYPECALLER	sarek::GATK4_HAPLOTYPECALLER	GATK4_HAPLOTYPECALLER	interval_0758	interval_0758		WORKFLOWS/sarek/data/GRCh38_primary_1495.bed	pre_launch
sarek	NA12878_WGS_30x_GRCh38_1495	GATK4_HAPLOTYPECALLER	sarek::GATK4_HAPLOTYPECALLER	GATK4_HAPLOTYPECALLER	interval_0759	interval_0759		WORKFLOWS/sarek/data/GRCh38_primary_1495.bed	pre_launch
sarek	NA12878_WGS_30x_GRCh38_1495	GATK4_HAPLOTYPECALLER	sarek::GATK4_HAPLOTYPECALLER	GATK4_HAPLOTYPECALLER	interval_0760	interval_0760		WORKFLOWS/sarek/data/GRCh38_primary_1495.bed	pre_launch
sarek	NA12878_WGS_30x_GRCh38_1495	GATK4_HAPLOTYPECALLER	sarek::GATK4_HAPLOTYPECALLER	GATK4_HAPLOTYPECALLER	interval_0761	interval_0761		WORKFLOWS/sarek/data/GRCh38_primary_1495.bed	pre_launch
sarek	NA12878_WGS_30x_GRCh38_1495	GATK4_HAPLOTYPECALLER	sarek::GATK4_HAPLOTYPECALLER	GATK4_HAPLOTYPECALLER	interval_0762	interval_0762		WORKFLOWS/sarek/data/GRCh38_primary_1495.bed	pre_launch
sarek	NA12878_WGS_30x_GRCh38_1495	GATK4_HAPLOTYPECALLER	sarek::GATK4_HAPLOTYPECALLER	GATK4_HAPLOTYPECALLER	interval_0763	interval_0763		WORKFLOWS/sarek/data/GRCh38_primary_1495.bed	pre_launch
sarek	NA12878_WGS_30x_GRCh38_1495	GATK4_HAPLOTYPECALLER	sarek::GATK4_HAPLOTYPECALLER	GATK4_HAPLOTYPECALLER	interval_0764	interval_0764		WORKFLOWS/sarek/data/GRCh38_primary_1495.bed	pre_launch
sarek	NA12878_WGS_30x_GRCh38_1495	GATK4_HAPLOTYPECALLER	sarek::GATK4_HAPLOTYPECALLER	GATK4_HAPLOTYPECALLER	interval_0765	interval_0765		WORKFLOWS/sarek/data/GRCh38_primary_1495.bed	pre_launch
sarek	NA12878_WGS_30x_GRCh38_1495	GATK4_HAPLOTYPECALLER	sarek::GATK4_HAPLOTYPECALLER	GATK4_HAPLOTYPECALLER	interval_0766	interval_0766		WORKFLOWS/sarek/data/GRCh38_primary_1495.bed	pre_launch
sarek	NA12878_WGS_30x_GRCh38_1495	GATK4_HAPLOTYPECALLER	sarek::GATK4_HAPLOTYPECALLER	GATK4_HAPLOTYPECALLER	interval_0767	interval_0767		WORKFLOWS/sarek/data/GRCh38_primary_1495.bed	pre_launch
sarek	NA12878_WGS_30x_GRCh38_1495	GATK4_HAPLOTYPECALLER	sarek::GATK4_HAPLOTYPECALLER	GATK4_HAPLOTYPECALLER	interval_0768	interval_0768		WORKFLOWS/sarek/data/GRCh38_primary_1495.bed	pre_launch
sarek	NA12878_WGS_30x_GRCh38_1495	GATK4_HAPLOTYPECALLER	sarek::GATK4_HAPLOTYPECALLER	GATK4_HAPLOTYPECALLER	interval_0769	interval_0769		WORKFLOWS/sarek/data/GRCh38_primary_1495.bed	pre_launch
sarek	NA12878_WGS_30x_GRCh38_1495	GATK4_HAPLOTYPECALLER	sarek::GATK4_HAPLOTYPECALLER	GATK4_HAPLOTYPECALLER	interval_0770	interval_0770		WORKFLOWS/sarek/data/GRCh38_primary_1495.bed	pre_launch
sarek	NA12878_WGS_30x_GRCh38_1495	GATK4_HAPLOTYPECALLER	sarek::GATK4_HAPLOTYPECALLER	GATK4_HAPLOTYPECALLER	interval_0771	interval_0771		WORKFLOWS/sarek/data/GRCh38_primary_1495.bed	pre_launch
sarek	NA12878_WGS_30x_GRCh38_1495	GATK4_HAPLOTYPECALLER	sarek::GATK4_HAPLOTYPECALLER	GATK4_HAPLOTYPECALLER	interval_0772	interval_0772		WORKFLOWS/sarek/data/GRCh38_primary_1495.bed	pre_launch
sarek	NA12878_WGS_30x_GRCh38_1495	GATK4_HAPLOTYPECALLER	sarek::GATK4_HAPLOTYPECALLER	GATK4_HAPLOTYPECALLER	interval_0773	interval_0773		WORKFLOWS/sarek/data/GRCh38_primary_1495.bed	pre_launch
sarek	NA12878_WGS_30x_GRCh38_1495	GATK4_HAPLOTYPECALLER	sarek::GATK4_HAPLOTYPECALLER	GATK4_HAPLOTYPECALLER	interval_0774	interval_0774		WORKFLOWS/sarek/data/GRCh38_primary_1495.bed	pre_launch
sarek	NA12878_WGS_30x_GRCh38_1495	GATK4_HAPLOTYPECALLER	sarek::GATK4_HAPLOTYPECALLER	GATK4_HAPLOTYPECALLER	interval_0775	interval_0775		WORKFLOWS/sarek/data/GRCh38_primary_1495.bed	pre_launch
sarek	NA12878_WGS_30x_GRCh38_1495	GATK4_HAPLOTYPECALLER	sarek::GATK4_HAPLOTYPECALLER	GATK4_HAPLOTYPECALLER	interval_0776	interval_0776		WORKFLOWS/sarek/data/GRCh38_primary_1495.bed	pre_launch
sarek	NA12878_WGS_30x_GRCh38_1495	GATK4_HAPLOTYPECALLER	sarek::GATK4_HAPLOTYPECALLER	GATK4_HAPLOTYPECALLER	interval_0777	interval_0777		WORKFLOWS/sarek/data/GRCh38_primary_1495.bed	pre_launch
sarek	NA12878_WGS_30x_GRCh38_1495	GATK4_HAPLOTYPECALLER	sarek::GATK4_HAPLOTYPECALLER	GATK4_HAPLOTYPECALLER	interval_0778	interval_0778		WORKFLOWS/sarek/data/GRCh38_primary_1495.bed	pre_launch
sarek	NA12878_WGS_30x_GRCh38_1495	GATK4_HAPLOTYPECALLER	sarek::GATK4_HAPLOTYPECALLER	GATK4_HAPLOTYPECALLER	interval_0779	interval_0779		WORKFLOWS/sarek/data/GRCh38_primary_1495.bed	pre_launch
sarek	NA12878_WGS_30x_GRCh38_1495	GATK4_HAPLOTYPECALLER	sarek::GATK4_HAPLOTYPECALLER	GATK4_HAPLOTYPECALLER	interval_0780	interval_0780		WORKFLOWS/sarek/data/GRCh38_primary_1495.bed	pre_launch
sarek	NA12878_WGS_30x_GRCh38_1495	GATK4_HAPLOTYPECALLER	sarek::GATK4_HAPLOTYPECALLER	GATK4_HAPLOTYPECALLER	interval_0781	interval_0781		WORKFLOWS/sarek/data/GRCh38_primary_1495.bed	pre_launch
sarek	NA12878_WGS_30x_GRCh38_1495	GATK4_HAPLOTYPECALLER	sarek::GATK4_HAPLOTYPECALLER	GATK4_HAPLOTYPECALLER	interval_0782	interval_0782		WORKFLOWS/sarek/data/GRCh38_primary_1495.bed	pre_launch
sarek	NA12878_WGS_30x_GRCh38_1495	GATK4_HAPLOTYPECALLER	sarek::GATK4_HAPLOTYPECALLER	GATK4_HAPLOTYPECALLER	interval_0783	interval_0783		WORKFLOWS/sarek/data/GRCh38_primary_1495.bed	pre_launch
sarek	NA12878_WGS_30x_GRCh38_1495	GATK4_HAPLOTYPECALLER	sarek::GATK4_HAPLOTYPECALLER	GATK4_HAPLOTYPECALLER	interval_0784	interval_0784		WORKFLOWS/sarek/data/GRCh38_primary_1495.bed	pre_launch
sarek	NA12878_WGS_30x_GRCh38_1495	GATK4_HAPLOTYPECALLER	sarek::GATK4_HAPLOTYPECALLER	GATK4_HAPLOTYPECALLER	interval_0785	interval_0785		WORKFLOWS/sarek/data/GRCh38_primary_1495.bed	pre_launch
sarek	NA12878_WGS_30x_GRCh38_1495	GATK4_HAPLOTYPECALLER	sarek::GATK4_HAPLOTYPECALLER	GATK4_HAPLOTYPECALLER	interval_0786	interval_0786		WORKFLOWS/sarek/data/GRCh38_primary_1495.bed	pre_launch
sarek	NA12878_WGS_30x_GRCh38_1495	GATK4_HAPLOTYPECALLER	sarek::GATK4_HAPLOTYPECALLER	GATK4_HAPLOTYPECALLER	interval_0787	interval_0787		WORKFLOWS/sarek/data/GRCh38_primary_1495.bed	pre_launch
sarek	NA12878_WGS_30x_GRCh38_1495	GATK4_HAPLOTYPECALLER	sarek::GATK4_HAPLOTYPECALLER	GATK4_HAPLOTYPECALLER	interval_0788	interval_0788		WORKFLOWS/sarek/data/GRCh38_primary_1495.bed	pre_launch
sarek	NA12878_WGS_30x_GRCh38_1495	GATK4_HAPLOTYPECALLER	sarek::GATK4_HAPLOTYPECALLER	GATK4_HAPLOTYPECALLER	interval_0789	interval_0789		WORKFLOWS/sarek/data/GRCh38_primary_1495.bed	pre_launch
sarek	NA12878_WGS_30x_GRCh38_1495	GATK4_HAPLOTYPECALLER	sarek::GATK4_HAPLOTYPECALLER	GATK4_HAPLOTYPECALLER	interval_0790	interval_0790		WORKFLOWS/sarek/data/GRCh38_primary_1495.bed	pre_launch
sarek	NA12878_WGS_30x_GRCh38_1495	GATK4_HAPLOTYPECALLER	sarek::GATK4_HAPLOTYPECALLER	GATK4_HAPLOTYPECALLER	interval_0791	interval_0791		WORKFLOWS/sarek/data/GRCh38_primary_1495.bed	pre_launch
sarek	NA12878_WGS_30x_GRCh38_1495	GATK4_HAPLOTYPECALLER	sarek::GATK4_HAPLOTYPECALLER	GATK4_HAPLOTYPECALLER	interval_0792	interval_0792		WORKFLOWS/sarek/data/GRCh38_primary_1495.bed	pre_launch
sarek	NA12878_WGS_30x_GRCh38_1495	GATK4_HAPLOTYPECALLER	sarek::GATK4_HAPLOTYPECALLER	GATK4_HAPLOTYPECALLER	interval_0793	interval_0793		WORKFLOWS/sarek/data/GRCh38_primary_1495.bed	pre_launch
sarek	NA12878_WGS_30x_GRCh38_1495	GATK4_HAPLOTYPECALLER	sarek::GATK4_HAPLOTYPECALLER	GATK4_HAPLOTYPECALLER	interval_0794	interval_0794		WORKFLOWS/sarek/data/GRCh38_primary_1495.bed	pre_launch
sarek	NA12878_WGS_30x_GRCh38_1495	GATK4_HAPLOTYPECALLER	sarek::GATK4_HAPLOTYPECALLER	GATK4_HAPLOTYPECALLER	interval_0795	interval_0795		WORKFLOWS/sarek/data/GRCh38_primary_1495.bed	pre_launch
sarek	NA12878_WGS_30x_GRCh38_1495	GATK4_HAPLOTYPECALLER	sarek::GATK4_HAPLOTYPECALLER	GATK4_HAPLOTYPECALLER	interval_0796	interval_0796		WORKFLOWS/sarek/data/GRCh38_primary_1495.bed	pre_launch
sarek	NA12878_WGS_30x_GRCh38_1495	GATK4_HAPLOTYPECALLER	sarek::GATK4_HAPLOTYPECALLER	GATK4_HAPLOTYPECALLER	interval_0797	interval_0797		WORKFLOWS/sarek/data/GRCh38_primary_1495.bed	pre_launch
sarek	NA12878_WGS_30x_GRCh38_1495	GATK4_HAPLOTYPECALLER	sarek::GATK4_HAPLOTYPECALLER	GATK4_HAPLOTYPECALLER	interval_0798	interval_0798		WORKFLOWS/sarek/data/GRCh38_primary_1495.bed	pre_launch
sarek	NA12878_WGS_30x_GRCh38_1495	GATK4_HAPLOTYPECALLER	sarek::GATK4_HAPLOTYPECALLER	GATK4_HAPLOTYPECALLER	interval_0799	interval_0799		WORKFLOWS/sarek/data/GRCh38_primary_1495.bed	pre_launch
sarek	NA12878_WGS_30x_GRCh38_1495	GATK4_HAPLOTYPECALLER	sarek::GATK4_HAPLOTYPECALLER	GATK4_HAPLOTYPECALLER	interval_0800	interval_0800		WORKFLOWS/sarek/data/GRCh38_primary_1495.bed	pre_launch
sarek	NA12878_WGS_30x_GRCh38_1495	GATK4_HAPLOTYPECALLER	sarek::GATK4_HAPLOTYPECALLER	GATK4_HAPLOTYPECALLER	interval_0801	interval_0801		WORKFLOWS/sarek/data/GRCh38_primary_1495.bed	pre_launch
sarek	NA12878_WGS_30x_GRCh38_1495	GATK4_HAPLOTYPECALLER	sarek::GATK4_HAPLOTYPECALLER	GATK4_HAPLOTYPECALLER	interval_0802	interval_0802		WORKFLOWS/sarek/data/GRCh38_primary_1495.bed	pre_launch
sarek	NA12878_WGS_30x_GRCh38_1495	GATK4_HAPLOTYPECALLER	sarek::GATK4_HAPLOTYPECALLER	GATK4_HAPLOTYPECALLER	interval_0803	interval_0803		WORKFLOWS/sarek/data/GRCh38_primary_1495.bed	pre_launch
sarek	NA12878_WGS_30x_GRCh38_1495	GATK4_HAPLOTYPECALLER	sarek::GATK4_HAPLOTYPECALLER	GATK4_HAPLOTYPECALLER	interval_0804	interval_0804		WORKFLOWS/sarek/data/GRCh38_primary_1495.bed	pre_launch
sarek	NA12878_WGS_30x_GRCh38_1495	GATK4_HAPLOTYPECALLER	sarek::GATK4_HAPLOTYPECALLER	GATK4_HAPLOTYPECALLER	interval_0805	interval_0805		WORKFLOWS/sarek/data/GRCh38_primary_1495.bed	pre_launch
sarek	NA12878_WGS_30x_GRCh38_1495	GATK4_HAPLOTYPECALLER	sarek::GATK4_HAPLOTYPECALLER	GATK4_HAPLOTYPECALLER	interval_0806	interval_0806		WORKFLOWS/sarek/data/GRCh38_primary_1495.bed	pre_launch
sarek	NA12878_WGS_30x_GRCh38_1495	GATK4_HAPLOTYPECALLER	sarek::GATK4_HAPLOTYPECALLER	GATK4_HAPLOTYPECALLER	interval_0807	interval_0807		WORKFLOWS/sarek/data/GRCh38_primary_1495.bed	pre_launch
sarek	NA12878_WGS_30x_GRCh38_1495	GATK4_HAPLOTYPECALLER	sarek::GATK4_HAPLOTYPECALLER	GATK4_HAPLOTYPECALLER	interval_0808	interval_0808		WORKFLOWS/sarek/data/GRCh38_primary_1495.bed	pre_launch
sarek	NA12878_WGS_30x_GRCh38_1495	GATK4_HAPLOTYPECALLER	sarek::GATK4_HAPLOTYPECALLER	GATK4_HAPLOTYPECALLER	interval_0809	interval_0809		WORKFLOWS/sarek/data/GRCh38_primary_1495.bed	pre_launch
sarek	NA12878_WGS_30x_GRCh38_1495	GATK4_HAPLOTYPECALLER	sarek::GATK4_HAPLOTYPECALLER	GATK4_HAPLOTYPECALLER	interval_0810	interval_0810		WORKFLOWS/sarek/data/GRCh38_primary_1495.bed	pre_launch
sarek	NA12878_WGS_30x_GRCh38_1495	GATK4_HAPLOTYPECALLER	sarek::GATK4_HAPLOTYPECALLER	GATK4_HAPLOTYPECALLER	interval_0811	interval_0811		WORKFLOWS/sarek/data/GRCh38_primary_1495.bed	pre_launch
sarek	NA12878_WGS_30x_GRCh38_1495	GATK4_HAPLOTYPECALLER	sarek::GATK4_HAPLOTYPECALLER	GATK4_HAPLOTYPECALLER	interval_0812	interval_0812		WORKFLOWS/sarek/data/GRCh38_primary_1495.bed	pre_launch
sarek	NA12878_WGS_30x_GRCh38_1495	GATK4_HAPLOTYPECALLER	sarek::GATK4_HAPLOTYPECALLER	GATK4_HAPLOTYPECALLER	interval_0813	interval_0813		WORKFLOWS/sarek/data/GRCh38_primary_1495.bed	pre_launch
sarek	NA12878_WGS_30x_GRCh38_1495	GATK4_HAPLOTYPECALLER	sarek::GATK4_HAPLOTYPECALLER	GATK4_HAPLOTYPECALLER	interval_0814	interval_0814		WORKFLOWS/sarek/data/GRCh38_primary_1495.bed	pre_launch
sarek	NA12878_WGS_30x_GRCh38_1495	GATK4_HAPLOTYPECALLER	sarek::GATK4_HAPLOTYPECALLER	GATK4_HAPLOTYPECALLER	interval_0815	interval_0815		WORKFLOWS/sarek/data/GRCh38_primary_1495.bed	pre_launch
sarek	NA12878_WGS_30x_GRCh38_1495	GATK4_HAPLOTYPECALLER	sarek::GATK4_HAPLOTYPECALLER	GATK4_HAPLOTYPECALLER	interval_0816	interval_0816		WORKFLOWS/sarek/data/GRCh38_primary_1495.bed	pre_launch
sarek	NA12878_WGS_30x_GRCh38_1495	GATK4_HAPLOTYPECALLER	sarek::GATK4_HAPLOTYPECALLER	GATK4_HAPLOTYPECALLER	interval_0817	interval_0817		WORKFLOWS/sarek/data/GRCh38_primary_1495.bed	pre_launch
sarek	NA12878_WGS_30x_GRCh38_1495	GATK4_HAPLOTYPECALLER	sarek::GATK4_HAPLOTYPECALLER	GATK4_HAPLOTYPECALLER	interval_0818	interval_0818		WORKFLOWS/sarek/data/GRCh38_primary_1495.bed	pre_launch
sarek	NA12878_WGS_30x_GRCh38_1495	GATK4_HAPLOTYPECALLER	sarek::GATK4_HAPLOTYPECALLER	GATK4_HAPLOTYPECALLER	interval_0819	interval_0819		WORKFLOWS/sarek/data/GRCh38_primary_1495.bed	pre_launch
sarek	NA12878_WGS_30x_GRCh38_1495	GATK4_HAPLOTYPECALLER	sarek::GATK4_HAPLOTYPECALLER	GATK4_HAPLOTYPECALLER	interval_0820	interval_0820		WORKFLOWS/sarek/data/GRCh38_primary_1495.bed	pre_launch
sarek	NA12878_WGS_30x_GRCh38_1495	GATK4_HAPLOTYPECALLER	sarek::GATK4_HAPLOTYPECALLER	GATK4_HAPLOTYPECALLER	interval_0821	interval_0821		WORKFLOWS/sarek/data/GRCh38_primary_1495.bed	pre_launch
sarek	NA12878_WGS_30x_GRCh38_1495	GATK4_HAPLOTYPECALLER	sarek::GATK4_HAPLOTYPECALLER	GATK4_HAPLOTYPECALLER	interval_0822	interval_0822		WORKFLOWS/sarek/data/GRCh38_primary_1495.bed	pre_launch
sarek	NA12878_WGS_30x_GRCh38_1495	GATK4_HAPLOTYPECALLER	sarek::GATK4_HAPLOTYPECALLER	GATK4_HAPLOTYPECALLER	interval_0823	interval_0823		WORKFLOWS/sarek/data/GRCh38_primary_1495.bed	pre_launch
sarek	NA12878_WGS_30x_GRCh38_1495	GATK4_HAPLOTYPECALLER	sarek::GATK4_HAPLOTYPECALLER	GATK4_HAPLOTYPECALLER	interval_0824	interval_0824		WORKFLOWS/sarek/data/GRCh38_primary_1495.bed	pre_launch
sarek	NA12878_WGS_30x_GRCh38_1495	GATK4_HAPLOTYPECALLER	sarek::GATK4_HAPLOTYPECALLER	GATK4_HAPLOTYPECALLER	interval_0825	interval_0825		WORKFLOWS/sarek/data/GRCh38_primary_1495.bed	pre_launch
sarek	NA12878_WGS_30x_GRCh38_1495	GATK4_HAPLOTYPECALLER	sarek::GATK4_HAPLOTYPECALLER	GATK4_HAPLOTYPECALLER	interval_0826	interval_0826		WORKFLOWS/sarek/data/GRCh38_primary_1495.bed	pre_launch
sarek	NA12878_WGS_30x_GRCh38_1495	GATK4_HAPLOTYPECALLER	sarek::GATK4_HAPLOTYPECALLER	GATK4_HAPLOTYPECALLER	interval_0827	interval_0827		WORKFLOWS/sarek/data/GRCh38_primary_1495.bed	pre_launch
sarek	NA12878_WGS_30x_GRCh38_1495	GATK4_HAPLOTYPECALLER	sarek::GATK4_HAPLOTYPECALLER	GATK4_HAPLOTYPECALLER	interval_0828	interval_0828		WORKFLOWS/sarek/data/GRCh38_primary_1495.bed	pre_launch
sarek	NA12878_WGS_30x_GRCh38_1495	GATK4_HAPLOTYPECALLER	sarek::GATK4_HAPLOTYPECALLER	GATK4_HAPLOTYPECALLER	interval_0829	interval_0829		WORKFLOWS/sarek/data/GRCh38_primary_1495.bed	pre_launch
sarek	NA12878_WGS_30x_GRCh38_1495	GATK4_HAPLOTYPECALLER	sarek::GATK4_HAPLOTYPECALLER	GATK4_HAPLOTYPECALLER	interval_0830	interval_0830		WORKFLOWS/sarek/data/GRCh38_primary_1495.bed	pre_launch
sarek	NA12878_WGS_30x_GRCh38_1495	GATK4_HAPLOTYPECALLER	sarek::GATK4_HAPLOTYPECALLER	GATK4_HAPLOTYPECALLER	interval_0831	interval_0831		WORKFLOWS/sarek/data/GRCh38_primary_1495.bed	pre_launch
sarek	NA12878_WGS_30x_GRCh38_1495	GATK4_HAPLOTYPECALLER	sarek::GATK4_HAPLOTYPECALLER	GATK4_HAPLOTYPECALLER	interval_0832	interval_0832		WORKFLOWS/sarek/data/GRCh38_primary_1495.bed	pre_launch
sarek	NA12878_WGS_30x_GRCh38_1495	GATK4_HAPLOTYPECALLER	sarek::GATK4_HAPLOTYPECALLER	GATK4_HAPLOTYPECALLER	interval_0833	interval_0833		WORKFLOWS/sarek/data/GRCh38_primary_1495.bed	pre_launch
sarek	NA12878_WGS_30x_GRCh38_1495	GATK4_HAPLOTYPECALLER	sarek::GATK4_HAPLOTYPECALLER	GATK4_HAPLOTYPECALLER	interval_0834	interval_0834		WORKFLOWS/sarek/data/GRCh38_primary_1495.bed	pre_launch
sarek	NA12878_WGS_30x_GRCh38_1495	GATK4_HAPLOTYPECALLER	sarek::GATK4_HAPLOTYPECALLER	GATK4_HAPLOTYPECALLER	interval_0835	interval_0835		WORKFLOWS/sarek/data/GRCh38_primary_1495.bed	pre_launch
sarek	NA12878_WGS_30x_GRCh38_1495	GATK4_HAPLOTYPECALLER	sarek::GATK4_HAPLOTYPECALLER	GATK4_HAPLOTYPECALLER	interval_0836	interval_0836		WORKFLOWS/sarek/data/GRCh38_primary_1495.bed	pre_launch
sarek	NA12878_WGS_30x_GRCh38_1495	GATK4_HAPLOTYPECALLER	sarek::GATK4_HAPLOTYPECALLER	GATK4_HAPLOTYPECALLER	interval_0837	interval_0837		WORKFLOWS/sarek/data/GRCh38_primary_1495.bed	pre_launch
sarek	NA12878_WGS_30x_GRCh38_1495	GATK4_HAPLOTYPECALLER	sarek::GATK4_HAPLOTYPECALLER	GATK4_HAPLOTYPECALLER	interval_0838	interval_0838		WORKFLOWS/sarek/data/GRCh38_primary_1495.bed	pre_launch
sarek	NA12878_WGS_30x_GRCh38_1495	GATK4_HAPLOTYPECALLER	sarek::GATK4_HAPLOTYPECALLER	GATK4_HAPLOTYPECALLER	interval_0839	interval_0839		WORKFLOWS/sarek/data/GRCh38_primary_1495.bed	pre_launch
sarek	NA12878_WGS_30x_GRCh38_1495	GATK4_HAPLOTYPECALLER	sarek::GATK4_HAPLOTYPECALLER	GATK4_HAPLOTYPECALLER	interval_0840	interval_0840		WORKFLOWS/sarek/data/GRCh38_primary_1495.bed	pre_launch
sarek	NA12878_WGS_30x_GRCh38_1495	GATK4_HAPLOTYPECALLER	sarek::GATK4_HAPLOTYPECALLER	GATK4_HAPLOTYPECALLER	interval_0841	interval_0841		WORKFLOWS/sarek/data/GRCh38_primary_1495.bed	pre_launch
sarek	NA12878_WGS_30x_GRCh38_1495	GATK4_HAPLOTYPECALLER	sarek::GATK4_HAPLOTYPECALLER	GATK4_HAPLOTYPECALLER	interval_0842	interval_0842		WORKFLOWS/sarek/data/GRCh38_primary_1495.bed	pre_launch
sarek	NA12878_WGS_30x_GRCh38_1495	GATK4_HAPLOTYPECALLER	sarek::GATK4_HAPLOTYPECALLER	GATK4_HAPLOTYPECALLER	interval_0843	interval_0843		WORKFLOWS/sarek/data/GRCh38_primary_1495.bed	pre_launch
sarek	NA12878_WGS_30x_GRCh38_1495	GATK4_HAPLOTYPECALLER	sarek::GATK4_HAPLOTYPECALLER	GATK4_HAPLOTYPECALLER	interval_0844	interval_0844		WORKFLOWS/sarek/data/GRCh38_primary_1495.bed	pre_launch
sarek	NA12878_WGS_30x_GRCh38_1495	GATK4_HAPLOTYPECALLER	sarek::GATK4_HAPLOTYPECALLER	GATK4_HAPLOTYPECALLER	interval_0845	interval_0845		WORKFLOWS/sarek/data/GRCh38_primary_1495.bed	pre_launch
sarek	NA12878_WGS_30x_GRCh38_1495	GATK4_HAPLOTYPECALLER	sarek::GATK4_HAPLOTYPECALLER	GATK4_HAPLOTYPECALLER	interval_0846	interval_0846		WORKFLOWS/sarek/data/GRCh38_primary_1495.bed	pre_launch
sarek	NA12878_WGS_30x_GRCh38_1495	GATK4_HAPLOTYPECALLER	sarek::GATK4_HAPLOTYPECALLER	GATK4_HAPLOTYPECALLER	interval_0847	interval_0847		WORKFLOWS/sarek/data/GRCh38_primary_1495.bed	pre_launch
sarek	NA12878_WGS_30x_GRCh38_1495	GATK4_HAPLOTYPECALLER	sarek::GATK4_HAPLOTYPECALLER	GATK4_HAPLOTYPECALLER	interval_0848	interval_0848		WORKFLOWS/sarek/data/GRCh38_primary_1495.bed	pre_launch
sarek	NA12878_WGS_30x_GRCh38_1495	GATK4_HAPLOTYPECALLER	sarek::GATK4_HAPLOTYPECALLER	GATK4_HAPLOTYPECALLER	interval_0849	interval_0849		WORKFLOWS/sarek/data/GRCh38_primary_1495.bed	pre_launch
sarek	NA12878_WGS_30x_GRCh38_1495	GATK4_HAPLOTYPECALLER	sarek::GATK4_HAPLOTYPECALLER	GATK4_HAPLOTYPECALLER	interval_0850	interval_0850		WORKFLOWS/sarek/data/GRCh38_primary_1495.bed	pre_launch
sarek	NA12878_WGS_30x_GRCh38_1495	GATK4_HAPLOTYPECALLER	sarek::GATK4_HAPLOTYPECALLER	GATK4_HAPLOTYPECALLER	interval_0851	interval_0851		WORKFLOWS/sarek/data/GRCh38_primary_1495.bed	pre_launch
sarek	NA12878_WGS_30x_GRCh38_1495	GATK4_HAPLOTYPECALLER	sarek::GATK4_HAPLOTYPECALLER	GATK4_HAPLOTYPECALLER	interval_0852	interval_0852		WORKFLOWS/sarek/data/GRCh38_primary_1495.bed	pre_launch
sarek	NA12878_WGS_30x_GRCh38_1495	GATK4_HAPLOTYPECALLER	sarek::GATK4_HAPLOTYPECALLER	GATK4_HAPLOTYPECALLER	interval_0853	interval_0853		WORKFLOWS/sarek/data/GRCh38_primary_1495.bed	pre_launch
sarek	NA12878_WGS_30x_GRCh38_1495	GATK4_HAPLOTYPECALLER	sarek::GATK4_HAPLOTYPECALLER	GATK4_HAPLOTYPECALLER	interval_0854	interval_0854		WORKFLOWS/sarek/data/GRCh38_primary_1495.bed	pre_launch
sarek	NA12878_WGS_30x_GRCh38_1495	GATK4_HAPLOTYPECALLER	sarek::GATK4_HAPLOTYPECALLER	GATK4_HAPLOTYPECALLER	interval_0855	interval_0855		WORKFLOWS/sarek/data/GRCh38_primary_1495.bed	pre_launch
sarek	NA12878_WGS_30x_GRCh38_1495	GATK4_HAPLOTYPECALLER	sarek::GATK4_HAPLOTYPECALLER	GATK4_HAPLOTYPECALLER	interval_0856	interval_0856		WORKFLOWS/sarek/data/GRCh38_primary_1495.bed	pre_launch
sarek	NA12878_WGS_30x_GRCh38_1495	GATK4_HAPLOTYPECALLER	sarek::GATK4_HAPLOTYPECALLER	GATK4_HAPLOTYPECALLER	interval_0857	interval_0857		WORKFLOWS/sarek/data/GRCh38_primary_1495.bed	pre_launch
sarek	NA12878_WGS_30x_GRCh38_1495	GATK4_HAPLOTYPECALLER	sarek::GATK4_HAPLOTYPECALLER	GATK4_HAPLOTYPECALLER	interval_0858	interval_0858		WORKFLOWS/sarek/data/GRCh38_primary_1495.bed	pre_launch
sarek	NA12878_WGS_30x_GRCh38_1495	GATK4_HAPLOTYPECALLER	sarek::GATK4_HAPLOTYPECALLER	GATK4_HAPLOTYPECALLER	interval_0859	interval_0859		WORKFLOWS/sarek/data/GRCh38_primary_1495.bed	pre_launch
sarek	NA12878_WGS_30x_GRCh38_1495	GATK4_HAPLOTYPECALLER	sarek::GATK4_HAPLOTYPECALLER	GATK4_HAPLOTYPECALLER	interval_0860	interval_0860		WORKFLOWS/sarek/data/GRCh38_primary_1495.bed	pre_launch
sarek	NA12878_WGS_30x_GRCh38_1495	GATK4_HAPLOTYPECALLER	sarek::GATK4_HAPLOTYPECALLER	GATK4_HAPLOTYPECALLER	interval_0861	interval_0861		WORKFLOWS/sarek/data/GRCh38_primary_1495.bed	pre_launch
sarek	NA12878_WGS_30x_GRCh38_1495	GATK4_HAPLOTYPECALLER	sarek::GATK4_HAPLOTYPECALLER	GATK4_HAPLOTYPECALLER	interval_0862	interval_0862		WORKFLOWS/sarek/data/GRCh38_primary_1495.bed	pre_launch
sarek	NA12878_WGS_30x_GRCh38_1495	GATK4_HAPLOTYPECALLER	sarek::GATK4_HAPLOTYPECALLER	GATK4_HAPLOTYPECALLER	interval_0863	interval_0863		WORKFLOWS/sarek/data/GRCh38_primary_1495.bed	pre_launch
sarek	NA12878_WGS_30x_GRCh38_1495	GATK4_HAPLOTYPECALLER	sarek::GATK4_HAPLOTYPECALLER	GATK4_HAPLOTYPECALLER	interval_0864	interval_0864		WORKFLOWS/sarek/data/GRCh38_primary_1495.bed	pre_launch
sarek	NA12878_WGS_30x_GRCh38_1495	GATK4_HAPLOTYPECALLER	sarek::GATK4_HAPLOTYPECALLER	GATK4_HAPLOTYPECALLER	interval_0865	interval_0865		WORKFLOWS/sarek/data/GRCh38_primary_1495.bed	pre_launch
sarek	NA12878_WGS_30x_GRCh38_1495	GATK4_HAPLOTYPECALLER	sarek::GATK4_HAPLOTYPECALLER	GATK4_HAPLOTYPECALLER	interval_0866	interval_0866		WORKFLOWS/sarek/data/GRCh38_primary_1495.bed	pre_launch
sarek	NA12878_WGS_30x_GRCh38_1495	GATK4_HAPLOTYPECALLER	sarek::GATK4_HAPLOTYPECALLER	GATK4_HAPLOTYPECALLER	interval_0867	interval_0867		WORKFLOWS/sarek/data/GRCh38_primary_1495.bed	pre_launch
sarek	NA12878_WGS_30x_GRCh38_1495	GATK4_HAPLOTYPECALLER	sarek::GATK4_HAPLOTYPECALLER	GATK4_HAPLOTYPECALLER	interval_0868	interval_0868		WORKFLOWS/sarek/data/GRCh38_primary_1495.bed	pre_launch
sarek	NA12878_WGS_30x_GRCh38_1495	GATK4_HAPLOTYPECALLER	sarek::GATK4_HAPLOTYPECALLER	GATK4_HAPLOTYPECALLER	interval_0869	interval_0869		WORKFLOWS/sarek/data/GRCh38_primary_1495.bed	pre_launch
sarek	NA12878_WGS_30x_GRCh38_1495	GATK4_HAPLOTYPECALLER	sarek::GATK4_HAPLOTYPECALLER	GATK4_HAPLOTYPECALLER	interval_0870	interval_0870		WORKFLOWS/sarek/data/GRCh38_primary_1495.bed	pre_launch
sarek	NA12878_WGS_30x_GRCh38_1495	GATK4_HAPLOTYPECALLER	sarek::GATK4_HAPLOTYPECALLER	GATK4_HAPLOTYPECALLER	interval_0871	interval_0871		WORKFLOWS/sarek/data/GRCh38_primary_1495.bed	pre_launch
sarek	NA12878_WGS_30x_GRCh38_1495	GATK4_HAPLOTYPECALLER	sarek::GATK4_HAPLOTYPECALLER	GATK4_HAPLOTYPECALLER	interval_0872	interval_0872		WORKFLOWS/sarek/data/GRCh38_primary_1495.bed	pre_launch
sarek	NA12878_WGS_30x_GRCh38_1495	GATK4_HAPLOTYPECALLER	sarek::GATK4_HAPLOTYPECALLER	GATK4_HAPLOTYPECALLER	interval_0873	interval_0873		WORKFLOWS/sarek/data/GRCh38_primary_1495.bed	pre_launch
sarek	NA12878_WGS_30x_GRCh38_1495	GATK4_HAPLOTYPECALLER	sarek::GATK4_HAPLOTYPECALLER	GATK4_HAPLOTYPECALLER	interval_0874	interval_0874		WORKFLOWS/sarek/data/GRCh38_primary_1495.bed	pre_launch
sarek	NA12878_WGS_30x_GRCh38_1495	GATK4_HAPLOTYPECALLER	sarek::GATK4_HAPLOTYPECALLER	GATK4_HAPLOTYPECALLER	interval_0875	interval_0875		WORKFLOWS/sarek/data/GRCh38_primary_1495.bed	pre_launch
sarek	NA12878_WGS_30x_GRCh38_1495	GATK4_HAPLOTYPECALLER	sarek::GATK4_HAPLOTYPECALLER	GATK4_HAPLOTYPECALLER	interval_0876	interval_0876		WORKFLOWS/sarek/data/GRCh38_primary_1495.bed	pre_launch
sarek	NA12878_WGS_30x_GRCh38_1495	GATK4_HAPLOTYPECALLER	sarek::GATK4_HAPLOTYPECALLER	GATK4_HAPLOTYPECALLER	interval_0877	interval_0877		WORKFLOWS/sarek/data/GRCh38_primary_1495.bed	pre_launch
sarek	NA12878_WGS_30x_GRCh38_1495	GATK4_HAPLOTYPECALLER	sarek::GATK4_HAPLOTYPECALLER	GATK4_HAPLOTYPECALLER	interval_0878	interval_0878		WORKFLOWS/sarek/data/GRCh38_primary_1495.bed	pre_launch
sarek	NA12878_WGS_30x_GRCh38_1495	GATK4_HAPLOTYPECALLER	sarek::GATK4_HAPLOTYPECALLER	GATK4_HAPLOTYPECALLER	interval_0879	interval_0879		WORKFLOWS/sarek/data/GRCh38_primary_1495.bed	pre_launch
sarek	NA12878_WGS_30x_GRCh38_1495	GATK4_HAPLOTYPECALLER	sarek::GATK4_HAPLOTYPECALLER	GATK4_HAPLOTYPECALLER	interval_0880	interval_0880		WORKFLOWS/sarek/data/GRCh38_primary_1495.bed	pre_launch
sarek	NA12878_WGS_30x_GRCh38_1495	GATK4_HAPLOTYPECALLER	sarek::GATK4_HAPLOTYPECALLER	GATK4_HAPLOTYPECALLER	interval_0881	interval_0881		WORKFLOWS/sarek/data/GRCh38_primary_1495.bed	pre_launch
sarek	NA12878_WGS_30x_GRCh38_1495	GATK4_HAPLOTYPECALLER	sarek::GATK4_HAPLOTYPECALLER	GATK4_HAPLOTYPECALLER	interval_0882	interval_0882		WORKFLOWS/sarek/data/GRCh38_primary_1495.bed	pre_launch
sarek	NA12878_WGS_30x_GRCh38_1495	GATK4_HAPLOTYPECALLER	sarek::GATK4_HAPLOTYPECALLER	GATK4_HAPLOTYPECALLER	interval_0883	interval_0883		WORKFLOWS/sarek/data/GRCh38_primary_1495.bed	pre_launch
sarek	NA12878_WGS_30x_GRCh38_1495	GATK4_HAPLOTYPECALLER	sarek::GATK4_HAPLOTYPECALLER	GATK4_HAPLOTYPECALLER	interval_0884	interval_0884		WORKFLOWS/sarek/data/GRCh38_primary_1495.bed	pre_launch
sarek	NA12878_WGS_30x_GRCh38_1495	GATK4_HAPLOTYPECALLER	sarek::GATK4_HAPLOTYPECALLER	GATK4_HAPLOTYPECALLER	interval_0885	interval_0885		WORKFLOWS/sarek/data/GRCh38_primary_1495.bed	pre_launch
sarek	NA12878_WGS_30x_GRCh38_1495	GATK4_HAPLOTYPECALLER	sarek::GATK4_HAPLOTYPECALLER	GATK4_HAPLOTYPECALLER	interval_0886	interval_0886		WORKFLOWS/sarek/data/GRCh38_primary_1495.bed	pre_launch
sarek	NA12878_WGS_30x_GRCh38_1495	GATK4_HAPLOTYPECALLER	sarek::GATK4_HAPLOTYPECALLER	GATK4_HAPLOTYPECALLER	interval_0887	interval_0887		WORKFLOWS/sarek/data/GRCh38_primary_1495.bed	pre_launch
sarek	NA12878_WGS_30x_GRCh38_1495	GATK4_HAPLOTYPECALLER	sarek::GATK4_HAPLOTYPECALLER	GATK4_HAPLOTYPECALLER	interval_0888	interval_0888		WORKFLOWS/sarek/data/GRCh38_primary_1495.bed	pre_launch
sarek	NA12878_WGS_30x_GRCh38_1495	GATK4_HAPLOTYPECALLER	sarek::GATK4_HAPLOTYPECALLER	GATK4_HAPLOTYPECALLER	interval_0889	interval_0889		WORKFLOWS/sarek/data/GRCh38_primary_1495.bed	pre_launch
sarek	NA12878_WGS_30x_GRCh38_1495	GATK4_HAPLOTYPECALLER	sarek::GATK4_HAPLOTYPECALLER	GATK4_HAPLOTYPECALLER	interval_0890	interval_0890		WORKFLOWS/sarek/data/GRCh38_primary_1495.bed	pre_launch
sarek	NA12878_WGS_30x_GRCh38_1495	GATK4_HAPLOTYPECALLER	sarek::GATK4_HAPLOTYPECALLER	GATK4_HAPLOTYPECALLER	interval_0891	interval_0891		WORKFLOWS/sarek/data/GRCh38_primary_1495.bed	pre_launch
sarek	NA12878_WGS_30x_GRCh38_1495	GATK4_HAPLOTYPECALLER	sarek::GATK4_HAPLOTYPECALLER	GATK4_HAPLOTYPECALLER	interval_0892	interval_0892		WORKFLOWS/sarek/data/GRCh38_primary_1495.bed	pre_launch
sarek	NA12878_WGS_30x_GRCh38_1495	GATK4_HAPLOTYPECALLER	sarek::GATK4_HAPLOTYPECALLER	GATK4_HAPLOTYPECALLER	interval_0893	interval_0893		WORKFLOWS/sarek/data/GRCh38_primary_1495.bed	pre_launch
sarek	NA12878_WGS_30x_GRCh38_1495	GATK4_HAPLOTYPECALLER	sarek::GATK4_HAPLOTYPECALLER	GATK4_HAPLOTYPECALLER	interval_0894	interval_0894		WORKFLOWS/sarek/data/GRCh38_primary_1495.bed	pre_launch
sarek	NA12878_WGS_30x_GRCh38_1495	GATK4_HAPLOTYPECALLER	sarek::GATK4_HAPLOTYPECALLER	GATK4_HAPLOTYPECALLER	interval_0895	interval_0895		WORKFLOWS/sarek/data/GRCh38_primary_1495.bed	pre_launch
sarek	NA12878_WGS_30x_GRCh38_1495	GATK4_HAPLOTYPECALLER	sarek::GATK4_HAPLOTYPECALLER	GATK4_HAPLOTYPECALLER	interval_0896	interval_0896		WORKFLOWS/sarek/data/GRCh38_primary_1495.bed	pre_launch
sarek	NA12878_WGS_30x_GRCh38_1495	GATK4_HAPLOTYPECALLER	sarek::GATK4_HAPLOTYPECALLER	GATK4_HAPLOTYPECALLER	interval_0897	interval_0897		WORKFLOWS/sarek/data/GRCh38_primary_1495.bed	pre_launch
sarek	NA12878_WGS_30x_GRCh38_1495	GATK4_HAPLOTYPECALLER	sarek::GATK4_HAPLOTYPECALLER	GATK4_HAPLOTYPECALLER	interval_0898	interval_0898		WORKFLOWS/sarek/data/GRCh38_primary_1495.bed	pre_launch
sarek	NA12878_WGS_30x_GRCh38_1495	GATK4_HAPLOTYPECALLER	sarek::GATK4_HAPLOTYPECALLER	GATK4_HAPLOTYPECALLER	interval_0899	interval_0899		WORKFLOWS/sarek/data/GRCh38_primary_1495.bed	pre_launch
sarek	NA12878_WGS_30x_GRCh38_1495	GATK4_HAPLOTYPECALLER	sarek::GATK4_HAPLOTYPECALLER	GATK4_HAPLOTYPECALLER	interval_0900	interval_0900		WORKFLOWS/sarek/data/GRCh38_primary_1495.bed	pre_launch
sarek	NA12878_WGS_30x_GRCh38_1495	GATK4_HAPLOTYPECALLER	sarek::GATK4_HAPLOTYPECALLER	GATK4_HAPLOTYPECALLER	interval_0901	interval_0901		WORKFLOWS/sarek/data/GRCh38_primary_1495.bed	pre_launch
sarek	NA12878_WGS_30x_GRCh38_1495	GATK4_HAPLOTYPECALLER	sarek::GATK4_HAPLOTYPECALLER	GATK4_HAPLOTYPECALLER	interval_0902	interval_0902		WORKFLOWS/sarek/data/GRCh38_primary_1495.bed	pre_launch
sarek	NA12878_WGS_30x_GRCh38_1495	GATK4_HAPLOTYPECALLER	sarek::GATK4_HAPLOTYPECALLER	GATK4_HAPLOTYPECALLER	interval_0903	interval_0903		WORKFLOWS/sarek/data/GRCh38_primary_1495.bed	pre_launch
sarek	NA12878_WGS_30x_GRCh38_1495	GATK4_HAPLOTYPECALLER	sarek::GATK4_HAPLOTYPECALLER	GATK4_HAPLOTYPECALLER	interval_0904	interval_0904		WORKFLOWS/sarek/data/GRCh38_primary_1495.bed	pre_launch
sarek	NA12878_WGS_30x_GRCh38_1495	GATK4_HAPLOTYPECALLER	sarek::GATK4_HAPLOTYPECALLER	GATK4_HAPLOTYPECALLER	interval_0905	interval_0905		WORKFLOWS/sarek/data/GRCh38_primary_1495.bed	pre_launch
sarek	NA12878_WGS_30x_GRCh38_1495	GATK4_HAPLOTYPECALLER	sarek::GATK4_HAPLOTYPECALLER	GATK4_HAPLOTYPECALLER	interval_0906	interval_0906		WORKFLOWS/sarek/data/GRCh38_primary_1495.bed	pre_launch
sarek	NA12878_WGS_30x_GRCh38_1495	GATK4_HAPLOTYPECALLER	sarek::GATK4_HAPLOTYPECALLER	GATK4_HAPLOTYPECALLER	interval_0907	interval_0907		WORKFLOWS/sarek/data/GRCh38_primary_1495.bed	pre_launch
sarek	NA12878_WGS_30x_GRCh38_1495	GATK4_HAPLOTYPECALLER	sarek::GATK4_HAPLOTYPECALLER	GATK4_HAPLOTYPECALLER	interval_0908	interval_0908		WORKFLOWS/sarek/data/GRCh38_primary_1495.bed	pre_launch
sarek	NA12878_WGS_30x_GRCh38_1495	GATK4_HAPLOTYPECALLER	sarek::GATK4_HAPLOTYPECALLER	GATK4_HAPLOTYPECALLER	interval_0909	interval_0909		WORKFLOWS/sarek/data/GRCh38_primary_1495.bed	pre_launch
sarek	NA12878_WGS_30x_GRCh38_1495	GATK4_HAPLOTYPECALLER	sarek::GATK4_HAPLOTYPECALLER	GATK4_HAPLOTYPECALLER	interval_0910	interval_0910		WORKFLOWS/sarek/data/GRCh38_primary_1495.bed	pre_launch
sarek	NA12878_WGS_30x_GRCh38_1495	GATK4_HAPLOTYPECALLER	sarek::GATK4_HAPLOTYPECALLER	GATK4_HAPLOTYPECALLER	interval_0911	interval_0911		WORKFLOWS/sarek/data/GRCh38_primary_1495.bed	pre_launch
sarek	NA12878_WGS_30x_GRCh38_1495	GATK4_HAPLOTYPECALLER	sarek::GATK4_HAPLOTYPECALLER	GATK4_HAPLOTYPECALLER	interval_0912	interval_0912		WORKFLOWS/sarek/data/GRCh38_primary_1495.bed	pre_launch
sarek	NA12878_WGS_30x_GRCh38_1495	GATK4_HAPLOTYPECALLER	sarek::GATK4_HAPLOTYPECALLER	GATK4_HAPLOTYPECALLER	interval_0913	interval_0913		WORKFLOWS/sarek/data/GRCh38_primary_1495.bed	pre_launch
sarek	NA12878_WGS_30x_GRCh38_1495	GATK4_HAPLOTYPECALLER	sarek::GATK4_HAPLOTYPECALLER	GATK4_HAPLOTYPECALLER	interval_0914	interval_0914		WORKFLOWS/sarek/data/GRCh38_primary_1495.bed	pre_launch
sarek	NA12878_WGS_30x_GRCh38_1495	GATK4_HAPLOTYPECALLER	sarek::GATK4_HAPLOTYPECALLER	GATK4_HAPLOTYPECALLER	interval_0915	interval_0915		WORKFLOWS/sarek/data/GRCh38_primary_1495.bed	pre_launch
sarek	NA12878_WGS_30x_GRCh38_1495	GATK4_HAPLOTYPECALLER	sarek::GATK4_HAPLOTYPECALLER	GATK4_HAPLOTYPECALLER	interval_0916	interval_0916		WORKFLOWS/sarek/data/GRCh38_primary_1495.bed	pre_launch
sarek	NA12878_WGS_30x_GRCh38_1495	GATK4_HAPLOTYPECALLER	sarek::GATK4_HAPLOTYPECALLER	GATK4_HAPLOTYPECALLER	interval_0917	interval_0917		WORKFLOWS/sarek/data/GRCh38_primary_1495.bed	pre_launch
sarek	NA12878_WGS_30x_GRCh38_1495	GATK4_HAPLOTYPECALLER	sarek::GATK4_HAPLOTYPECALLER	GATK4_HAPLOTYPECALLER	interval_0918	interval_0918		WORKFLOWS/sarek/data/GRCh38_primary_1495.bed	pre_launch
sarek	NA12878_WGS_30x_GRCh38_1495	GATK4_HAPLOTYPECALLER	sarek::GATK4_HAPLOTYPECALLER	GATK4_HAPLOTYPECALLER	interval_0919	interval_0919		WORKFLOWS/sarek/data/GRCh38_primary_1495.bed	pre_launch
sarek	NA12878_WGS_30x_GRCh38_1495	GATK4_HAPLOTYPECALLER	sarek::GATK4_HAPLOTYPECALLER	GATK4_HAPLOTYPECALLER	interval_0920	interval_0920		WORKFLOWS/sarek/data/GRCh38_primary_1495.bed	pre_launch
sarek	NA12878_WGS_30x_GRCh38_1495	GATK4_HAPLOTYPECALLER	sarek::GATK4_HAPLOTYPECALLER	GATK4_HAPLOTYPECALLER	interval_0921	interval_0921		WORKFLOWS/sarek/data/GRCh38_primary_1495.bed	pre_launch
sarek	NA12878_WGS_30x_GRCh38_1495	GATK4_HAPLOTYPECALLER	sarek::GATK4_HAPLOTYPECALLER	GATK4_HAPLOTYPECALLER	interval_0922	interval_0922		WORKFLOWS/sarek/data/GRCh38_primary_1495.bed	pre_launch
sarek	NA12878_WGS_30x_GRCh38_1495	GATK4_HAPLOTYPECALLER	sarek::GATK4_HAPLOTYPECALLER	GATK4_HAPLOTYPECALLER	interval_0923	interval_0923		WORKFLOWS/sarek/data/GRCh38_primary_1495.bed	pre_launch
sarek	NA12878_WGS_30x_GRCh38_1495	GATK4_HAPLOTYPECALLER	sarek::GATK4_HAPLOTYPECALLER	GATK4_HAPLOTYPECALLER	interval_0924	interval_0924		WORKFLOWS/sarek/data/GRCh38_primary_1495.bed	pre_launch
sarek	NA12878_WGS_30x_GRCh38_1495	GATK4_HAPLOTYPECALLER	sarek::GATK4_HAPLOTYPECALLER	GATK4_HAPLOTYPECALLER	interval_0925	interval_0925		WORKFLOWS/sarek/data/GRCh38_primary_1495.bed	pre_launch
sarek	NA12878_WGS_30x_GRCh38_1495	GATK4_HAPLOTYPECALLER	sarek::GATK4_HAPLOTYPECALLER	GATK4_HAPLOTYPECALLER	interval_0926	interval_0926		WORKFLOWS/sarek/data/GRCh38_primary_1495.bed	pre_launch
sarek	NA12878_WGS_30x_GRCh38_1495	GATK4_HAPLOTYPECALLER	sarek::GATK4_HAPLOTYPECALLER	GATK4_HAPLOTYPECALLER	interval_0927	interval_0927		WORKFLOWS/sarek/data/GRCh38_primary_1495.bed	pre_launch
sarek	NA12878_WGS_30x_GRCh38_1495	GATK4_HAPLOTYPECALLER	sarek::GATK4_HAPLOTYPECALLER	GATK4_HAPLOTYPECALLER	interval_0928	interval_0928		WORKFLOWS/sarek/data/GRCh38_primary_1495.bed	pre_launch
sarek	NA12878_WGS_30x_GRCh38_1495	GATK4_HAPLOTYPECALLER	sarek::GATK4_HAPLOTYPECALLER	GATK4_HAPLOTYPECALLER	interval_0929	interval_0929		WORKFLOWS/sarek/data/GRCh38_primary_1495.bed	pre_launch
sarek	NA12878_WGS_30x_GRCh38_1495	GATK4_HAPLOTYPECALLER	sarek::GATK4_HAPLOTYPECALLER	GATK4_HAPLOTYPECALLER	interval_0930	interval_0930		WORKFLOWS/sarek/data/GRCh38_primary_1495.bed	pre_launch
sarek	NA12878_WGS_30x_GRCh38_1495	GATK4_HAPLOTYPECALLER	sarek::GATK4_HAPLOTYPECALLER	GATK4_HAPLOTYPECALLER	interval_0931	interval_0931		WORKFLOWS/sarek/data/GRCh38_primary_1495.bed	pre_launch
sarek	NA12878_WGS_30x_GRCh38_1495	GATK4_HAPLOTYPECALLER	sarek::GATK4_HAPLOTYPECALLER	GATK4_HAPLOTYPECALLER	interval_0932	interval_0932		WORKFLOWS/sarek/data/GRCh38_primary_1495.bed	pre_launch
sarek	NA12878_WGS_30x_GRCh38_1495	GATK4_HAPLOTYPECALLER	sarek::GATK4_HAPLOTYPECALLER	GATK4_HAPLOTYPECALLER	interval_0933	interval_0933		WORKFLOWS/sarek/data/GRCh38_primary_1495.bed	pre_launch
sarek	NA12878_WGS_30x_GRCh38_1495	GATK4_HAPLOTYPECALLER	sarek::GATK4_HAPLOTYPECALLER	GATK4_HAPLOTYPECALLER	interval_0934	interval_0934		WORKFLOWS/sarek/data/GRCh38_primary_1495.bed	pre_launch
sarek	NA12878_WGS_30x_GRCh38_1495	GATK4_HAPLOTYPECALLER	sarek::GATK4_HAPLOTYPECALLER	GATK4_HAPLOTYPECALLER	interval_0935	interval_0935		WORKFLOWS/sarek/data/GRCh38_primary_1495.bed	pre_launch
sarek	NA12878_WGS_30x_GRCh38_1495	GATK4_HAPLOTYPECALLER	sarek::GATK4_HAPLOTYPECALLER	GATK4_HAPLOTYPECALLER	interval_0936	interval_0936		WORKFLOWS/sarek/data/GRCh38_primary_1495.bed	pre_launch
sarek	NA12878_WGS_30x_GRCh38_1495	GATK4_HAPLOTYPECALLER	sarek::GATK4_HAPLOTYPECALLER	GATK4_HAPLOTYPECALLER	interval_0937	interval_0937		WORKFLOWS/sarek/data/GRCh38_primary_1495.bed	pre_launch
sarek	NA12878_WGS_30x_GRCh38_1495	GATK4_HAPLOTYPECALLER	sarek::GATK4_HAPLOTYPECALLER	GATK4_HAPLOTYPECALLER	interval_0938	interval_0938		WORKFLOWS/sarek/data/GRCh38_primary_1495.bed	pre_launch
sarek	NA12878_WGS_30x_GRCh38_1495	GATK4_HAPLOTYPECALLER	sarek::GATK4_HAPLOTYPECALLER	GATK4_HAPLOTYPECALLER	interval_0939	interval_0939		WORKFLOWS/sarek/data/GRCh38_primary_1495.bed	pre_launch
sarek	NA12878_WGS_30x_GRCh38_1495	GATK4_HAPLOTYPECALLER	sarek::GATK4_HAPLOTYPECALLER	GATK4_HAPLOTYPECALLER	interval_0940	interval_0940		WORKFLOWS/sarek/data/GRCh38_primary_1495.bed	pre_launch
sarek	NA12878_WGS_30x_GRCh38_1495	GATK4_HAPLOTYPECALLER	sarek::GATK4_HAPLOTYPECALLER	GATK4_HAPLOTYPECALLER	interval_0941	interval_0941		WORKFLOWS/sarek/data/GRCh38_primary_1495.bed	pre_launch
sarek	NA12878_WGS_30x_GRCh38_1495	GATK4_HAPLOTYPECALLER	sarek::GATK4_HAPLOTYPECALLER	GATK4_HAPLOTYPECALLER	interval_0942	interval_0942		WORKFLOWS/sarek/data/GRCh38_primary_1495.bed	pre_launch
sarek	NA12878_WGS_30x_GRCh38_1495	GATK4_HAPLOTYPECALLER	sarek::GATK4_HAPLOTYPECALLER	GATK4_HAPLOTYPECALLER	interval_0943	interval_0943		WORKFLOWS/sarek/data/GRCh38_primary_1495.bed	pre_launch
sarek	NA12878_WGS_30x_GRCh38_1495	GATK4_HAPLOTYPECALLER	sarek::GATK4_HAPLOTYPECALLER	GATK4_HAPLOTYPECALLER	interval_0944	interval_0944		WORKFLOWS/sarek/data/GRCh38_primary_1495.bed	pre_launch
sarek	NA12878_WGS_30x_GRCh38_1495	GATK4_HAPLOTYPECALLER	sarek::GATK4_HAPLOTYPECALLER	GATK4_HAPLOTYPECALLER	interval_0945	interval_0945		WORKFLOWS/sarek/data/GRCh38_primary_1495.bed	pre_launch
sarek	NA12878_WGS_30x_GRCh38_1495	GATK4_HAPLOTYPECALLER	sarek::GATK4_HAPLOTYPECALLER	GATK4_HAPLOTYPECALLER	interval_0946	interval_0946		WORKFLOWS/sarek/data/GRCh38_primary_1495.bed	pre_launch
sarek	NA12878_WGS_30x_GRCh38_1495	GATK4_HAPLOTYPECALLER	sarek::GATK4_HAPLOTYPECALLER	GATK4_HAPLOTYPECALLER	interval_0947	interval_0947		WORKFLOWS/sarek/data/GRCh38_primary_1495.bed	pre_launch
sarek	NA12878_WGS_30x_GRCh38_1495	GATK4_HAPLOTYPECALLER	sarek::GATK4_HAPLOTYPECALLER	GATK4_HAPLOTYPECALLER	interval_0948	interval_0948		WORKFLOWS/sarek/data/GRCh38_primary_1495.bed	pre_launch
sarek	NA12878_WGS_30x_GRCh38_1495	GATK4_HAPLOTYPECALLER	sarek::GATK4_HAPLOTYPECALLER	GATK4_HAPLOTYPECALLER	interval_0949	interval_0949		WORKFLOWS/sarek/data/GRCh38_primary_1495.bed	pre_launch
sarek	NA12878_WGS_30x_GRCh38_1495	GATK4_HAPLOTYPECALLER	sarek::GATK4_HAPLOTYPECALLER	GATK4_HAPLOTYPECALLER	interval_0950	interval_0950		WORKFLOWS/sarek/data/GRCh38_primary_1495.bed	pre_launch
sarek	NA12878_WGS_30x_GRCh38_1495	GATK4_HAPLOTYPECALLER	sarek::GATK4_HAPLOTYPECALLER	GATK4_HAPLOTYPECALLER	interval_0951	interval_0951		WORKFLOWS/sarek/data/GRCh38_primary_1495.bed	pre_launch
sarek	NA12878_WGS_30x_GRCh38_1495	GATK4_HAPLOTYPECALLER	sarek::GATK4_HAPLOTYPECALLER	GATK4_HAPLOTYPECALLER	interval_0952	interval_0952		WORKFLOWS/sarek/data/GRCh38_primary_1495.bed	pre_launch
sarek	NA12878_WGS_30x_GRCh38_1495	GATK4_HAPLOTYPECALLER	sarek::GATK4_HAPLOTYPECALLER	GATK4_HAPLOTYPECALLER	interval_0953	interval_0953		WORKFLOWS/sarek/data/GRCh38_primary_1495.bed	pre_launch
sarek	NA12878_WGS_30x_GRCh38_1495	GATK4_HAPLOTYPECALLER	sarek::GATK4_HAPLOTYPECALLER	GATK4_HAPLOTYPECALLER	interval_0954	interval_0954		WORKFLOWS/sarek/data/GRCh38_primary_1495.bed	pre_launch
sarek	NA12878_WGS_30x_GRCh38_1495	GATK4_HAPLOTYPECALLER	sarek::GATK4_HAPLOTYPECALLER	GATK4_HAPLOTYPECALLER	interval_0955	interval_0955		WORKFLOWS/sarek/data/GRCh38_primary_1495.bed	pre_launch
sarek	NA12878_WGS_30x_GRCh38_1495	GATK4_HAPLOTYPECALLER	sarek::GATK4_HAPLOTYPECALLER	GATK4_HAPLOTYPECALLER	interval_0956	interval_0956		WORKFLOWS/sarek/data/GRCh38_primary_1495.bed	pre_launch
sarek	NA12878_WGS_30x_GRCh38_1495	GATK4_HAPLOTYPECALLER	sarek::GATK4_HAPLOTYPECALLER	GATK4_HAPLOTYPECALLER	interval_0957	interval_0957		WORKFLOWS/sarek/data/GRCh38_primary_1495.bed	pre_launch
sarek	NA12878_WGS_30x_GRCh38_1495	GATK4_HAPLOTYPECALLER	sarek::GATK4_HAPLOTYPECALLER	GATK4_HAPLOTYPECALLER	interval_0958	interval_0958		WORKFLOWS/sarek/data/GRCh38_primary_1495.bed	pre_launch
sarek	NA12878_WGS_30x_GRCh38_1495	GATK4_HAPLOTYPECALLER	sarek::GATK4_HAPLOTYPECALLER	GATK4_HAPLOTYPECALLER	interval_0959	interval_0959		WORKFLOWS/sarek/data/GRCh38_primary_1495.bed	pre_launch
sarek	NA12878_WGS_30x_GRCh38_1495	GATK4_HAPLOTYPECALLER	sarek::GATK4_HAPLOTYPECALLER	GATK4_HAPLOTYPECALLER	interval_0960	interval_0960		WORKFLOWS/sarek/data/GRCh38_primary_1495.bed	pre_launch
sarek	NA12878_WGS_30x_GRCh38_1495	GATK4_HAPLOTYPECALLER	sarek::GATK4_HAPLOTYPECALLER	GATK4_HAPLOTYPECALLER	interval_0961	interval_0961		WORKFLOWS/sarek/data/GRCh38_primary_1495.bed	pre_launch
sarek	NA12878_WGS_30x_GRCh38_1495	GATK4_HAPLOTYPECALLER	sarek::GATK4_HAPLOTYPECALLER	GATK4_HAPLOTYPECALLER	interval_0962	interval_0962		WORKFLOWS/sarek/data/GRCh38_primary_1495.bed	pre_launch
sarek	NA12878_WGS_30x_GRCh38_1495	GATK4_HAPLOTYPECALLER	sarek::GATK4_HAPLOTYPECALLER	GATK4_HAPLOTYPECALLER	interval_0963	interval_0963		WORKFLOWS/sarek/data/GRCh38_primary_1495.bed	pre_launch
sarek	NA12878_WGS_30x_GRCh38_1495	GATK4_HAPLOTYPECALLER	sarek::GATK4_HAPLOTYPECALLER	GATK4_HAPLOTYPECALLER	interval_0964	interval_0964		WORKFLOWS/sarek/data/GRCh38_primary_1495.bed	pre_launch
sarek	NA12878_WGS_30x_GRCh38_1495	GATK4_HAPLOTYPECALLER	sarek::GATK4_HAPLOTYPECALLER	GATK4_HAPLOTYPECALLER	interval_0965	interval_0965		WORKFLOWS/sarek/data/GRCh38_primary_1495.bed	pre_launch
sarek	NA12878_WGS_30x_GRCh38_1495	GATK4_HAPLOTYPECALLER	sarek::GATK4_HAPLOTYPECALLER	GATK4_HAPLOTYPECALLER	interval_0966	interval_0966		WORKFLOWS/sarek/data/GRCh38_primary_1495.bed	pre_launch
sarek	NA12878_WGS_30x_GRCh38_1495	GATK4_HAPLOTYPECALLER	sarek::GATK4_HAPLOTYPECALLER	GATK4_HAPLOTYPECALLER	interval_0967	interval_0967		WORKFLOWS/sarek/data/GRCh38_primary_1495.bed	pre_launch
sarek	NA12878_WGS_30x_GRCh38_1495	GATK4_HAPLOTYPECALLER	sarek::GATK4_HAPLOTYPECALLER	GATK4_HAPLOTYPECALLER	interval_0968	interval_0968		WORKFLOWS/sarek/data/GRCh38_primary_1495.bed	pre_launch
sarek	NA12878_WGS_30x_GRCh38_1495	GATK4_HAPLOTYPECALLER	sarek::GATK4_HAPLOTYPECALLER	GATK4_HAPLOTYPECALLER	interval_0969	interval_0969		WORKFLOWS/sarek/data/GRCh38_primary_1495.bed	pre_launch
sarek	NA12878_WGS_30x_GRCh38_1495	GATK4_HAPLOTYPECALLER	sarek::GATK4_HAPLOTYPECALLER	GATK4_HAPLOTYPECALLER	interval_0970	interval_0970		WORKFLOWS/sarek/data/GRCh38_primary_1495.bed	pre_launch
sarek	NA12878_WGS_30x_GRCh38_1495	GATK4_HAPLOTYPECALLER	sarek::GATK4_HAPLOTYPECALLER	GATK4_HAPLOTYPECALLER	interval_0971	interval_0971		WORKFLOWS/sarek/data/GRCh38_primary_1495.bed	pre_launch
sarek	NA12878_WGS_30x_GRCh38_1495	GATK4_HAPLOTYPECALLER	sarek::GATK4_HAPLOTYPECALLER	GATK4_HAPLOTYPECALLER	interval_0972	interval_0972		WORKFLOWS/sarek/data/GRCh38_primary_1495.bed	pre_launch
sarek	NA12878_WGS_30x_GRCh38_1495	GATK4_HAPLOTYPECALLER	sarek::GATK4_HAPLOTYPECALLER	GATK4_HAPLOTYPECALLER	interval_0973	interval_0973		WORKFLOWS/sarek/data/GRCh38_primary_1495.bed	pre_launch
sarek	NA12878_WGS_30x_GRCh38_1495	GATK4_HAPLOTYPECALLER	sarek::GATK4_HAPLOTYPECALLER	GATK4_HAPLOTYPECALLER	interval_0974	interval_0974		WORKFLOWS/sarek/data/GRCh38_primary_1495.bed	pre_launch
sarek	NA12878_WGS_30x_GRCh38_1495	GATK4_HAPLOTYPECALLER	sarek::GATK4_HAPLOTYPECALLER	GATK4_HAPLOTYPECALLER	interval_0975	interval_0975		WORKFLOWS/sarek/data/GRCh38_primary_1495.bed	pre_launch
sarek	NA12878_WGS_30x_GRCh38_1495	GATK4_HAPLOTYPECALLER	sarek::GATK4_HAPLOTYPECALLER	GATK4_HAPLOTYPECALLER	interval_0976	interval_0976		WORKFLOWS/sarek/data/GRCh38_primary_1495.bed	pre_launch
sarek	NA12878_WGS_30x_GRCh38_1495	GATK4_HAPLOTYPECALLER	sarek::GATK4_HAPLOTYPECALLER	GATK4_HAPLOTYPECALLER	interval_0977	interval_0977		WORKFLOWS/sarek/data/GRCh38_primary_1495.bed	pre_launch
sarek	NA12878_WGS_30x_GRCh38_1495	GATK4_HAPLOTYPECALLER	sarek::GATK4_HAPLOTYPECALLER	GATK4_HAPLOTYPECALLER	interval_0978	interval_0978		WORKFLOWS/sarek/data/GRCh38_primary_1495.bed	pre_launch
sarek	NA12878_WGS_30x_GRCh38_1495	GATK4_HAPLOTYPECALLER	sarek::GATK4_HAPLOTYPECALLER	GATK4_HAPLOTYPECALLER	interval_0979	interval_0979		WORKFLOWS/sarek/data/GRCh38_primary_1495.bed	pre_launch
sarek	NA12878_WGS_30x_GRCh38_1495	GATK4_HAPLOTYPECALLER	sarek::GATK4_HAPLOTYPECALLER	GATK4_HAPLOTYPECALLER	interval_0980	interval_0980		WORKFLOWS/sarek/data/GRCh38_primary_1495.bed	pre_launch
sarek	NA12878_WGS_30x_GRCh38_1495	GATK4_HAPLOTYPECALLER	sarek::GATK4_HAPLOTYPECALLER	GATK4_HAPLOTYPECALLER	interval_0981	interval_0981		WORKFLOWS/sarek/data/GRCh38_primary_1495.bed	pre_launch
sarek	NA12878_WGS_30x_GRCh38_1495	GATK4_HAPLOTYPECALLER	sarek::GATK4_HAPLOTYPECALLER	GATK4_HAPLOTYPECALLER	interval_0982	interval_0982		WORKFLOWS/sarek/data/GRCh38_primary_1495.bed	pre_launch
sarek	NA12878_WGS_30x_GRCh38_1495	GATK4_HAPLOTYPECALLER	sarek::GATK4_HAPLOTYPECALLER	GATK4_HAPLOTYPECALLER	interval_0983	interval_0983		WORKFLOWS/sarek/data/GRCh38_primary_1495.bed	pre_launch
sarek	NA12878_WGS_30x_GRCh38_1495	GATK4_HAPLOTYPECALLER	sarek::GATK4_HAPLOTYPECALLER	GATK4_HAPLOTYPECALLER	interval_0984	interval_0984		WORKFLOWS/sarek/data/GRCh38_primary_1495.bed	pre_launch
sarek	NA12878_WGS_30x_GRCh38_1495	GATK4_HAPLOTYPECALLER	sarek::GATK4_HAPLOTYPECALLER	GATK4_HAPLOTYPECALLER	interval_0985	interval_0985		WORKFLOWS/sarek/data/GRCh38_primary_1495.bed	pre_launch
sarek	NA12878_WGS_30x_GRCh38_1495	GATK4_HAPLOTYPECALLER	sarek::GATK4_HAPLOTYPECALLER	GATK4_HAPLOTYPECALLER	interval_0986	interval_0986		WORKFLOWS/sarek/data/GRCh38_primary_1495.bed	pre_launch
sarek	NA12878_WGS_30x_GRCh38_1495	GATK4_HAPLOTYPECALLER	sarek::GATK4_HAPLOTYPECALLER	GATK4_HAPLOTYPECALLER	interval_0987	interval_0987		WORKFLOWS/sarek/data/GRCh38_primary_1495.bed	pre_launch
sarek	NA12878_WGS_30x_GRCh38_1495	GATK4_HAPLOTYPECALLER	sarek::GATK4_HAPLOTYPECALLER	GATK4_HAPLOTYPECALLER	interval_0988	interval_0988		WORKFLOWS/sarek/data/GRCh38_primary_1495.bed	pre_launch
sarek	NA12878_WGS_30x_GRCh38_1495	GATK4_HAPLOTYPECALLER	sarek::GATK4_HAPLOTYPECALLER	GATK4_HAPLOTYPECALLER	interval_0989	interval_0989		WORKFLOWS/sarek/data/GRCh38_primary_1495.bed	pre_launch
sarek	NA12878_WGS_30x_GRCh38_1495	GATK4_HAPLOTYPECALLER	sarek::GATK4_HAPLOTYPECALLER	GATK4_HAPLOTYPECALLER	interval_0990	interval_0990		WORKFLOWS/sarek/data/GRCh38_primary_1495.bed	pre_launch
sarek	NA12878_WGS_30x_GRCh38_1495	GATK4_HAPLOTYPECALLER	sarek::GATK4_HAPLOTYPECALLER	GATK4_HAPLOTYPECALLER	interval_0991	interval_0991		WORKFLOWS/sarek/data/GRCh38_primary_1495.bed	pre_launch
sarek	NA12878_WGS_30x_GRCh38_1495	GATK4_HAPLOTYPECALLER	sarek::GATK4_HAPLOTYPECALLER	GATK4_HAPLOTYPECALLER	interval_0992	interval_0992		WORKFLOWS/sarek/data/GRCh38_primary_1495.bed	pre_launch
sarek	NA12878_WGS_30x_GRCh38_1495	GATK4_HAPLOTYPECALLER	sarek::GATK4_HAPLOTYPECALLER	GATK4_HAPLOTYPECALLER	interval_0993	interval_0993		WORKFLOWS/sarek/data/GRCh38_primary_1495.bed	pre_launch
sarek	NA12878_WGS_30x_GRCh38_1495	GATK4_HAPLOTYPECALLER	sarek::GATK4_HAPLOTYPECALLER	GATK4_HAPLOTYPECALLER	interval_0994	interval_0994		WORKFLOWS/sarek/data/GRCh38_primary_1495.bed	pre_launch
sarek	NA12878_WGS_30x_GRCh38_1495	GATK4_HAPLOTYPECALLER	sarek::GATK4_HAPLOTYPECALLER	GATK4_HAPLOTYPECALLER	interval_0995	interval_0995		WORKFLOWS/sarek/data/GRCh38_primary_1495.bed	pre_launch
sarek	NA12878_WGS_30x_GRCh38_1495	GATK4_HAPLOTYPECALLER	sarek::GATK4_HAPLOTYPECALLER	GATK4_HAPLOTYPECALLER	interval_0996	interval_0996		WORKFLOWS/sarek/data/GRCh38_primary_1495.bed	pre_launch
sarek	NA12878_WGS_30x_GRCh38_1495	GATK4_HAPLOTYPECALLER	sarek::GATK4_HAPLOTYPECALLER	GATK4_HAPLOTYPECALLER	interval_0997	interval_0997		WORKFLOWS/sarek/data/GRCh38_primary_1495.bed	pre_launch
sarek	NA12878_WGS_30x_GRCh38_1495	GATK4_HAPLOTYPECALLER	sarek::GATK4_HAPLOTYPECALLER	GATK4_HAPLOTYPECALLER	interval_0998	interval_0998		WORKFLOWS/sarek/data/GRCh38_primary_1495.bed	pre_launch
sarek	NA12878_WGS_30x_GRCh38_1495	GATK4_HAPLOTYPECALLER	sarek::GATK4_HAPLOTYPECALLER	GATK4_HAPLOTYPECALLER	interval_0999	interval_0999		WORKFLOWS/sarek/data/GRCh38_primary_1495.bed	pre_launch
sarek	NA12878_WGS_30x_GRCh38_1495	GATK4_HAPLOTYPECALLER	sarek::GATK4_HAPLOTYPECALLER	GATK4_HAPLOTYPECALLER	interval_1000	interval_1000		WORKFLOWS/sarek/data/GRCh38_primary_1495.bed	pre_launch
sarek	NA12878_WGS_30x_GRCh38_1495	GATK4_HAPLOTYPECALLER	sarek::GATK4_HAPLOTYPECALLER	GATK4_HAPLOTYPECALLER	interval_1001	interval_1001		WORKFLOWS/sarek/data/GRCh38_primary_1495.bed	pre_launch
sarek	NA12878_WGS_30x_GRCh38_1495	GATK4_HAPLOTYPECALLER	sarek::GATK4_HAPLOTYPECALLER	GATK4_HAPLOTYPECALLER	interval_1002	interval_1002		WORKFLOWS/sarek/data/GRCh38_primary_1495.bed	pre_launch
sarek	NA12878_WGS_30x_GRCh38_1495	GATK4_HAPLOTYPECALLER	sarek::GATK4_HAPLOTYPECALLER	GATK4_HAPLOTYPECALLER	interval_1003	interval_1003		WORKFLOWS/sarek/data/GRCh38_primary_1495.bed	pre_launch
sarek	NA12878_WGS_30x_GRCh38_1495	GATK4_HAPLOTYPECALLER	sarek::GATK4_HAPLOTYPECALLER	GATK4_HAPLOTYPECALLER	interval_1004	interval_1004		WORKFLOWS/sarek/data/GRCh38_primary_1495.bed	pre_launch
sarek	NA12878_WGS_30x_GRCh38_1495	GATK4_HAPLOTYPECALLER	sarek::GATK4_HAPLOTYPECALLER	GATK4_HAPLOTYPECALLER	interval_1005	interval_1005		WORKFLOWS/sarek/data/GRCh38_primary_1495.bed	pre_launch
sarek	NA12878_WGS_30x_GRCh38_1495	GATK4_HAPLOTYPECALLER	sarek::GATK4_HAPLOTYPECALLER	GATK4_HAPLOTYPECALLER	interval_1006	interval_1006		WORKFLOWS/sarek/data/GRCh38_primary_1495.bed	pre_launch
sarek	NA12878_WGS_30x_GRCh38_1495	GATK4_HAPLOTYPECALLER	sarek::GATK4_HAPLOTYPECALLER	GATK4_HAPLOTYPECALLER	interval_1007	interval_1007		WORKFLOWS/sarek/data/GRCh38_primary_1495.bed	pre_launch
sarek	NA12878_WGS_30x_GRCh38_1495	GATK4_HAPLOTYPECALLER	sarek::GATK4_HAPLOTYPECALLER	GATK4_HAPLOTYPECALLER	interval_1008	interval_1008		WORKFLOWS/sarek/data/GRCh38_primary_1495.bed	pre_launch
sarek	NA12878_WGS_30x_GRCh38_1495	GATK4_HAPLOTYPECALLER	sarek::GATK4_HAPLOTYPECALLER	GATK4_HAPLOTYPECALLER	interval_1009	interval_1009		WORKFLOWS/sarek/data/GRCh38_primary_1495.bed	pre_launch
sarek	NA12878_WGS_30x_GRCh38_1495	GATK4_HAPLOTYPECALLER	sarek::GATK4_HAPLOTYPECALLER	GATK4_HAPLOTYPECALLER	interval_1010	interval_1010		WORKFLOWS/sarek/data/GRCh38_primary_1495.bed	pre_launch
sarek	NA12878_WGS_30x_GRCh38_1495	GATK4_HAPLOTYPECALLER	sarek::GATK4_HAPLOTYPECALLER	GATK4_HAPLOTYPECALLER	interval_1011	interval_1011		WORKFLOWS/sarek/data/GRCh38_primary_1495.bed	pre_launch
sarek	NA12878_WGS_30x_GRCh38_1495	GATK4_HAPLOTYPECALLER	sarek::GATK4_HAPLOTYPECALLER	GATK4_HAPLOTYPECALLER	interval_1012	interval_1012		WORKFLOWS/sarek/data/GRCh38_primary_1495.bed	pre_launch
sarek	NA12878_WGS_30x_GRCh38_1495	GATK4_HAPLOTYPECALLER	sarek::GATK4_HAPLOTYPECALLER	GATK4_HAPLOTYPECALLER	interval_1013	interval_1013		WORKFLOWS/sarek/data/GRCh38_primary_1495.bed	pre_launch
sarek	NA12878_WGS_30x_GRCh38_1495	GATK4_HAPLOTYPECALLER	sarek::GATK4_HAPLOTYPECALLER	GATK4_HAPLOTYPECALLER	interval_1014	interval_1014		WORKFLOWS/sarek/data/GRCh38_primary_1495.bed	pre_launch
sarek	NA12878_WGS_30x_GRCh38_1495	GATK4_HAPLOTYPECALLER	sarek::GATK4_HAPLOTYPECALLER	GATK4_HAPLOTYPECALLER	interval_1015	interval_1015		WORKFLOWS/sarek/data/GRCh38_primary_1495.bed	pre_launch
sarek	NA12878_WGS_30x_GRCh38_1495	GATK4_HAPLOTYPECALLER	sarek::GATK4_HAPLOTYPECALLER	GATK4_HAPLOTYPECALLER	interval_1016	interval_1016		WORKFLOWS/sarek/data/GRCh38_primary_1495.bed	pre_launch
sarek	NA12878_WGS_30x_GRCh38_1495	GATK4_HAPLOTYPECALLER	sarek::GATK4_HAPLOTYPECALLER	GATK4_HAPLOTYPECALLER	interval_1017	interval_1017		WORKFLOWS/sarek/data/GRCh38_primary_1495.bed	pre_launch
sarek	NA12878_WGS_30x_GRCh38_1495	GATK4_HAPLOTYPECALLER	sarek::GATK4_HAPLOTYPECALLER	GATK4_HAPLOTYPECALLER	interval_1018	interval_1018		WORKFLOWS/sarek/data/GRCh38_primary_1495.bed	pre_launch
sarek	NA12878_WGS_30x_GRCh38_1495	GATK4_HAPLOTYPECALLER	sarek::GATK4_HAPLOTYPECALLER	GATK4_HAPLOTYPECALLER	interval_1019	interval_1019		WORKFLOWS/sarek/data/GRCh38_primary_1495.bed	pre_launch
sarek	NA12878_WGS_30x_GRCh38_1495	GATK4_HAPLOTYPECALLER	sarek::GATK4_HAPLOTYPECALLER	GATK4_HAPLOTYPECALLER	interval_1020	interval_1020		WORKFLOWS/sarek/data/GRCh38_primary_1495.bed	pre_launch
sarek	NA12878_WGS_30x_GRCh38_1495	GATK4_HAPLOTYPECALLER	sarek::GATK4_HAPLOTYPECALLER	GATK4_HAPLOTYPECALLER	interval_1021	interval_1021		WORKFLOWS/sarek/data/GRCh38_primary_1495.bed	pre_launch
sarek	NA12878_WGS_30x_GRCh38_1495	GATK4_HAPLOTYPECALLER	sarek::GATK4_HAPLOTYPECALLER	GATK4_HAPLOTYPECALLER	interval_1022	interval_1022		WORKFLOWS/sarek/data/GRCh38_primary_1495.bed	pre_launch
sarek	NA12878_WGS_30x_GRCh38_1495	GATK4_HAPLOTYPECALLER	sarek::GATK4_HAPLOTYPECALLER	GATK4_HAPLOTYPECALLER	interval_1023	interval_1023		WORKFLOWS/sarek/data/GRCh38_primary_1495.bed	pre_launch
sarek	NA12878_WGS_30x_GRCh38_1495	GATK4_HAPLOTYPECALLER	sarek::GATK4_HAPLOTYPECALLER	GATK4_HAPLOTYPECALLER	interval_1024	interval_1024		WORKFLOWS/sarek/data/GRCh38_primary_1495.bed	pre_launch
sarek	NA12878_WGS_30x_GRCh38_1495	GATK4_HAPLOTYPECALLER	sarek::GATK4_HAPLOTYPECALLER	GATK4_HAPLOTYPECALLER	interval_1025	interval_1025		WORKFLOWS/sarek/data/GRCh38_primary_1495.bed	pre_launch
sarek	NA12878_WGS_30x_GRCh38_1495	GATK4_HAPLOTYPECALLER	sarek::GATK4_HAPLOTYPECALLER	GATK4_HAPLOTYPECALLER	interval_1026	interval_1026		WORKFLOWS/sarek/data/GRCh38_primary_1495.bed	pre_launch
sarek	NA12878_WGS_30x_GRCh38_1495	GATK4_HAPLOTYPECALLER	sarek::GATK4_HAPLOTYPECALLER	GATK4_HAPLOTYPECALLER	interval_1027	interval_1027		WORKFLOWS/sarek/data/GRCh38_primary_1495.bed	pre_launch
sarek	NA12878_WGS_30x_GRCh38_1495	GATK4_HAPLOTYPECALLER	sarek::GATK4_HAPLOTYPECALLER	GATK4_HAPLOTYPECALLER	interval_1028	interval_1028		WORKFLOWS/sarek/data/GRCh38_primary_1495.bed	pre_launch
sarek	NA12878_WGS_30x_GRCh38_1495	GATK4_HAPLOTYPECALLER	sarek::GATK4_HAPLOTYPECALLER	GATK4_HAPLOTYPECALLER	interval_1029	interval_1029		WORKFLOWS/sarek/data/GRCh38_primary_1495.bed	pre_launch
sarek	NA12878_WGS_30x_GRCh38_1495	GATK4_HAPLOTYPECALLER	sarek::GATK4_HAPLOTYPECALLER	GATK4_HAPLOTYPECALLER	interval_1030	interval_1030		WORKFLOWS/sarek/data/GRCh38_primary_1495.bed	pre_launch
sarek	NA12878_WGS_30x_GRCh38_1495	GATK4_HAPLOTYPECALLER	sarek::GATK4_HAPLOTYPECALLER	GATK4_HAPLOTYPECALLER	interval_1031	interval_1031		WORKFLOWS/sarek/data/GRCh38_primary_1495.bed	pre_launch
sarek	NA12878_WGS_30x_GRCh38_1495	GATK4_HAPLOTYPECALLER	sarek::GATK4_HAPLOTYPECALLER	GATK4_HAPLOTYPECALLER	interval_1032	interval_1032		WORKFLOWS/sarek/data/GRCh38_primary_1495.bed	pre_launch
sarek	NA12878_WGS_30x_GRCh38_1495	GATK4_HAPLOTYPECALLER	sarek::GATK4_HAPLOTYPECALLER	GATK4_HAPLOTYPECALLER	interval_1033	interval_1033		WORKFLOWS/sarek/data/GRCh38_primary_1495.bed	pre_launch
sarek	NA12878_WGS_30x_GRCh38_1495	GATK4_HAPLOTYPECALLER	sarek::GATK4_HAPLOTYPECALLER	GATK4_HAPLOTYPECALLER	interval_1034	interval_1034		WORKFLOWS/sarek/data/GRCh38_primary_1495.bed	pre_launch
sarek	NA12878_WGS_30x_GRCh38_1495	GATK4_HAPLOTYPECALLER	sarek::GATK4_HAPLOTYPECALLER	GATK4_HAPLOTYPECALLER	interval_1035	interval_1035		WORKFLOWS/sarek/data/GRCh38_primary_1495.bed	pre_launch
sarek	NA12878_WGS_30x_GRCh38_1495	GATK4_HAPLOTYPECALLER	sarek::GATK4_HAPLOTYPECALLER	GATK4_HAPLOTYPECALLER	interval_1036	interval_1036		WORKFLOWS/sarek/data/GRCh38_primary_1495.bed	pre_launch
sarek	NA12878_WGS_30x_GRCh38_1495	GATK4_HAPLOTYPECALLER	sarek::GATK4_HAPLOTYPECALLER	GATK4_HAPLOTYPECALLER	interval_1037	interval_1037		WORKFLOWS/sarek/data/GRCh38_primary_1495.bed	pre_launch
sarek	NA12878_WGS_30x_GRCh38_1495	GATK4_HAPLOTYPECALLER	sarek::GATK4_HAPLOTYPECALLER	GATK4_HAPLOTYPECALLER	interval_1038	interval_1038		WORKFLOWS/sarek/data/GRCh38_primary_1495.bed	pre_launch
sarek	NA12878_WGS_30x_GRCh38_1495	GATK4_HAPLOTYPECALLER	sarek::GATK4_HAPLOTYPECALLER	GATK4_HAPLOTYPECALLER	interval_1039	interval_1039		WORKFLOWS/sarek/data/GRCh38_primary_1495.bed	pre_launch
sarek	NA12878_WGS_30x_GRCh38_1495	GATK4_HAPLOTYPECALLER	sarek::GATK4_HAPLOTYPECALLER	GATK4_HAPLOTYPECALLER	interval_1040	interval_1040		WORKFLOWS/sarek/data/GRCh38_primary_1495.bed	pre_launch
sarek	NA12878_WGS_30x_GRCh38_1495	GATK4_HAPLOTYPECALLER	sarek::GATK4_HAPLOTYPECALLER	GATK4_HAPLOTYPECALLER	interval_1041	interval_1041		WORKFLOWS/sarek/data/GRCh38_primary_1495.bed	pre_launch
sarek	NA12878_WGS_30x_GRCh38_1495	GATK4_HAPLOTYPECALLER	sarek::GATK4_HAPLOTYPECALLER	GATK4_HAPLOTYPECALLER	interval_1042	interval_1042		WORKFLOWS/sarek/data/GRCh38_primary_1495.bed	pre_launch
sarek	NA12878_WGS_30x_GRCh38_1495	GATK4_HAPLOTYPECALLER	sarek::GATK4_HAPLOTYPECALLER	GATK4_HAPLOTYPECALLER	interval_1043	interval_1043		WORKFLOWS/sarek/data/GRCh38_primary_1495.bed	pre_launch
sarek	NA12878_WGS_30x_GRCh38_1495	GATK4_HAPLOTYPECALLER	sarek::GATK4_HAPLOTYPECALLER	GATK4_HAPLOTYPECALLER	interval_1044	interval_1044		WORKFLOWS/sarek/data/GRCh38_primary_1495.bed	pre_launch
sarek	NA12878_WGS_30x_GRCh38_1495	GATK4_HAPLOTYPECALLER	sarek::GATK4_HAPLOTYPECALLER	GATK4_HAPLOTYPECALLER	interval_1045	interval_1045		WORKFLOWS/sarek/data/GRCh38_primary_1495.bed	pre_launch
sarek	NA12878_WGS_30x_GRCh38_1495	GATK4_HAPLOTYPECALLER	sarek::GATK4_HAPLOTYPECALLER	GATK4_HAPLOTYPECALLER	interval_1046	interval_1046		WORKFLOWS/sarek/data/GRCh38_primary_1495.bed	pre_launch
sarek	NA12878_WGS_30x_GRCh38_1495	GATK4_HAPLOTYPECALLER	sarek::GATK4_HAPLOTYPECALLER	GATK4_HAPLOTYPECALLER	interval_1047	interval_1047		WORKFLOWS/sarek/data/GRCh38_primary_1495.bed	pre_launch
sarek	NA12878_WGS_30x_GRCh38_1495	GATK4_HAPLOTYPECALLER	sarek::GATK4_HAPLOTYPECALLER	GATK4_HAPLOTYPECALLER	interval_1048	interval_1048		WORKFLOWS/sarek/data/GRCh38_primary_1495.bed	pre_launch
sarek	NA12878_WGS_30x_GRCh38_1495	GATK4_HAPLOTYPECALLER	sarek::GATK4_HAPLOTYPECALLER	GATK4_HAPLOTYPECALLER	interval_1049	interval_1049		WORKFLOWS/sarek/data/GRCh38_primary_1495.bed	pre_launch
sarek	NA12878_WGS_30x_GRCh38_1495	GATK4_HAPLOTYPECALLER	sarek::GATK4_HAPLOTYPECALLER	GATK4_HAPLOTYPECALLER	interval_1050	interval_1050		WORKFLOWS/sarek/data/GRCh38_primary_1495.bed	pre_launch
sarek	NA12878_WGS_30x_GRCh38_1495	GATK4_HAPLOTYPECALLER	sarek::GATK4_HAPLOTYPECALLER	GATK4_HAPLOTYPECALLER	interval_1051	interval_1051		WORKFLOWS/sarek/data/GRCh38_primary_1495.bed	pre_launch
sarek	NA12878_WGS_30x_GRCh38_1495	GATK4_HAPLOTYPECALLER	sarek::GATK4_HAPLOTYPECALLER	GATK4_HAPLOTYPECALLER	interval_1052	interval_1052		WORKFLOWS/sarek/data/GRCh38_primary_1495.bed	pre_launch
sarek	NA12878_WGS_30x_GRCh38_1495	GATK4_HAPLOTYPECALLER	sarek::GATK4_HAPLOTYPECALLER	GATK4_HAPLOTYPECALLER	interval_1053	interval_1053		WORKFLOWS/sarek/data/GRCh38_primary_1495.bed	pre_launch
sarek	NA12878_WGS_30x_GRCh38_1495	GATK4_HAPLOTYPECALLER	sarek::GATK4_HAPLOTYPECALLER	GATK4_HAPLOTYPECALLER	interval_1054	interval_1054		WORKFLOWS/sarek/data/GRCh38_primary_1495.bed	pre_launch
sarek	NA12878_WGS_30x_GRCh38_1495	GATK4_HAPLOTYPECALLER	sarek::GATK4_HAPLOTYPECALLER	GATK4_HAPLOTYPECALLER	interval_1055	interval_1055		WORKFLOWS/sarek/data/GRCh38_primary_1495.bed	pre_launch
sarek	NA12878_WGS_30x_GRCh38_1495	GATK4_HAPLOTYPECALLER	sarek::GATK4_HAPLOTYPECALLER	GATK4_HAPLOTYPECALLER	interval_1056	interval_1056		WORKFLOWS/sarek/data/GRCh38_primary_1495.bed	pre_launch
sarek	NA12878_WGS_30x_GRCh38_1495	GATK4_HAPLOTYPECALLER	sarek::GATK4_HAPLOTYPECALLER	GATK4_HAPLOTYPECALLER	interval_1057	interval_1057		WORKFLOWS/sarek/data/GRCh38_primary_1495.bed	pre_launch
sarek	NA12878_WGS_30x_GRCh38_1495	GATK4_HAPLOTYPECALLER	sarek::GATK4_HAPLOTYPECALLER	GATK4_HAPLOTYPECALLER	interval_1058	interval_1058		WORKFLOWS/sarek/data/GRCh38_primary_1495.bed	pre_launch
sarek	NA12878_WGS_30x_GRCh38_1495	GATK4_HAPLOTYPECALLER	sarek::GATK4_HAPLOTYPECALLER	GATK4_HAPLOTYPECALLER	interval_1059	interval_1059		WORKFLOWS/sarek/data/GRCh38_primary_1495.bed	pre_launch
sarek	NA12878_WGS_30x_GRCh38_1495	GATK4_HAPLOTYPECALLER	sarek::GATK4_HAPLOTYPECALLER	GATK4_HAPLOTYPECALLER	interval_1060	interval_1060		WORKFLOWS/sarek/data/GRCh38_primary_1495.bed	pre_launch
sarek	NA12878_WGS_30x_GRCh38_1495	GATK4_HAPLOTYPECALLER	sarek::GATK4_HAPLOTYPECALLER	GATK4_HAPLOTYPECALLER	interval_1061	interval_1061		WORKFLOWS/sarek/data/GRCh38_primary_1495.bed	pre_launch
sarek	NA12878_WGS_30x_GRCh38_1495	GATK4_HAPLOTYPECALLER	sarek::GATK4_HAPLOTYPECALLER	GATK4_HAPLOTYPECALLER	interval_1062	interval_1062		WORKFLOWS/sarek/data/GRCh38_primary_1495.bed	pre_launch
sarek	NA12878_WGS_30x_GRCh38_1495	GATK4_HAPLOTYPECALLER	sarek::GATK4_HAPLOTYPECALLER	GATK4_HAPLOTYPECALLER	interval_1063	interval_1063		WORKFLOWS/sarek/data/GRCh38_primary_1495.bed	pre_launch
sarek	NA12878_WGS_30x_GRCh38_1495	GATK4_HAPLOTYPECALLER	sarek::GATK4_HAPLOTYPECALLER	GATK4_HAPLOTYPECALLER	interval_1064	interval_1064		WORKFLOWS/sarek/data/GRCh38_primary_1495.bed	pre_launch
sarek	NA12878_WGS_30x_GRCh38_1495	GATK4_HAPLOTYPECALLER	sarek::GATK4_HAPLOTYPECALLER	GATK4_HAPLOTYPECALLER	interval_1065	interval_1065		WORKFLOWS/sarek/data/GRCh38_primary_1495.bed	pre_launch
sarek	NA12878_WGS_30x_GRCh38_1495	GATK4_HAPLOTYPECALLER	sarek::GATK4_HAPLOTYPECALLER	GATK4_HAPLOTYPECALLER	interval_1066	interval_1066		WORKFLOWS/sarek/data/GRCh38_primary_1495.bed	pre_launch
sarek	NA12878_WGS_30x_GRCh38_1495	GATK4_HAPLOTYPECALLER	sarek::GATK4_HAPLOTYPECALLER	GATK4_HAPLOTYPECALLER	interval_1067	interval_1067		WORKFLOWS/sarek/data/GRCh38_primary_1495.bed	pre_launch
sarek	NA12878_WGS_30x_GRCh38_1495	GATK4_HAPLOTYPECALLER	sarek::GATK4_HAPLOTYPECALLER	GATK4_HAPLOTYPECALLER	interval_1068	interval_1068		WORKFLOWS/sarek/data/GRCh38_primary_1495.bed	pre_launch
sarek	NA12878_WGS_30x_GRCh38_1495	GATK4_HAPLOTYPECALLER	sarek::GATK4_HAPLOTYPECALLER	GATK4_HAPLOTYPECALLER	interval_1069	interval_1069		WORKFLOWS/sarek/data/GRCh38_primary_1495.bed	pre_launch
sarek	NA12878_WGS_30x_GRCh38_1495	GATK4_HAPLOTYPECALLER	sarek::GATK4_HAPLOTYPECALLER	GATK4_HAPLOTYPECALLER	interval_1070	interval_1070		WORKFLOWS/sarek/data/GRCh38_primary_1495.bed	pre_launch
sarek	NA12878_WGS_30x_GRCh38_1495	GATK4_HAPLOTYPECALLER	sarek::GATK4_HAPLOTYPECALLER	GATK4_HAPLOTYPECALLER	interval_1071	interval_1071		WORKFLOWS/sarek/data/GRCh38_primary_1495.bed	pre_launch
sarek	NA12878_WGS_30x_GRCh38_1495	GATK4_HAPLOTYPECALLER	sarek::GATK4_HAPLOTYPECALLER	GATK4_HAPLOTYPECALLER	interval_1072	interval_1072		WORKFLOWS/sarek/data/GRCh38_primary_1495.bed	pre_launch
sarek	NA12878_WGS_30x_GRCh38_1495	GATK4_HAPLOTYPECALLER	sarek::GATK4_HAPLOTYPECALLER	GATK4_HAPLOTYPECALLER	interval_1073	interval_1073		WORKFLOWS/sarek/data/GRCh38_primary_1495.bed	pre_launch
sarek	NA12878_WGS_30x_GRCh38_1495	GATK4_HAPLOTYPECALLER	sarek::GATK4_HAPLOTYPECALLER	GATK4_HAPLOTYPECALLER	interval_1074	interval_1074		WORKFLOWS/sarek/data/GRCh38_primary_1495.bed	pre_launch
sarek	NA12878_WGS_30x_GRCh38_1495	GATK4_HAPLOTYPECALLER	sarek::GATK4_HAPLOTYPECALLER	GATK4_HAPLOTYPECALLER	interval_1075	interval_1075		WORKFLOWS/sarek/data/GRCh38_primary_1495.bed	pre_launch
sarek	NA12878_WGS_30x_GRCh38_1495	GATK4_HAPLOTYPECALLER	sarek::GATK4_HAPLOTYPECALLER	GATK4_HAPLOTYPECALLER	interval_1076	interval_1076		WORKFLOWS/sarek/data/GRCh38_primary_1495.bed	pre_launch
sarek	NA12878_WGS_30x_GRCh38_1495	GATK4_HAPLOTYPECALLER	sarek::GATK4_HAPLOTYPECALLER	GATK4_HAPLOTYPECALLER	interval_1077	interval_1077		WORKFLOWS/sarek/data/GRCh38_primary_1495.bed	pre_launch
sarek	NA12878_WGS_30x_GRCh38_1495	GATK4_HAPLOTYPECALLER	sarek::GATK4_HAPLOTYPECALLER	GATK4_HAPLOTYPECALLER	interval_1078	interval_1078		WORKFLOWS/sarek/data/GRCh38_primary_1495.bed	pre_launch
sarek	NA12878_WGS_30x_GRCh38_1495	GATK4_HAPLOTYPECALLER	sarek::GATK4_HAPLOTYPECALLER	GATK4_HAPLOTYPECALLER	interval_1079	interval_1079		WORKFLOWS/sarek/data/GRCh38_primary_1495.bed	pre_launch
sarek	NA12878_WGS_30x_GRCh38_1495	GATK4_HAPLOTYPECALLER	sarek::GATK4_HAPLOTYPECALLER	GATK4_HAPLOTYPECALLER	interval_1080	interval_1080		WORKFLOWS/sarek/data/GRCh38_primary_1495.bed	pre_launch
sarek	NA12878_WGS_30x_GRCh38_1495	GATK4_HAPLOTYPECALLER	sarek::GATK4_HAPLOTYPECALLER	GATK4_HAPLOTYPECALLER	interval_1081	interval_1081		WORKFLOWS/sarek/data/GRCh38_primary_1495.bed	pre_launch
sarek	NA12878_WGS_30x_GRCh38_1495	GATK4_HAPLOTYPECALLER	sarek::GATK4_HAPLOTYPECALLER	GATK4_HAPLOTYPECALLER	interval_1082	interval_1082		WORKFLOWS/sarek/data/GRCh38_primary_1495.bed	pre_launch
sarek	NA12878_WGS_30x_GRCh38_1495	GATK4_HAPLOTYPECALLER	sarek::GATK4_HAPLOTYPECALLER	GATK4_HAPLOTYPECALLER	interval_1083	interval_1083		WORKFLOWS/sarek/data/GRCh38_primary_1495.bed	pre_launch
sarek	NA12878_WGS_30x_GRCh38_1495	GATK4_HAPLOTYPECALLER	sarek::GATK4_HAPLOTYPECALLER	GATK4_HAPLOTYPECALLER	interval_1084	interval_1084		WORKFLOWS/sarek/data/GRCh38_primary_1495.bed	pre_launch
sarek	NA12878_WGS_30x_GRCh38_1495	GATK4_HAPLOTYPECALLER	sarek::GATK4_HAPLOTYPECALLER	GATK4_HAPLOTYPECALLER	interval_1085	interval_1085		WORKFLOWS/sarek/data/GRCh38_primary_1495.bed	pre_launch
sarek	NA12878_WGS_30x_GRCh38_1495	GATK4_HAPLOTYPECALLER	sarek::GATK4_HAPLOTYPECALLER	GATK4_HAPLOTYPECALLER	interval_1086	interval_1086		WORKFLOWS/sarek/data/GRCh38_primary_1495.bed	pre_launch
sarek	NA12878_WGS_30x_GRCh38_1495	GATK4_HAPLOTYPECALLER	sarek::GATK4_HAPLOTYPECALLER	GATK4_HAPLOTYPECALLER	interval_1087	interval_1087		WORKFLOWS/sarek/data/GRCh38_primary_1495.bed	pre_launch
sarek	NA12878_WGS_30x_GRCh38_1495	GATK4_HAPLOTYPECALLER	sarek::GATK4_HAPLOTYPECALLER	GATK4_HAPLOTYPECALLER	interval_1088	interval_1088		WORKFLOWS/sarek/data/GRCh38_primary_1495.bed	pre_launch
sarek	NA12878_WGS_30x_GRCh38_1495	GATK4_HAPLOTYPECALLER	sarek::GATK4_HAPLOTYPECALLER	GATK4_HAPLOTYPECALLER	interval_1089	interval_1089		WORKFLOWS/sarek/data/GRCh38_primary_1495.bed	pre_launch
sarek	NA12878_WGS_30x_GRCh38_1495	GATK4_HAPLOTYPECALLER	sarek::GATK4_HAPLOTYPECALLER	GATK4_HAPLOTYPECALLER	interval_1090	interval_1090		WORKFLOWS/sarek/data/GRCh38_primary_1495.bed	pre_launch
sarek	NA12878_WGS_30x_GRCh38_1495	GATK4_HAPLOTYPECALLER	sarek::GATK4_HAPLOTYPECALLER	GATK4_HAPLOTYPECALLER	interval_1091	interval_1091		WORKFLOWS/sarek/data/GRCh38_primary_1495.bed	pre_launch
sarek	NA12878_WGS_30x_GRCh38_1495	GATK4_HAPLOTYPECALLER	sarek::GATK4_HAPLOTYPECALLER	GATK4_HAPLOTYPECALLER	interval_1092	interval_1092		WORKFLOWS/sarek/data/GRCh38_primary_1495.bed	pre_launch
sarek	NA12878_WGS_30x_GRCh38_1495	GATK4_HAPLOTYPECALLER	sarek::GATK4_HAPLOTYPECALLER	GATK4_HAPLOTYPECALLER	interval_1093	interval_1093		WORKFLOWS/sarek/data/GRCh38_primary_1495.bed	pre_launch
sarek	NA12878_WGS_30x_GRCh38_1495	GATK4_HAPLOTYPECALLER	sarek::GATK4_HAPLOTYPECALLER	GATK4_HAPLOTYPECALLER	interval_1094	interval_1094		WORKFLOWS/sarek/data/GRCh38_primary_1495.bed	pre_launch
sarek	NA12878_WGS_30x_GRCh38_1495	GATK4_HAPLOTYPECALLER	sarek::GATK4_HAPLOTYPECALLER	GATK4_HAPLOTYPECALLER	interval_1095	interval_1095		WORKFLOWS/sarek/data/GRCh38_primary_1495.bed	pre_launch
sarek	NA12878_WGS_30x_GRCh38_1495	GATK4_HAPLOTYPECALLER	sarek::GATK4_HAPLOTYPECALLER	GATK4_HAPLOTYPECALLER	interval_1096	interval_1096		WORKFLOWS/sarek/data/GRCh38_primary_1495.bed	pre_launch
sarek	NA12878_WGS_30x_GRCh38_1495	GATK4_HAPLOTYPECALLER	sarek::GATK4_HAPLOTYPECALLER	GATK4_HAPLOTYPECALLER	interval_1097	interval_1097		WORKFLOWS/sarek/data/GRCh38_primary_1495.bed	pre_launch
sarek	NA12878_WGS_30x_GRCh38_1495	GATK4_HAPLOTYPECALLER	sarek::GATK4_HAPLOTYPECALLER	GATK4_HAPLOTYPECALLER	interval_1098	interval_1098		WORKFLOWS/sarek/data/GRCh38_primary_1495.bed	pre_launch
sarek	NA12878_WGS_30x_GRCh38_1495	GATK4_HAPLOTYPECALLER	sarek::GATK4_HAPLOTYPECALLER	GATK4_HAPLOTYPECALLER	interval_1099	interval_1099		WORKFLOWS/sarek/data/GRCh38_primary_1495.bed	pre_launch
sarek	NA12878_WGS_30x_GRCh38_1495	GATK4_HAPLOTYPECALLER	sarek::GATK4_HAPLOTYPECALLER	GATK4_HAPLOTYPECALLER	interval_1100	interval_1100		WORKFLOWS/sarek/data/GRCh38_primary_1495.bed	pre_launch
sarek	NA12878_WGS_30x_GRCh38_1495	GATK4_HAPLOTYPECALLER	sarek::GATK4_HAPLOTYPECALLER	GATK4_HAPLOTYPECALLER	interval_1101	interval_1101		WORKFLOWS/sarek/data/GRCh38_primary_1495.bed	pre_launch
sarek	NA12878_WGS_30x_GRCh38_1495	GATK4_HAPLOTYPECALLER	sarek::GATK4_HAPLOTYPECALLER	GATK4_HAPLOTYPECALLER	interval_1102	interval_1102		WORKFLOWS/sarek/data/GRCh38_primary_1495.bed	pre_launch
sarek	NA12878_WGS_30x_GRCh38_1495	GATK4_HAPLOTYPECALLER	sarek::GATK4_HAPLOTYPECALLER	GATK4_HAPLOTYPECALLER	interval_1103	interval_1103		WORKFLOWS/sarek/data/GRCh38_primary_1495.bed	pre_launch
sarek	NA12878_WGS_30x_GRCh38_1495	GATK4_HAPLOTYPECALLER	sarek::GATK4_HAPLOTYPECALLER	GATK4_HAPLOTYPECALLER	interval_1104	interval_1104		WORKFLOWS/sarek/data/GRCh38_primary_1495.bed	pre_launch
sarek	NA12878_WGS_30x_GRCh38_1495	GATK4_HAPLOTYPECALLER	sarek::GATK4_HAPLOTYPECALLER	GATK4_HAPLOTYPECALLER	interval_1105	interval_1105		WORKFLOWS/sarek/data/GRCh38_primary_1495.bed	pre_launch
sarek	NA12878_WGS_30x_GRCh38_1495	GATK4_HAPLOTYPECALLER	sarek::GATK4_HAPLOTYPECALLER	GATK4_HAPLOTYPECALLER	interval_1106	interval_1106		WORKFLOWS/sarek/data/GRCh38_primary_1495.bed	pre_launch
sarek	NA12878_WGS_30x_GRCh38_1495	GATK4_HAPLOTYPECALLER	sarek::GATK4_HAPLOTYPECALLER	GATK4_HAPLOTYPECALLER	interval_1107	interval_1107		WORKFLOWS/sarek/data/GRCh38_primary_1495.bed	pre_launch
sarek	NA12878_WGS_30x_GRCh38_1495	GATK4_HAPLOTYPECALLER	sarek::GATK4_HAPLOTYPECALLER	GATK4_HAPLOTYPECALLER	interval_1108	interval_1108		WORKFLOWS/sarek/data/GRCh38_primary_1495.bed	pre_launch
sarek	NA12878_WGS_30x_GRCh38_1495	GATK4_HAPLOTYPECALLER	sarek::GATK4_HAPLOTYPECALLER	GATK4_HAPLOTYPECALLER	interval_1109	interval_1109		WORKFLOWS/sarek/data/GRCh38_primary_1495.bed	pre_launch
sarek	NA12878_WGS_30x_GRCh38_1495	GATK4_HAPLOTYPECALLER	sarek::GATK4_HAPLOTYPECALLER	GATK4_HAPLOTYPECALLER	interval_1110	interval_1110		WORKFLOWS/sarek/data/GRCh38_primary_1495.bed	pre_launch
sarek	NA12878_WGS_30x_GRCh38_1495	GATK4_HAPLOTYPECALLER	sarek::GATK4_HAPLOTYPECALLER	GATK4_HAPLOTYPECALLER	interval_1111	interval_1111		WORKFLOWS/sarek/data/GRCh38_primary_1495.bed	pre_launch
sarek	NA12878_WGS_30x_GRCh38_1495	GATK4_HAPLOTYPECALLER	sarek::GATK4_HAPLOTYPECALLER	GATK4_HAPLOTYPECALLER	interval_1112	interval_1112		WORKFLOWS/sarek/data/GRCh38_primary_1495.bed	pre_launch
sarek	NA12878_WGS_30x_GRCh38_1495	GATK4_HAPLOTYPECALLER	sarek::GATK4_HAPLOTYPECALLER	GATK4_HAPLOTYPECALLER	interval_1113	interval_1113		WORKFLOWS/sarek/data/GRCh38_primary_1495.bed	pre_launch
sarek	NA12878_WGS_30x_GRCh38_1495	GATK4_HAPLOTYPECALLER	sarek::GATK4_HAPLOTYPECALLER	GATK4_HAPLOTYPECALLER	interval_1114	interval_1114		WORKFLOWS/sarek/data/GRCh38_primary_1495.bed	pre_launch
sarek	NA12878_WGS_30x_GRCh38_1495	GATK4_HAPLOTYPECALLER	sarek::GATK4_HAPLOTYPECALLER	GATK4_HAPLOTYPECALLER	interval_1115	interval_1115		WORKFLOWS/sarek/data/GRCh38_primary_1495.bed	pre_launch
sarek	NA12878_WGS_30x_GRCh38_1495	GATK4_HAPLOTYPECALLER	sarek::GATK4_HAPLOTYPECALLER	GATK4_HAPLOTYPECALLER	interval_1116	interval_1116		WORKFLOWS/sarek/data/GRCh38_primary_1495.bed	pre_launch
sarek	NA12878_WGS_30x_GRCh38_1495	GATK4_HAPLOTYPECALLER	sarek::GATK4_HAPLOTYPECALLER	GATK4_HAPLOTYPECALLER	interval_1117	interval_1117		WORKFLOWS/sarek/data/GRCh38_primary_1495.bed	pre_launch
sarek	NA12878_WGS_30x_GRCh38_1495	GATK4_HAPLOTYPECALLER	sarek::GATK4_HAPLOTYPECALLER	GATK4_HAPLOTYPECALLER	interval_1118	interval_1118		WORKFLOWS/sarek/data/GRCh38_primary_1495.bed	pre_launch
sarek	NA12878_WGS_30x_GRCh38_1495	GATK4_HAPLOTYPECALLER	sarek::GATK4_HAPLOTYPECALLER	GATK4_HAPLOTYPECALLER	interval_1119	interval_1119		WORKFLOWS/sarek/data/GRCh38_primary_1495.bed	pre_launch
sarek	NA12878_WGS_30x_GRCh38_1495	GATK4_HAPLOTYPECALLER	sarek::GATK4_HAPLOTYPECALLER	GATK4_HAPLOTYPECALLER	interval_1120	interval_1120		WORKFLOWS/sarek/data/GRCh38_primary_1495.bed	pre_launch
sarek	NA12878_WGS_30x_GRCh38_1495	GATK4_HAPLOTYPECALLER	sarek::GATK4_HAPLOTYPECALLER	GATK4_HAPLOTYPECALLER	interval_1121	interval_1121		WORKFLOWS/sarek/data/GRCh38_primary_1495.bed	pre_launch
sarek	NA12878_WGS_30x_GRCh38_1495	GATK4_HAPLOTYPECALLER	sarek::GATK4_HAPLOTYPECALLER	GATK4_HAPLOTYPECALLER	interval_1122	interval_1122		WORKFLOWS/sarek/data/GRCh38_primary_1495.bed	pre_launch
sarek	NA12878_WGS_30x_GRCh38_1495	GATK4_HAPLOTYPECALLER	sarek::GATK4_HAPLOTYPECALLER	GATK4_HAPLOTYPECALLER	interval_1123	interval_1123		WORKFLOWS/sarek/data/GRCh38_primary_1495.bed	pre_launch
sarek	NA12878_WGS_30x_GRCh38_1495	GATK4_HAPLOTYPECALLER	sarek::GATK4_HAPLOTYPECALLER	GATK4_HAPLOTYPECALLER	interval_1124	interval_1124		WORKFLOWS/sarek/data/GRCh38_primary_1495.bed	pre_launch
sarek	NA12878_WGS_30x_GRCh38_1495	GATK4_HAPLOTYPECALLER	sarek::GATK4_HAPLOTYPECALLER	GATK4_HAPLOTYPECALLER	interval_1125	interval_1125		WORKFLOWS/sarek/data/GRCh38_primary_1495.bed	pre_launch
sarek	NA12878_WGS_30x_GRCh38_1495	GATK4_HAPLOTYPECALLER	sarek::GATK4_HAPLOTYPECALLER	GATK4_HAPLOTYPECALLER	interval_1126	interval_1126		WORKFLOWS/sarek/data/GRCh38_primary_1495.bed	pre_launch
sarek	NA12878_WGS_30x_GRCh38_1495	GATK4_HAPLOTYPECALLER	sarek::GATK4_HAPLOTYPECALLER	GATK4_HAPLOTYPECALLER	interval_1127	interval_1127		WORKFLOWS/sarek/data/GRCh38_primary_1495.bed	pre_launch
sarek	NA12878_WGS_30x_GRCh38_1495	GATK4_HAPLOTYPECALLER	sarek::GATK4_HAPLOTYPECALLER	GATK4_HAPLOTYPECALLER	interval_1128	interval_1128		WORKFLOWS/sarek/data/GRCh38_primary_1495.bed	pre_launch
sarek	NA12878_WGS_30x_GRCh38_1495	GATK4_HAPLOTYPECALLER	sarek::GATK4_HAPLOTYPECALLER	GATK4_HAPLOTYPECALLER	interval_1129	interval_1129		WORKFLOWS/sarek/data/GRCh38_primary_1495.bed	pre_launch
sarek	NA12878_WGS_30x_GRCh38_1495	GATK4_HAPLOTYPECALLER	sarek::GATK4_HAPLOTYPECALLER	GATK4_HAPLOTYPECALLER	interval_1130	interval_1130		WORKFLOWS/sarek/data/GRCh38_primary_1495.bed	pre_launch
sarek	NA12878_WGS_30x_GRCh38_1495	GATK4_HAPLOTYPECALLER	sarek::GATK4_HAPLOTYPECALLER	GATK4_HAPLOTYPECALLER	interval_1131	interval_1131		WORKFLOWS/sarek/data/GRCh38_primary_1495.bed	pre_launch
sarek	NA12878_WGS_30x_GRCh38_1495	GATK4_HAPLOTYPECALLER	sarek::GATK4_HAPLOTYPECALLER	GATK4_HAPLOTYPECALLER	interval_1132	interval_1132		WORKFLOWS/sarek/data/GRCh38_primary_1495.bed	pre_launch
sarek	NA12878_WGS_30x_GRCh38_1495	GATK4_HAPLOTYPECALLER	sarek::GATK4_HAPLOTYPECALLER	GATK4_HAPLOTYPECALLER	interval_1133	interval_1133		WORKFLOWS/sarek/data/GRCh38_primary_1495.bed	pre_launch
sarek	NA12878_WGS_30x_GRCh38_1495	GATK4_HAPLOTYPECALLER	sarek::GATK4_HAPLOTYPECALLER	GATK4_HAPLOTYPECALLER	interval_1134	interval_1134		WORKFLOWS/sarek/data/GRCh38_primary_1495.bed	pre_launch
sarek	NA12878_WGS_30x_GRCh38_1495	GATK4_HAPLOTYPECALLER	sarek::GATK4_HAPLOTYPECALLER	GATK4_HAPLOTYPECALLER	interval_1135	interval_1135		WORKFLOWS/sarek/data/GRCh38_primary_1495.bed	pre_launch
sarek	NA12878_WGS_30x_GRCh38_1495	GATK4_HAPLOTYPECALLER	sarek::GATK4_HAPLOTYPECALLER	GATK4_HAPLOTYPECALLER	interval_1136	interval_1136		WORKFLOWS/sarek/data/GRCh38_primary_1495.bed	pre_launch
sarek	NA12878_WGS_30x_GRCh38_1495	GATK4_HAPLOTYPECALLER	sarek::GATK4_HAPLOTYPECALLER	GATK4_HAPLOTYPECALLER	interval_1137	interval_1137		WORKFLOWS/sarek/data/GRCh38_primary_1495.bed	pre_launch
sarek	NA12878_WGS_30x_GRCh38_1495	GATK4_HAPLOTYPECALLER	sarek::GATK4_HAPLOTYPECALLER	GATK4_HAPLOTYPECALLER	interval_1138	interval_1138		WORKFLOWS/sarek/data/GRCh38_primary_1495.bed	pre_launch
sarek	NA12878_WGS_30x_GRCh38_1495	GATK4_HAPLOTYPECALLER	sarek::GATK4_HAPLOTYPECALLER	GATK4_HAPLOTYPECALLER	interval_1139	interval_1139		WORKFLOWS/sarek/data/GRCh38_primary_1495.bed	pre_launch
sarek	NA12878_WGS_30x_GRCh38_1495	GATK4_HAPLOTYPECALLER	sarek::GATK4_HAPLOTYPECALLER	GATK4_HAPLOTYPECALLER	interval_1140	interval_1140		WORKFLOWS/sarek/data/GRCh38_primary_1495.bed	pre_launch
sarek	NA12878_WGS_30x_GRCh38_1495	GATK4_HAPLOTYPECALLER	sarek::GATK4_HAPLOTYPECALLER	GATK4_HAPLOTYPECALLER	interval_1141	interval_1141		WORKFLOWS/sarek/data/GRCh38_primary_1495.bed	pre_launch
sarek	NA12878_WGS_30x_GRCh38_1495	GATK4_HAPLOTYPECALLER	sarek::GATK4_HAPLOTYPECALLER	GATK4_HAPLOTYPECALLER	interval_1142	interval_1142		WORKFLOWS/sarek/data/GRCh38_primary_1495.bed	pre_launch
sarek	NA12878_WGS_30x_GRCh38_1495	GATK4_HAPLOTYPECALLER	sarek::GATK4_HAPLOTYPECALLER	GATK4_HAPLOTYPECALLER	interval_1143	interval_1143		WORKFLOWS/sarek/data/GRCh38_primary_1495.bed	pre_launch
sarek	NA12878_WGS_30x_GRCh38_1495	GATK4_HAPLOTYPECALLER	sarek::GATK4_HAPLOTYPECALLER	GATK4_HAPLOTYPECALLER	interval_1144	interval_1144		WORKFLOWS/sarek/data/GRCh38_primary_1495.bed	pre_launch
sarek	NA12878_WGS_30x_GRCh38_1495	GATK4_HAPLOTYPECALLER	sarek::GATK4_HAPLOTYPECALLER	GATK4_HAPLOTYPECALLER	interval_1145	interval_1145		WORKFLOWS/sarek/data/GRCh38_primary_1495.bed	pre_launch
sarek	NA12878_WGS_30x_GRCh38_1495	GATK4_HAPLOTYPECALLER	sarek::GATK4_HAPLOTYPECALLER	GATK4_HAPLOTYPECALLER	interval_1146	interval_1146		WORKFLOWS/sarek/data/GRCh38_primary_1495.bed	pre_launch
sarek	NA12878_WGS_30x_GRCh38_1495	GATK4_HAPLOTYPECALLER	sarek::GATK4_HAPLOTYPECALLER	GATK4_HAPLOTYPECALLER	interval_1147	interval_1147		WORKFLOWS/sarek/data/GRCh38_primary_1495.bed	pre_launch
sarek	NA12878_WGS_30x_GRCh38_1495	GATK4_HAPLOTYPECALLER	sarek::GATK4_HAPLOTYPECALLER	GATK4_HAPLOTYPECALLER	interval_1148	interval_1148		WORKFLOWS/sarek/data/GRCh38_primary_1495.bed	pre_launch
sarek	NA12878_WGS_30x_GRCh38_1495	GATK4_HAPLOTYPECALLER	sarek::GATK4_HAPLOTYPECALLER	GATK4_HAPLOTYPECALLER	interval_1149	interval_1149		WORKFLOWS/sarek/data/GRCh38_primary_1495.bed	pre_launch
sarek	NA12878_WGS_30x_GRCh38_1495	GATK4_HAPLOTYPECALLER	sarek::GATK4_HAPLOTYPECALLER	GATK4_HAPLOTYPECALLER	interval_1150	interval_1150		WORKFLOWS/sarek/data/GRCh38_primary_1495.bed	pre_launch
sarek	NA12878_WGS_30x_GRCh38_1495	GATK4_HAPLOTYPECALLER	sarek::GATK4_HAPLOTYPECALLER	GATK4_HAPLOTYPECALLER	interval_1151	interval_1151		WORKFLOWS/sarek/data/GRCh38_primary_1495.bed	pre_launch
sarek	NA12878_WGS_30x_GRCh38_1495	GATK4_HAPLOTYPECALLER	sarek::GATK4_HAPLOTYPECALLER	GATK4_HAPLOTYPECALLER	interval_1152	interval_1152		WORKFLOWS/sarek/data/GRCh38_primary_1495.bed	pre_launch
sarek	NA12878_WGS_30x_GRCh38_1495	GATK4_HAPLOTYPECALLER	sarek::GATK4_HAPLOTYPECALLER	GATK4_HAPLOTYPECALLER	interval_1153	interval_1153		WORKFLOWS/sarek/data/GRCh38_primary_1495.bed	pre_launch
sarek	NA12878_WGS_30x_GRCh38_1495	GATK4_HAPLOTYPECALLER	sarek::GATK4_HAPLOTYPECALLER	GATK4_HAPLOTYPECALLER	interval_1154	interval_1154		WORKFLOWS/sarek/data/GRCh38_primary_1495.bed	pre_launch
sarek	NA12878_WGS_30x_GRCh38_1495	GATK4_HAPLOTYPECALLER	sarek::GATK4_HAPLOTYPECALLER	GATK4_HAPLOTYPECALLER	interval_1155	interval_1155		WORKFLOWS/sarek/data/GRCh38_primary_1495.bed	pre_launch
sarek	NA12878_WGS_30x_GRCh38_1495	GATK4_HAPLOTYPECALLER	sarek::GATK4_HAPLOTYPECALLER	GATK4_HAPLOTYPECALLER	interval_1156	interval_1156		WORKFLOWS/sarek/data/GRCh38_primary_1495.bed	pre_launch
sarek	NA12878_WGS_30x_GRCh38_1495	GATK4_HAPLOTYPECALLER	sarek::GATK4_HAPLOTYPECALLER	GATK4_HAPLOTYPECALLER	interval_1157	interval_1157		WORKFLOWS/sarek/data/GRCh38_primary_1495.bed	pre_launch
sarek	NA12878_WGS_30x_GRCh38_1495	GATK4_HAPLOTYPECALLER	sarek::GATK4_HAPLOTYPECALLER	GATK4_HAPLOTYPECALLER	interval_1158	interval_1158		WORKFLOWS/sarek/data/GRCh38_primary_1495.bed	pre_launch
sarek	NA12878_WGS_30x_GRCh38_1495	GATK4_HAPLOTYPECALLER	sarek::GATK4_HAPLOTYPECALLER	GATK4_HAPLOTYPECALLER	interval_1159	interval_1159		WORKFLOWS/sarek/data/GRCh38_primary_1495.bed	pre_launch
sarek	NA12878_WGS_30x_GRCh38_1495	GATK4_HAPLOTYPECALLER	sarek::GATK4_HAPLOTYPECALLER	GATK4_HAPLOTYPECALLER	interval_1160	interval_1160		WORKFLOWS/sarek/data/GRCh38_primary_1495.bed	pre_launch
sarek	NA12878_WGS_30x_GRCh38_1495	GATK4_HAPLOTYPECALLER	sarek::GATK4_HAPLOTYPECALLER	GATK4_HAPLOTYPECALLER	interval_1161	interval_1161		WORKFLOWS/sarek/data/GRCh38_primary_1495.bed	pre_launch
sarek	NA12878_WGS_30x_GRCh38_1495	GATK4_HAPLOTYPECALLER	sarek::GATK4_HAPLOTYPECALLER	GATK4_HAPLOTYPECALLER	interval_1162	interval_1162		WORKFLOWS/sarek/data/GRCh38_primary_1495.bed	pre_launch
sarek	NA12878_WGS_30x_GRCh38_1495	GATK4_HAPLOTYPECALLER	sarek::GATK4_HAPLOTYPECALLER	GATK4_HAPLOTYPECALLER	interval_1163	interval_1163		WORKFLOWS/sarek/data/GRCh38_primary_1495.bed	pre_launch
sarek	NA12878_WGS_30x_GRCh38_1495	GATK4_HAPLOTYPECALLER	sarek::GATK4_HAPLOTYPECALLER	GATK4_HAPLOTYPECALLER	interval_1164	interval_1164		WORKFLOWS/sarek/data/GRCh38_primary_1495.bed	pre_launch
sarek	NA12878_WGS_30x_GRCh38_1495	GATK4_HAPLOTYPECALLER	sarek::GATK4_HAPLOTYPECALLER	GATK4_HAPLOTYPECALLER	interval_1165	interval_1165		WORKFLOWS/sarek/data/GRCh38_primary_1495.bed	pre_launch
sarek	NA12878_WGS_30x_GRCh38_1495	GATK4_HAPLOTYPECALLER	sarek::GATK4_HAPLOTYPECALLER	GATK4_HAPLOTYPECALLER	interval_1166	interval_1166		WORKFLOWS/sarek/data/GRCh38_primary_1495.bed	pre_launch
sarek	NA12878_WGS_30x_GRCh38_1495	GATK4_HAPLOTYPECALLER	sarek::GATK4_HAPLOTYPECALLER	GATK4_HAPLOTYPECALLER	interval_1167	interval_1167		WORKFLOWS/sarek/data/GRCh38_primary_1495.bed	pre_launch
sarek	NA12878_WGS_30x_GRCh38_1495	GATK4_HAPLOTYPECALLER	sarek::GATK4_HAPLOTYPECALLER	GATK4_HAPLOTYPECALLER	interval_1168	interval_1168		WORKFLOWS/sarek/data/GRCh38_primary_1495.bed	pre_launch
sarek	NA12878_WGS_30x_GRCh38_1495	GATK4_HAPLOTYPECALLER	sarek::GATK4_HAPLOTYPECALLER	GATK4_HAPLOTYPECALLER	interval_1169	interval_1169		WORKFLOWS/sarek/data/GRCh38_primary_1495.bed	pre_launch
sarek	NA12878_WGS_30x_GRCh38_1495	GATK4_HAPLOTYPECALLER	sarek::GATK4_HAPLOTYPECALLER	GATK4_HAPLOTYPECALLER	interval_1170	interval_1170		WORKFLOWS/sarek/data/GRCh38_primary_1495.bed	pre_launch
sarek	NA12878_WGS_30x_GRCh38_1495	GATK4_HAPLOTYPECALLER	sarek::GATK4_HAPLOTYPECALLER	GATK4_HAPLOTYPECALLER	interval_1171	interval_1171		WORKFLOWS/sarek/data/GRCh38_primary_1495.bed	pre_launch
sarek	NA12878_WGS_30x_GRCh38_1495	GATK4_HAPLOTYPECALLER	sarek::GATK4_HAPLOTYPECALLER	GATK4_HAPLOTYPECALLER	interval_1172	interval_1172		WORKFLOWS/sarek/data/GRCh38_primary_1495.bed	pre_launch
sarek	NA12878_WGS_30x_GRCh38_1495	GATK4_HAPLOTYPECALLER	sarek::GATK4_HAPLOTYPECALLER	GATK4_HAPLOTYPECALLER	interval_1173	interval_1173		WORKFLOWS/sarek/data/GRCh38_primary_1495.bed	pre_launch
sarek	NA12878_WGS_30x_GRCh38_1495	GATK4_HAPLOTYPECALLER	sarek::GATK4_HAPLOTYPECALLER	GATK4_HAPLOTYPECALLER	interval_1174	interval_1174		WORKFLOWS/sarek/data/GRCh38_primary_1495.bed	pre_launch
sarek	NA12878_WGS_30x_GRCh38_1495	GATK4_HAPLOTYPECALLER	sarek::GATK4_HAPLOTYPECALLER	GATK4_HAPLOTYPECALLER	interval_1175	interval_1175		WORKFLOWS/sarek/data/GRCh38_primary_1495.bed	pre_launch
sarek	NA12878_WGS_30x_GRCh38_1495	GATK4_HAPLOTYPECALLER	sarek::GATK4_HAPLOTYPECALLER	GATK4_HAPLOTYPECALLER	interval_1176	interval_1176		WORKFLOWS/sarek/data/GRCh38_primary_1495.bed	pre_launch
sarek	NA12878_WGS_30x_GRCh38_1495	GATK4_HAPLOTYPECALLER	sarek::GATK4_HAPLOTYPECALLER	GATK4_HAPLOTYPECALLER	interval_1177	interval_1177		WORKFLOWS/sarek/data/GRCh38_primary_1495.bed	pre_launch
sarek	NA12878_WGS_30x_GRCh38_1495	GATK4_HAPLOTYPECALLER	sarek::GATK4_HAPLOTYPECALLER	GATK4_HAPLOTYPECALLER	interval_1178	interval_1178		WORKFLOWS/sarek/data/GRCh38_primary_1495.bed	pre_launch
sarek	NA12878_WGS_30x_GRCh38_1495	GATK4_HAPLOTYPECALLER	sarek::GATK4_HAPLOTYPECALLER	GATK4_HAPLOTYPECALLER	interval_1179	interval_1179		WORKFLOWS/sarek/data/GRCh38_primary_1495.bed	pre_launch
sarek	NA12878_WGS_30x_GRCh38_1495	GATK4_HAPLOTYPECALLER	sarek::GATK4_HAPLOTYPECALLER	GATK4_HAPLOTYPECALLER	interval_1180	interval_1180		WORKFLOWS/sarek/data/GRCh38_primary_1495.bed	pre_launch
sarek	NA12878_WGS_30x_GRCh38_1495	GATK4_HAPLOTYPECALLER	sarek::GATK4_HAPLOTYPECALLER	GATK4_HAPLOTYPECALLER	interval_1181	interval_1181		WORKFLOWS/sarek/data/GRCh38_primary_1495.bed	pre_launch
sarek	NA12878_WGS_30x_GRCh38_1495	GATK4_HAPLOTYPECALLER	sarek::GATK4_HAPLOTYPECALLER	GATK4_HAPLOTYPECALLER	interval_1182	interval_1182		WORKFLOWS/sarek/data/GRCh38_primary_1495.bed	pre_launch
sarek	NA12878_WGS_30x_GRCh38_1495	GATK4_HAPLOTYPECALLER	sarek::GATK4_HAPLOTYPECALLER	GATK4_HAPLOTYPECALLER	interval_1183	interval_1183		WORKFLOWS/sarek/data/GRCh38_primary_1495.bed	pre_launch
sarek	NA12878_WGS_30x_GRCh38_1495	GATK4_HAPLOTYPECALLER	sarek::GATK4_HAPLOTYPECALLER	GATK4_HAPLOTYPECALLER	interval_1184	interval_1184		WORKFLOWS/sarek/data/GRCh38_primary_1495.bed	pre_launch
sarek	NA12878_WGS_30x_GRCh38_1495	GATK4_HAPLOTYPECALLER	sarek::GATK4_HAPLOTYPECALLER	GATK4_HAPLOTYPECALLER	interval_1185	interval_1185		WORKFLOWS/sarek/data/GRCh38_primary_1495.bed	pre_launch
sarek	NA12878_WGS_30x_GRCh38_1495	GATK4_HAPLOTYPECALLER	sarek::GATK4_HAPLOTYPECALLER	GATK4_HAPLOTYPECALLER	interval_1186	interval_1186		WORKFLOWS/sarek/data/GRCh38_primary_1495.bed	pre_launch
sarek	NA12878_WGS_30x_GRCh38_1495	GATK4_HAPLOTYPECALLER	sarek::GATK4_HAPLOTYPECALLER	GATK4_HAPLOTYPECALLER	interval_1187	interval_1187		WORKFLOWS/sarek/data/GRCh38_primary_1495.bed	pre_launch
sarek	NA12878_WGS_30x_GRCh38_1495	GATK4_HAPLOTYPECALLER	sarek::GATK4_HAPLOTYPECALLER	GATK4_HAPLOTYPECALLER	interval_1188	interval_1188		WORKFLOWS/sarek/data/GRCh38_primary_1495.bed	pre_launch
sarek	NA12878_WGS_30x_GRCh38_1495	GATK4_HAPLOTYPECALLER	sarek::GATK4_HAPLOTYPECALLER	GATK4_HAPLOTYPECALLER	interval_1189	interval_1189		WORKFLOWS/sarek/data/GRCh38_primary_1495.bed	pre_launch
sarek	NA12878_WGS_30x_GRCh38_1495	GATK4_HAPLOTYPECALLER	sarek::GATK4_HAPLOTYPECALLER	GATK4_HAPLOTYPECALLER	interval_1190	interval_1190		WORKFLOWS/sarek/data/GRCh38_primary_1495.bed	pre_launch
sarek	NA12878_WGS_30x_GRCh38_1495	GATK4_HAPLOTYPECALLER	sarek::GATK4_HAPLOTYPECALLER	GATK4_HAPLOTYPECALLER	interval_1191	interval_1191		WORKFLOWS/sarek/data/GRCh38_primary_1495.bed	pre_launch
sarek	NA12878_WGS_30x_GRCh38_1495	GATK4_HAPLOTYPECALLER	sarek::GATK4_HAPLOTYPECALLER	GATK4_HAPLOTYPECALLER	interval_1192	interval_1192		WORKFLOWS/sarek/data/GRCh38_primary_1495.bed	pre_launch
sarek	NA12878_WGS_30x_GRCh38_1495	GATK4_HAPLOTYPECALLER	sarek::GATK4_HAPLOTYPECALLER	GATK4_HAPLOTYPECALLER	interval_1193	interval_1193		WORKFLOWS/sarek/data/GRCh38_primary_1495.bed	pre_launch
sarek	NA12878_WGS_30x_GRCh38_1495	GATK4_HAPLOTYPECALLER	sarek::GATK4_HAPLOTYPECALLER	GATK4_HAPLOTYPECALLER	interval_1194	interval_1194		WORKFLOWS/sarek/data/GRCh38_primary_1495.bed	pre_launch
sarek	NA12878_WGS_30x_GRCh38_1495	GATK4_HAPLOTYPECALLER	sarek::GATK4_HAPLOTYPECALLER	GATK4_HAPLOTYPECALLER	interval_1195	interval_1195		WORKFLOWS/sarek/data/GRCh38_primary_1495.bed	pre_launch
sarek	NA12878_WGS_30x_GRCh38_1495	GATK4_HAPLOTYPECALLER	sarek::GATK4_HAPLOTYPECALLER	GATK4_HAPLOTYPECALLER	interval_1196	interval_1196		WORKFLOWS/sarek/data/GRCh38_primary_1495.bed	pre_launch
sarek	NA12878_WGS_30x_GRCh38_1495	GATK4_HAPLOTYPECALLER	sarek::GATK4_HAPLOTYPECALLER	GATK4_HAPLOTYPECALLER	interval_1197	interval_1197		WORKFLOWS/sarek/data/GRCh38_primary_1495.bed	pre_launch
sarek	NA12878_WGS_30x_GRCh38_1495	GATK4_HAPLOTYPECALLER	sarek::GATK4_HAPLOTYPECALLER	GATK4_HAPLOTYPECALLER	interval_1198	interval_1198		WORKFLOWS/sarek/data/GRCh38_primary_1495.bed	pre_launch
sarek	NA12878_WGS_30x_GRCh38_1495	GATK4_HAPLOTYPECALLER	sarek::GATK4_HAPLOTYPECALLER	GATK4_HAPLOTYPECALLER	interval_1199	interval_1199		WORKFLOWS/sarek/data/GRCh38_primary_1495.bed	pre_launch
sarek	NA12878_WGS_30x_GRCh38_1495	GATK4_HAPLOTYPECALLER	sarek::GATK4_HAPLOTYPECALLER	GATK4_HAPLOTYPECALLER	interval_1200	interval_1200		WORKFLOWS/sarek/data/GRCh38_primary_1495.bed	pre_launch
sarek	NA12878_WGS_30x_GRCh38_1495	GATK4_HAPLOTYPECALLER	sarek::GATK4_HAPLOTYPECALLER	GATK4_HAPLOTYPECALLER	interval_1201	interval_1201		WORKFLOWS/sarek/data/GRCh38_primary_1495.bed	pre_launch
sarek	NA12878_WGS_30x_GRCh38_1495	GATK4_HAPLOTYPECALLER	sarek::GATK4_HAPLOTYPECALLER	GATK4_HAPLOTYPECALLER	interval_1202	interval_1202		WORKFLOWS/sarek/data/GRCh38_primary_1495.bed	pre_launch
sarek	NA12878_WGS_30x_GRCh38_1495	GATK4_HAPLOTYPECALLER	sarek::GATK4_HAPLOTYPECALLER	GATK4_HAPLOTYPECALLER	interval_1203	interval_1203		WORKFLOWS/sarek/data/GRCh38_primary_1495.bed	pre_launch
sarek	NA12878_WGS_30x_GRCh38_1495	GATK4_HAPLOTYPECALLER	sarek::GATK4_HAPLOTYPECALLER	GATK4_HAPLOTYPECALLER	interval_1204	interval_1204		WORKFLOWS/sarek/data/GRCh38_primary_1495.bed	pre_launch
sarek	NA12878_WGS_30x_GRCh38_1495	GATK4_HAPLOTYPECALLER	sarek::GATK4_HAPLOTYPECALLER	GATK4_HAPLOTYPECALLER	interval_1205	interval_1205		WORKFLOWS/sarek/data/GRCh38_primary_1495.bed	pre_launch
sarek	NA12878_WGS_30x_GRCh38_1495	GATK4_HAPLOTYPECALLER	sarek::GATK4_HAPLOTYPECALLER	GATK4_HAPLOTYPECALLER	interval_1206	interval_1206		WORKFLOWS/sarek/data/GRCh38_primary_1495.bed	pre_launch
sarek	NA12878_WGS_30x_GRCh38_1495	GATK4_HAPLOTYPECALLER	sarek::GATK4_HAPLOTYPECALLER	GATK4_HAPLOTYPECALLER	interval_1207	interval_1207		WORKFLOWS/sarek/data/GRCh38_primary_1495.bed	pre_launch
sarek	NA12878_WGS_30x_GRCh38_1495	GATK4_HAPLOTYPECALLER	sarek::GATK4_HAPLOTYPECALLER	GATK4_HAPLOTYPECALLER	interval_1208	interval_1208		WORKFLOWS/sarek/data/GRCh38_primary_1495.bed	pre_launch
sarek	NA12878_WGS_30x_GRCh38_1495	GATK4_HAPLOTYPECALLER	sarek::GATK4_HAPLOTYPECALLER	GATK4_HAPLOTYPECALLER	interval_1209	interval_1209		WORKFLOWS/sarek/data/GRCh38_primary_1495.bed	pre_launch
sarek	NA12878_WGS_30x_GRCh38_1495	GATK4_HAPLOTYPECALLER	sarek::GATK4_HAPLOTYPECALLER	GATK4_HAPLOTYPECALLER	interval_1210	interval_1210		WORKFLOWS/sarek/data/GRCh38_primary_1495.bed	pre_launch
sarek	NA12878_WGS_30x_GRCh38_1495	GATK4_HAPLOTYPECALLER	sarek::GATK4_HAPLOTYPECALLER	GATK4_HAPLOTYPECALLER	interval_1211	interval_1211		WORKFLOWS/sarek/data/GRCh38_primary_1495.bed	pre_launch
sarek	NA12878_WGS_30x_GRCh38_1495	GATK4_HAPLOTYPECALLER	sarek::GATK4_HAPLOTYPECALLER	GATK4_HAPLOTYPECALLER	interval_1212	interval_1212		WORKFLOWS/sarek/data/GRCh38_primary_1495.bed	pre_launch
sarek	NA12878_WGS_30x_GRCh38_1495	GATK4_HAPLOTYPECALLER	sarek::GATK4_HAPLOTYPECALLER	GATK4_HAPLOTYPECALLER	interval_1213	interval_1213		WORKFLOWS/sarek/data/GRCh38_primary_1495.bed	pre_launch
sarek	NA12878_WGS_30x_GRCh38_1495	GATK4_HAPLOTYPECALLER	sarek::GATK4_HAPLOTYPECALLER	GATK4_HAPLOTYPECALLER	interval_1214	interval_1214		WORKFLOWS/sarek/data/GRCh38_primary_1495.bed	pre_launch
sarek	NA12878_WGS_30x_GRCh38_1495	GATK4_HAPLOTYPECALLER	sarek::GATK4_HAPLOTYPECALLER	GATK4_HAPLOTYPECALLER	interval_1215	interval_1215		WORKFLOWS/sarek/data/GRCh38_primary_1495.bed	pre_launch
sarek	NA12878_WGS_30x_GRCh38_1495	GATK4_HAPLOTYPECALLER	sarek::GATK4_HAPLOTYPECALLER	GATK4_HAPLOTYPECALLER	interval_1216	interval_1216		WORKFLOWS/sarek/data/GRCh38_primary_1495.bed	pre_launch
sarek	NA12878_WGS_30x_GRCh38_1495	GATK4_HAPLOTYPECALLER	sarek::GATK4_HAPLOTYPECALLER	GATK4_HAPLOTYPECALLER	interval_1217	interval_1217		WORKFLOWS/sarek/data/GRCh38_primary_1495.bed	pre_launch
sarek	NA12878_WGS_30x_GRCh38_1495	GATK4_HAPLOTYPECALLER	sarek::GATK4_HAPLOTYPECALLER	GATK4_HAPLOTYPECALLER	interval_1218	interval_1218		WORKFLOWS/sarek/data/GRCh38_primary_1495.bed	pre_launch
sarek	NA12878_WGS_30x_GRCh38_1495	GATK4_HAPLOTYPECALLER	sarek::GATK4_HAPLOTYPECALLER	GATK4_HAPLOTYPECALLER	interval_1219	interval_1219		WORKFLOWS/sarek/data/GRCh38_primary_1495.bed	pre_launch
sarek	NA12878_WGS_30x_GRCh38_1495	GATK4_HAPLOTYPECALLER	sarek::GATK4_HAPLOTYPECALLER	GATK4_HAPLOTYPECALLER	interval_1220	interval_1220		WORKFLOWS/sarek/data/GRCh38_primary_1495.bed	pre_launch
sarek	NA12878_WGS_30x_GRCh38_1495	GATK4_HAPLOTYPECALLER	sarek::GATK4_HAPLOTYPECALLER	GATK4_HAPLOTYPECALLER	interval_1221	interval_1221		WORKFLOWS/sarek/data/GRCh38_primary_1495.bed	pre_launch
sarek	NA12878_WGS_30x_GRCh38_1495	GATK4_HAPLOTYPECALLER	sarek::GATK4_HAPLOTYPECALLER	GATK4_HAPLOTYPECALLER	interval_1222	interval_1222		WORKFLOWS/sarek/data/GRCh38_primary_1495.bed	pre_launch
sarek	NA12878_WGS_30x_GRCh38_1495	GATK4_HAPLOTYPECALLER	sarek::GATK4_HAPLOTYPECALLER	GATK4_HAPLOTYPECALLER	interval_1223	interval_1223		WORKFLOWS/sarek/data/GRCh38_primary_1495.bed	pre_launch
sarek	NA12878_WGS_30x_GRCh38_1495	GATK4_HAPLOTYPECALLER	sarek::GATK4_HAPLOTYPECALLER	GATK4_HAPLOTYPECALLER	interval_1224	interval_1224		WORKFLOWS/sarek/data/GRCh38_primary_1495.bed	pre_launch
sarek	NA12878_WGS_30x_GRCh38_1495	GATK4_HAPLOTYPECALLER	sarek::GATK4_HAPLOTYPECALLER	GATK4_HAPLOTYPECALLER	interval_1225	interval_1225		WORKFLOWS/sarek/data/GRCh38_primary_1495.bed	pre_launch
sarek	NA12878_WGS_30x_GRCh38_1495	GATK4_HAPLOTYPECALLER	sarek::GATK4_HAPLOTYPECALLER	GATK4_HAPLOTYPECALLER	interval_1226	interval_1226		WORKFLOWS/sarek/data/GRCh38_primary_1495.bed	pre_launch
sarek	NA12878_WGS_30x_GRCh38_1495	GATK4_HAPLOTYPECALLER	sarek::GATK4_HAPLOTYPECALLER	GATK4_HAPLOTYPECALLER	interval_1227	interval_1227		WORKFLOWS/sarek/data/GRCh38_primary_1495.bed	pre_launch
sarek	NA12878_WGS_30x_GRCh38_1495	GATK4_HAPLOTYPECALLER	sarek::GATK4_HAPLOTYPECALLER	GATK4_HAPLOTYPECALLER	interval_1228	interval_1228		WORKFLOWS/sarek/data/GRCh38_primary_1495.bed	pre_launch
sarek	NA12878_WGS_30x_GRCh38_1495	GATK4_HAPLOTYPECALLER	sarek::GATK4_HAPLOTYPECALLER	GATK4_HAPLOTYPECALLER	interval_1229	interval_1229		WORKFLOWS/sarek/data/GRCh38_primary_1495.bed	pre_launch
sarek	NA12878_WGS_30x_GRCh38_1495	GATK4_HAPLOTYPECALLER	sarek::GATK4_HAPLOTYPECALLER	GATK4_HAPLOTYPECALLER	interval_1230	interval_1230		WORKFLOWS/sarek/data/GRCh38_primary_1495.bed	pre_launch
sarek	NA12878_WGS_30x_GRCh38_1495	GATK4_HAPLOTYPECALLER	sarek::GATK4_HAPLOTYPECALLER	GATK4_HAPLOTYPECALLER	interval_1231	interval_1231		WORKFLOWS/sarek/data/GRCh38_primary_1495.bed	pre_launch
sarek	NA12878_WGS_30x_GRCh38_1495	GATK4_HAPLOTYPECALLER	sarek::GATK4_HAPLOTYPECALLER	GATK4_HAPLOTYPECALLER	interval_1232	interval_1232		WORKFLOWS/sarek/data/GRCh38_primary_1495.bed	pre_launch
sarek	NA12878_WGS_30x_GRCh38_1495	GATK4_HAPLOTYPECALLER	sarek::GATK4_HAPLOTYPECALLER	GATK4_HAPLOTYPECALLER	interval_1233	interval_1233		WORKFLOWS/sarek/data/GRCh38_primary_1495.bed	pre_launch
sarek	NA12878_WGS_30x_GRCh38_1495	GATK4_HAPLOTYPECALLER	sarek::GATK4_HAPLOTYPECALLER	GATK4_HAPLOTYPECALLER	interval_1234	interval_1234		WORKFLOWS/sarek/data/GRCh38_primary_1495.bed	pre_launch
sarek	NA12878_WGS_30x_GRCh38_1495	GATK4_HAPLOTYPECALLER	sarek::GATK4_HAPLOTYPECALLER	GATK4_HAPLOTYPECALLER	interval_1235	interval_1235		WORKFLOWS/sarek/data/GRCh38_primary_1495.bed	pre_launch
sarek	NA12878_WGS_30x_GRCh38_1495	GATK4_HAPLOTYPECALLER	sarek::GATK4_HAPLOTYPECALLER	GATK4_HAPLOTYPECALLER	interval_1236	interval_1236		WORKFLOWS/sarek/data/GRCh38_primary_1495.bed	pre_launch
sarek	NA12878_WGS_30x_GRCh38_1495	GATK4_HAPLOTYPECALLER	sarek::GATK4_HAPLOTYPECALLER	GATK4_HAPLOTYPECALLER	interval_1237	interval_1237		WORKFLOWS/sarek/data/GRCh38_primary_1495.bed	pre_launch
sarek	NA12878_WGS_30x_GRCh38_1495	GATK4_HAPLOTYPECALLER	sarek::GATK4_HAPLOTYPECALLER	GATK4_HAPLOTYPECALLER	interval_1238	interval_1238		WORKFLOWS/sarek/data/GRCh38_primary_1495.bed	pre_launch
sarek	NA12878_WGS_30x_GRCh38_1495	GATK4_HAPLOTYPECALLER	sarek::GATK4_HAPLOTYPECALLER	GATK4_HAPLOTYPECALLER	interval_1239	interval_1239		WORKFLOWS/sarek/data/GRCh38_primary_1495.bed	pre_launch
sarek	NA12878_WGS_30x_GRCh38_1495	GATK4_HAPLOTYPECALLER	sarek::GATK4_HAPLOTYPECALLER	GATK4_HAPLOTYPECALLER	interval_1240	interval_1240		WORKFLOWS/sarek/data/GRCh38_primary_1495.bed	pre_launch
sarek	NA12878_WGS_30x_GRCh38_1495	GATK4_HAPLOTYPECALLER	sarek::GATK4_HAPLOTYPECALLER	GATK4_HAPLOTYPECALLER	interval_1241	interval_1241		WORKFLOWS/sarek/data/GRCh38_primary_1495.bed	pre_launch
sarek	NA12878_WGS_30x_GRCh38_1495	GATK4_HAPLOTYPECALLER	sarek::GATK4_HAPLOTYPECALLER	GATK4_HAPLOTYPECALLER	interval_1242	interval_1242		WORKFLOWS/sarek/data/GRCh38_primary_1495.bed	pre_launch
sarek	NA12878_WGS_30x_GRCh38_1495	GATK4_HAPLOTYPECALLER	sarek::GATK4_HAPLOTYPECALLER	GATK4_HAPLOTYPECALLER	interval_1243	interval_1243		WORKFLOWS/sarek/data/GRCh38_primary_1495.bed	pre_launch
sarek	NA12878_WGS_30x_GRCh38_1495	GATK4_HAPLOTYPECALLER	sarek::GATK4_HAPLOTYPECALLER	GATK4_HAPLOTYPECALLER	interval_1244	interval_1244		WORKFLOWS/sarek/data/GRCh38_primary_1495.bed	pre_launch
sarek	NA12878_WGS_30x_GRCh38_1495	GATK4_HAPLOTYPECALLER	sarek::GATK4_HAPLOTYPECALLER	GATK4_HAPLOTYPECALLER	interval_1245	interval_1245		WORKFLOWS/sarek/data/GRCh38_primary_1495.bed	pre_launch
sarek	NA12878_WGS_30x_GRCh38_1495	GATK4_HAPLOTYPECALLER	sarek::GATK4_HAPLOTYPECALLER	GATK4_HAPLOTYPECALLER	interval_1246	interval_1246		WORKFLOWS/sarek/data/GRCh38_primary_1495.bed	pre_launch
sarek	NA12878_WGS_30x_GRCh38_1495	GATK4_HAPLOTYPECALLER	sarek::GATK4_HAPLOTYPECALLER	GATK4_HAPLOTYPECALLER	interval_1247	interval_1247		WORKFLOWS/sarek/data/GRCh38_primary_1495.bed	pre_launch
sarek	NA12878_WGS_30x_GRCh38_1495	GATK4_HAPLOTYPECALLER	sarek::GATK4_HAPLOTYPECALLER	GATK4_HAPLOTYPECALLER	interval_1248	interval_1248		WORKFLOWS/sarek/data/GRCh38_primary_1495.bed	pre_launch
sarek	NA12878_WGS_30x_GRCh38_1495	GATK4_HAPLOTYPECALLER	sarek::GATK4_HAPLOTYPECALLER	GATK4_HAPLOTYPECALLER	interval_1249	interval_1249		WORKFLOWS/sarek/data/GRCh38_primary_1495.bed	pre_launch
sarek	NA12878_WGS_30x_GRCh38_1495	GATK4_HAPLOTYPECALLER	sarek::GATK4_HAPLOTYPECALLER	GATK4_HAPLOTYPECALLER	interval_1250	interval_1250		WORKFLOWS/sarek/data/GRCh38_primary_1495.bed	pre_launch
sarek	NA12878_WGS_30x_GRCh38_1495	GATK4_HAPLOTYPECALLER	sarek::GATK4_HAPLOTYPECALLER	GATK4_HAPLOTYPECALLER	interval_1251	interval_1251		WORKFLOWS/sarek/data/GRCh38_primary_1495.bed	pre_launch
sarek	NA12878_WGS_30x_GRCh38_1495	GATK4_HAPLOTYPECALLER	sarek::GATK4_HAPLOTYPECALLER	GATK4_HAPLOTYPECALLER	interval_1252	interval_1252		WORKFLOWS/sarek/data/GRCh38_primary_1495.bed	pre_launch
sarek	NA12878_WGS_30x_GRCh38_1495	GATK4_HAPLOTYPECALLER	sarek::GATK4_HAPLOTYPECALLER	GATK4_HAPLOTYPECALLER	interval_1253	interval_1253		WORKFLOWS/sarek/data/GRCh38_primary_1495.bed	pre_launch
sarek	NA12878_WGS_30x_GRCh38_1495	GATK4_HAPLOTYPECALLER	sarek::GATK4_HAPLOTYPECALLER	GATK4_HAPLOTYPECALLER	interval_1254	interval_1254		WORKFLOWS/sarek/data/GRCh38_primary_1495.bed	pre_launch
sarek	NA12878_WGS_30x_GRCh38_1495	GATK4_HAPLOTYPECALLER	sarek::GATK4_HAPLOTYPECALLER	GATK4_HAPLOTYPECALLER	interval_1255	interval_1255		WORKFLOWS/sarek/data/GRCh38_primary_1495.bed	pre_launch
sarek	NA12878_WGS_30x_GRCh38_1495	GATK4_HAPLOTYPECALLER	sarek::GATK4_HAPLOTYPECALLER	GATK4_HAPLOTYPECALLER	interval_1256	interval_1256		WORKFLOWS/sarek/data/GRCh38_primary_1495.bed	pre_launch
sarek	NA12878_WGS_30x_GRCh38_1495	GATK4_HAPLOTYPECALLER	sarek::GATK4_HAPLOTYPECALLER	GATK4_HAPLOTYPECALLER	interval_1257	interval_1257		WORKFLOWS/sarek/data/GRCh38_primary_1495.bed	pre_launch
sarek	NA12878_WGS_30x_GRCh38_1495	GATK4_HAPLOTYPECALLER	sarek::GATK4_HAPLOTYPECALLER	GATK4_HAPLOTYPECALLER	interval_1258	interval_1258		WORKFLOWS/sarek/data/GRCh38_primary_1495.bed	pre_launch
sarek	NA12878_WGS_30x_GRCh38_1495	GATK4_HAPLOTYPECALLER	sarek::GATK4_HAPLOTYPECALLER	GATK4_HAPLOTYPECALLER	interval_1259	interval_1259		WORKFLOWS/sarek/data/GRCh38_primary_1495.bed	pre_launch
sarek	NA12878_WGS_30x_GRCh38_1495	GATK4_HAPLOTYPECALLER	sarek::GATK4_HAPLOTYPECALLER	GATK4_HAPLOTYPECALLER	interval_1260	interval_1260		WORKFLOWS/sarek/data/GRCh38_primary_1495.bed	pre_launch
sarek	NA12878_WGS_30x_GRCh38_1495	GATK4_HAPLOTYPECALLER	sarek::GATK4_HAPLOTYPECALLER	GATK4_HAPLOTYPECALLER	interval_1261	interval_1261		WORKFLOWS/sarek/data/GRCh38_primary_1495.bed	pre_launch
sarek	NA12878_WGS_30x_GRCh38_1495	GATK4_HAPLOTYPECALLER	sarek::GATK4_HAPLOTYPECALLER	GATK4_HAPLOTYPECALLER	interval_1262	interval_1262		WORKFLOWS/sarek/data/GRCh38_primary_1495.bed	pre_launch
sarek	NA12878_WGS_30x_GRCh38_1495	GATK4_HAPLOTYPECALLER	sarek::GATK4_HAPLOTYPECALLER	GATK4_HAPLOTYPECALLER	interval_1263	interval_1263		WORKFLOWS/sarek/data/GRCh38_primary_1495.bed	pre_launch
sarek	NA12878_WGS_30x_GRCh38_1495	GATK4_HAPLOTYPECALLER	sarek::GATK4_HAPLOTYPECALLER	GATK4_HAPLOTYPECALLER	interval_1264	interval_1264		WORKFLOWS/sarek/data/GRCh38_primary_1495.bed	pre_launch
sarek	NA12878_WGS_30x_GRCh38_1495	GATK4_HAPLOTYPECALLER	sarek::GATK4_HAPLOTYPECALLER	GATK4_HAPLOTYPECALLER	interval_1265	interval_1265		WORKFLOWS/sarek/data/GRCh38_primary_1495.bed	pre_launch
sarek	NA12878_WGS_30x_GRCh38_1495	GATK4_HAPLOTYPECALLER	sarek::GATK4_HAPLOTYPECALLER	GATK4_HAPLOTYPECALLER	interval_1266	interval_1266		WORKFLOWS/sarek/data/GRCh38_primary_1495.bed	pre_launch
sarek	NA12878_WGS_30x_GRCh38_1495	GATK4_HAPLOTYPECALLER	sarek::GATK4_HAPLOTYPECALLER	GATK4_HAPLOTYPECALLER	interval_1267	interval_1267		WORKFLOWS/sarek/data/GRCh38_primary_1495.bed	pre_launch
sarek	NA12878_WGS_30x_GRCh38_1495	GATK4_HAPLOTYPECALLER	sarek::GATK4_HAPLOTYPECALLER	GATK4_HAPLOTYPECALLER	interval_1268	interval_1268		WORKFLOWS/sarek/data/GRCh38_primary_1495.bed	pre_launch
sarek	NA12878_WGS_30x_GRCh38_1495	GATK4_HAPLOTYPECALLER	sarek::GATK4_HAPLOTYPECALLER	GATK4_HAPLOTYPECALLER	interval_1269	interval_1269		WORKFLOWS/sarek/data/GRCh38_primary_1495.bed	pre_launch
sarek	NA12878_WGS_30x_GRCh38_1495	GATK4_HAPLOTYPECALLER	sarek::GATK4_HAPLOTYPECALLER	GATK4_HAPLOTYPECALLER	interval_1270	interval_1270		WORKFLOWS/sarek/data/GRCh38_primary_1495.bed	pre_launch
sarek	NA12878_WGS_30x_GRCh38_1495	GATK4_HAPLOTYPECALLER	sarek::GATK4_HAPLOTYPECALLER	GATK4_HAPLOTYPECALLER	interval_1271	interval_1271		WORKFLOWS/sarek/data/GRCh38_primary_1495.bed	pre_launch
sarek	NA12878_WGS_30x_GRCh38_1495	GATK4_HAPLOTYPECALLER	sarek::GATK4_HAPLOTYPECALLER	GATK4_HAPLOTYPECALLER	interval_1272	interval_1272		WORKFLOWS/sarek/data/GRCh38_primary_1495.bed	pre_launch
sarek	NA12878_WGS_30x_GRCh38_1495	GATK4_HAPLOTYPECALLER	sarek::GATK4_HAPLOTYPECALLER	GATK4_HAPLOTYPECALLER	interval_1273	interval_1273		WORKFLOWS/sarek/data/GRCh38_primary_1495.bed	pre_launch
sarek	NA12878_WGS_30x_GRCh38_1495	GATK4_HAPLOTYPECALLER	sarek::GATK4_HAPLOTYPECALLER	GATK4_HAPLOTYPECALLER	interval_1274	interval_1274		WORKFLOWS/sarek/data/GRCh38_primary_1495.bed	pre_launch
sarek	NA12878_WGS_30x_GRCh38_1495	GATK4_HAPLOTYPECALLER	sarek::GATK4_HAPLOTYPECALLER	GATK4_HAPLOTYPECALLER	interval_1275	interval_1275		WORKFLOWS/sarek/data/GRCh38_primary_1495.bed	pre_launch
sarek	NA12878_WGS_30x_GRCh38_1495	GATK4_HAPLOTYPECALLER	sarek::GATK4_HAPLOTYPECALLER	GATK4_HAPLOTYPECALLER	interval_1276	interval_1276		WORKFLOWS/sarek/data/GRCh38_primary_1495.bed	pre_launch
sarek	NA12878_WGS_30x_GRCh38_1495	GATK4_HAPLOTYPECALLER	sarek::GATK4_HAPLOTYPECALLER	GATK4_HAPLOTYPECALLER	interval_1277	interval_1277		WORKFLOWS/sarek/data/GRCh38_primary_1495.bed	pre_launch
sarek	NA12878_WGS_30x_GRCh38_1495	GATK4_HAPLOTYPECALLER	sarek::GATK4_HAPLOTYPECALLER	GATK4_HAPLOTYPECALLER	interval_1278	interval_1278		WORKFLOWS/sarek/data/GRCh38_primary_1495.bed	pre_launch
sarek	NA12878_WGS_30x_GRCh38_1495	GATK4_HAPLOTYPECALLER	sarek::GATK4_HAPLOTYPECALLER	GATK4_HAPLOTYPECALLER	interval_1279	interval_1279		WORKFLOWS/sarek/data/GRCh38_primary_1495.bed	pre_launch
sarek	NA12878_WGS_30x_GRCh38_1495	GATK4_HAPLOTYPECALLER	sarek::GATK4_HAPLOTYPECALLER	GATK4_HAPLOTYPECALLER	interval_1280	interval_1280		WORKFLOWS/sarek/data/GRCh38_primary_1495.bed	pre_launch
sarek	NA12878_WGS_30x_GRCh38_1495	GATK4_HAPLOTYPECALLER	sarek::GATK4_HAPLOTYPECALLER	GATK4_HAPLOTYPECALLER	interval_1281	interval_1281		WORKFLOWS/sarek/data/GRCh38_primary_1495.bed	pre_launch
sarek	NA12878_WGS_30x_GRCh38_1495	GATK4_HAPLOTYPECALLER	sarek::GATK4_HAPLOTYPECALLER	GATK4_HAPLOTYPECALLER	interval_1282	interval_1282		WORKFLOWS/sarek/data/GRCh38_primary_1495.bed	pre_launch
sarek	NA12878_WGS_30x_GRCh38_1495	GATK4_HAPLOTYPECALLER	sarek::GATK4_HAPLOTYPECALLER	GATK4_HAPLOTYPECALLER	interval_1283	interval_1283		WORKFLOWS/sarek/data/GRCh38_primary_1495.bed	pre_launch
sarek	NA12878_WGS_30x_GRCh38_1495	GATK4_HAPLOTYPECALLER	sarek::GATK4_HAPLOTYPECALLER	GATK4_HAPLOTYPECALLER	interval_1284	interval_1284		WORKFLOWS/sarek/data/GRCh38_primary_1495.bed	pre_launch
sarek	NA12878_WGS_30x_GRCh38_1495	GATK4_HAPLOTYPECALLER	sarek::GATK4_HAPLOTYPECALLER	GATK4_HAPLOTYPECALLER	interval_1285	interval_1285		WORKFLOWS/sarek/data/GRCh38_primary_1495.bed	pre_launch
sarek	NA12878_WGS_30x_GRCh38_1495	GATK4_HAPLOTYPECALLER	sarek::GATK4_HAPLOTYPECALLER	GATK4_HAPLOTYPECALLER	interval_1286	interval_1286		WORKFLOWS/sarek/data/GRCh38_primary_1495.bed	pre_launch
sarek	NA12878_WGS_30x_GRCh38_1495	GATK4_HAPLOTYPECALLER	sarek::GATK4_HAPLOTYPECALLER	GATK4_HAPLOTYPECALLER	interval_1287	interval_1287		WORKFLOWS/sarek/data/GRCh38_primary_1495.bed	pre_launch
sarek	NA12878_WGS_30x_GRCh38_1495	GATK4_HAPLOTYPECALLER	sarek::GATK4_HAPLOTYPECALLER	GATK4_HAPLOTYPECALLER	interval_1288	interval_1288		WORKFLOWS/sarek/data/GRCh38_primary_1495.bed	pre_launch
sarek	NA12878_WGS_30x_GRCh38_1495	GATK4_HAPLOTYPECALLER	sarek::GATK4_HAPLOTYPECALLER	GATK4_HAPLOTYPECALLER	interval_1289	interval_1289		WORKFLOWS/sarek/data/GRCh38_primary_1495.bed	pre_launch
sarek	NA12878_WGS_30x_GRCh38_1495	GATK4_HAPLOTYPECALLER	sarek::GATK4_HAPLOTYPECALLER	GATK4_HAPLOTYPECALLER	interval_1290	interval_1290		WORKFLOWS/sarek/data/GRCh38_primary_1495.bed	pre_launch
sarek	NA12878_WGS_30x_GRCh38_1495	GATK4_HAPLOTYPECALLER	sarek::GATK4_HAPLOTYPECALLER	GATK4_HAPLOTYPECALLER	interval_1291	interval_1291		WORKFLOWS/sarek/data/GRCh38_primary_1495.bed	pre_launch
sarek	NA12878_WGS_30x_GRCh38_1495	GATK4_HAPLOTYPECALLER	sarek::GATK4_HAPLOTYPECALLER	GATK4_HAPLOTYPECALLER	interval_1292	interval_1292		WORKFLOWS/sarek/data/GRCh38_primary_1495.bed	pre_launch
sarek	NA12878_WGS_30x_GRCh38_1495	GATK4_HAPLOTYPECALLER	sarek::GATK4_HAPLOTYPECALLER	GATK4_HAPLOTYPECALLER	interval_1293	interval_1293		WORKFLOWS/sarek/data/GRCh38_primary_1495.bed	pre_launch
sarek	NA12878_WGS_30x_GRCh38_1495	GATK4_HAPLOTYPECALLER	sarek::GATK4_HAPLOTYPECALLER	GATK4_HAPLOTYPECALLER	interval_1294	interval_1294		WORKFLOWS/sarek/data/GRCh38_primary_1495.bed	pre_launch
sarek	NA12878_WGS_30x_GRCh38_1495	GATK4_HAPLOTYPECALLER	sarek::GATK4_HAPLOTYPECALLER	GATK4_HAPLOTYPECALLER	interval_1295	interval_1295		WORKFLOWS/sarek/data/GRCh38_primary_1495.bed	pre_launch
sarek	NA12878_WGS_30x_GRCh38_1495	GATK4_HAPLOTYPECALLER	sarek::GATK4_HAPLOTYPECALLER	GATK4_HAPLOTYPECALLER	interval_1296	interval_1296		WORKFLOWS/sarek/data/GRCh38_primary_1495.bed	pre_launch
sarek	NA12878_WGS_30x_GRCh38_1495	GATK4_HAPLOTYPECALLER	sarek::GATK4_HAPLOTYPECALLER	GATK4_HAPLOTYPECALLER	interval_1297	interval_1297		WORKFLOWS/sarek/data/GRCh38_primary_1495.bed	pre_launch
sarek	NA12878_WGS_30x_GRCh38_1495	GATK4_HAPLOTYPECALLER	sarek::GATK4_HAPLOTYPECALLER	GATK4_HAPLOTYPECALLER	interval_1298	interval_1298		WORKFLOWS/sarek/data/GRCh38_primary_1495.bed	pre_launch
sarek	NA12878_WGS_30x_GRCh38_1495	GATK4_HAPLOTYPECALLER	sarek::GATK4_HAPLOTYPECALLER	GATK4_HAPLOTYPECALLER	interval_1299	interval_1299		WORKFLOWS/sarek/data/GRCh38_primary_1495.bed	pre_launch
sarek	NA12878_WGS_30x_GRCh38_1495	GATK4_HAPLOTYPECALLER	sarek::GATK4_HAPLOTYPECALLER	GATK4_HAPLOTYPECALLER	interval_1300	interval_1300		WORKFLOWS/sarek/data/GRCh38_primary_1495.bed	pre_launch
sarek	NA12878_WGS_30x_GRCh38_1495	GATK4_HAPLOTYPECALLER	sarek::GATK4_HAPLOTYPECALLER	GATK4_HAPLOTYPECALLER	interval_1301	interval_1301		WORKFLOWS/sarek/data/GRCh38_primary_1495.bed	pre_launch
sarek	NA12878_WGS_30x_GRCh38_1495	GATK4_HAPLOTYPECALLER	sarek::GATK4_HAPLOTYPECALLER	GATK4_HAPLOTYPECALLER	interval_1302	interval_1302		WORKFLOWS/sarek/data/GRCh38_primary_1495.bed	pre_launch
sarek	NA12878_WGS_30x_GRCh38_1495	GATK4_HAPLOTYPECALLER	sarek::GATK4_HAPLOTYPECALLER	GATK4_HAPLOTYPECALLER	interval_1303	interval_1303		WORKFLOWS/sarek/data/GRCh38_primary_1495.bed	pre_launch
sarek	NA12878_WGS_30x_GRCh38_1495	GATK4_HAPLOTYPECALLER	sarek::GATK4_HAPLOTYPECALLER	GATK4_HAPLOTYPECALLER	interval_1304	interval_1304		WORKFLOWS/sarek/data/GRCh38_primary_1495.bed	pre_launch
sarek	NA12878_WGS_30x_GRCh38_1495	GATK4_HAPLOTYPECALLER	sarek::GATK4_HAPLOTYPECALLER	GATK4_HAPLOTYPECALLER	interval_1305	interval_1305		WORKFLOWS/sarek/data/GRCh38_primary_1495.bed	pre_launch
sarek	NA12878_WGS_30x_GRCh38_1495	GATK4_HAPLOTYPECALLER	sarek::GATK4_HAPLOTYPECALLER	GATK4_HAPLOTYPECALLER	interval_1306	interval_1306		WORKFLOWS/sarek/data/GRCh38_primary_1495.bed	pre_launch
sarek	NA12878_WGS_30x_GRCh38_1495	GATK4_HAPLOTYPECALLER	sarek::GATK4_HAPLOTYPECALLER	GATK4_HAPLOTYPECALLER	interval_1307	interval_1307		WORKFLOWS/sarek/data/GRCh38_primary_1495.bed	pre_launch
sarek	NA12878_WGS_30x_GRCh38_1495	GATK4_HAPLOTYPECALLER	sarek::GATK4_HAPLOTYPECALLER	GATK4_HAPLOTYPECALLER	interval_1308	interval_1308		WORKFLOWS/sarek/data/GRCh38_primary_1495.bed	pre_launch
sarek	NA12878_WGS_30x_GRCh38_1495	GATK4_HAPLOTYPECALLER	sarek::GATK4_HAPLOTYPECALLER	GATK4_HAPLOTYPECALLER	interval_1309	interval_1309		WORKFLOWS/sarek/data/GRCh38_primary_1495.bed	pre_launch
sarek	NA12878_WGS_30x_GRCh38_1495	GATK4_HAPLOTYPECALLER	sarek::GATK4_HAPLOTYPECALLER	GATK4_HAPLOTYPECALLER	interval_1310	interval_1310		WORKFLOWS/sarek/data/GRCh38_primary_1495.bed	pre_launch
sarek	NA12878_WGS_30x_GRCh38_1495	GATK4_HAPLOTYPECALLER	sarek::GATK4_HAPLOTYPECALLER	GATK4_HAPLOTYPECALLER	interval_1311	interval_1311		WORKFLOWS/sarek/data/GRCh38_primary_1495.bed	pre_launch
sarek	NA12878_WGS_30x_GRCh38_1495	GATK4_HAPLOTYPECALLER	sarek::GATK4_HAPLOTYPECALLER	GATK4_HAPLOTYPECALLER	interval_1312	interval_1312		WORKFLOWS/sarek/data/GRCh38_primary_1495.bed	pre_launch
sarek	NA12878_WGS_30x_GRCh38_1495	GATK4_HAPLOTYPECALLER	sarek::GATK4_HAPLOTYPECALLER	GATK4_HAPLOTYPECALLER	interval_1313	interval_1313		WORKFLOWS/sarek/data/GRCh38_primary_1495.bed	pre_launch
sarek	NA12878_WGS_30x_GRCh38_1495	GATK4_HAPLOTYPECALLER	sarek::GATK4_HAPLOTYPECALLER	GATK4_HAPLOTYPECALLER	interval_1314	interval_1314		WORKFLOWS/sarek/data/GRCh38_primary_1495.bed	pre_launch
sarek	NA12878_WGS_30x_GRCh38_1495	GATK4_HAPLOTYPECALLER	sarek::GATK4_HAPLOTYPECALLER	GATK4_HAPLOTYPECALLER	interval_1315	interval_1315		WORKFLOWS/sarek/data/GRCh38_primary_1495.bed	pre_launch
sarek	NA12878_WGS_30x_GRCh38_1495	GATK4_HAPLOTYPECALLER	sarek::GATK4_HAPLOTYPECALLER	GATK4_HAPLOTYPECALLER	interval_1316	interval_1316		WORKFLOWS/sarek/data/GRCh38_primary_1495.bed	pre_launch
sarek	NA12878_WGS_30x_GRCh38_1495	GATK4_HAPLOTYPECALLER	sarek::GATK4_HAPLOTYPECALLER	GATK4_HAPLOTYPECALLER	interval_1317	interval_1317		WORKFLOWS/sarek/data/GRCh38_primary_1495.bed	pre_launch
sarek	NA12878_WGS_30x_GRCh38_1495	GATK4_HAPLOTYPECALLER	sarek::GATK4_HAPLOTYPECALLER	GATK4_HAPLOTYPECALLER	interval_1318	interval_1318		WORKFLOWS/sarek/data/GRCh38_primary_1495.bed	pre_launch
sarek	NA12878_WGS_30x_GRCh38_1495	GATK4_HAPLOTYPECALLER	sarek::GATK4_HAPLOTYPECALLER	GATK4_HAPLOTYPECALLER	interval_1319	interval_1319		WORKFLOWS/sarek/data/GRCh38_primary_1495.bed	pre_launch
sarek	NA12878_WGS_30x_GRCh38_1495	GATK4_HAPLOTYPECALLER	sarek::GATK4_HAPLOTYPECALLER	GATK4_HAPLOTYPECALLER	interval_1320	interval_1320		WORKFLOWS/sarek/data/GRCh38_primary_1495.bed	pre_launch
sarek	NA12878_WGS_30x_GRCh38_1495	GATK4_HAPLOTYPECALLER	sarek::GATK4_HAPLOTYPECALLER	GATK4_HAPLOTYPECALLER	interval_1321	interval_1321		WORKFLOWS/sarek/data/GRCh38_primary_1495.bed	pre_launch
sarek	NA12878_WGS_30x_GRCh38_1495	GATK4_HAPLOTYPECALLER	sarek::GATK4_HAPLOTYPECALLER	GATK4_HAPLOTYPECALLER	interval_1322	interval_1322		WORKFLOWS/sarek/data/GRCh38_primary_1495.bed	pre_launch
sarek	NA12878_WGS_30x_GRCh38_1495	GATK4_HAPLOTYPECALLER	sarek::GATK4_HAPLOTYPECALLER	GATK4_HAPLOTYPECALLER	interval_1323	interval_1323		WORKFLOWS/sarek/data/GRCh38_primary_1495.bed	pre_launch
sarek	NA12878_WGS_30x_GRCh38_1495	GATK4_HAPLOTYPECALLER	sarek::GATK4_HAPLOTYPECALLER	GATK4_HAPLOTYPECALLER	interval_1324	interval_1324		WORKFLOWS/sarek/data/GRCh38_primary_1495.bed	pre_launch
sarek	NA12878_WGS_30x_GRCh38_1495	GATK4_HAPLOTYPECALLER	sarek::GATK4_HAPLOTYPECALLER	GATK4_HAPLOTYPECALLER	interval_1325	interval_1325		WORKFLOWS/sarek/data/GRCh38_primary_1495.bed	pre_launch
sarek	NA12878_WGS_30x_GRCh38_1495	GATK4_HAPLOTYPECALLER	sarek::GATK4_HAPLOTYPECALLER	GATK4_HAPLOTYPECALLER	interval_1326	interval_1326		WORKFLOWS/sarek/data/GRCh38_primary_1495.bed	pre_launch
sarek	NA12878_WGS_30x_GRCh38_1495	GATK4_HAPLOTYPECALLER	sarek::GATK4_HAPLOTYPECALLER	GATK4_HAPLOTYPECALLER	interval_1327	interval_1327		WORKFLOWS/sarek/data/GRCh38_primary_1495.bed	pre_launch
sarek	NA12878_WGS_30x_GRCh38_1495	GATK4_HAPLOTYPECALLER	sarek::GATK4_HAPLOTYPECALLER	GATK4_HAPLOTYPECALLER	interval_1328	interval_1328		WORKFLOWS/sarek/data/GRCh38_primary_1495.bed	pre_launch
sarek	NA12878_WGS_30x_GRCh38_1495	GATK4_HAPLOTYPECALLER	sarek::GATK4_HAPLOTYPECALLER	GATK4_HAPLOTYPECALLER	interval_1329	interval_1329		WORKFLOWS/sarek/data/GRCh38_primary_1495.bed	pre_launch
sarek	NA12878_WGS_30x_GRCh38_1495	GATK4_HAPLOTYPECALLER	sarek::GATK4_HAPLOTYPECALLER	GATK4_HAPLOTYPECALLER	interval_1330	interval_1330		WORKFLOWS/sarek/data/GRCh38_primary_1495.bed	pre_launch
sarek	NA12878_WGS_30x_GRCh38_1495	GATK4_HAPLOTYPECALLER	sarek::GATK4_HAPLOTYPECALLER	GATK4_HAPLOTYPECALLER	interval_1331	interval_1331		WORKFLOWS/sarek/data/GRCh38_primary_1495.bed	pre_launch
sarek	NA12878_WGS_30x_GRCh38_1495	GATK4_HAPLOTYPECALLER	sarek::GATK4_HAPLOTYPECALLER	GATK4_HAPLOTYPECALLER	interval_1332	interval_1332		WORKFLOWS/sarek/data/GRCh38_primary_1495.bed	pre_launch
sarek	NA12878_WGS_30x_GRCh38_1495	GATK4_HAPLOTYPECALLER	sarek::GATK4_HAPLOTYPECALLER	GATK4_HAPLOTYPECALLER	interval_1333	interval_1333		WORKFLOWS/sarek/data/GRCh38_primary_1495.bed	pre_launch
sarek	NA12878_WGS_30x_GRCh38_1495	GATK4_HAPLOTYPECALLER	sarek::GATK4_HAPLOTYPECALLER	GATK4_HAPLOTYPECALLER	interval_1334	interval_1334		WORKFLOWS/sarek/data/GRCh38_primary_1495.bed	pre_launch
sarek	NA12878_WGS_30x_GRCh38_1495	GATK4_HAPLOTYPECALLER	sarek::GATK4_HAPLOTYPECALLER	GATK4_HAPLOTYPECALLER	interval_1335	interval_1335		WORKFLOWS/sarek/data/GRCh38_primary_1495.bed	pre_launch
sarek	NA12878_WGS_30x_GRCh38_1495	GATK4_HAPLOTYPECALLER	sarek::GATK4_HAPLOTYPECALLER	GATK4_HAPLOTYPECALLER	interval_1336	interval_1336		WORKFLOWS/sarek/data/GRCh38_primary_1495.bed	pre_launch
sarek	NA12878_WGS_30x_GRCh38_1495	GATK4_HAPLOTYPECALLER	sarek::GATK4_HAPLOTYPECALLER	GATK4_HAPLOTYPECALLER	interval_1337	interval_1337		WORKFLOWS/sarek/data/GRCh38_primary_1495.bed	pre_launch
sarek	NA12878_WGS_30x_GRCh38_1495	GATK4_HAPLOTYPECALLER	sarek::GATK4_HAPLOTYPECALLER	GATK4_HAPLOTYPECALLER	interval_1338	interval_1338		WORKFLOWS/sarek/data/GRCh38_primary_1495.bed	pre_launch
sarek	NA12878_WGS_30x_GRCh38_1495	GATK4_HAPLOTYPECALLER	sarek::GATK4_HAPLOTYPECALLER	GATK4_HAPLOTYPECALLER	interval_1339	interval_1339		WORKFLOWS/sarek/data/GRCh38_primary_1495.bed	pre_launch
sarek	NA12878_WGS_30x_GRCh38_1495	GATK4_HAPLOTYPECALLER	sarek::GATK4_HAPLOTYPECALLER	GATK4_HAPLOTYPECALLER	interval_1340	interval_1340		WORKFLOWS/sarek/data/GRCh38_primary_1495.bed	pre_launch
sarek	NA12878_WGS_30x_GRCh38_1495	GATK4_HAPLOTYPECALLER	sarek::GATK4_HAPLOTYPECALLER	GATK4_HAPLOTYPECALLER	interval_1341	interval_1341		WORKFLOWS/sarek/data/GRCh38_primary_1495.bed	pre_launch
sarek	NA12878_WGS_30x_GRCh38_1495	GATK4_HAPLOTYPECALLER	sarek::GATK4_HAPLOTYPECALLER	GATK4_HAPLOTYPECALLER	interval_1342	interval_1342		WORKFLOWS/sarek/data/GRCh38_primary_1495.bed	pre_launch
sarek	NA12878_WGS_30x_GRCh38_1495	GATK4_HAPLOTYPECALLER	sarek::GATK4_HAPLOTYPECALLER	GATK4_HAPLOTYPECALLER	interval_1343	interval_1343		WORKFLOWS/sarek/data/GRCh38_primary_1495.bed	pre_launch
sarek	NA12878_WGS_30x_GRCh38_1495	GATK4_HAPLOTYPECALLER	sarek::GATK4_HAPLOTYPECALLER	GATK4_HAPLOTYPECALLER	interval_1344	interval_1344		WORKFLOWS/sarek/data/GRCh38_primary_1495.bed	pre_launch
sarek	NA12878_WGS_30x_GRCh38_1495	GATK4_HAPLOTYPECALLER	sarek::GATK4_HAPLOTYPECALLER	GATK4_HAPLOTYPECALLER	interval_1345	interval_1345		WORKFLOWS/sarek/data/GRCh38_primary_1495.bed	pre_launch
sarek	NA12878_WGS_30x_GRCh38_1495	GATK4_HAPLOTYPECALLER	sarek::GATK4_HAPLOTYPECALLER	GATK4_HAPLOTYPECALLER	interval_1346	interval_1346		WORKFLOWS/sarek/data/GRCh38_primary_1495.bed	pre_launch
sarek	NA12878_WGS_30x_GRCh38_1495	GATK4_HAPLOTYPECALLER	sarek::GATK4_HAPLOTYPECALLER	GATK4_HAPLOTYPECALLER	interval_1347	interval_1347		WORKFLOWS/sarek/data/GRCh38_primary_1495.bed	pre_launch
sarek	NA12878_WGS_30x_GRCh38_1495	GATK4_HAPLOTYPECALLER	sarek::GATK4_HAPLOTYPECALLER	GATK4_HAPLOTYPECALLER	interval_1348	interval_1348		WORKFLOWS/sarek/data/GRCh38_primary_1495.bed	pre_launch
sarek	NA12878_WGS_30x_GRCh38_1495	GATK4_HAPLOTYPECALLER	sarek::GATK4_HAPLOTYPECALLER	GATK4_HAPLOTYPECALLER	interval_1349	interval_1349		WORKFLOWS/sarek/data/GRCh38_primary_1495.bed	pre_launch
sarek	NA12878_WGS_30x_GRCh38_1495	GATK4_HAPLOTYPECALLER	sarek::GATK4_HAPLOTYPECALLER	GATK4_HAPLOTYPECALLER	interval_1350	interval_1350		WORKFLOWS/sarek/data/GRCh38_primary_1495.bed	pre_launch
sarek	NA12878_WGS_30x_GRCh38_1495	GATK4_HAPLOTYPECALLER	sarek::GATK4_HAPLOTYPECALLER	GATK4_HAPLOTYPECALLER	interval_1351	interval_1351		WORKFLOWS/sarek/data/GRCh38_primary_1495.bed	pre_launch
sarek	NA12878_WGS_30x_GRCh38_1495	GATK4_HAPLOTYPECALLER	sarek::GATK4_HAPLOTYPECALLER	GATK4_HAPLOTYPECALLER	interval_1352	interval_1352		WORKFLOWS/sarek/data/GRCh38_primary_1495.bed	pre_launch
sarek	NA12878_WGS_30x_GRCh38_1495	GATK4_HAPLOTYPECALLER	sarek::GATK4_HAPLOTYPECALLER	GATK4_HAPLOTYPECALLER	interval_1353	interval_1353		WORKFLOWS/sarek/data/GRCh38_primary_1495.bed	pre_launch
sarek	NA12878_WGS_30x_GRCh38_1495	GATK4_HAPLOTYPECALLER	sarek::GATK4_HAPLOTYPECALLER	GATK4_HAPLOTYPECALLER	interval_1354	interval_1354		WORKFLOWS/sarek/data/GRCh38_primary_1495.bed	pre_launch
sarek	NA12878_WGS_30x_GRCh38_1495	GATK4_HAPLOTYPECALLER	sarek::GATK4_HAPLOTYPECALLER	GATK4_HAPLOTYPECALLER	interval_1355	interval_1355		WORKFLOWS/sarek/data/GRCh38_primary_1495.bed	pre_launch
sarek	NA12878_WGS_30x_GRCh38_1495	GATK4_HAPLOTYPECALLER	sarek::GATK4_HAPLOTYPECALLER	GATK4_HAPLOTYPECALLER	interval_1356	interval_1356		WORKFLOWS/sarek/data/GRCh38_primary_1495.bed	pre_launch
sarek	NA12878_WGS_30x_GRCh38_1495	GATK4_HAPLOTYPECALLER	sarek::GATK4_HAPLOTYPECALLER	GATK4_HAPLOTYPECALLER	interval_1357	interval_1357		WORKFLOWS/sarek/data/GRCh38_primary_1495.bed	pre_launch
sarek	NA12878_WGS_30x_GRCh38_1495	GATK4_HAPLOTYPECALLER	sarek::GATK4_HAPLOTYPECALLER	GATK4_HAPLOTYPECALLER	interval_1358	interval_1358		WORKFLOWS/sarek/data/GRCh38_primary_1495.bed	pre_launch
sarek	NA12878_WGS_30x_GRCh38_1495	GATK4_HAPLOTYPECALLER	sarek::GATK4_HAPLOTYPECALLER	GATK4_HAPLOTYPECALLER	interval_1359	interval_1359		WORKFLOWS/sarek/data/GRCh38_primary_1495.bed	pre_launch
sarek	NA12878_WGS_30x_GRCh38_1495	GATK4_HAPLOTYPECALLER	sarek::GATK4_HAPLOTYPECALLER	GATK4_HAPLOTYPECALLER	interval_1360	interval_1360		WORKFLOWS/sarek/data/GRCh38_primary_1495.bed	pre_launch
sarek	NA12878_WGS_30x_GRCh38_1495	GATK4_HAPLOTYPECALLER	sarek::GATK4_HAPLOTYPECALLER	GATK4_HAPLOTYPECALLER	interval_1361	interval_1361		WORKFLOWS/sarek/data/GRCh38_primary_1495.bed	pre_launch
sarek	NA12878_WGS_30x_GRCh38_1495	GATK4_HAPLOTYPECALLER	sarek::GATK4_HAPLOTYPECALLER	GATK4_HAPLOTYPECALLER	interval_1362	interval_1362		WORKFLOWS/sarek/data/GRCh38_primary_1495.bed	pre_launch
sarek	NA12878_WGS_30x_GRCh38_1495	GATK4_HAPLOTYPECALLER	sarek::GATK4_HAPLOTYPECALLER	GATK4_HAPLOTYPECALLER	interval_1363	interval_1363		WORKFLOWS/sarek/data/GRCh38_primary_1495.bed	pre_launch
sarek	NA12878_WGS_30x_GRCh38_1495	GATK4_HAPLOTYPECALLER	sarek::GATK4_HAPLOTYPECALLER	GATK4_HAPLOTYPECALLER	interval_1364	interval_1364		WORKFLOWS/sarek/data/GRCh38_primary_1495.bed	pre_launch
sarek	NA12878_WGS_30x_GRCh38_1495	GATK4_HAPLOTYPECALLER	sarek::GATK4_HAPLOTYPECALLER	GATK4_HAPLOTYPECALLER	interval_1365	interval_1365		WORKFLOWS/sarek/data/GRCh38_primary_1495.bed	pre_launch
sarek	NA12878_WGS_30x_GRCh38_1495	GATK4_HAPLOTYPECALLER	sarek::GATK4_HAPLOTYPECALLER	GATK4_HAPLOTYPECALLER	interval_1366	interval_1366		WORKFLOWS/sarek/data/GRCh38_primary_1495.bed	pre_launch
sarek	NA12878_WGS_30x_GRCh38_1495	GATK4_HAPLOTYPECALLER	sarek::GATK4_HAPLOTYPECALLER	GATK4_HAPLOTYPECALLER	interval_1367	interval_1367		WORKFLOWS/sarek/data/GRCh38_primary_1495.bed	pre_launch
sarek	NA12878_WGS_30x_GRCh38_1495	GATK4_HAPLOTYPECALLER	sarek::GATK4_HAPLOTYPECALLER	GATK4_HAPLOTYPECALLER	interval_1368	interval_1368		WORKFLOWS/sarek/data/GRCh38_primary_1495.bed	pre_launch
sarek	NA12878_WGS_30x_GRCh38_1495	GATK4_HAPLOTYPECALLER	sarek::GATK4_HAPLOTYPECALLER	GATK4_HAPLOTYPECALLER	interval_1369	interval_1369		WORKFLOWS/sarek/data/GRCh38_primary_1495.bed	pre_launch
sarek	NA12878_WGS_30x_GRCh38_1495	GATK4_HAPLOTYPECALLER	sarek::GATK4_HAPLOTYPECALLER	GATK4_HAPLOTYPECALLER	interval_1370	interval_1370		WORKFLOWS/sarek/data/GRCh38_primary_1495.bed	pre_launch
sarek	NA12878_WGS_30x_GRCh38_1495	GATK4_HAPLOTYPECALLER	sarek::GATK4_HAPLOTYPECALLER	GATK4_HAPLOTYPECALLER	interval_1371	interval_1371		WORKFLOWS/sarek/data/GRCh38_primary_1495.bed	pre_launch
sarek	NA12878_WGS_30x_GRCh38_1495	GATK4_HAPLOTYPECALLER	sarek::GATK4_HAPLOTYPECALLER	GATK4_HAPLOTYPECALLER	interval_1372	interval_1372		WORKFLOWS/sarek/data/GRCh38_primary_1495.bed	pre_launch
sarek	NA12878_WGS_30x_GRCh38_1495	GATK4_HAPLOTYPECALLER	sarek::GATK4_HAPLOTYPECALLER	GATK4_HAPLOTYPECALLER	interval_1373	interval_1373		WORKFLOWS/sarek/data/GRCh38_primary_1495.bed	pre_launch
sarek	NA12878_WGS_30x_GRCh38_1495	GATK4_HAPLOTYPECALLER	sarek::GATK4_HAPLOTYPECALLER	GATK4_HAPLOTYPECALLER	interval_1374	interval_1374		WORKFLOWS/sarek/data/GRCh38_primary_1495.bed	pre_launch
sarek	NA12878_WGS_30x_GRCh38_1495	GATK4_HAPLOTYPECALLER	sarek::GATK4_HAPLOTYPECALLER	GATK4_HAPLOTYPECALLER	interval_1375	interval_1375		WORKFLOWS/sarek/data/GRCh38_primary_1495.bed	pre_launch
sarek	NA12878_WGS_30x_GRCh38_1495	GATK4_HAPLOTYPECALLER	sarek::GATK4_HAPLOTYPECALLER	GATK4_HAPLOTYPECALLER	interval_1376	interval_1376		WORKFLOWS/sarek/data/GRCh38_primary_1495.bed	pre_launch
sarek	NA12878_WGS_30x_GRCh38_1495	GATK4_HAPLOTYPECALLER	sarek::GATK4_HAPLOTYPECALLER	GATK4_HAPLOTYPECALLER	interval_1377	interval_1377		WORKFLOWS/sarek/data/GRCh38_primary_1495.bed	pre_launch
sarek	NA12878_WGS_30x_GRCh38_1495	GATK4_HAPLOTYPECALLER	sarek::GATK4_HAPLOTYPECALLER	GATK4_HAPLOTYPECALLER	interval_1378	interval_1378		WORKFLOWS/sarek/data/GRCh38_primary_1495.bed	pre_launch
sarek	NA12878_WGS_30x_GRCh38_1495	GATK4_HAPLOTYPECALLER	sarek::GATK4_HAPLOTYPECALLER	GATK4_HAPLOTYPECALLER	interval_1379	interval_1379		WORKFLOWS/sarek/data/GRCh38_primary_1495.bed	pre_launch
sarek	NA12878_WGS_30x_GRCh38_1495	GATK4_HAPLOTYPECALLER	sarek::GATK4_HAPLOTYPECALLER	GATK4_HAPLOTYPECALLER	interval_1380	interval_1380		WORKFLOWS/sarek/data/GRCh38_primary_1495.bed	pre_launch
sarek	NA12878_WGS_30x_GRCh38_1495	GATK4_HAPLOTYPECALLER	sarek::GATK4_HAPLOTYPECALLER	GATK4_HAPLOTYPECALLER	interval_1381	interval_1381		WORKFLOWS/sarek/data/GRCh38_primary_1495.bed	pre_launch
sarek	NA12878_WGS_30x_GRCh38_1495	GATK4_HAPLOTYPECALLER	sarek::GATK4_HAPLOTYPECALLER	GATK4_HAPLOTYPECALLER	interval_1382	interval_1382		WORKFLOWS/sarek/data/GRCh38_primary_1495.bed	pre_launch
sarek	NA12878_WGS_30x_GRCh38_1495	GATK4_HAPLOTYPECALLER	sarek::GATK4_HAPLOTYPECALLER	GATK4_HAPLOTYPECALLER	interval_1383	interval_1383		WORKFLOWS/sarek/data/GRCh38_primary_1495.bed	pre_launch
sarek	NA12878_WGS_30x_GRCh38_1495	GATK4_HAPLOTYPECALLER	sarek::GATK4_HAPLOTYPECALLER	GATK4_HAPLOTYPECALLER	interval_1384	interval_1384		WORKFLOWS/sarek/data/GRCh38_primary_1495.bed	pre_launch
sarek	NA12878_WGS_30x_GRCh38_1495	GATK4_HAPLOTYPECALLER	sarek::GATK4_HAPLOTYPECALLER	GATK4_HAPLOTYPECALLER	interval_1385	interval_1385		WORKFLOWS/sarek/data/GRCh38_primary_1495.bed	pre_launch
sarek	NA12878_WGS_30x_GRCh38_1495	GATK4_HAPLOTYPECALLER	sarek::GATK4_HAPLOTYPECALLER	GATK4_HAPLOTYPECALLER	interval_1386	interval_1386		WORKFLOWS/sarek/data/GRCh38_primary_1495.bed	pre_launch
sarek	NA12878_WGS_30x_GRCh38_1495	GATK4_HAPLOTYPECALLER	sarek::GATK4_HAPLOTYPECALLER	GATK4_HAPLOTYPECALLER	interval_1387	interval_1387		WORKFLOWS/sarek/data/GRCh38_primary_1495.bed	pre_launch
sarek	NA12878_WGS_30x_GRCh38_1495	GATK4_HAPLOTYPECALLER	sarek::GATK4_HAPLOTYPECALLER	GATK4_HAPLOTYPECALLER	interval_1388	interval_1388		WORKFLOWS/sarek/data/GRCh38_primary_1495.bed	pre_launch
sarek	NA12878_WGS_30x_GRCh38_1495	GATK4_HAPLOTYPECALLER	sarek::GATK4_HAPLOTYPECALLER	GATK4_HAPLOTYPECALLER	interval_1389	interval_1389		WORKFLOWS/sarek/data/GRCh38_primary_1495.bed	pre_launch
sarek	NA12878_WGS_30x_GRCh38_1495	GATK4_HAPLOTYPECALLER	sarek::GATK4_HAPLOTYPECALLER	GATK4_HAPLOTYPECALLER	interval_1390	interval_1390		WORKFLOWS/sarek/data/GRCh38_primary_1495.bed	pre_launch
sarek	NA12878_WGS_30x_GRCh38_1495	GATK4_HAPLOTYPECALLER	sarek::GATK4_HAPLOTYPECALLER	GATK4_HAPLOTYPECALLER	interval_1391	interval_1391		WORKFLOWS/sarek/data/GRCh38_primary_1495.bed	pre_launch
sarek	NA12878_WGS_30x_GRCh38_1495	GATK4_HAPLOTYPECALLER	sarek::GATK4_HAPLOTYPECALLER	GATK4_HAPLOTYPECALLER	interval_1392	interval_1392		WORKFLOWS/sarek/data/GRCh38_primary_1495.bed	pre_launch
sarek	NA12878_WGS_30x_GRCh38_1495	GATK4_HAPLOTYPECALLER	sarek::GATK4_HAPLOTYPECALLER	GATK4_HAPLOTYPECALLER	interval_1393	interval_1393		WORKFLOWS/sarek/data/GRCh38_primary_1495.bed	pre_launch
sarek	NA12878_WGS_30x_GRCh38_1495	GATK4_HAPLOTYPECALLER	sarek::GATK4_HAPLOTYPECALLER	GATK4_HAPLOTYPECALLER	interval_1394	interval_1394		WORKFLOWS/sarek/data/GRCh38_primary_1495.bed	pre_launch
sarek	NA12878_WGS_30x_GRCh38_1495	GATK4_HAPLOTYPECALLER	sarek::GATK4_HAPLOTYPECALLER	GATK4_HAPLOTYPECALLER	interval_1395	interval_1395		WORKFLOWS/sarek/data/GRCh38_primary_1495.bed	pre_launch
sarek	NA12878_WGS_30x_GRCh38_1495	GATK4_HAPLOTYPECALLER	sarek::GATK4_HAPLOTYPECALLER	GATK4_HAPLOTYPECALLER	interval_1396	interval_1396		WORKFLOWS/sarek/data/GRCh38_primary_1495.bed	pre_launch
sarek	NA12878_WGS_30x_GRCh38_1495	GATK4_HAPLOTYPECALLER	sarek::GATK4_HAPLOTYPECALLER	GATK4_HAPLOTYPECALLER	interval_1397	interval_1397		WORKFLOWS/sarek/data/GRCh38_primary_1495.bed	pre_launch
sarek	NA12878_WGS_30x_GRCh38_1495	GATK4_HAPLOTYPECALLER	sarek::GATK4_HAPLOTYPECALLER	GATK4_HAPLOTYPECALLER	interval_1398	interval_1398		WORKFLOWS/sarek/data/GRCh38_primary_1495.bed	pre_launch
sarek	NA12878_WGS_30x_GRCh38_1495	GATK4_HAPLOTYPECALLER	sarek::GATK4_HAPLOTYPECALLER	GATK4_HAPLOTYPECALLER	interval_1399	interval_1399		WORKFLOWS/sarek/data/GRCh38_primary_1495.bed	pre_launch
sarek	NA12878_WGS_30x_GRCh38_1495	GATK4_HAPLOTYPECALLER	sarek::GATK4_HAPLOTYPECALLER	GATK4_HAPLOTYPECALLER	interval_1400	interval_1400		WORKFLOWS/sarek/data/GRCh38_primary_1495.bed	pre_launch
sarek	NA12878_WGS_30x_GRCh38_1495	GATK4_HAPLOTYPECALLER	sarek::GATK4_HAPLOTYPECALLER	GATK4_HAPLOTYPECALLER	interval_1401	interval_1401		WORKFLOWS/sarek/data/GRCh38_primary_1495.bed	pre_launch
sarek	NA12878_WGS_30x_GRCh38_1495	GATK4_HAPLOTYPECALLER	sarek::GATK4_HAPLOTYPECALLER	GATK4_HAPLOTYPECALLER	interval_1402	interval_1402		WORKFLOWS/sarek/data/GRCh38_primary_1495.bed	pre_launch
sarek	NA12878_WGS_30x_GRCh38_1495	GATK4_HAPLOTYPECALLER	sarek::GATK4_HAPLOTYPECALLER	GATK4_HAPLOTYPECALLER	interval_1403	interval_1403		WORKFLOWS/sarek/data/GRCh38_primary_1495.bed	pre_launch
sarek	NA12878_WGS_30x_GRCh38_1495	GATK4_HAPLOTYPECALLER	sarek::GATK4_HAPLOTYPECALLER	GATK4_HAPLOTYPECALLER	interval_1404	interval_1404		WORKFLOWS/sarek/data/GRCh38_primary_1495.bed	pre_launch
sarek	NA12878_WGS_30x_GRCh38_1495	GATK4_HAPLOTYPECALLER	sarek::GATK4_HAPLOTYPECALLER	GATK4_HAPLOTYPECALLER	interval_1405	interval_1405		WORKFLOWS/sarek/data/GRCh38_primary_1495.bed	pre_launch
sarek	NA12878_WGS_30x_GRCh38_1495	GATK4_HAPLOTYPECALLER	sarek::GATK4_HAPLOTYPECALLER	GATK4_HAPLOTYPECALLER	interval_1406	interval_1406		WORKFLOWS/sarek/data/GRCh38_primary_1495.bed	pre_launch
sarek	NA12878_WGS_30x_GRCh38_1495	GATK4_HAPLOTYPECALLER	sarek::GATK4_HAPLOTYPECALLER	GATK4_HAPLOTYPECALLER	interval_1407	interval_1407		WORKFLOWS/sarek/data/GRCh38_primary_1495.bed	pre_launch
sarek	NA12878_WGS_30x_GRCh38_1495	GATK4_HAPLOTYPECALLER	sarek::GATK4_HAPLOTYPECALLER	GATK4_HAPLOTYPECALLER	interval_1408	interval_1408		WORKFLOWS/sarek/data/GRCh38_primary_1495.bed	pre_launch
sarek	NA12878_WGS_30x_GRCh38_1495	GATK4_HAPLOTYPECALLER	sarek::GATK4_HAPLOTYPECALLER	GATK4_HAPLOTYPECALLER	interval_1409	interval_1409		WORKFLOWS/sarek/data/GRCh38_primary_1495.bed	pre_launch
sarek	NA12878_WGS_30x_GRCh38_1495	GATK4_HAPLOTYPECALLER	sarek::GATK4_HAPLOTYPECALLER	GATK4_HAPLOTYPECALLER	interval_1410	interval_1410		WORKFLOWS/sarek/data/GRCh38_primary_1495.bed	pre_launch
sarek	NA12878_WGS_30x_GRCh38_1495	GATK4_HAPLOTYPECALLER	sarek::GATK4_HAPLOTYPECALLER	GATK4_HAPLOTYPECALLER	interval_1411	interval_1411		WORKFLOWS/sarek/data/GRCh38_primary_1495.bed	pre_launch
sarek	NA12878_WGS_30x_GRCh38_1495	GATK4_HAPLOTYPECALLER	sarek::GATK4_HAPLOTYPECALLER	GATK4_HAPLOTYPECALLER	interval_1412	interval_1412		WORKFLOWS/sarek/data/GRCh38_primary_1495.bed	pre_launch
sarek	NA12878_WGS_30x_GRCh38_1495	GATK4_HAPLOTYPECALLER	sarek::GATK4_HAPLOTYPECALLER	GATK4_HAPLOTYPECALLER	interval_1413	interval_1413		WORKFLOWS/sarek/data/GRCh38_primary_1495.bed	pre_launch
sarek	NA12878_WGS_30x_GRCh38_1495	GATK4_HAPLOTYPECALLER	sarek::GATK4_HAPLOTYPECALLER	GATK4_HAPLOTYPECALLER	interval_1414	interval_1414		WORKFLOWS/sarek/data/GRCh38_primary_1495.bed	pre_launch
sarek	NA12878_WGS_30x_GRCh38_1495	GATK4_HAPLOTYPECALLER	sarek::GATK4_HAPLOTYPECALLER	GATK4_HAPLOTYPECALLER	interval_1415	interval_1415		WORKFLOWS/sarek/data/GRCh38_primary_1495.bed	pre_launch
sarek	NA12878_WGS_30x_GRCh38_1495	GATK4_HAPLOTYPECALLER	sarek::GATK4_HAPLOTYPECALLER	GATK4_HAPLOTYPECALLER	interval_1416	interval_1416		WORKFLOWS/sarek/data/GRCh38_primary_1495.bed	pre_launch
sarek	NA12878_WGS_30x_GRCh38_1495	GATK4_HAPLOTYPECALLER	sarek::GATK4_HAPLOTYPECALLER	GATK4_HAPLOTYPECALLER	interval_1417	interval_1417		WORKFLOWS/sarek/data/GRCh38_primary_1495.bed	pre_launch
sarek	NA12878_WGS_30x_GRCh38_1495	GATK4_HAPLOTYPECALLER	sarek::GATK4_HAPLOTYPECALLER	GATK4_HAPLOTYPECALLER	interval_1418	interval_1418		WORKFLOWS/sarek/data/GRCh38_primary_1495.bed	pre_launch
sarek	NA12878_WGS_30x_GRCh38_1495	GATK4_HAPLOTYPECALLER	sarek::GATK4_HAPLOTYPECALLER	GATK4_HAPLOTYPECALLER	interval_1419	interval_1419		WORKFLOWS/sarek/data/GRCh38_primary_1495.bed	pre_launch
sarek	NA12878_WGS_30x_GRCh38_1495	GATK4_HAPLOTYPECALLER	sarek::GATK4_HAPLOTYPECALLER	GATK4_HAPLOTYPECALLER	interval_1420	interval_1420		WORKFLOWS/sarek/data/GRCh38_primary_1495.bed	pre_launch
sarek	NA12878_WGS_30x_GRCh38_1495	GATK4_HAPLOTYPECALLER	sarek::GATK4_HAPLOTYPECALLER	GATK4_HAPLOTYPECALLER	interval_1421	interval_1421		WORKFLOWS/sarek/data/GRCh38_primary_1495.bed	pre_launch
sarek	NA12878_WGS_30x_GRCh38_1495	GATK4_HAPLOTYPECALLER	sarek::GATK4_HAPLOTYPECALLER	GATK4_HAPLOTYPECALLER	interval_1422	interval_1422		WORKFLOWS/sarek/data/GRCh38_primary_1495.bed	pre_launch
sarek	NA12878_WGS_30x_GRCh38_1495	GATK4_HAPLOTYPECALLER	sarek::GATK4_HAPLOTYPECALLER	GATK4_HAPLOTYPECALLER	interval_1423	interval_1423		WORKFLOWS/sarek/data/GRCh38_primary_1495.bed	pre_launch
sarek	NA12878_WGS_30x_GRCh38_1495	GATK4_HAPLOTYPECALLER	sarek::GATK4_HAPLOTYPECALLER	GATK4_HAPLOTYPECALLER	interval_1424	interval_1424		WORKFLOWS/sarek/data/GRCh38_primary_1495.bed	pre_launch
sarek	NA12878_WGS_30x_GRCh38_1495	GATK4_HAPLOTYPECALLER	sarek::GATK4_HAPLOTYPECALLER	GATK4_HAPLOTYPECALLER	interval_1425	interval_1425		WORKFLOWS/sarek/data/GRCh38_primary_1495.bed	pre_launch
sarek	NA12878_WGS_30x_GRCh38_1495	GATK4_HAPLOTYPECALLER	sarek::GATK4_HAPLOTYPECALLER	GATK4_HAPLOTYPECALLER	interval_1426	interval_1426		WORKFLOWS/sarek/data/GRCh38_primary_1495.bed	pre_launch
sarek	NA12878_WGS_30x_GRCh38_1495	GATK4_HAPLOTYPECALLER	sarek::GATK4_HAPLOTYPECALLER	GATK4_HAPLOTYPECALLER	interval_1427	interval_1427		WORKFLOWS/sarek/data/GRCh38_primary_1495.bed	pre_launch
sarek	NA12878_WGS_30x_GRCh38_1495	GATK4_HAPLOTYPECALLER	sarek::GATK4_HAPLOTYPECALLER	GATK4_HAPLOTYPECALLER	interval_1428	interval_1428		WORKFLOWS/sarek/data/GRCh38_primary_1495.bed	pre_launch
sarek	NA12878_WGS_30x_GRCh38_1495	GATK4_HAPLOTYPECALLER	sarek::GATK4_HAPLOTYPECALLER	GATK4_HAPLOTYPECALLER	interval_1429	interval_1429		WORKFLOWS/sarek/data/GRCh38_primary_1495.bed	pre_launch
sarek	NA12878_WGS_30x_GRCh38_1495	GATK4_HAPLOTYPECALLER	sarek::GATK4_HAPLOTYPECALLER	GATK4_HAPLOTYPECALLER	interval_1430	interval_1430		WORKFLOWS/sarek/data/GRCh38_primary_1495.bed	pre_launch
sarek	NA12878_WGS_30x_GRCh38_1495	GATK4_HAPLOTYPECALLER	sarek::GATK4_HAPLOTYPECALLER	GATK4_HAPLOTYPECALLER	interval_1431	interval_1431		WORKFLOWS/sarek/data/GRCh38_primary_1495.bed	pre_launch
sarek	NA12878_WGS_30x_GRCh38_1495	GATK4_HAPLOTYPECALLER	sarek::GATK4_HAPLOTYPECALLER	GATK4_HAPLOTYPECALLER	interval_1432	interval_1432		WORKFLOWS/sarek/data/GRCh38_primary_1495.bed	pre_launch
sarek	NA12878_WGS_30x_GRCh38_1495	GATK4_HAPLOTYPECALLER	sarek::GATK4_HAPLOTYPECALLER	GATK4_HAPLOTYPECALLER	interval_1433	interval_1433		WORKFLOWS/sarek/data/GRCh38_primary_1495.bed	pre_launch
sarek	NA12878_WGS_30x_GRCh38_1495	GATK4_HAPLOTYPECALLER	sarek::GATK4_HAPLOTYPECALLER	GATK4_HAPLOTYPECALLER	interval_1434	interval_1434		WORKFLOWS/sarek/data/GRCh38_primary_1495.bed	pre_launch
sarek	NA12878_WGS_30x_GRCh38_1495	GATK4_HAPLOTYPECALLER	sarek::GATK4_HAPLOTYPECALLER	GATK4_HAPLOTYPECALLER	interval_1435	interval_1435		WORKFLOWS/sarek/data/GRCh38_primary_1495.bed	pre_launch
sarek	NA12878_WGS_30x_GRCh38_1495	GATK4_HAPLOTYPECALLER	sarek::GATK4_HAPLOTYPECALLER	GATK4_HAPLOTYPECALLER	interval_1436	interval_1436		WORKFLOWS/sarek/data/GRCh38_primary_1495.bed	pre_launch
sarek	NA12878_WGS_30x_GRCh38_1495	GATK4_HAPLOTYPECALLER	sarek::GATK4_HAPLOTYPECALLER	GATK4_HAPLOTYPECALLER	interval_1437	interval_1437		WORKFLOWS/sarek/data/GRCh38_primary_1495.bed	pre_launch
sarek	NA12878_WGS_30x_GRCh38_1495	GATK4_HAPLOTYPECALLER	sarek::GATK4_HAPLOTYPECALLER	GATK4_HAPLOTYPECALLER	interval_1438	interval_1438		WORKFLOWS/sarek/data/GRCh38_primary_1495.bed	pre_launch
sarek	NA12878_WGS_30x_GRCh38_1495	GATK4_HAPLOTYPECALLER	sarek::GATK4_HAPLOTYPECALLER	GATK4_HAPLOTYPECALLER	interval_1439	interval_1439		WORKFLOWS/sarek/data/GRCh38_primary_1495.bed	pre_launch
sarek	NA12878_WGS_30x_GRCh38_1495	GATK4_HAPLOTYPECALLER	sarek::GATK4_HAPLOTYPECALLER	GATK4_HAPLOTYPECALLER	interval_1440	interval_1440		WORKFLOWS/sarek/data/GRCh38_primary_1495.bed	pre_launch
sarek	NA12878_WGS_30x_GRCh38_1495	GATK4_HAPLOTYPECALLER	sarek::GATK4_HAPLOTYPECALLER	GATK4_HAPLOTYPECALLER	interval_1441	interval_1441		WORKFLOWS/sarek/data/GRCh38_primary_1495.bed	pre_launch
sarek	NA12878_WGS_30x_GRCh38_1495	GATK4_HAPLOTYPECALLER	sarek::GATK4_HAPLOTYPECALLER	GATK4_HAPLOTYPECALLER	interval_1442	interval_1442		WORKFLOWS/sarek/data/GRCh38_primary_1495.bed	pre_launch
sarek	NA12878_WGS_30x_GRCh38_1495	GATK4_HAPLOTYPECALLER	sarek::GATK4_HAPLOTYPECALLER	GATK4_HAPLOTYPECALLER	interval_1443	interval_1443		WORKFLOWS/sarek/data/GRCh38_primary_1495.bed	pre_launch
sarek	NA12878_WGS_30x_GRCh38_1495	GATK4_HAPLOTYPECALLER	sarek::GATK4_HAPLOTYPECALLER	GATK4_HAPLOTYPECALLER	interval_1444	interval_1444		WORKFLOWS/sarek/data/GRCh38_primary_1495.bed	pre_launch
sarek	NA12878_WGS_30x_GRCh38_1495	GATK4_HAPLOTYPECALLER	sarek::GATK4_HAPLOTYPECALLER	GATK4_HAPLOTYPECALLER	interval_1445	interval_1445		WORKFLOWS/sarek/data/GRCh38_primary_1495.bed	pre_launch
sarek	NA12878_WGS_30x_GRCh38_1495	GATK4_HAPLOTYPECALLER	sarek::GATK4_HAPLOTYPECALLER	GATK4_HAPLOTYPECALLER	interval_1446	interval_1446		WORKFLOWS/sarek/data/GRCh38_primary_1495.bed	pre_launch
sarek	NA12878_WGS_30x_GRCh38_1495	GATK4_HAPLOTYPECALLER	sarek::GATK4_HAPLOTYPECALLER	GATK4_HAPLOTYPECALLER	interval_1447	interval_1447		WORKFLOWS/sarek/data/GRCh38_primary_1495.bed	pre_launch
sarek	NA12878_WGS_30x_GRCh38_1495	GATK4_HAPLOTYPECALLER	sarek::GATK4_HAPLOTYPECALLER	GATK4_HAPLOTYPECALLER	interval_1448	interval_1448		WORKFLOWS/sarek/data/GRCh38_primary_1495.bed	pre_launch
sarek	NA12878_WGS_30x_GRCh38_1495	GATK4_HAPLOTYPECALLER	sarek::GATK4_HAPLOTYPECALLER	GATK4_HAPLOTYPECALLER	interval_1449	interval_1449		WORKFLOWS/sarek/data/GRCh38_primary_1495.bed	pre_launch
sarek	NA12878_WGS_30x_GRCh38_1495	GATK4_HAPLOTYPECALLER	sarek::GATK4_HAPLOTYPECALLER	GATK4_HAPLOTYPECALLER	interval_1450	interval_1450		WORKFLOWS/sarek/data/GRCh38_primary_1495.bed	pre_launch
sarek	NA12878_WGS_30x_GRCh38_1495	GATK4_HAPLOTYPECALLER	sarek::GATK4_HAPLOTYPECALLER	GATK4_HAPLOTYPECALLER	interval_1451	interval_1451		WORKFLOWS/sarek/data/GRCh38_primary_1495.bed	pre_launch
sarek	NA12878_WGS_30x_GRCh38_1495	GATK4_HAPLOTYPECALLER	sarek::GATK4_HAPLOTYPECALLER	GATK4_HAPLOTYPECALLER	interval_1452	interval_1452		WORKFLOWS/sarek/data/GRCh38_primary_1495.bed	pre_launch
sarek	NA12878_WGS_30x_GRCh38_1495	GATK4_HAPLOTYPECALLER	sarek::GATK4_HAPLOTYPECALLER	GATK4_HAPLOTYPECALLER	interval_1453	interval_1453		WORKFLOWS/sarek/data/GRCh38_primary_1495.bed	pre_launch
sarek	NA12878_WGS_30x_GRCh38_1495	GATK4_HAPLOTYPECALLER	sarek::GATK4_HAPLOTYPECALLER	GATK4_HAPLOTYPECALLER	interval_1454	interval_1454		WORKFLOWS/sarek/data/GRCh38_primary_1495.bed	pre_launch
sarek	NA12878_WGS_30x_GRCh38_1495	GATK4_HAPLOTYPECALLER	sarek::GATK4_HAPLOTYPECALLER	GATK4_HAPLOTYPECALLER	interval_1455	interval_1455		WORKFLOWS/sarek/data/GRCh38_primary_1495.bed	pre_launch
sarek	NA12878_WGS_30x_GRCh38_1495	GATK4_HAPLOTYPECALLER	sarek::GATK4_HAPLOTYPECALLER	GATK4_HAPLOTYPECALLER	interval_1456	interval_1456		WORKFLOWS/sarek/data/GRCh38_primary_1495.bed	pre_launch
sarek	NA12878_WGS_30x_GRCh38_1495	GATK4_HAPLOTYPECALLER	sarek::GATK4_HAPLOTYPECALLER	GATK4_HAPLOTYPECALLER	interval_1457	interval_1457		WORKFLOWS/sarek/data/GRCh38_primary_1495.bed	pre_launch
sarek	NA12878_WGS_30x_GRCh38_1495	GATK4_HAPLOTYPECALLER	sarek::GATK4_HAPLOTYPECALLER	GATK4_HAPLOTYPECALLER	interval_1458	interval_1458		WORKFLOWS/sarek/data/GRCh38_primary_1495.bed	pre_launch
sarek	NA12878_WGS_30x_GRCh38_1495	GATK4_HAPLOTYPECALLER	sarek::GATK4_HAPLOTYPECALLER	GATK4_HAPLOTYPECALLER	interval_1459	interval_1459		WORKFLOWS/sarek/data/GRCh38_primary_1495.bed	pre_launch
sarek	NA12878_WGS_30x_GRCh38_1495	GATK4_HAPLOTYPECALLER	sarek::GATK4_HAPLOTYPECALLER	GATK4_HAPLOTYPECALLER	interval_1460	interval_1460		WORKFLOWS/sarek/data/GRCh38_primary_1495.bed	pre_launch
sarek	NA12878_WGS_30x_GRCh38_1495	GATK4_HAPLOTYPECALLER	sarek::GATK4_HAPLOTYPECALLER	GATK4_HAPLOTYPECALLER	interval_1461	interval_1461		WORKFLOWS/sarek/data/GRCh38_primary_1495.bed	pre_launch
sarek	NA12878_WGS_30x_GRCh38_1495	GATK4_HAPLOTYPECALLER	sarek::GATK4_HAPLOTYPECALLER	GATK4_HAPLOTYPECALLER	interval_1462	interval_1462		WORKFLOWS/sarek/data/GRCh38_primary_1495.bed	pre_launch
sarek	NA12878_WGS_30x_GRCh38_1495	GATK4_HAPLOTYPECALLER	sarek::GATK4_HAPLOTYPECALLER	GATK4_HAPLOTYPECALLER	interval_1463	interval_1463		WORKFLOWS/sarek/data/GRCh38_primary_1495.bed	pre_launch
sarek	NA12878_WGS_30x_GRCh38_1495	GATK4_HAPLOTYPECALLER	sarek::GATK4_HAPLOTYPECALLER	GATK4_HAPLOTYPECALLER	interval_1464	interval_1464		WORKFLOWS/sarek/data/GRCh38_primary_1495.bed	pre_launch
sarek	NA12878_WGS_30x_GRCh38_1495	GATK4_HAPLOTYPECALLER	sarek::GATK4_HAPLOTYPECALLER	GATK4_HAPLOTYPECALLER	interval_1465	interval_1465		WORKFLOWS/sarek/data/GRCh38_primary_1495.bed	pre_launch
sarek	NA12878_WGS_30x_GRCh38_1495	GATK4_HAPLOTYPECALLER	sarek::GATK4_HAPLOTYPECALLER	GATK4_HAPLOTYPECALLER	interval_1466	interval_1466		WORKFLOWS/sarek/data/GRCh38_primary_1495.bed	pre_launch
sarek	NA12878_WGS_30x_GRCh38_1495	GATK4_HAPLOTYPECALLER	sarek::GATK4_HAPLOTYPECALLER	GATK4_HAPLOTYPECALLER	interval_1467	interval_1467		WORKFLOWS/sarek/data/GRCh38_primary_1495.bed	pre_launch
sarek	NA12878_WGS_30x_GRCh38_1495	GATK4_HAPLOTYPECALLER	sarek::GATK4_HAPLOTYPECALLER	GATK4_HAPLOTYPECALLER	interval_1468	interval_1468		WORKFLOWS/sarek/data/GRCh38_primary_1495.bed	pre_launch
sarek	NA12878_WGS_30x_GRCh38_1495	GATK4_HAPLOTYPECALLER	sarek::GATK4_HAPLOTYPECALLER	GATK4_HAPLOTYPECALLER	interval_1469	interval_1469		WORKFLOWS/sarek/data/GRCh38_primary_1495.bed	pre_launch
sarek	NA12878_WGS_30x_GRCh38_1495	GATK4_HAPLOTYPECALLER	sarek::GATK4_HAPLOTYPECALLER	GATK4_HAPLOTYPECALLER	interval_1470	interval_1470		WORKFLOWS/sarek/data/GRCh38_primary_1495.bed	pre_launch
sarek	NA12878_WGS_30x_GRCh38_1495	GATK4_HAPLOTYPECALLER	sarek::GATK4_HAPLOTYPECALLER	GATK4_HAPLOTYPECALLER	interval_1471	interval_1471		WORKFLOWS/sarek/data/GRCh38_primary_1495.bed	pre_launch
sarek	NA12878_WGS_30x_GRCh38_1495	GATK4_HAPLOTYPECALLER	sarek::GATK4_HAPLOTYPECALLER	GATK4_HAPLOTYPECALLER	interval_1472	interval_1472		WORKFLOWS/sarek/data/GRCh38_primary_1495.bed	pre_launch
sarek	NA12878_WGS_30x_GRCh38_1495	GATK4_HAPLOTYPECALLER	sarek::GATK4_HAPLOTYPECALLER	GATK4_HAPLOTYPECALLER	interval_1473	interval_1473		WORKFLOWS/sarek/data/GRCh38_primary_1495.bed	pre_launch
sarek	NA12878_WGS_30x_GRCh38_1495	GATK4_HAPLOTYPECALLER	sarek::GATK4_HAPLOTYPECALLER	GATK4_HAPLOTYPECALLER	interval_1474	interval_1474		WORKFLOWS/sarek/data/GRCh38_primary_1495.bed	pre_launch
sarek	NA12878_WGS_30x_GRCh38_1495	GATK4_HAPLOTYPECALLER	sarek::GATK4_HAPLOTYPECALLER	GATK4_HAPLOTYPECALLER	interval_1475	interval_1475		WORKFLOWS/sarek/data/GRCh38_primary_1495.bed	pre_launch
sarek	NA12878_WGS_30x_GRCh38_1495	GATK4_HAPLOTYPECALLER	sarek::GATK4_HAPLOTYPECALLER	GATK4_HAPLOTYPECALLER	interval_1476	interval_1476		WORKFLOWS/sarek/data/GRCh38_primary_1495.bed	pre_launch
sarek	NA12878_WGS_30x_GRCh38_1495	GATK4_HAPLOTYPECALLER	sarek::GATK4_HAPLOTYPECALLER	GATK4_HAPLOTYPECALLER	interval_1477	interval_1477		WORKFLOWS/sarek/data/GRCh38_primary_1495.bed	pre_launch
sarek	NA12878_WGS_30x_GRCh38_1495	GATK4_HAPLOTYPECALLER	sarek::GATK4_HAPLOTYPECALLER	GATK4_HAPLOTYPECALLER	interval_1478	interval_1478		WORKFLOWS/sarek/data/GRCh38_primary_1495.bed	pre_launch
sarek	NA12878_WGS_30x_GRCh38_1495	GATK4_HAPLOTYPECALLER	sarek::GATK4_HAPLOTYPECALLER	GATK4_HAPLOTYPECALLER	interval_1479	interval_1479		WORKFLOWS/sarek/data/GRCh38_primary_1495.bed	pre_launch
sarek	NA12878_WGS_30x_GRCh38_1495	GATK4_HAPLOTYPECALLER	sarek::GATK4_HAPLOTYPECALLER	GATK4_HAPLOTYPECALLER	interval_1480	interval_1480		WORKFLOWS/sarek/data/GRCh38_primary_1495.bed	pre_launch
sarek	NA12878_WGS_30x_GRCh38_1495	GATK4_HAPLOTYPECALLER	sarek::GATK4_HAPLOTYPECALLER	GATK4_HAPLOTYPECALLER	interval_1481	interval_1481		WORKFLOWS/sarek/data/GRCh38_primary_1495.bed	pre_launch
sarek	NA12878_WGS_30x_GRCh38_1495	GATK4_HAPLOTYPECALLER	sarek::GATK4_HAPLOTYPECALLER	GATK4_HAPLOTYPECALLER	interval_1482	interval_1482		WORKFLOWS/sarek/data/GRCh38_primary_1495.bed	pre_launch
sarek	NA12878_WGS_30x_GRCh38_1495	GATK4_HAPLOTYPECALLER	sarek::GATK4_HAPLOTYPECALLER	GATK4_HAPLOTYPECALLER	interval_1483	interval_1483		WORKFLOWS/sarek/data/GRCh38_primary_1495.bed	pre_launch
sarek	NA12878_WGS_30x_GRCh38_1495	GATK4_HAPLOTYPECALLER	sarek::GATK4_HAPLOTYPECALLER	GATK4_HAPLOTYPECALLER	interval_1484	interval_1484		WORKFLOWS/sarek/data/GRCh38_primary_1495.bed	pre_launch
sarek	NA12878_WGS_30x_GRCh38_1495	GATK4_HAPLOTYPECALLER	sarek::GATK4_HAPLOTYPECALLER	GATK4_HAPLOTYPECALLER	interval_1485	interval_1485		WORKFLOWS/sarek/data/GRCh38_primary_1495.bed	pre_launch
sarek	NA12878_WGS_30x_GRCh38_1495	GATK4_HAPLOTYPECALLER	sarek::GATK4_HAPLOTYPECALLER	GATK4_HAPLOTYPECALLER	interval_1486	interval_1486		WORKFLOWS/sarek/data/GRCh38_primary_1495.bed	pre_launch
sarek	NA12878_WGS_30x_GRCh38_1495	GATK4_HAPLOTYPECALLER	sarek::GATK4_HAPLOTYPECALLER	GATK4_HAPLOTYPECALLER	interval_1487	interval_1487		WORKFLOWS/sarek/data/GRCh38_primary_1495.bed	pre_launch
sarek	NA12878_WGS_30x_GRCh38_1495	GATK4_HAPLOTYPECALLER	sarek::GATK4_HAPLOTYPECALLER	GATK4_HAPLOTYPECALLER	interval_1488	interval_1488		WORKFLOWS/sarek/data/GRCh38_primary_1495.bed	pre_launch
sarek	NA12878_WGS_30x_GRCh38_1495	GATK4_HAPLOTYPECALLER	sarek::GATK4_HAPLOTYPECALLER	GATK4_HAPLOTYPECALLER	interval_1489	interval_1489		WORKFLOWS/sarek/data/GRCh38_primary_1495.bed	pre_launch
sarek	NA12878_WGS_30x_GRCh38_1495	GATK4_HAPLOTYPECALLER	sarek::GATK4_HAPLOTYPECALLER	GATK4_HAPLOTYPECALLER	interval_1490	interval_1490		WORKFLOWS/sarek/data/GRCh38_primary_1495.bed	pre_launch
sarek	NA12878_WGS_30x_GRCh38_1495	GATK4_HAPLOTYPECALLER	sarek::GATK4_HAPLOTYPECALLER	GATK4_HAPLOTYPECALLER	interval_1491	interval_1491		WORKFLOWS/sarek/data/GRCh38_primary_1495.bed	pre_launch
sarek	NA12878_WGS_30x_GRCh38_1495	GATK4_HAPLOTYPECALLER	sarek::GATK4_HAPLOTYPECALLER	GATK4_HAPLOTYPECALLER	interval_1492	interval_1492		WORKFLOWS/sarek/data/GRCh38_primary_1495.bed	pre_launch
sarek	NA12878_WGS_30x_GRCh38_1495	GATK4_HAPLOTYPECALLER	sarek::GATK4_HAPLOTYPECALLER	GATK4_HAPLOTYPECALLER	interval_1493	interval_1493		WORKFLOWS/sarek/data/GRCh38_primary_1495.bed	pre_launch
sarek	NA12878_WGS_30x_GRCh38_1495	GATK4_HAPLOTYPECALLER	sarek::GATK4_HAPLOTYPECALLER	GATK4_HAPLOTYPECALLER	interval_1494	interval_1494		WORKFLOWS/sarek/data/GRCh38_primary_1495.bed	pre_launch
sarek	NA12878_WGS_30x_GRCh38_1495	GATK4_HAPLOTYPECALLER	sarek::GATK4_HAPLOTYPECALLER	GATK4_HAPLOTYPECALLER	interval_1495	interval_1495		WORKFLOWS/sarek/data/GRCh38_primary_1495.bed	pre_launch
