sample,fastq_1,fastq_2
vmg-0001-ERR12217836,https://ftp.sra.ebi.ac.uk/vol1/fastq/ERR122/036/ERR12217836/ERR12217836_1.fastq.gz,https://ftp.sra.ebi.ac.uk/vol1/fastq/ERR122/036/ERR12217836/ERR12217836_2.fastq.gz
vmg-0002-DRR735117,https://ftp.sra.ebi.ac.uk/vol1/fastq/DRR735/DRR735117/DRR735117_1.fastq.gz,https://ftp.sra.ebi.ac.uk/vol1/fastq/DRR735/DRR735117/DRR735117_2.fastq.gz
vmg-0003-ERR14211652,https://ftp.sra.ebi.ac.uk/vol1/fastq/ERR142/052/ERR14211652/ERR14211652_1.fastq.gz,https://ftp.sra.ebi.ac.uk/vol1/fastq/ERR142/052/ERR14211652/ERR14211652_2.fastq.gz
vmg-0004-ERR14195506,https://ftp.sra.ebi.ac.uk/vol1/fastq/ERR141/006/ERR14195506/ERR14195506_1.fastq.gz,https://ftp.sra.ebi.ac.uk/vol1/fastq/ERR141/006/ERR14195506/ERR14195506_2.fastq.gz
vmg-0005-ERR2728773,https://ftp.sra.ebi.ac.uk/vol1/fastq/ERR272/003/ERR2728773/ERR2728773_1.fastq.gz,https://ftp.sra.ebi.ac.uk/vol1/fastq/ERR272/003/ERR2728773/ERR2728773_2.fastq.gz
vmg-0006-ERR14194818,https://ftp.sra.ebi.ac.uk/vol1/fastq/ERR141/018/ERR14194818/ERR14194818_1.fastq.gz,https://ftp.sra.ebi.ac.uk/vol1/fastq/ERR141/018/ERR14194818/ERR14194818_2.fastq.gz
vmg-0007-ERR14210964,https://ftp.sra.ebi.ac.uk/vol1/fastq/ERR142/064/ERR14210964/ERR14210964_1.fastq.gz,https://ftp.sra.ebi.ac.uk/vol1/fastq/ERR142/064/ERR14210964/ERR14210964_2.fastq.gz
vmg-0008-ERR12520437,https://ftp.sra.ebi.ac.uk/vol1/fastq/ERR125/037/ERR12520437/ERR12520437_1.fastq.gz,https://ftp.sra.ebi.ac.uk/vol1/fastq/ERR125/037/ERR12520437/ERR12520437_2.fastq.gz
vmg-0009-DRR735156,https://ftp.sra.ebi.ac.uk/vol1/fastq/DRR735/DRR735156/DRR735156_1.fastq.gz,https://ftp.sra.ebi.ac.uk/vol1/fastq/DRR735/DRR735156/DRR735156_2.fastq.gz
vmg-0010-ERR3769621,https://ftp.sra.ebi.ac.uk/vol1/fastq/ERR376/001/ERR3769621/ERR3769621_1.fastq.gz,https://ftp.sra.ebi.ac.uk/vol1/fastq/ERR376/001/ERR3769621/ERR3769621_2.fastq.gz
vmg-0011-ERR12032835,https://ftp.sra.ebi.ac.uk/vol1/fastq/ERR120/035/ERR12032835/ERR12032835_1.fastq.gz,https://ftp.sra.ebi.ac.uk/vol1/fastq/ERR120/035/ERR12032835/ERR12032835_2.fastq.gz
vmg-0012-ERR12220312,https://ftp.sra.ebi.ac.uk/vol1/fastq/ERR122/012/ERR12220312/ERR12220312_1.fastq.gz,https://ftp.sra.ebi.ac.uk/vol1/fastq/ERR122/012/ERR12220312/ERR12220312_2.fastq.gz
vmg-0013-ERR12217362,https://ftp.sra.ebi.ac.uk/vol1/fastq/ERR122/062/ERR12217362/ERR12217362_1.fastq.gz,https://ftp.sra.ebi.ac.uk/vol1/fastq/ERR122/062/ERR12217362/ERR12217362_2.fastq.gz
vmg-0014-DRR737842,https://ftp.sra.ebi.ac.uk/vol1/fastq/DRR737/DRR737842/DRR737842_1.fastq.gz,https://ftp.sra.ebi.ac.uk/vol1/fastq/DRR737/DRR737842/DRR737842_2.fastq.gz
vmg-0015-ERR14195483,https://ftp.sra.ebi.ac.uk/vol1/fastq/ERR141/083/ERR14195483/ERR14195483_1.fastq.gz,https://ftp.sra.ebi.ac.uk/vol1/fastq/ERR141/083/ERR14195483/ERR14195483_2.fastq.gz
vmg-0016-DRR777283,https://ftp.sra.ebi.ac.uk/vol1/fastq/DRR777/DRR777283/DRR777283_1.fastq.gz,https://ftp.sra.ebi.ac.uk/vol1/fastq/DRR777/DRR777283/DRR777283_2.fastq.gz
vmg-0017-DRR216699,https://ftp.sra.ebi.ac.uk/vol1/fastq/DRR216/DRR216699/DRR216699_1.fastq.gz,https://ftp.sra.ebi.ac.uk/vol1/fastq/DRR216/DRR216699/DRR216699_2.fastq.gz
vmg-0018-ERR4161272,https://ftp.sra.ebi.ac.uk/vol1/fastq/ERR416/002/ERR4161272/ERR4161272_1.fastq.gz,https://ftp.sra.ebi.ac.uk/vol1/fastq/ERR416/002/ERR4161272/ERR4161272_2.fastq.gz
vmg-0019-ERR14195619,https://ftp.sra.ebi.ac.uk/vol1/fastq/ERR141/019/ERR14195619/ERR14195619_1.fastq.gz,https://ftp.sra.ebi.ac.uk/vol1/fastq/ERR141/019/ERR14195619/ERR14195619_2.fastq.gz
vmg-0020-ERR13061457,https://ftp.sra.ebi.ac.uk/vol1/fastq/ERR130/057/ERR13061457/ERR13061457_1.fastq.gz,https://ftp.sra.ebi.ac.uk/vol1/fastq/ERR130/057/ERR13061457/ERR13061457_2.fastq.gz
vmg-0021-ERR14946252,https://ftp.sra.ebi.ac.uk/vol1/fastq/ERR149/052/ERR14946252/ERR14946252_1.fastq.gz,https://ftp.sra.ebi.ac.uk/vol1/fastq/ERR149/052/ERR14946252/ERR14946252_2.fastq.gz
vmg-0022-ERR4502290,https://ftp.sra.ebi.ac.uk/vol1/fastq/ERR450/000/ERR4502290/ERR4502290_1.fastq.gz,https://ftp.sra.ebi.ac.uk/vol1/fastq/ERR450/000/ERR4502290/ERR4502290_2.fastq.gz
vmg-0023-DRR735351,https://ftp.sra.ebi.ac.uk/vol1/fastq/DRR735/DRR735351/DRR735351_1.fastq.gz,https://ftp.sra.ebi.ac.uk/vol1/fastq/DRR735/DRR735351/DRR735351_2.fastq.gz
vmg-0024-DRR402201,https://ftp.sra.ebi.ac.uk/vol1/fastq/DRR402/DRR402201/DRR402201_1.fastq.gz,https://ftp.sra.ebi.ac.uk/vol1/fastq/DRR402/DRR402201/DRR402201_2.fastq.gz
vmg-0025-ERR12038233,https://ftp.sra.ebi.ac.uk/vol1/fastq/ERR120/033/ERR12038233/ERR12038233_1.fastq.gz,https://ftp.sra.ebi.ac.uk/vol1/fastq/ERR120/033/ERR12038233/ERR12038233_2.fastq.gz
vmg-0026-ERR14211571,https://ftp.sra.ebi.ac.uk/vol1/fastq/ERR142/071/ERR14211571/ERR14211571_1.fastq.gz,https://ftp.sra.ebi.ac.uk/vol1/fastq/ERR142/071/ERR14211571/ERR14211571_2.fastq.gz
vmg-0027-ERR14211537,https://ftp.sra.ebi.ac.uk/vol1/fastq/ERR142/037/ERR14211537/ERR14211537_1.fastq.gz,https://ftp.sra.ebi.ac.uk/vol1/fastq/ERR142/037/ERR14211537/ERR14211537_2.fastq.gz
vmg-0028-ERR13061361,https://ftp.sra.ebi.ac.uk/vol1/fastq/ERR130/061/ERR13061361/ERR13061361_1.fastq.gz,https://ftp.sra.ebi.ac.uk/vol1/fastq/ERR130/061/ERR13061361/ERR13061361_2.fastq.gz
vmg-0029-ERR4161312,https://ftp.sra.ebi.ac.uk/vol1/fastq/ERR416/002/ERR4161312/ERR4161312_1.fastq.gz,https://ftp.sra.ebi.ac.uk/vol1/fastq/ERR416/002/ERR4161312/ERR4161312_2.fastq.gz
vmg-0030-ERR13187916,https://ftp.sra.ebi.ac.uk/vol1/fastq/ERR131/016/ERR13187916/ERR13187916_1.fastq.gz,https://ftp.sra.ebi.ac.uk/vol1/fastq/ERR131/016/ERR13187916/ERR13187916_2.fastq.gz
vmg-0031-ERR10749560,https://ftp.sra.ebi.ac.uk/vol1/fastq/ERR107/060/ERR10749560/ERR10749560_1.fastq.gz,https://ftp.sra.ebi.ac.uk/vol1/fastq/ERR107/060/ERR10749560/ERR10749560_2.fastq.gz
vmg-0032-ERR16908681,https://ftp.sra.ebi.ac.uk/vol1/fastq/ERR169/081/ERR16908681/ERR16908681_1.fastq.gz,https://ftp.sra.ebi.ac.uk/vol1/fastq/ERR169/081/ERR16908681/ERR16908681_2.fastq.gz
vmg-0033-ERR14946096,https://ftp.sra.ebi.ac.uk/vol1/fastq/ERR149/096/ERR14946096/ERR14946096_1.fastq.gz,https://ftp.sra.ebi.ac.uk/vol1/fastq/ERR149/096/ERR14946096/ERR14946096_2.fastq.gz
vmg-0034-ERR4161381,https://ftp.sra.ebi.ac.uk/vol1/fastq/ERR416/001/ERR4161381/ERR4161381_1.fastq.gz,https://ftp.sra.ebi.ac.uk/vol1/fastq/ERR416/001/ERR4161381/ERR4161381_2.fastq.gz
vmg-0035-ERR14195467,https://ftp.sra.ebi.ac.uk/vol1/fastq/ERR141/067/ERR14195467/ERR14195467_1.fastq.gz,https://ftp.sra.ebi.ac.uk/vol1/fastq/ERR141/067/ERR14195467/ERR14195467_2.fastq.gz
vmg-0036-ERR12219515,https://ftp.sra.ebi.ac.uk/vol1/fastq/ERR122/015/ERR12219515/ERR12219515_1.fastq.gz,https://ftp.sra.ebi.ac.uk/vol1/fastq/ERR122/015/ERR12219515/ERR12219515_2.fastq.gz
vmg-0037-DRR735311,https://ftp.sra.ebi.ac.uk/vol1/fastq/DRR735/DRR735311/DRR735311_1.fastq.gz,https://ftp.sra.ebi.ac.uk/vol1/fastq/DRR735/DRR735311/DRR735311_2.fastq.gz
vmg-0038-ERR3955300,https://ftp.sra.ebi.ac.uk/vol1/fastq/ERR395/000/ERR3955300/ERR3955300_1.fastq.gz,https://ftp.sra.ebi.ac.uk/vol1/fastq/ERR395/000/ERR3955300/ERR3955300_2.fastq.gz
vmg-0039-ERR4407588,https://ftp.sra.ebi.ac.uk/vol1/fastq/ERR440/008/ERR4407588/ERR4407588_1.fastq.gz,https://ftp.sra.ebi.ac.uk/vol1/fastq/ERR440/008/ERR4407588/ERR4407588_2.fastq.gz
vmg-0040-ERR14194809,https://ftp.sra.ebi.ac.uk/vol1/fastq/ERR141/009/ERR14194809/ERR14194809_1.fastq.gz,https://ftp.sra.ebi.ac.uk/vol1/fastq/ERR141/009/ERR14194809/ERR14194809_2.fastq.gz
vmg-0041-ERR11627212,https://ftp.sra.ebi.ac.uk/vol1/fastq/ERR116/012/ERR11627212/ERR11627212_1.fastq.gz,https://ftp.sra.ebi.ac.uk/vol1/fastq/ERR116/012/ERR11627212/ERR11627212_2.fastq.gz
vmg-0042-ERR2244512,https://ftp.sra.ebi.ac.uk/vol1/fastq/ERR224/002/ERR2244512/ERR2244512_1.fastq.gz,https://ftp.sra.ebi.ac.uk/vol1/fastq/ERR224/002/ERR2244512/ERR2244512_2.fastq.gz
vmg-0043-ERR10897645,https://ftp.sra.ebi.ac.uk/vol1/fastq/ERR108/045/ERR10897645/ERR10897645_1.fastq.gz,https://ftp.sra.ebi.ac.uk/vol1/fastq/ERR108/045/ERR10897645/ERR10897645_2.fastq.gz
vmg-0044-DRR735070,https://ftp.sra.ebi.ac.uk/vol1/fastq/DRR735/DRR735070/DRR735070_1.fastq.gz,https://ftp.sra.ebi.ac.uk/vol1/fastq/DRR735/DRR735070/DRR735070_2.fastq.gz
vmg-0045-ERR12217834,https://ftp.sra.ebi.ac.uk/vol1/fastq/ERR122/034/ERR12217834/ERR12217834_1.fastq.gz,https://ftp.sra.ebi.ac.uk/vol1/fastq/ERR122/034/ERR12217834/ERR12217834_2.fastq.gz
vmg-0046-ERR3769630,https://ftp.sra.ebi.ac.uk/vol1/fastq/ERR376/000/ERR3769630/ERR3769630_1.fastq.gz,https://ftp.sra.ebi.ac.uk/vol1/fastq/ERR376/000/ERR3769630/ERR3769630_2.fastq.gz
vmg-0047-ERR14854467,https://ftp.sra.ebi.ac.uk/vol1/fastq/ERR148/067/ERR14854467/ERR14854467_1.fastq.gz,https://ftp.sra.ebi.ac.uk/vol1/fastq/ERR148/067/ERR14854467/ERR14854467_2.fastq.gz
vmg-0048-ERR3903906,https://ftp.sra.ebi.ac.uk/vol1/fastq/ERR390/006/ERR3903906/ERR3903906_1.fastq.gz,https://ftp.sra.ebi.ac.uk/vol1/fastq/ERR390/006/ERR3903906/ERR3903906_2.fastq.gz
vmg-0049-ERR3682708,https://ftp.sra.ebi.ac.uk/vol1/fastq/ERR368/008/ERR3682708/ERR3682708_1.fastq.gz,https://ftp.sra.ebi.ac.uk/vol1/fastq/ERR368/008/ERR3682708/ERR3682708_2.fastq.gz
vmg-0050-DRR1030109,https://ftp.sra.ebi.ac.uk/vol1/fastq/DRR103/009/DRR1030109/DRR1030109_1.fastq.gz,https://ftp.sra.ebi.ac.uk/vol1/fastq/DRR103/009/DRR1030109/DRR1030109_2.fastq.gz
vmg-0051-ERR11627282,https://ftp.sra.ebi.ac.uk/vol1/fastq/ERR116/082/ERR11627282/ERR11627282_1.fastq.gz,https://ftp.sra.ebi.ac.uk/vol1/fastq/ERR116/082/ERR11627282/ERR11627282_2.fastq.gz
vmg-0052-ERR2728758,https://ftp.sra.ebi.ac.uk/vol1/fastq/ERR272/008/ERR2728758/ERR2728758_1.fastq.gz,https://ftp.sra.ebi.ac.uk/vol1/fastq/ERR272/008/ERR2728758/ERR2728758_2.fastq.gz
vmg-0053-ERR4503261,https://ftp.sra.ebi.ac.uk/vol1/fastq/ERR450/001/ERR4503261/ERR4503261_1.fastq.gz,https://ftp.sra.ebi.ac.uk/vol1/fastq/ERR450/001/ERR4503261/ERR4503261_2.fastq.gz
vmg-0054-ERR4503232,https://ftp.sra.ebi.ac.uk/vol1/fastq/ERR450/002/ERR4503232/ERR4503232_1.fastq.gz,https://ftp.sra.ebi.ac.uk/vol1/fastq/ERR450/002/ERR4503232/ERR4503232_2.fastq.gz
vmg-0055-ERR3832226,https://ftp.sra.ebi.ac.uk/vol1/fastq/ERR383/006/ERR3832226/ERR3832226_1.fastq.gz,https://ftp.sra.ebi.ac.uk/vol1/fastq/ERR383/006/ERR3832226/ERR3832226_2.fastq.gz
vmg-0056-ERR15114805,https://ftp.sra.ebi.ac.uk/vol1/fastq/ERR151/005/ERR15114805/ERR15114805_1.fastq.gz,https://ftp.sra.ebi.ac.uk/vol1/fastq/ERR151/005/ERR15114805/ERR15114805_2.fastq.gz
vmg-0057-ERR14927655,https://ftp.sra.ebi.ac.uk/vol1/fastq/ERR149/055/ERR14927655/ERR14927655_1.fastq.gz,https://ftp.sra.ebi.ac.uk/vol1/fastq/ERR149/055/ERR14927655/ERR14927655_2.fastq.gz
vmg-0058-DRR735701,https://ftp.sra.ebi.ac.uk/vol1/fastq/DRR735/DRR735701/DRR735701_1.fastq.gz,https://ftp.sra.ebi.ac.uk/vol1/fastq/DRR735/DRR735701/DRR735701_2.fastq.gz
vmg-0059-ERR13910968,https://ftp.sra.ebi.ac.uk/vol1/fastq/ERR139/068/ERR13910968/ERR13910968_1.fastq.gz,https://ftp.sra.ebi.ac.uk/vol1/fastq/ERR139/068/ERR13910968/ERR13910968_2.fastq.gz
vmg-0060-ERR2244502,https://ftp.sra.ebi.ac.uk/vol1/fastq/ERR224/002/ERR2244502/ERR2244502_1.fastq.gz,https://ftp.sra.ebi.ac.uk/vol1/fastq/ERR224/002/ERR2244502/ERR2244502_2.fastq.gz
vmg-0061-DRR735549,https://ftp.sra.ebi.ac.uk/vol1/fastq/DRR735/DRR735549/DRR735549_1.fastq.gz,https://ftp.sra.ebi.ac.uk/vol1/fastq/DRR735/DRR735549/DRR735549_2.fastq.gz
vmg-0062-DRR768890,https://ftp.sra.ebi.ac.uk/vol1/fastq/DRR768/DRR768890/DRR768890_1.fastq.gz,https://ftp.sra.ebi.ac.uk/vol1/fastq/DRR768/DRR768890/DRR768890_2.fastq.gz
vmg-0063-ERR14211752,https://ftp.sra.ebi.ac.uk/vol1/fastq/ERR142/052/ERR14211752/ERR14211752_1.fastq.gz,https://ftp.sra.ebi.ac.uk/vol1/fastq/ERR142/052/ERR14211752/ERR14211752_2.fastq.gz
vmg-0064-ERR14195606,https://ftp.sra.ebi.ac.uk/vol1/fastq/ERR141/006/ERR14195606/ERR14195606_1.fastq.gz,https://ftp.sra.ebi.ac.uk/vol1/fastq/ERR141/006/ERR14195606/ERR14195606_2.fastq.gz
vmg-0065-ERR10749652,https://ftp.sra.ebi.ac.uk/vol1/fastq/ERR107/052/ERR10749652/ERR10749652_1.fastq.gz,https://ftp.sra.ebi.ac.uk/vol1/fastq/ERR107/052/ERR10749652/ERR10749652_2.fastq.gz
vmg-0066-ERR16712446,https://ftp.sra.ebi.ac.uk/vol1/fastq/ERR167/046/ERR16712446/ERR16712446_1.fastq.gz,https://ftp.sra.ebi.ac.uk/vol1/fastq/ERR167/046/ERR16712446/ERR16712446_2.fastq.gz
vmg-0067-ERR14194987,https://ftp.sra.ebi.ac.uk/vol1/fastq/ERR141/087/ERR14194987/ERR14194987_1.fastq.gz,https://ftp.sra.ebi.ac.uk/vol1/fastq/ERR141/087/ERR14194987/ERR14194987_2.fastq.gz
vmg-0068-DRR737881,https://ftp.sra.ebi.ac.uk/vol1/fastq/DRR737/DRR737881/DRR737881_1.fastq.gz,https://ftp.sra.ebi.ac.uk/vol1/fastq/DRR737/DRR737881/DRR737881_2.fastq.gz
vmg-0069-ERR11627268,https://ftp.sra.ebi.ac.uk/vol1/fastq/ERR116/068/ERR11627268/ERR11627268_1.fastq.gz,https://ftp.sra.ebi.ac.uk/vol1/fastq/ERR116/068/ERR11627268/ERR11627268_2.fastq.gz
vmg-0070-ERR1727766,https://ftp.sra.ebi.ac.uk/vol1/fastq/ERR172/006/ERR1727766/ERR1727766_1.fastq.gz,https://ftp.sra.ebi.ac.uk/vol1/fastq/ERR172/006/ERR1727766/ERR1727766_2.fastq.gz
vmg-0071-ERR2728823,https://ftp.sra.ebi.ac.uk/vol1/fastq/ERR272/003/ERR2728823/ERR2728823_1.fastq.gz,https://ftp.sra.ebi.ac.uk/vol1/fastq/ERR272/003/ERR2728823/ERR2728823_2.fastq.gz
vmg-0072-ERR4502298,https://ftp.sra.ebi.ac.uk/vol1/fastq/ERR450/008/ERR4502298/ERR4502298_1.fastq.gz,https://ftp.sra.ebi.ac.uk/vol1/fastq/ERR450/008/ERR4502298/ERR4502298_2.fastq.gz
vmg-0073-DRR735693,https://ftp.sra.ebi.ac.uk/vol1/fastq/DRR735/DRR735693/DRR735693_1.fastq.gz,https://ftp.sra.ebi.ac.uk/vol1/fastq/DRR735/DRR735693/DRR735693_2.fastq.gz
vmg-0074-ERR2728814,https://ftp.sra.ebi.ac.uk/vol1/fastq/ERR272/004/ERR2728814/ERR2728814_1.fastq.gz,https://ftp.sra.ebi.ac.uk/vol1/fastq/ERR272/004/ERR2728814/ERR2728814_2.fastq.gz
vmg-0075-ERR2728819,https://ftp.sra.ebi.ac.uk/vol1/fastq/ERR272/009/ERR2728819/ERR2728819_1.fastq.gz,https://ftp.sra.ebi.ac.uk/vol1/fastq/ERR272/009/ERR2728819/ERR2728819_2.fastq.gz
vmg-0076-DRR855805,https://ftp.sra.ebi.ac.uk/vol1/fastq/DRR855/DRR855805/DRR855805_1.fastq.gz,https://ftp.sra.ebi.ac.uk/vol1/fastq/DRR855/DRR855805/DRR855805_2.fastq.gz
vmg-0077-ERR12717981,https://ftp.sra.ebi.ac.uk/vol1/fastq/ERR127/081/ERR12717981/ERR12717981_1.fastq.gz,https://ftp.sra.ebi.ac.uk/vol1/fastq/ERR127/081/ERR12717981/ERR12717981_2.fastq.gz
vmg-0078-ERR14211856,https://ftp.sra.ebi.ac.uk/vol1/fastq/ERR142/056/ERR14211856/ERR14211856_1.fastq.gz,https://ftp.sra.ebi.ac.uk/vol1/fastq/ERR142/056/ERR14211856/ERR14211856_2.fastq.gz
vmg-0079-ERR13061351,https://ftp.sra.ebi.ac.uk/vol1/fastq/ERR130/051/ERR13061351/ERR13061351_1.fastq.gz,https://ftp.sra.ebi.ac.uk/vol1/fastq/ERR130/051/ERR13061351/ERR13061351_2.fastq.gz
vmg-0080-ERR17272765,https://ftp.sra.ebi.ac.uk/vol1/fastq/ERR172/065/ERR17272765/ERR17272765_1.fastq.gz,https://ftp.sra.ebi.ac.uk/vol1/fastq/ERR172/065/ERR17272765/ERR17272765_2.fastq.gz
vmg-0081-ERR13337433,https://ftp.sra.ebi.ac.uk/vol1/fastq/ERR133/033/ERR13337433/ERR13337433_1.fastq.gz,https://ftp.sra.ebi.ac.uk/vol1/fastq/ERR133/033/ERR13337433/ERR13337433_2.fastq.gz
vmg-0082-ERR16010780,https://ftp.sra.ebi.ac.uk/vol1/fastq/ERR160/080/ERR16010780/ERR16010780_1.fastq.gz,https://ftp.sra.ebi.ac.uk/vol1/fastq/ERR160/080/ERR16010780/ERR16010780_2.fastq.gz
vmg-0083-DRR735081,https://ftp.sra.ebi.ac.uk/vol1/fastq/DRR735/DRR735081/DRR735081_1.fastq.gz,https://ftp.sra.ebi.ac.uk/vol1/fastq/DRR735/DRR735081/DRR735081_2.fastq.gz
vmg-0084-ERR11627226,https://ftp.sra.ebi.ac.uk/vol1/fastq/ERR116/026/ERR11627226/ERR11627226_1.fastq.gz,https://ftp.sra.ebi.ac.uk/vol1/fastq/ERR116/026/ERR11627226/ERR11627226_2.fastq.gz
vmg-0085-ERR14722210,https://ftp.sra.ebi.ac.uk/vol1/fastq/ERR147/010/ERR14722210/ERR14722210_1.fastq.gz,https://ftp.sra.ebi.ac.uk/vol1/fastq/ERR147/010/ERR14722210/ERR14722210_2.fastq.gz
vmg-0086-ERR12555857,https://ftp.sra.ebi.ac.uk/vol1/fastq/ERR125/057/ERR12555857/ERR12555857_1.fastq.gz,https://ftp.sra.ebi.ac.uk/vol1/fastq/ERR125/057/ERR12555857/ERR12555857_2.fastq.gz
vmg-0087-ERR3903910,https://ftp.sra.ebi.ac.uk/vol1/fastq/ERR390/000/ERR3903910/ERR3903910_1.fastq.gz,https://ftp.sra.ebi.ac.uk/vol1/fastq/ERR390/000/ERR3903910/ERR3903910_2.fastq.gz
vmg-0088-ERR14195694,https://ftp.sra.ebi.ac.uk/vol1/fastq/ERR141/094/ERR14195694/ERR14195694_1.fastq.gz,https://ftp.sra.ebi.ac.uk/vol1/fastq/ERR141/094/ERR14195694/ERR14195694_2.fastq.gz
vmg-0089-ERR14211840,https://ftp.sra.ebi.ac.uk/vol1/fastq/ERR142/040/ERR14211840/ERR14211840_1.fastq.gz,https://ftp.sra.ebi.ac.uk/vol1/fastq/ERR142/040/ERR14211840/ERR14211840_2.fastq.gz
vmg-0090-ERR14195290,https://ftp.sra.ebi.ac.uk/vol1/fastq/ERR141/090/ERR14195290/ERR14195290_1.fastq.gz,https://ftp.sra.ebi.ac.uk/vol1/fastq/ERR141/090/ERR14195290/ERR14195290_2.fastq.gz
vmg-0091-ERR4181517,https://ftp.sra.ebi.ac.uk/vol1/fastq/ERR418/007/ERR4181517/ERR4181517_1.fastq.gz,https://ftp.sra.ebi.ac.uk/vol1/fastq/ERR418/007/ERR4181517/ERR4181517_2.fastq.gz
vmg-0092-ERR15136037,https://ftp.sra.ebi.ac.uk/vol1/fastq/ERR151/037/ERR15136037/ERR15136037_1.fastq.gz,https://ftp.sra.ebi.ac.uk/vol1/fastq/ERR151/037/ERR15136037/ERR15136037_2.fastq.gz
vmg-0093-ERR14802390,https://ftp.sra.ebi.ac.uk/vol1/fastq/ERR148/090/ERR14802390/ERR14802390_1.fastq.gz,https://ftp.sra.ebi.ac.uk/vol1/fastq/ERR148/090/ERR14802390/ERR14802390_2.fastq.gz
vmg-0094-ERR16707732,https://ftp.sra.ebi.ac.uk/vol1/fastq/ERR167/032/ERR16707732/ERR16707732_1.fastq.gz,https://ftp.sra.ebi.ac.uk/vol1/fastq/ERR167/032/ERR16707732/ERR16707732_2.fastq.gz
vmg-0095-ERR12220357,https://ftp.sra.ebi.ac.uk/vol1/fastq/ERR122/057/ERR12220357/ERR12220357_1.fastq.gz,https://ftp.sra.ebi.ac.uk/vol1/fastq/ERR122/057/ERR12220357/ERR12220357_2.fastq.gz
vmg-0096-DRR855804,https://ftp.sra.ebi.ac.uk/vol1/fastq/DRR855/DRR855804/DRR855804_1.fastq.gz,https://ftp.sra.ebi.ac.uk/vol1/fastq/DRR855/DRR855804/DRR855804_2.fastq.gz
vmg-0097-ERR2728837,https://ftp.sra.ebi.ac.uk/vol1/fastq/ERR272/007/ERR2728837/ERR2728837_1.fastq.gz,https://ftp.sra.ebi.ac.uk/vol1/fastq/ERR272/007/ERR2728837/ERR2728837_2.fastq.gz
vmg-0098-DRR735710,https://ftp.sra.ebi.ac.uk/vol1/fastq/DRR735/DRR735710/DRR735710_1.fastq.gz,https://ftp.sra.ebi.ac.uk/vol1/fastq/DRR735/DRR735710/DRR735710_2.fastq.gz
vmg-0099-DRR735074,https://ftp.sra.ebi.ac.uk/vol1/fastq/DRR735/DRR735074/DRR735074_1.fastq.gz,https://ftp.sra.ebi.ac.uk/vol1/fastq/DRR735/DRR735074/DRR735074_2.fastq.gz
vmg-0100-ERR12555515,https://ftp.sra.ebi.ac.uk/vol1/fastq/ERR125/015/ERR12555515/ERR12555515_1.fastq.gz,https://ftp.sra.ebi.ac.uk/vol1/fastq/ERR125/015/ERR12555515/ERR12555515_2.fastq.gz
vmg-0101-DRR771743,https://ftp.sra.ebi.ac.uk/vol1/fastq/DRR771/DRR771743/DRR771743_1.fastq.gz,https://ftp.sra.ebi.ac.uk/vol1/fastq/DRR771/DRR771743/DRR771743_2.fastq.gz
vmg-0102-ERR16908609,https://ftp.sra.ebi.ac.uk/vol1/fastq/ERR169/009/ERR16908609/ERR16908609_1.fastq.gz,https://ftp.sra.ebi.ac.uk/vol1/fastq/ERR169/009/ERR16908609/ERR16908609_2.fastq.gz
vmg-0103-ERR10749726,https://ftp.sra.ebi.ac.uk/vol1/fastq/ERR107/026/ERR10749726/ERR10749726_1.fastq.gz,https://ftp.sra.ebi.ac.uk/vol1/fastq/ERR107/026/ERR10749726/ERR10749726_2.fastq.gz
vmg-0104-ERR4502688,https://ftp.sra.ebi.ac.uk/vol1/fastq/ERR450/008/ERR4502688/ERR4502688_1.fastq.gz,https://ftp.sra.ebi.ac.uk/vol1/fastq/ERR450/008/ERR4502688/ERR4502688_2.fastq.gz
vmg-0105-DRR737866,https://ftp.sra.ebi.ac.uk/vol1/fastq/DRR737/DRR737866/DRR737866_1.fastq.gz,https://ftp.sra.ebi.ac.uk/vol1/fastq/DRR737/DRR737866/DRR737866_2.fastq.gz
vmg-0106-DRR855809,https://ftp.sra.ebi.ac.uk/vol1/fastq/DRR855/DRR855809/DRR855809_1.fastq.gz,https://ftp.sra.ebi.ac.uk/vol1/fastq/DRR855/DRR855809/DRR855809_2.fastq.gz
vmg-0107-ERR14195440,https://ftp.sra.ebi.ac.uk/vol1/fastq/ERR141/040/ERR14195440/ERR14195440_1.fastq.gz,https://ftp.sra.ebi.ac.uk/vol1/fastq/ERR141/040/ERR14195440/ERR14195440_2.fastq.gz
vmg-0108-ERR14194794,https://ftp.sra.ebi.ac.uk/vol1/fastq/ERR141/094/ERR14194794/ERR14194794_1.fastq.gz,https://ftp.sra.ebi.ac.uk/vol1/fastq/ERR141/094/ERR14194794/ERR14194794_2.fastq.gz
vmg-0109-DRR735679,https://ftp.sra.ebi.ac.uk/vol1/fastq/DRR735/DRR735679/DRR735679_1.fastq.gz,https://ftp.sra.ebi.ac.uk/vol1/fastq/DRR735/DRR735679/DRR735679_2.fastq.gz
vmg-0110-ERR15114945,https://ftp.sra.ebi.ac.uk/vol1/fastq/ERR151/045/ERR15114945/ERR15114945_1.fastq.gz,https://ftp.sra.ebi.ac.uk/vol1/fastq/ERR151/045/ERR15114945/ERR15114945_2.fastq.gz
vmg-0111-DRR735199,https://ftp.sra.ebi.ac.uk/vol1/fastq/DRR735/DRR735199/DRR735199_1.fastq.gz,https://ftp.sra.ebi.ac.uk/vol1/fastq/DRR735/DRR735199/DRR735199_2.fastq.gz
vmg-0112-ERR2756779,https://ftp.sra.ebi.ac.uk/vol1/fastq/ERR275/009/ERR2756779/ERR2756779_1.fastq.gz,https://ftp.sra.ebi.ac.uk/vol1/fastq/ERR275/009/ERR2756779/ERR2756779_2.fastq.gz
vmg-0113-DRR855802,https://ftp.sra.ebi.ac.uk/vol1/fastq/DRR855/DRR855802/DRR855802_1.fastq.gz,https://ftp.sra.ebi.ac.uk/vol1/fastq/DRR855/DRR855802/DRR855802_2.fastq.gz
vmg-0114-ERR13061437,https://ftp.sra.ebi.ac.uk/vol1/fastq/ERR130/037/ERR13061437/ERR13061437_1.fastq.gz,https://ftp.sra.ebi.ac.uk/vol1/fastq/ERR130/037/ERR13061437/ERR13061437_2.fastq.gz
vmg-0115-DRR735357,https://ftp.sra.ebi.ac.uk/vol1/fastq/DRR735/DRR735357/DRR735357_1.fastq.gz,https://ftp.sra.ebi.ac.uk/vol1/fastq/DRR735/DRR735357/DRR735357_2.fastq.gz
vmg-0116-ERR11627449,https://ftp.sra.ebi.ac.uk/vol1/fastq/ERR116/049/ERR11627449/ERR11627449_1.fastq.gz,https://ftp.sra.ebi.ac.uk/vol1/fastq/ERR116/049/ERR11627449/ERR11627449_2.fastq.gz
vmg-0117-ERR10394930,https://ftp.sra.ebi.ac.uk/vol1/fastq/ERR103/030/ERR10394930/ERR10394930_1.fastq.gz,https://ftp.sra.ebi.ac.uk/vol1/fastq/ERR103/030/ERR10394930/ERR10394930_2.fastq.gz
vmg-0118-ERR13061385,https://ftp.sra.ebi.ac.uk/vol1/fastq/ERR130/085/ERR13061385/ERR13061385_1.fastq.gz,https://ftp.sra.ebi.ac.uk/vol1/fastq/ERR130/085/ERR13061385/ERR13061385_2.fastq.gz
vmg-0119-DRR735089,https://ftp.sra.ebi.ac.uk/vol1/fastq/DRR735/DRR735089/DRR735089_1.fastq.gz,https://ftp.sra.ebi.ac.uk/vol1/fastq/DRR735/DRR735089/DRR735089_2.fastq.gz
vmg-0120-ERR10749530,https://ftp.sra.ebi.ac.uk/vol1/fastq/ERR107/030/ERR10749530/ERR10749530_1.fastq.gz,https://ftp.sra.ebi.ac.uk/vol1/fastq/ERR107/030/ERR10749530/ERR10749530_2.fastq.gz
vmg-0121-ERR12218400,https://ftp.sra.ebi.ac.uk/vol1/fastq/ERR122/000/ERR12218400/ERR12218400_1.fastq.gz,https://ftp.sra.ebi.ac.uk/vol1/fastq/ERR122/000/ERR12218400/ERR12218400_2.fastq.gz
vmg-0122-DRR735465,https://ftp.sra.ebi.ac.uk/vol1/fastq/DRR735/DRR735465/DRR735465_1.fastq.gz,https://ftp.sra.ebi.ac.uk/vol1/fastq/DRR735/DRR735465/DRR735465_2.fastq.gz
vmg-0123-ERR4502477,https://ftp.sra.ebi.ac.uk/vol1/fastq/ERR450/007/ERR4502477/ERR4502477_1.fastq.gz,https://ftp.sra.ebi.ac.uk/vol1/fastq/ERR450/007/ERR4502477/ERR4502477_2.fastq.gz
vmg-0124-ERR14946183,https://ftp.sra.ebi.ac.uk/vol1/fastq/ERR149/083/ERR14946183/ERR14946183_1.fastq.gz,https://ftp.sra.ebi.ac.uk/vol1/fastq/ERR149/083/ERR14946183/ERR14946183_2.fastq.gz
vmg-0125-ERR4503270,https://ftp.sra.ebi.ac.uk/vol1/fastq/ERR450/000/ERR4503270/ERR4503270_1.fastq.gz,https://ftp.sra.ebi.ac.uk/vol1/fastq/ERR450/000/ERR4503270/ERR4503270_2.fastq.gz
vmg-0126-DRR735377,https://ftp.sra.ebi.ac.uk/vol1/fastq/DRR735/DRR735377/DRR735377_1.fastq.gz,https://ftp.sra.ebi.ac.uk/vol1/fastq/DRR735/DRR735377/DRR735377_2.fastq.gz
vmg-0127-ERR12220310,https://ftp.sra.ebi.ac.uk/vol1/fastq/ERR122/010/ERR12220310/ERR12220310_1.fastq.gz,https://ftp.sra.ebi.ac.uk/vol1/fastq/ERR122/010/ERR12220310/ERR12220310_2.fastq.gz
vmg-0128-ERR2728799,https://ftp.sra.ebi.ac.uk/vol1/fastq/ERR272/009/ERR2728799/ERR2728799_1.fastq.gz,https://ftp.sra.ebi.ac.uk/vol1/fastq/ERR272/009/ERR2728799/ERR2728799_2.fastq.gz
vmg-0129-ERR12074347,https://ftp.sra.ebi.ac.uk/vol1/fastq/ERR120/047/ERR12074347/ERR12074347_1.fastq.gz,https://ftp.sra.ebi.ac.uk/vol1/fastq/ERR120/047/ERR12074347/ERR12074347_2.fastq.gz
vmg-0130-ERR12038278,https://ftp.sra.ebi.ac.uk/vol1/fastq/ERR120/078/ERR12038278/ERR12038278_1.fastq.gz,https://ftp.sra.ebi.ac.uk/vol1/fastq/ERR120/078/ERR12038278/ERR12038278_2.fastq.gz
vmg-0131-ERR14210917,https://ftp.sra.ebi.ac.uk/vol1/fastq/ERR142/017/ERR14210917/ERR14210917_1.fastq.gz,https://ftp.sra.ebi.ac.uk/vol1/fastq/ERR142/017/ERR14210917/ERR14210917_2.fastq.gz
vmg-0132-ERR2611593,https://ftp.sra.ebi.ac.uk/vol1/fastq/ERR261/003/ERR2611593/ERR2611593_1.fastq.gz,https://ftp.sra.ebi.ac.uk/vol1/fastq/ERR261/003/ERR2611593/ERR2611593_2.fastq.gz
vmg-0133-DRR735370,https://ftp.sra.ebi.ac.uk/vol1/fastq/DRR735/DRR735370/DRR735370_1.fastq.gz,https://ftp.sra.ebi.ac.uk/vol1/fastq/DRR735/DRR735370/DRR735370_2.fastq.gz
vmg-0134-ERR2863502,https://ftp.sra.ebi.ac.uk/vol1/fastq/ERR286/002/ERR2863502/ERR2863502_1.fastq.gz,https://ftp.sra.ebi.ac.uk/vol1/fastq/ERR286/002/ERR2863502/ERR2863502_2.fastq.gz
vmg-0135-DRR737878,https://ftp.sra.ebi.ac.uk/vol1/fastq/DRR737/DRR737878/DRR737878_1.fastq.gz,https://ftp.sra.ebi.ac.uk/vol1/fastq/DRR737/DRR737878/DRR737878_2.fastq.gz
vmg-0136-ERR2169033,https://ftp.sra.ebi.ac.uk/vol1/fastq/ERR216/003/ERR2169033/ERR2169033_1.fastq.gz,https://ftp.sra.ebi.ac.uk/vol1/fastq/ERR216/003/ERR2169033/ERR2169033_2.fastq.gz
vmg-0137-ERR2728815,https://ftp.sra.ebi.ac.uk/vol1/fastq/ERR272/005/ERR2728815/ERR2728815_1.fastq.gz,https://ftp.sra.ebi.ac.uk/vol1/fastq/ERR272/005/ERR2728815/ERR2728815_2.fastq.gz
vmg-0138-ERR14195591,https://ftp.sra.ebi.ac.uk/vol1/fastq/ERR141/091/ERR14195591/ERR14195591_1.fastq.gz,https://ftp.sra.ebi.ac.uk/vol1/fastq/ERR141/091/ERR14195591/ERR14195591_2.fastq.gz
vmg-0139-ERR2728771,https://ftp.sra.ebi.ac.uk/vol1/fastq/ERR272/001/ERR2728771/ERR2728771_1.fastq.gz,https://ftp.sra.ebi.ac.uk/vol1/fastq/ERR272/001/ERR2728771/ERR2728771_2.fastq.gz
vmg-0140-DRR735432,https://ftp.sra.ebi.ac.uk/vol1/fastq/DRR735/DRR735432/DRR735432_1.fastq.gz,https://ftp.sra.ebi.ac.uk/vol1/fastq/DRR735/DRR735432/DRR735432_2.fastq.gz
vmg-0141-ERR2728813,https://ftp.sra.ebi.ac.uk/vol1/fastq/ERR272/003/ERR2728813/ERR2728813_1.fastq.gz,https://ftp.sra.ebi.ac.uk/vol1/fastq/ERR272/003/ERR2728813/ERR2728813_2.fastq.gz
vmg-0142-ERR15315377,https://ftp.sra.ebi.ac.uk/vol1/fastq/ERR153/077/ERR15315377/ERR15315377_1.fastq.gz,https://ftp.sra.ebi.ac.uk/vol1/fastq/ERR153/077/ERR15315377/ERR15315377_2.fastq.gz
vmg-0143-ERR11627271,https://ftp.sra.ebi.ac.uk/vol1/fastq/ERR116/071/ERR11627271/ERR11627271_1.fastq.gz,https://ftp.sra.ebi.ac.uk/vol1/fastq/ERR116/071/ERR11627271/ERR11627271_2.fastq.gz
vmg-0144-ERR16718269,https://ftp.sra.ebi.ac.uk/vol1/fastq/ERR167/069/ERR16718269/ERR16718269_1.fastq.gz,https://ftp.sra.ebi.ac.uk/vol1/fastq/ERR167/069/ERR16718269/ERR16718269_2.fastq.gz
vmg-0145-ERR14802278,https://ftp.sra.ebi.ac.uk/vol1/fastq/ERR148/078/ERR14802278/ERR14802278_1.fastq.gz,https://ftp.sra.ebi.ac.uk/vol1/fastq/ERR148/078/ERR14802278/ERR14802278_2.fastq.gz
vmg-0146-ERR13337430,https://ftp.sra.ebi.ac.uk/vol1/fastq/ERR133/030/ERR13337430/ERR13337430_1.fastq.gz,https://ftp.sra.ebi.ac.uk/vol1/fastq/ERR133/030/ERR13337430/ERR13337430_2.fastq.gz
vmg-0147-ERR11627316,https://ftp.sra.ebi.ac.uk/vol1/fastq/ERR116/016/ERR11627316/ERR11627316_1.fastq.gz,https://ftp.sra.ebi.ac.uk/vol1/fastq/ERR116/016/ERR11627316/ERR11627316_2.fastq.gz
vmg-0148-ERR16024322,https://ftp.sra.ebi.ac.uk/vol1/fastq/ERR160/022/ERR16024322/ERR16024322_1.fastq.gz,https://ftp.sra.ebi.ac.uk/vol1/fastq/ERR160/022/ERR16024322/ERR16024322_2.fastq.gz
vmg-0149-ERR14195453,https://ftp.sra.ebi.ac.uk/vol1/fastq/ERR141/053/ERR14195453/ERR14195453_1.fastq.gz,https://ftp.sra.ebi.ac.uk/vol1/fastq/ERR141/053/ERR14195453/ERR14195453_2.fastq.gz
vmg-0150-ERR14211599,https://ftp.sra.ebi.ac.uk/vol1/fastq/ERR142/099/ERR14211599/ERR14211599_1.fastq.gz,https://ftp.sra.ebi.ac.uk/vol1/fastq/ERR142/099/ERR14211599/ERR14211599_2.fastq.gz
vmg-0151-ERR11489527,https://ftp.sra.ebi.ac.uk/vol1/fastq/ERR114/027/ERR11489527/ERR11489527_1.fastq.gz,https://ftp.sra.ebi.ac.uk/vol1/fastq/ERR114/027/ERR11489527/ERR11489527_2.fastq.gz
vmg-0152-ERR14708365,https://ftp.sra.ebi.ac.uk/vol1/fastq/ERR147/065/ERR14708365/ERR14708365_1.fastq.gz,https://ftp.sra.ebi.ac.uk/vol1/fastq/ERR147/065/ERR14708365/ERR14708365_2.fastq.gz
vmg-0153-DRR735516,https://ftp.sra.ebi.ac.uk/vol1/fastq/DRR735/DRR735516/DRR735516_1.fastq.gz,https://ftp.sra.ebi.ac.uk/vol1/fastq/DRR735/DRR735516/DRR735516_2.fastq.gz
vmg-0154-DRR735686,https://ftp.sra.ebi.ac.uk/vol1/fastq/DRR735/DRR735686/DRR735686_1.fastq.gz,https://ftp.sra.ebi.ac.uk/vol1/fastq/DRR735/DRR735686/DRR735686_2.fastq.gz
vmg-0155-ERR14953701,https://ftp.sra.ebi.ac.uk/vol1/fastq/ERR149/001/ERR14953701/ERR14953701_1.fastq.gz,https://ftp.sra.ebi.ac.uk/vol1/fastq/ERR149/001/ERR14953701/ERR14953701_2.fastq.gz
vmg-0156-ERR10375477,https://ftp.sra.ebi.ac.uk/vol1/fastq/ERR103/077/ERR10375477/ERR10375477_1.fastq.gz,https://ftp.sra.ebi.ac.uk/vol1/fastq/ERR103/077/ERR10375477/ERR10375477_2.fastq.gz
vmg-0157-ERR2728759,https://ftp.sra.ebi.ac.uk/vol1/fastq/ERR272/009/ERR2728759/ERR2728759_1.fastq.gz,https://ftp.sra.ebi.ac.uk/vol1/fastq/ERR272/009/ERR2728759/ERR2728759_2.fastq.gz
vmg-0158-ERR12038242,https://ftp.sra.ebi.ac.uk/vol1/fastq/ERR120/042/ERR12038242/ERR12038242_1.fastq.gz,https://ftp.sra.ebi.ac.uk/vol1/fastq/ERR120/042/ERR12038242/ERR12038242_2.fastq.gz
vmg-0159-DRR774225,https://ftp.sra.ebi.ac.uk/vol1/fastq/DRR774/DRR774225/DRR774225_1.fastq.gz,https://ftp.sra.ebi.ac.uk/vol1/fastq/DRR774/DRR774225/DRR774225_2.fastq.gz
vmg-0160-DRR774222,https://ftp.sra.ebi.ac.uk/vol1/fastq/DRR774/DRR774222/DRR774222_1.fastq.gz,https://ftp.sra.ebi.ac.uk/vol1/fastq/DRR774/DRR774222/DRR774222_2.fastq.gz
vmg-0161-ERR12218724,https://ftp.sra.ebi.ac.uk/vol1/fastq/ERR122/024/ERR12218724/ERR12218724_1.fastq.gz,https://ftp.sra.ebi.ac.uk/vol1/fastq/ERR122/024/ERR12218724/ERR12218724_2.fastq.gz
vmg-0162-ERR13718817,https://ftp.sra.ebi.ac.uk/vol1/fastq/ERR137/017/ERR13718817/ERR13718817_1.fastq.gz,https://ftp.sra.ebi.ac.uk/vol1/fastq/ERR137/017/ERR13718817/ERR13718817_2.fastq.gz
vmg-0163-ERR11894761,https://ftp.sra.ebi.ac.uk/vol1/fastq/ERR118/061/ERR11894761/ERR11894761_1.fastq.gz,https://ftp.sra.ebi.ac.uk/vol1/fastq/ERR118/061/ERR11894761/ERR11894761_2.fastq.gz
vmg-0164-DRR737854,https://ftp.sra.ebi.ac.uk/vol1/fastq/DRR737/DRR737854/DRR737854_1.fastq.gz,https://ftp.sra.ebi.ac.uk/vol1/fastq/DRR737/DRR737854/DRR737854_2.fastq.gz
vmg-0165-ERR14211003,https://ftp.sra.ebi.ac.uk/vol1/fastq/ERR142/003/ERR14211003/ERR14211003_1.fastq.gz,https://ftp.sra.ebi.ac.uk/vol1/fastq/ERR142/003/ERR14211003/ERR14211003_2.fastq.gz
vmg-0166-ERR3663023,https://ftp.sra.ebi.ac.uk/vol1/fastq/ERR366/003/ERR3663023/ERR3663023_1.fastq.gz,https://ftp.sra.ebi.ac.uk/vol1/fastq/ERR366/003/ERR3663023/ERR3663023_2.fastq.gz
vmg-0167-ERR12220447,https://ftp.sra.ebi.ac.uk/vol1/fastq/ERR122/047/ERR12220447/ERR12220447_1.fastq.gz,https://ftp.sra.ebi.ac.uk/vol1/fastq/ERR122/047/ERR12220447/ERR12220447_2.fastq.gz
vmg-0168-DRR735473,https://ftp.sra.ebi.ac.uk/vol1/fastq/DRR735/DRR735473/DRR735473_1.fastq.gz,https://ftp.sra.ebi.ac.uk/vol1/fastq/DRR735/DRR735473/DRR735473_2.fastq.gz
vmg-0169-ERR4407783,https://ftp.sra.ebi.ac.uk/vol1/fastq/ERR440/003/ERR4407783/ERR4407783_1.fastq.gz,https://ftp.sra.ebi.ac.uk/vol1/fastq/ERR440/003/ERR4407783/ERR4407783_2.fastq.gz
vmg-0170-ERR4503374,https://ftp.sra.ebi.ac.uk/vol1/fastq/ERR450/004/ERR4503374/ERR4503374_1.fastq.gz,https://ftp.sra.ebi.ac.uk/vol1/fastq/ERR450/004/ERR4503374/ERR4503374_2.fastq.gz
vmg-0171-DRR774223,https://ftp.sra.ebi.ac.uk/vol1/fastq/DRR774/DRR774223/DRR774223_1.fastq.gz,https://ftp.sra.ebi.ac.uk/vol1/fastq/DRR774/DRR774223/DRR774223_2.fastq.gz
vmg-0172-ERR14789457,https://ftp.sra.ebi.ac.uk/vol1/fastq/ERR147/057/ERR14789457/ERR14789457_1.fastq.gz,https://ftp.sra.ebi.ac.uk/vol1/fastq/ERR147/057/ERR14789457/ERR14789457_2.fastq.gz
vmg-0173-ERR15646568,https://ftp.sra.ebi.ac.uk/vol1/fastq/ERR156/068/ERR15646568/ERR15646568_1.fastq.gz,https://ftp.sra.ebi.ac.uk/vol1/fastq/ERR156/068/ERR15646568/ERR15646568_2.fastq.gz
vmg-0174-ERR11627312,https://ftp.sra.ebi.ac.uk/vol1/fastq/ERR116/012/ERR11627312/ERR11627312_1.fastq.gz,https://ftp.sra.ebi.ac.uk/vol1/fastq/ERR116/012/ERR11627312/ERR11627312_2.fastq.gz
vmg-0175-ERR12217835,https://ftp.sra.ebi.ac.uk/vol1/fastq/ERR122/035/ERR12217835/ERR12217835_1.fastq.gz,https://ftp.sra.ebi.ac.uk/vol1/fastq/ERR122/035/ERR12217835/ERR12217835_2.fastq.gz
vmg-0176-ERR13317886,https://ftp.sra.ebi.ac.uk/vol1/fastq/ERR133/086/ERR13317886/ERR13317886_1.fastq.gz,https://ftp.sra.ebi.ac.uk/vol1/fastq/ERR133/086/ERR13317886/ERR13317886_2.fastq.gz
vmg-0177-DRR820964,https://ftp.sra.ebi.ac.uk/vol1/fastq/DRR820/DRR820964/DRR820964_1.fastq.gz,https://ftp.sra.ebi.ac.uk/vol1/fastq/DRR820/DRR820964/DRR820964_2.fastq.gz
vmg-0178-ERR4503404,https://ftp.sra.ebi.ac.uk/vol1/fastq/ERR450/004/ERR4503404/ERR4503404_1.fastq.gz,https://ftp.sra.ebi.ac.uk/vol1/fastq/ERR450/004/ERR4503404/ERR4503404_2.fastq.gz
vmg-0179-ERR14783513,https://ftp.sra.ebi.ac.uk/vol1/fastq/ERR147/013/ERR14783513/ERR14783513_1.fastq.gz,https://ftp.sra.ebi.ac.uk/vol1/fastq/ERR147/013/ERR14783513/ERR14783513_2.fastq.gz
vmg-0180-DRR735498,https://ftp.sra.ebi.ac.uk/vol1/fastq/DRR735/DRR735498/DRR735498_1.fastq.gz,https://ftp.sra.ebi.ac.uk/vol1/fastq/DRR735/DRR735498/DRR735498_2.fastq.gz
vmg-0181-ERR16775591,https://ftp.sra.ebi.ac.uk/vol1/fastq/ERR167/091/ERR16775591/ERR16775591_1.fastq.gz,https://ftp.sra.ebi.ac.uk/vol1/fastq/ERR167/091/ERR16775591/ERR16775591_2.fastq.gz
vmg-0182-DRR735099,https://ftp.sra.ebi.ac.uk/vol1/fastq/DRR735/DRR735099/DRR735099_1.fastq.gz,https://ftp.sra.ebi.ac.uk/vol1/fastq/DRR735/DRR735099/DRR735099_2.fastq.gz
vmg-0183-ERR12032953,https://ftp.sra.ebi.ac.uk/vol1/fastq/ERR120/053/ERR12032953/ERR12032953_1.fastq.gz,https://ftp.sra.ebi.ac.uk/vol1/fastq/ERR120/053/ERR12032953/ERR12032953_2.fastq.gz
vmg-0184-ERR14211636,https://ftp.sra.ebi.ac.uk/vol1/fastq/ERR142/036/ERR14211636/ERR14211636_1.fastq.gz,https://ftp.sra.ebi.ac.uk/vol1/fastq/ERR142/036/ERR14211636/ERR14211636_2.fastq.gz
vmg-0185-ERR2182485,https://ftp.sra.ebi.ac.uk/vol1/fastq/ERR218/005/ERR2182485/ERR2182485_1.fastq.gz,https://ftp.sra.ebi.ac.uk/vol1/fastq/ERR218/005/ERR2182485/ERR2182485_2.fastq.gz
vmg-0186-ERR13061359,https://ftp.sra.ebi.ac.uk/vol1/fastq/ERR130/059/ERR13061359/ERR13061359_1.fastq.gz,https://ftp.sra.ebi.ac.uk/vol1/fastq/ERR130/059/ERR13061359/ERR13061359_2.fastq.gz
vmg-0187-ERR10749559,https://ftp.sra.ebi.ac.uk/vol1/fastq/ERR107/059/ERR10749559/ERR10749559_1.fastq.gz,https://ftp.sra.ebi.ac.uk/vol1/fastq/ERR107/059/ERR10749559/ERR10749559_2.fastq.gz
vmg-0188-ERR3956062,https://ftp.sra.ebi.ac.uk/vol1/fastq/ERR395/002/ERR3956062/ERR3956062_1.fastq.gz,https://ftp.sra.ebi.ac.uk/vol1/fastq/ERR395/002/ERR3956062/ERR3956062_2.fastq.gz
vmg-0189-ERR2611592,https://ftp.sra.ebi.ac.uk/vol1/fastq/ERR261/002/ERR2611592/ERR2611592_1.fastq.gz,https://ftp.sra.ebi.ac.uk/vol1/fastq/ERR261/002/ERR2611592/ERR2611592_2.fastq.gz
vmg-0190-ERR16010728,https://ftp.sra.ebi.ac.uk/vol1/fastq/ERR160/028/ERR16010728/ERR16010728_1.fastq.gz,https://ftp.sra.ebi.ac.uk/vol1/fastq/ERR160/028/ERR16010728/ERR16010728_2.fastq.gz
vmg-0191-ERR3955531,https://ftp.sra.ebi.ac.uk/vol1/fastq/ERR395/001/ERR3955531/ERR3955531_1.fastq.gz,https://ftp.sra.ebi.ac.uk/vol1/fastq/ERR395/001/ERR3955531/ERR3955531_2.fastq.gz
vmg-0192-ERR16908658,https://ftp.sra.ebi.ac.uk/vol1/fastq/ERR169/058/ERR16908658/ERR16908658_1.fastq.gz,https://ftp.sra.ebi.ac.uk/vol1/fastq/ERR169/058/ERR16908658/ERR16908658_2.fastq.gz
vmg-0193-ERR14195464,https://ftp.sra.ebi.ac.uk/vol1/fastq/ERR141/064/ERR14195464/ERR14195464_1.fastq.gz,https://ftp.sra.ebi.ac.uk/vol1/fastq/ERR141/064/ERR14195464/ERR14195464_2.fastq.gz
vmg-0194-ERR12812856,https://ftp.sra.ebi.ac.uk/vol1/fastq/ERR128/056/ERR12812856/ERR12812856_1.fastq.gz,https://ftp.sra.ebi.ac.uk/vol1/fastq/ERR128/056/ERR12812856/ERR12812856_2.fastq.gz
vmg-0195-DRR855810,https://ftp.sra.ebi.ac.uk/vol1/fastq/DRR855/DRR855810/DRR855810_1.fastq.gz,https://ftp.sra.ebi.ac.uk/vol1/fastq/DRR855/DRR855810/DRR855810_2.fastq.gz
vmg-0196-DRR817424,https://ftp.sra.ebi.ac.uk/vol1/fastq/DRR817/DRR817424/DRR817424_1.fastq.gz,https://ftp.sra.ebi.ac.uk/vol1/fastq/DRR817/DRR817424/DRR817424_2.fastq.gz
vmg-0197-ERR12217471,https://ftp.sra.ebi.ac.uk/vol1/fastq/ERR122/071/ERR12217471/ERR12217471_1.fastq.gz,https://ftp.sra.ebi.ac.uk/vol1/fastq/ERR122/071/ERR12217471/ERR12217471_2.fastq.gz
vmg-0198-ERR11627190,https://ftp.sra.ebi.ac.uk/vol1/fastq/ERR116/090/ERR11627190/ERR11627190_1.fastq.gz,https://ftp.sra.ebi.ac.uk/vol1/fastq/ERR116/090/ERR11627190/ERR11627190_2.fastq.gz
vmg-0199-ERR14195435,https://ftp.sra.ebi.ac.uk/vol1/fastq/ERR141/035/ERR14195435/ERR14195435_1.fastq.gz,https://ftp.sra.ebi.ac.uk/vol1/fastq/ERR141/035/ERR14195435/ERR14195435_2.fastq.gz
vmg-0200-ERR14211438,https://ftp.sra.ebi.ac.uk/vol1/fastq/ERR142/038/ERR14211438/ERR14211438_1.fastq.gz,https://ftp.sra.ebi.ac.uk/vol1/fastq/ERR142/038/ERR14211438/ERR14211438_2.fastq.gz
vmg-0201-ERR16710221,https://ftp.sra.ebi.ac.uk/vol1/fastq/ERR167/021/ERR16710221/ERR16710221_1.fastq.gz,https://ftp.sra.ebi.ac.uk/vol1/fastq/ERR167/021/ERR16710221/ERR16710221_2.fastq.gz
vmg-0202-ERR4503268,https://ftp.sra.ebi.ac.uk/vol1/fastq/ERR450/008/ERR4503268/ERR4503268_1.fastq.gz,https://ftp.sra.ebi.ac.uk/vol1/fastq/ERR450/008/ERR4503268/ERR4503268_2.fastq.gz
vmg-0203-ERR3769481,https://ftp.sra.ebi.ac.uk/vol1/fastq/ERR376/001/ERR3769481/ERR3769481_1.fastq.gz,https://ftp.sra.ebi.ac.uk/vol1/fastq/ERR376/001/ERR3769481/ERR3769481_2.fastq.gz
vmg-0204-ERR13061464,https://ftp.sra.ebi.ac.uk/vol1/fastq/ERR130/064/ERR13061464/ERR13061464_1.fastq.gz,https://ftp.sra.ebi.ac.uk/vol1/fastq/ERR130/064/ERR13061464/ERR13061464_2.fastq.gz
vmg-0205-ERR14044049,https://ftp.sra.ebi.ac.uk/vol1/fastq/ERR140/049/ERR14044049/ERR14044049_1.fastq.gz,https://ftp.sra.ebi.ac.uk/vol1/fastq/ERR140/049/ERR14044049/ERR14044049_2.fastq.gz
vmg-0206-DRR735080,https://ftp.sra.ebi.ac.uk/vol1/fastq/DRR735/DRR735080/DRR735080_1.fastq.gz,https://ftp.sra.ebi.ac.uk/vol1/fastq/DRR735/DRR735080/DRR735080_2.fastq.gz
vmg-0207-ERR16043809,https://ftp.sra.ebi.ac.uk/vol1/fastq/ERR160/009/ERR16043809/ERR16043809_1.fastq.gz,https://ftp.sra.ebi.ac.uk/vol1/fastq/ERR160/009/ERR16043809/ERR16043809_2.fastq.gz
vmg-0208-ERR14854420,https://ftp.sra.ebi.ac.uk/vol1/fastq/ERR148/020/ERR14854420/ERR14854420_1.fastq.gz,https://ftp.sra.ebi.ac.uk/vol1/fastq/ERR148/020/ERR14854420/ERR14854420_2.fastq.gz
vmg-0209-ERR10170053,https://ftp.sra.ebi.ac.uk/vol1/fastq/ERR101/053/ERR10170053/ERR10170053_1.fastq.gz,https://ftp.sra.ebi.ac.uk/vol1/fastq/ERR101/053/ERR10170053/ERR10170053_2.fastq.gz
vmg-0210-ERR4502469,https://ftp.sra.ebi.ac.uk/vol1/fastq/ERR450/009/ERR4502469/ERR4502469_1.fastq.gz,https://ftp.sra.ebi.ac.uk/vol1/fastq/ERR450/009/ERR4502469/ERR4502469_2.fastq.gz
vmg-0211-DRR735677,https://ftp.sra.ebi.ac.uk/vol1/fastq/DRR735/DRR735677/DRR735677_1.fastq.gz,https://ftp.sra.ebi.ac.uk/vol1/fastq/DRR735/DRR735677/DRR735677_2.fastq.gz
vmg-0212-ERR14789130,https://ftp.sra.ebi.ac.uk/vol1/fastq/ERR147/030/ERR14789130/ERR14789130_1.fastq.gz,https://ftp.sra.ebi.ac.uk/vol1/fastq/ERR147/030/ERR14789130/ERR14789130_2.fastq.gz
vmg-0213-ERR11020022,https://ftp.sra.ebi.ac.uk/vol1/fastq/ERR110/022/ERR11020022/ERR11020022_1.fastq.gz,https://ftp.sra.ebi.ac.uk/vol1/fastq/ERR110/022/ERR11020022/ERR11020022_2.fastq.gz
vmg-0214-ERR14801840,https://ftp.sra.ebi.ac.uk/vol1/fastq/ERR148/040/ERR14801840/ERR14801840_1.fastq.gz,https://ftp.sra.ebi.ac.uk/vol1/fastq/ERR148/040/ERR14801840/ERR14801840_2.fastq.gz
vmg-0215-ERR4503111,https://ftp.sra.ebi.ac.uk/vol1/fastq/ERR450/001/ERR4503111/ERR4503111_1.fastq.gz,https://ftp.sra.ebi.ac.uk/vol1/fastq/ERR450/001/ERR4503111/ERR4503111_2.fastq.gz
vmg-0216-ERR3179958,https://ftp.sra.ebi.ac.uk/vol1/fastq/ERR317/008/ERR3179958/ERR3179958_1.fastq.gz,https://ftp.sra.ebi.ac.uk/vol1/fastq/ERR317/008/ERR3179958/ERR3179958_2.fastq.gz
vmg-0217-ERR2611555,https://ftp.sra.ebi.ac.uk/vol1/fastq/ERR261/005/ERR2611555/ERR2611555_1.fastq.gz,https://ftp.sra.ebi.ac.uk/vol1/fastq/ERR261/005/ERR2611555/ERR2611555_2.fastq.gz
vmg-0218-DRR735085,https://ftp.sra.ebi.ac.uk/vol1/fastq/DRR735/DRR735085/DRR735085_1.fastq.gz,https://ftp.sra.ebi.ac.uk/vol1/fastq/DRR735/DRR735085/DRR735085_2.fastq.gz
vmg-0219-DRR735121,https://ftp.sra.ebi.ac.uk/vol1/fastq/DRR735/DRR735121/DRR735121_1.fastq.gz,https://ftp.sra.ebi.ac.uk/vol1/fastq/DRR735/DRR735121/DRR735121_2.fastq.gz
vmg-0220-DRR735687,https://ftp.sra.ebi.ac.uk/vol1/fastq/DRR735/DRR735687/DRR735687_1.fastq.gz,https://ftp.sra.ebi.ac.uk/vol1/fastq/DRR735/DRR735687/DRR735687_2.fastq.gz
vmg-0221-DRR858940,https://ftp.sra.ebi.ac.uk/vol1/fastq/DRR858/DRR858940/DRR858940_1.fastq.gz,https://ftp.sra.ebi.ac.uk/vol1/fastq/DRR858/DRR858940/DRR858940_2.fastq.gz
vmg-0222-ERR16729883,https://ftp.sra.ebi.ac.uk/vol1/fastq/ERR167/083/ERR16729883/ERR16729883_1.fastq.gz,https://ftp.sra.ebi.ac.uk/vol1/fastq/ERR167/083/ERR16729883/ERR16729883_2.fastq.gz
vmg-0223-ERR14195652,https://ftp.sra.ebi.ac.uk/vol1/fastq/ERR141/052/ERR14195652/ERR14195652_1.fastq.gz,https://ftp.sra.ebi.ac.uk/vol1/fastq/ERR141/052/ERR14195652/ERR14195652_2.fastq.gz
vmg-0224-ERR14211798,https://ftp.sra.ebi.ac.uk/vol1/fastq/ERR142/098/ERR14211798/ERR14211798_1.fastq.gz,https://ftp.sra.ebi.ac.uk/vol1/fastq/ERR142/098/ERR14211798/ERR14211798_2.fastq.gz
vmg-0225-ERR11627313,https://ftp.sra.ebi.ac.uk/vol1/fastq/ERR116/013/ERR11627313/ERR11627313_1.fastq.gz,https://ftp.sra.ebi.ac.uk/vol1/fastq/ERR116/013/ERR11627313/ERR11627313_2.fastq.gz
vmg-0226-DRR817431,https://ftp.sra.ebi.ac.uk/vol1/fastq/DRR817/DRR817431/DRR817431_1.fastq.gz,https://ftp.sra.ebi.ac.uk/vol1/fastq/DRR817/DRR817431/DRR817431_2.fastq.gz
vmg-0227-ERR12520470,https://ftp.sra.ebi.ac.uk/vol1/fastq/ERR125/070/ERR12520470/ERR12520470_1.fastq.gz,https://ftp.sra.ebi.ac.uk/vol1/fastq/ERR125/070/ERR12520470/ERR12520470_2.fastq.gz
vmg-0228-ERR4502869,https://ftp.sra.ebi.ac.uk/vol1/fastq/ERR450/009/ERR4502869/ERR4502869_1.fastq.gz,https://ftp.sra.ebi.ac.uk/vol1/fastq/ERR450/009/ERR4502869/ERR4502869_2.fastq.gz
vmg-0229-ERR2611501,https://ftp.sra.ebi.ac.uk/vol1/fastq/ERR261/001/ERR2611501/ERR2611501_1.fastq.gz,https://ftp.sra.ebi.ac.uk/vol1/fastq/ERR261/001/ERR2611501/ERR2611501_2.fastq.gz
vmg-0230-ERR2728805,https://ftp.sra.ebi.ac.uk/vol1/fastq/ERR272/005/ERR2728805/ERR2728805_1.fastq.gz,https://ftp.sra.ebi.ac.uk/vol1/fastq/ERR272/005/ERR2728805/ERR2728805_2.fastq.gz
vmg-0231-ERR2728847,https://ftp.sra.ebi.ac.uk/vol1/fastq/ERR272/007/ERR2728847/ERR2728847_1.fastq.gz,https://ftp.sra.ebi.ac.uk/vol1/fastq/ERR272/007/ERR2728847/ERR2728847_2.fastq.gz
vmg-0232-ERR4503298,https://ftp.sra.ebi.ac.uk/vol1/fastq/ERR450/008/ERR4503298/ERR4503298_1.fastq.gz,https://ftp.sra.ebi.ac.uk/vol1/fastq/ERR450/008/ERR4503298/ERR4503298_2.fastq.gz
vmg-0233-ERR2611499,https://ftp.sra.ebi.ac.uk/vol1/fastq/ERR261/009/ERR2611499/ERR2611499_1.fastq.gz,https://ftp.sra.ebi.ac.uk/vol1/fastq/ERR261/009/ERR2611499/ERR2611499_2.fastq.gz
vmg-0234-DRR735051,https://ftp.sra.ebi.ac.uk/vol1/fastq/DRR735/DRR735051/DRR735051_1.fastq.gz,https://ftp.sra.ebi.ac.uk/vol1/fastq/DRR735/DRR735051/DRR735051_2.fastq.gz
vmg-0235-DRR735662,https://ftp.sra.ebi.ac.uk/vol1/fastq/DRR735/DRR735662/DRR735662_1.fastq.gz,https://ftp.sra.ebi.ac.uk/vol1/fastq/DRR735/DRR735662/DRR735662_2.fastq.gz
vmg-0236-ERR12126383,https://ftp.sra.ebi.ac.uk/vol1/fastq/ERR121/083/ERR12126383/ERR12126383_1.fastq.gz,https://ftp.sra.ebi.ac.uk/vol1/fastq/ERR121/083/ERR12126383/ERR12126383_2.fastq.gz
vmg-0237-ERR14946293,https://ftp.sra.ebi.ac.uk/vol1/fastq/ERR149/093/ERR14946293/ERR14946293_1.fastq.gz,https://ftp.sra.ebi.ac.uk/vol1/fastq/ERR149/093/ERR14946293/ERR14946293_2.fastq.gz
vmg-0238-DRR735570,https://ftp.sra.ebi.ac.uk/vol1/fastq/DRR735/DRR735570/DRR735570_1.fastq.gz,https://ftp.sra.ebi.ac.uk/vol1/fastq/DRR735/DRR735570/DRR735570_2.fastq.gz
vmg-0239-ERR10898096,https://ftp.sra.ebi.ac.uk/vol1/fastq/ERR108/096/ERR10898096/ERR10898096_1.fastq.gz,https://ftp.sra.ebi.ac.uk/vol1/fastq/ERR108/096/ERR10898096/ERR10898096_2.fastq.gz
vmg-0240-ERR12419424,https://ftp.sra.ebi.ac.uk/vol1/fastq/ERR124/024/ERR12419424/ERR12419424_1.fastq.gz,https://ftp.sra.ebi.ac.uk/vol1/fastq/ERR124/024/ERR12419424/ERR12419424_2.fastq.gz
vmg-0241-DRR735220,https://ftp.sra.ebi.ac.uk/vol1/fastq/DRR735/DRR735220/DRR735220_1.fastq.gz,https://ftp.sra.ebi.ac.uk/vol1/fastq/DRR735/DRR735220/DRR735220_2.fastq.gz
vmg-0242-ERR16024450,https://ftp.sra.ebi.ac.uk/vol1/fastq/ERR160/050/ERR16024450/ERR16024450_1.fastq.gz,https://ftp.sra.ebi.ac.uk/vol1/fastq/ERR160/050/ERR16024450/ERR16024450_2.fastq.gz
vmg-0243-DRR735077,https://ftp.sra.ebi.ac.uk/vol1/fastq/DRR735/DRR735077/DRR735077_1.fastq.gz,https://ftp.sra.ebi.ac.uk/vol1/fastq/DRR735/DRR735077/DRR735077_2.fastq.gz
vmg-0244-DRR737849,https://ftp.sra.ebi.ac.uk/vol1/fastq/DRR737/DRR737849/DRR737849_1.fastq.gz,https://ftp.sra.ebi.ac.uk/vol1/fastq/DRR737/DRR737849/DRR737849_2.fastq.gz
vmg-0245-ERR15338266,https://ftp.sra.ebi.ac.uk/vol1/fastq/ERR153/066/ERR15338266/ERR15338266_1.fastq.gz,https://ftp.sra.ebi.ac.uk/vol1/fastq/ERR153/066/ERR15338266/ERR15338266_2.fastq.gz
vmg-0246-ERR11489686,https://ftp.sra.ebi.ac.uk/vol1/fastq/ERR114/086/ERR11489686/ERR11489686_1.fastq.gz,https://ftp.sra.ebi.ac.uk/vol1/fastq/ERR114/086/ERR11489686/ERR11489686_2.fastq.gz
vmg-0247-ERR14194733,https://ftp.sra.ebi.ac.uk/vol1/fastq/ERR141/033/ERR14194733/ERR14194733_1.fastq.gz,https://ftp.sra.ebi.ac.uk/vol1/fastq/ERR141/033/ERR14194733/ERR14194733_2.fastq.gz
vmg-0248-DRR735466,https://ftp.sra.ebi.ac.uk/vol1/fastq/DRR735/DRR735466/DRR735466_1.fastq.gz,https://ftp.sra.ebi.ac.uk/vol1/fastq/DRR735/DRR735466/DRR735466_2.fastq.gz
vmg-0249-ERR4502764,https://ftp.sra.ebi.ac.uk/vol1/fastq/ERR450/004/ERR4502764/ERR4502764_1.fastq.gz,https://ftp.sra.ebi.ac.uk/vol1/fastq/ERR450/004/ERR4502764/ERR4502764_2.fastq.gz
vmg-0250-ERR14194734,https://ftp.sra.ebi.ac.uk/vol1/fastq/ERR141/034/ERR14194734/ERR14194734_1.fastq.gz,https://ftp.sra.ebi.ac.uk/vol1/fastq/ERR141/034/ERR14194734/ERR14194734_2.fastq.gz
vmg-0251-ERR11627216,https://ftp.sra.ebi.ac.uk/vol1/fastq/ERR116/016/ERR11627216/ERR11627216_1.fastq.gz,https://ftp.sra.ebi.ac.uk/vol1/fastq/ERR116/016/ERR11627216/ERR11627216_2.fastq.gz
vmg-0252-ERR4181653,https://ftp.sra.ebi.ac.uk/vol1/fastq/ERR418/003/ERR4181653/ERR4181653_1.fastq.gz,https://ftp.sra.ebi.ac.uk/vol1/fastq/ERR418/003/ERR4181653/ERR4181653_2.fastq.gz
vmg-0253-ERR11832605,https://ftp.sra.ebi.ac.uk/vol1/fastq/ERR118/005/ERR11832605/ERR11832605_1.fastq.gz,https://ftp.sra.ebi.ac.uk/vol1/fastq/ERR118/005/ERR11832605/ERR11832605_2.fastq.gz
vmg-0254-ERR2244527,https://ftp.sra.ebi.ac.uk/vol1/fastq/ERR224/007/ERR2244527/ERR2244527_1.fastq.gz,https://ftp.sra.ebi.ac.uk/vol1/fastq/ERR224/007/ERR2244527/ERR2244527_2.fastq.gz
vmg-0255-ERR16010201,https://ftp.sra.ebi.ac.uk/vol1/fastq/ERR160/001/ERR16010201/ERR16010201_1.fastq.gz,https://ftp.sra.ebi.ac.uk/vol1/fastq/ERR160/001/ERR16010201/ERR16010201_2.fastq.gz
vmg-0256-ERR14210943,https://ftp.sra.ebi.ac.uk/vol1/fastq/ERR142/043/ERR14210943/ERR14210943_1.fastq.gz,https://ftp.sra.ebi.ac.uk/vol1/fastq/ERR142/043/ERR14210943/ERR14210943_2.fastq.gz
vmg-0257-ERR14194993,https://ftp.sra.ebi.ac.uk/vol1/fastq/ERR141/093/ERR14194993/ERR14194993_1.fastq.gz,https://ftp.sra.ebi.ac.uk/vol1/fastq/ERR141/093/ERR14194993/ERR14194993_2.fastq.gz
vmg-0258-ERR2728798,https://ftp.sra.ebi.ac.uk/vol1/fastq/ERR272/008/ERR2728798/ERR2728798_1.fastq.gz,https://ftp.sra.ebi.ac.uk/vol1/fastq/ERR272/008/ERR2728798/ERR2728798_2.fastq.gz
vmg-0259-ERR4503005,https://ftp.sra.ebi.ac.uk/vol1/fastq/ERR450/005/ERR4503005/ERR4503005_1.fastq.gz,https://ftp.sra.ebi.ac.uk/vol1/fastq/ERR450/005/ERR4503005/ERR4503005_2.fastq.gz
vmg-0260-ERR2728828,https://ftp.sra.ebi.ac.uk/vol1/fastq/ERR272/008/ERR2728828/ERR2728828_1.fastq.gz,https://ftp.sra.ebi.ac.uk/vol1/fastq/ERR272/008/ERR2728828/ERR2728828_2.fastq.gz
vmg-0261-ERR16003770,https://ftp.sra.ebi.ac.uk/vol1/fastq/ERR160/070/ERR16003770/ERR16003770_1.fastq.gz,https://ftp.sra.ebi.ac.uk/vol1/fastq/ERR160/070/ERR16003770/ERR16003770_2.fastq.gz
vmg-0262-DRR855817,https://ftp.sra.ebi.ac.uk/vol1/fastq/DRR855/DRR855817/DRR855817_1.fastq.gz,https://ftp.sra.ebi.ac.uk/vol1/fastq/DRR855/DRR855817/DRR855817_2.fastq.gz
vmg-0263-ERR15135504,https://ftp.sra.ebi.ac.uk/vol1/fastq/ERR151/004/ERR15135504/ERR15135504_1.fastq.gz,https://ftp.sra.ebi.ac.uk/vol1/fastq/ERR151/004/ERR15135504/ERR15135504_2.fastq.gz
vmg-0264-DRR737841,https://ftp.sra.ebi.ac.uk/vol1/fastq/DRR737/DRR737841/DRR737841_1.fastq.gz,https://ftp.sra.ebi.ac.uk/vol1/fastq/DRR737/DRR737841/DRR737841_2.fastq.gz
vmg-0265-ERR4502065,https://ftp.sra.ebi.ac.uk/vol1/fastq/ERR450/005/ERR4502065/ERR4502065_1.fastq.gz,https://ftp.sra.ebi.ac.uk/vol1/fastq/ERR450/005/ERR4502065/ERR4502065_2.fastq.gz
vmg-0266-DRR735076,https://ftp.sra.ebi.ac.uk/vol1/fastq/DRR735/DRR735076/DRR735076_1.fastq.gz,https://ftp.sra.ebi.ac.uk/vol1/fastq/DRR735/DRR735076/DRR735076_2.fastq.gz
vmg-0267-ERR16711417,https://ftp.sra.ebi.ac.uk/vol1/fastq/ERR167/017/ERR16711417/ERR16711417_1.fastq.gz,https://ftp.sra.ebi.ac.uk/vol1/fastq/ERR167/017/ERR16711417/ERR16711417_2.fastq.gz
vmg-0268-ERR12219200,https://ftp.sra.ebi.ac.uk/vol1/fastq/ERR122/000/ERR12219200/ERR12219200_1.fastq.gz,https://ftp.sra.ebi.ac.uk/vol1/fastq/ERR122/000/ERR12219200/ERR12219200_2.fastq.gz
vmg-0269-ERR16024253,https://ftp.sra.ebi.ac.uk/vol1/fastq/ERR160/053/ERR16024253/ERR16024253_1.fastq.gz,https://ftp.sra.ebi.ac.uk/vol1/fastq/ERR160/053/ERR16024253/ERR16024253_2.fastq.gz
vmg-0270-ERR14854270,https://ftp.sra.ebi.ac.uk/vol1/fastq/ERR148/070/ERR14854270/ERR14854270_1.fastq.gz,https://ftp.sra.ebi.ac.uk/vol1/fastq/ERR148/070/ERR14854270/ERR14854270_2.fastq.gz
vmg-0271-ERR2244506,https://ftp.sra.ebi.ac.uk/vol1/fastq/ERR224/006/ERR2244506/ERR2244506_1.fastq.gz,https://ftp.sra.ebi.ac.uk/vol1/fastq/ERR224/006/ERR2244506/ERR2244506_2.fastq.gz
vmg-0272-ERR14953714,https://ftp.sra.ebi.ac.uk/vol1/fastq/ERR149/014/ERR14953714/ERR14953714_1.fastq.gz,https://ftp.sra.ebi.ac.uk/vol1/fastq/ERR149/014/ERR14953714/ERR14953714_2.fastq.gz
vmg-0273-ERR14210958,https://ftp.sra.ebi.ac.uk/vol1/fastq/ERR142/058/ERR14210958/ERR14210958_1.fastq.gz,https://ftp.sra.ebi.ac.uk/vol1/fastq/ERR142/058/ERR14210958/ERR14210958_2.fastq.gz
vmg-0274-ERR13061357,https://ftp.sra.ebi.ac.uk/vol1/fastq/ERR130/057/ERR13061357/ERR13061357_1.fastq.gz,https://ftp.sra.ebi.ac.uk/vol1/fastq/ERR130/057/ERR13061357/ERR13061357_2.fastq.gz
vmg-0275-ERR3769479,https://ftp.sra.ebi.ac.uk/vol1/fastq/ERR376/009/ERR3769479/ERR3769479_1.fastq.gz,https://ftp.sra.ebi.ac.uk/vol1/fastq/ERR376/009/ERR3769479/ERR3769479_2.fastq.gz
vmg-0276-DRR737870,https://ftp.sra.ebi.ac.uk/vol1/fastq/DRR737/DRR737870/DRR737870_1.fastq.gz,https://ftp.sra.ebi.ac.uk/vol1/fastq/DRR737/DRR737870/DRR737870_2.fastq.gz
vmg-0277-ERR12828548,https://ftp.sra.ebi.ac.uk/vol1/fastq/ERR128/048/ERR12828548/ERR12828548_1.fastq.gz,https://ftp.sra.ebi.ac.uk/vol1/fastq/ERR128/048/ERR12828548/ERR12828548_2.fastq.gz
vmg-0278-ERR12379634,https://ftp.sra.ebi.ac.uk/vol1/fastq/ERR123/034/ERR12379634/ERR12379634_1.fastq.gz,https://ftp.sra.ebi.ac.uk/vol1/fastq/ERR123/034/ERR12379634/ERR12379634_2.fastq.gz
vmg-0279-DRR735067,https://ftp.sra.ebi.ac.uk/vol1/fastq/DRR735/DRR735067/DRR735067_1.fastq.gz,https://ftp.sra.ebi.ac.uk/vol1/fastq/DRR735/DRR735067/DRR735067_2.fastq.gz
vmg-0280-ERR11627208,https://ftp.sra.ebi.ac.uk/vol1/fastq/ERR116/008/ERR11627208/ERR11627208_1.fastq.gz,https://ftp.sra.ebi.ac.uk/vol1/fastq/ERR116/008/ERR11627208/ERR11627208_2.fastq.gz
vmg-0281-ERR10897909,https://ftp.sra.ebi.ac.uk/vol1/fastq/ERR108/009/ERR10897909/ERR10897909_1.fastq.gz,https://ftp.sra.ebi.ac.uk/vol1/fastq/ERR108/009/ERR10897909/ERR10897909_2.fastq.gz
vmg-0282-DRR735208,https://ftp.sra.ebi.ac.uk/vol1/fastq/DRR735/DRR735208/DRR735208_1.fastq.gz,https://ftp.sra.ebi.ac.uk/vol1/fastq/DRR735/DRR735208/DRR735208_2.fastq.gz
vmg-0283-DRR735131,https://ftp.sra.ebi.ac.uk/vol1/fastq/DRR735/DRR735131/DRR735131_1.fastq.gz,https://ftp.sra.ebi.ac.uk/vol1/fastq/DRR735/DRR735131/DRR735131_2.fastq.gz
vmg-0284-ERR10898040,https://ftp.sra.ebi.ac.uk/vol1/fastq/ERR108/040/ERR10898040/ERR10898040_1.fastq.gz,https://ftp.sra.ebi.ac.uk/vol1/fastq/ERR108/040/ERR10898040/ERR10898040_2.fastq.gz
vmg-0285-ERR13391329,https://ftp.sra.ebi.ac.uk/vol1/fastq/ERR133/029/ERR13391329/ERR13391329_1.fastq.gz,https://ftp.sra.ebi.ac.uk/vol1/fastq/ERR133/029/ERR13391329/ERR13391329_2.fastq.gz
vmg-0286-DRR735216,https://ftp.sra.ebi.ac.uk/vol1/fastq/DRR735/DRR735216/DRR735216_1.fastq.gz,https://ftp.sra.ebi.ac.uk/vol1/fastq/DRR735/DRR735216/DRR735216_2.fastq.gz
vmg-0287-ERR12555101,https://ftp.sra.ebi.ac.uk/vol1/fastq/ERR125/001/ERR12555101/ERR12555101_1.fastq.gz,https://ftp.sra.ebi.ac.uk/vol1/fastq/ERR125/001/ERR12555101/ERR12555101_2.fastq.gz
vmg-0288-ERR11627304,https://ftp.sra.ebi.ac.uk/vol1/fastq/ERR116/004/ERR11627304/ERR11627304_1.fastq.gz,https://ftp.sra.ebi.ac.uk/vol1/fastq/ERR116/004/ERR11627304/ERR11627304_2.fastq.gz
vmg-0289-ERR14802057,https://ftp.sra.ebi.ac.uk/vol1/fastq/ERR148/057/ERR14802057/ERR14802057_1.fastq.gz,https://ftp.sra.ebi.ac.uk/vol1/fastq/ERR148/057/ERR14802057/ERR14802057_2.fastq.gz
vmg-0290-DRR735101,https://ftp.sra.ebi.ac.uk/vol1/fastq/DRR735/DRR735101/DRR735101_1.fastq.gz,https://ftp.sra.ebi.ac.uk/vol1/fastq/DRR735/DRR735101/DRR735101_2.fastq.gz
vmg-0291-ERR4503326,https://ftp.sra.ebi.ac.uk/vol1/fastq/ERR450/006/ERR4503326/ERR4503326_1.fastq.gz,https://ftp.sra.ebi.ac.uk/vol1/fastq/ERR450/006/ERR4503326/ERR4503326_2.fastq.gz
vmg-0292-ERR16908583,https://ftp.sra.ebi.ac.uk/vol1/fastq/ERR169/083/ERR16908583/ERR16908583_1.fastq.gz,https://ftp.sra.ebi.ac.uk/vol1/fastq/ERR169/083/ERR16908583/ERR16908583_2.fastq.gz
vmg-0293-DRR737859,https://ftp.sra.ebi.ac.uk/vol1/fastq/DRR737/DRR737859/DRR737859_1.fastq.gz,https://ftp.sra.ebi.ac.uk/vol1/fastq/DRR737/DRR737859/DRR737859_2.fastq.gz
vmg-0294-ERR4502145,https://ftp.sra.ebi.ac.uk/vol1/fastq/ERR450/005/ERR4502145/ERR4502145_1.fastq.gz,https://ftp.sra.ebi.ac.uk/vol1/fastq/ERR450/005/ERR4502145/ERR4502145_2.fastq.gz
vmg-0295-ERR14195082,https://ftp.sra.ebi.ac.uk/vol1/fastq/ERR141/082/ERR14195082/ERR14195082_1.fastq.gz,https://ftp.sra.ebi.ac.uk/vol1/fastq/ERR141/082/ERR14195082/ERR14195082_2.fastq.gz
vmg-0296-DRR737848,https://ftp.sra.ebi.ac.uk/vol1/fastq/DRR737/DRR737848/DRR737848_1.fastq.gz,https://ftp.sra.ebi.ac.uk/vol1/fastq/DRR737/DRR737848/DRR737848_2.fastq.gz
vmg-0297-ERR12038312,https://ftp.sra.ebi.ac.uk/vol1/fastq/ERR120/012/ERR12038312/ERR12038312_1.fastq.gz,https://ftp.sra.ebi.ac.uk/vol1/fastq/ERR120/012/ERR12038312/ERR12038312_2.fastq.gz
vmg-0298-ERR13337460,https://ftp.sra.ebi.ac.uk/vol1/fastq/ERR133/060/ERR13337460/ERR13337460_1.fastq.gz,https://ftp.sra.ebi.ac.uk/vol1/fastq/ERR133/060/ERR13337460/ERR13337460_2.fastq.gz
vmg-0299-ERR13061442,https://ftp.sra.ebi.ac.uk/vol1/fastq/ERR130/042/ERR13061442/ERR13061442_1.fastq.gz,https://ftp.sra.ebi.ac.uk/vol1/fastq/ERR130/042/ERR13061442/ERR13061442_2.fastq.gz
vmg-0300-ERR14211123,https://ftp.sra.ebi.ac.uk/vol1/fastq/ERR142/023/ERR14211123/ERR14211123_1.fastq.gz,https://ftp.sra.ebi.ac.uk/vol1/fastq/ERR142/023/ERR14211123/ERR14211123_2.fastq.gz
vmg-0301-ERR14194977,https://ftp.sra.ebi.ac.uk/vol1/fastq/ERR141/077/ERR14194977/ERR14194977_1.fastq.gz,https://ftp.sra.ebi.ac.uk/vol1/fastq/ERR141/077/ERR14194977/ERR14194977_2.fastq.gz
vmg-0302-DRR735551,https://ftp.sra.ebi.ac.uk/vol1/fastq/DRR735/DRR735551/DRR735551_1.fastq.gz,https://ftp.sra.ebi.ac.uk/vol1/fastq/DRR735/DRR735551/DRR735551_2.fastq.gz
vmg-0303-DRR735153,https://ftp.sra.ebi.ac.uk/vol1/fastq/DRR735/DRR735153/DRR735153_1.fastq.gz,https://ftp.sra.ebi.ac.uk/vol1/fastq/DRR735/DRR735153/DRR735153_2.fastq.gz
vmg-0304-ERR4502126,https://ftp.sra.ebi.ac.uk/vol1/fastq/ERR450/006/ERR4502126/ERR4502126_1.fastq.gz,https://ftp.sra.ebi.ac.uk/vol1/fastq/ERR450/006/ERR4502126/ERR4502126_2.fastq.gz
vmg-0305-ERR11563285,https://ftp.sra.ebi.ac.uk/vol1/fastq/ERR115/085/ERR11563285/ERR11563285_1.fastq.gz,https://ftp.sra.ebi.ac.uk/vol1/fastq/ERR115/085/ERR11563285/ERR11563285_2.fastq.gz
vmg-0306-ERR12032846,https://ftp.sra.ebi.ac.uk/vol1/fastq/ERR120/046/ERR12032846/ERR12032846_1.fastq.gz,https://ftp.sra.ebi.ac.uk/vol1/fastq/ERR120/046/ERR12032846/ERR12032846_2.fastq.gz
vmg-0307-ERR10898308,https://ftp.sra.ebi.ac.uk/vol1/fastq/ERR108/008/ERR10898308/ERR10898308_1.fastq.gz,https://ftp.sra.ebi.ac.uk/vol1/fastq/ERR108/008/ERR10898308/ERR10898308_2.fastq.gz
vmg-0308-ERR14194962,https://ftp.sra.ebi.ac.uk/vol1/fastq/ERR141/062/ERR14194962/ERR14194962_1.fastq.gz,https://ftp.sra.ebi.ac.uk/vol1/fastq/ERR141/062/ERR14194962/ERR14194962_2.fastq.gz
vmg-0309-ERR3670875,https://ftp.sra.ebi.ac.uk/vol1/fastq/ERR367/005/ERR3670875/ERR3670875_1.fastq.gz,https://ftp.sra.ebi.ac.uk/vol1/fastq/ERR367/005/ERR3670875/ERR3670875_2.fastq.gz
vmg-0310-ERR16709803,https://ftp.sra.ebi.ac.uk/vol1/fastq/ERR167/003/ERR16709803/ERR16709803_1.fastq.gz,https://ftp.sra.ebi.ac.uk/vol1/fastq/ERR167/003/ERR16709803/ERR16709803_2.fastq.gz
vmg-0311-ERR3932431,https://ftp.sra.ebi.ac.uk/vol1/fastq/ERR393/001/ERR3932431/ERR3932431_1.fastq.gz,https://ftp.sra.ebi.ac.uk/vol1/fastq/ERR393/001/ERR3932431/ERR3932431_2.fastq.gz
vmg-0312-ERR13391570,https://ftp.sra.ebi.ac.uk/vol1/fastq/ERR133/070/ERR13391570/ERR13391570_1.fastq.gz,https://ftp.sra.ebi.ac.uk/vol1/fastq/ERR133/070/ERR13391570/ERR13391570_2.fastq.gz
vmg-0313-ERR11627185,https://ftp.sra.ebi.ac.uk/vol1/fastq/ERR116/085/ERR11627185/ERR11627185_1.fastq.gz,https://ftp.sra.ebi.ac.uk/vol1/fastq/ERR116/085/ERR11627185/ERR11627185_2.fastq.gz
vmg-0314-ERR4502708,https://ftp.sra.ebi.ac.uk/vol1/fastq/ERR450/008/ERR4502708/ERR4502708_1.fastq.gz,https://ftp.sra.ebi.ac.uk/vol1/fastq/ERR450/008/ERR4502708/ERR4502708_2.fastq.gz
vmg-0315-ERR2608600,https://ftp.sra.ebi.ac.uk/vol1/fastq/ERR260/000/ERR2608600/ERR2608600_1.fastq.gz,https://ftp.sra.ebi.ac.uk/vol1/fastq/ERR260/000/ERR2608600/ERR2608600_2.fastq.gz
vmg-0316-ERR15338002,https://ftp.sra.ebi.ac.uk/vol1/fastq/ERR153/002/ERR15338002/ERR15338002_1.fastq.gz,https://ftp.sra.ebi.ac.uk/vol1/fastq/ERR153/002/ERR15338002/ERR15338002_2.fastq.gz
vmg-0317-DRR735486,https://ftp.sra.ebi.ac.uk/vol1/fastq/DRR735/DRR735486/DRR735486_1.fastq.gz,https://ftp.sra.ebi.ac.uk/vol1/fastq/DRR735/DRR735486/DRR735486_2.fastq.gz
vmg-0318-ERR15728856,https://ftp.sra.ebi.ac.uk/vol1/fastq/ERR157/056/ERR15728856/ERR15728856_1.fastq.gz,https://ftp.sra.ebi.ac.uk/vol1/fastq/ERR157/056/ERR15728856/ERR15728856_2.fastq.gz
vmg-0319-ERR14211862,https://ftp.sra.ebi.ac.uk/vol1/fastq/ERR142/062/ERR14211862/ERR14211862_1.fastq.gz,https://ftp.sra.ebi.ac.uk/vol1/fastq/ERR142/062/ERR14211862/ERR14211862_2.fastq.gz
vmg-0320-ERR14195716,https://ftp.sra.ebi.ac.uk/vol1/fastq/ERR141/016/ERR14195716/ERR14195716_1.fastq.gz,https://ftp.sra.ebi.ac.uk/vol1/fastq/ERR141/016/ERR14195716/ERR14195716_2.fastq.gz
vmg-0321-ERR10677963,https://ftp.sra.ebi.ac.uk/vol1/fastq/ERR106/063/ERR10677963/ERR10677963_1.fastq.gz,https://ftp.sra.ebi.ac.uk/vol1/fastq/ERR106/063/ERR10677963/ERR10677963_2.fastq.gz
vmg-0322-ERR12217473,https://ftp.sra.ebi.ac.uk/vol1/fastq/ERR122/073/ERR12217473/ERR12217473_1.fastq.gz,https://ftp.sra.ebi.ac.uk/vol1/fastq/ERR122/073/ERR12217473/ERR12217473_2.fastq.gz
vmg-0323-ERR1953350,https://ftp.sra.ebi.ac.uk/vol1/fastq/ERR195/000/ERR1953350/ERR1953350_1.fastq.gz,https://ftp.sra.ebi.ac.uk/vol1/fastq/ERR195/000/ERR1953350/ERR1953350_2.fastq.gz
vmg-0324-ERR14195239,https://ftp.sra.ebi.ac.uk/vol1/fastq/ERR141/039/ERR14195239/ERR14195239_1.fastq.gz,https://ftp.sra.ebi.ac.uk/vol1/fastq/ERR141/039/ERR14195239/ERR14195239_2.fastq.gz
vmg-0325-ERR14211385,https://ftp.sra.ebi.ac.uk/vol1/fastq/ERR142/085/ERR14211385/ERR14211385_1.fastq.gz,https://ftp.sra.ebi.ac.uk/vol1/fastq/ERR142/085/ERR14211385/ERR14211385_2.fastq.gz
vmg-0326-DRR734883,https://ftp.sra.ebi.ac.uk/vol1/fastq/DRR734/DRR734883/DRR734883_1.fastq.gz,https://ftp.sra.ebi.ac.uk/vol1/fastq/DRR734/DRR734883/DRR734883_2.fastq.gz
vmg-0327-DRR735712,https://ftp.sra.ebi.ac.uk/vol1/fastq/DRR735/DRR735712/DRR735712_1.fastq.gz,https://ftp.sra.ebi.ac.uk/vol1/fastq/DRR735/DRR735712/DRR735712_2.fastq.gz
vmg-0328-ERR16721290,https://ftp.sra.ebi.ac.uk/vol1/fastq/ERR167/090/ERR16721290/ERR16721290_1.fastq.gz,https://ftp.sra.ebi.ac.uk/vol1/fastq/ERR167/090/ERR16721290/ERR16721290_2.fastq.gz
vmg-0329-ERR11019799,https://ftp.sra.ebi.ac.uk/vol1/fastq/ERR110/099/ERR11019799/ERR11019799_1.fastq.gz,https://ftp.sra.ebi.ac.uk/vol1/fastq/ERR110/099/ERR11019799/ERR11019799_2.fastq.gz
vmg-0330-ERR12220011,https://ftp.sra.ebi.ac.uk/vol1/fastq/ERR122/011/ERR12220011/ERR12220011_1.fastq.gz,https://ftp.sra.ebi.ac.uk/vol1/fastq/ERR122/011/ERR12220011/ERR12220011_2.fastq.gz
vmg-0331-ERR10880650,https://ftp.sra.ebi.ac.uk/vol1/fastq/ERR108/050/ERR10880650/ERR10880650_1.fastq.gz,https://ftp.sra.ebi.ac.uk/vol1/fastq/ERR108/050/ERR10880650/ERR10880650_2.fastq.gz
vmg-0332-DRR735280,https://ftp.sra.ebi.ac.uk/vol1/fastq/DRR735/DRR735280/DRR735280_1.fastq.gz,https://ftp.sra.ebi.ac.uk/vol1/fastq/DRR735/DRR735280/DRR735280_2.fastq.gz
vmg-0333-ERR11489534,https://ftp.sra.ebi.ac.uk/vol1/fastq/ERR114/034/ERR11489534/ERR11489534_1.fastq.gz,https://ftp.sra.ebi.ac.uk/vol1/fastq/ERR114/034/ERR11489534/ERR11489534_2.fastq.gz
vmg-0334-ERR14195618,https://ftp.sra.ebi.ac.uk/vol1/fastq/ERR141/018/ERR14195618/ERR14195618_1.fastq.gz,https://ftp.sra.ebi.ac.uk/vol1/fastq/ERR141/018/ERR14195618/ERR14195618_2.fastq.gz
vmg-0335-ERR12218825,https://ftp.sra.ebi.ac.uk/vol1/fastq/ERR122/025/ERR12218825/ERR12218825_1.fastq.gz,https://ftp.sra.ebi.ac.uk/vol1/fastq/ERR122/025/ERR12218825/ERR12218825_2.fastq.gz
vmg-0336-DRR735128,https://ftp.sra.ebi.ac.uk/vol1/fastq/DRR735/DRR735128/DRR735128_1.fastq.gz,https://ftp.sra.ebi.ac.uk/vol1/fastq/DRR735/DRR735128/DRR735128_2.fastq.gz
vmg-0337-ERR16711694,https://ftp.sra.ebi.ac.uk/vol1/fastq/ERR167/094/ERR16711694/ERR16711694_1.fastq.gz,https://ftp.sra.ebi.ac.uk/vol1/fastq/ERR167/094/ERR16711694/ERR16711694_2.fastq.gz
vmg-0338-ERR12520450,https://ftp.sra.ebi.ac.uk/vol1/fastq/ERR125/050/ERR12520450/ERR12520450_1.fastq.gz,https://ftp.sra.ebi.ac.uk/vol1/fastq/ERR125/050/ERR12520450/ERR12520450_2.fastq.gz
vmg-0339-DRR771731,https://ftp.sra.ebi.ac.uk/vol1/fastq/DRR771/DRR771731/DRR771731_1.fastq.gz,https://ftp.sra.ebi.ac.uk/vol1/fastq/DRR771/DRR771731/DRR771731_2.fastq.gz
vmg-0340-ERR14211539,https://ftp.sra.ebi.ac.uk/vol1/fastq/ERR142/039/ERR14211539/ERR14211539_1.fastq.gz,https://ftp.sra.ebi.ac.uk/vol1/fastq/ERR142/039/ERR14211539/ERR14211539_2.fastq.gz
vmg-0341-ERR14195393,https://ftp.sra.ebi.ac.uk/vol1/fastq/ERR141/093/ERR14195393/ERR14195393_1.fastq.gz,https://ftp.sra.ebi.ac.uk/vol1/fastq/ERR141/093/ERR14195393/ERR14195393_2.fastq.gz
vmg-0342-ERR11020373,https://ftp.sra.ebi.ac.uk/vol1/fastq/ERR110/073/ERR11020373/ERR11020373_1.fastq.gz,https://ftp.sra.ebi.ac.uk/vol1/fastq/ERR110/073/ERR11020373/ERR11020373_2.fastq.gz
vmg-0343-ERR14048560,https://ftp.sra.ebi.ac.uk/vol1/fastq/ERR140/060/ERR14048560/ERR14048560_1.fastq.gz,https://ftp.sra.ebi.ac.uk/vol1/fastq/ERR140/060/ERR14048560/ERR14048560_2.fastq.gz
vmg-0344-ERR16713255,https://ftp.sra.ebi.ac.uk/vol1/fastq/ERR167/055/ERR16713255/ERR16713255_1.fastq.gz,https://ftp.sra.ebi.ac.uk/vol1/fastq/ERR167/055/ERR16713255/ERR16713255_2.fastq.gz
vmg-0345-ERR13867579,https://ftp.sra.ebi.ac.uk/vol1/fastq/ERR138/079/ERR13867579/ERR13867579_1.fastq.gz,https://ftp.sra.ebi.ac.uk/vol1/fastq/ERR138/079/ERR13867579/ERR13867579_2.fastq.gz
vmg-0346-ERR14049209,https://ftp.sra.ebi.ac.uk/vol1/fastq/ERR140/009/ERR14049209/ERR14049209_1.fastq.gz,https://ftp.sra.ebi.ac.uk/vol1/fastq/ERR140/009/ERR14049209/ERR14049209_2.fastq.gz
vmg-0347-DRR735387,https://ftp.sra.ebi.ac.uk/vol1/fastq/DRR735/DRR735387/DRR735387_1.fastq.gz,https://ftp.sra.ebi.ac.uk/vol1/fastq/DRR735/DRR735387/DRR735387_2.fastq.gz
vmg-0348-ERR14854036,https://ftp.sra.ebi.ac.uk/vol1/fastq/ERR148/036/ERR14854036/ERR14854036_1.fastq.gz,https://ftp.sra.ebi.ac.uk/vol1/fastq/ERR148/036/ERR14854036/ERR14854036_2.fastq.gz
vmg-0349-ERR16719558,https://ftp.sra.ebi.ac.uk/vol1/fastq/ERR167/058/ERR16719558/ERR16719558_1.fastq.gz,https://ftp.sra.ebi.ac.uk/vol1/fastq/ERR167/058/ERR16719558/ERR16719558_2.fastq.gz
vmg-0350-DRR735609,https://ftp.sra.ebi.ac.uk/vol1/fastq/DRR735/DRR735609/DRR735609_1.fastq.gz,https://ftp.sra.ebi.ac.uk/vol1/fastq/DRR735/DRR735609/DRR735609_2.fastq.gz
vmg-0351-ERR15898349,https://ftp.sra.ebi.ac.uk/vol1/fastq/ERR158/049/ERR15898349/ERR15898349_1.fastq.gz,https://ftp.sra.ebi.ac.uk/vol1/fastq/ERR158/049/ERR15898349/ERR15898349_2.fastq.gz
vmg-0352-DRR820957,https://ftp.sra.ebi.ac.uk/vol1/fastq/DRR820/DRR820957/DRR820957_1.fastq.gz,https://ftp.sra.ebi.ac.uk/vol1/fastq/DRR820/DRR820957/DRR820957_2.fastq.gz
vmg-0353-ERR16712392,https://ftp.sra.ebi.ac.uk/vol1/fastq/ERR167/092/ERR16712392/ERR16712392_1.fastq.gz,https://ftp.sra.ebi.ac.uk/vol1/fastq/ERR167/092/ERR16712392/ERR16712392_2.fastq.gz
vmg-0354-ERR14211784,https://ftp.sra.ebi.ac.uk/vol1/fastq/ERR142/084/ERR14211784/ERR14211784_1.fastq.gz,https://ftp.sra.ebi.ac.uk/vol1/fastq/ERR142/084/ERR14211784/ERR14211784_2.fastq.gz
vmg-0355-ERR10677115,https://ftp.sra.ebi.ac.uk/vol1/fastq/ERR106/015/ERR10677115/ERR10677115_1.fastq.gz,https://ftp.sra.ebi.ac.uk/vol1/fastq/ERR106/015/ERR10677115/ERR10677115_2.fastq.gz
vmg-0356-ERR16709798,https://ftp.sra.ebi.ac.uk/vol1/fastq/ERR167/098/ERR16709798/ERR16709798_1.fastq.gz,https://ftp.sra.ebi.ac.uk/vol1/fastq/ERR167/098/ERR16709798/ERR16709798_2.fastq.gz
vmg-0357-ERR12520113,https://ftp.sra.ebi.ac.uk/vol1/fastq/ERR125/013/ERR12520113/ERR12520113_1.fastq.gz,https://ftp.sra.ebi.ac.uk/vol1/fastq/ERR125/013/ERR12520113/ERR12520113_2.fastq.gz
vmg-0358-ERR14211246,https://ftp.sra.ebi.ac.uk/vol1/fastq/ERR142/046/ERR14211246/ERR14211246_1.fastq.gz,https://ftp.sra.ebi.ac.uk/vol1/fastq/ERR142/046/ERR14211246/ERR14211246_2.fastq.gz
vmg-0359-ERR14789121,https://ftp.sra.ebi.ac.uk/vol1/fastq/ERR147/021/ERR14789121/ERR14789121_1.fastq.gz,https://ftp.sra.ebi.ac.uk/vol1/fastq/ERR147/021/ERR14789121/ERR14789121_2.fastq.gz
vmg-0360-ERR4502351,https://ftp.sra.ebi.ac.uk/vol1/fastq/ERR450/001/ERR4502351/ERR4502351_1.fastq.gz,https://ftp.sra.ebi.ac.uk/vol1/fastq/ERR450/001/ERR4502351/ERR4502351_2.fastq.gz
vmg-0361-ERR14953673,https://ftp.sra.ebi.ac.uk/vol1/fastq/ERR149/073/ERR14953673/ERR14953673_1.fastq.gz,https://ftp.sra.ebi.ac.uk/vol1/fastq/ERR149/073/ERR14953673/ERR14953673_2.fastq.gz
vmg-0362-ERR2728817,https://ftp.sra.ebi.ac.uk/vol1/fastq/ERR272/007/ERR2728817/ERR2728817_1.fastq.gz,https://ftp.sra.ebi.ac.uk/vol1/fastq/ERR272/007/ERR2728817/ERR2728817_2.fastq.gz
vmg-0363-ERR11019562,https://ftp.sra.ebi.ac.uk/vol1/fastq/ERR110/062/ERR11019562/ERR11019562_1.fastq.gz,https://ftp.sra.ebi.ac.uk/vol1/fastq/ERR110/062/ERR11019562/ERR11019562_2.fastq.gz
vmg-0364-ERR16730476,https://ftp.sra.ebi.ac.uk/vol1/fastq/ERR167/076/ERR16730476/ERR16730476_1.fastq.gz,https://ftp.sra.ebi.ac.uk/vol1/fastq/ERR167/076/ERR16730476/ERR16730476_2.fastq.gz
vmg-0365-ERR16711016,https://ftp.sra.ebi.ac.uk/vol1/fastq/ERR167/016/ERR16711016/ERR16711016_1.fastq.gz,https://ftp.sra.ebi.ac.uk/vol1/fastq/ERR167/016/ERR16711016/ERR16711016_2.fastq.gz
vmg-0366-DRR735367,https://ftp.sra.ebi.ac.uk/vol1/fastq/DRR735/DRR735367/DRR735367_1.fastq.gz,https://ftp.sra.ebi.ac.uk/vol1/fastq/DRR735/DRR735367/DRR735367_2.fastq.gz
vmg-0367-DRR858929,https://ftp.sra.ebi.ac.uk/vol1/fastq/DRR858/DRR858929/DRR858929_1.fastq.gz,https://ftp.sra.ebi.ac.uk/vol1/fastq/DRR858/DRR858929/DRR858929_2.fastq.gz
vmg-0368-ERR11456239,https://ftp.sra.ebi.ac.uk/vol1/fastq/ERR114/039/ERR11456239/ERR11456239_1.fastq.gz,https://ftp.sra.ebi.ac.uk/vol1/fastq/ERR114/039/ERR11456239/ERR11456239_2.fastq.gz
vmg-0369-ERR12220013,https://ftp.sra.ebi.ac.uk/vol1/fastq/ERR122/013/ERR12220013/ERR12220013_1.fastq.gz,https://ftp.sra.ebi.ac.uk/vol1/fastq/ERR122/013/ERR12220013/ERR12220013_2.fastq.gz
vmg-0370-ERR3682629,https://ftp.sra.ebi.ac.uk/vol1/fastq/ERR368/009/ERR3682629/ERR3682629_1.fastq.gz,https://ftp.sra.ebi.ac.uk/vol1/fastq/ERR368/009/ERR3682629/ERR3682629_2.fastq.gz
vmg-0371-ERR17459919,https://ftp.sra.ebi.ac.uk/vol1/fastq/ERR174/019/ERR17459919/ERR17459919_1.fastq.gz,https://ftp.sra.ebi.ac.uk/vol1/fastq/ERR174/019/ERR17459919/ERR17459919_2.fastq.gz
vmg-0372-ERR16724608,https://ftp.sra.ebi.ac.uk/vol1/fastq/ERR167/008/ERR16724608/ERR16724608_1.fastq.gz,https://ftp.sra.ebi.ac.uk/vol1/fastq/ERR167/008/ERR16724608/ERR16724608_2.fastq.gz
vmg-0373-ERR12220014,https://ftp.sra.ebi.ac.uk/vol1/fastq/ERR122/014/ERR12220014/ERR12220014_1.fastq.gz,https://ftp.sra.ebi.ac.uk/vol1/fastq/ERR122/014/ERR12220014/ERR12220014_2.fastq.gz
vmg-0374-ERR15135898,https://ftp.sra.ebi.ac.uk/vol1/fastq/ERR151/098/ERR15135898/ERR15135898_1.fastq.gz,https://ftp.sra.ebi.ac.uk/vol1/fastq/ERR151/098/ERR15135898/ERR15135898_2.fastq.gz
vmg-0375-ERR16710711,https://ftp.sra.ebi.ac.uk/vol1/fastq/ERR167/011/ERR16710711/ERR16710711_1.fastq.gz,https://ftp.sra.ebi.ac.uk/vol1/fastq/ERR167/011/ERR16710711/ERR16710711_2.fastq.gz
vmg-0376-DRR735355,https://ftp.sra.ebi.ac.uk/vol1/fastq/DRR735/DRR735355/DRR735355_1.fastq.gz,https://ftp.sra.ebi.ac.uk/vol1/fastq/DRR735/DRR735355/DRR735355_2.fastq.gz
vmg-0377-ERR10683303,https://ftp.sra.ebi.ac.uk/vol1/fastq/ERR106/003/ERR10683303/ERR10683303_1.fastq.gz,https://ftp.sra.ebi.ac.uk/vol1/fastq/ERR106/003/ERR10683303/ERR10683303_2.fastq.gz
vmg-0378-ERR10897696,https://ftp.sra.ebi.ac.uk/vol1/fastq/ERR108/096/ERR10897696/ERR10897696_1.fastq.gz,https://ftp.sra.ebi.ac.uk/vol1/fastq/ERR108/096/ERR10897696/ERR10897696_2.fastq.gz
vmg-0379-ERR13391510,https://ftp.sra.ebi.ac.uk/vol1/fastq/ERR133/010/ERR13391510/ERR13391510_1.fastq.gz,https://ftp.sra.ebi.ac.uk/vol1/fastq/ERR133/010/ERR13391510/ERR13391510_2.fastq.gz
vmg-0380-ERR15315418,https://ftp.sra.ebi.ac.uk/vol1/fastq/ERR153/018/ERR15315418/ERR15315418_1.fastq.gz,https://ftp.sra.ebi.ac.uk/vol1/fastq/ERR153/018/ERR15315418/ERR15315418_2.fastq.gz
vmg-0381-ERR12555293,https://ftp.sra.ebi.ac.uk/vol1/fastq/ERR125/093/ERR12555293/ERR12555293_1.fastq.gz,https://ftp.sra.ebi.ac.uk/vol1/fastq/ERR125/093/ERR12555293/ERR12555293_2.fastq.gz
vmg-0382-DRR737877,https://ftp.sra.ebi.ac.uk/vol1/fastq/DRR737/DRR737877/DRR737877_1.fastq.gz,https://ftp.sra.ebi.ac.uk/vol1/fastq/DRR737/DRR737877/DRR737877_2.fastq.gz
vmg-0383-DRR735664,https://ftp.sra.ebi.ac.uk/vol1/fastq/DRR735/DRR735664/DRR735664_1.fastq.gz,https://ftp.sra.ebi.ac.uk/vol1/fastq/DRR735/DRR735664/DRR735664_2.fastq.gz
vmg-0384-ERR10897697,https://ftp.sra.ebi.ac.uk/vol1/fastq/ERR108/097/ERR10897697/ERR10897697_1.fastq.gz,https://ftp.sra.ebi.ac.uk/vol1/fastq/ERR108/097/ERR10897697/ERR10897697_2.fastq.gz
vmg-0385-ERR10743880,https://ftp.sra.ebi.ac.uk/vol1/fastq/ERR107/080/ERR10743880/ERR10743880_1.fastq.gz,https://ftp.sra.ebi.ac.uk/vol1/fastq/ERR107/080/ERR10743880/ERR10743880_2.fastq.gz
vmg-0386-DRR735082,https://ftp.sra.ebi.ac.uk/vol1/fastq/DRR735/DRR735082/DRR735082_1.fastq.gz,https://ftp.sra.ebi.ac.uk/vol1/fastq/DRR735/DRR735082/DRR735082_2.fastq.gz
vmg-0387-ERR14121069,https://ftp.sra.ebi.ac.uk/vol1/fastq/ERR141/069/ERR14121069/ERR14121069_1.fastq.gz,https://ftp.sra.ebi.ac.uk/vol1/fastq/ERR141/069/ERR14121069/ERR14121069_2.fastq.gz
vmg-0388-ERR10213625,https://ftp.sra.ebi.ac.uk/vol1/fastq/ERR102/025/ERR10213625/ERR10213625_1.fastq.gz,https://ftp.sra.ebi.ac.uk/vol1/fastq/ERR102/025/ERR10213625/ERR10213625_2.fastq.gz
vmg-0389-ERR14946125,https://ftp.sra.ebi.ac.uk/vol1/fastq/ERR149/025/ERR14946125/ERR14946125_1.fastq.gz,https://ftp.sra.ebi.ac.uk/vol1/fastq/ERR149/025/ERR14946125/ERR14946125_2.fastq.gz
vmg-0390-DRR735459,https://ftp.sra.ebi.ac.uk/vol1/fastq/DRR735/DRR735459/DRR735459_1.fastq.gz,https://ftp.sra.ebi.ac.uk/vol1/fastq/DRR735/DRR735459/DRR735459_2.fastq.gz
vmg-0391-ERR14210872,https://ftp.sra.ebi.ac.uk/vol1/fastq/ERR142/072/ERR14210872/ERR14210872_1.fastq.gz,https://ftp.sra.ebi.ac.uk/vol1/fastq/ERR142/072/ERR14210872/ERR14210872_2.fastq.gz
vmg-0392-ERR4502514,https://ftp.sra.ebi.ac.uk/vol1/fastq/ERR450/004/ERR4502514/ERR4502514_1.fastq.gz,https://ftp.sra.ebi.ac.uk/vol1/fastq/ERR450/004/ERR4502514/ERR4502514_2.fastq.gz
vmg-0393-ERR10682653,https://ftp.sra.ebi.ac.uk/vol1/fastq/ERR106/053/ERR10682653/ERR10682653_1.fastq.gz,https://ftp.sra.ebi.ac.uk/vol1/fastq/ERR106/053/ERR10682653/ERR10682653_2.fastq.gz
vmg-0394-ERR13061367,https://ftp.sra.ebi.ac.uk/vol1/fastq/ERR130/067/ERR13061367/ERR13061367_1.fastq.gz,https://ftp.sra.ebi.ac.uk/vol1/fastq/ERR130/067/ERR13061367/ERR13061367_2.fastq.gz
vmg-0395-ERR15695921,https://ftp.sra.ebi.ac.uk/vol1/fastq/ERR156/021/ERR15695921/ERR15695921_1.fastq.gz,https://ftp.sra.ebi.ac.uk/vol1/fastq/ERR156/021/ERR15695921/ERR15695921_2.fastq.gz
vmg-0396-ERR4502645,https://ftp.sra.ebi.ac.uk/vol1/fastq/ERR450/005/ERR4502645/ERR4502645_1.fastq.gz,https://ftp.sra.ebi.ac.uk/vol1/fastq/ERR450/005/ERR4502645/ERR4502645_2.fastq.gz
vmg-0397-ERR12032933,https://ftp.sra.ebi.ac.uk/vol1/fastq/ERR120/033/ERR12032933/ERR12032933_1.fastq.gz,https://ftp.sra.ebi.ac.uk/vol1/fastq/ERR120/033/ERR12032933/ERR12032933_2.fastq.gz
vmg-0398-DRR735600,https://ftp.sra.ebi.ac.uk/vol1/fastq/DRR735/DRR735600/DRR735600_1.fastq.gz,https://ftp.sra.ebi.ac.uk/vol1/fastq/DRR735/DRR735600/DRR735600_2.fastq.gz
vmg-0399-DRR735253,https://ftp.sra.ebi.ac.uk/vol1/fastq/DRR735/DRR735253/DRR735253_1.fastq.gz,https://ftp.sra.ebi.ac.uk/vol1/fastq/DRR735/DRR735253/DRR735253_2.fastq.gz
vmg-0400-DRR735504,https://ftp.sra.ebi.ac.uk/vol1/fastq/DRR735/DRR735504/DRR735504_1.fastq.gz,https://ftp.sra.ebi.ac.uk/vol1/fastq/DRR735/DRR735504/DRR735504_2.fastq.gz
vmg-0401-ERR4575529,https://ftp.sra.ebi.ac.uk/vol1/fastq/ERR457/009/ERR4575529/ERR4575529_1.fastq.gz,https://ftp.sra.ebi.ac.uk/vol1/fastq/ERR457/009/ERR4575529/ERR4575529_2.fastq.gz
vmg-0402-ERR14211378,https://ftp.sra.ebi.ac.uk/vol1/fastq/ERR142/078/ERR14211378/ERR14211378_1.fastq.gz,https://ftp.sra.ebi.ac.uk/vol1/fastq/ERR142/078/ERR14211378/ERR14211378_2.fastq.gz
vmg-0403-DRR735561,https://ftp.sra.ebi.ac.uk/vol1/fastq/DRR735/DRR735561/DRR735561_1.fastq.gz,https://ftp.sra.ebi.ac.uk/vol1/fastq/DRR735/DRR735561/DRR735561_2.fastq.gz
vmg-0404-ERR11627264,https://ftp.sra.ebi.ac.uk/vol1/fastq/ERR116/064/ERR11627264/ERR11627264_1.fastq.gz,https://ftp.sra.ebi.ac.uk/vol1/fastq/ERR116/064/ERR11627264/ERR11627264_2.fastq.gz
vmg-0405-DRR735277,https://ftp.sra.ebi.ac.uk/vol1/fastq/DRR735/DRR735277/DRR735277_1.fastq.gz,https://ftp.sra.ebi.ac.uk/vol1/fastq/DRR735/DRR735277/DRR735277_2.fastq.gz
vmg-0406-DRR771732,https://ftp.sra.ebi.ac.uk/vol1/fastq/DRR771/DRR771732/DRR771732_1.fastq.gz,https://ftp.sra.ebi.ac.uk/vol1/fastq/DRR771/DRR771732/DRR771732_2.fastq.gz
vmg-0407-ERR17459714,https://ftp.sra.ebi.ac.uk/vol1/fastq/ERR174/014/ERR17459714/ERR17459714_1.fastq.gz,https://ftp.sra.ebi.ac.uk/vol1/fastq/ERR174/014/ERR17459714/ERR17459714_2.fastq.gz
vmg-0408-ERR12219778,https://ftp.sra.ebi.ac.uk/vol1/fastq/ERR122/078/ERR12219778/ERR12219778_1.fastq.gz,https://ftp.sra.ebi.ac.uk/vol1/fastq/ERR122/078/ERR12219778/ERR12219778_2.fastq.gz
vmg-0409-ERR14194753,https://ftp.sra.ebi.ac.uk/vol1/fastq/ERR141/053/ERR14194753/ERR14194753_1.fastq.gz,https://ftp.sra.ebi.ac.uk/vol1/fastq/ERR141/053/ERR14194753/ERR14194753_2.fastq.gz
vmg-0410-ERR17461403,https://ftp.sra.ebi.ac.uk/vol1/fastq/ERR174/003/ERR17461403/ERR17461403_1.fastq.gz,https://ftp.sra.ebi.ac.uk/vol1/fastq/ERR174/003/ERR17461403/ERR17461403_2.fastq.gz
vmg-0411-ERR16004217,https://ftp.sra.ebi.ac.uk/vol1/fastq/ERR160/017/ERR16004217/ERR16004217_1.fastq.gz,https://ftp.sra.ebi.ac.uk/vol1/fastq/ERR160/017/ERR16004217/ERR16004217_2.fastq.gz
vmg-0412-ERR11627297,https://ftp.sra.ebi.ac.uk/vol1/fastq/ERR116/097/ERR11627297/ERR11627297_1.fastq.gz,https://ftp.sra.ebi.ac.uk/vol1/fastq/ERR116/097/ERR11627297/ERR11627297_2.fastq.gz
vmg-0413-ERR16721505,https://ftp.sra.ebi.ac.uk/vol1/fastq/ERR167/005/ERR16721505/ERR16721505_1.fastq.gz,https://ftp.sra.ebi.ac.uk/vol1/fastq/ERR167/005/ERR16721505/ERR16721505_2.fastq.gz
vmg-0414-ERR14801814,https://ftp.sra.ebi.ac.uk/vol1/fastq/ERR148/014/ERR14801814/ERR14801814_1.fastq.gz,https://ftp.sra.ebi.ac.uk/vol1/fastq/ERR148/014/ERR14801814/ERR14801814_2.fastq.gz
vmg-0415-ERR13391489,https://ftp.sra.ebi.ac.uk/vol1/fastq/ERR133/089/ERR13391489/ERR13391489_1.fastq.gz,https://ftp.sra.ebi.ac.uk/vol1/fastq/ERR133/089/ERR13391489/ERR13391489_2.fastq.gz
vmg-0416-DRR735576,https://ftp.sra.ebi.ac.uk/vol1/fastq/DRR735/DRR735576/DRR735576_1.fastq.gz,https://ftp.sra.ebi.ac.uk/vol1/fastq/DRR735/DRR735576/DRR735576_2.fastq.gz
vmg-0417-DRR735119,https://ftp.sra.ebi.ac.uk/vol1/fastq/DRR735/DRR735119/DRR735119_1.fastq.gz,https://ftp.sra.ebi.ac.uk/vol1/fastq/DRR735/DRR735119/DRR735119_2.fastq.gz
vmg-0418-ERR14789115,https://ftp.sra.ebi.ac.uk/vol1/fastq/ERR147/015/ERR14789115/ERR14789115_1.fastq.gz,https://ftp.sra.ebi.ac.uk/vol1/fastq/ERR147/015/ERR14789115/ERR14789115_2.fastq.gz
vmg-0419-ERR14788936,https://ftp.sra.ebi.ac.uk/vol1/fastq/ERR147/036/ERR14788936/ERR14788936_1.fastq.gz,https://ftp.sra.ebi.ac.uk/vol1/fastq/ERR147/036/ERR14788936/ERR14788936_2.fastq.gz
vmg-0420-ERR16010781,https://ftp.sra.ebi.ac.uk/vol1/fastq/ERR160/081/ERR16010781/ERR16010781_1.fastq.gz,https://ftp.sra.ebi.ac.uk/vol1/fastq/ERR160/081/ERR16010781/ERR16010781_2.fastq.gz
vmg-0421-ERR10742956,https://ftp.sra.ebi.ac.uk/vol1/fastq/ERR107/056/ERR10742956/ERR10742956_1.fastq.gz,https://ftp.sra.ebi.ac.uk/vol1/fastq/ERR107/056/ERR10742956/ERR10742956_2.fastq.gz
vmg-0422-DRR735151,https://ftp.sra.ebi.ac.uk/vol1/fastq/DRR735/DRR735151/DRR735151_1.fastq.gz,https://ftp.sra.ebi.ac.uk/vol1/fastq/DRR735/DRR735151/DRR735151_2.fastq.gz
vmg-0423-DRR872363,https://ftp.sra.ebi.ac.uk/vol1/fastq/DRR872/DRR872363/DRR872363_1.fastq.gz,https://ftp.sra.ebi.ac.uk/vol1/fastq/DRR872/DRR872363/DRR872363_2.fastq.gz
vmg-0424-ERR12520584,https://ftp.sra.ebi.ac.uk/vol1/fastq/ERR125/084/ERR12520584/ERR12520584_1.fastq.gz,https://ftp.sra.ebi.ac.uk/vol1/fastq/ERR125/084/ERR12520584/ERR12520584_2.fastq.gz
vmg-0425-ERR16718790,https://ftp.sra.ebi.ac.uk/vol1/fastq/ERR167/090/ERR16718790/ERR16718790_1.fastq.gz,https://ftp.sra.ebi.ac.uk/vol1/fastq/ERR167/090/ERR16718790/ERR16718790_2.fastq.gz
vmg-0426-ERR12217710,https://ftp.sra.ebi.ac.uk/vol1/fastq/ERR122/010/ERR12217710/ERR12217710_1.fastq.gz,https://ftp.sra.ebi.ac.uk/vol1/fastq/ERR122/010/ERR12217710/ERR12217710_2.fastq.gz
vmg-0427-ERR11627266,https://ftp.sra.ebi.ac.uk/vol1/fastq/ERR116/066/ERR11627266/ERR11627266_1.fastq.gz,https://ftp.sra.ebi.ac.uk/vol1/fastq/ERR116/066/ERR11627266/ERR11627266_2.fastq.gz
vmg-0428-ERR11627248,https://ftp.sra.ebi.ac.uk/vol1/fastq/ERR116/048/ERR11627248/ERR11627248_1.fastq.gz,https://ftp.sra.ebi.ac.uk/vol1/fastq/ERR116/048/ERR11627248/ERR11627248_2.fastq.gz
vmg-0429-ERR16711683,https://ftp.sra.ebi.ac.uk/vol1/fastq/ERR167/083/ERR16711683/ERR16711683_1.fastq.gz,https://ftp.sra.ebi.ac.uk/vol1/fastq/ERR167/083/ERR16711683/ERR16711683_2.fastq.gz
vmg-0430-ERR12218823,https://ftp.sra.ebi.ac.uk/vol1/fastq/ERR122/023/ERR12218823/ERR12218823_1.fastq.gz,https://ftp.sra.ebi.ac.uk/vol1/fastq/ERR122/023/ERR12218823/ERR12218823_2.fastq.gz
vmg-0431-DRR735563,https://ftp.sra.ebi.ac.uk/vol1/fastq/DRR735/DRR735563/DRR735563_1.fastq.gz,https://ftp.sra.ebi.ac.uk/vol1/fastq/DRR735/DRR735563/DRR735563_2.fastq.gz
vmg-0432-DRR858931,https://ftp.sra.ebi.ac.uk/vol1/fastq/DRR858/DRR858931/DRR858931_1.fastq.gz,https://ftp.sra.ebi.ac.uk/vol1/fastq/DRR858/DRR858931/DRR858931_2.fastq.gz
vmg-0433-DRR858895,https://ftp.sra.ebi.ac.uk/vol1/fastq/DRR858/DRR858895/DRR858895_1.fastq.gz,https://ftp.sra.ebi.ac.uk/vol1/fastq/DRR858/DRR858895/DRR858895_2.fastq.gz
vmg-0434-DRR858924,https://ftp.sra.ebi.ac.uk/vol1/fastq/DRR858/DRR858924/DRR858924_1.fastq.gz,https://ftp.sra.ebi.ac.uk/vol1/fastq/DRR858/DRR858924/DRR858924_2.fastq.gz
vmg-0435-ERR12220009,https://ftp.sra.ebi.ac.uk/vol1/fastq/ERR122/009/ERR12220009/ERR12220009_1.fastq.gz,https://ftp.sra.ebi.ac.uk/vol1/fastq/ERR122/009/ERR12220009/ERR12220009_2.fastq.gz
vmg-0436-ERR16148391,https://ftp.sra.ebi.ac.uk/vol1/fastq/ERR161/091/ERR16148391/ERR16148391_1.fastq.gz,https://ftp.sra.ebi.ac.uk/vol1/fastq/ERR161/091/ERR16148391/ERR16148391_2.fastq.gz
vmg-0437-ERR12038320,https://ftp.sra.ebi.ac.uk/vol1/fastq/ERR120/020/ERR12038320/ERR12038320_1.fastq.gz,https://ftp.sra.ebi.ac.uk/vol1/fastq/ERR120/020/ERR12038320/ERR12038320_2.fastq.gz
vmg-0438-DRR735186,https://ftp.sra.ebi.ac.uk/vol1/fastq/DRR735/DRR735186/DRR735186_1.fastq.gz,https://ftp.sra.ebi.ac.uk/vol1/fastq/DRR735/DRR735186/DRR735186_2.fastq.gz
vmg-0439-ERR14195718,https://ftp.sra.ebi.ac.uk/vol1/fastq/ERR141/018/ERR14195718/ERR14195718_1.fastq.gz,https://ftp.sra.ebi.ac.uk/vol1/fastq/ERR141/018/ERR14195718/ERR14195718_2.fastq.gz
vmg-0440-DRR735361,https://ftp.sra.ebi.ac.uk/vol1/fastq/DRR735/DRR735361/DRR735361_1.fastq.gz,https://ftp.sra.ebi.ac.uk/vol1/fastq/DRR735/DRR735361/DRR735361_2.fastq.gz
vmg-0441-ERR16011294,https://ftp.sra.ebi.ac.uk/vol1/fastq/ERR160/094/ERR16011294/ERR16011294_1.fastq.gz,https://ftp.sra.ebi.ac.uk/vol1/fastq/ERR160/094/ERR16011294/ERR16011294_2.fastq.gz
vmg-0442-ERR14853868,https://ftp.sra.ebi.ac.uk/vol1/fastq/ERR148/068/ERR14853868/ERR14853868_1.fastq.gz,https://ftp.sra.ebi.ac.uk/vol1/fastq/ERR148/068/ERR14853868/ERR14853868_2.fastq.gz
vmg-0443-ERR11669289,https://ftp.sra.ebi.ac.uk/vol1/fastq/ERR116/089/ERR11669289/ERR11669289_1.fastq.gz,https://ftp.sra.ebi.ac.uk/vol1/fastq/ERR116/089/ERR11669289/ERR11669289_2.fastq.gz
vmg-0444-ERR15114830,https://ftp.sra.ebi.ac.uk/vol1/fastq/ERR151/030/ERR15114830/ERR15114830_1.fastq.gz,https://ftp.sra.ebi.ac.uk/vol1/fastq/ERR151/030/ERR15114830/ERR15114830_2.fastq.gz
vmg-0445-ERR14802623,https://ftp.sra.ebi.ac.uk/vol1/fastq/ERR148/023/ERR14802623/ERR14802623_1.fastq.gz,https://ftp.sra.ebi.ac.uk/vol1/fastq/ERR148/023/ERR14802623/ERR14802623_2.fastq.gz
vmg-0446-ERR4503362,https://ftp.sra.ebi.ac.uk/vol1/fastq/ERR450/002/ERR4503362/ERR4503362_1.fastq.gz,https://ftp.sra.ebi.ac.uk/vol1/fastq/ERR450/002/ERR4503362/ERR4503362_2.fastq.gz
vmg-0447-ERR10742728,https://ftp.sra.ebi.ac.uk/vol1/fastq/ERR107/028/ERR10742728/ERR10742728_1.fastq.gz,https://ftp.sra.ebi.ac.uk/vol1/fastq/ERR107/028/ERR10742728/ERR10742728_2.fastq.gz
vmg-0448-DRR735229,https://ftp.sra.ebi.ac.uk/vol1/fastq/DRR735/DRR735229/DRR735229_1.fastq.gz,https://ftp.sra.ebi.ac.uk/vol1/fastq/DRR735/DRR735229/DRR735229_2.fastq.gz
vmg-0449-ERR2728751,https://ftp.sra.ebi.ac.uk/vol1/fastq/ERR272/001/ERR2728751/ERR2728751_1.fastq.gz,https://ftp.sra.ebi.ac.uk/vol1/fastq/ERR272/001/ERR2728751/ERR2728751_2.fastq.gz
vmg-0450-ERR12217673,https://ftp.sra.ebi.ac.uk/vol1/fastq/ERR122/073/ERR12217673/ERR12217673_1.fastq.gz,https://ftp.sra.ebi.ac.uk/vol1/fastq/ERR122/073/ERR12217673/ERR12217673_2.fastq.gz
vmg-0451-ERR2863526,https://ftp.sra.ebi.ac.uk/vol1/fastq/ERR286/006/ERR2863526/ERR2863526_1.fastq.gz,https://ftp.sra.ebi.ac.uk/vol1/fastq/ERR286/006/ERR2863526/ERR2863526_2.fastq.gz
vmg-0452-ERR14210972,https://ftp.sra.ebi.ac.uk/vol1/fastq/ERR142/072/ERR14210972/ERR14210972_1.fastq.gz,https://ftp.sra.ebi.ac.uk/vol1/fastq/ERR142/072/ERR14210972/ERR14210972_2.fastq.gz
vmg-0453-DRR737861,https://ftp.sra.ebi.ac.uk/vol1/fastq/DRR737/DRR737861/DRR737861_1.fastq.gz,https://ftp.sra.ebi.ac.uk/vol1/fastq/DRR737/DRR737861/DRR737861_2.fastq.gz
vmg-0454-ERR13061441,https://ftp.sra.ebi.ac.uk/vol1/fastq/ERR130/041/ERR13061441/ERR13061441_1.fastq.gz,https://ftp.sra.ebi.ac.uk/vol1/fastq/ERR130/041/ERR13061441/ERR13061441_2.fastq.gz
vmg-0455-ERR11831053,https://ftp.sra.ebi.ac.uk/vol1/fastq/ERR118/053/ERR11831053/ERR11831053_1.fastq.gz,https://ftp.sra.ebi.ac.uk/vol1/fastq/ERR118/053/ERR11831053/ERR11831053_2.fastq.gz
vmg-0456-ERR11489445,https://ftp.sra.ebi.ac.uk/vol1/fastq/ERR114/045/ERR11489445/ERR11489445_1.fastq.gz,https://ftp.sra.ebi.ac.uk/vol1/fastq/ERR114/045/ERR11489445/ERR11489445_2.fastq.gz
vmg-0457-ERR14049338,https://ftp.sra.ebi.ac.uk/vol1/fastq/ERR140/038/ERR14049338/ERR14049338_1.fastq.gz,https://ftp.sra.ebi.ac.uk/vol1/fastq/ERR140/038/ERR14049338/ERR14049338_2.fastq.gz
vmg-0458-DRR734901,https://ftp.sra.ebi.ac.uk/vol1/fastq/DRR734/DRR734901/DRR734901_1.fastq.gz,https://ftp.sra.ebi.ac.uk/vol1/fastq/DRR734/DRR734901/DRR734901_2.fastq.gz
vmg-0459-DRR858854,https://ftp.sra.ebi.ac.uk/vol1/fastq/DRR858/DRR858854/DRR858854_1.fastq.gz,https://ftp.sra.ebi.ac.uk/vol1/fastq/DRR858/DRR858854/DRR858854_2.fastq.gz
vmg-0460-ERR13061467,https://ftp.sra.ebi.ac.uk/vol1/fastq/ERR130/067/ERR13061467/ERR13061467_1.fastq.gz,https://ftp.sra.ebi.ac.uk/vol1/fastq/ERR130/067/ERR13061467/ERR13061467_2.fastq.gz
vmg-0461-ERR16055820,https://ftp.sra.ebi.ac.uk/vol1/fastq/ERR160/020/ERR16055820/ERR16055820_1.fastq.gz,https://ftp.sra.ebi.ac.uk/vol1/fastq/ERR160/020/ERR16055820/ERR16055820_2.fastq.gz
vmg-0462-ERR13583528,https://ftp.sra.ebi.ac.uk/vol1/fastq/ERR135/028/ERR13583528/ERR13583528_1.fastq.gz,https://ftp.sra.ebi.ac.uk/vol1/fastq/ERR135/028/ERR13583528/ERR13583528_2.fastq.gz
vmg-0463-DRR858941,https://ftp.sra.ebi.ac.uk/vol1/fastq/DRR858/DRR858941/DRR858941_1.fastq.gz,https://ftp.sra.ebi.ac.uk/vol1/fastq/DRR858/DRR858941/DRR858941_2.fastq.gz
vmg-0464-ERR16908472,https://ftp.sra.ebi.ac.uk/vol1/fastq/ERR169/072/ERR16908472/ERR16908472_1.fastq.gz,https://ftp.sra.ebi.ac.uk/vol1/fastq/ERR169/072/ERR16908472/ERR16908472_2.fastq.gz
vmg-0465-ERR11627296,https://ftp.sra.ebi.ac.uk/vol1/fastq/ERR116/096/ERR11627296/ERR11627296_1.fastq.gz,https://ftp.sra.ebi.ac.uk/vol1/fastq/ERR116/096/ERR11627296/ERR11627296_2.fastq.gz
vmg-0466-ERR14211143,https://ftp.sra.ebi.ac.uk/vol1/fastq/ERR142/043/ERR14211143/ERR14211143_1.fastq.gz,https://ftp.sra.ebi.ac.uk/vol1/fastq/ERR142/043/ERR14211143/ERR14211143_2.fastq.gz
vmg-0467-ERR14789093,https://ftp.sra.ebi.ac.uk/vol1/fastq/ERR147/093/ERR14789093/ERR14789093_1.fastq.gz,https://ftp.sra.ebi.ac.uk/vol1/fastq/ERR147/093/ERR14789093/ERR14789093_2.fastq.gz
vmg-0468-ERR12217712,https://ftp.sra.ebi.ac.uk/vol1/fastq/ERR122/012/ERR12217712/ERR12217712_1.fastq.gz,https://ftp.sra.ebi.ac.uk/vol1/fastq/ERR122/012/ERR12217712/ERR12217712_2.fastq.gz
vmg-0469-ERR13337449,https://ftp.sra.ebi.ac.uk/vol1/fastq/ERR133/049/ERR13337449/ERR13337449_1.fastq.gz,https://ftp.sra.ebi.ac.uk/vol1/fastq/ERR133/049/ERR13337449/ERR13337449_2.fastq.gz
vmg-0470-ERR15135509,https://ftp.sra.ebi.ac.uk/vol1/fastq/ERR151/009/ERR15135509/ERR15135509_1.fastq.gz,https://ftp.sra.ebi.ac.uk/vol1/fastq/ERR151/009/ERR15135509/ERR15135509_2.fastq.gz
vmg-0471-ERR2611533,https://ftp.sra.ebi.ac.uk/vol1/fastq/ERR261/003/ERR2611533/ERR2611533_1.fastq.gz,https://ftp.sra.ebi.ac.uk/vol1/fastq/ERR261/003/ERR2611533/ERR2611533_2.fastq.gz
vmg-0472-DRR858853,https://ftp.sra.ebi.ac.uk/vol1/fastq/DRR858/DRR858853/DRR858853_1.fastq.gz,https://ftp.sra.ebi.ac.uk/vol1/fastq/DRR858/DRR858853/DRR858853_2.fastq.gz
vmg-0473-ERR17461581,https://ftp.sra.ebi.ac.uk/vol1/fastq/ERR174/081/ERR17461581/ERR17461581_1.fastq.gz,https://ftp.sra.ebi.ac.uk/vol1/fastq/ERR174/081/ERR17461581/ERR17461581_2.fastq.gz
vmg-0474-DRR858921,https://ftp.sra.ebi.ac.uk/vol1/fastq/DRR858/DRR858921/DRR858921_1.fastq.gz,https://ftp.sra.ebi.ac.uk/vol1/fastq/DRR858/DRR858921/DRR858921_2.fastq.gz
vmg-0475-ERR16764716,https://ftp.sra.ebi.ac.uk/vol1/fastq/ERR167/016/ERR16764716/ERR16764716_1.fastq.gz,https://ftp.sra.ebi.ac.uk/vol1/fastq/ERR167/016/ERR16764716/ERR16764716_2.fastq.gz
vmg-0476-DRR858860,https://ftp.sra.ebi.ac.uk/vol1/fastq/DRR858/DRR858860/DRR858860_1.fastq.gz,https://ftp.sra.ebi.ac.uk/vol1/fastq/DRR858/DRR858860/DRR858860_2.fastq.gz
vmg-0477-ERR14195477,https://ftp.sra.ebi.ac.uk/vol1/fastq/ERR141/077/ERR14195477/ERR14195477_1.fastq.gz,https://ftp.sra.ebi.ac.uk/vol1/fastq/ERR141/077/ERR14195477/ERR14195477_2.fastq.gz
vmg-0478-ERR12555226,https://ftp.sra.ebi.ac.uk/vol1/fastq/ERR125/026/ERR12555226/ERR12555226_1.fastq.gz,https://ftp.sra.ebi.ac.uk/vol1/fastq/ERR125/026/ERR12555226/ERR12555226_2.fastq.gz
vmg-0479-DRR734907,https://ftp.sra.ebi.ac.uk/vol1/fastq/DRR734/DRR734907/DRR734907_1.fastq.gz,https://ftp.sra.ebi.ac.uk/vol1/fastq/DRR734/DRR734907/DRR734907_2.fastq.gz
vmg-0480-ERR4503426,https://ftp.sra.ebi.ac.uk/vol1/fastq/ERR450/006/ERR4503426/ERR4503426_1.fastq.gz,https://ftp.sra.ebi.ac.uk/vol1/fastq/ERR450/006/ERR4503426/ERR4503426_2.fastq.gz
vmg-0481-ERR10682995,https://ftp.sra.ebi.ac.uk/vol1/fastq/ERR106/095/ERR10682995/ERR10682995_1.fastq.gz,https://ftp.sra.ebi.ac.uk/vol1/fastq/ERR106/095/ERR10682995/ERR10682995_2.fastq.gz
vmg-0482-ERR16720385,https://ftp.sra.ebi.ac.uk/vol1/fastq/ERR167/085/ERR16720385/ERR16720385_1.fastq.gz,https://ftp.sra.ebi.ac.uk/vol1/fastq/ERR167/085/ERR16720385/ERR16720385_2.fastq.gz
vmg-0483-ERR16710847,https://ftp.sra.ebi.ac.uk/vol1/fastq/ERR167/047/ERR16710847/ERR16710847_1.fastq.gz,https://ftp.sra.ebi.ac.uk/vol1/fastq/ERR167/047/ERR16710847/ERR16710847_2.fastq.gz
vmg-0484-ERR12219120,https://ftp.sra.ebi.ac.uk/vol1/fastq/ERR122/020/ERR12219120/ERR12219120_1.fastq.gz,https://ftp.sra.ebi.ac.uk/vol1/fastq/ERR122/020/ERR12219120/ERR12219120_2.fastq.gz
vmg-0485-ERR3682692,https://ftp.sra.ebi.ac.uk/vol1/fastq/ERR368/002/ERR3682692/ERR3682692_1.fastq.gz,https://ftp.sra.ebi.ac.uk/vol1/fastq/ERR368/002/ERR3682692/ERR3682692_2.fastq.gz
vmg-0486-ERR11627234,https://ftp.sra.ebi.ac.uk/vol1/fastq/ERR116/034/ERR11627234/ERR11627234_1.fastq.gz,https://ftp.sra.ebi.ac.uk/vol1/fastq/ERR116/034/ERR11627234/ERR11627234_2.fastq.gz
vmg-0487-DRR858923,https://ftp.sra.ebi.ac.uk/vol1/fastq/DRR858/DRR858923/DRR858923_1.fastq.gz,https://ftp.sra.ebi.ac.uk/vol1/fastq/DRR858/DRR858923/DRR858923_2.fastq.gz
vmg-0488-ERR2611552,https://ftp.sra.ebi.ac.uk/vol1/fastq/ERR261/002/ERR2611552/ERR2611552_1.fastq.gz,https://ftp.sra.ebi.ac.uk/vol1/fastq/ERR261/002/ERR2611552/ERR2611552_2.fastq.gz
vmg-0489-ERR4502967,https://ftp.sra.ebi.ac.uk/vol1/fastq/ERR450/007/ERR4502967/ERR4502967_1.fastq.gz,https://ftp.sra.ebi.ac.uk/vol1/fastq/ERR450/007/ERR4502967/ERR4502967_2.fastq.gz
vmg-0490-ERR10677949,https://ftp.sra.ebi.ac.uk/vol1/fastq/ERR106/049/ERR10677949/ERR10677949_1.fastq.gz,https://ftp.sra.ebi.ac.uk/vol1/fastq/ERR106/049/ERR10677949/ERR10677949_2.fastq.gz
vmg-0491-ERR16044892,https://ftp.sra.ebi.ac.uk/vol1/fastq/ERR160/092/ERR16044892/ERR16044892_1.fastq.gz,https://ftp.sra.ebi.ac.uk/vol1/fastq/ERR160/092/ERR16044892/ERR16044892_2.fastq.gz
vmg-0492-ERR14946161,https://ftp.sra.ebi.ac.uk/vol1/fastq/ERR149/061/ERR14946161/ERR14946161_1.fastq.gz,https://ftp.sra.ebi.ac.uk/vol1/fastq/ERR149/061/ERR14946161/ERR14946161_2.fastq.gz
vmg-0493-DRR735548,https://ftp.sra.ebi.ac.uk/vol1/fastq/DRR735/DRR735548/DRR735548_1.fastq.gz,https://ftp.sra.ebi.ac.uk/vol1/fastq/DRR735/DRR735548/DRR735548_2.fastq.gz
vmg-0494-ERR15136061,https://ftp.sra.ebi.ac.uk/vol1/fastq/ERR151/061/ERR15136061/ERR15136061_1.fastq.gz,https://ftp.sra.ebi.ac.uk/vol1/fastq/ERR151/061/ERR15136061/ERR15136061_2.fastq.gz
vmg-0495-ERR2611646,https://ftp.sra.ebi.ac.uk/vol1/fastq/ERR261/006/ERR2611646/ERR2611646_1.fastq.gz,https://ftp.sra.ebi.ac.uk/vol1/fastq/ERR261/006/ERR2611646/ERR2611646_2.fastq.gz
vmg-0496-ERR11627267,https://ftp.sra.ebi.ac.uk/vol1/fastq/ERR116/067/ERR11627267/ERR11627267_1.fastq.gz,https://ftp.sra.ebi.ac.uk/vol1/fastq/ERR116/067/ERR11627267/ERR11627267_2.fastq.gz
vmg-0497-ERR4181691,https://ftp.sra.ebi.ac.uk/vol1/fastq/ERR418/001/ERR4181691/ERR4181691_1.fastq.gz,https://ftp.sra.ebi.ac.uk/vol1/fastq/ERR418/001/ERR4181691/ERR4181691_2.fastq.gz
vmg-0498-ERR12220010,https://ftp.sra.ebi.ac.uk/vol1/fastq/ERR122/010/ERR12220010/ERR12220010_1.fastq.gz,https://ftp.sra.ebi.ac.uk/vol1/fastq/ERR122/010/ERR12220010/ERR12220010_2.fastq.gz
vmg-0499-ERR11456185,https://ftp.sra.ebi.ac.uk/vol1/fastq/ERR114/085/ERR11456185/ERR11456185_1.fastq.gz,https://ftp.sra.ebi.ac.uk/vol1/fastq/ERR114/085/ERR11456185/ERR11456185_2.fastq.gz
vmg-0500-DRR735665,https://ftp.sra.ebi.ac.uk/vol1/fastq/DRR735/DRR735665/DRR735665_1.fastq.gz,https://ftp.sra.ebi.ac.uk/vol1/fastq/DRR735/DRR735665/DRR735665_2.fastq.gz
vmg-0501-DRR735651,https://ftp.sra.ebi.ac.uk/vol1/fastq/DRR735/DRR735651/DRR735651_1.fastq.gz,https://ftp.sra.ebi.ac.uk/vol1/fastq/DRR735/DRR735651/DRR735651_2.fastq.gz
vmg-0502-ERR16719534,https://ftp.sra.ebi.ac.uk/vol1/fastq/ERR167/034/ERR16719534/ERR16719534_1.fastq.gz,https://ftp.sra.ebi.ac.uk/vol1/fastq/ERR167/034/ERR16719534/ERR16719534_2.fastq.gz
vmg-0503-ERR3726790,https://ftp.sra.ebi.ac.uk/vol1/fastq/ERR372/000/ERR3726790/ERR3726790_1.fastq.gz,https://ftp.sra.ebi.ac.uk/vol1/fastq/ERR372/000/ERR3726790/ERR3726790_2.fastq.gz
vmg-0504-DRR735340,https://ftp.sra.ebi.ac.uk/vol1/fastq/DRR735/DRR735340/DRR735340_1.fastq.gz,https://ftp.sra.ebi.ac.uk/vol1/fastq/DRR735/DRR735340/DRR735340_2.fastq.gz
vmg-0505-ERR10677951,https://ftp.sra.ebi.ac.uk/vol1/fastq/ERR106/051/ERR10677951/ERR10677951_1.fastq.gz,https://ftp.sra.ebi.ac.uk/vol1/fastq/ERR106/051/ERR10677951/ERR10677951_2.fastq.gz
vmg-0506-DRR735134,https://ftp.sra.ebi.ac.uk/vol1/fastq/DRR735/DRR735134/DRR735134_1.fastq.gz,https://ftp.sra.ebi.ac.uk/vol1/fastq/DRR735/DRR735134/DRR735134_2.fastq.gz
vmg-0507-DRR735164,https://ftp.sra.ebi.ac.uk/vol1/fastq/DRR735/DRR735164/DRR735164_1.fastq.gz,https://ftp.sra.ebi.ac.uk/vol1/fastq/DRR735/DRR735164/DRR735164_2.fastq.gz
vmg-0508-ERR3932384,https://ftp.sra.ebi.ac.uk/vol1/fastq/ERR393/004/ERR3932384/ERR3932384_1.fastq.gz,https://ftp.sra.ebi.ac.uk/vol1/fastq/ERR393/004/ERR3932384/ERR3932384_2.fastq.gz
vmg-0509-ERR4502473,https://ftp.sra.ebi.ac.uk/vol1/fastq/ERR450/003/ERR4502473/ERR4502473_1.fastq.gz,https://ftp.sra.ebi.ac.uk/vol1/fastq/ERR450/003/ERR4502473/ERR4502473_2.fastq.gz
vmg-0510-ERR11627300,https://ftp.sra.ebi.ac.uk/vol1/fastq/ERR116/000/ERR11627300/ERR11627300_1.fastq.gz,https://ftp.sra.ebi.ac.uk/vol1/fastq/ERR116/000/ERR11627300/ERR11627300_2.fastq.gz
vmg-0511-ERR2611503,https://ftp.sra.ebi.ac.uk/vol1/fastq/ERR261/003/ERR2611503/ERR2611503_1.fastq.gz,https://ftp.sra.ebi.ac.uk/vol1/fastq/ERR261/003/ERR2611503/ERR2611503_2.fastq.gz
vmg-0512-ERR14953687,https://ftp.sra.ebi.ac.uk/vol1/fastq/ERR149/087/ERR14953687/ERR14953687_1.fastq.gz,https://ftp.sra.ebi.ac.uk/vol1/fastq/ERR149/087/ERR14953687/ERR14953687_2.fastq.gz
vmg-0513-ERR2728842,https://ftp.sra.ebi.ac.uk/vol1/fastq/ERR272/002/ERR2728842/ERR2728842_1.fastq.gz,https://ftp.sra.ebi.ac.uk/vol1/fastq/ERR272/002/ERR2728842/ERR2728842_2.fastq.gz
vmg-0514-DRR735540,https://ftp.sra.ebi.ac.uk/vol1/fastq/DRR735/DRR735540/DRR735540_1.fastq.gz,https://ftp.sra.ebi.ac.uk/vol1/fastq/DRR735/DRR735540/DRR735540_2.fastq.gz
vmg-0515-ERR12038308,https://ftp.sra.ebi.ac.uk/vol1/fastq/ERR120/008/ERR12038308/ERR12038308_1.fastq.gz,https://ftp.sra.ebi.ac.uk/vol1/fastq/ERR120/008/ERR12038308/ERR12038308_2.fastq.gz
vmg-0516-ERR4503075,https://ftp.sra.ebi.ac.uk/vol1/fastq/ERR450/005/ERR4503075/ERR4503075_1.fastq.gz,https://ftp.sra.ebi.ac.uk/vol1/fastq/ERR450/005/ERR4503075/ERR4503075_2.fastq.gz
vmg-0517-ERR12218824,https://ftp.sra.ebi.ac.uk/vol1/fastq/ERR122/024/ERR12218824/ERR12218824_1.fastq.gz,https://ftp.sra.ebi.ac.uk/vol1/fastq/ERR122/024/ERR12218824/ERR12218824_2.fastq.gz
vmg-0518-DRR858922,https://ftp.sra.ebi.ac.uk/vol1/fastq/DRR858/DRR858922/DRR858922_1.fastq.gz,https://ftp.sra.ebi.ac.uk/vol1/fastq/DRR858/DRR858922/DRR858922_2.fastq.gz
vmg-0519-ERR14048445,https://ftp.sra.ebi.ac.uk/vol1/fastq/ERR140/045/ERR14048445/ERR14048445_1.fastq.gz,https://ftp.sra.ebi.ac.uk/vol1/fastq/ERR140/045/ERR14048445/ERR14048445_2.fastq.gz
vmg-0520-DRR855822,https://ftp.sra.ebi.ac.uk/vol1/fastq/DRR855/DRR855822/DRR855822_1.fastq.gz,https://ftp.sra.ebi.ac.uk/vol1/fastq/DRR855/DRR855822/DRR855822_2.fastq.gz
vmg-0521-ERR15668694,https://ftp.sra.ebi.ac.uk/vol1/fastq/ERR156/094/ERR15668694/ERR15668694_1.fastq.gz,https://ftp.sra.ebi.ac.uk/vol1/fastq/ERR156/094/ERR15668694/ERR15668694_2.fastq.gz
vmg-0522-ERR15114787,https://ftp.sra.ebi.ac.uk/vol1/fastq/ERR151/087/ERR15114787/ERR15114787_1.fastq.gz,https://ftp.sra.ebi.ac.uk/vol1/fastq/ERR151/087/ERR15114787/ERR15114787_2.fastq.gz
vmg-0523-ERR14195649,https://ftp.sra.ebi.ac.uk/vol1/fastq/ERR141/049/ERR14195649/ERR14195649_1.fastq.gz,https://ftp.sra.ebi.ac.uk/vol1/fastq/ERR141/049/ERR14195649/ERR14195649_2.fastq.gz
vmg-0524-ERR12217675,https://ftp.sra.ebi.ac.uk/vol1/fastq/ERR122/075/ERR12217675/ERR12217675_1.fastq.gz,https://ftp.sra.ebi.ac.uk/vol1/fastq/ERR122/075/ERR12217675/ERR12217675_2.fastq.gz
vmg-0525-ERR4503366,https://ftp.sra.ebi.ac.uk/vol1/fastq/ERR450/006/ERR4503366/ERR4503366_1.fastq.gz,https://ftp.sra.ebi.ac.uk/vol1/fastq/ERR450/006/ERR4503366/ERR4503366_2.fastq.gz
vmg-0526-ERR2143774,https://ftp.sra.ebi.ac.uk/vol1/fastq/ERR214/004/ERR2143774/ERR2143774_1.fastq.gz,https://ftp.sra.ebi.ac.uk/vol1/fastq/ERR214/004/ERR2143774/ERR2143774_2.fastq.gz
vmg-0527-DRR735259,https://ftp.sra.ebi.ac.uk/vol1/fastq/DRR735/DRR735259/DRR735259_1.fastq.gz,https://ftp.sra.ebi.ac.uk/vol1/fastq/DRR735/DRR735259/DRR735259_2.fastq.gz
vmg-0528-ERR16714395,https://ftp.sra.ebi.ac.uk/vol1/fastq/ERR167/095/ERR16714395/ERR16714395_1.fastq.gz,https://ftp.sra.ebi.ac.uk/vol1/fastq/ERR167/095/ERR16714395/ERR16714395_2.fastq.gz
vmg-0529-ERR14211588,https://ftp.sra.ebi.ac.uk/vol1/fastq/ERR142/088/ERR14211588/ERR14211588_1.fastq.gz,https://ftp.sra.ebi.ac.uk/vol1/fastq/ERR142/088/ERR14211588/ERR14211588_2.fastq.gz
vmg-0530-ERR14195442,https://ftp.sra.ebi.ac.uk/vol1/fastq/ERR141/042/ERR14195442/ERR14195442_1.fastq.gz,https://ftp.sra.ebi.ac.uk/vol1/fastq/ERR141/042/ERR14195442/ERR14195442_2.fastq.gz
vmg-0531-ERR4503414,https://ftp.sra.ebi.ac.uk/vol1/fastq/ERR450/004/ERR4503414/ERR4503414_1.fastq.gz,https://ftp.sra.ebi.ac.uk/vol1/fastq/ERR450/004/ERR4503414/ERR4503414_2.fastq.gz
vmg-0532-ERR12218653,https://ftp.sra.ebi.ac.uk/vol1/fastq/ERR122/053/ERR12218653/ERR12218653_1.fastq.gz,https://ftp.sra.ebi.ac.uk/vol1/fastq/ERR122/053/ERR12218653/ERR12218653_2.fastq.gz
vmg-0533-ERR15135848,https://ftp.sra.ebi.ac.uk/vol1/fastq/ERR151/048/ERR15135848/ERR15135848_1.fastq.gz,https://ftp.sra.ebi.ac.uk/vol1/fastq/ERR151/048/ERR15135848/ERR15135848_2.fastq.gz
vmg-0534-ERR14195206,https://ftp.sra.ebi.ac.uk/vol1/fastq/ERR141/006/ERR14195206/ERR14195206_1.fastq.gz,https://ftp.sra.ebi.ac.uk/vol1/fastq/ERR141/006/ERR14195206/ERR14195206_2.fastq.gz
vmg-0535-ERR4502029,https://ftp.sra.ebi.ac.uk/vol1/fastq/ERR450/009/ERR4502029/ERR4502029_1.fastq.gz,https://ftp.sra.ebi.ac.uk/vol1/fastq/ERR450/009/ERR4502029/ERR4502029_2.fastq.gz
vmg-0536-DRR735091,https://ftp.sra.ebi.ac.uk/vol1/fastq/DRR735/DRR735091/DRR735091_1.fastq.gz,https://ftp.sra.ebi.ac.uk/vol1/fastq/DRR735/DRR735091/DRR735091_2.fastq.gz
vmg-0537-ERR4503231,https://ftp.sra.ebi.ac.uk/vol1/fastq/ERR450/001/ERR4503231/ERR4503231_1.fastq.gz,https://ftp.sra.ebi.ac.uk/vol1/fastq/ERR450/001/ERR4503231/ERR4503231_2.fastq.gz
vmg-0538-ERR16728874,https://ftp.sra.ebi.ac.uk/vol1/fastq/ERR167/074/ERR16728874/ERR16728874_1.fastq.gz,https://ftp.sra.ebi.ac.uk/vol1/fastq/ERR167/074/ERR16728874/ERR16728874_2.fastq.gz
vmg-0539-ERR11646964,https://ftp.sra.ebi.ac.uk/vol1/fastq/ERR116/064/ERR11646964/ERR11646964_1.fastq.gz,https://ftp.sra.ebi.ac.uk/vol1/fastq/ERR116/064/ERR11646964/ERR11646964_2.fastq.gz
vmg-0540-ERR15135870,https://ftp.sra.ebi.ac.uk/vol1/fastq/ERR151/070/ERR15135870/ERR15135870_1.fastq.gz,https://ftp.sra.ebi.ac.uk/vol1/fastq/ERR151/070/ERR15135870/ERR15135870_2.fastq.gz
vmg-0541-ERR14789107,https://ftp.sra.ebi.ac.uk/vol1/fastq/ERR147/007/ERR14789107/ERR14789107_1.fastq.gz,https://ftp.sra.ebi.ac.uk/vol1/fastq/ERR147/007/ERR14789107/ERR14789107_2.fastq.gz
vmg-0542-ERR11627262,https://ftp.sra.ebi.ac.uk/vol1/fastq/ERR116/062/ERR11627262/ERR11627262_1.fastq.gz,https://ftp.sra.ebi.ac.uk/vol1/fastq/ERR116/062/ERR11627262/ERR11627262_2.fastq.gz
vmg-0543-ERR11627336,https://ftp.sra.ebi.ac.uk/vol1/fastq/ERR116/036/ERR11627336/ERR11627336_1.fastq.gz,https://ftp.sra.ebi.ac.uk/vol1/fastq/ERR116/036/ERR11627336/ERR11627336_2.fastq.gz
vmg-0544-ERR14195538,https://ftp.sra.ebi.ac.uk/vol1/fastq/ERR141/038/ERR14195538/ERR14195538_1.fastq.gz,https://ftp.sra.ebi.ac.uk/vol1/fastq/ERR141/038/ERR14195538/ERR14195538_2.fastq.gz
vmg-0545-DRR735000,https://ftp.sra.ebi.ac.uk/vol1/fastq/DRR735/DRR735000/DRR735000_1.fastq.gz,https://ftp.sra.ebi.ac.uk/vol1/fastq/DRR735/DRR735000/DRR735000_2.fastq.gz
vmg-0546-ERR13911304,https://ftp.sra.ebi.ac.uk/vol1/fastq/ERR139/004/ERR13911304/ERR13911304_1.fastq.gz,https://ftp.sra.ebi.ac.uk/vol1/fastq/ERR139/004/ERR13911304/ERR13911304_2.fastq.gz
vmg-0547-ERR14802871,https://ftp.sra.ebi.ac.uk/vol1/fastq/ERR148/071/ERR14802871/ERR14802871_1.fastq.gz,https://ftp.sra.ebi.ac.uk/vol1/fastq/ERR148/071/ERR14802871/ERR14802871_2.fastq.gz
vmg-0548-DRR1030115,https://ftp.sra.ebi.ac.uk/vol1/fastq/DRR103/005/DRR1030115/DRR1030115_1.fastq.gz,https://ftp.sra.ebi.ac.uk/vol1/fastq/DRR103/005/DRR1030115/DRR1030115_2.fastq.gz
vmg-0549-ERR14195664,https://ftp.sra.ebi.ac.uk/vol1/fastq/ERR141/064/ERR14195664/ERR14195664_1.fastq.gz,https://ftp.sra.ebi.ac.uk/vol1/fastq/ERR141/064/ERR14195664/ERR14195664_2.fastq.gz
vmg-0550-ERR15416447,https://ftp.sra.ebi.ac.uk/vol1/fastq/ERR154/047/ERR15416447/ERR15416447_1.fastq.gz,https://ftp.sra.ebi.ac.uk/vol1/fastq/ERR154/047/ERR15416447/ERR15416447_2.fastq.gz
vmg-0551-ERR12032980,https://ftp.sra.ebi.ac.uk/vol1/fastq/ERR120/080/ERR12032980/ERR12032980_1.fastq.gz,https://ftp.sra.ebi.ac.uk/vol1/fastq/ERR120/080/ERR12032980/ERR12032980_2.fastq.gz
vmg-0552-DRR735100,https://ftp.sra.ebi.ac.uk/vol1/fastq/DRR735/DRR735100/DRR735100_1.fastq.gz,https://ftp.sra.ebi.ac.uk/vol1/fastq/DRR735/DRR735100/DRR735100_2.fastq.gz
vmg-0553-ERR2611613,https://ftp.sra.ebi.ac.uk/vol1/fastq/ERR261/003/ERR2611613/ERR2611613_1.fastq.gz,https://ftp.sra.ebi.ac.uk/vol1/fastq/ERR261/003/ERR2611613/ERR2611613_2.fastq.gz
vmg-0554-DRR735476,https://ftp.sra.ebi.ac.uk/vol1/fastq/DRR735/DRR735476/DRR735476_1.fastq.gz,https://ftp.sra.ebi.ac.uk/vol1/fastq/DRR735/DRR735476/DRR735476_2.fastq.gz
vmg-0555-ERR12220048,https://ftp.sra.ebi.ac.uk/vol1/fastq/ERR122/048/ERR12220048/ERR12220048_1.fastq.gz,https://ftp.sra.ebi.ac.uk/vol1/fastq/ERR122/048/ERR12220048/ERR12220048_2.fastq.gz
vmg-0556-ERR14195682,https://ftp.sra.ebi.ac.uk/vol1/fastq/ERR141/082/ERR14195682/ERR14195682_1.fastq.gz,https://ftp.sra.ebi.ac.uk/vol1/fastq/ERR141/082/ERR14195682/ERR14195682_2.fastq.gz
vmg-0557-ERR14211361,https://ftp.sra.ebi.ac.uk/vol1/fastq/ERR142/061/ERR14211361/ERR14211361_1.fastq.gz,https://ftp.sra.ebi.ac.uk/vol1/fastq/ERR142/061/ERR14211361/ERR14211361_2.fastq.gz
vmg-0558-DRR735509,https://ftp.sra.ebi.ac.uk/vol1/fastq/DRR735/DRR735509/DRR735509_1.fastq.gz,https://ftp.sra.ebi.ac.uk/vol1/fastq/DRR735/DRR735509/DRR735509_2.fastq.gz
vmg-0559-DRR858859,https://ftp.sra.ebi.ac.uk/vol1/fastq/DRR858/DRR858859/DRR858859_1.fastq.gz,https://ftp.sra.ebi.ac.uk/vol1/fastq/DRR858/DRR858859/DRR858859_2.fastq.gz
vmg-0560-ERR3999831,https://ftp.sra.ebi.ac.uk/vol1/fastq/ERR399/001/ERR3999831/ERR3999831_1.fastq.gz,https://ftp.sra.ebi.ac.uk/vol1/fastq/ERR399/001/ERR3999831/ERR3999831_2.fastq.gz
vmg-0561-ERR14211647,https://ftp.sra.ebi.ac.uk/vol1/fastq/ERR142/047/ERR14211647/ERR14211647_1.fastq.gz,https://ftp.sra.ebi.ac.uk/vol1/fastq/ERR142/047/ERR14211647/ERR14211647_2.fastq.gz
vmg-0562-ERR14195501,https://ftp.sra.ebi.ac.uk/vol1/fastq/ERR141/001/ERR14195501/ERR14195501_1.fastq.gz,https://ftp.sra.ebi.ac.uk/vol1/fastq/ERR141/001/ERR14195501/ERR14195501_2.fastq.gz
vmg-0563-DRR735325,https://ftp.sra.ebi.ac.uk/vol1/fastq/DRR735/DRR735325/DRR735325_1.fastq.gz,https://ftp.sra.ebi.ac.uk/vol1/fastq/DRR735/DRR735325/DRR735325_2.fastq.gz
vmg-0564-ERR16010331,https://ftp.sra.ebi.ac.uk/vol1/fastq/ERR160/031/ERR16010331/ERR16010331_1.fastq.gz,https://ftp.sra.ebi.ac.uk/vol1/fastq/ERR160/031/ERR16010331/ERR16010331_2.fastq.gz
vmg-0565-ERR12217713,https://ftp.sra.ebi.ac.uk/vol1/fastq/ERR122/013/ERR12217713/ERR12217713_1.fastq.gz,https://ftp.sra.ebi.ac.uk/vol1/fastq/ERR122/013/ERR12217713/ERR12217713_2.fastq.gz
vmg-0566-ERR11627301,https://ftp.sra.ebi.ac.uk/vol1/fastq/ERR116/001/ERR11627301/ERR11627301_1.fastq.gz,https://ftp.sra.ebi.ac.uk/vol1/fastq/ERR116/001/ERR11627301/ERR11627301_2.fastq.gz
vmg-0567-DRR735384,https://ftp.sra.ebi.ac.uk/vol1/fastq/DRR735/DRR735384/DRR735384_1.fastq.gz,https://ftp.sra.ebi.ac.uk/vol1/fastq/DRR735/DRR735384/DRR735384_2.fastq.gz
vmg-0568-ERR16043051,https://ftp.sra.ebi.ac.uk/vol1/fastq/ERR160/051/ERR16043051/ERR16043051_1.fastq.gz,https://ftp.sra.ebi.ac.uk/vol1/fastq/ERR160/051/ERR16043051/ERR16043051_2.fastq.gz
vmg-0569-DRR735394,https://ftp.sra.ebi.ac.uk/vol1/fastq/DRR735/DRR735394/DRR735394_1.fastq.gz,https://ftp.sra.ebi.ac.uk/vol1/fastq/DRR735/DRR735394/DRR735394_2.fastq.gz
vmg-0570-ERR2244517,https://ftp.sra.ebi.ac.uk/vol1/fastq/ERR224/007/ERR2244517/ERR2244517_1.fastq.gz,https://ftp.sra.ebi.ac.uk/vol1/fastq/ERR224/007/ERR2244517/ERR2244517_2.fastq.gz
vmg-0571-ERR11627247,https://ftp.sra.ebi.ac.uk/vol1/fastq/ERR116/047/ERR11627247/ERR11627247_1.fastq.gz,https://ftp.sra.ebi.ac.uk/vol1/fastq/ERR116/047/ERR11627247/ERR11627247_2.fastq.gz
vmg-0572-DRR737863,https://ftp.sra.ebi.ac.uk/vol1/fastq/DRR737/DRR737863/DRR737863_1.fastq.gz,https://ftp.sra.ebi.ac.uk/vol1/fastq/DRR737/DRR737863/DRR737863_2.fastq.gz
vmg-0573-DRR774220,https://ftp.sra.ebi.ac.uk/vol1/fastq/DRR774/DRR774220/DRR774220_1.fastq.gz,https://ftp.sra.ebi.ac.uk/vol1/fastq/DRR774/DRR774220/DRR774220_2.fastq.gz
vmg-0574-ERR16010756,https://ftp.sra.ebi.ac.uk/vol1/fastq/ERR160/056/ERR16010756/ERR16010756_1.fastq.gz,https://ftp.sra.ebi.ac.uk/vol1/fastq/ERR160/056/ERR16010756/ERR16010756_2.fastq.gz
vmg-0575-ERR13583629,https://ftp.sra.ebi.ac.uk/vol1/fastq/ERR135/029/ERR13583629/ERR13583629_1.fastq.gz,https://ftp.sra.ebi.ac.uk/vol1/fastq/ERR135/029/ERR13583629/ERR13583629_2.fastq.gz
vmg-0576-ERR11627178,https://ftp.sra.ebi.ac.uk/vol1/fastq/ERR116/078/ERR11627178/ERR11627178_1.fastq.gz,https://ftp.sra.ebi.ac.uk/vol1/fastq/ERR116/078/ERR11627178/ERR11627178_2.fastq.gz
vmg-0577-ERR12520418,https://ftp.sra.ebi.ac.uk/vol1/fastq/ERR125/018/ERR12520418/ERR12520418_1.fastq.gz,https://ftp.sra.ebi.ac.uk/vol1/fastq/ERR125/018/ERR12520418/ERR12520418_2.fastq.gz
vmg-0578-DRR827332,https://ftp.sra.ebi.ac.uk/vol1/fastq/DRR827/DRR827332/DRR827332_1.fastq.gz,https://ftp.sra.ebi.ac.uk/vol1/fastq/DRR827/DRR827332/DRR827332_2.fastq.gz
vmg-0579-ERR13337218,https://ftp.sra.ebi.ac.uk/vol1/fastq/ERR133/018/ERR13337218/ERR13337218_1.fastq.gz,https://ftp.sra.ebi.ac.uk/vol1/fastq/ERR133/018/ERR13337218/ERR13337218_2.fastq.gz
vmg-0580-ERR13391191,https://ftp.sra.ebi.ac.uk/vol1/fastq/ERR133/091/ERR13391191/ERR13391191_1.fastq.gz,https://ftp.sra.ebi.ac.uk/vol1/fastq/ERR133/091/ERR13391191/ERR13391191_2.fastq.gz
vmg-0581-ERR10897881,https://ftp.sra.ebi.ac.uk/vol1/fastq/ERR108/081/ERR10897881/ERR10897881_1.fastq.gz,https://ftp.sra.ebi.ac.uk/vol1/fastq/ERR108/081/ERR10897881/ERR10897881_2.fastq.gz
vmg-0582-ERR10897920,https://ftp.sra.ebi.ac.uk/vol1/fastq/ERR108/020/ERR10897920/ERR10897920_1.fastq.gz,https://ftp.sra.ebi.ac.uk/vol1/fastq/ERR108/020/ERR10897920/ERR10897920_2.fastq.gz
vmg-0583-ERR16026948,https://ftp.sra.ebi.ac.uk/vol1/fastq/ERR160/048/ERR16026948/ERR16026948_1.fastq.gz,https://ftp.sra.ebi.ac.uk/vol1/fastq/ERR160/048/ERR16026948/ERR16026948_2.fastq.gz
vmg-0584-ERR12218655,https://ftp.sra.ebi.ac.uk/vol1/fastq/ERR122/055/ERR12218655/ERR12218655_1.fastq.gz,https://ftp.sra.ebi.ac.uk/vol1/fastq/ERR122/055/ERR12218655/ERR12218655_2.fastq.gz
vmg-0585-ERR15418903,https://ftp.sra.ebi.ac.uk/vol1/fastq/ERR154/003/ERR15418903/ERR15418903_1.fastq.gz,https://ftp.sra.ebi.ac.uk/vol1/fastq/ERR154/003/ERR15418903/ERR15418903_2.fastq.gz
vmg-0586-ERR11489385,https://ftp.sra.ebi.ac.uk/vol1/fastq/ERR114/085/ERR11489385/ERR11489385_1.fastq.gz,https://ftp.sra.ebi.ac.uk/vol1/fastq/ERR114/085/ERR11489385/ERR11489385_2.fastq.gz
vmg-0587-ERR16998063,https://ftp.sra.ebi.ac.uk/vol1/fastq/ERR169/063/ERR16998063/ERR16998063_1.fastq.gz,https://ftp.sra.ebi.ac.uk/vol1/fastq/ERR169/063/ERR16998063/ERR16998063_2.fastq.gz
vmg-0588-ERR14211682,https://ftp.sra.ebi.ac.uk/vol1/fastq/ERR142/082/ERR14211682/ERR14211682_1.fastq.gz,https://ftp.sra.ebi.ac.uk/vol1/fastq/ERR142/082/ERR14211682/ERR14211682_2.fastq.gz
vmg-0589-DRR771725,https://ftp.sra.ebi.ac.uk/vol1/fastq/DRR771/DRR771725/DRR771725_1.fastq.gz,https://ftp.sra.ebi.ac.uk/vol1/fastq/DRR771/DRR771725/DRR771725_2.fastq.gz
vmg-0590-ERR15135995,https://ftp.sra.ebi.ac.uk/vol1/fastq/ERR151/095/ERR15135995/ERR15135995_1.fastq.gz,https://ftp.sra.ebi.ac.uk/vol1/fastq/ERR151/095/ERR15135995/ERR15135995_2.fastq.gz
vmg-0591-ERR4502278,https://ftp.sra.ebi.ac.uk/vol1/fastq/ERR450/008/ERR4502278/ERR4502278_1.fastq.gz,https://ftp.sra.ebi.ac.uk/vol1/fastq/ERR450/008/ERR4502278/ERR4502278_2.fastq.gz
vmg-0592-ERR16024020,https://ftp.sra.ebi.ac.uk/vol1/fastq/ERR160/020/ERR16024020/ERR16024020_1.fastq.gz,https://ftp.sra.ebi.ac.uk/vol1/fastq/ERR160/020/ERR16024020/ERR16024020_2.fastq.gz
vmg-0593-ERR3903905,https://ftp.sra.ebi.ac.uk/vol1/fastq/ERR390/005/ERR3903905/ERR3903905_1.fastq.gz,https://ftp.sra.ebi.ac.uk/vol1/fastq/ERR390/005/ERR3903905/ERR3903905_2.fastq.gz
vmg-0594-ERR14211836,https://ftp.sra.ebi.ac.uk/vol1/fastq/ERR142/036/ERR14211836/ERR14211836_1.fastq.gz,https://ftp.sra.ebi.ac.uk/vol1/fastq/ERR142/036/ERR14211836/ERR14211836_2.fastq.gz
vmg-0595-ERR11627305,https://ftp.sra.ebi.ac.uk/vol1/fastq/ERR116/005/ERR11627305/ERR11627305_1.fastq.gz,https://ftp.sra.ebi.ac.uk/vol1/fastq/ERR116/005/ERR11627305/ERR11627305_2.fastq.gz
vmg-0596-ERR14195713,https://ftp.sra.ebi.ac.uk/vol1/fastq/ERR141/013/ERR14195713/ERR14195713_1.fastq.gz,https://ftp.sra.ebi.ac.uk/vol1/fastq/ERR141/013/ERR14195713/ERR14195713_2.fastq.gz
vmg-0597-ERR11489623,https://ftp.sra.ebi.ac.uk/vol1/fastq/ERR114/023/ERR11489623/ERR11489623_1.fastq.gz,https://ftp.sra.ebi.ac.uk/vol1/fastq/ERR114/023/ERR11489623/ERR11489623_2.fastq.gz
vmg-0598-DRR858928,https://ftp.sra.ebi.ac.uk/vol1/fastq/DRR858/DRR858928/DRR858928_1.fastq.gz,https://ftp.sra.ebi.ac.uk/vol1/fastq/DRR858/DRR858928/DRR858928_2.fastq.gz
vmg-0599-ERR14195628,https://ftp.sra.ebi.ac.uk/vol1/fastq/ERR141/028/ERR14195628/ERR14195628_1.fastq.gz,https://ftp.sra.ebi.ac.uk/vol1/fastq/ERR141/028/ERR14195628/ERR14195628_2.fastq.gz
vmg-0600-ERR12379613,https://ftp.sra.ebi.ac.uk/vol1/fastq/ERR123/013/ERR12379613/ERR12379613_1.fastq.gz,https://ftp.sra.ebi.ac.uk/vol1/fastq/ERR123/013/ERR12379613/ERR12379613_2.fastq.gz
vmg-0601-ERR10897984,https://ftp.sra.ebi.ac.uk/vol1/fastq/ERR108/084/ERR10897984/ERR10897984_1.fastq.gz,https://ftp.sra.ebi.ac.uk/vol1/fastq/ERR108/084/ERR10897984/ERR10897984_2.fastq.gz
vmg-0602-ERR12217674,https://ftp.sra.ebi.ac.uk/vol1/fastq/ERR122/074/ERR12217674/ERR12217674_1.fastq.gz,https://ftp.sra.ebi.ac.uk/vol1/fastq/ERR122/074/ERR12217674/ERR12217674_2.fastq.gz
vmg-0603-DRR771720,https://ftp.sra.ebi.ac.uk/vol1/fastq/DRR771/DRR771720/DRR771720_1.fastq.gz,https://ftp.sra.ebi.ac.uk/vol1/fastq/DRR771/DRR771720/DRR771720_2.fastq.gz
vmg-0604-DRR735611,https://ftp.sra.ebi.ac.uk/vol1/fastq/DRR735/DRR735611/DRR735611_1.fastq.gz,https://ftp.sra.ebi.ac.uk/vol1/fastq/DRR735/DRR735611/DRR735611_2.fastq.gz
vmg-0605-ERR13061454,https://ftp.sra.ebi.ac.uk/vol1/fastq/ERR130/054/ERR13061454/ERR13061454_1.fastq.gz,https://ftp.sra.ebi.ac.uk/vol1/fastq/ERR130/054/ERR13061454/ERR13061454_2.fastq.gz
vmg-0606-ERR16908563,https://ftp.sra.ebi.ac.uk/vol1/fastq/ERR169/063/ERR16908563/ERR16908563_1.fastq.gz,https://ftp.sra.ebi.ac.uk/vol1/fastq/ERR169/063/ERR16908563/ERR16908563_2.fastq.gz
vmg-0607-ERR2611517,https://ftp.sra.ebi.ac.uk/vol1/fastq/ERR261/007/ERR2611517/ERR2611517_1.fastq.gz,https://ftp.sra.ebi.ac.uk/vol1/fastq/ERR261/007/ERR2611517/ERR2611517_2.fastq.gz
vmg-0608-ERR11627228,https://ftp.sra.ebi.ac.uk/vol1/fastq/ERR116/028/ERR11627228/ERR11627228_1.fastq.gz,https://ftp.sra.ebi.ac.uk/vol1/fastq/ERR116/028/ERR11627228/ERR11627228_2.fastq.gz
vmg-0609-ERR14211686,https://ftp.sra.ebi.ac.uk/vol1/fastq/ERR142/086/ERR14211686/ERR14211686_1.fastq.gz,https://ftp.sra.ebi.ac.uk/vol1/fastq/ERR142/086/ERR14211686/ERR14211686_2.fastq.gz
vmg-0610-ERR14195556,https://ftp.sra.ebi.ac.uk/vol1/fastq/ERR141/056/ERR14195556/ERR14195556_1.fastq.gz,https://ftp.sra.ebi.ac.uk/vol1/fastq/ERR141/056/ERR14195556/ERR14195556_2.fastq.gz
vmg-0611-ERR2863494,https://ftp.sra.ebi.ac.uk/vol1/fastq/ERR286/004/ERR2863494/ERR2863494_1.fastq.gz,https://ftp.sra.ebi.ac.uk/vol1/fastq/ERR286/004/ERR2863494/ERR2863494_2.fastq.gz
vmg-0612-DRR858852,https://ftp.sra.ebi.ac.uk/vol1/fastq/DRR858/DRR858852/DRR858852_1.fastq.gz,https://ftp.sra.ebi.ac.uk/vol1/fastq/DRR858/DRR858852/DRR858852_2.fastq.gz
vmg-0613-DRR735422,https://ftp.sra.ebi.ac.uk/vol1/fastq/DRR735/DRR735422/DRR735422_1.fastq.gz,https://ftp.sra.ebi.ac.uk/vol1/fastq/DRR735/DRR735422/DRR735422_2.fastq.gz
vmg-0614-ERR11646959,https://ftp.sra.ebi.ac.uk/vol1/fastq/ERR116/059/ERR11646959/ERR11646959_1.fastq.gz,https://ftp.sra.ebi.ac.uk/vol1/fastq/ERR116/059/ERR11646959/ERR11646959_2.fastq.gz
vmg-0615-ERR3769450,https://ftp.sra.ebi.ac.uk/vol1/fastq/ERR376/000/ERR3769450/ERR3769450_1.fastq.gz,https://ftp.sra.ebi.ac.uk/vol1/fastq/ERR376/000/ERR3769450/ERR3769450_2.fastq.gz
vmg-0616-ERR14195021,https://ftp.sra.ebi.ac.uk/vol1/fastq/ERR141/021/ERR14195021/ERR14195021_1.fastq.gz,https://ftp.sra.ebi.ac.uk/vol1/fastq/ERR141/021/ERR14195021/ERR14195021_2.fastq.gz
vmg-0617-ERR14195636,https://ftp.sra.ebi.ac.uk/vol1/fastq/ERR141/036/ERR14195636/ERR14195636_1.fastq.gz,https://ftp.sra.ebi.ac.uk/vol1/fastq/ERR141/036/ERR14195636/ERR14195636_2.fastq.gz
vmg-0618-ERR11627429,https://ftp.sra.ebi.ac.uk/vol1/fastq/ERR116/029/ERR11627429/ERR11627429_1.fastq.gz,https://ftp.sra.ebi.ac.uk/vol1/fastq/ERR116/029/ERR11627429/ERR11627429_2.fastq.gz
vmg-0619-DRR771719,https://ftp.sra.ebi.ac.uk/vol1/fastq/DRR771/DRR771719/DRR771719_1.fastq.gz,https://ftp.sra.ebi.ac.uk/vol1/fastq/DRR771/DRR771719/DRR771719_2.fastq.gz
vmg-0620-DRR771718,https://ftp.sra.ebi.ac.uk/vol1/fastq/DRR771/DRR771718/DRR771718_1.fastq.gz,https://ftp.sra.ebi.ac.uk/vol1/fastq/DRR771/DRR771718/DRR771718_2.fastq.gz
vmg-0621-ERR3904004,https://ftp.sra.ebi.ac.uk/vol1/fastq/ERR390/004/ERR3904004/ERR3904004_1.fastq.gz,https://ftp.sra.ebi.ac.uk/vol1/fastq/ERR390/004/ERR3904004/ERR3904004_2.fastq.gz
vmg-0622-ERR3903897,https://ftp.sra.ebi.ac.uk/vol1/fastq/ERR390/007/ERR3903897/ERR3903897_1.fastq.gz,https://ftp.sra.ebi.ac.uk/vol1/fastq/ERR390/007/ERR3903897/ERR3903897_2.fastq.gz
vmg-0623-ERR2611542,https://ftp.sra.ebi.ac.uk/vol1/fastq/ERR261/002/ERR2611542/ERR2611542_1.fastq.gz,https://ftp.sra.ebi.ac.uk/vol1/fastq/ERR261/002/ERR2611542/ERR2611542_2.fastq.gz
vmg-0624-ERR11456435,https://ftp.sra.ebi.ac.uk/vol1/fastq/ERR114/035/ERR11456435/ERR11456435_1.fastq.gz,https://ftp.sra.ebi.ac.uk/vol1/fastq/ERR114/035/ERR11456435/ERR11456435_2.fastq.gz
vmg-0625-ERR11627302,https://ftp.sra.ebi.ac.uk/vol1/fastq/ERR116/002/ERR11627302/ERR11627302_1.fastq.gz,https://ftp.sra.ebi.ac.uk/vol1/fastq/ERR116/002/ERR11627302/ERR11627302_2.fastq.gz
vmg-0626-ERR17465752,https://ftp.sra.ebi.ac.uk/vol1/fastq/ERR174/052/ERR17465752/ERR17465752_1.fastq.gz,https://ftp.sra.ebi.ac.uk/vol1/fastq/ERR174/052/ERR17465752/ERR17465752_2.fastq.gz
vmg-0627-ERR4502030,https://ftp.sra.ebi.ac.uk/vol1/fastq/ERR450/000/ERR4502030/ERR4502030_1.fastq.gz,https://ftp.sra.ebi.ac.uk/vol1/fastq/ERR450/000/ERR4502030/ERR4502030_2.fastq.gz
vmg-0628-ERR14789402,https://ftp.sra.ebi.ac.uk/vol1/fastq/ERR147/002/ERR14789402/ERR14789402_1.fastq.gz,https://ftp.sra.ebi.ac.uk/vol1/fastq/ERR147/002/ERR14789402/ERR14789402_2.fastq.gz
vmg-0629-DRR735421,https://ftp.sra.ebi.ac.uk/vol1/fastq/DRR735/DRR735421/DRR735421_1.fastq.gz,https://ftp.sra.ebi.ac.uk/vol1/fastq/DRR735/DRR735421/DRR735421_2.fastq.gz
vmg-0630-DRR735525,https://ftp.sra.ebi.ac.uk/vol1/fastq/DRR735/DRR735525/DRR735525_1.fastq.gz,https://ftp.sra.ebi.ac.uk/vol1/fastq/DRR735/DRR735525/DRR735525_2.fastq.gz
vmg-0631-DRR734937,https://ftp.sra.ebi.ac.uk/vol1/fastq/DRR734/DRR734937/DRR734937_1.fastq.gz,https://ftp.sra.ebi.ac.uk/vol1/fastq/DRR734/DRR734937/DRR734937_2.fastq.gz
vmg-0632-ERR3903840,https://ftp.sra.ebi.ac.uk/vol1/fastq/ERR390/000/ERR3903840/ERR3903840_1.fastq.gz,https://ftp.sra.ebi.ac.uk/vol1/fastq/ERR390/000/ERR3903840/ERR3903840_2.fastq.gz
vmg-0633-ERR14211849,https://ftp.sra.ebi.ac.uk/vol1/fastq/ERR142/049/ERR14211849/ERR14211849_1.fastq.gz,https://ftp.sra.ebi.ac.uk/vol1/fastq/ERR142/049/ERR14211849/ERR14211849_2.fastq.gz
vmg-0634-ERR10083911,https://ftp.sra.ebi.ac.uk/vol1/fastq/ERR100/011/ERR10083911/ERR10083911_1.fastq.gz,https://ftp.sra.ebi.ac.uk/vol1/fastq/ERR100/011/ERR10083911/ERR10083911_2.fastq.gz
vmg-0635-ERR12032874,https://ftp.sra.ebi.ac.uk/vol1/fastq/ERR120/074/ERR12032874/ERR12032874_1.fastq.gz,https://ftp.sra.ebi.ac.uk/vol1/fastq/ERR120/074/ERR12032874/ERR12032874_2.fastq.gz
vmg-0636-ERR2244538,https://ftp.sra.ebi.ac.uk/vol1/fastq/ERR224/008/ERR2244538/ERR2244538_1.fastq.gz,https://ftp.sra.ebi.ac.uk/vol1/fastq/ERR224/008/ERR2244538/ERR2244538_2.fastq.gz
vmg-0637-ERR16714499,https://ftp.sra.ebi.ac.uk/vol1/fastq/ERR167/099/ERR16714499/ERR16714499_1.fastq.gz,https://ftp.sra.ebi.ac.uk/vol1/fastq/ERR167/099/ERR16714499/ERR16714499_2.fastq.gz
vmg-0638-DRR774226,https://ftp.sra.ebi.ac.uk/vol1/fastq/DRR774/DRR774226/DRR774226_1.fastq.gz,https://ftp.sra.ebi.ac.uk/vol1/fastq/DRR774/DRR774226/DRR774226_2.fastq.gz
vmg-0639-DRR734919,https://ftp.sra.ebi.ac.uk/vol1/fastq/DRR734/DRR734919/DRR734919_1.fastq.gz,https://ftp.sra.ebi.ac.uk/vol1/fastq/DRR734/DRR734919/DRR734919_2.fastq.gz
vmg-0640-DRR858905,https://ftp.sra.ebi.ac.uk/vol1/fastq/DRR858/DRR858905/DRR858905_1.fastq.gz,https://ftp.sra.ebi.ac.uk/vol1/fastq/DRR858/DRR858905/DRR858905_2.fastq.gz
vmg-0641-ERR12219118,https://ftp.sra.ebi.ac.uk/vol1/fastq/ERR122/018/ERR12219118/ERR12219118_1.fastq.gz,https://ftp.sra.ebi.ac.uk/vol1/fastq/ERR122/018/ERR12219118/ERR12219118_2.fastq.gz
vmg-0642-ERR12520552,https://ftp.sra.ebi.ac.uk/vol1/fastq/ERR125/052/ERR12520552/ERR12520552_1.fastq.gz,https://ftp.sra.ebi.ac.uk/vol1/fastq/ERR125/052/ERR12520552/ERR12520552_2.fastq.gz
vmg-0643-ERR11627222,https://ftp.sra.ebi.ac.uk/vol1/fastq/ERR116/022/ERR11627222/ERR11627222_1.fastq.gz,https://ftp.sra.ebi.ac.uk/vol1/fastq/ERR116/022/ERR11627222/ERR11627222_2.fastq.gz
vmg-0644-ERR16010401,https://ftp.sra.ebi.ac.uk/vol1/fastq/ERR160/001/ERR16010401/ERR16010401_1.fastq.gz,https://ftp.sra.ebi.ac.uk/vol1/fastq/ERR160/001/ERR16010401/ERR16010401_2.fastq.gz
vmg-0645-ERR16723396,https://ftp.sra.ebi.ac.uk/vol1/fastq/ERR167/096/ERR16723396/ERR16723396_1.fastq.gz,https://ftp.sra.ebi.ac.uk/vol1/fastq/ERR167/096/ERR16723396/ERR16723396_2.fastq.gz
vmg-0646-ERR14036335,https://ftp.sra.ebi.ac.uk/vol1/fastq/ERR140/035/ERR14036335/ERR14036335_1.fastq.gz,https://ftp.sra.ebi.ac.uk/vol1/fastq/ERR140/035/ERR14036335/ERR14036335_2.fastq.gz
vmg-0647-ERR2611516,https://ftp.sra.ebi.ac.uk/vol1/fastq/ERR261/006/ERR2611516/ERR2611516_1.fastq.gz,https://ftp.sra.ebi.ac.uk/vol1/fastq/ERR261/006/ERR2611516/ERR2611516_2.fastq.gz
vmg-0648-ERR4502888,https://ftp.sra.ebi.ac.uk/vol1/fastq/ERR450/008/ERR4502888/ERR4502888_1.fastq.gz,https://ftp.sra.ebi.ac.uk/vol1/fastq/ERR450/008/ERR4502888/ERR4502888_2.fastq.gz
vmg-0649-ERR12379590,https://ftp.sra.ebi.ac.uk/vol1/fastq/ERR123/090/ERR12379590/ERR12379590_1.fastq.gz,https://ftp.sra.ebi.ac.uk/vol1/fastq/ERR123/090/ERR12379590/ERR12379590_2.fastq.gz
vmg-0650-DRR735232,https://ftp.sra.ebi.ac.uk/vol1/fastq/DRR735/DRR735232/DRR735232_1.fastq.gz,https://ftp.sra.ebi.ac.uk/vol1/fastq/DRR735/DRR735232/DRR735232_2.fastq.gz
vmg-0651-DRR735395,https://ftp.sra.ebi.ac.uk/vol1/fastq/DRR735/DRR735395/DRR735395_1.fastq.gz,https://ftp.sra.ebi.ac.uk/vol1/fastq/DRR735/DRR735395/DRR735395_2.fastq.gz
vmg-0652-ERR14060839,https://ftp.sra.ebi.ac.uk/vol1/fastq/ERR140/039/ERR14060839/ERR14060839_1.fastq.gz,https://ftp.sra.ebi.ac.uk/vol1/fastq/ERR140/039/ERR14060839/ERR14060839_2.fastq.gz
vmg-0653-ERR10880672,https://ftp.sra.ebi.ac.uk/vol1/fastq/ERR108/072/ERR10880672/ERR10880672_1.fastq.gz,https://ftp.sra.ebi.ac.uk/vol1/fastq/ERR108/072/ERR10880672/ERR10880672_2.fastq.gz
vmg-0654-ERR4503396,https://ftp.sra.ebi.ac.uk/vol1/fastq/ERR450/006/ERR4503396/ERR4503396_1.fastq.gz,https://ftp.sra.ebi.ac.uk/vol1/fastq/ERR450/006/ERR4503396/ERR4503396_2.fastq.gz
vmg-0655-DRR735424,https://ftp.sra.ebi.ac.uk/vol1/fastq/DRR735/DRR735424/DRR735424_1.fastq.gz,https://ftp.sra.ebi.ac.uk/vol1/fastq/DRR735/DRR735424/DRR735424_2.fastq.gz
vmg-0656-ERR4503406,https://ftp.sra.ebi.ac.uk/vol1/fastq/ERR450/006/ERR4503406/ERR4503406_1.fastq.gz,https://ftp.sra.ebi.ac.uk/vol1/fastq/ERR450/006/ERR4503406/ERR4503406_2.fastq.gz
vmg-0657-ERR4503265,https://ftp.sra.ebi.ac.uk/vol1/fastq/ERR450/005/ERR4503265/ERR4503265_1.fastq.gz,https://ftp.sra.ebi.ac.uk/vol1/fastq/ERR450/005/ERR4503265/ERR4503265_2.fastq.gz
vmg-0658-ERR2611658,https://ftp.sra.ebi.ac.uk/vol1/fastq/ERR261/008/ERR2611658/ERR2611658_1.fastq.gz,https://ftp.sra.ebi.ac.uk/vol1/fastq/ERR261/008/ERR2611658/ERR2611658_2.fastq.gz
vmg-0659-DRR858849,https://ftp.sra.ebi.ac.uk/vol1/fastq/DRR858/DRR858849/DRR858849_1.fastq.gz,https://ftp.sra.ebi.ac.uk/vol1/fastq/DRR858/DRR858849/DRR858849_2.fastq.gz
vmg-0660-ERR12218692,https://ftp.sra.ebi.ac.uk/vol1/fastq/ERR122/092/ERR12218692/ERR12218692_1.fastq.gz,https://ftp.sra.ebi.ac.uk/vol1/fastq/ERR122/092/ERR12218692/ERR12218692_2.fastq.gz
vmg-0661-ERR3682641,https://ftp.sra.ebi.ac.uk/vol1/fastq/ERR368/001/ERR3682641/ERR3682641_1.fastq.gz,https://ftp.sra.ebi.ac.uk/vol1/fastq/ERR368/001/ERR3682641/ERR3682641_2.fastq.gz
vmg-0662-ERR4407716,https://ftp.sra.ebi.ac.uk/vol1/fastq/ERR440/006/ERR4407716/ERR4407716_1.fastq.gz,https://ftp.sra.ebi.ac.uk/vol1/fastq/ERR440/006/ERR4407716/ERR4407716_2.fastq.gz
vmg-0663-ERR16713673,https://ftp.sra.ebi.ac.uk/vol1/fastq/ERR167/073/ERR16713673/ERR16713673_1.fastq.gz,https://ftp.sra.ebi.ac.uk/vol1/fastq/ERR167/073/ERR16713673/ERR16713673_2.fastq.gz
vmg-0664-ERR16043277,https://ftp.sra.ebi.ac.uk/vol1/fastq/ERR160/077/ERR16043277/ERR16043277_1.fastq.gz,https://ftp.sra.ebi.ac.uk/vol1/fastq/ERR160/077/ERR16043277/ERR16043277_2.fastq.gz
vmg-0665-ERR10881295,https://ftp.sra.ebi.ac.uk/vol1/fastq/ERR108/095/ERR10881295/ERR10881295_1.fastq.gz,https://ftp.sra.ebi.ac.uk/vol1/fastq/ERR108/095/ERR10881295/ERR10881295_2.fastq.gz
vmg-0666-ERR3726533,https://ftp.sra.ebi.ac.uk/vol1/fastq/ERR372/003/ERR3726533/ERR3726533_1.fastq.gz,https://ftp.sra.ebi.ac.uk/vol1/fastq/ERR372/003/ERR3726533/ERR3726533_2.fastq.gz
vmg-0667-ERR14953674,https://ftp.sra.ebi.ac.uk/vol1/fastq/ERR149/074/ERR14953674/ERR14953674_1.fastq.gz,https://ftp.sra.ebi.ac.uk/vol1/fastq/ERR149/074/ERR14953674/ERR14953674_2.fastq.gz
vmg-0668-ERR12520395,https://ftp.sra.ebi.ac.uk/vol1/fastq/ERR125/095/ERR12520395/ERR12520395_1.fastq.gz,https://ftp.sra.ebi.ac.uk/vol1/fastq/ERR125/095/ERR12520395/ERR12520395_2.fastq.gz
vmg-0669-ERR2611584,https://ftp.sra.ebi.ac.uk/vol1/fastq/ERR261/004/ERR2611584/ERR2611584_1.fastq.gz,https://ftp.sra.ebi.ac.uk/vol1/fastq/ERR261/004/ERR2611584/ERR2611584_2.fastq.gz
vmg-0670-ERR14953678,https://ftp.sra.ebi.ac.uk/vol1/fastq/ERR149/078/ERR14953678/ERR14953678_1.fastq.gz,https://ftp.sra.ebi.ac.uk/vol1/fastq/ERR149/078/ERR14953678/ERR14953678_2.fastq.gz
vmg-0671-ERR3903933,https://ftp.sra.ebi.ac.uk/vol1/fastq/ERR390/003/ERR3903933/ERR3903933_1.fastq.gz,https://ftp.sra.ebi.ac.uk/vol1/fastq/ERR390/003/ERR3903933/ERR3903933_2.fastq.gz
vmg-0672-ERR16713371,https://ftp.sra.ebi.ac.uk/vol1/fastq/ERR167/071/ERR16713371/ERR16713371_1.fastq.gz,https://ftp.sra.ebi.ac.uk/vol1/fastq/ERR167/071/ERR16713371/ERR16713371_2.fastq.gz
vmg-0673-ERR14210973,https://ftp.sra.ebi.ac.uk/vol1/fastq/ERR142/073/ERR14210973/ERR14210973_1.fastq.gz,https://ftp.sra.ebi.ac.uk/vol1/fastq/ERR142/073/ERR14210973/ERR14210973_2.fastq.gz
vmg-0674-DRR735507,https://ftp.sra.ebi.ac.uk/vol1/fastq/DRR735/DRR735507/DRR735507_1.fastq.gz,https://ftp.sra.ebi.ac.uk/vol1/fastq/DRR735/DRR735507/DRR735507_2.fastq.gz
vmg-0675-ERR13911218,https://ftp.sra.ebi.ac.uk/vol1/fastq/ERR139/018/ERR13911218/ERR13911218_1.fastq.gz,https://ftp.sra.ebi.ac.uk/vol1/fastq/ERR139/018/ERR13911218/ERR13911218_2.fastq.gz
vmg-0676-ERR2611586,https://ftp.sra.ebi.ac.uk/vol1/fastq/ERR261/006/ERR2611586/ERR2611586_1.fastq.gz,https://ftp.sra.ebi.ac.uk/vol1/fastq/ERR261/006/ERR2611586/ERR2611586_2.fastq.gz
vmg-0677-ERR17017512,https://ftp.sra.ebi.ac.uk/vol1/fastq/ERR170/012/ERR17017512/ERR17017512_1.fastq.gz,https://ftp.sra.ebi.ac.uk/vol1/fastq/ERR170/012/ERR17017512/ERR17017512_2.fastq.gz
vmg-0678-ERR16714319,https://ftp.sra.ebi.ac.uk/vol1/fastq/ERR167/019/ERR16714319/ERR16714319_1.fastq.gz,https://ftp.sra.ebi.ac.uk/vol1/fastq/ERR167/019/ERR16714319/ERR16714319_2.fastq.gz
vmg-0679-ERR16724145,https://ftp.sra.ebi.ac.uk/vol1/fastq/ERR167/045/ERR16724145/ERR16724145_1.fastq.gz,https://ftp.sra.ebi.ac.uk/vol1/fastq/ERR167/045/ERR16724145/ERR16724145_2.fastq.gz
vmg-0680-ERR10682642,https://ftp.sra.ebi.ac.uk/vol1/fastq/ERR106/042/ERR10682642/ERR10682642_1.fastq.gz,https://ftp.sra.ebi.ac.uk/vol1/fastq/ERR106/042/ERR10682642/ERR10682642_2.fastq.gz
vmg-0681-ERR3955445,https://ftp.sra.ebi.ac.uk/vol1/fastq/ERR395/005/ERR3955445/ERR3955445_1.fastq.gz,https://ftp.sra.ebi.ac.uk/vol1/fastq/ERR395/005/ERR3955445/ERR3955445_2.fastq.gz
vmg-0682-ERR4503336,https://ftp.sra.ebi.ac.uk/vol1/fastq/ERR450/006/ERR4503336/ERR4503336_1.fastq.gz,https://ftp.sra.ebi.ac.uk/vol1/fastq/ERR450/006/ERR4503336/ERR4503336_2.fastq.gz
vmg-0683-ERR14946273,https://ftp.sra.ebi.ac.uk/vol1/fastq/ERR149/073/ERR14946273/ERR14946273_1.fastq.gz,https://ftp.sra.ebi.ac.uk/vol1/fastq/ERR149/073/ERR14946273/ERR14946273_2.fastq.gz
vmg-0684-ERR4407733,https://ftp.sra.ebi.ac.uk/vol1/fastq/ERR440/003/ERR4407733/ERR4407733_1.fastq.gz,https://ftp.sra.ebi.ac.uk/vol1/fastq/ERR440/003/ERR4407733/ERR4407733_2.fastq.gz
vmg-0685-ERR10170067,https://ftp.sra.ebi.ac.uk/vol1/fastq/ERR101/067/ERR10170067/ERR10170067_1.fastq.gz,https://ftp.sra.ebi.ac.uk/vol1/fastq/ERR101/067/ERR10170067/ERR10170067_2.fastq.gz
vmg-0686-ERR4502608,https://ftp.sra.ebi.ac.uk/vol1/fastq/ERR450/008/ERR4502608/ERR4502608_1.fastq.gz,https://ftp.sra.ebi.ac.uk/vol1/fastq/ERR450/008/ERR4502608/ERR4502608_2.fastq.gz
vmg-0687-ERR3969714,https://ftp.sra.ebi.ac.uk/vol1/fastq/ERR396/004/ERR3969714/ERR3969714_1.fastq.gz,https://ftp.sra.ebi.ac.uk/vol1/fastq/ERR396/004/ERR3969714/ERR3969714_2.fastq.gz
vmg-0688-ERR13867346,https://ftp.sra.ebi.ac.uk/vol1/fastq/ERR138/046/ERR13867346/ERR13867346_1.fastq.gz,https://ftp.sra.ebi.ac.uk/vol1/fastq/ERR138/046/ERR13867346/ERR13867346_2.fastq.gz
vmg-0689-DRR735183,https://ftp.sra.ebi.ac.uk/vol1/fastq/DRR735/DRR735183/DRR735183_1.fastq.gz,https://ftp.sra.ebi.ac.uk/vol1/fastq/DRR735/DRR735183/DRR735183_2.fastq.gz
vmg-0690-ERR16255266,https://ftp.sra.ebi.ac.uk/vol1/fastq/ERR162/066/ERR16255266/ERR16255266_1.fastq.gz,https://ftp.sra.ebi.ac.uk/vol1/fastq/ERR162/066/ERR16255266/ERR16255266_2.fastq.gz
vmg-0691-ERR12032781,https://ftp.sra.ebi.ac.uk/vol1/fastq/ERR120/081/ERR12032781/ERR12032781_1.fastq.gz,https://ftp.sra.ebi.ac.uk/vol1/fastq/ERR120/081/ERR12032781/ERR12032781_2.fastq.gz
vmg-0692-ERR14195276,https://ftp.sra.ebi.ac.uk/vol1/fastq/ERR141/076/ERR14195276/ERR14195276_1.fastq.gz,https://ftp.sra.ebi.ac.uk/vol1/fastq/ERR141/076/ERR14195276/ERR14195276_2.fastq.gz
vmg-0693-ERR12520383,https://ftp.sra.ebi.ac.uk/vol1/fastq/ERR125/083/ERR12520383/ERR12520383_1.fastq.gz,https://ftp.sra.ebi.ac.uk/vol1/fastq/ERR125/083/ERR12520383/ERR12520383_2.fastq.gz
vmg-0694-ERR16727558,https://ftp.sra.ebi.ac.uk/vol1/fastq/ERR167/058/ERR16727558/ERR16727558_1.fastq.gz,https://ftp.sra.ebi.ac.uk/vol1/fastq/ERR167/058/ERR16727558/ERR16727558_2.fastq.gz
vmg-0695-ERR11627197,https://ftp.sra.ebi.ac.uk/vol1/fastq/ERR116/097/ERR11627197/ERR11627197_1.fastq.gz,https://ftp.sra.ebi.ac.uk/vol1/fastq/ERR116/097/ERR11627197/ERR11627197_2.fastq.gz
vmg-0696-ERR2244542,https://ftp.sra.ebi.ac.uk/vol1/fastq/ERR224/002/ERR2244542/ERR2244542_1.fastq.gz,https://ftp.sra.ebi.ac.uk/vol1/fastq/ERR224/002/ERR2244542/ERR2244542_2.fastq.gz
vmg-0697-DRR735004,https://ftp.sra.ebi.ac.uk/vol1/fastq/DRR735/DRR735004/DRR735004_1.fastq.gz,https://ftp.sra.ebi.ac.uk/vol1/fastq/DRR735/DRR735004/DRR735004_2.fastq.gz
vmg-0698-ERR2611566,https://ftp.sra.ebi.ac.uk/vol1/fastq/ERR261/006/ERR2611566/ERR2611566_1.fastq.gz,https://ftp.sra.ebi.ac.uk/vol1/fastq/ERR261/006/ERR2611566/ERR2611566_2.fastq.gz
vmg-0699-DRR735110,https://ftp.sra.ebi.ac.uk/vol1/fastq/DRR735/DRR735110/DRR735110_1.fastq.gz,https://ftp.sra.ebi.ac.uk/vol1/fastq/DRR735/DRR735110/DRR735110_2.fastq.gz
vmg-0700-DRR771715,https://ftp.sra.ebi.ac.uk/vol1/fastq/DRR771/DRR771715/DRR771715_1.fastq.gz,https://ftp.sra.ebi.ac.uk/vol1/fastq/DRR771/DRR771715/DRR771715_2.fastq.gz
vmg-0701-ERR12555290,https://ftp.sra.ebi.ac.uk/vol1/fastq/ERR125/090/ERR12555290/ERR12555290_1.fastq.gz,https://ftp.sra.ebi.ac.uk/vol1/fastq/ERR125/090/ERR12555290/ERR12555290_2.fastq.gz
vmg-0702-ERR2611583,https://ftp.sra.ebi.ac.uk/vol1/fastq/ERR261/003/ERR2611583/ERR2611583_1.fastq.gz,https://ftp.sra.ebi.ac.uk/vol1/fastq/ERR261/003/ERR2611583/ERR2611583_2.fastq.gz
vmg-0703-ERR15135587,https://ftp.sra.ebi.ac.uk/vol1/fastq/ERR151/087/ERR15135587/ERR15135587_1.fastq.gz,https://ftp.sra.ebi.ac.uk/vol1/fastq/ERR151/087/ERR15135587/ERR15135587_2.fastq.gz
vmg-0704-ERR16709765,https://ftp.sra.ebi.ac.uk/vol1/fastq/ERR167/065/ERR16709765/ERR16709765_1.fastq.gz,https://ftp.sra.ebi.ac.uk/vol1/fastq/ERR167/065/ERR16709765/ERR16709765_2.fastq.gz
vmg-0705-ERR2728839,https://ftp.sra.ebi.ac.uk/vol1/fastq/ERR272/009/ERR2728839/ERR2728839_1.fastq.gz,https://ftp.sra.ebi.ac.uk/vol1/fastq/ERR272/009/ERR2728839/ERR2728839_2.fastq.gz
vmg-0706-ERR12219414,https://ftp.sra.ebi.ac.uk/vol1/fastq/ERR122/014/ERR12219414/ERR12219414_1.fastq.gz,https://ftp.sra.ebi.ac.uk/vol1/fastq/ERR122/014/ERR12219414/ERR12219414_2.fastq.gz
vmg-0707-ERR10749568,https://ftp.sra.ebi.ac.uk/vol1/fastq/ERR107/068/ERR10749568/ERR10749568_1.fastq.gz,https://ftp.sra.ebi.ac.uk/vol1/fastq/ERR107/068/ERR10749568/ERR10749568_2.fastq.gz
vmg-0708-ERR12520529,https://ftp.sra.ebi.ac.uk/vol1/fastq/ERR125/029/ERR12520529/ERR12520529_1.fastq.gz,https://ftp.sra.ebi.ac.uk/vol1/fastq/ERR125/029/ERR12520529/ERR12520529_2.fastq.gz
vmg-0709-ERR3682698,https://ftp.sra.ebi.ac.uk/vol1/fastq/ERR368/008/ERR3682698/ERR3682698_1.fastq.gz,https://ftp.sra.ebi.ac.uk/vol1/fastq/ERR368/008/ERR3682698/ERR3682698_2.fastq.gz
vmg-0710-ERR14049242,https://ftp.sra.ebi.ac.uk/vol1/fastq/ERR140/042/ERR14049242/ERR14049242_1.fastq.gz,https://ftp.sra.ebi.ac.uk/vol1/fastq/ERR140/042/ERR14049242/ERR14049242_2.fastq.gz
vmg-0711-DRR735572,https://ftp.sra.ebi.ac.uk/vol1/fastq/DRR735/DRR735572/DRR735572_1.fastq.gz,https://ftp.sra.ebi.ac.uk/vol1/fastq/DRR735/DRR735572/DRR735572_2.fastq.gz
vmg-0712-ERR14953692,https://ftp.sra.ebi.ac.uk/vol1/fastq/ERR149/092/ERR14953692/ERR14953692_1.fastq.gz,https://ftp.sra.ebi.ac.uk/vol1/fastq/ERR149/092/ERR14953692/ERR14953692_2.fastq.gz
vmg-0713-ERR10881294,https://ftp.sra.ebi.ac.uk/vol1/fastq/ERR108/094/ERR10881294/ERR10881294_1.fastq.gz,https://ftp.sra.ebi.ac.uk/vol1/fastq/ERR108/094/ERR10881294/ERR10881294_2.fastq.gz
vmg-0714-ERR14211235,https://ftp.sra.ebi.ac.uk/vol1/fastq/ERR142/035/ERR14211235/ERR14211235_1.fastq.gz,https://ftp.sra.ebi.ac.uk/vol1/fastq/ERR142/035/ERR14211235/ERR14211235_2.fastq.gz
vmg-0715-ERR3969734,https://ftp.sra.ebi.ac.uk/vol1/fastq/ERR396/004/ERR3969734/ERR3969734_1.fastq.gz,https://ftp.sra.ebi.ac.uk/vol1/fastq/ERR396/004/ERR3969734/ERR3969734_2.fastq.gz
vmg-0716-ERR10880745,https://ftp.sra.ebi.ac.uk/vol1/fastq/ERR108/045/ERR10880745/ERR10880745_1.fastq.gz,https://ftp.sra.ebi.ac.uk/vol1/fastq/ERR108/045/ERR10880745/ERR10880745_2.fastq.gz
vmg-0717-ERR10749574,https://ftp.sra.ebi.ac.uk/vol1/fastq/ERR107/074/ERR10749574/ERR10749574_1.fastq.gz,https://ftp.sra.ebi.ac.uk/vol1/fastq/ERR107/074/ERR10749574/ERR10749574_2.fastq.gz
vmg-0718-DRR771730,https://ftp.sra.ebi.ac.uk/vol1/fastq/DRR771/DRR771730/DRR771730_1.fastq.gz,https://ftp.sra.ebi.ac.uk/vol1/fastq/DRR771/DRR771730/DRR771730_2.fastq.gz
vmg-0719-ERR14194699,https://ftp.sra.ebi.ac.uk/vol1/fastq/ERR141/099/ERR14194699/ERR14194699_1.fastq.gz,https://ftp.sra.ebi.ac.uk/vol1/fastq/ERR141/099/ERR14194699/ERR14194699_2.fastq.gz
vmg-0720-ERR3682677,https://ftp.sra.ebi.ac.uk/vol1/fastq/ERR368/007/ERR3682677/ERR3682677_1.fastq.gz,https://ftp.sra.ebi.ac.uk/vol1/fastq/ERR368/007/ERR3682677/ERR3682677_2.fastq.gz
vmg-0721-ERR12038301,https://ftp.sra.ebi.ac.uk/vol1/fastq/ERR120/001/ERR12038301/ERR12038301_1.fastq.gz,https://ftp.sra.ebi.ac.uk/vol1/fastq/ERR120/001/ERR12038301/ERR12038301_2.fastq.gz
vmg-0722-ERR10213631,https://ftp.sra.ebi.ac.uk/vol1/fastq/ERR102/031/ERR10213631/ERR10213631_1.fastq.gz,https://ftp.sra.ebi.ac.uk/vol1/fastq/ERR102/031/ERR10213631/ERR10213631_2.fastq.gz
vmg-0723-ERR3670805,https://ftp.sra.ebi.ac.uk/vol1/fastq/ERR367/005/ERR3670805/ERR3670805_1.fastq.gz,https://ftp.sra.ebi.ac.uk/vol1/fastq/ERR367/005/ERR3670805/ERR3670805_2.fastq.gz
vmg-0724-ERR17272736,https://ftp.sra.ebi.ac.uk/vol1/fastq/ERR172/036/ERR17272736/ERR17272736_1.fastq.gz,https://ftp.sra.ebi.ac.uk/vol1/fastq/ERR172/036/ERR17272736/ERR17272736_2.fastq.gz
vmg-0725-ERR3970943,https://ftp.sra.ebi.ac.uk/vol1/fastq/ERR397/003/ERR3970943/ERR3970943_1.fastq.gz,https://ftp.sra.ebi.ac.uk/vol1/fastq/ERR397/003/ERR3970943/ERR3970943_2.fastq.gz
vmg-0726-ERR16042831,https://ftp.sra.ebi.ac.uk/vol1/fastq/ERR160/031/ERR16042831/ERR16042831_1.fastq.gz,https://ftp.sra.ebi.ac.uk/vol1/fastq/ERR160/031/ERR16042831/ERR16042831_2.fastq.gz
vmg-0727-ERR14195650,https://ftp.sra.ebi.ac.uk/vol1/fastq/ERR141/050/ERR14195650/ERR14195650_1.fastq.gz,https://ftp.sra.ebi.ac.uk/vol1/fastq/ERR141/050/ERR14195650/ERR14195650_2.fastq.gz
vmg-0728-ERR12555144,https://ftp.sra.ebi.ac.uk/vol1/fastq/ERR125/044/ERR12555144/ERR12555144_1.fastq.gz,https://ftp.sra.ebi.ac.uk/vol1/fastq/ERR125/044/ERR12555144/ERR12555144_2.fastq.gz
vmg-0729-ERR4502597,https://ftp.sra.ebi.ac.uk/vol1/fastq/ERR450/007/ERR4502597/ERR4502597_1.fastq.gz,https://ftp.sra.ebi.ac.uk/vol1/fastq/ERR450/007/ERR4502597/ERR4502597_2.fastq.gz
vmg-0730-DRR734895,https://ftp.sra.ebi.ac.uk/vol1/fastq/DRR734/DRR734895/DRR734895_1.fastq.gz,https://ftp.sra.ebi.ac.uk/vol1/fastq/DRR734/DRR734895/DRR734895_2.fastq.gz
vmg-0731-ERR16731617,https://ftp.sra.ebi.ac.uk/vol1/fastq/ERR167/017/ERR16731617/ERR16731617_1.fastq.gz,https://ftp.sra.ebi.ac.uk/vol1/fastq/ERR167/017/ERR16731617/ERR16731617_2.fastq.gz
vmg-0732-ERR3726793,https://ftp.sra.ebi.ac.uk/vol1/fastq/ERR372/003/ERR3726793/ERR3726793_1.fastq.gz,https://ftp.sra.ebi.ac.uk/vol1/fastq/ERR372/003/ERR3726793/ERR3726793_2.fastq.gz
vmg-0733-ERR14195647,https://ftp.sra.ebi.ac.uk/vol1/fastq/ERR141/047/ERR14195647/ERR14195647_1.fastq.gz,https://ftp.sra.ebi.ac.uk/vol1/fastq/ERR141/047/ERR14195647/ERR14195647_2.fastq.gz
vmg-0734-DRR735140,https://ftp.sra.ebi.ac.uk/vol1/fastq/DRR735/DRR735140/DRR735140_1.fastq.gz,https://ftp.sra.ebi.ac.uk/vol1/fastq/DRR735/DRR735140/DRR735140_2.fastq.gz
vmg-0735-ERR15315408,https://ftp.sra.ebi.ac.uk/vol1/fastq/ERR153/008/ERR15315408/ERR15315408_1.fastq.gz,https://ftp.sra.ebi.ac.uk/vol1/fastq/ERR153/008/ERR15315408/ERR15315408_2.fastq.gz
vmg-0736-ERR13061343,https://ftp.sra.ebi.ac.uk/vol1/fastq/ERR130/043/ERR13061343/ERR13061343_1.fastq.gz,https://ftp.sra.ebi.ac.uk/vol1/fastq/ERR130/043/ERR13061343/ERR13061343_2.fastq.gz
vmg-0737-ERR14195404,https://ftp.sra.ebi.ac.uk/vol1/fastq/ERR141/004/ERR14195404/ERR14195404_1.fastq.gz,https://ftp.sra.ebi.ac.uk/vol1/fastq/ERR141/004/ERR14195404/ERR14195404_2.fastq.gz
vmg-0738-ERR14211550,https://ftp.sra.ebi.ac.uk/vol1/fastq/ERR142/050/ERR14211550/ERR14211550_1.fastq.gz,https://ftp.sra.ebi.ac.uk/vol1/fastq/ERR142/050/ERR14211550/ERR14211550_2.fastq.gz
vmg-0739-ERR11563292,https://ftp.sra.ebi.ac.uk/vol1/fastq/ERR115/092/ERR11563292/ERR11563292_1.fastq.gz,https://ftp.sra.ebi.ac.uk/vol1/fastq/ERR115/092/ERR11563292/ERR11563292_2.fastq.gz
vmg-0740-ERR2728790,https://ftp.sra.ebi.ac.uk/vol1/fastq/ERR272/000/ERR2728790/ERR2728790_1.fastq.gz,https://ftp.sra.ebi.ac.uk/vol1/fastq/ERR272/000/ERR2728790/ERR2728790_2.fastq.gz
vmg-0741-ERR15348554,https://ftp.sra.ebi.ac.uk/vol1/fastq/ERR153/054/ERR15348554/ERR15348554_1.fastq.gz,https://ftp.sra.ebi.ac.uk/vol1/fastq/ERR153/054/ERR15348554/ERR15348554_2.fastq.gz
vmg-0742-ERR12219119,https://ftp.sra.ebi.ac.uk/vol1/fastq/ERR122/019/ERR12219119/ERR12219119_1.fastq.gz,https://ftp.sra.ebi.ac.uk/vol1/fastq/ERR122/019/ERR12219119/ERR12219119_2.fastq.gz
vmg-0743-ERR3179966,https://ftp.sra.ebi.ac.uk/vol1/fastq/ERR317/006/ERR3179966/ERR3179966_1.fastq.gz,https://ftp.sra.ebi.ac.uk/vol1/fastq/ERR317/006/ERR3179966/ERR3179966_2.fastq.gz
vmg-0744-ERR4502448,https://ftp.sra.ebi.ac.uk/vol1/fastq/ERR450/008/ERR4502448/ERR4502448_1.fastq.gz,https://ftp.sra.ebi.ac.uk/vol1/fastq/ERR450/008/ERR4502448/ERR4502448_2.fastq.gz
vmg-0745-ERR11627323,https://ftp.sra.ebi.ac.uk/vol1/fastq/ERR116/023/ERR11627323/ERR11627323_1.fastq.gz,https://ftp.sra.ebi.ac.uk/vol1/fastq/ERR116/023/ERR11627323/ERR11627323_2.fastq.gz
vmg-0746-ERR4407666,https://ftp.sra.ebi.ac.uk/vol1/fastq/ERR440/006/ERR4407666/ERR4407666_1.fastq.gz,https://ftp.sra.ebi.ac.uk/vol1/fastq/ERR440/006/ERR4407666/ERR4407666_2.fastq.gz
vmg-0747-ERR2611540,https://ftp.sra.ebi.ac.uk/vol1/fastq/ERR261/000/ERR2611540/ERR2611540_1.fastq.gz,https://ftp.sra.ebi.ac.uk/vol1/fastq/ERR261/000/ERR2611540/ERR2611540_2.fastq.gz
vmg-0748-ERR2611628,https://ftp.sra.ebi.ac.uk/vol1/fastq/ERR261/008/ERR2611628/ERR2611628_1.fastq.gz,https://ftp.sra.ebi.ac.uk/vol1/fastq/ERR261/008/ERR2611628/ERR2611628_2.fastq.gz
vmg-0749-ERR12555006,https://ftp.sra.ebi.ac.uk/vol1/fastq/ERR125/006/ERR12555006/ERR12555006_1.fastq.gz,https://ftp.sra.ebi.ac.uk/vol1/fastq/ERR125/006/ERR12555006/ERR12555006_2.fastq.gz
vmg-0750-DRR735614,https://ftp.sra.ebi.ac.uk/vol1/fastq/DRR735/DRR735614/DRR735614_1.fastq.gz,https://ftp.sra.ebi.ac.uk/vol1/fastq/DRR735/DRR735614/DRR735614_2.fastq.gz
vmg-0751-ERR11563298,https://ftp.sra.ebi.ac.uk/vol1/fastq/ERR115/098/ERR11563298/ERR11563298_1.fastq.gz,https://ftp.sra.ebi.ac.uk/vol1/fastq/ERR115/098/ERR11563298/ERR11563298_2.fastq.gz
vmg-0752-DRR735560,https://ftp.sra.ebi.ac.uk/vol1/fastq/DRR735/DRR735560/DRR735560_1.fastq.gz,https://ftp.sra.ebi.ac.uk/vol1/fastq/DRR735/DRR735560/DRR735560_2.fastq.gz
vmg-0753-ERR14195112,https://ftp.sra.ebi.ac.uk/vol1/fastq/ERR141/012/ERR14195112/ERR14195112_1.fastq.gz,https://ftp.sra.ebi.ac.uk/vol1/fastq/ERR141/012/ERR14195112/ERR14195112_2.fastq.gz
vmg-0754-ERR12520517,https://ftp.sra.ebi.ac.uk/vol1/fastq/ERR125/017/ERR12520517/ERR12520517_1.fastq.gz,https://ftp.sra.ebi.ac.uk/vol1/fastq/ERR125/017/ERR12520517/ERR12520517_2.fastq.gz
vmg-0755-ERR15418844,https://ftp.sra.ebi.ac.uk/vol1/fastq/ERR154/044/ERR15418844/ERR15418844_1.fastq.gz,https://ftp.sra.ebi.ac.uk/vol1/fastq/ERR154/044/ERR15418844/ERR15418844_2.fastq.gz
vmg-0756-ERR14801346,https://ftp.sra.ebi.ac.uk/vol1/fastq/ERR148/046/ERR14801346/ERR14801346_1.fastq.gz,https://ftp.sra.ebi.ac.uk/vol1/fastq/ERR148/046/ERR14801346/ERR14801346_2.fastq.gz
vmg-0757-ERR14210986,https://ftp.sra.ebi.ac.uk/vol1/fastq/ERR142/086/ERR14210986/ERR14210986_1.fastq.gz,https://ftp.sra.ebi.ac.uk/vol1/fastq/ERR142/086/ERR14210986/ERR14210986_2.fastq.gz
vmg-0758-ERR14194840,https://ftp.sra.ebi.ac.uk/vol1/fastq/ERR141/040/ERR14194840/ERR14194840_1.fastq.gz,https://ftp.sra.ebi.ac.uk/vol1/fastq/ERR141/040/ERR14194840/ERR14194840_2.fastq.gz
vmg-0759-ERR15315425,https://ftp.sra.ebi.ac.uk/vol1/fastq/ERR153/025/ERR15315425/ERR15315425_1.fastq.gz,https://ftp.sra.ebi.ac.uk/vol1/fastq/ERR153/025/ERR15315425/ERR15315425_2.fastq.gz
vmg-0760-ERR3682710,https://ftp.sra.ebi.ac.uk/vol1/fastq/ERR368/000/ERR3682710/ERR3682710_1.fastq.gz,https://ftp.sra.ebi.ac.uk/vol1/fastq/ERR368/000/ERR3682710/ERR3682710_2.fastq.gz
vmg-0761-ERR2611579,https://ftp.sra.ebi.ac.uk/vol1/fastq/ERR261/009/ERR2611579/ERR2611579_1.fastq.gz,https://ftp.sra.ebi.ac.uk/vol1/fastq/ERR261/009/ERR2611579/ERR2611579_2.fastq.gz
vmg-0762-ERR2611515,https://ftp.sra.ebi.ac.uk/vol1/fastq/ERR261/005/ERR2611515/ERR2611515_1.fastq.gz,https://ftp.sra.ebi.ac.uk/vol1/fastq/ERR261/005/ERR2611515/ERR2611515_2.fastq.gz
vmg-0763-ERR12032916,https://ftp.sra.ebi.ac.uk/vol1/fastq/ERR120/016/ERR12032916/ERR12032916_1.fastq.gz,https://ftp.sra.ebi.ac.uk/vol1/fastq/ERR120/016/ERR12032916/ERR12032916_2.fastq.gz
vmg-0764-ERR10897785,https://ftp.sra.ebi.ac.uk/vol1/fastq/ERR108/085/ERR10897785/ERR10897785_1.fastq.gz,https://ftp.sra.ebi.ac.uk/vol1/fastq/ERR108/085/ERR10897785/ERR10897785_2.fastq.gz
vmg-0765-ERR14211685,https://ftp.sra.ebi.ac.uk/vol1/fastq/ERR142/085/ERR14211685/ERR14211685_1.fastq.gz,https://ftp.sra.ebi.ac.uk/vol1/fastq/ERR142/085/ERR14211685/ERR14211685_2.fastq.gz
vmg-0766-ERR16010900,https://ftp.sra.ebi.ac.uk/vol1/fastq/ERR160/000/ERR16010900/ERR16010900_1.fastq.gz,https://ftp.sra.ebi.ac.uk/vol1/fastq/ERR160/000/ERR16010900/ERR16010900_2.fastq.gz
vmg-0767-DRR735484,https://ftp.sra.ebi.ac.uk/vol1/fastq/DRR735/DRR735484/DRR735484_1.fastq.gz,https://ftp.sra.ebi.ac.uk/vol1/fastq/DRR735/DRR735484/DRR735484_2.fastq.gz
vmg-0768-ERR16712339,https://ftp.sra.ebi.ac.uk/vol1/fastq/ERR167/039/ERR16712339/ERR16712339_1.fastq.gz,https://ftp.sra.ebi.ac.uk/vol1/fastq/ERR167/039/ERR16712339/ERR16712339_2.fastq.gz
vmg-0769-ERR16012338,https://ftp.sra.ebi.ac.uk/vol1/fastq/ERR160/038/ERR16012338/ERR16012338_1.fastq.gz,https://ftp.sra.ebi.ac.uk/vol1/fastq/ERR160/038/ERR16012338/ERR16012338_2.fastq.gz
vmg-0770-DRR735182,https://ftp.sra.ebi.ac.uk/vol1/fastq/DRR735/DRR735182/DRR735182_1.fastq.gz,https://ftp.sra.ebi.ac.uk/vol1/fastq/DRR735/DRR735182/DRR735182_2.fastq.gz
vmg-0771-ERR14211794,https://ftp.sra.ebi.ac.uk/vol1/fastq/ERR142/094/ERR14211794/ERR14211794_1.fastq.gz,https://ftp.sra.ebi.ac.uk/vol1/fastq/ERR142/094/ERR14211794/ERR14211794_2.fastq.gz
vmg-0772-ERR14194852,https://ftp.sra.ebi.ac.uk/vol1/fastq/ERR141/052/ERR14194852/ERR14194852_1.fastq.gz,https://ftp.sra.ebi.ac.uk/vol1/fastq/ERR141/052/ERR14194852/ERR14194852_2.fastq.gz
vmg-0773-DRR858887,https://ftp.sra.ebi.ac.uk/vol1/fastq/DRR858/DRR858887/DRR858887_1.fastq.gz,https://ftp.sra.ebi.ac.uk/vol1/fastq/DRR858/DRR858887/DRR858887_2.fastq.gz
vmg-0774-DRR858919,https://ftp.sra.ebi.ac.uk/vol1/fastq/DRR858/DRR858919/DRR858919_1.fastq.gz,https://ftp.sra.ebi.ac.uk/vol1/fastq/DRR858/DRR858919/DRR858919_2.fastq.gz
vmg-0775-ERR4502324,https://ftp.sra.ebi.ac.uk/vol1/fastq/ERR450/004/ERR4502324/ERR4502324_1.fastq.gz,https://ftp.sra.ebi.ac.uk/vol1/fastq/ERR450/004/ERR4502324/ERR4502324_2.fastq.gz
vmg-0776-ERR14211773,https://ftp.sra.ebi.ac.uk/vol1/fastq/ERR142/073/ERR14211773/ERR14211773_1.fastq.gz,https://ftp.sra.ebi.ac.uk/vol1/fastq/ERR142/073/ERR14211773/ERR14211773_2.fastq.gz
vmg-0777-ERR2235032,https://ftp.sra.ebi.ac.uk/vol1/fastq/ERR223/002/ERR2235032/ERR2235032_1.fastq.gz,https://ftp.sra.ebi.ac.uk/vol1/fastq/ERR223/002/ERR2235032/ERR2235032_2.fastq.gz
vmg-0778-ERR13583521,https://ftp.sra.ebi.ac.uk/vol1/fastq/ERR135/021/ERR13583521/ERR13583521_1.fastq.gz,https://ftp.sra.ebi.ac.uk/vol1/fastq/ERR135/021/ERR13583521/ERR13583521_2.fastq.gz
vmg-0779-ERR12126433,https://ftp.sra.ebi.ac.uk/vol1/fastq/ERR121/033/ERR12126433/ERR12126433_1.fastq.gz,https://ftp.sra.ebi.ac.uk/vol1/fastq/ERR121/033/ERR12126433/ERR12126433_2.fastq.gz
vmg-0780-ERR12126353,https://ftp.sra.ebi.ac.uk/vol1/fastq/ERR121/053/ERR12126353/ERR12126353_1.fastq.gz,https://ftp.sra.ebi.ac.uk/vol1/fastq/ERR121/053/ERR12126353/ERR12126353_2.fastq.gz
vmg-0781-ERR12814408,https://ftp.sra.ebi.ac.uk/vol1/fastq/ERR128/008/ERR12814408/ERR12814408_1.fastq.gz,https://ftp.sra.ebi.ac.uk/vol1/fastq/ERR128/008/ERR12814408/ERR12814408_2.fastq.gz
vmg-0782-ERR16711374,https://ftp.sra.ebi.ac.uk/vol1/fastq/ERR167/074/ERR16711374/ERR16711374_1.fastq.gz,https://ftp.sra.ebi.ac.uk/vol1/fastq/ERR167/074/ERR16711374/ERR16711374_2.fastq.gz
vmg-0783-ERR16724652,https://ftp.sra.ebi.ac.uk/vol1/fastq/ERR167/052/ERR16724652/ERR16724652_1.fastq.gz,https://ftp.sra.ebi.ac.uk/vol1/fastq/ERR167/052/ERR16724652/ERR16724652_2.fastq.gz
vmg-0784-ERR13999498,https://ftp.sra.ebi.ac.uk/vol1/fastq/ERR139/098/ERR13999498/ERR13999498_1.fastq.gz,https://ftp.sra.ebi.ac.uk/vol1/fastq/ERR139/098/ERR13999498/ERR13999498_2.fastq.gz
vmg-0785-DRR735301,https://ftp.sra.ebi.ac.uk/vol1/fastq/DRR735/DRR735301/DRR735301_1.fastq.gz,https://ftp.sra.ebi.ac.uk/vol1/fastq/DRR735/DRR735301/DRR735301_2.fastq.gz
vmg-0786-DRR735242,https://ftp.sra.ebi.ac.uk/vol1/fastq/DRR735/DRR735242/DRR735242_1.fastq.gz,https://ftp.sra.ebi.ac.uk/vol1/fastq/DRR735/DRR735242/DRR735242_2.fastq.gz
vmg-0787-ERR14789048,https://ftp.sra.ebi.ac.uk/vol1/fastq/ERR147/048/ERR14789048/ERR14789048_1.fastq.gz,https://ftp.sra.ebi.ac.uk/vol1/fastq/ERR147/048/ERR14789048/ERR14789048_2.fastq.gz
vmg-0788-ERR11646990,https://ftp.sra.ebi.ac.uk/vol1/fastq/ERR116/090/ERR11646990/ERR11646990_1.fastq.gz,https://ftp.sra.ebi.ac.uk/vol1/fastq/ERR116/090/ERR11646990/ERR11646990_2.fastq.gz
vmg-0789-DRR735180,https://ftp.sra.ebi.ac.uk/vol1/fastq/DRR735/DRR735180/DRR735180_1.fastq.gz,https://ftp.sra.ebi.ac.uk/vol1/fastq/DRR735/DRR735180/DRR735180_2.fastq.gz
vmg-0790-ERR16719465,https://ftp.sra.ebi.ac.uk/vol1/fastq/ERR167/065/ERR16719465/ERR16719465_1.fastq.gz,https://ftp.sra.ebi.ac.uk/vol1/fastq/ERR167/065/ERR16719465/ERR16719465_2.fastq.gz
vmg-0791-DRR735178,https://ftp.sra.ebi.ac.uk/vol1/fastq/DRR735/DRR735178/DRR735178_1.fastq.gz,https://ftp.sra.ebi.ac.uk/vol1/fastq/DRR735/DRR735178/DRR735178_2.fastq.gz
vmg-0792-ERR15135567,https://ftp.sra.ebi.ac.uk/vol1/fastq/ERR151/067/ERR15135567/ERR15135567_1.fastq.gz,https://ftp.sra.ebi.ac.uk/vol1/fastq/ERR151/067/ERR15135567/ERR15135567_2.fastq.gz
vmg-0793-ERR16026949,https://ftp.sra.ebi.ac.uk/vol1/fastq/ERR160/049/ERR16026949/ERR16026949_1.fastq.gz,https://ftp.sra.ebi.ac.uk/vol1/fastq/ERR160/049/ERR16026949/ERR16026949_2.fastq.gz
vmg-0794-DRR735626,https://ftp.sra.ebi.ac.uk/vol1/fastq/DRR735/DRR735626/DRR735626_1.fastq.gz,https://ftp.sra.ebi.ac.uk/vol1/fastq/DRR735/DRR735626/DRR735626_2.fastq.gz
vmg-0795-ERR2244421,https://ftp.sra.ebi.ac.uk/vol1/fastq/ERR224/001/ERR2244421/ERR2244421_1.fastq.gz,https://ftp.sra.ebi.ac.uk/vol1/fastq/ERR224/001/ERR2244421/ERR2244421_2.fastq.gz
vmg-0796-ERR10206043,https://ftp.sra.ebi.ac.uk/vol1/fastq/ERR102/043/ERR10206043/ERR10206043_1.fastq.gz,https://ftp.sra.ebi.ac.uk/vol1/fastq/ERR102/043/ERR10206043/ERR10206043_2.fastq.gz
vmg-0797-ERR11627225,https://ftp.sra.ebi.ac.uk/vol1/fastq/ERR116/025/ERR11627225/ERR11627225_1.fastq.gz,https://ftp.sra.ebi.ac.uk/vol1/fastq/ERR116/025/ERR11627225/ERR11627225_2.fastq.gz
vmg-0798-ERR16010523,https://ftp.sra.ebi.ac.uk/vol1/fastq/ERR160/023/ERR16010523/ERR16010523_1.fastq.gz,https://ftp.sra.ebi.ac.uk/vol1/fastq/ERR160/023/ERR16010523/ERR16010523_2.fastq.gz
vmg-0799-ERR10880661,https://ftp.sra.ebi.ac.uk/vol1/fastq/ERR108/061/ERR10880661/ERR10880661_1.fastq.gz,https://ftp.sra.ebi.ac.uk/vol1/fastq/ERR108/061/ERR10880661/ERR10880661_2.fastq.gz
vmg-0800-ERR3662982,https://ftp.sra.ebi.ac.uk/vol1/fastq/ERR366/002/ERR3662982/ERR3662982_1.fastq.gz,https://ftp.sra.ebi.ac.uk/vol1/fastq/ERR366/002/ERR3662982/ERR3662982_2.fastq.gz
vmg-0801-ERR14211320,https://ftp.sra.ebi.ac.uk/vol1/fastq/ERR142/020/ERR14211320/ERR14211320_1.fastq.gz,https://ftp.sra.ebi.ac.uk/vol1/fastq/ERR142/020/ERR14211320/ERR14211320_2.fastq.gz
vmg-0802-ERR12379602,https://ftp.sra.ebi.ac.uk/vol1/fastq/ERR123/002/ERR12379602/ERR12379602_1.fastq.gz,https://ftp.sra.ebi.ac.uk/vol1/fastq/ERR123/002/ERR12379602/ERR12379602_2.fastq.gz
vmg-0803-ERR10742642,https://ftp.sra.ebi.ac.uk/vol1/fastq/ERR107/042/ERR10742642/ERR10742642_1.fastq.gz,https://ftp.sra.ebi.ac.uk/vol1/fastq/ERR107/042/ERR10742642/ERR10742642_2.fastq.gz
vmg-0804-ERR12038289,https://ftp.sra.ebi.ac.uk/vol1/fastq/ERR120/089/ERR12038289/ERR12038289_1.fastq.gz,https://ftp.sra.ebi.ac.uk/vol1/fastq/ERR120/089/ERR12038289/ERR12038289_2.fastq.gz
vmg-0805-ERR2611636,https://ftp.sra.ebi.ac.uk/vol1/fastq/ERR261/006/ERR2611636/ERR2611636_1.fastq.gz,https://ftp.sra.ebi.ac.uk/vol1/fastq/ERR261/006/ERR2611636/ERR2611636_2.fastq.gz
vmg-0806-ERR14802291,https://ftp.sra.ebi.ac.uk/vol1/fastq/ERR148/091/ERR14802291/ERR14802291_1.fastq.gz,https://ftp.sra.ebi.ac.uk/vol1/fastq/ERR148/091/ERR14802291/ERR14802291_2.fastq.gz
vmg-0807-ERR11627290,https://ftp.sra.ebi.ac.uk/vol1/fastq/ERR116/090/ERR11627290/ERR11627290_1.fastq.gz,https://ftp.sra.ebi.ac.uk/vol1/fastq/ERR116/090/ERR11627290/ERR11627290_2.fastq.gz
vmg-0808-DRR1030112,https://ftp.sra.ebi.ac.uk/vol1/fastq/DRR103/002/DRR1030112/DRR1030112_1.fastq.gz,https://ftp.sra.ebi.ac.uk/vol1/fastq/DRR103/002/DRR1030112/DRR1030112_2.fastq.gz
vmg-0809-ERR12217622,https://ftp.sra.ebi.ac.uk/vol1/fastq/ERR122/022/ERR12217622/ERR12217622_1.fastq.gz,https://ftp.sra.ebi.ac.uk/vol1/fastq/ERR122/022/ERR12217622/ERR12217622_2.fastq.gz
vmg-0810-DRR734964,https://ftp.sra.ebi.ac.uk/vol1/fastq/DRR734/DRR734964/DRR734964_1.fastq.gz,https://ftp.sra.ebi.ac.uk/vol1/fastq/DRR734/DRR734964/DRR734964_2.fastq.gz
vmg-0811-ERR2863521,https://ftp.sra.ebi.ac.uk/vol1/fastq/ERR286/001/ERR2863521/ERR2863521_1.fastq.gz,https://ftp.sra.ebi.ac.uk/vol1/fastq/ERR286/001/ERR2863521/ERR2863521_2.fastq.gz
vmg-0812-ERR14194847,https://ftp.sra.ebi.ac.uk/vol1/fastq/ERR141/047/ERR14194847/ERR14194847_1.fastq.gz,https://ftp.sra.ebi.ac.uk/vol1/fastq/ERR141/047/ERR14194847/ERR14194847_2.fastq.gz
vmg-0813-ERR11456224,https://ftp.sra.ebi.ac.uk/vol1/fastq/ERR114/024/ERR11456224/ERR11456224_1.fastq.gz,https://ftp.sra.ebi.ac.uk/vol1/fastq/ERR114/024/ERR11456224/ERR11456224_2.fastq.gz
vmg-0814-ERR17463483,https://ftp.sra.ebi.ac.uk/vol1/fastq/ERR174/083/ERR17463483/ERR17463483_1.fastq.gz,https://ftp.sra.ebi.ac.uk/vol1/fastq/ERR174/083/ERR17463483/ERR17463483_2.fastq.gz
vmg-0815-DRR734908,https://ftp.sra.ebi.ac.uk/vol1/fastq/DRR734/DRR734908/DRR734908_1.fastq.gz,https://ftp.sra.ebi.ac.uk/vol1/fastq/DRR734/DRR734908/DRR734908_2.fastq.gz
vmg-0816-ERR11627261,https://ftp.sra.ebi.ac.uk/vol1/fastq/ERR116/061/ERR11627261/ERR11627261_1.fastq.gz,https://ftp.sra.ebi.ac.uk/vol1/fastq/ERR116/061/ERR11627261/ERR11627261_2.fastq.gz
vmg-0817-ERR10898309,https://ftp.sra.ebi.ac.uk/vol1/fastq/ERR108/009/ERR10898309/ERR10898309_1.fastq.gz,https://ftp.sra.ebi.ac.uk/vol1/fastq/ERR108/009/ERR10898309/ERR10898309_2.fastq.gz
vmg-0818-DRR735643,https://ftp.sra.ebi.ac.uk/vol1/fastq/DRR735/DRR735643/DRR735643_1.fastq.gz,https://ftp.sra.ebi.ac.uk/vol1/fastq/DRR735/DRR735643/DRR735643_2.fastq.gz
vmg-0819-ERR14194800,https://ftp.sra.ebi.ac.uk/vol1/fastq/ERR141/000/ERR14194800/ERR14194800_1.fastq.gz,https://ftp.sra.ebi.ac.uk/vol1/fastq/ERR141/000/ERR14194800/ERR14194800_2.fastq.gz
vmg-0820-ERR14211164,https://ftp.sra.ebi.ac.uk/vol1/fastq/ERR142/064/ERR14211164/ERR14211164_1.fastq.gz,https://ftp.sra.ebi.ac.uk/vol1/fastq/ERR142/064/ERR14211164/ERR14211164_2.fastq.gz
vmg-0821-ERR3769562,https://ftp.sra.ebi.ac.uk/vol1/fastq/ERR376/002/ERR3769562/ERR3769562_1.fastq.gz,https://ftp.sra.ebi.ac.uk/vol1/fastq/ERR376/002/ERR3769562/ERR3769562_2.fastq.gz
vmg-0822-ERR3682675,https://ftp.sra.ebi.ac.uk/vol1/fastq/ERR368/005/ERR3682675/ERR3682675_1.fastq.gz,https://ftp.sra.ebi.ac.uk/vol1/fastq/ERR368/005/ERR3682675/ERR3682675_2.fastq.gz
vmg-0823-ERR13391495,https://ftp.sra.ebi.ac.uk/vol1/fastq/ERR133/095/ERR13391495/ERR13391495_1.fastq.gz,https://ftp.sra.ebi.ac.uk/vol1/fastq/ERR133/095/ERR13391495/ERR13391495_2.fastq.gz
vmg-0824-DRR1030106,https://ftp.sra.ebi.ac.uk/vol1/fastq/DRR103/006/DRR1030106/DRR1030106_1.fastq.gz,https://ftp.sra.ebi.ac.uk/vol1/fastq/DRR103/006/DRR1030106/DRR1030106_2.fastq.gz
vmg-0825-ERR14210810,https://ftp.sra.ebi.ac.uk/vol1/fastq/ERR142/010/ERR14210810/ERR14210810_1.fastq.gz,https://ftp.sra.ebi.ac.uk/vol1/fastq/ERR142/010/ERR14210810/ERR14210810_2.fastq.gz
vmg-0826-ERR12520201,https://ftp.sra.ebi.ac.uk/vol1/fastq/ERR125/001/ERR12520201/ERR12520201_1.fastq.gz,https://ftp.sra.ebi.ac.uk/vol1/fastq/ERR125/001/ERR12520201/ERR12520201_2.fastq.gz
vmg-0827-ERR10749696,https://ftp.sra.ebi.ac.uk/vol1/fastq/ERR107/096/ERR10749696/ERR10749696_1.fastq.gz,https://ftp.sra.ebi.ac.uk/vol1/fastq/ERR107/096/ERR10749696/ERR10749696_2.fastq.gz
vmg-0828-ERR3932432,https://ftp.sra.ebi.ac.uk/vol1/fastq/ERR393/002/ERR3932432/ERR3932432_1.fastq.gz,https://ftp.sra.ebi.ac.uk/vol1/fastq/ERR393/002/ERR3932432/ERR3932432_2.fastq.gz
vmg-0829-ERR14211434,https://ftp.sra.ebi.ac.uk/vol1/fastq/ERR142/034/ERR14211434/ERR14211434_1.fastq.gz,https://ftp.sra.ebi.ac.uk/vol1/fastq/ERR142/034/ERR14211434/ERR14211434_2.fastq.gz
vmg-0830-ERR14194819,https://ftp.sra.ebi.ac.uk/vol1/fastq/ERR141/019/ERR14194819/ERR14194819_1.fastq.gz,https://ftp.sra.ebi.ac.uk/vol1/fastq/ERR141/019/ERR14194819/ERR14194819_2.fastq.gz
vmg-0831-ERR10749620,https://ftp.sra.ebi.ac.uk/vol1/fastq/ERR107/020/ERR10749620/ERR10749620_1.fastq.gz,https://ftp.sra.ebi.ac.uk/vol1/fastq/ERR107/020/ERR10749620/ERR10749620_2.fastq.gz
vmg-0832-ERR2728753,https://ftp.sra.ebi.ac.uk/vol1/fastq/ERR272/003/ERR2728753/ERR2728753_1.fastq.gz,https://ftp.sra.ebi.ac.uk/vol1/fastq/ERR272/003/ERR2728753/ERR2728753_2.fastq.gz
vmg-0833-ERR11627340,https://ftp.sra.ebi.ac.uk/vol1/fastq/ERR116/040/ERR11627340/ERR11627340_1.fastq.gz,https://ftp.sra.ebi.ac.uk/vol1/fastq/ERR116/040/ERR11627340/ERR11627340_2.fastq.gz
vmg-0834-ERR14195496,https://ftp.sra.ebi.ac.uk/vol1/fastq/ERR141/096/ERR14195496/ERR14195496_1.fastq.gz,https://ftp.sra.ebi.ac.uk/vol1/fastq/ERR141/096/ERR14195496/ERR14195496_2.fastq.gz
vmg-0835-ERR14211642,https://ftp.sra.ebi.ac.uk/vol1/fastq/ERR142/042/ERR14211642/ERR14211642_1.fastq.gz,https://ftp.sra.ebi.ac.uk/vol1/fastq/ERR142/042/ERR14211642/ERR14211642_2.fastq.gz
vmg-0836-ERR14211260,https://ftp.sra.ebi.ac.uk/vol1/fastq/ERR142/060/ERR14211260/ERR14211260_1.fastq.gz,https://ftp.sra.ebi.ac.uk/vol1/fastq/ERR142/060/ERR14211260/ERR14211260_2.fastq.gz
vmg-0837-ERR16024346,https://ftp.sra.ebi.ac.uk/vol1/fastq/ERR160/046/ERR16024346/ERR16024346_1.fastq.gz,https://ftp.sra.ebi.ac.uk/vol1/fastq/ERR160/046/ERR16024346/ERR16024346_2.fastq.gz
vmg-0838-ERR12520161,https://ftp.sra.ebi.ac.uk/vol1/fastq/ERR125/061/ERR12520161/ERR12520161_1.fastq.gz,https://ftp.sra.ebi.ac.uk/vol1/fastq/ERR125/061/ERR12520161/ERR12520161_2.fastq.gz
vmg-0839-ERR12218689,https://ftp.sra.ebi.ac.uk/vol1/fastq/ERR122/089/ERR12218689/ERR12218689_1.fastq.gz,https://ftp.sra.ebi.ac.uk/vol1/fastq/ERR122/089/ERR12218689/ERR12218689_2.fastq.gz
vmg-0840-ERR10880585,https://ftp.sra.ebi.ac.uk/vol1/fastq/ERR108/085/ERR10880585/ERR10880585_1.fastq.gz,https://ftp.sra.ebi.ac.uk/vol1/fastq/ERR108/085/ERR10880585/ERR10880585_2.fastq.gz
vmg-0841-ERR12520192,https://ftp.sra.ebi.ac.uk/vol1/fastq/ERR125/092/ERR12520192/ERR12520192_1.fastq.gz,https://ftp.sra.ebi.ac.uk/vol1/fastq/ERR125/092/ERR12520192/ERR12520192_2.fastq.gz
vmg-0842-DRR734900,https://ftp.sra.ebi.ac.uk/vol1/fastq/DRR734/DRR734900/DRR734900_1.fastq.gz,https://ftp.sra.ebi.ac.uk/vol1/fastq/DRR734/DRR734900/DRR734900_2.fastq.gz
vmg-0843-ERR2728757,https://ftp.sra.ebi.ac.uk/vol1/fastq/ERR272/007/ERR2728757/ERR2728757_1.fastq.gz,https://ftp.sra.ebi.ac.uk/vol1/fastq/ERR272/007/ERR2728757/ERR2728757_2.fastq.gz
vmg-0844-DRR827338,https://ftp.sra.ebi.ac.uk/vol1/fastq/DRR827/DRR827338/DRR827338_1.fastq.gz,https://ftp.sra.ebi.ac.uk/vol1/fastq/DRR827/DRR827338/DRR827338_2.fastq.gz
vmg-0845-ERR16717132,https://ftp.sra.ebi.ac.uk/vol1/fastq/ERR167/032/ERR16717132/ERR16717132_1.fastq.gz,https://ftp.sra.ebi.ac.uk/vol1/fastq/ERR167/032/ERR16717132/ERR16717132_2.fastq.gz
vmg-0846-ERR14211771,https://ftp.sra.ebi.ac.uk/vol1/fastq/ERR142/071/ERR14211771/ERR14211771_1.fastq.gz,https://ftp.sra.ebi.ac.uk/vol1/fastq/ERR142/071/ERR14211771/ERR14211771_2.fastq.gz
vmg-0847-ERR11646927,https://ftp.sra.ebi.ac.uk/vol1/fastq/ERR116/027/ERR11646927/ERR11646927_1.fastq.gz,https://ftp.sra.ebi.ac.uk/vol1/fastq/ERR116/027/ERR11646927/ERR11646927_2.fastq.gz
vmg-0848-ERR3726756,https://ftp.sra.ebi.ac.uk/vol1/fastq/ERR372/006/ERR3726756/ERR3726756_1.fastq.gz,https://ftp.sra.ebi.ac.uk/vol1/fastq/ERR372/006/ERR3726756/ERR3726756_2.fastq.gz
vmg-0849-ERR13061348,https://ftp.sra.ebi.ac.uk/vol1/fastq/ERR130/048/ERR13061348/ERR13061348_1.fastq.gz,https://ftp.sra.ebi.ac.uk/vol1/fastq/ERR130/048/ERR13061348/ERR13061348_2.fastq.gz
vmg-0850-ERR10743799,https://ftp.sra.ebi.ac.uk/vol1/fastq/ERR107/099/ERR10743799/ERR10743799_1.fastq.gz,https://ftp.sra.ebi.ac.uk/vol1/fastq/ERR107/099/ERR10743799/ERR10743799_2.fastq.gz
vmg-0851-ERR14708387,https://ftp.sra.ebi.ac.uk/vol1/fastq/ERR147/087/ERR14708387/ERR14708387_1.fastq.gz,https://ftp.sra.ebi.ac.uk/vol1/fastq/ERR147/087/ERR14708387/ERR14708387_2.fastq.gz
vmg-0852-ERR2611649,https://ftp.sra.ebi.ac.uk/vol1/fastq/ERR261/009/ERR2611649/ERR2611649_1.fastq.gz,https://ftp.sra.ebi.ac.uk/vol1/fastq/ERR261/009/ERR2611649/ERR2611649_2.fastq.gz
vmg-0853-ERR15136075,https://ftp.sra.ebi.ac.uk/vol1/fastq/ERR151/075/ERR15136075/ERR15136075_1.fastq.gz,https://ftp.sra.ebi.ac.uk/vol1/fastq/ERR151/075/ERR15136075/ERR15136075_2.fastq.gz
vmg-0854-ERR16713350,https://ftp.sra.ebi.ac.uk/vol1/fastq/ERR167/050/ERR16713350/ERR16713350_1.fastq.gz,https://ftp.sra.ebi.ac.uk/vol1/fastq/ERR167/050/ERR16713350/ERR16713350_2.fastq.gz
vmg-0855-ERR12555027,https://ftp.sra.ebi.ac.uk/vol1/fastq/ERR125/027/ERR12555027/ERR12555027_1.fastq.gz,https://ftp.sra.ebi.ac.uk/vol1/fastq/ERR125/027/ERR12555027/ERR12555027_2.fastq.gz
vmg-0856-DRR769975,https://ftp.sra.ebi.ac.uk/vol1/fastq/DRR769/DRR769975/DRR769975_1.fastq.gz,https://ftp.sra.ebi.ac.uk/vol1/fastq/DRR769/DRR769975/DRR769975_2.fastq.gz
vmg-0857-ERR3682643,https://ftp.sra.ebi.ac.uk/vol1/fastq/ERR368/003/ERR3682643/ERR3682643_1.fastq.gz,https://ftp.sra.ebi.ac.uk/vol1/fastq/ERR368/003/ERR3682643/ERR3682643_2.fastq.gz
vmg-0858-ERR4502458,https://ftp.sra.ebi.ac.uk/vol1/fastq/ERR450/008/ERR4502458/ERR4502458_1.fastq.gz,https://ftp.sra.ebi.ac.uk/vol1/fastq/ERR450/008/ERR4502458/ERR4502458_2.fastq.gz
vmg-0859-DRR735175,https://ftp.sra.ebi.ac.uk/vol1/fastq/DRR735/DRR735175/DRR735175_1.fastq.gz,https://ftp.sra.ebi.ac.uk/vol1/fastq/DRR735/DRR735175/DRR735175_2.fastq.gz
vmg-0860-ERR14789242,https://ftp.sra.ebi.ac.uk/vol1/fastq/ERR147/042/ERR14789242/ERR14789242_1.fastq.gz,https://ftp.sra.ebi.ac.uk/vol1/fastq/ERR147/042/ERR14789242/ERR14789242_2.fastq.gz
vmg-0861-ERR13911262,https://ftp.sra.ebi.ac.uk/vol1/fastq/ERR139/062/ERR13911262/ERR13911262_1.fastq.gz,https://ftp.sra.ebi.ac.uk/vol1/fastq/ERR139/062/ERR13911262/ERR13911262_2.fastq.gz
vmg-0862-ERR11646961,https://ftp.sra.ebi.ac.uk/vol1/fastq/ERR116/061/ERR11646961/ERR11646961_1.fastq.gz,https://ftp.sra.ebi.ac.uk/vol1/fastq/ERR116/061/ERR11646961/ERR11646961_2.fastq.gz
vmg-0863-ERR12218691,https://ftp.sra.ebi.ac.uk/vol1/fastq/ERR122/091/ERR12218691/ERR12218691_1.fastq.gz,https://ftp.sra.ebi.ac.uk/vol1/fastq/ERR122/091/ERR12218691/ERR12218691_2.fastq.gz
vmg-0864-ERR11489496,https://ftp.sra.ebi.ac.uk/vol1/fastq/ERR114/096/ERR11489496/ERR11489496_1.fastq.gz,https://ftp.sra.ebi.ac.uk/vol1/fastq/ERR114/096/ERR11489496/ERR11489496_2.fastq.gz
vmg-0865-DRR858858,https://ftp.sra.ebi.ac.uk/vol1/fastq/DRR858/DRR858858/DRR858858_1.fastq.gz,https://ftp.sra.ebi.ac.uk/vol1/fastq/DRR858/DRR858858/DRR858858_2.fastq.gz
vmg-0866-ERR14195599,https://ftp.sra.ebi.ac.uk/vol1/fastq/ERR141/099/ERR14195599/ERR14195599_1.fastq.gz,https://ftp.sra.ebi.ac.uk/vol1/fastq/ERR141/099/ERR14195599/ERR14195599_2.fastq.gz
vmg-0867-ERR14211745,https://ftp.sra.ebi.ac.uk/vol1/fastq/ERR142/045/ERR14211745/ERR14211745_1.fastq.gz,https://ftp.sra.ebi.ac.uk/vol1/fastq/ERR142/045/ERR14211745/ERR14211745_2.fastq.gz
vmg-0868-ERR14946277,https://ftp.sra.ebi.ac.uk/vol1/fastq/ERR149/077/ERR14946277/ERR14946277_1.fastq.gz,https://ftp.sra.ebi.ac.uk/vol1/fastq/ERR149/077/ERR14946277/ERR14946277_2.fastq.gz
vmg-0869-ERR14194648,https://ftp.sra.ebi.ac.uk/vol1/fastq/ERR141/048/ERR14194648/ERR14194648_1.fastq.gz,https://ftp.sra.ebi.ac.uk/vol1/fastq/ERR141/048/ERR14194648/ERR14194648_2.fastq.gz
vmg-0870-ERR12219086,https://ftp.sra.ebi.ac.uk/vol1/fastq/ERR122/086/ERR12219086/ERR12219086_1.fastq.gz,https://ftp.sra.ebi.ac.uk/vol1/fastq/ERR122/086/ERR12219086/ERR12219086_2.fastq.gz
vmg-0871-ERR13910981,https://ftp.sra.ebi.ac.uk/vol1/fastq/ERR139/081/ERR13910981/ERR13910981_1.fastq.gz,https://ftp.sra.ebi.ac.uk/vol1/fastq/ERR139/081/ERR13910981/ERR13910981_2.fastq.gz
vmg-0872-ERR13583524,https://ftp.sra.ebi.ac.uk/vol1/fastq/ERR135/024/ERR13583524/ERR13583524_1.fastq.gz,https://ftp.sra.ebi.ac.uk/vol1/fastq/ERR135/024/ERR13583524/ERR13583524_2.fastq.gz
vmg-0873-ERR4502374,https://ftp.sra.ebi.ac.uk/vol1/fastq/ERR450/004/ERR4502374/ERR4502374_1.fastq.gz,https://ftp.sra.ebi.ac.uk/vol1/fastq/ERR450/004/ERR4502374/ERR4502374_2.fastq.gz
vmg-0874-ERR14788842,https://ftp.sra.ebi.ac.uk/vol1/fastq/ERR147/042/ERR14788842/ERR14788842_1.fastq.gz,https://ftp.sra.ebi.ac.uk/vol1/fastq/ERR147/042/ERR14788842/ERR14788842_2.fastq.gz
vmg-0875-ERR14195700,https://ftp.sra.ebi.ac.uk/vol1/fastq/ERR141/000/ERR14195700/ERR14195700_1.fastq.gz,https://ftp.sra.ebi.ac.uk/vol1/fastq/ERR141/000/ERR14195700/ERR14195700_2.fastq.gz
vmg-0876-ERR14211846,https://ftp.sra.ebi.ac.uk/vol1/fastq/ERR142/046/ERR14211846/ERR14211846_1.fastq.gz,https://ftp.sra.ebi.ac.uk/vol1/fastq/ERR142/046/ERR14211846/ERR14211846_2.fastq.gz
vmg-0877-DRR1030111,https://ftp.sra.ebi.ac.uk/vol1/fastq/DRR103/001/DRR1030111/DRR1030111_1.fastq.gz,https://ftp.sra.ebi.ac.uk/vol1/fastq/DRR103/001/DRR1030111/DRR1030111_2.fastq.gz
vmg-0878-ERR2863512,https://ftp.sra.ebi.ac.uk/vol1/fastq/ERR286/002/ERR2863512/ERR2863512_1.fastq.gz,https://ftp.sra.ebi.ac.uk/vol1/fastq/ERR286/002/ERR2863512/ERR2863512_2.fastq.gz
vmg-0879-ERR14044074,https://ftp.sra.ebi.ac.uk/vol1/fastq/ERR140/074/ERR14044074/ERR14044074_1.fastq.gz,https://ftp.sra.ebi.ac.uk/vol1/fastq/ERR140/074/ERR14044074/ERR14044074_2.fastq.gz
vmg-0880-DRR735555,https://ftp.sra.ebi.ac.uk/vol1/fastq/DRR735/DRR735555/DRR735555_1.fastq.gz,https://ftp.sra.ebi.ac.uk/vol1/fastq/DRR735/DRR735555/DRR735555_2.fastq.gz
vmg-0881-ERR12032783,https://ftp.sra.ebi.ac.uk/vol1/fastq/ERR120/083/ERR12032783/ERR12032783_1.fastq.gz,https://ftp.sra.ebi.ac.uk/vol1/fastq/ERR120/083/ERR12032783/ERR12032783_2.fastq.gz
vmg-0882-DRR735094,https://ftp.sra.ebi.ac.uk/vol1/fastq/DRR735/DRR735094/DRR735094_1.fastq.gz,https://ftp.sra.ebi.ac.uk/vol1/fastq/DRR735/DRR735094/DRR735094_2.fastq.gz
vmg-0883-ERR12126372,https://ftp.sra.ebi.ac.uk/vol1/fastq/ERR121/072/ERR12126372/ERR12126372_1.fastq.gz,https://ftp.sra.ebi.ac.uk/vol1/fastq/ERR121/072/ERR12126372/ERR12126372_2.fastq.gz
vmg-0884-ERR14211449,https://ftp.sra.ebi.ac.uk/vol1/fastq/ERR142/049/ERR14211449/ERR14211449_1.fastq.gz,https://ftp.sra.ebi.ac.uk/vol1/fastq/ERR142/049/ERR14211449/ERR14211449_2.fastq.gz
vmg-0885-ERR12032890,https://ftp.sra.ebi.ac.uk/vol1/fastq/ERR120/090/ERR12032890/ERR12032890_1.fastq.gz,https://ftp.sra.ebi.ac.uk/vol1/fastq/ERR120/090/ERR12032890/ERR12032890_2.fastq.gz
vmg-0886-ERR17227701,https://ftp.sra.ebi.ac.uk/vol1/fastq/ERR172/001/ERR17227701/ERR17227701_1.fastq.gz,https://ftp.sra.ebi.ac.uk/vol1/fastq/ERR172/001/ERR17227701/ERR17227701_2.fastq.gz
vmg-0887-DRR735307,https://ftp.sra.ebi.ac.uk/vol1/fastq/DRR735/DRR735307/DRR735307_1.fastq.gz,https://ftp.sra.ebi.ac.uk/vol1/fastq/DRR735/DRR735307/DRR735307_2.fastq.gz
vmg-0888-ERR12217790,https://ftp.sra.ebi.ac.uk/vol1/fastq/ERR122/090/ERR12217790/ERR12217790_1.fastq.gz,https://ftp.sra.ebi.ac.uk/vol1/fastq/ERR122/090/ERR12217790/ERR12217790_2.fastq.gz
vmg-0889-ERR13061354,https://ftp.sra.ebi.ac.uk/vol1/fastq/ERR130/054/ERR13061354/ERR13061354_1.fastq.gz,https://ftp.sra.ebi.ac.uk/vol1/fastq/ERR130/054/ERR13061354/ERR13061354_2.fastq.gz
vmg-0890-ERR10880584,https://ftp.sra.ebi.ac.uk/vol1/fastq/ERR108/084/ERR10880584/ERR10880584_1.fastq.gz,https://ftp.sra.ebi.ac.uk/vol1/fastq/ERR108/084/ERR10880584/ERR10880584_2.fastq.gz
vmg-0891-ERR16721616,https://ftp.sra.ebi.ac.uk/vol1/fastq/ERR167/016/ERR16721616/ERR16721616_1.fastq.gz,https://ftp.sra.ebi.ac.uk/vol1/fastq/ERR167/016/ERR16721616/ERR16721616_2.fastq.gz
vmg-0892-ERR14946159,https://ftp.sra.ebi.ac.uk/vol1/fastq/ERR149/059/ERR14946159/ERR14946159_1.fastq.gz,https://ftp.sra.ebi.ac.uk/vol1/fastq/ERR149/059/ERR14946159/ERR14946159_2.fastq.gz
vmg-0893-ERR12126371,https://ftp.sra.ebi.ac.uk/vol1/fastq/ERR121/071/ERR12126371/ERR12126371_1.fastq.gz,https://ftp.sra.ebi.ac.uk/vol1/fastq/ERR121/071/ERR12126371/ERR12126371_2.fastq.gz
vmg-0894-ERR2863548,https://ftp.sra.ebi.ac.uk/vol1/fastq/ERR286/008/ERR2863548/ERR2863548_1.fastq.gz,https://ftp.sra.ebi.ac.uk/vol1/fastq/ERR286/008/ERR2863548/ERR2863548_2.fastq.gz
vmg-0895-DRR735036,https://ftp.sra.ebi.ac.uk/vol1/fastq/DRR735/DRR735036/DRR735036_1.fastq.gz,https://ftp.sra.ebi.ac.uk/vol1/fastq/DRR735/DRR735036/DRR735036_2.fastq.gz
vmg-0896-ERR14789056,https://ftp.sra.ebi.ac.uk/vol1/fastq/ERR147/056/ERR14789056/ERR14789056_1.fastq.gz,https://ftp.sra.ebi.ac.uk/vol1/fastq/ERR147/056/ERR14789056/ERR14789056_2.fastq.gz
vmg-0897-DRR735500,https://ftp.sra.ebi.ac.uk/vol1/fastq/DRR735/DRR735500/DRR735500_1.fastq.gz,https://ftp.sra.ebi.ac.uk/vol1/fastq/DRR735/DRR735500/DRR735500_2.fastq.gz
vmg-0898-ERR2611547,https://ftp.sra.ebi.ac.uk/vol1/fastq/ERR261/007/ERR2611547/ERR2611547_1.fastq.gz,https://ftp.sra.ebi.ac.uk/vol1/fastq/ERR261/007/ERR2611547/ERR2611547_2.fastq.gz
vmg-0899-ERR4502196,https://ftp.sra.ebi.ac.uk/vol1/fastq/ERR450/006/ERR4502196/ERR4502196_1.fastq.gz,https://ftp.sra.ebi.ac.uk/vol1/fastq/ERR450/006/ERR4502196/ERR4502196_2.fastq.gz
vmg-0900-ERR16710797,https://ftp.sra.ebi.ac.uk/vol1/fastq/ERR167/097/ERR16710797/ERR16710797_1.fastq.gz,https://ftp.sra.ebi.ac.uk/vol1/fastq/ERR167/097/ERR16710797/ERR16710797_2.fastq.gz
vmg-0901-ERR14211455,https://ftp.sra.ebi.ac.uk/vol1/fastq/ERR142/055/ERR14211455/ERR14211455_1.fastq.gz,https://ftp.sra.ebi.ac.uk/vol1/fastq/ERR142/055/ERR14211455/ERR14211455_2.fastq.gz
vmg-0902-ERR12220069,https://ftp.sra.ebi.ac.uk/vol1/fastq/ERR122/069/ERR12220069/ERR12220069_1.fastq.gz,https://ftp.sra.ebi.ac.uk/vol1/fastq/ERR122/069/ERR12220069/ERR12220069_2.fastq.gz
vmg-0903-ERR11627426,https://ftp.sra.ebi.ac.uk/vol1/fastq/ERR116/026/ERR11627426/ERR11627426_1.fastq.gz,https://ftp.sra.ebi.ac.uk/vol1/fastq/ERR116/026/ERR11627426/ERR11627426_2.fastq.gz
vmg-0904-ERR4503282,https://ftp.sra.ebi.ac.uk/vol1/fastq/ERR450/002/ERR4503282/ERR4503282_1.fastq.gz,https://ftp.sra.ebi.ac.uk/vol1/fastq/ERR450/002/ERR4503282/ERR4503282_2.fastq.gz
vmg-0905-ERR13950645,https://ftp.sra.ebi.ac.uk/vol1/fastq/ERR139/045/ERR13950645/ERR13950645_1.fastq.gz,https://ftp.sra.ebi.ac.uk/vol1/fastq/ERR139/045/ERR13950645/ERR13950645_2.fastq.gz
vmg-0906-ERR12032978,https://ftp.sra.ebi.ac.uk/vol1/fastq/ERR120/078/ERR12032978/ERR12032978_1.fastq.gz,https://ftp.sra.ebi.ac.uk/vol1/fastq/ERR120/078/ERR12032978/ERR12032978_2.fastq.gz
vmg-0907-ERR4503031,https://ftp.sra.ebi.ac.uk/vol1/fastq/ERR450/001/ERR4503031/ERR4503031_1.fastq.gz,https://ftp.sra.ebi.ac.uk/vol1/fastq/ERR450/001/ERR4503031/ERR4503031_2.fastq.gz
vmg-0908-DRR735490,https://ftp.sra.ebi.ac.uk/vol1/fastq/DRR735/DRR735490/DRR735490_1.fastq.gz,https://ftp.sra.ebi.ac.uk/vol1/fastq/DRR735/DRR735490/DRR735490_2.fastq.gz
vmg-0909-DRR735124,https://ftp.sra.ebi.ac.uk/vol1/fastq/DRR735/DRR735124/DRR735124_1.fastq.gz,https://ftp.sra.ebi.ac.uk/vol1/fastq/DRR735/DRR735124/DRR735124_2.fastq.gz
vmg-0910-DRR1030108,https://ftp.sra.ebi.ac.uk/vol1/fastq/DRR103/008/DRR1030108/DRR1030108_1.fastq.gz,https://ftp.sra.ebi.ac.uk/vol1/fastq/DRR103/008/DRR1030108/DRR1030108_2.fastq.gz
vmg-0911-ERR16004271,https://ftp.sra.ebi.ac.uk/vol1/fastq/ERR160/071/ERR16004271/ERR16004271_1.fastq.gz,https://ftp.sra.ebi.ac.uk/vol1/fastq/ERR160/071/ERR16004271/ERR16004271_2.fastq.gz
vmg-0912-DRR735373,https://ftp.sra.ebi.ac.uk/vol1/fastq/DRR735/DRR735373/DRR735373_1.fastq.gz,https://ftp.sra.ebi.ac.uk/vol1/fastq/DRR735/DRR735373/DRR735373_2.fastq.gz
vmg-0913-DRR1030116,https://ftp.sra.ebi.ac.uk/vol1/fastq/DRR103/006/DRR1030116/DRR1030116_1.fastq.gz,https://ftp.sra.ebi.ac.uk/vol1/fastq/DRR103/006/DRR1030116/DRR1030116_2.fastq.gz
vmg-0914-DRR735286,https://ftp.sra.ebi.ac.uk/vol1/fastq/DRR735/DRR735286/DRR735286_1.fastq.gz,https://ftp.sra.ebi.ac.uk/vol1/fastq/DRR735/DRR735286/DRR735286_2.fastq.gz
vmg-0915-ERR11627318,https://ftp.sra.ebi.ac.uk/vol1/fastq/ERR116/018/ERR11627318/ERR11627318_1.fastq.gz,https://ftp.sra.ebi.ac.uk/vol1/fastq/ERR116/018/ERR11627318/ERR11627318_2.fastq.gz
vmg-0916-ERR12218746,https://ftp.sra.ebi.ac.uk/vol1/fastq/ERR122/046/ERR12218746/ERR12218746_1.fastq.gz,https://ftp.sra.ebi.ac.uk/vol1/fastq/ERR122/046/ERR12218746/ERR12218746_2.fastq.gz
vmg-0917-ERR11489573,https://ftp.sra.ebi.ac.uk/vol1/fastq/ERR114/073/ERR11489573/ERR11489573_1.fastq.gz,https://ftp.sra.ebi.ac.uk/vol1/fastq/ERR114/073/ERR11489573/ERR11489573_2.fastq.gz
vmg-0918-DRR735597,https://ftp.sra.ebi.ac.uk/vol1/fastq/DRR735/DRR735597/DRR735597_1.fastq.gz,https://ftp.sra.ebi.ac.uk/vol1/fastq/DRR735/DRR735597/DRR735597_2.fastq.gz
vmg-0919-ERR3969705,https://ftp.sra.ebi.ac.uk/vol1/fastq/ERR396/005/ERR3969705/ERR3969705_1.fastq.gz,https://ftp.sra.ebi.ac.uk/vol1/fastq/ERR396/005/ERR3969705/ERR3969705_2.fastq.gz
vmg-0920-ERR2863536,https://ftp.sra.ebi.ac.uk/vol1/fastq/ERR286/006/ERR2863536/ERR2863536_1.fastq.gz,https://ftp.sra.ebi.ac.uk/vol1/fastq/ERR286/006/ERR2863536/ERR2863536_2.fastq.gz
vmg-0921-ERR14210931,https://ftp.sra.ebi.ac.uk/vol1/fastq/ERR142/031/ERR14210931/ERR14210931_1.fastq.gz,https://ftp.sra.ebi.ac.uk/vol1/fastq/ERR142/031/ERR14210931/ERR14210931_2.fastq.gz
vmg-0922-ERR12220671,https://ftp.sra.ebi.ac.uk/vol1/fastq/ERR122/071/ERR12220671/ERR12220671_1.fastq.gz,https://ftp.sra.ebi.ac.uk/vol1/fastq/ERR122/071/ERR12220671/ERR12220671_2.fastq.gz
vmg-0923-ERR14194651,https://ftp.sra.ebi.ac.uk/vol1/fastq/ERR141/051/ERR14194651/ERR14194651_1.fastq.gz,https://ftp.sra.ebi.ac.uk/vol1/fastq/ERR141/051/ERR14194651/ERR14194651_2.fastq.gz
vmg-0924-ERR2041255,https://ftp.sra.ebi.ac.uk/vol1/fastq/ERR204/005/ERR2041255/ERR2041255_1.fastq.gz,https://ftp.sra.ebi.ac.uk/vol1/fastq/ERR204/005/ERR2041255/ERR2041255_2.fastq.gz
vmg-0925-ERR12556264,https://ftp.sra.ebi.ac.uk/vol1/fastq/ERR125/064/ERR12556264/ERR12556264_1.fastq.gz,https://ftp.sra.ebi.ac.uk/vol1/fastq/ERR125/064/ERR12556264/ERR12556264_2.fastq.gz
vmg-0926-ERR15667861,https://ftp.sra.ebi.ac.uk/vol1/fastq/ERR156/061/ERR15667861/ERR15667861_1.fastq.gz,https://ftp.sra.ebi.ac.uk/vol1/fastq/ERR156/061/ERR15667861/ERR15667861_2.fastq.gz
vmg-0927-DRR858903,https://ftp.sra.ebi.ac.uk/vol1/fastq/DRR858/DRR858903/DRR858903_1.fastq.gz,https://ftp.sra.ebi.ac.uk/vol1/fastq/DRR858/DRR858903/DRR858903_2.fastq.gz
vmg-0928-ERR14210883,https://ftp.sra.ebi.ac.uk/vol1/fastq/ERR142/083/ERR14210883/ERR14210883_1.fastq.gz,https://ftp.sra.ebi.ac.uk/vol1/fastq/ERR142/083/ERR14210883/ERR14210883_2.fastq.gz
vmg-0929-ERR10749600,https://ftp.sra.ebi.ac.uk/vol1/fastq/ERR107/000/ERR10749600/ERR10749600_1.fastq.gz,https://ftp.sra.ebi.ac.uk/vol1/fastq/ERR107/000/ERR10749600/ERR10749600_2.fastq.gz
vmg-0930-ERR14194697,https://ftp.sra.ebi.ac.uk/vol1/fastq/ERR141/097/ERR14194697/ERR14194697_1.fastq.gz,https://ftp.sra.ebi.ac.uk/vol1/fastq/ERR141/097/ERR14194697/ERR14194697_2.fastq.gz
vmg-0931-ERR15667773,https://ftp.sra.ebi.ac.uk/vol1/fastq/ERR156/073/ERR15667773/ERR15667773_1.fastq.gz,https://ftp.sra.ebi.ac.uk/vol1/fastq/ERR156/073/ERR15667773/ERR15667773_2.fastq.gz
vmg-0932-ERR2611611,https://ftp.sra.ebi.ac.uk/vol1/fastq/ERR261/001/ERR2611611/ERR2611611_1.fastq.gz,https://ftp.sra.ebi.ac.uk/vol1/fastq/ERR261/001/ERR2611611/ERR2611611_2.fastq.gz
vmg-0933-ERR2611576,https://ftp.sra.ebi.ac.uk/vol1/fastq/ERR261/006/ERR2611576/ERR2611576_1.fastq.gz,https://ftp.sra.ebi.ac.uk/vol1/fastq/ERR261/006/ERR2611576/ERR2611576_2.fastq.gz
vmg-0934-DRR735506,https://ftp.sra.ebi.ac.uk/vol1/fastq/DRR735/DRR735506/DRR735506_1.fastq.gz,https://ftp.sra.ebi.ac.uk/vol1/fastq/DRR735/DRR735506/DRR735506_2.fastq.gz
vmg-0935-DRR777247,https://ftp.sra.ebi.ac.uk/vol1/fastq/DRR777/DRR777247/DRR777247_1.fastq.gz,https://ftp.sra.ebi.ac.uk/vol1/fastq/DRR777/DRR777247/DRR777247_2.fastq.gz
vmg-0936-DRR734945,https://ftp.sra.ebi.ac.uk/vol1/fastq/DRR734/DRR734945/DRR734945_1.fastq.gz,https://ftp.sra.ebi.ac.uk/vol1/fastq/DRR734/DRR734945/DRR734945_2.fastq.gz
vmg-0937-DRR735292,https://ftp.sra.ebi.ac.uk/vol1/fastq/DRR735/DRR735292/DRR735292_1.fastq.gz,https://ftp.sra.ebi.ac.uk/vol1/fastq/DRR735/DRR735292/DRR735292_2.fastq.gz
vmg-0938-ERR17463094,https://ftp.sra.ebi.ac.uk/vol1/fastq/ERR174/094/ERR17463094/ERR17463094_1.fastq.gz,https://ftp.sra.ebi.ac.uk/vol1/fastq/ERR174/094/ERR17463094/ERR17463094_2.fastq.gz
vmg-0939-ERR3769599,https://ftp.sra.ebi.ac.uk/vol1/fastq/ERR376/009/ERR3769599/ERR3769599_1.fastq.gz,https://ftp.sra.ebi.ac.uk/vol1/fastq/ERR376/009/ERR3769599/ERR3769599_2.fastq.gz
vmg-0940-ERR16722093,https://ftp.sra.ebi.ac.uk/vol1/fastq/ERR167/093/ERR16722093/ERR16722093_1.fastq.gz,https://ftp.sra.ebi.ac.uk/vol1/fastq/ERR167/093/ERR16722093/ERR16722093_2.fastq.gz
vmg-0941-ERR11627245,https://ftp.sra.ebi.ac.uk/vol1/fastq/ERR116/045/ERR11627245/ERR11627245_1.fastq.gz,https://ftp.sra.ebi.ac.uk/vol1/fastq/ERR116/045/ERR11627245/ERR11627245_2.fastq.gz
vmg-0942-ERR14789012,https://ftp.sra.ebi.ac.uk/vol1/fastq/ERR147/012/ERR14789012/ERR14789012_1.fastq.gz,https://ftp.sra.ebi.ac.uk/vol1/fastq/ERR147/012/ERR14789012/ERR14789012_2.fastq.gz
vmg-0943-DRR637000,https://ftp.sra.ebi.ac.uk/vol1/fastq/DRR637/DRR637000/DRR637000_1.fastq.gz,https://ftp.sra.ebi.ac.uk/vol1/fastq/DRR637/DRR637000/DRR637000_2.fastq.gz
vmg-0944-DRR858878,https://ftp.sra.ebi.ac.uk/vol1/fastq/DRR858/DRR858878/DRR858878_1.fastq.gz,https://ftp.sra.ebi.ac.uk/vol1/fastq/DRR858/DRR858878/DRR858878_2.fastq.gz
vmg-0945-ERR2728849,https://ftp.sra.ebi.ac.uk/vol1/fastq/ERR272/009/ERR2728849/ERR2728849_1.fastq.gz,https://ftp.sra.ebi.ac.uk/vol1/fastq/ERR272/009/ERR2728849/ERR2728849_2.fastq.gz
vmg-0946-ERR15135571,https://ftp.sra.ebi.ac.uk/vol1/fastq/ERR151/071/ERR15135571/ERR15135571_1.fastq.gz,https://ftp.sra.ebi.ac.uk/vol1/fastq/ERR151/071/ERR15135571/ERR15135571_2.fastq.gz
vmg-0947-DRR735523,https://ftp.sra.ebi.ac.uk/vol1/fastq/DRR735/DRR735523/DRR735523_1.fastq.gz,https://ftp.sra.ebi.ac.uk/vol1/fastq/DRR735/DRR735523/DRR735523_2.fastq.gz
vmg-0948-ERR4228456,https://ftp.sra.ebi.ac.uk/vol1/fastq/ERR422/006/ERR4228456/ERR4228456_1.fastq.gz,https://ftp.sra.ebi.ac.uk/vol1/fastq/ERR422/006/ERR4228456/ERR4228456_2.fastq.gz
vmg-0949-ERR13328170,https://ftp.sra.ebi.ac.uk/vol1/fastq/ERR133/070/ERR13328170/ERR13328170_1.fastq.gz,https://ftp.sra.ebi.ac.uk/vol1/fastq/ERR133/070/ERR13328170/ERR13328170_2.fastq.gz
vmg-0950-DRR858864,https://ftp.sra.ebi.ac.uk/vol1/fastq/DRR858/DRR858864/DRR858864_1.fastq.gz,https://ftp.sra.ebi.ac.uk/vol1/fastq/DRR858/DRR858864/DRR858864_2.fastq.gz
vmg-0951-DRR771745,https://ftp.sra.ebi.ac.uk/vol1/fastq/DRR771/DRR771745/DRR771745_1.fastq.gz,https://ftp.sra.ebi.ac.uk/vol1/fastq/DRR771/DRR771745/DRR771745_2.fastq.gz
vmg-0952-ERR14000461,https://ftp.sra.ebi.ac.uk/vol1/fastq/ERR140/061/ERR14000461/ERR14000461_1.fastq.gz,https://ftp.sra.ebi.ac.uk/vol1/fastq/ERR140/061/ERR14000461/ERR14000461_2.fastq.gz
vmg-0953-ERR14211233,https://ftp.sra.ebi.ac.uk/vol1/fastq/ERR142/033/ERR14211233/ERR14211233_1.fastq.gz,https://ftp.sra.ebi.ac.uk/vol1/fastq/ERR142/033/ERR14211233/ERR14211233_2.fastq.gz
vmg-0954-ERR12454556,https://ftp.sra.ebi.ac.uk/vol1/fastq/ERR124/056/ERR12454556/ERR12454556_1.fastq.gz,https://ftp.sra.ebi.ac.uk/vol1/fastq/ERR124/056/ERR12454556/ERR12454556_2.fastq.gz
vmg-0955-ERR13391325,https://ftp.sra.ebi.ac.uk/vol1/fastq/ERR133/025/ERR13391325/ERR13391325_1.fastq.gz,https://ftp.sra.ebi.ac.uk/vol1/fastq/ERR133/025/ERR13391325/ERR13391325_2.fastq.gz
vmg-0956-ERR14194662,https://ftp.sra.ebi.ac.uk/vol1/fastq/ERR141/062/ERR14194662/ERR14194662_1.fastq.gz,https://ftp.sra.ebi.ac.uk/vol1/fastq/ERR141/062/ERR14194662/ERR14194662_2.fastq.gz
vmg-0957-ERR14211418,https://ftp.sra.ebi.ac.uk/vol1/fastq/ERR142/018/ERR14211418/ERR14211418_1.fastq.gz,https://ftp.sra.ebi.ac.uk/vol1/fastq/ERR142/018/ERR14211418/ERR14211418_2.fastq.gz
vmg-0958-ERR3769473,https://ftp.sra.ebi.ac.uk/vol1/fastq/ERR376/003/ERR3769473/ERR3769473_1.fastq.gz,https://ftp.sra.ebi.ac.uk/vol1/fastq/ERR376/003/ERR3769473/ERR3769473_2.fastq.gz
vmg-0959-ERR14043306,https://ftp.sra.ebi.ac.uk/vol1/fastq/ERR140/006/ERR14043306/ERR14043306_1.fastq.gz,https://ftp.sra.ebi.ac.uk/vol1/fastq/ERR140/006/ERR14043306/ERR14043306_2.fastq.gz
vmg-0960-DRR735514,https://ftp.sra.ebi.ac.uk/vol1/fastq/DRR735/DRR735514/DRR735514_1.fastq.gz,https://ftp.sra.ebi.ac.uk/vol1/fastq/DRR735/DRR735514/DRR735514_2.fastq.gz
vmg-0961-ERR2580707,https://ftp.sra.ebi.ac.uk/vol1/fastq/ERR258/007/ERR2580707/ERR2580707_1.fastq.gz,https://ftp.sra.ebi.ac.uk/vol1/fastq/ERR258/007/ERR2580707/ERR2580707_2.fastq.gz
vmg-0962-DRR734911,https://ftp.sra.ebi.ac.uk/vol1/fastq/DRR734/DRR734911/DRR734911_1.fastq.gz,https://ftp.sra.ebi.ac.uk/vol1/fastq/DRR734/DRR734911/DRR734911_2.fastq.gz
vmg-0963-ERR11627434,https://ftp.sra.ebi.ac.uk/vol1/fastq/ERR116/034/ERR11627434/ERR11627434_1.fastq.gz,https://ftp.sra.ebi.ac.uk/vol1/fastq/ERR116/034/ERR11627434/ERR11627434_2.fastq.gz
vmg-0964-ERR4407759,https://ftp.sra.ebi.ac.uk/vol1/fastq/ERR440/009/ERR4407759/ERR4407759_1.fastq.gz,https://ftp.sra.ebi.ac.uk/vol1/fastq/ERR440/009/ERR4407759/ERR4407759_2.fastq.gz
vmg-0965-ERR11019912,https://ftp.sra.ebi.ac.uk/vol1/fastq/ERR110/012/ERR11019912/ERR11019912_1.fastq.gz,https://ftp.sra.ebi.ac.uk/vol1/fastq/ERR110/012/ERR11019912/ERR11019912_2.fastq.gz
vmg-0966-ERR16998968,https://ftp.sra.ebi.ac.uk/vol1/fastq/ERR169/068/ERR16998968/ERR16998968_1.fastq.gz,https://ftp.sra.ebi.ac.uk/vol1/fastq/ERR169/068/ERR16998968/ERR16998968_2.fastq.gz
vmg-0967-ERR10749607,https://ftp.sra.ebi.ac.uk/vol1/fastq/ERR107/007/ERR10749607/ERR10749607_1.fastq.gz,https://ftp.sra.ebi.ac.uk/vol1/fastq/ERR107/007/ERR10749607/ERR10749607_2.fastq.gz
vmg-0968-ERR12032877,https://ftp.sra.ebi.ac.uk/vol1/fastq/ERR120/077/ERR12032877/ERR12032877_1.fastq.gz,https://ftp.sra.ebi.ac.uk/vol1/fastq/ERR120/077/ERR12032877/ERR12032877_2.fastq.gz
vmg-0969-ERR12316813,https://ftp.sra.ebi.ac.uk/vol1/fastq/ERR123/013/ERR12316813/ERR12316813_1.fastq.gz,https://ftp.sra.ebi.ac.uk/vol1/fastq/ERR123/013/ERR12316813/ERR12316813_2.fastq.gz
vmg-0970-DRR735539,https://ftp.sra.ebi.ac.uk/vol1/fastq/DRR735/DRR735539/DRR735539_1.fastq.gz,https://ftp.sra.ebi.ac.uk/vol1/fastq/DRR735/DRR735539/DRR735539_2.fastq.gz
vmg-0971-ERR15667903,https://ftp.sra.ebi.ac.uk/vol1/fastq/ERR156/003/ERR15667903/ERR15667903_1.fastq.gz,https://ftp.sra.ebi.ac.uk/vol1/fastq/ERR156/003/ERR15667903/ERR15667903_2.fastq.gz
vmg-0972-ERR14043940,https://ftp.sra.ebi.ac.uk/vol1/fastq/ERR140/040/ERR14043940/ERR14043940_1.fastq.gz,https://ftp.sra.ebi.ac.uk/vol1/fastq/ERR140/040/ERR14043940/ERR14043940_2.fastq.gz
vmg-0973-ERR14927667,https://ftp.sra.ebi.ac.uk/vol1/fastq/ERR149/067/ERR14927667/ERR14927667_1.fastq.gz,https://ftp.sra.ebi.ac.uk/vol1/fastq/ERR149/067/ERR14927667/ERR14927667_2.fastq.gz
vmg-0974-ERR11489514,https://ftp.sra.ebi.ac.uk/vol1/fastq/ERR114/014/ERR11489514/ERR11489514_1.fastq.gz,https://ftp.sra.ebi.ac.uk/vol1/fastq/ERR114/014/ERR11489514/ERR11489514_2.fastq.gz
vmg-0975-ERR13061349,https://ftp.sra.ebi.ac.uk/vol1/fastq/ERR130/049/ERR13061349/ERR13061349_1.fastq.gz,https://ftp.sra.ebi.ac.uk/vol1/fastq/ERR130/049/ERR13061349/ERR13061349_2.fastq.gz
vmg-0976-ERR12038254,https://ftp.sra.ebi.ac.uk/vol1/fastq/ERR120/054/ERR12038254/ERR12038254_1.fastq.gz,https://ftp.sra.ebi.ac.uk/vol1/fastq/ERR120/054/ERR12038254/ERR12038254_2.fastq.gz
vmg-0977-ERR12308570,https://ftp.sra.ebi.ac.uk/vol1/fastq/ERR123/070/ERR12308570/ERR12308570_1.fastq.gz,https://ftp.sra.ebi.ac.uk/vol1/fastq/ERR123/070/ERR12308570/ERR12308570_2.fastq.gz
vmg-0978-DRR735532,https://ftp.sra.ebi.ac.uk/vol1/fastq/DRR735/DRR735532/DRR735532_1.fastq.gz,https://ftp.sra.ebi.ac.uk/vol1/fastq/DRR735/DRR735532/DRR735532_2.fastq.gz
vmg-0979-ERR4407740,https://ftp.sra.ebi.ac.uk/vol1/fastq/ERR440/000/ERR4407740/ERR4407740_1.fastq.gz,https://ftp.sra.ebi.ac.uk/vol1/fastq/ERR440/000/ERR4407740/ERR4407740_2.fastq.gz
vmg-0980-ERR3726544,https://ftp.sra.ebi.ac.uk/vol1/fastq/ERR372/004/ERR3726544/ERR3726544_1.fastq.gz,https://ftp.sra.ebi.ac.uk/vol1/fastq/ERR372/004/ERR3726544/ERR3726544_2.fastq.gz
vmg-0981-ERR12556266,https://ftp.sra.ebi.ac.uk/vol1/fastq/ERR125/066/ERR12556266/ERR12556266_1.fastq.gz,https://ftp.sra.ebi.ac.uk/vol1/fastq/ERR125/066/ERR12556266/ERR12556266_2.fastq.gz
vmg-0982-ERR14195642,https://ftp.sra.ebi.ac.uk/vol1/fastq/ERR141/042/ERR14195642/ERR14195642_1.fastq.gz,https://ftp.sra.ebi.ac.uk/vol1/fastq/ERR141/042/ERR14195642/ERR14195642_2.fastq.gz
vmg-0983-ERR13187866,https://ftp.sra.ebi.ac.uk/vol1/fastq/ERR131/066/ERR13187866/ERR13187866_1.fastq.gz,https://ftp.sra.ebi.ac.uk/vol1/fastq/ERR131/066/ERR13187866/ERR13187866_2.fastq.gz
vmg-0984-ERR12038274,https://ftp.sra.ebi.ac.uk/vol1/fastq/ERR120/074/ERR12038274/ERR12038274_1.fastq.gz,https://ftp.sra.ebi.ac.uk/vol1/fastq/ERR120/074/ERR12038274/ERR12038274_2.fastq.gz
vmg-0985-DRR735533,https://ftp.sra.ebi.ac.uk/vol1/fastq/DRR735/DRR735533/DRR735533_1.fastq.gz,https://ftp.sra.ebi.ac.uk/vol1/fastq/DRR735/DRR735533/DRR735533_2.fastq.gz
vmg-0986-ERR13391205,https://ftp.sra.ebi.ac.uk/vol1/fastq/ERR133/005/ERR13391205/ERR13391205_1.fastq.gz,https://ftp.sra.ebi.ac.uk/vol1/fastq/ERR133/005/ERR13391205/ERR13391205_2.fastq.gz
vmg-0987-ERR10897894,https://ftp.sra.ebi.ac.uk/vol1/fastq/ERR108/094/ERR10897894/ERR10897894_1.fastq.gz,https://ftp.sra.ebi.ac.uk/vol1/fastq/ERR108/094/ERR10897894/ERR10897894_2.fastq.gz
vmg-0988-ERR14211683,https://ftp.sra.ebi.ac.uk/vol1/fastq/ERR142/083/ERR14211683/ERR14211683_1.fastq.gz,https://ftp.sra.ebi.ac.uk/vol1/fastq/ERR142/083/ERR14211683/ERR14211683_2.fastq.gz
vmg-0989-ERR14195537,https://ftp.sra.ebi.ac.uk/vol1/fastq/ERR141/037/ERR14195537/ERR14195537_1.fastq.gz,https://ftp.sra.ebi.ac.uk/vol1/fastq/ERR141/037/ERR14195537/ERR14195537_2.fastq.gz
vmg-0990-ERR14195281,https://ftp.sra.ebi.ac.uk/vol1/fastq/ERR141/081/ERR14195281/ERR14195281_1.fastq.gz,https://ftp.sra.ebi.ac.uk/vol1/fastq/ERR141/081/ERR14195281/ERR14195281_2.fastq.gz
vmg-0991-ERR14211427,https://ftp.sra.ebi.ac.uk/vol1/fastq/ERR142/027/ERR14211427/ERR14211427_1.fastq.gz,https://ftp.sra.ebi.ac.uk/vol1/fastq/ERR142/027/ERR14211427/ERR14211427_2.fastq.gz
vmg-0992-ERR14211226,https://ftp.sra.ebi.ac.uk/vol1/fastq/ERR142/026/ERR14211226/ERR14211226_1.fastq.gz,https://ftp.sra.ebi.ac.uk/vol1/fastq/ERR142/026/ERR14211226/ERR14211226_2.fastq.gz
vmg-0993-ERR12316871,https://ftp.sra.ebi.ac.uk/vol1/fastq/ERR123/071/ERR12316871/ERR12316871_1.fastq.gz,https://ftp.sra.ebi.ac.uk/vol1/fastq/ERR123/071/ERR12316871/ERR12316871_2.fastq.gz
vmg-0994-ERR14049358,https://ftp.sra.ebi.ac.uk/vol1/fastq/ERR140/058/ERR14049358/ERR14049358_1.fastq.gz,https://ftp.sra.ebi.ac.uk/vol1/fastq/ERR140/058/ERR14049358/ERR14049358_2.fastq.gz
vmg-0995-ERR2041233,https://ftp.sra.ebi.ac.uk/vol1/fastq/ERR204/003/ERR2041233/ERR2041233_1.fastq.gz,https://ftp.sra.ebi.ac.uk/vol1/fastq/ERR204/003/ERR2041233/ERR2041233_2.fastq.gz
vmg-0996-DRR487252,https://ftp.sra.ebi.ac.uk/vol1/fastq/DRR487/DRR487252/DRR487252_1.fastq.gz,https://ftp.sra.ebi.ac.uk/vol1/fastq/DRR487/DRR487252/DRR487252_2.fastq.gz
vmg-0997-ERR10880706,https://ftp.sra.ebi.ac.uk/vol1/fastq/ERR108/006/ERR10880706/ERR10880706_1.fastq.gz,https://ftp.sra.ebi.ac.uk/vol1/fastq/ERR108/006/ERR10880706/ERR10880706_2.fastq.gz
vmg-0998-ERR10749837,https://ftp.sra.ebi.ac.uk/vol1/fastq/ERR107/037/ERR10749837/ERR10749837_1.fastq.gz,https://ftp.sra.ebi.ac.uk/vol1/fastq/ERR107/037/ERR10749837/ERR10749837_2.fastq.gz
vmg-0999-ERR12556265,https://ftp.sra.ebi.ac.uk/vol1/fastq/ERR125/065/ERR12556265/ERR12556265_1.fastq.gz,https://ftp.sra.ebi.ac.uk/vol1/fastq/ERR125/065/ERR12556265/ERR12556265_2.fastq.gz
vmg-1000-DRR734860,https://ftp.sra.ebi.ac.uk/vol1/fastq/DRR734/DRR734860/DRR734860_1.fastq.gz,https://ftp.sra.ebi.ac.uk/vol1/fastq/DRR734/DRR734860/DRR734860_2.fastq.gz
vmg-1001-ERR12379587,https://ftp.sra.ebi.ac.uk/vol1/fastq/ERR123/087/ERR12379587/ERR12379587_1.fastq.gz,https://ftp.sra.ebi.ac.uk/vol1/fastq/ERR123/087/ERR12379587/ERR12379587_2.fastq.gz
vmg-1002-ERR4503244,https://ftp.sra.ebi.ac.uk/vol1/fastq/ERR450/004/ERR4503244/ERR4503244_1.fastq.gz,https://ftp.sra.ebi.ac.uk/vol1/fastq/ERR450/004/ERR4503244/ERR4503244_2.fastq.gz
vmg-1003-ERR16011084,https://ftp.sra.ebi.ac.uk/vol1/fastq/ERR160/084/ERR16011084/ERR16011084_1.fastq.gz,https://ftp.sra.ebi.ac.uk/vol1/fastq/ERR160/084/ERR16011084/ERR16011084_2.fastq.gz
vmg-1004-DRR735328,https://ftp.sra.ebi.ac.uk/vol1/fastq/DRR735/DRR735328/DRR735328_1.fastq.gz,https://ftp.sra.ebi.ac.uk/vol1/fastq/DRR735/DRR735328/DRR735328_2.fastq.gz
vmg-1005-ERR14211543,https://ftp.sra.ebi.ac.uk/vol1/fastq/ERR142/043/ERR14211543/ERR14211543_1.fastq.gz,https://ftp.sra.ebi.ac.uk/vol1/fastq/ERR142/043/ERR14211543/ERR14211543_2.fastq.gz
vmg-1006-DRR735670,https://ftp.sra.ebi.ac.uk/vol1/fastq/DRR735/DRR735670/DRR735670_1.fastq.gz,https://ftp.sra.ebi.ac.uk/vol1/fastq/DRR735/DRR735670/DRR735670_2.fastq.gz
vmg-1007-ERR10897789,https://ftp.sra.ebi.ac.uk/vol1/fastq/ERR108/089/ERR10897789/ERR10897789_1.fastq.gz,https://ftp.sra.ebi.ac.uk/vol1/fastq/ERR108/089/ERR10897789/ERR10897789_2.fastq.gz
vmg-1008-ERR12316840,https://ftp.sra.ebi.ac.uk/vol1/fastq/ERR123/040/ERR12316840/ERR12316840_1.fastq.gz,https://ftp.sra.ebi.ac.uk/vol1/fastq/ERR123/040/ERR12316840/ERR12316840_2.fastq.gz
vmg-1009-ERR4502197,https://ftp.sra.ebi.ac.uk/vol1/fastq/ERR450/007/ERR4502197/ERR4502197_1.fastq.gz,https://ftp.sra.ebi.ac.uk/vol1/fastq/ERR450/007/ERR4502197/ERR4502197_2.fastq.gz
vmg-1010-ERR14789154,https://ftp.sra.ebi.ac.uk/vol1/fastq/ERR147/054/ERR14789154/ERR14789154_1.fastq.gz,https://ftp.sra.ebi.ac.uk/vol1/fastq/ERR147/054/ERR14789154/ERR14789154_2.fastq.gz
vmg-1011-ERR16908641,https://ftp.sra.ebi.ac.uk/vol1/fastq/ERR169/041/ERR16908641/ERR16908641_1.fastq.gz,https://ftp.sra.ebi.ac.uk/vol1/fastq/ERR169/041/ERR16908641/ERR16908641_2.fastq.gz
vmg-1012-ERR10897707,https://ftp.sra.ebi.ac.uk/vol1/fastq/ERR108/007/ERR10897707/ERR10897707_1.fastq.gz,https://ftp.sra.ebi.ac.uk/vol1/fastq/ERR108/007/ERR10897707/ERR10897707_2.fastq.gz
vmg-1013-ERR13391518,https://ftp.sra.ebi.ac.uk/vol1/fastq/ERR133/018/ERR13391518/ERR13391518_1.fastq.gz,https://ftp.sra.ebi.ac.uk/vol1/fastq/ERR133/018/ERR13391518/ERR13391518_2.fastq.gz
vmg-1014-ERR14211824,https://ftp.sra.ebi.ac.uk/vol1/fastq/ERR142/024/ERR14211824/ERR14211824_1.fastq.gz,https://ftp.sra.ebi.ac.uk/vol1/fastq/ERR142/024/ERR14211824/ERR14211824_2.fastq.gz
vmg-1015-ERR13391154,https://ftp.sra.ebi.ac.uk/vol1/fastq/ERR133/054/ERR13391154/ERR13391154_1.fastq.gz,https://ftp.sra.ebi.ac.uk/vol1/fastq/ERR133/054/ERR13391154/ERR13391154_2.fastq.gz
vmg-1016-DRR735190,https://ftp.sra.ebi.ac.uk/vol1/fastq/DRR735/DRR735190/DRR735190_1.fastq.gz,https://ftp.sra.ebi.ac.uk/vol1/fastq/DRR735/DRR735190/DRR735190_2.fastq.gz
vmg-1017-ERR14211595,https://ftp.sra.ebi.ac.uk/vol1/fastq/ERR142/095/ERR14211595/ERR14211595_1.fastq.gz,https://ftp.sra.ebi.ac.uk/vol1/fastq/ERR142/095/ERR14211595/ERR14211595_2.fastq.gz
vmg-1018-ERR15002864,https://ftp.sra.ebi.ac.uk/vol1/fastq/ERR150/064/ERR15002864/ERR15002864_1.fastq.gz,https://ftp.sra.ebi.ac.uk/vol1/fastq/ERR150/064/ERR15002864/ERR15002864_2.fastq.gz
vmg-1019-ERR14211575,https://ftp.sra.ebi.ac.uk/vol1/fastq/ERR142/075/ERR14211575/ERR14211575_1.fastq.gz,https://ftp.sra.ebi.ac.uk/vol1/fastq/ERR142/075/ERR14211575/ERR14211575_2.fastq.gz
vmg-1020-ERR14195429,https://ftp.sra.ebi.ac.uk/vol1/fastq/ERR141/029/ERR14195429/ERR14195429_1.fastq.gz,https://ftp.sra.ebi.ac.uk/vol1/fastq/ERR141/029/ERR14195429/ERR14195429_2.fastq.gz
vmg-1021-ERR11627487,https://ftp.sra.ebi.ac.uk/vol1/fastq/ERR116/087/ERR11627487/ERR11627487_1.fastq.gz,https://ftp.sra.ebi.ac.uk/vol1/fastq/ERR116/087/ERR11627487/ERR11627487_2.fastq.gz
vmg-1022-ERR16724563,https://ftp.sra.ebi.ac.uk/vol1/fastq/ERR167/063/ERR16724563/ERR16724563_1.fastq.gz,https://ftp.sra.ebi.ac.uk/vol1/fastq/ERR167/063/ERR16724563/ERR16724563_2.fastq.gz
vmg-1023-ERR12038272,https://ftp.sra.ebi.ac.uk/vol1/fastq/ERR120/072/ERR12038272/ERR12038272_1.fastq.gz,https://ftp.sra.ebi.ac.uk/vol1/fastq/ERR120/072/ERR12038272/ERR12038272_2.fastq.gz
vmg-1024-ERR2611643,https://ftp.sra.ebi.ac.uk/vol1/fastq/ERR261/003/ERR2611643/ERR2611643_1.fastq.gz,https://ftp.sra.ebi.ac.uk/vol1/fastq/ERR261/003/ERR2611643/ERR2611643_2.fastq.gz
vmg-1025-ERR14195398,https://ftp.sra.ebi.ac.uk/vol1/fastq/ERR141/098/ERR14195398/ERR14195398_1.fastq.gz,https://ftp.sra.ebi.ac.uk/vol1/fastq/ERR141/098/ERR14195398/ERR14195398_2.fastq.gz
vmg-1026-ERR13337481,https://ftp.sra.ebi.ac.uk/vol1/fastq/ERR133/081/ERR13337481/ERR13337481_1.fastq.gz,https://ftp.sra.ebi.ac.uk/vol1/fastq/ERR133/081/ERR13337481/ERR13337481_2.fastq.gz
vmg-1027-ERR15664716,https://ftp.sra.ebi.ac.uk/vol1/fastq/ERR156/016/ERR15664716/ERR15664716_1.fastq.gz,https://ftp.sra.ebi.ac.uk/vol1/fastq/ERR156/016/ERR15664716/ERR15664716_2.fastq.gz
vmg-1028-ERR16719905,https://ftp.sra.ebi.ac.uk/vol1/fastq/ERR167/005/ERR16719905/ERR16719905_1.fastq.gz,https://ftp.sra.ebi.ac.uk/vol1/fastq/ERR167/005/ERR16719905/ERR16719905_2.fastq.gz
vmg-1029-ERR15114798,https://ftp.sra.ebi.ac.uk/vol1/fastq/ERR151/098/ERR15114798/ERR15114798_1.fastq.gz,https://ftp.sra.ebi.ac.uk/vol1/fastq/ERR151/098/ERR15114798/ERR15114798_2.fastq.gz
vmg-1030-ERR15898372,https://ftp.sra.ebi.ac.uk/vol1/fastq/ERR158/072/ERR15898372/ERR15898372_1.fastq.gz,https://ftp.sra.ebi.ac.uk/vol1/fastq/ERR158/072/ERR15898372/ERR15898372_2.fastq.gz
vmg-1031-ERR3682640,https://ftp.sra.ebi.ac.uk/vol1/fastq/ERR368/000/ERR3682640/ERR3682640_1.fastq.gz,https://ftp.sra.ebi.ac.uk/vol1/fastq/ERR368/000/ERR3682640/ERR3682640_2.fastq.gz
vmg-1032-ERR10897600,https://ftp.sra.ebi.ac.uk/vol1/fastq/ERR108/000/ERR10897600/ERR10897600_1.fastq.gz,https://ftp.sra.ebi.ac.uk/vol1/fastq/ERR108/000/ERR10897600/ERR10897600_2.fastq.gz
vmg-1033-ERR13391422,https://ftp.sra.ebi.ac.uk/vol1/fastq/ERR133/022/ERR13391422/ERR13391422_1.fastq.gz,https://ftp.sra.ebi.ac.uk/vol1/fastq/ERR133/022/ERR13391422/ERR13391422_2.fastq.gz
vmg-1034-ERR4502390,https://ftp.sra.ebi.ac.uk/vol1/fastq/ERR450/000/ERR4502390/ERR4502390_1.fastq.gz,https://ftp.sra.ebi.ac.uk/vol1/fastq/ERR450/000/ERR4502390/ERR4502390_2.fastq.gz
vmg-1035-ERR12520394,https://ftp.sra.ebi.ac.uk/vol1/fastq/ERR125/094/ERR12520394/ERR12520394_1.fastq.gz,https://ftp.sra.ebi.ac.uk/vol1/fastq/ERR125/094/ERR12520394/ERR12520394_2.fastq.gz
vmg-1036-ERR16094439,https://ftp.sra.ebi.ac.uk/vol1/fastq/ERR160/039/ERR16094439/ERR16094439_1.fastq.gz,https://ftp.sra.ebi.ac.uk/vol1/fastq/ERR160/039/ERR16094439/ERR16094439_2.fastq.gz
vmg-1037-ERR16024628,https://ftp.sra.ebi.ac.uk/vol1/fastq/ERR160/028/ERR16024628/ERR16024628_1.fastq.gz,https://ftp.sra.ebi.ac.uk/vol1/fastq/ERR160/028/ERR16024628/ERR16024628_2.fastq.gz
vmg-1038-ERR14195701,https://ftp.sra.ebi.ac.uk/vol1/fastq/ERR141/001/ERR14195701/ERR14195701_1.fastq.gz,https://ftp.sra.ebi.ac.uk/vol1/fastq/ERR141/001/ERR14195701/ERR14195701_2.fastq.gz
vmg-1039-DRR735566,https://ftp.sra.ebi.ac.uk/vol1/fastq/DRR735/DRR735566/DRR735566_1.fastq.gz,https://ftp.sra.ebi.ac.uk/vol1/fastq/DRR735/DRR735566/DRR735566_2.fastq.gz
vmg-1040-ERR12220436,https://ftp.sra.ebi.ac.uk/vol1/fastq/ERR122/036/ERR12220436/ERR12220436_1.fastq.gz,https://ftp.sra.ebi.ac.uk/vol1/fastq/ERR122/036/ERR12220436/ERR12220436_2.fastq.gz
vmg-1041-DRR858913,https://ftp.sra.ebi.ac.uk/vol1/fastq/DRR858/DRR858913/DRR858913_1.fastq.gz,https://ftp.sra.ebi.ac.uk/vol1/fastq/DRR858/DRR858913/DRR858913_2.fastq.gz
vmg-1042-ERR2608274,https://ftp.sra.ebi.ac.uk/vol1/fastq/ERR260/004/ERR2608274/ERR2608274_1.fastq.gz,https://ftp.sra.ebi.ac.uk/vol1/fastq/ERR260/004/ERR2608274/ERR2608274_2.fastq.gz
vmg-1043-ERR13061344,https://ftp.sra.ebi.ac.uk/vol1/fastq/ERR130/044/ERR13061344/ERR13061344_1.fastq.gz,https://ftp.sra.ebi.ac.uk/vol1/fastq/ERR130/044/ERR13061344/ERR13061344_2.fastq.gz
vmg-1044-ERR15315417,https://ftp.sra.ebi.ac.uk/vol1/fastq/ERR153/017/ERR15315417/ERR15315417_1.fastq.gz,https://ftp.sra.ebi.ac.uk/vol1/fastq/ERR153/017/ERR15315417/ERR15315417_2.fastq.gz
vmg-1045-ERR12032981,https://ftp.sra.ebi.ac.uk/vol1/fastq/ERR120/081/ERR12032981/ERR12032981_1.fastq.gz,https://ftp.sra.ebi.ac.uk/vol1/fastq/ERR120/081/ERR12032981/ERR12032981_2.fastq.gz
vmg-1046-ERR16908550,https://ftp.sra.ebi.ac.uk/vol1/fastq/ERR169/050/ERR16908550/ERR16908550_1.fastq.gz,https://ftp.sra.ebi.ac.uk/vol1/fastq/ERR169/050/ERR16908550/ERR16908550_2.fastq.gz
vmg-1047-ERR14211589,https://ftp.sra.ebi.ac.uk/vol1/fastq/ERR142/089/ERR14211589/ERR14211589_1.fastq.gz,https://ftp.sra.ebi.ac.uk/vol1/fastq/ERR142/089/ERR14211589/ERR14211589_2.fastq.gz
vmg-1048-ERR14195443,https://ftp.sra.ebi.ac.uk/vol1/fastq/ERR141/043/ERR14195443/ERR14195443_1.fastq.gz,https://ftp.sra.ebi.ac.uk/vol1/fastq/ERR141/043/ERR14195443/ERR14195443_2.fastq.gz
vmg-1049-ERR10298678,https://ftp.sra.ebi.ac.uk/vol1/fastq/ERR102/078/ERR10298678/ERR10298678_1.fastq.gz,https://ftp.sra.ebi.ac.uk/vol1/fastq/ERR102/078/ERR10298678/ERR10298678_2.fastq.gz
vmg-1050-ERR17272777,https://ftp.sra.ebi.ac.uk/vol1/fastq/ERR172/077/ERR17272777/ERR17272777_1.fastq.gz,https://ftp.sra.ebi.ac.uk/vol1/fastq/ERR172/077/ERR17272777/ERR17272777_2.fastq.gz
vmg-1051-ERR14854675,https://ftp.sra.ebi.ac.uk/vol1/fastq/ERR148/075/ERR14854675/ERR14854675_1.fastq.gz,https://ftp.sra.ebi.ac.uk/vol1/fastq/ERR148/075/ERR14854675/ERR14854675_2.fastq.gz
vmg-1052-ERR3769506,https://ftp.sra.ebi.ac.uk/vol1/fastq/ERR376/006/ERR3769506/ERR3769506_1.fastq.gz,https://ftp.sra.ebi.ac.uk/vol1/fastq/ERR376/006/ERR3769506/ERR3769506_2.fastq.gz
vmg-1053-ERR10749860,https://ftp.sra.ebi.ac.uk/vol1/fastq/ERR107/060/ERR10749860/ERR10749860_1.fastq.gz,https://ftp.sra.ebi.ac.uk/vol1/fastq/ERR107/060/ERR10749860/ERR10749860_2.fastq.gz
vmg-1054-ERR3682654,https://ftp.sra.ebi.ac.uk/vol1/fastq/ERR368/004/ERR3682654/ERR3682654_1.fastq.gz,https://ftp.sra.ebi.ac.uk/vol1/fastq/ERR368/004/ERR3682654/ERR3682654_2.fastq.gz
vmg-1055-ERR13351353,https://ftp.sra.ebi.ac.uk/vol1/fastq/ERR133/053/ERR13351353/ERR13351353_1.fastq.gz,https://ftp.sra.ebi.ac.uk/vol1/fastq/ERR133/053/ERR13351353/ERR13351353_2.fastq.gz
vmg-1056-DRR735192,https://ftp.sra.ebi.ac.uk/vol1/fastq/DRR735/DRR735192/DRR735192_1.fastq.gz,https://ftp.sra.ebi.ac.uk/vol1/fastq/DRR735/DRR735192/DRR735192_2.fastq.gz
vmg-1057-ERR10749757,https://ftp.sra.ebi.ac.uk/vol1/fastq/ERR107/057/ERR10749757/ERR10749757_1.fastq.gz,https://ftp.sra.ebi.ac.uk/vol1/fastq/ERR107/057/ERR10749757/ERR10749757_2.fastq.gz
vmg-1058-ERR14953720,https://ftp.sra.ebi.ac.uk/vol1/fastq/ERR149/020/ERR14953720/ERR14953720_1.fastq.gz,https://ftp.sra.ebi.ac.uk/vol1/fastq/ERR149/020/ERR14953720/ERR14953720_2.fastq.gz
vmg-1059-ERR14195350,https://ftp.sra.ebi.ac.uk/vol1/fastq/ERR141/050/ERR14195350/ERR14195350_1.fastq.gz,https://ftp.sra.ebi.ac.uk/vol1/fastq/ERR141/050/ERR14195350/ERR14195350_2.fastq.gz
vmg-1060-ERR14211496,https://ftp.sra.ebi.ac.uk/vol1/fastq/ERR142/096/ERR14211496/ERR14211496_1.fastq.gz,https://ftp.sra.ebi.ac.uk/vol1/fastq/ERR142/096/ERR14211496/ERR14211496_2.fastq.gz
vmg-1061-ERR11627422,https://ftp.sra.ebi.ac.uk/vol1/fastq/ERR116/022/ERR11627422/ERR11627422_1.fastq.gz,https://ftp.sra.ebi.ac.uk/vol1/fastq/ERR116/022/ERR11627422/ERR11627422_2.fastq.gz
vmg-1062-ERR16908697,https://ftp.sra.ebi.ac.uk/vol1/fastq/ERR169/097/ERR16908697/ERR16908697_1.fastq.gz,https://ftp.sra.ebi.ac.uk/vol1/fastq/ERR169/097/ERR16908697/ERR16908697_2.fastq.gz
vmg-1063-ERR3903898,https://ftp.sra.ebi.ac.uk/vol1/fastq/ERR390/008/ERR3903898/ERR3903898_1.fastq.gz,https://ftp.sra.ebi.ac.uk/vol1/fastq/ERR390/008/ERR3903898/ERR3903898_2.fastq.gz
vmg-1064-DRR735127,https://ftp.sra.ebi.ac.uk/vol1/fastq/DRR735/DRR735127/DRR735127_1.fastq.gz,https://ftp.sra.ebi.ac.uk/vol1/fastq/DRR735/DRR735127/DRR735127_2.fastq.gz
vmg-1065-ERR12038247,https://ftp.sra.ebi.ac.uk/vol1/fastq/ERR120/047/ERR12038247/ERR12038247_1.fastq.gz,https://ftp.sra.ebi.ac.uk/vol1/fastq/ERR120/047/ERR12038247/ERR12038247_2.fastq.gz
vmg-1066-ERR10749534,https://ftp.sra.ebi.ac.uk/vol1/fastq/ERR107/034/ERR10749534/ERR10749534_1.fastq.gz,https://ftp.sra.ebi.ac.uk/vol1/fastq/ERR107/034/ERR10749534/ERR10749534_2.fastq.gz
vmg-1067-ERR4503276,https://ftp.sra.ebi.ac.uk/vol1/fastq/ERR450/006/ERR4503276/ERR4503276_1.fastq.gz,https://ftp.sra.ebi.ac.uk/vol1/fastq/ERR450/006/ERR4503276/ERR4503276_2.fastq.gz
vmg-1068-ERR12220434,https://ftp.sra.ebi.ac.uk/vol1/fastq/ERR122/034/ERR12220434/ERR12220434_1.fastq.gz,https://ftp.sra.ebi.ac.uk/vol1/fastq/ERR122/034/ERR12220434/ERR12220434_2.fastq.gz
vmg-1069-ERR2863487,https://ftp.sra.ebi.ac.uk/vol1/fastq/ERR286/007/ERR2863487/ERR2863487_1.fastq.gz,https://ftp.sra.ebi.ac.uk/vol1/fastq/ERR286/007/ERR2863487/ERR2863487_2.fastq.gz
vmg-1070-ERR4503493,https://ftp.sra.ebi.ac.uk/vol1/fastq/ERR450/003/ERR4503493/ERR4503493_1.fastq.gz,https://ftp.sra.ebi.ac.uk/vol1/fastq/ERR450/003/ERR4503493/ERR4503493_2.fastq.gz
vmg-1071-ERR3769484,https://ftp.sra.ebi.ac.uk/vol1/fastq/ERR376/004/ERR3769484/ERR3769484_1.fastq.gz,https://ftp.sra.ebi.ac.uk/vol1/fastq/ERR376/004/ERR3769484/ERR3769484_2.fastq.gz
vmg-1072-ERR11489595,https://ftp.sra.ebi.ac.uk/vol1/fastq/ERR114/095/ERR11489595/ERR11489595_1.fastq.gz,https://ftp.sra.ebi.ac.uk/vol1/fastq/ERR114/095/ERR11489595/ERR11489595_2.fastq.gz
vmg-1073-ERR4503433,https://ftp.sra.ebi.ac.uk/vol1/fastq/ERR450/003/ERR4503433/ERR4503433_1.fastq.gz,https://ftp.sra.ebi.ac.uk/vol1/fastq/ERR450/003/ERR4503433/ERR4503433_2.fastq.gz
vmg-1074-ERR16730661,https://ftp.sra.ebi.ac.uk/vol1/fastq/ERR167/061/ERR16730661/ERR16730661_1.fastq.gz,https://ftp.sra.ebi.ac.uk/vol1/fastq/ERR167/061/ERR16730661/ERR16730661_2.fastq.gz
vmg-1075-ERR3670921,https://ftp.sra.ebi.ac.uk/vol1/fastq/ERR367/001/ERR3670921/ERR3670921_1.fastq.gz,https://ftp.sra.ebi.ac.uk/vol1/fastq/ERR367/001/ERR3670921/ERR3670921_2.fastq.gz
vmg-1076-ERR12218566,https://ftp.sra.ebi.ac.uk/vol1/fastq/ERR122/066/ERR12218566/ERR12218566_1.fastq.gz,https://ftp.sra.ebi.ac.uk/vol1/fastq/ERR122/066/ERR12218566/ERR12218566_2.fastq.gz
vmg-1077-ERR14802901,https://ftp.sra.ebi.ac.uk/vol1/fastq/ERR148/001/ERR14802901/ERR14802901_1.fastq.gz,https://ftp.sra.ebi.ac.uk/vol1/fastq/ERR148/001/ERR14802901/ERR14802901_2.fastq.gz
vmg-1078-ERR17461868,https://ftp.sra.ebi.ac.uk/vol1/fastq/ERR174/068/ERR17461868/ERR17461868_1.fastq.gz,https://ftp.sra.ebi.ac.uk/vol1/fastq/ERR174/068/ERR17461868/ERR17461868_2.fastq.gz
vmg-1079-DRR858867,https://ftp.sra.ebi.ac.uk/vol1/fastq/DRR858/DRR858867/DRR858867_1.fastq.gz,https://ftp.sra.ebi.ac.uk/vol1/fastq/DRR858/DRR858867/DRR858867_2.fastq.gz
vmg-1080-ERR11627308,https://ftp.sra.ebi.ac.uk/vol1/fastq/ERR116/008/ERR11627308/ERR11627308_1.fastq.gz,https://ftp.sra.ebi.ac.uk/vol1/fastq/ERR116/008/ERR11627308/ERR11627308_2.fastq.gz
vmg-1081-ERR14210974,https://ftp.sra.ebi.ac.uk/vol1/fastq/ERR142/074/ERR14210974/ERR14210974_1.fastq.gz,https://ftp.sra.ebi.ac.uk/vol1/fastq/ERR142/074/ERR14210974/ERR14210974_2.fastq.gz
vmg-1082-ERR2611648,https://ftp.sra.ebi.ac.uk/vol1/fastq/ERR261/008/ERR2611648/ERR2611648_1.fastq.gz,https://ftp.sra.ebi.ac.uk/vol1/fastq/ERR261/008/ERR2611648/ERR2611648_2.fastq.gz
vmg-1083-ERR14295215,https://ftp.sra.ebi.ac.uk/vol1/fastq/ERR142/015/ERR14295215/ERR14295215_1.fastq.gz,https://ftp.sra.ebi.ac.uk/vol1/fastq/ERR142/015/ERR14295215/ERR14295215_2.fastq.gz
vmg-1084-ERR12218945,https://ftp.sra.ebi.ac.uk/vol1/fastq/ERR122/045/ERR12218945/ERR12218945_1.fastq.gz,https://ftp.sra.ebi.ac.uk/vol1/fastq/ERR122/045/ERR12218945/ERR12218945_2.fastq.gz
vmg-1085-DRR734882,https://ftp.sra.ebi.ac.uk/vol1/fastq/DRR734/DRR734882/DRR734882_1.fastq.gz,https://ftp.sra.ebi.ac.uk/vol1/fastq/DRR734/DRR734882/DRR734882_2.fastq.gz
vmg-1086-DRR734949,https://ftp.sra.ebi.ac.uk/vol1/fastq/DRR734/DRR734949/DRR734949_1.fastq.gz,https://ftp.sra.ebi.ac.uk/vol1/fastq/DRR734/DRR734949/DRR734949_2.fastq.gz
vmg-1087-ERR10394928,https://ftp.sra.ebi.ac.uk/vol1/fastq/ERR103/028/ERR10394928/ERR10394928_1.fastq.gz,https://ftp.sra.ebi.ac.uk/vol1/fastq/ERR103/028/ERR10394928/ERR10394928_2.fastq.gz
vmg-1088-ERR14211820,https://ftp.sra.ebi.ac.uk/vol1/fastq/ERR142/020/ERR14211820/ERR14211820_1.fastq.gz,https://ftp.sra.ebi.ac.uk/vol1/fastq/ERR142/020/ERR14211820/ERR14211820_2.fastq.gz
vmg-1089-ERR14195674,https://ftp.sra.ebi.ac.uk/vol1/fastq/ERR141/074/ERR14195674/ERR14195674_1.fastq.gz,https://ftp.sra.ebi.ac.uk/vol1/fastq/ERR141/074/ERR14195674/ERR14195674_2.fastq.gz
vmg-1090-ERR14211789,https://ftp.sra.ebi.ac.uk/vol1/fastq/ERR142/089/ERR14211789/ERR14211789_1.fastq.gz,https://ftp.sra.ebi.ac.uk/vol1/fastq/ERR142/089/ERR14211789/ERR14211789_2.fastq.gz
vmg-1091-ERR12126414,https://ftp.sra.ebi.ac.uk/vol1/fastq/ERR121/014/ERR12126414/ERR12126414_1.fastq.gz,https://ftp.sra.ebi.ac.uk/vol1/fastq/ERR121/014/ERR12126414/ERR12126414_2.fastq.gz
vmg-1092-ERR15114873,https://ftp.sra.ebi.ac.uk/vol1/fastq/ERR151/073/ERR15114873/ERR15114873_1.fastq.gz,https://ftp.sra.ebi.ac.uk/vol1/fastq/ERR151/073/ERR15114873/ERR15114873_2.fastq.gz
vmg-1093-ERR4575480,https://ftp.sra.ebi.ac.uk/vol1/fastq/ERR457/000/ERR4575480/ERR4575480_1.fastq.gz,https://ftp.sra.ebi.ac.uk/vol1/fastq/ERR457/000/ERR4575480/ERR4575480_2.fastq.gz
vmg-1094-ERR14210905,https://ftp.sra.ebi.ac.uk/vol1/fastq/ERR142/005/ERR14210905/ERR14210905_1.fastq.gz,https://ftp.sra.ebi.ac.uk/vol1/fastq/ERR142/005/ERR14210905/ERR14210905_2.fastq.gz
vmg-1095-ERR4407614,https://ftp.sra.ebi.ac.uk/vol1/fastq/ERR440/004/ERR4407614/ERR4407614_1.fastq.gz,https://ftp.sra.ebi.ac.uk/vol1/fastq/ERR440/004/ERR4407614/ERR4407614_2.fastq.gz
vmg-1096-ERR12520400,https://ftp.sra.ebi.ac.uk/vol1/fastq/ERR125/000/ERR12520400/ERR12520400_1.fastq.gz,https://ftp.sra.ebi.ac.uk/vol1/fastq/ERR125/000/ERR12520400/ERR12520400_2.fastq.gz
vmg-1097-DRR735226,https://ftp.sra.ebi.ac.uk/vol1/fastq/DRR735/DRR735226/DRR735226_1.fastq.gz,https://ftp.sra.ebi.ac.uk/vol1/fastq/DRR735/DRR735226/DRR735226_2.fastq.gz
vmg-1098-ERR12220097,https://ftp.sra.ebi.ac.uk/vol1/fastq/ERR122/097/ERR12220097/ERR12220097_1.fastq.gz,https://ftp.sra.ebi.ac.uk/vol1/fastq/ERR122/097/ERR12220097/ERR12220097_2.fastq.gz
vmg-1099-ERR11646986,https://ftp.sra.ebi.ac.uk/vol1/fastq/ERR116/086/ERR11646986/ERR11646986_1.fastq.gz,https://ftp.sra.ebi.ac.uk/vol1/fastq/ERR116/086/ERR11646986/ERR11646986_2.fastq.gz
vmg-1100-ERR16026916,https://ftp.sra.ebi.ac.uk/vol1/fastq/ERR160/016/ERR16026916/ERR16026916_1.fastq.gz,https://ftp.sra.ebi.ac.uk/vol1/fastq/ERR160/016/ERR16026916/ERR16026916_2.fastq.gz
vmg-1101-ERR14946091,https://ftp.sra.ebi.ac.uk/vol1/fastq/ERR149/091/ERR14946091/ERR14946091_1.fastq.gz,https://ftp.sra.ebi.ac.uk/vol1/fastq/ERR149/091/ERR14946091/ERR14946091_2.fastq.gz
vmg-1102-DRR735494,https://ftp.sra.ebi.ac.uk/vol1/fastq/DRR735/DRR735494/DRR735494_1.fastq.gz,https://ftp.sra.ebi.ac.uk/vol1/fastq/DRR735/DRR735494/DRR735494_2.fastq.gz
vmg-1103-ERR16908540,https://ftp.sra.ebi.ac.uk/vol1/fastq/ERR169/040/ERR16908540/ERR16908540_1.fastq.gz,https://ftp.sra.ebi.ac.uk/vol1/fastq/ERR169/040/ERR16908540/ERR16908540_2.fastq.gz
vmg-1104-ERR13061340,https://ftp.sra.ebi.ac.uk/vol1/fastq/ERR130/040/ERR13061340/ERR13061340_1.fastq.gz,https://ftp.sra.ebi.ac.uk/vol1/fastq/ERR130/040/ERR13061340/ERR13061340_2.fastq.gz
vmg-1105-ERR14211412,https://ftp.sra.ebi.ac.uk/vol1/fastq/ERR142/012/ERR14211412/ERR14211412_1.fastq.gz,https://ftp.sra.ebi.ac.uk/vol1/fastq/ERR142/012/ERR14211412/ERR14211412_2.fastq.gz
vmg-1106-ERR15668210,https://ftp.sra.ebi.ac.uk/vol1/fastq/ERR156/010/ERR15668210/ERR15668210_1.fastq.gz,https://ftp.sra.ebi.ac.uk/vol1/fastq/ERR156/010/ERR15668210/ERR15668210_2.fastq.gz
vmg-1107-ERR12218565,https://ftp.sra.ebi.ac.uk/vol1/fastq/ERR122/065/ERR12218565/ERR12218565_1.fastq.gz,https://ftp.sra.ebi.ac.uk/vol1/fastq/ERR122/065/ERR12218565/ERR12218565_2.fastq.gz
vmg-1108-ERR12032794,https://ftp.sra.ebi.ac.uk/vol1/fastq/ERR120/094/ERR12032794/ERR12032794_1.fastq.gz,https://ftp.sra.ebi.ac.uk/vol1/fastq/ERR120/094/ERR12032794/ERR12032794_2.fastq.gz
vmg-1109-DRR734871,https://ftp.sra.ebi.ac.uk/vol1/fastq/DRR734/DRR734871/DRR734871_1.fastq.gz,https://ftp.sra.ebi.ac.uk/vol1/fastq/DRR734/DRR734871/DRR734871_2.fastq.gz
vmg-1110-ERR4407579,https://ftp.sra.ebi.ac.uk/vol1/fastq/ERR440/009/ERR4407579/ERR4407579_1.fastq.gz,https://ftp.sra.ebi.ac.uk/vol1/fastq/ERR440/009/ERR4407579/ERR4407579_2.fastq.gz
vmg-1111-ERR3966177,https://ftp.sra.ebi.ac.uk/vol1/fastq/ERR396/007/ERR3966177/ERR3966177_1.fastq.gz,https://ftp.sra.ebi.ac.uk/vol1/fastq/ERR396/007/ERR3966177/ERR3966177_2.fastq.gz
vmg-1112-ERR12828364,https://ftp.sra.ebi.ac.uk/vol1/fastq/ERR128/064/ERR12828364/ERR12828364_1.fastq.gz,https://ftp.sra.ebi.ac.uk/vol1/fastq/ERR128/064/ERR12828364/ERR12828364_2.fastq.gz
vmg-1113-ERR10749538,https://ftp.sra.ebi.ac.uk/vol1/fastq/ERR107/038/ERR10749538/ERR10749538_1.fastq.gz,https://ftp.sra.ebi.ac.uk/vol1/fastq/ERR107/038/ERR10749538/ERR10749538_2.fastq.gz
vmg-1114-ERR11627334,https://ftp.sra.ebi.ac.uk/vol1/fastq/ERR116/034/ERR11627334/ERR11627334_1.fastq.gz,https://ftp.sra.ebi.ac.uk/vol1/fastq/ERR116/034/ERR11627334/ERR11627334_2.fastq.gz
vmg-1115-ERR14195261,https://ftp.sra.ebi.ac.uk/vol1/fastq/ERR141/061/ERR14195261/ERR14195261_1.fastq.gz,https://ftp.sra.ebi.ac.uk/vol1/fastq/ERR141/061/ERR14195261/ERR14195261_2.fastq.gz
vmg-1116-ERR13061365,https://ftp.sra.ebi.ac.uk/vol1/fastq/ERR130/065/ERR13061365/ERR13061365_1.fastq.gz,https://ftp.sra.ebi.ac.uk/vol1/fastq/ERR130/065/ERR13061365/ERR13061365_2.fastq.gz
vmg-1117-ERR4502102,https://ftp.sra.ebi.ac.uk/vol1/fastq/ERR450/002/ERR4502102/ERR4502102_1.fastq.gz,https://ftp.sra.ebi.ac.uk/vol1/fastq/ERR450/002/ERR4502102/ERR4502102_2.fastq.gz
vmg-1118-ERR3726425,https://ftp.sra.ebi.ac.uk/vol1/fastq/ERR372/005/ERR3726425/ERR3726425_1.fastq.gz,https://ftp.sra.ebi.ac.uk/vol1/fastq/ERR372/005/ERR3726425/ERR3726425_2.fastq.gz
vmg-1119-DRR734981,https://ftp.sra.ebi.ac.uk/vol1/fastq/DRR734/DRR734981/DRR734981_1.fastq.gz,https://ftp.sra.ebi.ac.uk/vol1/fastq/DRR734/DRR734981/DRR734981_2.fastq.gz
vmg-1120-ERR15668052,https://ftp.sra.ebi.ac.uk/vol1/fastq/ERR156/052/ERR15668052/ERR15668052_1.fastq.gz,https://ftp.sra.ebi.ac.uk/vol1/fastq/ERR156/052/ERR15668052/ERR15668052_2.fastq.gz
vmg-1121-ERR13583595,https://ftp.sra.ebi.ac.uk/vol1/fastq/ERR135/095/ERR13583595/ERR13583595_1.fastq.gz,https://ftp.sra.ebi.ac.uk/vol1/fastq/ERR135/095/ERR13583595/ERR13583595_2.fastq.gz
vmg-1122-DRR734924,https://ftp.sra.ebi.ac.uk/vol1/fastq/DRR734/DRR734924/DRR734924_1.fastq.gz,https://ftp.sra.ebi.ac.uk/vol1/fastq/DRR734/DRR734924/DRR734924_2.fastq.gz
vmg-1123-ERR16721774,https://ftp.sra.ebi.ac.uk/vol1/fastq/ERR167/074/ERR16721774/ERR16721774_1.fastq.gz,https://ftp.sra.ebi.ac.uk/vol1/fastq/ERR167/074/ERR16721774/ERR16721774_2.fastq.gz
vmg-1124-ERR3769512,https://ftp.sra.ebi.ac.uk/vol1/fastq/ERR376/002/ERR3769512/ERR3769512_1.fastq.gz,https://ftp.sra.ebi.ac.uk/vol1/fastq/ERR376/002/ERR3769512/ERR3769512_2.fastq.gz
vmg-1125-ERR16722407,https://ftp.sra.ebi.ac.uk/vol1/fastq/ERR167/007/ERR16722407/ERR16722407_1.fastq.gz,https://ftp.sra.ebi.ac.uk/vol1/fastq/ERR167/007/ERR16722407/ERR16722407_2.fastq.gz
vmg-1126-DRR734926,https://ftp.sra.ebi.ac.uk/vol1/fastq/DRR734/DRR734926/DRR734926_1.fastq.gz,https://ftp.sra.ebi.ac.uk/vol1/fastq/DRR734/DRR734926/DRR734926_2.fastq.gz
vmg-1127-ERR14854434,https://ftp.sra.ebi.ac.uk/vol1/fastq/ERR148/034/ERR14854434/ERR14854434_1.fastq.gz,https://ftp.sra.ebi.ac.uk/vol1/fastq/ERR148/034/ERR14854434/ERR14854434_2.fastq.gz
vmg-1128-ERR2608227,https://ftp.sra.ebi.ac.uk/vol1/fastq/ERR260/007/ERR2608227/ERR2608227_1.fastq.gz,https://ftp.sra.ebi.ac.uk/vol1/fastq/ERR260/007/ERR2608227/ERR2608227_2.fastq.gz
vmg-1129-ERR12316797,https://ftp.sra.ebi.ac.uk/vol1/fastq/ERR123/097/ERR12316797/ERR12316797_1.fastq.gz,https://ftp.sra.ebi.ac.uk/vol1/fastq/ERR123/097/ERR12316797/ERR12316797_2.fastq.gz
vmg-1130-ERR11627186,https://ftp.sra.ebi.ac.uk/vol1/fastq/ERR116/086/ERR11627186/ERR11627186_1.fastq.gz,https://ftp.sra.ebi.ac.uk/vol1/fastq/ERR116/086/ERR11627186/ERR11627186_2.fastq.gz
vmg-1131-ERR12220670,https://ftp.sra.ebi.ac.uk/vol1/fastq/ERR122/070/ERR12220670/ERR12220670_1.fastq.gz,https://ftp.sra.ebi.ac.uk/vol1/fastq/ERR122/070/ERR12220670/ERR12220670_2.fastq.gz
vmg-1132-ERR13061358,https://ftp.sra.ebi.ac.uk/vol1/fastq/ERR130/058/ERR13061358/ERR13061358_1.fastq.gz,https://ftp.sra.ebi.ac.uk/vol1/fastq/ERR130/058/ERR13061358/ERR13061358_2.fastq.gz
vmg-1133-ERR4503255,https://ftp.sra.ebi.ac.uk/vol1/fastq/ERR450/005/ERR4503255/ERR4503255_1.fastq.gz,https://ftp.sra.ebi.ac.uk/vol1/fastq/ERR450/005/ERR4503255/ERR4503255_2.fastq.gz
vmg-1134-ERR14195478,https://ftp.sra.ebi.ac.uk/vol1/fastq/ERR141/078/ERR14195478/ERR14195478_1.fastq.gz,https://ftp.sra.ebi.ac.uk/vol1/fastq/ERR141/078/ERR14195478/ERR14195478_2.fastq.gz
vmg-1135-ERR14211481,https://ftp.sra.ebi.ac.uk/vol1/fastq/ERR142/081/ERR14211481/ERR14211481_1.fastq.gz,https://ftp.sra.ebi.ac.uk/vol1/fastq/ERR142/081/ERR14211481/ERR14211481_2.fastq.gz
vmg-1136-DRR735591,https://ftp.sra.ebi.ac.uk/vol1/fastq/DRR735/DRR735591/DRR735591_1.fastq.gz,https://ftp.sra.ebi.ac.uk/vol1/fastq/DRR735/DRR735591/DRR735591_2.fastq.gz
vmg-1137-ERR14802393,https://ftp.sra.ebi.ac.uk/vol1/fastq/ERR148/093/ERR14802393/ERR14802393_1.fastq.gz,https://ftp.sra.ebi.ac.uk/vol1/fastq/ERR148/093/ERR14802393/ERR14802393_2.fastq.gz
vmg-1138-ERR4503413,https://ftp.sra.ebi.ac.uk/vol1/fastq/ERR450/003/ERR4503413/ERR4503413_1.fastq.gz,https://ftp.sra.ebi.ac.uk/vol1/fastq/ERR450/003/ERR4503413/ERR4503413_2.fastq.gz
vmg-1139-ERR16719889,https://ftp.sra.ebi.ac.uk/vol1/fastq/ERR167/089/ERR16719889/ERR16719889_1.fastq.gz,https://ftp.sra.ebi.ac.uk/vol1/fastq/ERR167/089/ERR16719889/ERR16719889_2.fastq.gz
vmg-1140-ERR12032976,https://ftp.sra.ebi.ac.uk/vol1/fastq/ERR120/076/ERR12032976/ERR12032976_1.fastq.gz,https://ftp.sra.ebi.ac.uk/vol1/fastq/ERR120/076/ERR12032976/ERR12032976_2.fastq.gz
vmg-1141-ERR4502059,https://ftp.sra.ebi.ac.uk/vol1/fastq/ERR450/009/ERR4502059/ERR4502059_1.fastq.gz,https://ftp.sra.ebi.ac.uk/vol1/fastq/ERR450/009/ERR4502059/ERR4502059_2.fastq.gz
vmg-1142-ERR12556263,https://ftp.sra.ebi.ac.uk/vol1/fastq/ERR125/063/ERR12556263/ERR12556263_1.fastq.gz,https://ftp.sra.ebi.ac.uk/vol1/fastq/ERR125/063/ERR12556263/ERR12556263_2.fastq.gz
vmg-1143-ERR12220365,https://ftp.sra.ebi.ac.uk/vol1/fastq/ERR122/065/ERR12220365/ERR12220365_1.fastq.gz,https://ftp.sra.ebi.ac.uk/vol1/fastq/ERR122/065/ERR12220365/ERR12220365_2.fastq.gz
vmg-1144-ERR14195624,https://ftp.sra.ebi.ac.uk/vol1/fastq/ERR141/024/ERR14195624/ERR14195624_1.fastq.gz,https://ftp.sra.ebi.ac.uk/vol1/fastq/ERR141/024/ERR14195624/ERR14195624_2.fastq.gz
vmg-1145-DRR636929,https://ftp.sra.ebi.ac.uk/vol1/fastq/DRR636/DRR636929/DRR636929_1.fastq.gz,https://ftp.sra.ebi.ac.uk/vol1/fastq/DRR636/DRR636929/DRR636929_2.fastq.gz
vmg-1146-ERR2987898,https://ftp.sra.ebi.ac.uk/vol1/fastq/ERR298/008/ERR2987898/ERR2987898_1.fastq.gz,https://ftp.sra.ebi.ac.uk/vol1/fastq/ERR298/008/ERR2987898/ERR2987898_2.fastq.gz
vmg-1147-ERR14194735,https://ftp.sra.ebi.ac.uk/vol1/fastq/ERR141/035/ERR14194735/ERR14194735_1.fastq.gz,https://ftp.sra.ebi.ac.uk/vol1/fastq/ERR141/035/ERR14194735/ERR14194735_2.fastq.gz
vmg-1148-ERR14210881,https://ftp.sra.ebi.ac.uk/vol1/fastq/ERR142/081/ERR14210881/ERR14210881_1.fastq.gz,https://ftp.sra.ebi.ac.uk/vol1/fastq/ERR142/081/ERR14210881/ERR14210881_2.fastq.gz
vmg-1149-ERR2987987,https://ftp.sra.ebi.ac.uk/vol1/fastq/ERR298/007/ERR2987987/ERR2987987_1.fastq.gz,https://ftp.sra.ebi.ac.uk/vol1/fastq/ERR298/007/ERR2987987/ERR2987987_2.fastq.gz
vmg-1150-ERR14210861,https://ftp.sra.ebi.ac.uk/vol1/fastq/ERR142/061/ERR14210861/ERR14210861_1.fastq.gz,https://ftp.sra.ebi.ac.uk/vol1/fastq/ERR142/061/ERR14210861/ERR14210861_2.fastq.gz
vmg-1151-ERR4407766,https://ftp.sra.ebi.ac.uk/vol1/fastq/ERR440/006/ERR4407766/ERR4407766_1.fastq.gz,https://ftp.sra.ebi.ac.uk/vol1/fastq/ERR440/006/ERR4407766/ERR4407766_2.fastq.gz
vmg-1152-ERR11627188,https://ftp.sra.ebi.ac.uk/vol1/fastq/ERR116/088/ERR11627188/ERR11627188_1.fastq.gz,https://ftp.sra.ebi.ac.uk/vol1/fastq/ERR116/088/ERR11627188/ERR11627188_2.fastq.gz
vmg-1153-ERR14194665,https://ftp.sra.ebi.ac.uk/vol1/fastq/ERR141/065/ERR14194665/ERR14194665_1.fastq.gz,https://ftp.sra.ebi.ac.uk/vol1/fastq/ERR141/065/ERR14194665/ERR14194665_2.fastq.gz
vmg-1154-ERR14210811,https://ftp.sra.ebi.ac.uk/vol1/fastq/ERR142/011/ERR14210811/ERR14210811_1.fastq.gz,https://ftp.sra.ebi.ac.uk/vol1/fastq/ERR142/011/ERR14210811/ERR14210811_2.fastq.gz
vmg-1155-ERR11489429,https://ftp.sra.ebi.ac.uk/vol1/fastq/ERR114/029/ERR11489429/ERR11489429_1.fastq.gz,https://ftp.sra.ebi.ac.uk/vol1/fastq/ERR114/029/ERR11489429/ERR11489429_2.fastq.gz
vmg-1156-DRR413614,https://ftp.sra.ebi.ac.uk/vol1/fastq/DRR413/DRR413614/DRR413614_1.fastq.gz,https://ftp.sra.ebi.ac.uk/vol1/fastq/DRR413/DRR413614/DRR413614_2.fastq.gz
vmg-1157-ERR14789464,https://ftp.sra.ebi.ac.uk/vol1/fastq/ERR147/064/ERR14789464/ERR14789464_1.fastq.gz,https://ftp.sra.ebi.ac.uk/vol1/fastq/ERR147/064/ERR14789464/ERR14789464_2.fastq.gz
vmg-1158-ERR2611553,https://ftp.sra.ebi.ac.uk/vol1/fastq/ERR261/003/ERR2611553/ERR2611553_1.fastq.gz,https://ftp.sra.ebi.ac.uk/vol1/fastq/ERR261/003/ERR2611553/ERR2611553_2.fastq.gz
vmg-1159-ERR11627253,https://ftp.sra.ebi.ac.uk/vol1/fastq/ERR116/053/ERR11627253/ERR11627253_1.fastq.gz,https://ftp.sra.ebi.ac.uk/vol1/fastq/ERR116/053/ERR11627253/ERR11627253_2.fastq.gz
vmg-1160-DRR734988,https://ftp.sra.ebi.ac.uk/vol1/fastq/DRR734/DRR734988/DRR734988_1.fastq.gz,https://ftp.sra.ebi.ac.uk/vol1/fastq/DRR734/DRR734988/DRR734988_2.fastq.gz
vmg-1161-ERR12379584,https://ftp.sra.ebi.ac.uk/vol1/fastq/ERR123/084/ERR12379584/ERR12379584_1.fastq.gz,https://ftp.sra.ebi.ac.uk/vol1/fastq/ERR123/084/ERR12379584/ERR12379584_2.fastq.gz
vmg-1162-ERR14853654,https://ftp.sra.ebi.ac.uk/vol1/fastq/ERR148/054/ERR14853654/ERR14853654_1.fastq.gz,https://ftp.sra.ebi.ac.uk/vol1/fastq/ERR148/054/ERR14853654/ERR14853654_2.fastq.gz
vmg-1163-ERR14927670,https://ftp.sra.ebi.ac.uk/vol1/fastq/ERR149/070/ERR14927670/ERR14927670_1.fastq.gz,https://ftp.sra.ebi.ac.uk/vol1/fastq/ERR149/070/ERR14927670/ERR14927670_2.fastq.gz
vmg-1164-ERR14195211,https://ftp.sra.ebi.ac.uk/vol1/fastq/ERR141/011/ERR14195211/ERR14195211_1.fastq.gz,https://ftp.sra.ebi.ac.uk/vol1/fastq/ERR141/011/ERR14195211/ERR14195211_2.fastq.gz
vmg-1165-ERR12379580,https://ftp.sra.ebi.ac.uk/vol1/fastq/ERR123/080/ERR12379580/ERR12379580_1.fastq.gz,https://ftp.sra.ebi.ac.uk/vol1/fastq/ERR123/080/ERR12379580/ERR12379580_2.fastq.gz
vmg-1166-ERR14211858,https://ftp.sra.ebi.ac.uk/vol1/fastq/ERR142/058/ERR14211858/ERR14211858_1.fastq.gz,https://ftp.sra.ebi.ac.uk/vol1/fastq/ERR142/058/ERR14211858/ERR14211858_2.fastq.gz
vmg-1167-ERR12220422,https://ftp.sra.ebi.ac.uk/vol1/fastq/ERR122/022/ERR12220422/ERR12220422_1.fastq.gz,https://ftp.sra.ebi.ac.uk/vol1/fastq/ERR122/022/ERR12220422/ERR12220422_2.fastq.gz
vmg-1168-ERR11489410,https://ftp.sra.ebi.ac.uk/vol1/fastq/ERR114/010/ERR11489410/ERR11489410_1.fastq.gz,https://ftp.sra.ebi.ac.uk/vol1/fastq/ERR114/010/ERR11489410/ERR11489410_2.fastq.gz
vmg-1169-ERR10987048,https://ftp.sra.ebi.ac.uk/vol1/fastq/ERR109/048/ERR10987048/ERR10987048_1.fastq.gz,https://ftp.sra.ebi.ac.uk/vol1/fastq/ERR109/048/ERR10987048/ERR10987048_2.fastq.gz
vmg-1170-ERR10881216,https://ftp.sra.ebi.ac.uk/vol1/fastq/ERR108/016/ERR10881216/ERR10881216_1.fastq.gz,https://ftp.sra.ebi.ac.uk/vol1/fastq/ERR108/016/ERR10881216/ERR10881216_2.fastq.gz
vmg-1171-ERR3932395,https://ftp.sra.ebi.ac.uk/vol1/fastq/ERR393/005/ERR3932395/ERR3932395_1.fastq.gz,https://ftp.sra.ebi.ac.uk/vol1/fastq/ERR393/005/ERR3932395/ERR3932395_2.fastq.gz
vmg-1172-DRR735483,https://ftp.sra.ebi.ac.uk/vol1/fastq/DRR735/DRR735483/DRR735483_1.fastq.gz,https://ftp.sra.ebi.ac.uk/vol1/fastq/DRR735/DRR735483/DRR735483_2.fastq.gz
vmg-1173-ERR16713116,https://ftp.sra.ebi.ac.uk/vol1/fastq/ERR167/016/ERR16713116/ERR16713116_1.fastq.gz,https://ftp.sra.ebi.ac.uk/vol1/fastq/ERR167/016/ERR16713116/ERR16713116_2.fastq.gz
vmg-1174-ERR10682660,https://ftp.sra.ebi.ac.uk/vol1/fastq/ERR106/060/ERR10682660/ERR10682660_1.fastq.gz,https://ftp.sra.ebi.ac.uk/vol1/fastq/ERR106/060/ERR10682660/ERR10682660_2.fastq.gz
vmg-1175-ERR10749601,https://ftp.sra.ebi.ac.uk/vol1/fastq/ERR107/001/ERR10749601/ERR10749601_1.fastq.gz,https://ftp.sra.ebi.ac.uk/vol1/fastq/ERR107/001/ERR10749601/ERR10749601_2.fastq.gz
vmg-1176-ERR10300486,https://ftp.sra.ebi.ac.uk/vol1/fastq/ERR103/086/ERR10300486/ERR10300486_1.fastq.gz,https://ftp.sra.ebi.ac.uk/vol1/fastq/ERR103/086/ERR10300486/ERR10300486_2.fastq.gz
vmg-1177-ERR4502611,https://ftp.sra.ebi.ac.uk/vol1/fastq/ERR450/001/ERR4502611/ERR4502611_1.fastq.gz,https://ftp.sra.ebi.ac.uk/vol1/fastq/ERR450/001/ERR4502611/ERR4502611_2.fastq.gz
vmg-1178-ERR13391178,https://ftp.sra.ebi.ac.uk/vol1/fastq/ERR133/078/ERR13391178/ERR13391178_1.fastq.gz,https://ftp.sra.ebi.ac.uk/vol1/fastq/ERR133/078/ERR13391178/ERR13391178_2.fastq.gz
vmg-1179-ERR10897867,https://ftp.sra.ebi.ac.uk/vol1/fastq/ERR108/067/ERR10897867/ERR10897867_1.fastq.gz,https://ftp.sra.ebi.ac.uk/vol1/fastq/ERR108/067/ERR10897867/ERR10897867_2.fastq.gz
vmg-1180-ERR13231405,https://ftp.sra.ebi.ac.uk/vol1/fastq/ERR132/005/ERR13231405/ERR13231405_1.fastq.gz,https://ftp.sra.ebi.ac.uk/vol1/fastq/ERR132/005/ERR13231405/ERR13231405_2.fastq.gz
vmg-1181-ERR14854252,https://ftp.sra.ebi.ac.uk/vol1/fastq/ERR148/052/ERR14854252/ERR14854252_1.fastq.gz,https://ftp.sra.ebi.ac.uk/vol1/fastq/ERR148/052/ERR14854252/ERR14854252_2.fastq.gz
vmg-1182-DRR734943,https://ftp.sra.ebi.ac.uk/vol1/fastq/DRR734/DRR734943/DRR734943_1.fastq.gz,https://ftp.sra.ebi.ac.uk/vol1/fastq/DRR734/DRR734943/DRR734943_2.fastq.gz
vmg-1183-ERR16101545,https://ftp.sra.ebi.ac.uk/vol1/fastq/ERR161/045/ERR16101545/ERR16101545_1.fastq.gz,https://ftp.sra.ebi.ac.uk/vol1/fastq/ERR161/045/ERR16101545/ERR16101545_2.fastq.gz
vmg-1184-ERR2611561,https://ftp.sra.ebi.ac.uk/vol1/fastq/ERR261/001/ERR2611561/ERR2611561_1.fastq.gz,https://ftp.sra.ebi.ac.uk/vol1/fastq/ERR261/001/ERR2611561/ERR2611561_2.fastq.gz
vmg-1185-ERR14195308,https://ftp.sra.ebi.ac.uk/vol1/fastq/ERR141/008/ERR14195308/ERR14195308_1.fastq.gz,https://ftp.sra.ebi.ac.uk/vol1/fastq/ERR141/008/ERR14195308/ERR14195308_2.fastq.gz
vmg-1186-DRR849535,https://ftp.sra.ebi.ac.uk/vol1/fastq/DRR849/DRR849535/DRR849535_1.fastq.gz,https://ftp.sra.ebi.ac.uk/vol1/fastq/DRR849/DRR849535/DRR849535_2.fastq.gz
vmg-1187-ERR2182489,https://ftp.sra.ebi.ac.uk/vol1/fastq/ERR218/009/ERR2182489/ERR2182489_1.fastq.gz,https://ftp.sra.ebi.ac.uk/vol1/fastq/ERR218/009/ERR2182489/ERR2182489_2.fastq.gz
vmg-1188-ERR3682687,https://ftp.sra.ebi.ac.uk/vol1/fastq/ERR368/007/ERR3682687/ERR3682687_1.fastq.gz,https://ftp.sra.ebi.ac.uk/vol1/fastq/ERR368/007/ERR3682687/ERR3682687_2.fastq.gz
vmg-1189-ERR10394966,https://ftp.sra.ebi.ac.uk/vol1/fastq/ERR103/066/ERR10394966/ERR10394966_1.fastq.gz,https://ftp.sra.ebi.ac.uk/vol1/fastq/ERR103/066/ERR10394966/ERR10394966_2.fastq.gz
vmg-1190-ERR10749832,https://ftp.sra.ebi.ac.uk/vol1/fastq/ERR107/032/ERR10749832/ERR10749832_1.fastq.gz,https://ftp.sra.ebi.ac.uk/vol1/fastq/ERR107/032/ERR10749832/ERR10749832_2.fastq.gz
vmg-1191-ERR14195126,https://ftp.sra.ebi.ac.uk/vol1/fastq/ERR141/026/ERR14195126/ERR14195126_1.fastq.gz,https://ftp.sra.ebi.ac.uk/vol1/fastq/ERR141/026/ERR14195126/ERR14195126_2.fastq.gz
vmg-1192-ERR14211719,https://ftp.sra.ebi.ac.uk/vol1/fastq/ERR142/019/ERR14211719/ERR14211719_1.fastq.gz,https://ftp.sra.ebi.ac.uk/vol1/fastq/ERR142/019/ERR14211719/ERR14211719_2.fastq.gz
vmg-1193-DRR735622,https://ftp.sra.ebi.ac.uk/vol1/fastq/DRR735/DRR735622/DRR735622_1.fastq.gz,https://ftp.sra.ebi.ac.uk/vol1/fastq/DRR735/DRR735622/DRR735622_2.fastq.gz
vmg-1194-ERR14044029,https://ftp.sra.ebi.ac.uk/vol1/fastq/ERR140/029/ERR14044029/ERR14044029_1.fastq.gz,https://ftp.sra.ebi.ac.uk/vol1/fastq/ERR140/029/ERR14044029/ERR14044029_2.fastq.gz
vmg-1195-ERR12520337,https://ftp.sra.ebi.ac.uk/vol1/fastq/ERR125/037/ERR12520337/ERR12520337_1.fastq.gz,https://ftp.sra.ebi.ac.uk/vol1/fastq/ERR125/037/ERR12520337/ERR12520337_2.fastq.gz
vmg-1196-ERR11563296,https://ftp.sra.ebi.ac.uk/vol1/fastq/ERR115/096/ERR11563296/ERR11563296_1.fastq.gz,https://ftp.sra.ebi.ac.uk/vol1/fastq/ERR115/096/ERR11563296/ERR11563296_2.fastq.gz
vmg-1197-ERR3969662,https://ftp.sra.ebi.ac.uk/vol1/fastq/ERR396/002/ERR3969662/ERR3969662_1.fastq.gz,https://ftp.sra.ebi.ac.uk/vol1/fastq/ERR396/002/ERR3969662/ERR3969662_2.fastq.gz
vmg-1198-ERR3061611,https://ftp.sra.ebi.ac.uk/vol1/fastq/ERR306/001/ERR3061611/ERR3061611_1.fastq.gz,https://ftp.sra.ebi.ac.uk/vol1/fastq/ERR306/001/ERR3061611/ERR3061611_2.fastq.gz
vmg-1199-ERR12038303,https://ftp.sra.ebi.ac.uk/vol1/fastq/ERR120/003/ERR12038303/ERR12038303_1.fastq.gz,https://ftp.sra.ebi.ac.uk/vol1/fastq/ERR120/003/ERR12038303/ERR12038303_2.fastq.gz
vmg-1200-ERR16998067,https://ftp.sra.ebi.ac.uk/vol1/fastq/ERR169/067/ERR16998067/ERR16998067_1.fastq.gz,https://ftp.sra.ebi.ac.uk/vol1/fastq/ERR169/067/ERR16998067/ERR16998067_2.fastq.gz
vmg-1201-ERR3769431,https://ftp.sra.ebi.ac.uk/vol1/fastq/ERR376/001/ERR3769431/ERR3769431_1.fastq.gz,https://ftp.sra.ebi.ac.uk/vol1/fastq/ERR376/001/ERR3769431/ERR3769431_2.fastq.gz
vmg-1202-ERR2235040,https://ftp.sra.ebi.ac.uk/vol1/fastq/ERR223/000/ERR2235040/ERR2235040_1.fastq.gz,https://ftp.sra.ebi.ac.uk/vol1/fastq/ERR223/000/ERR2235040/ERR2235040_2.fastq.gz
vmg-1203-ERR14211358,https://ftp.sra.ebi.ac.uk/vol1/fastq/ERR142/058/ERR14211358/ERR14211358_1.fastq.gz,https://ftp.sra.ebi.ac.uk/vol1/fastq/ERR142/058/ERR14211358/ERR14211358_2.fastq.gz
vmg-1204-ERR11646976,https://ftp.sra.ebi.ac.uk/vol1/fastq/ERR116/076/ERR11646976/ERR11646976_1.fastq.gz,https://ftp.sra.ebi.ac.uk/vol1/fastq/ERR116/076/ERR11646976/ERR11646976_2.fastq.gz
vmg-1205-DRR734939,https://ftp.sra.ebi.ac.uk/vol1/fastq/DRR734/DRR734939/DRR734939_1.fastq.gz,https://ftp.sra.ebi.ac.uk/vol1/fastq/DRR734/DRR734939/DRR734939_2.fastq.gz
vmg-1206-ERR12126415,https://ftp.sra.ebi.ac.uk/vol1/fastq/ERR121/015/ERR12126415/ERR12126415_1.fastq.gz,https://ftp.sra.ebi.ac.uk/vol1/fastq/ERR121/015/ERR12126415/ERR12126415_2.fastq.gz
vmg-1207-ERR2608218,https://ftp.sra.ebi.ac.uk/vol1/fastq/ERR260/008/ERR2608218/ERR2608218_1.fastq.gz,https://ftp.sra.ebi.ac.uk/vol1/fastq/ERR260/008/ERR2608218/ERR2608218_2.fastq.gz
vmg-1208-ERR2611654,https://ftp.sra.ebi.ac.uk/vol1/fastq/ERR261/004/ERR2611654/ERR2611654_1.fastq.gz,https://ftp.sra.ebi.ac.uk/vol1/fastq/ERR261/004/ERR2611654/ERR2611654_2.fastq.gz
vmg-1209-ERR14211724,https://ftp.sra.ebi.ac.uk/vol1/fastq/ERR142/024/ERR14211724/ERR14211724_1.fastq.gz,https://ftp.sra.ebi.ac.uk/vol1/fastq/ERR142/024/ERR14211724/ERR14211724_2.fastq.gz
vmg-1210-ERR4503123,https://ftp.sra.ebi.ac.uk/vol1/fastq/ERR450/003/ERR4503123/ERR4503123_1.fastq.gz,https://ftp.sra.ebi.ac.uk/vol1/fastq/ERR450/003/ERR4503123/ERR4503123_2.fastq.gz
vmg-1211-ERR14802139,https://ftp.sra.ebi.ac.uk/vol1/fastq/ERR148/039/ERR14802139/ERR14802139_1.fastq.gz,https://ftp.sra.ebi.ac.uk/vol1/fastq/ERR148/039/ERR14802139/ERR14802139_2.fastq.gz
vmg-1212-DRR734944,https://ftp.sra.ebi.ac.uk/vol1/fastq/DRR734/DRR734944/DRR734944_1.fastq.gz,https://ftp.sra.ebi.ac.uk/vol1/fastq/DRR734/DRR734944/DRR734944_2.fastq.gz
vmg-1213-ERR14210823,https://ftp.sra.ebi.ac.uk/vol1/fastq/ERR142/023/ERR14210823/ERR14210823_1.fastq.gz,https://ftp.sra.ebi.ac.uk/vol1/fastq/ERR142/023/ERR14210823/ERR14210823_2.fastq.gz
vmg-1214-ERR14210798,https://ftp.sra.ebi.ac.uk/vol1/fastq/ERR142/098/ERR14210798/ERR14210798_1.fastq.gz,https://ftp.sra.ebi.ac.uk/vol1/fastq/ERR142/098/ERR14210798/ERR14210798_2.fastq.gz
vmg-1215-ERR3682686,https://ftp.sra.ebi.ac.uk/vol1/fastq/ERR368/006/ERR3682686/ERR3682686_1.fastq.gz,https://ftp.sra.ebi.ac.uk/vol1/fastq/ERR368/006/ERR3682686/ERR3682686_2.fastq.gz
vmg-1216-ERR14210815,https://ftp.sra.ebi.ac.uk/vol1/fastq/ERR142/015/ERR14210815/ERR14210815_1.fastq.gz,https://ftp.sra.ebi.ac.uk/vol1/fastq/ERR142/015/ERR14210815/ERR14210815_2.fastq.gz
vmg-1217-ERR14195597,https://ftp.sra.ebi.ac.uk/vol1/fastq/ERR141/097/ERR14195597/ERR14195597_1.fastq.gz,https://ftp.sra.ebi.ac.uk/vol1/fastq/ERR141/097/ERR14195597/ERR14195597_2.fastq.gz
vmg-1218-DRR735488,https://ftp.sra.ebi.ac.uk/vol1/fastq/DRR735/DRR735488/DRR735488_1.fastq.gz,https://ftp.sra.ebi.ac.uk/vol1/fastq/DRR735/DRR735488/DRR735488_2.fastq.gz
vmg-1219-ERR14194720,https://ftp.sra.ebi.ac.uk/vol1/fastq/ERR141/020/ERR14194720/ERR14194720_1.fastq.gz,https://ftp.sra.ebi.ac.uk/vol1/fastq/ERR141/020/ERR14194720/ERR14194720_2.fastq.gz
vmg-1220-ERR14210866,https://ftp.sra.ebi.ac.uk/vol1/fastq/ERR142/066/ERR14210866/ERR14210866_1.fastq.gz,https://ftp.sra.ebi.ac.uk/vol1/fastq/ERR142/066/ERR14210866/ERR14210866_2.fastq.gz
vmg-1221-ERR4407572,https://ftp.sra.ebi.ac.uk/vol1/fastq/ERR440/002/ERR4407572/ERR4407572_1.fastq.gz,https://ftp.sra.ebi.ac.uk/vol1/fastq/ERR440/002/ERR4407572/ERR4407572_2.fastq.gz
vmg-1222-ERR14789004,https://ftp.sra.ebi.ac.uk/vol1/fastq/ERR147/004/ERR14789004/ERR14789004_1.fastq.gz,https://ftp.sra.ebi.ac.uk/vol1/fastq/ERR147/004/ERR14789004/ERR14789004_2.fastq.gz
vmg-1223-ERR14195356,https://ftp.sra.ebi.ac.uk/vol1/fastq/ERR141/056/ERR14195356/ERR14195356_1.fastq.gz,https://ftp.sra.ebi.ac.uk/vol1/fastq/ERR141/056/ERR14195356/ERR14195356_2.fastq.gz
vmg-1224-ERR3726758,https://ftp.sra.ebi.ac.uk/vol1/fastq/ERR372/008/ERR3726758/ERR3726758_1.fastq.gz,https://ftp.sra.ebi.ac.uk/vol1/fastq/ERR372/008/ERR3726758/ERR3726758_2.fastq.gz
vmg-1225-ERR16024079,https://ftp.sra.ebi.ac.uk/vol1/fastq/ERR160/079/ERR16024079/ERR16024079_1.fastq.gz,https://ftp.sra.ebi.ac.uk/vol1/fastq/ERR160/079/ERR16024079/ERR16024079_2.fastq.gz
vmg-1226-ERR12308572,https://ftp.sra.ebi.ac.uk/vol1/fastq/ERR123/072/ERR12308572/ERR12308572_1.fastq.gz,https://ftp.sra.ebi.ac.uk/vol1/fastq/ERR123/072/ERR12308572/ERR12308572_2.fastq.gz
vmg-1227-ERR11646997,https://ftp.sra.ebi.ac.uk/vol1/fastq/ERR116/097/ERR11646997/ERR11646997_1.fastq.gz,https://ftp.sra.ebi.ac.uk/vol1/fastq/ERR116/097/ERR11646997/ERR11646997_2.fastq.gz
vmg-1228-ERR16718524,https://ftp.sra.ebi.ac.uk/vol1/fastq/ERR167/024/ERR16718524/ERR16718524_1.fastq.gz,https://ftp.sra.ebi.ac.uk/vol1/fastq/ERR167/024/ERR16718524/ERR16718524_2.fastq.gz
vmg-1229-ERR10749834,https://ftp.sra.ebi.ac.uk/vol1/fastq/ERR107/034/ERR10749834/ERR10749834_1.fastq.gz,https://ftp.sra.ebi.ac.uk/vol1/fastq/ERR107/034/ERR10749834/ERR10749834_2.fastq.gz
vmg-1230-ERR4407683,https://ftp.sra.ebi.ac.uk/vol1/fastq/ERR440/003/ERR4407683/ERR4407683_1.fastq.gz,https://ftp.sra.ebi.ac.uk/vol1/fastq/ERR440/003/ERR4407683/ERR4407683_2.fastq.gz
vmg-1231-ERR12308554,https://ftp.sra.ebi.ac.uk/vol1/fastq/ERR123/054/ERR12308554/ERR12308554_1.fastq.gz,https://ftp.sra.ebi.ac.uk/vol1/fastq/ERR123/054/ERR12308554/ERR12308554_2.fastq.gz
vmg-1232-ERR12329277,https://ftp.sra.ebi.ac.uk/vol1/fastq/ERR123/077/ERR12329277/ERR12329277_1.fastq.gz,https://ftp.sra.ebi.ac.uk/vol1/fastq/ERR123/077/ERR12329277/ERR12329277_2.fastq.gz
vmg-1233-ERR16998638,https://ftp.sra.ebi.ac.uk/vol1/fastq/ERR169/038/ERR16998638/ERR16998638_1.fastq.gz,https://ftp.sra.ebi.ac.uk/vol1/fastq/ERR169/038/ERR16998638/ERR16998638_2.fastq.gz
vmg-1234-ERR11627428,https://ftp.sra.ebi.ac.uk/vol1/fastq/ERR116/028/ERR11627428/ERR11627428_1.fastq.gz,https://ftp.sra.ebi.ac.uk/vol1/fastq/ERR116/028/ERR11627428/ERR11627428_2.fastq.gz
vmg-1235-ERR3726787,https://ftp.sra.ebi.ac.uk/vol1/fastq/ERR372/007/ERR3726787/ERR3726787_1.fastq.gz,https://ftp.sra.ebi.ac.uk/vol1/fastq/ERR372/007/ERR3726787/ERR3726787_2.fastq.gz
vmg-1236-ERR17459611,https://ftp.sra.ebi.ac.uk/vol1/fastq/ERR174/011/ERR17459611/ERR17459611_1.fastq.gz,https://ftp.sra.ebi.ac.uk/vol1/fastq/ERR174/011/ERR17459611/ERR17459611_2.fastq.gz
vmg-1237-ERR14789153,https://ftp.sra.ebi.ac.uk/vol1/fastq/ERR147/053/ERR14789153/ERR14789153_1.fastq.gz,https://ftp.sra.ebi.ac.uk/vol1/fastq/ERR147/053/ERR14789153/ERR14789153_2.fastq.gz
vmg-1238-ERR3682662,https://ftp.sra.ebi.ac.uk/vol1/fastq/ERR368/002/ERR3682662/ERR3682662_1.fastq.gz,https://ftp.sra.ebi.ac.uk/vol1/fastq/ERR368/002/ERR3682662/ERR3682662_2.fastq.gz
vmg-1239-DRR734970,https://ftp.sra.ebi.ac.uk/vol1/fastq/DRR734/DRR734970/DRR734970_1.fastq.gz,https://ftp.sra.ebi.ac.uk/vol1/fastq/DRR734/DRR734970/DRR734970_2.fastq.gz
vmg-1240-ERR11646930,https://ftp.sra.ebi.ac.uk/vol1/fastq/ERR116/030/ERR11646930/ERR11646930_1.fastq.gz,https://ftp.sra.ebi.ac.uk/vol1/fastq/ERR116/030/ERR11646930/ERR11646930_2.fastq.gz
vmg-1241-ERR14194787,https://ftp.sra.ebi.ac.uk/vol1/fastq/ERR141/087/ERR14194787/ERR14194787_1.fastq.gz,https://ftp.sra.ebi.ac.uk/vol1/fastq/ERR141/087/ERR14194787/ERR14194787_2.fastq.gz
vmg-1242-ERR16720480,https://ftp.sra.ebi.ac.uk/vol1/fastq/ERR167/080/ERR16720480/ERR16720480_1.fastq.gz,https://ftp.sra.ebi.ac.uk/vol1/fastq/ERR167/080/ERR16720480/ERR16720480_2.fastq.gz
vmg-1243-ERR3682688,https://ftp.sra.ebi.ac.uk/vol1/fastq/ERR368/008/ERR3682688/ERR3682688_1.fastq.gz,https://ftp.sra.ebi.ac.uk/vol1/fastq/ERR368/008/ERR3682688/ERR3682688_2.fastq.gz
vmg-1244-ERR2608588,https://ftp.sra.ebi.ac.uk/vol1/fastq/ERR260/008/ERR2608588/ERR2608588_1.fastq.gz,https://ftp.sra.ebi.ac.uk/vol1/fastq/ERR260/008/ERR2608588/ERR2608588_2.fastq.gz
vmg-1245-ERR16709795,https://ftp.sra.ebi.ac.uk/vol1/fastq/ERR167/095/ERR16709795/ERR16709795_1.fastq.gz,https://ftp.sra.ebi.ac.uk/vol1/fastq/ERR167/095/ERR16709795/ERR16709795_2.fastq.gz
vmg-1246-ERR11020079,https://ftp.sra.ebi.ac.uk/vol1/fastq/ERR110/079/ERR11020079/ERR11020079_1.fastq.gz,https://ftp.sra.ebi.ac.uk/vol1/fastq/ERR110/079/ERR11020079/ERR11020079_2.fastq.gz
vmg-1247-DRR1030105,https://ftp.sra.ebi.ac.uk/vol1/fastq/DRR103/005/DRR1030105/DRR1030105_1.fastq.gz,https://ftp.sra.ebi.ac.uk/vol1/fastq/DRR103/005/DRR1030105/DRR1030105_2.fastq.gz
vmg-1248-ERR14049365,https://ftp.sra.ebi.ac.uk/vol1/fastq/ERR140/065/ERR14049365/ERR14049365_1.fastq.gz,https://ftp.sra.ebi.ac.uk/vol1/fastq/ERR140/065/ERR14049365/ERR14049365_2.fastq.gz
vmg-1249-ERR10881251,https://ftp.sra.ebi.ac.uk/vol1/fastq/ERR108/051/ERR10881251/ERR10881251_1.fastq.gz,https://ftp.sra.ebi.ac.uk/vol1/fastq/ERR108/051/ERR10881251/ERR10881251_2.fastq.gz
vmg-1250-DRR734936,https://ftp.sra.ebi.ac.uk/vol1/fastq/DRR734/DRR734936/DRR734936_1.fastq.gz,https://ftp.sra.ebi.ac.uk/vol1/fastq/DRR734/DRR734936/DRR734936_2.fastq.gz
vmg-1251-ERR16721804,https://ftp.sra.ebi.ac.uk/vol1/fastq/ERR167/004/ERR16721804/ERR16721804_1.fastq.gz,https://ftp.sra.ebi.ac.uk/vol1/fastq/ERR167/004/ERR16721804/ERR16721804_2.fastq.gz
vmg-1252-ERR14210929,https://ftp.sra.ebi.ac.uk/vol1/fastq/ERR142/029/ERR14210929/ERR14210929_1.fastq.gz,https://ftp.sra.ebi.ac.uk/vol1/fastq/ERR142/029/ERR14210929/ERR14210929_2.fastq.gz
vmg-1253-DRR735602,https://ftp.sra.ebi.ac.uk/vol1/fastq/DRR735/DRR735602/DRR735602_1.fastq.gz,https://ftp.sra.ebi.ac.uk/vol1/fastq/DRR735/DRR735602/DRR735602_2.fastq.gz
vmg-1254-ERR12554987,https://ftp.sra.ebi.ac.uk/vol1/fastq/ERR125/087/ERR12554987/ERR12554987_1.fastq.gz,https://ftp.sra.ebi.ac.uk/vol1/fastq/ERR125/087/ERR12554987/ERR12554987_2.fastq.gz
vmg-1255-ERR11489812,https://ftp.sra.ebi.ac.uk/vol1/fastq/ERR114/012/ERR11489812/ERR11489812_1.fastq.gz,https://ftp.sra.ebi.ac.uk/vol1/fastq/ERR114/012/ERR11489812/ERR11489812_2.fastq.gz
vmg-1256-DRR735002,https://ftp.sra.ebi.ac.uk/vol1/fastq/DRR735/DRR735002/DRR735002_1.fastq.gz,https://ftp.sra.ebi.ac.uk/vol1/fastq/DRR735/DRR735002/DRR735002_2.fastq.gz
vmg-1257-ERR16721384,https://ftp.sra.ebi.ac.uk/vol1/fastq/ERR167/084/ERR16721384/ERR16721384_1.fastq.gz,https://ftp.sra.ebi.ac.uk/vol1/fastq/ERR167/084/ERR16721384/ERR16721384_2.fastq.gz
vmg-1258-DRR735556,https://ftp.sra.ebi.ac.uk/vol1/fastq/DRR735/DRR735556/DRR735556_1.fastq.gz,https://ftp.sra.ebi.ac.uk/vol1/fastq/DRR735/DRR735556/DRR735556_2.fastq.gz
vmg-1259-ERR2863523,https://ftp.sra.ebi.ac.uk/vol1/fastq/ERR286/003/ERR2863523/ERR2863523_1.fastq.gz,https://ftp.sra.ebi.ac.uk/vol1/fastq/ERR286/003/ERR2863523/ERR2863523_2.fastq.gz
vmg-1260-ERR4407682,https://ftp.sra.ebi.ac.uk/vol1/fastq/ERR440/002/ERR4407682/ERR4407682_1.fastq.gz,https://ftp.sra.ebi.ac.uk/vol1/fastq/ERR440/002/ERR4407682/ERR4407682_2.fastq.gz
vmg-1261-ERR16713119,https://ftp.sra.ebi.ac.uk/vol1/fastq/ERR167/019/ERR16713119/ERR16713119_1.fastq.gz,https://ftp.sra.ebi.ac.uk/vol1/fastq/ERR167/019/ERR16713119/ERR16713119_2.fastq.gz
vmg-1262-ERR17461451,https://ftp.sra.ebi.ac.uk/vol1/fastq/ERR174/051/ERR17461451/ERR17461451_1.fastq.gz,https://ftp.sra.ebi.ac.uk/vol1/fastq/ERR174/051/ERR17461451/ERR17461451_2.fastq.gz
vmg-1263-ERR15418954,https://ftp.sra.ebi.ac.uk/vol1/fastq/ERR154/054/ERR15418954/ERR15418954_1.fastq.gz,https://ftp.sra.ebi.ac.uk/vol1/fastq/ERR154/054/ERR15418954/ERR15418954_2.fastq.gz
vmg-1264-ERR11563274,https://ftp.sra.ebi.ac.uk/vol1/fastq/ERR115/074/ERR11563274/ERR11563274_1.fastq.gz,https://ftp.sra.ebi.ac.uk/vol1/fastq/ERR115/074/ERR11563274/ERR11563274_2.fastq.gz
vmg-1265-ERR16908582,https://ftp.sra.ebi.ac.uk/vol1/fastq/ERR169/082/ERR16908582/ERR16908582_1.fastq.gz,https://ftp.sra.ebi.ac.uk/vol1/fastq/ERR169/082/ERR16908582/ERR16908582_2.fastq.gz
vmg-1266-ERR12220173,https://ftp.sra.ebi.ac.uk/vol1/fastq/ERR122/073/ERR12220173/ERR12220173_1.fastq.gz,https://ftp.sra.ebi.ac.uk/vol1/fastq/ERR122/073/ERR12220173/ERR12220173_2.fastq.gz
vmg-1267-ERR4407594,https://ftp.sra.ebi.ac.uk/vol1/fastq/ERR440/004/ERR4407594/ERR4407594_1.fastq.gz,https://ftp.sra.ebi.ac.uk/vol1/fastq/ERR440/004/ERR4407594/ERR4407594_2.fastq.gz
vmg-1268-DRR734885,https://ftp.sra.ebi.ac.uk/vol1/fastq/DRR734/DRR734885/DRR734885_1.fastq.gz,https://ftp.sra.ebi.ac.uk/vol1/fastq/DRR734/DRR734885/DRR734885_2.fastq.gz
vmg-1269-ERR15664730,https://ftp.sra.ebi.ac.uk/vol1/fastq/ERR156/030/ERR15664730/ERR15664730_1.fastq.gz,https://ftp.sra.ebi.ac.uk/vol1/fastq/ERR156/030/ERR15664730/ERR15664730_2.fastq.gz
vmg-1270-ERR14195683,https://ftp.sra.ebi.ac.uk/vol1/fastq/ERR141/083/ERR14195683/ERR14195683_1.fastq.gz,https://ftp.sra.ebi.ac.uk/vol1/fastq/ERR141/083/ERR14195683/ERR14195683_2.fastq.gz
vmg-1271-DRR734877,https://ftp.sra.ebi.ac.uk/vol1/fastq/DRR734/DRR734877/DRR734877_1.fastq.gz,https://ftp.sra.ebi.ac.uk/vol1/fastq/DRR734/DRR734877/DRR734877_2.fastq.gz
vmg-1272-ERR16713490,https://ftp.sra.ebi.ac.uk/vol1/fastq/ERR167/090/ERR16713490/ERR16713490_1.fastq.gz,https://ftp.sra.ebi.ac.uk/vol1/fastq/ERR167/090/ERR16713490/ERR16713490_2.fastq.gz
vmg-1273-ERR2611594,https://ftp.sra.ebi.ac.uk/vol1/fastq/ERR261/004/ERR2611594/ERR2611594_1.fastq.gz,https://ftp.sra.ebi.ac.uk/vol1/fastq/ERR261/004/ERR2611594/ERR2611594_2.fastq.gz
vmg-1274-ERR10749488,https://ftp.sra.ebi.ac.uk/vol1/fastq/ERR107/088/ERR10749488/ERR10749488_1.fastq.gz,https://ftp.sra.ebi.ac.uk/vol1/fastq/ERR107/088/ERR10749488/ERR10749488_2.fastq.gz
vmg-1275-ERR10749933,https://ftp.sra.ebi.ac.uk/vol1/fastq/ERR107/033/ERR10749933/ERR10749933_1.fastq.gz,https://ftp.sra.ebi.ac.uk/vol1/fastq/ERR107/033/ERR10749933/ERR10749933_2.fastq.gz
vmg-1276-ERR11627223,https://ftp.sra.ebi.ac.uk/vol1/fastq/ERR116/023/ERR11627223/ERR11627223_1.fastq.gz,https://ftp.sra.ebi.ac.uk/vol1/fastq/ERR116/023/ERR11627223/ERR11627223_2.fastq.gz
vmg-1277-ERR10897846,https://ftp.sra.ebi.ac.uk/vol1/fastq/ERR108/046/ERR10897846/ERR10897846_1.fastq.gz,https://ftp.sra.ebi.ac.uk/vol1/fastq/ERR108/046/ERR10897846/ERR10897846_2.fastq.gz
vmg-1278-ERR4503455,https://ftp.sra.ebi.ac.uk/vol1/fastq/ERR450/005/ERR4503455/ERR4503455_1.fastq.gz,https://ftp.sra.ebi.ac.uk/vol1/fastq/ERR450/005/ERR4503455/ERR4503455_2.fastq.gz
vmg-1279-ERR2863547,https://ftp.sra.ebi.ac.uk/vol1/fastq/ERR286/007/ERR2863547/ERR2863547_1.fastq.gz,https://ftp.sra.ebi.ac.uk/vol1/fastq/ERR286/007/ERR2863547/ERR2863547_2.fastq.gz
vmg-1280-DRR855316,https://ftp.sra.ebi.ac.uk/vol1/fastq/DRR855/DRR855316/DRR855316_1.fastq.gz,https://ftp.sra.ebi.ac.uk/vol1/fastq/DRR855/DRR855316/DRR855316_2.fastq.gz
vmg-1281-DRR734893,https://ftp.sra.ebi.ac.uk/vol1/fastq/DRR734/DRR734893/DRR734893_1.fastq.gz,https://ftp.sra.ebi.ac.uk/vol1/fastq/DRR734/DRR734893/DRR734893_2.fastq.gz
vmg-1282-DRR858857,https://ftp.sra.ebi.ac.uk/vol1/fastq/DRR858/DRR858857/DRR858857_1.fastq.gz,https://ftp.sra.ebi.ac.uk/vol1/fastq/DRR858/DRR858857/DRR858857_2.fastq.gz
vmg-1283-ERR14788955,https://ftp.sra.ebi.ac.uk/vol1/fastq/ERR147/055/ERR14788955/ERR14788955_1.fastq.gz,https://ftp.sra.ebi.ac.uk/vol1/fastq/ERR147/055/ERR14788955/ERR14788955_2.fastq.gz
vmg-1284-ERR3955318,https://ftp.sra.ebi.ac.uk/vol1/fastq/ERR395/008/ERR3955318/ERR3955318_1.fastq.gz,https://ftp.sra.ebi.ac.uk/vol1/fastq/ERR395/008/ERR3955318/ERR3955318_2.fastq.gz
vmg-1285-ERR10749621,https://ftp.sra.ebi.ac.uk/vol1/fastq/ERR107/021/ERR10749621/ERR10749621_1.fastq.gz,https://ftp.sra.ebi.ac.uk/vol1/fastq/ERR107/021/ERR10749621/ERR10749621_2.fastq.gz
vmg-1286-DRR735458,https://ftp.sra.ebi.ac.uk/vol1/fastq/DRR735/DRR735458/DRR735458_1.fastq.gz,https://ftp.sra.ebi.ac.uk/vol1/fastq/DRR735/DRR735458/DRR735458_2.fastq.gz
vmg-1287-ERR12157467,https://ftp.sra.ebi.ac.uk/vol1/fastq/ERR121/067/ERR12157467/ERR12157467_1.fastq.gz,https://ftp.sra.ebi.ac.uk/vol1/fastq/ERR121/067/ERR12157467/ERR12157467_2.fastq.gz
vmg-1288-ERR14946190,https://ftp.sra.ebi.ac.uk/vol1/fastq/ERR149/090/ERR14946190/ERR14946190_1.fastq.gz,https://ftp.sra.ebi.ac.uk/vol1/fastq/ERR149/090/ERR14946190/ERR14946190_2.fastq.gz
vmg-1289-ERR15135638,https://ftp.sra.ebi.ac.uk/vol1/fastq/ERR151/038/ERR15135638/ERR15135638_1.fastq.gz,https://ftp.sra.ebi.ac.uk/vol1/fastq/ERR151/038/ERR15135638/ERR15135638_2.fastq.gz
vmg-1290-DRR735023,https://ftp.sra.ebi.ac.uk/vol1/fastq/DRR735/DRR735023/DRR735023_1.fastq.gz,https://ftp.sra.ebi.ac.uk/vol1/fastq/DRR735/DRR735023/DRR735023_2.fastq.gz
vmg-1291-DRR735009,https://ftp.sra.ebi.ac.uk/vol1/fastq/DRR735/DRR735009/DRR735009_1.fastq.gz,https://ftp.sra.ebi.ac.uk/vol1/fastq/DRR735/DRR735009/DRR735009_2.fastq.gz
vmg-1292-ERR14853716,https://ftp.sra.ebi.ac.uk/vol1/fastq/ERR148/016/ERR14853716/ERR14853716_1.fastq.gz,https://ftp.sra.ebi.ac.uk/vol1/fastq/ERR148/016/ERR14853716/ERR14853716_2.fastq.gz
vmg-1293-ERR14789070,https://ftp.sra.ebi.ac.uk/vol1/fastq/ERR147/070/ERR14789070/ERR14789070_1.fastq.gz,https://ftp.sra.ebi.ac.uk/vol1/fastq/ERR147/070/ERR14789070/ERR14789070_2.fastq.gz
vmg-1294-ERR14195329,https://ftp.sra.ebi.ac.uk/vol1/fastq/ERR141/029/ERR14195329/ERR14195329_1.fastq.gz,https://ftp.sra.ebi.ac.uk/vol1/fastq/ERR141/029/ERR14195329/ERR14195329_2.fastq.gz
vmg-1295-ERR13061369,https://ftp.sra.ebi.ac.uk/vol1/fastq/ERR130/069/ERR13061369/ERR13061369_1.fastq.gz,https://ftp.sra.ebi.ac.uk/vol1/fastq/ERR130/069/ERR13061369/ERR13061369_2.fastq.gz
vmg-1296-ERR14802104,https://ftp.sra.ebi.ac.uk/vol1/fastq/ERR148/004/ERR14802104/ERR14802104_1.fastq.gz,https://ftp.sra.ebi.ac.uk/vol1/fastq/ERR148/004/ERR14802104/ERR14802104_2.fastq.gz
vmg-1297-ERR2611564,https://ftp.sra.ebi.ac.uk/vol1/fastq/ERR261/004/ERR2611564/ERR2611564_1.fastq.gz,https://ftp.sra.ebi.ac.uk/vol1/fastq/ERR261/004/ERR2611564/ERR2611564_2.fastq.gz
vmg-1298-ERR3903874,https://ftp.sra.ebi.ac.uk/vol1/fastq/ERR390/004/ERR3903874/ERR3903874_1.fastq.gz,https://ftp.sra.ebi.ac.uk/vol1/fastq/ERR390/004/ERR3903874/ERR3903874_2.fastq.gz
vmg-1299-ERR14210832,https://ftp.sra.ebi.ac.uk/vol1/fastq/ERR142/032/ERR14210832/ERR14210832_1.fastq.gz,https://ftp.sra.ebi.ac.uk/vol1/fastq/ERR142/032/ERR14210832/ERR14210832_2.fastq.gz
vmg-1300-ERR14195360,https://ftp.sra.ebi.ac.uk/vol1/fastq/ERR141/060/ERR14195360/ERR14195360_1.fastq.gz,https://ftp.sra.ebi.ac.uk/vol1/fastq/ERR141/060/ERR14195360/ERR14195360_2.fastq.gz
vmg-1301-ERR2863451,https://ftp.sra.ebi.ac.uk/vol1/fastq/ERR286/001/ERR2863451/ERR2863451_1.fastq.gz,https://ftp.sra.ebi.ac.uk/vol1/fastq/ERR286/001/ERR2863451/ERR2863451_2.fastq.gz
vmg-1302-ERR12220421,https://ftp.sra.ebi.ac.uk/vol1/fastq/ERR122/021/ERR12220421/ERR12220421_1.fastq.gz,https://ftp.sra.ebi.ac.uk/vol1/fastq/ERR122/021/ERR12220421/ERR12220421_2.fastq.gz
vmg-1303-ERR16711569,https://ftp.sra.ebi.ac.uk/vol1/fastq/ERR167/069/ERR16711569/ERR16711569_1.fastq.gz,https://ftp.sra.ebi.ac.uk/vol1/fastq/ERR167/069/ERR16711569/ERR16711569_2.fastq.gz
vmg-1304-ERR3682685,https://ftp.sra.ebi.ac.uk/vol1/fastq/ERR368/005/ERR3682685/ERR3682685_1.fastq.gz,https://ftp.sra.ebi.ac.uk/vol1/fastq/ERR368/005/ERR3682685/ERR3682685_2.fastq.gz
vmg-1305-ERR4337852,https://ftp.sra.ebi.ac.uk/vol1/fastq/ERR433/002/ERR4337852/ERR4337852_1.fastq.gz,https://ftp.sra.ebi.ac.uk/vol1/fastq/ERR433/002/ERR4337852/ERR4337852_2.fastq.gz
vmg-1306-DRR735011,https://ftp.sra.ebi.ac.uk/vol1/fastq/DRR735/DRR735011/DRR735011_1.fastq.gz,https://ftp.sra.ebi.ac.uk/vol1/fastq/DRR735/DRR735011/DRR735011_2.fastq.gz
vmg-1307-ERR13061376,https://ftp.sra.ebi.ac.uk/vol1/fastq/ERR130/076/ERR13061376/ERR13061376_1.fastq.gz,https://ftp.sra.ebi.ac.uk/vol1/fastq/ERR130/076/ERR13061376/ERR13061376_2.fastq.gz
vmg-1308-ERR16140506,https://ftp.sra.ebi.ac.uk/vol1/fastq/ERR161/006/ERR16140506/ERR16140506_1.fastq.gz,https://ftp.sra.ebi.ac.uk/vol1/fastq/ERR161/006/ERR16140506/ERR16140506_2.fastq.gz
vmg-1309-ERR12217830,https://ftp.sra.ebi.ac.uk/vol1/fastq/ERR122/030/ERR12217830/ERR12217830_1.fastq.gz,https://ftp.sra.ebi.ac.uk/vol1/fastq/ERR122/030/ERR12217830/ERR12217830_2.fastq.gz
vmg-1310-ERR4407692,https://ftp.sra.ebi.ac.uk/vol1/fastq/ERR440/002/ERR4407692/ERR4407692_1.fastq.gz,https://ftp.sra.ebi.ac.uk/vol1/fastq/ERR440/002/ERR4407692/ERR4407692_2.fastq.gz
vmg-1311-DRR777400,https://ftp.sra.ebi.ac.uk/vol1/fastq/DRR777/DRR777400/DRR777400_1.fastq.gz,https://ftp.sra.ebi.ac.uk/vol1/fastq/DRR777/DRR777400/DRR777400_2.fastq.gz
vmg-1312-ERR10749518,https://ftp.sra.ebi.ac.uk/vol1/fastq/ERR107/018/ERR10749518/ERR10749518_1.fastq.gz,https://ftp.sra.ebi.ac.uk/vol1/fastq/ERR107/018/ERR10749518/ERR10749518_2.fastq.gz
vmg-1313-ERR15873276,https://ftp.sra.ebi.ac.uk/vol1/fastq/ERR158/076/ERR15873276/ERR15873276_1.fastq.gz,https://ftp.sra.ebi.ac.uk/vol1/fastq/ERR158/076/ERR15873276/ERR15873276_2.fastq.gz
vmg-1314-ERR4502193,https://ftp.sra.ebi.ac.uk/vol1/fastq/ERR450/003/ERR4502193/ERR4502193_1.fastq.gz,https://ftp.sra.ebi.ac.uk/vol1/fastq/ERR450/003/ERR4502193/ERR4502193_2.fastq.gz
vmg-1315-ERR14211270,https://ftp.sra.ebi.ac.uk/vol1/fastq/ERR142/070/ERR14211270/ERR14211270_1.fastq.gz,https://ftp.sra.ebi.ac.uk/vol1/fastq/ERR142/070/ERR14211270/ERR14211270_2.fastq.gz
vmg-1316-ERR10682656,https://ftp.sra.ebi.ac.uk/vol1/fastq/ERR106/056/ERR10682656/ERR10682656_1.fastq.gz,https://ftp.sra.ebi.ac.uk/vol1/fastq/ERR106/056/ERR10682656/ERR10682656_2.fastq.gz
vmg-1317-ERR14953698,https://ftp.sra.ebi.ac.uk/vol1/fastq/ERR149/098/ERR14953698/ERR14953698_1.fastq.gz,https://ftp.sra.ebi.ac.uk/vol1/fastq/ERR149/098/ERR14953698/ERR14953698_2.fastq.gz
vmg-1318-ERR3726513,https://ftp.sra.ebi.ac.uk/vol1/fastq/ERR372/003/ERR3726513/ERR3726513_1.fastq.gz,https://ftp.sra.ebi.ac.uk/vol1/fastq/ERR372/003/ERR3726513/ERR3726513_2.fastq.gz
vmg-1319-ERR12220294,https://ftp.sra.ebi.ac.uk/vol1/fastq/ERR122/094/ERR12220294/ERR12220294_1.fastq.gz,https://ftp.sra.ebi.ac.uk/vol1/fastq/ERR122/094/ERR12220294/ERR12220294_2.fastq.gz
vmg-1320-ERR14194861,https://ftp.sra.ebi.ac.uk/vol1/fastq/ERR141/061/ERR14194861/ERR14194861_1.fastq.gz,https://ftp.sra.ebi.ac.uk/vol1/fastq/ERR141/061/ERR14194861/ERR14194861_2.fastq.gz
vmg-1321-ERR14802712,https://ftp.sra.ebi.ac.uk/vol1/fastq/ERR148/012/ERR14802712/ERR14802712_1.fastq.gz,https://ftp.sra.ebi.ac.uk/vol1/fastq/ERR148/012/ERR14802712/ERR14802712_2.fastq.gz
vmg-1322-ERR3682701,https://ftp.sra.ebi.ac.uk/vol1/fastq/ERR368/001/ERR3682701/ERR3682701_1.fastq.gz,https://ftp.sra.ebi.ac.uk/vol1/fastq/ERR368/001/ERR3682701/ERR3682701_2.fastq.gz
vmg-1323-ERR14064438,https://ftp.sra.ebi.ac.uk/vol1/fastq/ERR140/038/ERR14064438/ERR14064438_1.fastq.gz,https://ftp.sra.ebi.ac.uk/vol1/fastq/ERR140/038/ERR14064438/ERR14064438_2.fastq.gz
vmg-1324-ERR17272776,https://ftp.sra.ebi.ac.uk/vol1/fastq/ERR172/076/ERR17272776/ERR17272776_1.fastq.gz,https://ftp.sra.ebi.ac.uk/vol1/fastq/ERR172/076/ERR17272776/ERR17272776_2.fastq.gz
vmg-1325-ERR4503442,https://ftp.sra.ebi.ac.uk/vol1/fastq/ERR450/002/ERR4503442/ERR4503442_1.fastq.gz,https://ftp.sra.ebi.ac.uk/vol1/fastq/ERR450/002/ERR4503442/ERR4503442_2.fastq.gz
vmg-1326-ERR14194698,https://ftp.sra.ebi.ac.uk/vol1/fastq/ERR141/098/ERR14194698/ERR14194698_1.fastq.gz,https://ftp.sra.ebi.ac.uk/vol1/fastq/ERR141/098/ERR14194698/ERR14194698_2.fastq.gz
vmg-1327-ERR12915573,https://ftp.sra.ebi.ac.uk/vol1/fastq/ERR129/073/ERR12915573/ERR12915573_1.fastq.gz,https://ftp.sra.ebi.ac.uk/vol1/fastq/ERR129/073/ERR12915573/ERR12915573_2.fastq.gz
vmg-1328-ERR14789063,https://ftp.sra.ebi.ac.uk/vol1/fastq/ERR147/063/ERR14789063/ERR14789063_1.fastq.gz,https://ftp.sra.ebi.ac.uk/vol1/fastq/ERR147/063/ERR14789063/ERR14789063_2.fastq.gz
vmg-1329-ERR14789321,https://ftp.sra.ebi.ac.uk/vol1/fastq/ERR147/021/ERR14789321/ERR14789321_1.fastq.gz,https://ftp.sra.ebi.ac.uk/vol1/fastq/ERR147/021/ERR14789321/ERR14789321_2.fastq.gz
vmg-1330-ERR3682716,https://ftp.sra.ebi.ac.uk/vol1/fastq/ERR368/006/ERR3682716/ERR3682716_1.fastq.gz,https://ftp.sra.ebi.ac.uk/vol1/fastq/ERR368/006/ERR3682716/ERR3682716_2.fastq.gz
vmg-1331-ERR12419459,https://ftp.sra.ebi.ac.uk/vol1/fastq/ERR124/059/ERR12419459/ERR12419459_1.fastq.gz,https://ftp.sra.ebi.ac.uk/vol1/fastq/ERR124/059/ERR12419459/ERR12419459_2.fastq.gz
vmg-1332-ERR14195343,https://ftp.sra.ebi.ac.uk/vol1/fastq/ERR141/043/ERR14195343/ERR14195343_1.fastq.gz,https://ftp.sra.ebi.ac.uk/vol1/fastq/ERR141/043/ERR14195343/ERR14195343_2.fastq.gz
vmg-1333-ERR16023614,https://ftp.sra.ebi.ac.uk/vol1/fastq/ERR160/014/ERR16023614/ERR16023614_1.fastq.gz,https://ftp.sra.ebi.ac.uk/vol1/fastq/ERR160/014/ERR16023614/ERR16023614_2.fastq.gz
vmg-1334-ERR12032833,https://ftp.sra.ebi.ac.uk/vol1/fastq/ERR120/033/ERR12032833/ERR12032833_1.fastq.gz,https://ftp.sra.ebi.ac.uk/vol1/fastq/ERR120/033/ERR12032833/ERR12032833_2.fastq.gz
vmg-1335-ERR10745286,https://ftp.sra.ebi.ac.uk/vol1/fastq/ERR107/086/ERR10745286/ERR10745286_1.fastq.gz,https://ftp.sra.ebi.ac.uk/vol1/fastq/ERR107/086/ERR10745286/ERR10745286_2.fastq.gz
vmg-1336-ERR17459613,https://ftp.sra.ebi.ac.uk/vol1/fastq/ERR174/013/ERR17459613/ERR17459613_1.fastq.gz,https://ftp.sra.ebi.ac.uk/vol1/fastq/ERR174/013/ERR17459613/ERR17459613_2.fastq.gz
vmg-1337-ERR12217827,https://ftp.sra.ebi.ac.uk/vol1/fastq/ERR122/027/ERR12217827/ERR12217827_1.fastq.gz,https://ftp.sra.ebi.ac.uk/vol1/fastq/ERR122/027/ERR12217827/ERR12217827_2.fastq.gz
vmg-1338-ERR2611625,https://ftp.sra.ebi.ac.uk/vol1/fastq/ERR261/005/ERR2611625/ERR2611625_1.fastq.gz,https://ftp.sra.ebi.ac.uk/vol1/fastq/ERR261/005/ERR2611625/ERR2611625_2.fastq.gz
vmg-1339-ERR14210994,https://ftp.sra.ebi.ac.uk/vol1/fastq/ERR142/094/ERR14210994/ERR14210994_1.fastq.gz,https://ftp.sra.ebi.ac.uk/vol1/fastq/ERR142/094/ERR14210994/ERR14210994_2.fastq.gz
vmg-1340-ERR14789097,https://ftp.sra.ebi.ac.uk/vol1/fastq/ERR147/097/ERR14789097/ERR14789097_1.fastq.gz,https://ftp.sra.ebi.ac.uk/vol1/fastq/ERR147/097/ERR14789097/ERR14789097_2.fastq.gz
vmg-1341-ERR15418951,https://ftp.sra.ebi.ac.uk/vol1/fastq/ERR154/051/ERR15418951/ERR15418951_1.fastq.gz,https://ftp.sra.ebi.ac.uk/vol1/fastq/ERR154/051/ERR15418951/ERR15418951_2.fastq.gz
vmg-1342-ERR2608256,https://ftp.sra.ebi.ac.uk/vol1/fastq/ERR260/006/ERR2608256/ERR2608256_1.fastq.gz,https://ftp.sra.ebi.ac.uk/vol1/fastq/ERR260/006/ERR2608256/ERR2608256_2.fastq.gz
vmg-1343-ERR11456349,https://ftp.sra.ebi.ac.uk/vol1/fastq/ERR114/049/ERR11456349/ERR11456349_1.fastq.gz,https://ftp.sra.ebi.ac.uk/vol1/fastq/ERR114/049/ERR11456349/ERR11456349_2.fastq.gz
vmg-1344-ERR13583531,https://ftp.sra.ebi.ac.uk/vol1/fastq/ERR135/031/ERR13583531/ERR13583531_1.fastq.gz,https://ftp.sra.ebi.ac.uk/vol1/fastq/ERR135/031/ERR13583531/ERR13583531_2.fastq.gz
vmg-1345-ERR12520158,https://ftp.sra.ebi.ac.uk/vol1/fastq/ERR125/058/ERR12520158/ERR12520158_1.fastq.gz,https://ftp.sra.ebi.ac.uk/vol1/fastq/ERR125/058/ERR12520158/ERR12520158_2.fastq.gz
vmg-1346-ERR3955454,https://ftp.sra.ebi.ac.uk/vol1/fastq/ERR395/004/ERR3955454/ERR3955454_1.fastq.gz,https://ftp.sra.ebi.ac.uk/vol1/fastq/ERR395/004/ERR3955454/ERR3955454_2.fastq.gz
vmg-1347-ERR12126389,https://ftp.sra.ebi.ac.uk/vol1/fastq/ERR121/089/ERR12126389/ERR12126389_1.fastq.gz,https://ftp.sra.ebi.ac.uk/vol1/fastq/ERR121/089/ERR12126389/ERR12126389_2.fastq.gz
vmg-1348-ERR4407732,https://ftp.sra.ebi.ac.uk/vol1/fastq/ERR440/002/ERR4407732/ERR4407732_1.fastq.gz,https://ftp.sra.ebi.ac.uk/vol1/fastq/ERR440/002/ERR4407732/ERR4407732_2.fastq.gz
vmg-1349-DRR735587,https://ftp.sra.ebi.ac.uk/vol1/fastq/DRR735/DRR735587/DRR735587_1.fastq.gz,https://ftp.sra.ebi.ac.uk/vol1/fastq/DRR735/DRR735587/DRR735587_2.fastq.gz
vmg-1350-ERR14049362,https://ftp.sra.ebi.ac.uk/vol1/fastq/ERR140/062/ERR14049362/ERR14049362_1.fastq.gz,https://ftp.sra.ebi.ac.uk/vol1/fastq/ERR140/062/ERR14049362/ERR14049362_2.fastq.gz
vmg-1351-ERR15668400,https://ftp.sra.ebi.ac.uk/vol1/fastq/ERR156/000/ERR15668400/ERR15668400_1.fastq.gz,https://ftp.sra.ebi.ac.uk/vol1/fastq/ERR156/000/ERR15668400/ERR15668400_2.fastq.gz
vmg-1352-ERR2738596,https://ftp.sra.ebi.ac.uk/vol1/fastq/ERR273/006/ERR2738596/ERR2738596_1.fastq.gz,https://ftp.sra.ebi.ac.uk/vol1/fastq/ERR273/006/ERR2738596/ERR2738596_2.fastq.gz
vmg-1353-ERR14953618,https://ftp.sra.ebi.ac.uk/vol1/fastq/ERR149/018/ERR14953618/ERR14953618_1.fastq.gz,https://ftp.sra.ebi.ac.uk/vol1/fastq/ERR149/018/ERR14953618/ERR14953618_2.fastq.gz
vmg-1354-ERR17272779,https://ftp.sra.ebi.ac.uk/vol1/fastq/ERR172/079/ERR17272779/ERR17272779_1.fastq.gz,https://ftp.sra.ebi.ac.uk/vol1/fastq/ERR172/079/ERR17272779/ERR17272779_2.fastq.gz
vmg-1355-DRR735585,https://ftp.sra.ebi.ac.uk/vol1/fastq/DRR735/DRR735585/DRR735585_1.fastq.gz,https://ftp.sra.ebi.ac.uk/vol1/fastq/DRR735/DRR735585/DRR735585_2.fastq.gz
vmg-1356-DRR774167,https://ftp.sra.ebi.ac.uk/vol1/fastq/DRR774/DRR774167/DRR774167_1.fastq.gz,https://ftp.sra.ebi.ac.uk/vol1/fastq/DRR774/DRR774167/DRR774167_2.fastq.gz
vmg-1357-ERR2608599,https://ftp.sra.ebi.ac.uk/vol1/fastq/ERR260/009/ERR2608599/ERR2608599_1.fastq.gz,https://ftp.sra.ebi.ac.uk/vol1/fastq/ERR260/009/ERR2608599/ERR2608599_2.fastq.gz
vmg-1358-ERR14946302,https://ftp.sra.ebi.ac.uk/vol1/fastq/ERR149/002/ERR14946302/ERR14946302_1.fastq.gz,https://ftp.sra.ebi.ac.uk/vol1/fastq/ERR149/002/ERR14946302/ERR14946302_2.fastq.gz
vmg-1359-ERR16730695,https://ftp.sra.ebi.ac.uk/vol1/fastq/ERR167/095/ERR16730695/ERR16730695_1.fastq.gz,https://ftp.sra.ebi.ac.uk/vol1/fastq/ERR167/095/ERR16730695/ERR16730695_2.fastq.gz
vmg-1360-ERR14195347,https://ftp.sra.ebi.ac.uk/vol1/fastq/ERR141/047/ERR14195347/ERR14195347_1.fastq.gz,https://ftp.sra.ebi.ac.uk/vol1/fastq/ERR141/047/ERR14195347/ERR14195347_2.fastq.gz
vmg-1361-ERR10773851,https://ftp.sra.ebi.ac.uk/vol1/fastq/ERR107/051/ERR10773851/ERR10773851_1.fastq.gz,https://ftp.sra.ebi.ac.uk/vol1/fastq/ERR107/051/ERR10773851/ERR10773851_2.fastq.gz
vmg-1362-DRR735295,https://ftp.sra.ebi.ac.uk/vol1/fastq/DRR735/DRR735295/DRR735295_1.fastq.gz,https://ftp.sra.ebi.ac.uk/vol1/fastq/DRR735/DRR735295/DRR735295_2.fastq.gz
vmg-1363-ERR16004272,https://ftp.sra.ebi.ac.uk/vol1/fastq/ERR160/072/ERR16004272/ERR16004272_1.fastq.gz,https://ftp.sra.ebi.ac.uk/vol1/fastq/ERR160/072/ERR16004272/ERR16004272_2.fastq.gz
vmg-1364-ERR14049378,https://ftp.sra.ebi.ac.uk/vol1/fastq/ERR140/078/ERR14049378/ERR14049378_1.fastq.gz,https://ftp.sra.ebi.ac.uk/vol1/fastq/ERR140/078/ERR14049378/ERR14049378_2.fastq.gz
vmg-1365-DRR734903,https://ftp.sra.ebi.ac.uk/vol1/fastq/DRR734/DRR734903/DRR734903_1.fastq.gz,https://ftp.sra.ebi.ac.uk/vol1/fastq/DRR734/DRR734903/DRR734903_2.fastq.gz
vmg-1366-ERR16044085,https://ftp.sra.ebi.ac.uk/vol1/fastq/ERR160/085/ERR16044085/ERR16044085_1.fastq.gz,https://ftp.sra.ebi.ac.uk/vol1/fastq/ERR160/085/ERR16044085/ERR16044085_2.fastq.gz
vmg-1367-ERR16721352,https://ftp.sra.ebi.ac.uk/vol1/fastq/ERR167/052/ERR16721352/ERR16721352_1.fastq.gz,https://ftp.sra.ebi.ac.uk/vol1/fastq/ERR167/052/ERR16721352/ERR16721352_2.fastq.gz
vmg-1368-ERR16003638,https://ftp.sra.ebi.ac.uk/vol1/fastq/ERR160/038/ERR16003638/ERR16003638_1.fastq.gz,https://ftp.sra.ebi.ac.uk/vol1/fastq/ERR160/038/ERR16003638/ERR16003638_2.fastq.gz
vmg-1369-ERR2611500,https://ftp.sra.ebi.ac.uk/vol1/fastq/ERR261/000/ERR2611500/ERR2611500_1.fastq.gz,https://ftp.sra.ebi.ac.uk/vol1/fastq/ERR261/000/ERR2611500/ERR2611500_2.fastq.gz
vmg-1370-ERR14211441,https://ftp.sra.ebi.ac.uk/vol1/fastq/ERR142/041/ERR14211441/ERR14211441_1.fastq.gz,https://ftp.sra.ebi.ac.uk/vol1/fastq/ERR142/041/ERR14211441/ERR14211441_2.fastq.gz
vmg-1371-ERR3726777,https://ftp.sra.ebi.ac.uk/vol1/fastq/ERR372/007/ERR3726777/ERR3726777_1.fastq.gz,https://ftp.sra.ebi.ac.uk/vol1/fastq/ERR372/007/ERR3726777/ERR3726777_2.fastq.gz
vmg-1372-DRR735160,https://ftp.sra.ebi.ac.uk/vol1/fastq/DRR735/DRR735160/DRR735160_1.fastq.gz,https://ftp.sra.ebi.ac.uk/vol1/fastq/DRR735/DRR735160/DRR735160_2.fastq.gz
vmg-1373-ERR11627240,https://ftp.sra.ebi.ac.uk/vol1/fastq/ERR116/040/ERR11627240/ERR11627240_1.fastq.gz,https://ftp.sra.ebi.ac.uk/vol1/fastq/ERR116/040/ERR11627240/ERR11627240_2.fastq.gz
vmg-1374-ERR12308573,https://ftp.sra.ebi.ac.uk/vol1/fastq/ERR123/073/ERR12308573/ERR12308573_1.fastq.gz,https://ftp.sra.ebi.ac.uk/vol1/fastq/ERR123/073/ERR12308573/ERR12308573_2.fastq.gz
vmg-1375-ERR3726383,https://ftp.sra.ebi.ac.uk/vol1/fastq/ERR372/003/ERR3726383/ERR3726383_1.fastq.gz,https://ftp.sra.ebi.ac.uk/vol1/fastq/ERR372/003/ERR3726383/ERR3726383_2.fastq.gz
vmg-1376-ERR10881371,https://ftp.sra.ebi.ac.uk/vol1/fastq/ERR108/071/ERR10881371/ERR10881371_1.fastq.gz,https://ftp.sra.ebi.ac.uk/vol1/fastq/ERR108/071/ERR10881371/ERR10881371_2.fastq.gz
vmg-1377-DRR734980,https://ftp.sra.ebi.ac.uk/vol1/fastq/DRR734/DRR734980/DRR734980_1.fastq.gz,https://ftp.sra.ebi.ac.uk/vol1/fastq/DRR734/DRR734980/DRR734980_2.fastq.gz
vmg-1378-DRR734896,https://ftp.sra.ebi.ac.uk/vol1/fastq/DRR734/DRR734896/DRR734896_1.fastq.gz,https://ftp.sra.ebi.ac.uk/vol1/fastq/DRR734/DRR734896/DRR734896_2.fastq.gz
vmg-1379-ERR10880648,https://ftp.sra.ebi.ac.uk/vol1/fastq/ERR108/048/ERR10880648/ERR10880648_1.fastq.gz,https://ftp.sra.ebi.ac.uk/vol1/fastq/ERR108/048/ERR10880648/ERR10880648_2.fastq.gz
vmg-1380-ERR14194824,https://ftp.sra.ebi.ac.uk/vol1/fastq/ERR141/024/ERR14194824/ERR14194824_1.fastq.gz,https://ftp.sra.ebi.ac.uk/vol1/fastq/ERR141/024/ERR14194824/ERR14194824_2.fastq.gz
vmg-1381-ERR14210970,https://ftp.sra.ebi.ac.uk/vol1/fastq/ERR142/070/ERR14210970/ERR14210970_1.fastq.gz,https://ftp.sra.ebi.ac.uk/vol1/fastq/ERR142/070/ERR14210970/ERR14210970_2.fastq.gz
vmg-1382-ERR2611640,https://ftp.sra.ebi.ac.uk/vol1/fastq/ERR261/000/ERR2611640/ERR2611640_1.fastq.gz,https://ftp.sra.ebi.ac.uk/vol1/fastq/ERR261/000/ERR2611640/ERR2611640_2.fastq.gz
vmg-1383-DRR734987,https://ftp.sra.ebi.ac.uk/vol1/fastq/DRR734/DRR734987/DRR734987_1.fastq.gz,https://ftp.sra.ebi.ac.uk/vol1/fastq/DRR734/DRR734987/DRR734987_2.fastq.gz
vmg-1384-ERR16908688,https://ftp.sra.ebi.ac.uk/vol1/fastq/ERR169/088/ERR16908688/ERR16908688_1.fastq.gz,https://ftp.sra.ebi.ac.uk/vol1/fastq/ERR169/088/ERR16908688/ERR16908688_2.fastq.gz
vmg-1385-DRR734969,https://ftp.sra.ebi.ac.uk/vol1/fastq/DRR734/DRR734969/DRR734969_1.fastq.gz,https://ftp.sra.ebi.ac.uk/vol1/fastq/DRR734/DRR734969/DRR734969_2.fastq.gz
vmg-1386-ERR14789087,https://ftp.sra.ebi.ac.uk/vol1/fastq/ERR147/087/ERR14789087/ERR14789087_1.fastq.gz,https://ftp.sra.ebi.ac.uk/vol1/fastq/ERR147/087/ERR14789087/ERR14789087_2.fastq.gz
vmg-1387-ERR15418940,https://ftp.sra.ebi.ac.uk/vol1/fastq/ERR154/040/ERR15418940/ERR15418940_1.fastq.gz,https://ftp.sra.ebi.ac.uk/vol1/fastq/ERR154/040/ERR15418940/ERR15418940_2.fastq.gz
vmg-1388-ERR14210992,https://ftp.sra.ebi.ac.uk/vol1/fastq/ERR142/092/ERR14210992/ERR14210992_1.fastq.gz,https://ftp.sra.ebi.ac.uk/vol1/fastq/ERR142/092/ERR14210992/ERR14210992_2.fastq.gz
vmg-1389-ERR10749526,https://ftp.sra.ebi.ac.uk/vol1/fastq/ERR107/026/ERR10749526/ERR10749526_1.fastq.gz,https://ftp.sra.ebi.ac.uk/vol1/fastq/ERR107/026/ERR10749526/ERR10749526_2.fastq.gz
vmg-1390-ERR3769519,https://ftp.sra.ebi.ac.uk/vol1/fastq/ERR376/009/ERR3769519/ERR3769519_1.fastq.gz,https://ftp.sra.ebi.ac.uk/vol1/fastq/ERR376/009/ERR3769519/ERR3769519_2.fastq.gz
vmg-1391-ERR10749520,https://ftp.sra.ebi.ac.uk/vol1/fastq/ERR107/020/ERR10749520/ERR10749520_1.fastq.gz,https://ftp.sra.ebi.ac.uk/vol1/fastq/ERR107/020/ERR10749520/ERR10749520_2.fastq.gz
vmg-1392-DRR735505,https://ftp.sra.ebi.ac.uk/vol1/fastq/DRR735/DRR735505/DRR735505_1.fastq.gz,https://ftp.sra.ebi.ac.uk/vol1/fastq/DRR735/DRR735505/DRR735505_2.fastq.gz
vmg-1393-ERR4503371,https://ftp.sra.ebi.ac.uk/vol1/fastq/ERR450/001/ERR4503371/ERR4503371_1.fastq.gz,https://ftp.sra.ebi.ac.uk/vol1/fastq/ERR450/001/ERR4503371/ERR4503371_2.fastq.gz
vmg-1394-ERR14194657,https://ftp.sra.ebi.ac.uk/vol1/fastq/ERR141/057/ERR14194657/ERR14194657_1.fastq.gz,https://ftp.sra.ebi.ac.uk/vol1/fastq/ERR141/057/ERR14194657/ERR14194657_2.fastq.gz
vmg-1395-ERR3682652,https://ftp.sra.ebi.ac.uk/vol1/fastq/ERR368/002/ERR3682652/ERR3682652_1.fastq.gz,https://ftp.sra.ebi.ac.uk/vol1/fastq/ERR368/002/ERR3682652/ERR3682652_2.fastq.gz
vmg-1396-ERR14946184,https://ftp.sra.ebi.ac.uk/vol1/fastq/ERR149/084/ERR14946184/ERR14946184_1.fastq.gz,https://ftp.sra.ebi.ac.uk/vol1/fastq/ERR149/084/ERR14946184/ERR14946184_2.fastq.gz
vmg-1397-ERR14194870,https://ftp.sra.ebi.ac.uk/vol1/fastq/ERR141/070/ERR14194870/ERR14194870_1.fastq.gz,https://ftp.sra.ebi.ac.uk/vol1/fastq/ERR141/070/ERR14194870/ERR14194870_2.fastq.gz
vmg-1398-ERR14211016,https://ftp.sra.ebi.ac.uk/vol1/fastq/ERR142/016/ERR14211016/ERR14211016_1.fastq.gz,https://ftp.sra.ebi.ac.uk/vol1/fastq/ERR142/016/ERR14211016/ERR14211016_2.fastq.gz
vmg-1399-ERR16043537,https://ftp.sra.ebi.ac.uk/vol1/fastq/ERR160/037/ERR16043537/ERR16043537_1.fastq.gz,https://ftp.sra.ebi.ac.uk/vol1/fastq/ERR160/037/ERR16043537/ERR16043537_2.fastq.gz
vmg-1400-ERR3682651,https://ftp.sra.ebi.ac.uk/vol1/fastq/ERR368/001/ERR3682651/ERR3682651_1.fastq.gz,https://ftp.sra.ebi.ac.uk/vol1/fastq/ERR368/001/ERR3682651/ERR3682651_2.fastq.gz
vmg-1401-ERR14211004,https://ftp.sra.ebi.ac.uk/vol1/fastq/ERR142/004/ERR14211004/ERR14211004_1.fastq.gz,https://ftp.sra.ebi.ac.uk/vol1/fastq/ERR142/004/ERR14211004/ERR14211004_2.fastq.gz
vmg-1402-DRR734983,https://ftp.sra.ebi.ac.uk/vol1/fastq/DRR734/DRR734983/DRR734983_1.fastq.gz,https://ftp.sra.ebi.ac.uk/vol1/fastq/DRR734/DRR734983/DRR734983_2.fastq.gz
vmg-1403-ERR3662984,https://ftp.sra.ebi.ac.uk/vol1/fastq/ERR366/004/ERR3662984/ERR3662984_1.fastq.gz,https://ftp.sra.ebi.ac.uk/vol1/fastq/ERR366/004/ERR3662984/ERR3662984_2.fastq.gz
vmg-1404-ERR3682627,https://ftp.sra.ebi.ac.uk/vol1/fastq/ERR368/007/ERR3682627/ERR3682627_1.fastq.gz,https://ftp.sra.ebi.ac.uk/vol1/fastq/ERR368/007/ERR3682627/ERR3682627_2.fastq.gz
vmg-1405-ERR15315375,https://ftp.sra.ebi.ac.uk/vol1/fastq/ERR153/075/ERR15315375/ERR15315375_1.fastq.gz,https://ftp.sra.ebi.ac.uk/vol1/fastq/ERR153/075/ERR15315375/ERR15315375_2.fastq.gz
vmg-1406-ERR12554999,https://ftp.sra.ebi.ac.uk/vol1/fastq/ERR125/099/ERR12554999/ERR12554999_1.fastq.gz,https://ftp.sra.ebi.ac.uk/vol1/fastq/ERR125/099/ERR12554999/ERR12554999_2.fastq.gz
vmg-1407-ERR14211827,https://ftp.sra.ebi.ac.uk/vol1/fastq/ERR142/027/ERR14211827/ERR14211827_1.fastq.gz,https://ftp.sra.ebi.ac.uk/vol1/fastq/ERR142/027/ERR14211827/ERR14211827_2.fastq.gz
vmg-1408-ERR12316870,https://ftp.sra.ebi.ac.uk/vol1/fastq/ERR123/070/ERR12316870/ERR12316870_1.fastq.gz,https://ftp.sra.ebi.ac.uk/vol1/fastq/ERR123/070/ERR12316870/ERR12316870_2.fastq.gz
vmg-1409-ERR14847614,https://ftp.sra.ebi.ac.uk/vol1/fastq/ERR148/014/ERR14847614/ERR14847614_1.fastq.gz,https://ftp.sra.ebi.ac.uk/vol1/fastq/ERR148/014/ERR14847614/ERR14847614_2.fastq.gz
vmg-1410-ERR3726395,https://ftp.sra.ebi.ac.uk/vol1/fastq/ERR372/005/ERR3726395/ERR3726395_1.fastq.gz,https://ftp.sra.ebi.ac.uk/vol1/fastq/ERR372/005/ERR3726395/ERR3726395_2.fastq.gz
vmg-1411-ERR13999504,https://ftp.sra.ebi.ac.uk/vol1/fastq/ERR139/004/ERR13999504/ERR13999504_1.fastq.gz,https://ftp.sra.ebi.ac.uk/vol1/fastq/ERR139/004/ERR13999504/ERR13999504_2.fastq.gz
vmg-1412-ERR14847611,https://ftp.sra.ebi.ac.uk/vol1/fastq/ERR148/011/ERR14847611/ERR14847611_1.fastq.gz,https://ftp.sra.ebi.ac.uk/vol1/fastq/ERR148/011/ERR14847611/ERR14847611_2.fastq.gz
vmg-1413-ERR13911247,https://ftp.sra.ebi.ac.uk/vol1/fastq/ERR139/047/ERR13911247/ERR13911247_1.fastq.gz,https://ftp.sra.ebi.ac.uk/vol1/fastq/ERR139/047/ERR13911247/ERR13911247_2.fastq.gz
vmg-1414-ERR14847613,https://ftp.sra.ebi.ac.uk/vol1/fastq/ERR148/013/ERR14847613/ERR14847613_1.fastq.gz,https://ftp.sra.ebi.ac.uk/vol1/fastq/ERR148/013/ERR14847613/ERR14847613_2.fastq.gz
vmg-1415-ERR14847610,https://ftp.sra.ebi.ac.uk/vol1/fastq/ERR148/010/ERR14847610/ERR14847610_1.fastq.gz,https://ftp.sra.ebi.ac.uk/vol1/fastq/ERR148/010/ERR14847610/ERR14847610_2.fastq.gz
vmg-1416-ERR4407742,https://ftp.sra.ebi.ac.uk/vol1/fastq/ERR440/002/ERR4407742/ERR4407742_1.fastq.gz,https://ftp.sra.ebi.ac.uk/vol1/fastq/ERR440/002/ERR4407742/ERR4407742_2.fastq.gz
vmg-1417-ERR14789072,https://ftp.sra.ebi.ac.uk/vol1/fastq/ERR147/072/ERR14789072/ERR14789072_1.fastq.gz,https://ftp.sra.ebi.ac.uk/vol1/fastq/ERR147/072/ERR14789072/ERR14789072_2.fastq.gz
vmg-1418-ERR12520390,https://ftp.sra.ebi.ac.uk/vol1/fastq/ERR125/090/ERR12520390/ERR12520390_1.fastq.gz,https://ftp.sra.ebi.ac.uk/vol1/fastq/ERR125/090/ERR12520390/ERR12520390_2.fastq.gz
vmg-1419-ERR15315401,https://ftp.sra.ebi.ac.uk/vol1/fastq/ERR153/001/ERR15315401/ERR15315401_1.fastq.gz,https://ftp.sra.ebi.ac.uk/vol1/fastq/ERR153/001/ERR15315401/ERR15315401_2.fastq.gz
vmg-1420-ERR16908604,https://ftp.sra.ebi.ac.uk/vol1/fastq/ERR169/004/ERR16908604/ERR16908604_1.fastq.gz,https://ftp.sra.ebi.ac.uk/vol1/fastq/ERR169/004/ERR16908604/ERR16908604_2.fastq.gz
vmg-1421-ERR16043336,https://ftp.sra.ebi.ac.uk/vol1/fastq/ERR160/036/ERR16043336/ERR16043336_1.fastq.gz,https://ftp.sra.ebi.ac.uk/vol1/fastq/ERR160/036/ERR16043336/ERR16043336_2.fastq.gz
vmg-1422-ERR12316876,https://ftp.sra.ebi.ac.uk/vol1/fastq/ERR123/076/ERR12316876/ERR12316876_1.fastq.gz,https://ftp.sra.ebi.ac.uk/vol1/fastq/ERR123/076/ERR12316876/ERR12316876_2.fastq.gz
vmg-1423-ERR4503382,https://ftp.sra.ebi.ac.uk/vol1/fastq/ERR450/002/ERR4503382/ERR4503382_1.fastq.gz,https://ftp.sra.ebi.ac.uk/vol1/fastq/ERR450/002/ERR4503382/ERR4503382_2.fastq.gz
vmg-1424-ERR16710857,https://ftp.sra.ebi.ac.uk/vol1/fastq/ERR167/057/ERR16710857/ERR16710857_1.fastq.gz,https://ftp.sra.ebi.ac.uk/vol1/fastq/ERR167/057/ERR16710857/ERR16710857_2.fastq.gz
vmg-1425-ERR14194823,https://ftp.sra.ebi.ac.uk/vol1/fastq/ERR141/023/ERR14194823/ERR14194823_1.fastq.gz,https://ftp.sra.ebi.ac.uk/vol1/fastq/ERR141/023/ERR14194823/ERR14194823_2.fastq.gz
vmg-1426-ERR14210969,https://ftp.sra.ebi.ac.uk/vol1/fastq/ERR142/069/ERR14210969/ERR14210969_1.fastq.gz,https://ftp.sra.ebi.ac.uk/vol1/fastq/ERR142/069/ERR14210969/ERR14210969_2.fastq.gz
vmg-1427-ERR15873432,https://ftp.sra.ebi.ac.uk/vol1/fastq/ERR158/032/ERR15873432/ERR15873432_1.fastq.gz,https://ftp.sra.ebi.ac.uk/vol1/fastq/ERR158/032/ERR15873432/ERR15873432_2.fastq.gz
vmg-1428-ERR14927621,https://ftp.sra.ebi.ac.uk/vol1/fastq/ERR149/021/ERR14927621/ERR14927621_1.fastq.gz,https://ftp.sra.ebi.ac.uk/vol1/fastq/ERR149/021/ERR14927621/ERR14927621_2.fastq.gz
vmg-1429-DRR735610,https://ftp.sra.ebi.ac.uk/vol1/fastq/DRR735/DRR735610/DRR735610_1.fastq.gz,https://ftp.sra.ebi.ac.uk/vol1/fastq/DRR735/DRR735610/DRR735610_2.fastq.gz
vmg-1430-ERR14210983,https://ftp.sra.ebi.ac.uk/vol1/fastq/ERR142/083/ERR14210983/ERR14210983_1.fastq.gz,https://ftp.sra.ebi.ac.uk/vol1/fastq/ERR142/083/ERR14210983/ERR14210983_2.fastq.gz
vmg-1431-ERR14789165,https://ftp.sra.ebi.ac.uk/vol1/fastq/ERR147/065/ERR14789165/ERR14789165_1.fastq.gz,https://ftp.sra.ebi.ac.uk/vol1/fastq/ERR147/065/ERR14789165/ERR14789165_2.fastq.gz
vmg-1432-ERR4503472,https://ftp.sra.ebi.ac.uk/vol1/fastq/ERR450/002/ERR4503472/ERR4503472_1.fastq.gz,https://ftp.sra.ebi.ac.uk/vol1/fastq/ERR450/002/ERR4503472/ERR4503472_2.fastq.gz
vmg-1433-ERR14853670,https://ftp.sra.ebi.ac.uk/vol1/fastq/ERR148/070/ERR14853670/ERR14853670_1.fastq.gz,https://ftp.sra.ebi.ac.uk/vol1/fastq/ERR148/070/ERR14853670/ERR14853670_2.fastq.gz
vmg-1434-ERR13231366,https://ftp.sra.ebi.ac.uk/vol1/fastq/ERR132/066/ERR13231366/ERR13231366_1.fastq.gz,https://ftp.sra.ebi.ac.uk/vol1/fastq/ERR132/066/ERR13231366/ERR13231366_2.fastq.gz
vmg-1435-ERR16908504,https://ftp.sra.ebi.ac.uk/vol1/fastq/ERR169/004/ERR16908504/ERR16908504_1.fastq.gz,https://ftp.sra.ebi.ac.uk/vol1/fastq/ERR169/004/ERR16908504/ERR16908504_2.fastq.gz
vmg-1436-ERR2863528,https://ftp.sra.ebi.ac.uk/vol1/fastq/ERR286/008/ERR2863528/ERR2863528_1.fastq.gz,https://ftp.sra.ebi.ac.uk/vol1/fastq/ERR286/008/ERR2863528/ERR2863528_2.fastq.gz
vmg-1437-ERR12812875,https://ftp.sra.ebi.ac.uk/vol1/fastq/ERR128/075/ERR12812875/ERR12812875_1.fastq.gz,https://ftp.sra.ebi.ac.uk/vol1/fastq/ERR128/075/ERR12812875/ERR12812875_2.fastq.gz
vmg-1438-ERR14802101,https://ftp.sra.ebi.ac.uk/vol1/fastq/ERR148/001/ERR14802101/ERR14802101_1.fastq.gz,https://ftp.sra.ebi.ac.uk/vol1/fastq/ERR148/001/ERR14802101/ERR14802101_2.fastq.gz
vmg-1439-ERR10749619,https://ftp.sra.ebi.ac.uk/vol1/fastq/ERR107/019/ERR10749619/ERR10749619_1.fastq.gz,https://ftp.sra.ebi.ac.uk/vol1/fastq/ERR107/019/ERR10749619/ERR10749619_2.fastq.gz
vmg-1440-ERR16043372,https://ftp.sra.ebi.ac.uk/vol1/fastq/ERR160/072/ERR16043372/ERR16043372_1.fastq.gz,https://ftp.sra.ebi.ac.uk/vol1/fastq/ERR160/072/ERR16043372/ERR16043372_2.fastq.gz
vmg-1441-DRR735613,https://ftp.sra.ebi.ac.uk/vol1/fastq/DRR735/DRR735613/DRR735613_1.fastq.gz,https://ftp.sra.ebi.ac.uk/vol1/fastq/DRR735/DRR735613/DRR735613_2.fastq.gz
vmg-1442-ERR11627502,https://ftp.sra.ebi.ac.uk/vol1/fastq/ERR116/002/ERR11627502/ERR11627502_1.fastq.gz,https://ftp.sra.ebi.ac.uk/vol1/fastq/ERR116/002/ERR11627502/ERR11627502_2.fastq.gz
vmg-1443-ERR14789473,https://ftp.sra.ebi.ac.uk/vol1/fastq/ERR147/073/ERR14789473/ERR14789473_1.fastq.gz,https://ftp.sra.ebi.ac.uk/vol1/fastq/ERR147/073/ERR14789473/ERR14789473_2.fastq.gz
vmg-1444-ERR11489402,https://ftp.sra.ebi.ac.uk/vol1/fastq/ERR114/002/ERR11489402/ERR11489402_1.fastq.gz,https://ftp.sra.ebi.ac.uk/vol1/fastq/ERR114/002/ERR11489402/ERR11489402_2.fastq.gz
vmg-1445-ERR15664923,https://ftp.sra.ebi.ac.uk/vol1/fastq/ERR156/023/ERR15664923/ERR15664923_1.fastq.gz,https://ftp.sra.ebi.ac.uk/vol1/fastq/ERR156/023/ERR15664923/ERR15664923_2.fastq.gz
vmg-1446-ERR10985109,https://ftp.sra.ebi.ac.uk/vol1/fastq/ERR109/009/ERR10985109/ERR10985109_1.fastq.gz,https://ftp.sra.ebi.ac.uk/vol1/fastq/ERR109/009/ERR10985109/ERR10985109_2.fastq.gz
vmg-1447-DRR735019,https://ftp.sra.ebi.ac.uk/vol1/fastq/DRR735/DRR735019/DRR735019_1.fastq.gz,https://ftp.sra.ebi.ac.uk/vol1/fastq/DRR735/DRR735019/DRR735019_2.fastq.gz
vmg-1448-ERR12316869,https://ftp.sra.ebi.ac.uk/vol1/fastq/ERR123/069/ERR12316869/ERR12316869_1.fastq.gz,https://ftp.sra.ebi.ac.uk/vol1/fastq/ERR123/069/ERR12316869/ERR12316869_2.fastq.gz
vmg-1449-ERR11866518,https://ftp.sra.ebi.ac.uk/vol1/fastq/ERR118/018/ERR11866518/ERR11866518_1.fastq.gz,https://ftp.sra.ebi.ac.uk/vol1/fastq/ERR118/018/ERR11866518/ERR11866518_2.fastq.gz
vmg-1450-ERR12351779,https://ftp.sra.ebi.ac.uk/vol1/fastq/ERR123/079/ERR12351779/ERR12351779_1.fastq.gz,https://ftp.sra.ebi.ac.uk/vol1/fastq/ERR123/079/ERR12351779/ERR12351779_2.fastq.gz
vmg-1451-ERR12520182,https://ftp.sra.ebi.ac.uk/vol1/fastq/ERR125/082/ERR12520182/ERR12520182_1.fastq.gz,https://ftp.sra.ebi.ac.uk/vol1/fastq/ERR125/082/ERR12520182/ERR12520182_2.fastq.gz
vmg-1452-ERR14953638,https://ftp.sra.ebi.ac.uk/vol1/fastq/ERR149/038/ERR14953638/ERR14953638_1.fastq.gz,https://ftp.sra.ebi.ac.uk/vol1/fastq/ERR149/038/ERR14953638/ERR14953638_2.fastq.gz
vmg-1453-DRR735412,https://ftp.sra.ebi.ac.uk/vol1/fastq/DRR735/DRR735412/DRR735412_1.fastq.gz,https://ftp.sra.ebi.ac.uk/vol1/fastq/DRR735/DRR735412/DRR735412_2.fastq.gz
vmg-1454-ERR16729489,https://ftp.sra.ebi.ac.uk/vol1/fastq/ERR167/089/ERR16729489/ERR16729489_1.fastq.gz,https://ftp.sra.ebi.ac.uk/vol1/fastq/ERR167/089/ERR16729489/ERR16729489_2.fastq.gz
vmg-1455-ERR12126394,https://ftp.sra.ebi.ac.uk/vol1/fastq/ERR121/094/ERR12126394/ERR12126394_1.fastq.gz,https://ftp.sra.ebi.ac.uk/vol1/fastq/ERR121/094/ERR12126394/ERR12126394_2.fastq.gz
vmg-1456-ERR3969732,https://ftp.sra.ebi.ac.uk/vol1/fastq/ERR396/002/ERR3969732/ERR3969732_1.fastq.gz,https://ftp.sra.ebi.ac.uk/vol1/fastq/ERR396/002/ERR3969732/ERR3969732_2.fastq.gz
vmg-1457-ERR16720685,https://ftp.sra.ebi.ac.uk/vol1/fastq/ERR167/085/ERR16720685/ERR16720685_1.fastq.gz,https://ftp.sra.ebi.ac.uk/vol1/fastq/ERR167/085/ERR16720685/ERR16720685_2.fastq.gz
vmg-1458-DRR099980,https://ftp.sra.ebi.ac.uk/vol1/fastq/DRR099/DRR099980/DRR099980_1.fastq.gz,https://ftp.sra.ebi.ac.uk/vol1/fastq/DRR099/DRR099980/DRR099980_2.fastq.gz
vmg-1459-ERR13699912,https://ftp.sra.ebi.ac.uk/vol1/fastq/ERR136/012/ERR13699912/ERR13699912_1.fastq.gz,https://ftp.sra.ebi.ac.uk/vol1/fastq/ERR136/012/ERR13699912/ERR13699912_2.fastq.gz
vmg-1460-ERR14953727,https://ftp.sra.ebi.ac.uk/vol1/fastq/ERR149/027/ERR14953727/ERR14953727_1.fastq.gz,https://ftp.sra.ebi.ac.uk/vol1/fastq/ERR149/027/ERR14953727/ERR14953727_2.fastq.gz
vmg-1461-DRR734999,https://ftp.sra.ebi.ac.uk/vol1/fastq/DRR734/DRR734999/DRR734999_1.fastq.gz,https://ftp.sra.ebi.ac.uk/vol1/fastq/DRR734/DRR734999/DRR734999_2.fastq.gz
vmg-1462-ERR3670814,https://ftp.sra.ebi.ac.uk/vol1/fastq/ERR367/004/ERR3670814/ERR3670814_1.fastq.gz,https://ftp.sra.ebi.ac.uk/vol1/fastq/ERR367/004/ERR3670814/ERR3670814_2.fastq.gz
vmg-1463-ERR16730621,https://ftp.sra.ebi.ac.uk/vol1/fastq/ERR167/021/ERR16730621/ERR16730621_1.fastq.gz,https://ftp.sra.ebi.ac.uk/vol1/fastq/ERR167/021/ERR16730621/ERR16730621_2.fastq.gz
vmg-1464-ERR2164514,https://ftp.sra.ebi.ac.uk/vol1/fastq/ERR216/004/ERR2164514/ERR2164514_1.fastq.gz,https://ftp.sra.ebi.ac.uk/vol1/fastq/ERR216/004/ERR2164514/ERR2164514_2.fastq.gz
vmg-1465-ERR4502488,https://ftp.sra.ebi.ac.uk/vol1/fastq/ERR450/008/ERR4502488/ERR4502488_1.fastq.gz,https://ftp.sra.ebi.ac.uk/vol1/fastq/ERR450/008/ERR4502488/ERR4502488_2.fastq.gz
vmg-1466-DRR777261,https://ftp.sra.ebi.ac.uk/vol1/fastq/DRR777/DRR777261/DRR777261_1.fastq.gz,https://ftp.sra.ebi.ac.uk/vol1/fastq/DRR777/DRR777261/DRR777261_2.fastq.gz
vmg-1467-ERR3955830,https://ftp.sra.ebi.ac.uk/vol1/fastq/ERR395/000/ERR3955830/ERR3955830_1.fastq.gz,https://ftp.sra.ebi.ac.uk/vol1/fastq/ERR395/000/ERR3955830/ERR3955830_2.fastq.gz
vmg-1468-DRR487169,https://ftp.sra.ebi.ac.uk/vol1/fastq/DRR487/DRR487169/DRR487169_1.fastq.gz,https://ftp.sra.ebi.ac.uk/vol1/fastq/DRR487/DRR487169/DRR487169_2.fastq.gz
vmg-1469-ERR4407615,https://ftp.sra.ebi.ac.uk/vol1/fastq/ERR440/005/ERR4407615/ERR4407615_1.fastq.gz,https://ftp.sra.ebi.ac.uk/vol1/fastq/ERR440/005/ERR4407615/ERR4407615_2.fastq.gz
vmg-1470-ERR12869739,https://ftp.sra.ebi.ac.uk/vol1/fastq/ERR128/039/ERR12869739/ERR12869739_1.fastq.gz,https://ftp.sra.ebi.ac.uk/vol1/fastq/ERR128/039/ERR12869739/ERR12869739_2.fastq.gz
vmg-1471-ERR11646985,https://ftp.sra.ebi.ac.uk/vol1/fastq/ERR116/085/ERR11646985/ERR11646985_1.fastq.gz,https://ftp.sra.ebi.ac.uk/vol1/fastq/ERR116/085/ERR11646985/ERR11646985_2.fastq.gz
vmg-1472-ERR14802544,https://ftp.sra.ebi.ac.uk/vol1/fastq/ERR148/044/ERR14802544/ERR14802544_1.fastq.gz,https://ftp.sra.ebi.ac.uk/vol1/fastq/ERR148/044/ERR14802544/ERR14802544_2.fastq.gz
vmg-1473-DRR636979,https://ftp.sra.ebi.ac.uk/vol1/fastq/DRR636/DRR636979/DRR636979_1.fastq.gz,https://ftp.sra.ebi.ac.uk/vol1/fastq/DRR636/DRR636979/DRR636979_2.fastq.gz
vmg-1474-DRR735163,https://ftp.sra.ebi.ac.uk/vol1/fastq/DRR735/DRR735163/DRR735163_1.fastq.gz,https://ftp.sra.ebi.ac.uk/vol1/fastq/DRR735/DRR735163/DRR735163_2.fastq.gz
vmg-1475-ERR3040620,https://ftp.sra.ebi.ac.uk/vol1/fastq/ERR304/000/ERR3040620/ERR3040620_1.fastq.gz,https://ftp.sra.ebi.ac.uk/vol1/fastq/ERR304/000/ERR3040620/ERR3040620_2.fastq.gz
vmg-1476-ERR14195687,https://ftp.sra.ebi.ac.uk/vol1/fastq/ERR141/087/ERR14195687/ERR14195687_1.fastq.gz,https://ftp.sra.ebi.ac.uk/vol1/fastq/ERR141/087/ERR14195687/ERR14195687_2.fastq.gz
vmg-1477-DRR734864,https://ftp.sra.ebi.ac.uk/vol1/fastq/DRR734/DRR734864/DRR734864_1.fastq.gz,https://ftp.sra.ebi.ac.uk/vol1/fastq/DRR734/DRR734864/DRR734864_2.fastq.gz
vmg-1478-ERR2747592,https://ftp.sra.ebi.ac.uk/vol1/fastq/ERR274/002/ERR2747592/ERR2747592_1.fastq.gz,https://ftp.sra.ebi.ac.uk/vol1/fastq/ERR274/002/ERR2747592/ERR2747592_2.fastq.gz
vmg-1479-ERR2863479,https://ftp.sra.ebi.ac.uk/vol1/fastq/ERR286/009/ERR2863479/ERR2863479_1.fastq.gz,https://ftp.sra.ebi.ac.uk/vol1/fastq/ERR286/009/ERR2863479/ERR2863479_2.fastq.gz
vmg-1480-ERR2611639,https://ftp.sra.ebi.ac.uk/vol1/fastq/ERR261/009/ERR2611639/ERR2611639_1.fastq.gz,https://ftp.sra.ebi.ac.uk/vol1/fastq/ERR261/009/ERR2611639/ERR2611639_2.fastq.gz
vmg-1481-ERR15658253,https://ftp.sra.ebi.ac.uk/vol1/fastq/ERR156/053/ERR15658253/ERR15658253_1.fastq.gz,https://ftp.sra.ebi.ac.uk/vol1/fastq/ERR156/053/ERR15658253/ERR15658253_2.fastq.gz
vmg-1482-ERR3040678,https://ftp.sra.ebi.ac.uk/vol1/fastq/ERR304/008/ERR3040678/ERR3040678_1.fastq.gz,https://ftp.sra.ebi.ac.uk/vol1/fastq/ERR304/008/ERR3040678/ERR3040678_2.fastq.gz
vmg-1483-DRR735618,https://ftp.sra.ebi.ac.uk/vol1/fastq/DRR735/DRR735618/DRR735618_1.fastq.gz,https://ftp.sra.ebi.ac.uk/vol1/fastq/DRR735/DRR735618/DRR735618_2.fastq.gz
vmg-1484-ERR16718470,https://ftp.sra.ebi.ac.uk/vol1/fastq/ERR167/070/ERR16718470/ERR16718470_1.fastq.gz,https://ftp.sra.ebi.ac.uk/vol1/fastq/ERR167/070/ERR16718470/ERR16718470_2.fastq.gz
vmg-1485-DRR734897,https://ftp.sra.ebi.ac.uk/vol1/fastq/DRR734/DRR734897/DRR734897_1.fastq.gz,https://ftp.sra.ebi.ac.uk/vol1/fastq/DRR734/DRR734897/DRR734897_2.fastq.gz
vmg-1486-ERR12217829,https://ftp.sra.ebi.ac.uk/vol1/fastq/ERR122/029/ERR12217829/ERR12217829_1.fastq.gz,https://ftp.sra.ebi.ac.uk/vol1/fastq/ERR122/029/ERR12217829/ERR12217829_2.fastq.gz
vmg-1487-ERR12217795,https://ftp.sra.ebi.ac.uk/vol1/fastq/ERR122/095/ERR12217795/ERR12217795_1.fastq.gz,https://ftp.sra.ebi.ac.uk/vol1/fastq/ERR122/095/ERR12217795/ERR12217795_2.fastq.gz
vmg-1488-ERR14195188,https://ftp.sra.ebi.ac.uk/vol1/fastq/ERR141/088/ERR14195188/ERR14195188_1.fastq.gz,https://ftp.sra.ebi.ac.uk/vol1/fastq/ERR141/088/ERR14195188/ERR14195188_2.fastq.gz
vmg-1489-ERR14211334,https://ftp.sra.ebi.ac.uk/vol1/fastq/ERR142/034/ERR14211334/ERR14211334_1.fastq.gz,https://ftp.sra.ebi.ac.uk/vol1/fastq/ERR142/034/ERR14211334/ERR14211334_2.fastq.gz
vmg-1490-ERR4503489,https://ftp.sra.ebi.ac.uk/vol1/fastq/ERR450/009/ERR4503489/ERR4503489_1.fastq.gz,https://ftp.sra.ebi.ac.uk/vol1/fastq/ERR450/009/ERR4503489/ERR4503489_2.fastq.gz
vmg-1491-ERR2747502,https://ftp.sra.ebi.ac.uk/vol1/fastq/ERR274/002/ERR2747502/ERR2747502_1.fastq.gz,https://ftp.sra.ebi.ac.uk/vol1/fastq/ERR274/002/ERR2747502/ERR2747502_2.fastq.gz
vmg-1492-ERR14211458,https://ftp.sra.ebi.ac.uk/vol1/fastq/ERR142/058/ERR14211458/ERR14211458_1.fastq.gz,https://ftp.sra.ebi.ac.uk/vol1/fastq/ERR142/058/ERR14211458/ERR14211458_2.fastq.gz
vmg-1493-ERR14049319,https://ftp.sra.ebi.ac.uk/vol1/fastq/ERR140/019/ERR14049319/ERR14049319_1.fastq.gz,https://ftp.sra.ebi.ac.uk/vol1/fastq/ERR140/019/ERR14049319/ERR14049319_2.fastq.gz
vmg-1494-ERR15667775,https://ftp.sra.ebi.ac.uk/vol1/fastq/ERR156/075/ERR15667775/ERR15667775_1.fastq.gz,https://ftp.sra.ebi.ac.uk/vol1/fastq/ERR156/075/ERR15667775/ERR15667775_2.fastq.gz
vmg-1495-ERR17072043,https://ftp.sra.ebi.ac.uk/vol1/fastq/ERR170/043/ERR17072043/ERR17072043_1.fastq.gz,https://ftp.sra.ebi.ac.uk/vol1/fastq/ERR170/043/ERR17072043/ERR17072043_2.fastq.gz
vmg-1496-DRR631573,https://ftp.sra.ebi.ac.uk/vol1/fastq/DRR631/DRR631573/DRR631573_1.fastq.gz,https://ftp.sra.ebi.ac.uk/vol1/fastq/DRR631/DRR631573/DRR631573_2.fastq.gz
vmg-1497-ERR11627307,https://ftp.sra.ebi.ac.uk/vol1/fastq/ERR116/007/ERR11627307/ERR11627307_1.fastq.gz,https://ftp.sra.ebi.ac.uk/vol1/fastq/ERR116/007/ERR11627307/ERR11627307_2.fastq.gz
vmg-1498-ERR11489878,https://ftp.sra.ebi.ac.uk/vol1/fastq/ERR114/078/ERR11489878/ERR11489878_1.fastq.gz,https://ftp.sra.ebi.ac.uk/vol1/fastq/ERR114/078/ERR11489878/ERR11489878_2.fastq.gz
vmg-1499-ERR14048729,https://ftp.sra.ebi.ac.uk/vol1/fastq/ERR140/029/ERR14048729/ERR14048729_1.fastq.gz,https://ftp.sra.ebi.ac.uk/vol1/fastq/ERR140/029/ERR14048729/ERR14048729_2.fastq.gz
vmg-1500-ERR14211644,https://ftp.sra.ebi.ac.uk/vol1/fastq/ERR142/044/ERR14211644/ERR14211644_1.fastq.gz,https://ftp.sra.ebi.ac.uk/vol1/fastq/ERR142/044/ERR14211644/ERR14211644_2.fastq.gz
vmg-1501-ERR3969671,https://ftp.sra.ebi.ac.uk/vol1/fastq/ERR396/001/ERR3969671/ERR3969671_1.fastq.gz,https://ftp.sra.ebi.ac.uk/vol1/fastq/ERR396/001/ERR3969671/ERR3969671_2.fastq.gz
vmg-1502-ERR3903834,https://ftp.sra.ebi.ac.uk/vol1/fastq/ERR390/004/ERR3903834/ERR3903834_1.fastq.gz,https://ftp.sra.ebi.ac.uk/vol1/fastq/ERR390/004/ERR3903834/ERR3903834_2.fastq.gz
vmg-1503-ERR10880586,https://ftp.sra.ebi.ac.uk/vol1/fastq/ERR108/086/ERR10880586/ERR10880586_1.fastq.gz,https://ftp.sra.ebi.ac.uk/vol1/fastq/ERR108/086/ERR10880586/ERR10880586_2.fastq.gz
vmg-1504-DRR734894,https://ftp.sra.ebi.ac.uk/vol1/fastq/DRR734/DRR734894/DRR734894_1.fastq.gz,https://ftp.sra.ebi.ac.uk/vol1/fastq/DRR734/DRR734894/DRR734894_2.fastq.gz
vmg-1505-ERR12308563,https://ftp.sra.ebi.ac.uk/vol1/fastq/ERR123/063/ERR12308563/ERR12308563_1.fastq.gz,https://ftp.sra.ebi.ac.uk/vol1/fastq/ERR123/063/ERR12308563/ERR12308563_2.fastq.gz
vmg-1506-ERR14854222,https://ftp.sra.ebi.ac.uk/vol1/fastq/ERR148/022/ERR14854222/ERR14854222_1.fastq.gz,https://ftp.sra.ebi.ac.uk/vol1/fastq/ERR148/022/ERR14854222/ERR14854222_2.fastq.gz
vmg-1507-ERR16712837,https://ftp.sra.ebi.ac.uk/vol1/fastq/ERR167/037/ERR16712837/ERR16712837_1.fastq.gz,https://ftp.sra.ebi.ac.uk/vol1/fastq/ERR167/037/ERR16712837/ERR16712837_2.fastq.gz
vmg-1508-ERR10749701,https://ftp.sra.ebi.ac.uk/vol1/fastq/ERR107/001/ERR10749701/ERR10749701_1.fastq.gz,https://ftp.sra.ebi.ac.uk/vol1/fastq/ERR107/001/ERR10749701/ERR10749701_2.fastq.gz
vmg-1509-ERR12316805,https://ftp.sra.ebi.ac.uk/vol1/fastq/ERR123/005/ERR12316805/ERR12316805_1.fastq.gz,https://ftp.sra.ebi.ac.uk/vol1/fastq/ERR123/005/ERR12316805/ERR12316805_2.fastq.gz
vmg-1510-ERR14211892,https://ftp.sra.ebi.ac.uk/vol1/fastq/ERR142/092/ERR14211892/ERR14211892_1.fastq.gz,https://ftp.sra.ebi.ac.uk/vol1/fastq/ERR142/092/ERR14211892/ERR14211892_2.fastq.gz
vmg-1511-ERR14195746,https://ftp.sra.ebi.ac.uk/vol1/fastq/ERR141/046/ERR14195746/ERR14195746_1.fastq.gz,https://ftp.sra.ebi.ac.uk/vol1/fastq/ERR141/046/ERR14195746/ERR14195746_2.fastq.gz
vmg-1512-DRR099973,https://ftp.sra.ebi.ac.uk/vol1/fastq/DRR099/DRR099973/DRR099973_1.fastq.gz,https://ftp.sra.ebi.ac.uk/vol1/fastq/DRR099/DRR099973/DRR099973_2.fastq.gz
vmg-1513-ERR15315421,https://ftp.sra.ebi.ac.uk/vol1/fastq/ERR153/021/ERR15315421/ERR15315421_1.fastq.gz,https://ftp.sra.ebi.ac.uk/vol1/fastq/ERR153/021/ERR15315421/ERR15315421_2.fastq.gz
vmg-1514-ERR12219702,https://ftp.sra.ebi.ac.uk/vol1/fastq/ERR122/002/ERR12219702/ERR12219702_1.fastq.gz,https://ftp.sra.ebi.ac.uk/vol1/fastq/ERR122/002/ERR12219702/ERR12219702_2.fastq.gz
vmg-1515-ERR14194790,https://ftp.sra.ebi.ac.uk/vol1/fastq/ERR141/090/ERR14194790/ERR14194790_1.fastq.gz,https://ftp.sra.ebi.ac.uk/vol1/fastq/ERR141/090/ERR14194790/ERR14194790_2.fastq.gz
vmg-1516-ERR14210936,https://ftp.sra.ebi.ac.uk/vol1/fastq/ERR142/036/ERR14210936/ERR14210936_1.fastq.gz,https://ftp.sra.ebi.ac.uk/vol1/fastq/ERR142/036/ERR14210936/ERR14210936_2.fastq.gz
vmg-1517-ERR14211831,https://ftp.sra.ebi.ac.uk/vol1/fastq/ERR142/031/ERR14211831/ERR14211831_1.fastq.gz,https://ftp.sra.ebi.ac.uk/vol1/fastq/ERR142/031/ERR14211831/ERR14211831_2.fastq.gz
vmg-1518-ERR10881095,https://ftp.sra.ebi.ac.uk/vol1/fastq/ERR108/095/ERR10881095/ERR10881095_1.fastq.gz,https://ftp.sra.ebi.ac.uk/vol1/fastq/ERR108/095/ERR10881095/ERR10881095_2.fastq.gz
vmg-1519-ERR16908485,https://ftp.sra.ebi.ac.uk/vol1/fastq/ERR169/085/ERR16908485/ERR16908485_1.fastq.gz,https://ftp.sra.ebi.ac.uk/vol1/fastq/ERR169/085/ERR16908485/ERR16908485_2.fastq.gz
vmg-1520-ERR3955368,https://ftp.sra.ebi.ac.uk/vol1/fastq/ERR395/008/ERR3955368/ERR3955368_1.fastq.gz,https://ftp.sra.ebi.ac.uk/vol1/fastq/ERR395/008/ERR3955368/ERR3955368_2.fastq.gz
vmg-1521-ERR14788917,https://ftp.sra.ebi.ac.uk/vol1/fastq/ERR147/017/ERR14788917/ERR14788917_1.fastq.gz,https://ftp.sra.ebi.ac.uk/vol1/fastq/ERR147/017/ERR14788917/ERR14788917_2.fastq.gz
vmg-1522-ERR3682712,https://ftp.sra.ebi.ac.uk/vol1/fastq/ERR368/002/ERR3682712/ERR3682712_1.fastq.gz,https://ftp.sra.ebi.ac.uk/vol1/fastq/ERR368/002/ERR3682712/ERR3682712_2.fastq.gz
vmg-1523-ERR4502450,https://ftp.sra.ebi.ac.uk/vol1/fastq/ERR450/000/ERR4502450/ERR4502450_1.fastq.gz,https://ftp.sra.ebi.ac.uk/vol1/fastq/ERR450/000/ERR4502450/ERR4502450_2.fastq.gz
vmg-1524-ERR12520148,https://ftp.sra.ebi.ac.uk/vol1/fastq/ERR125/048/ERR12520148/ERR12520148_1.fastq.gz,https://ftp.sra.ebi.ac.uk/vol1/fastq/ERR125/048/ERR12520148/ERR12520148_2.fastq.gz
vmg-1525-ERR12520230,https://ftp.sra.ebi.ac.uk/vol1/fastq/ERR125/030/ERR12520230/ERR12520230_1.fastq.gz,https://ftp.sra.ebi.ac.uk/vol1/fastq/ERR125/030/ERR12520230/ERR12520230_2.fastq.gz
vmg-1526-ERR15664751,https://ftp.sra.ebi.ac.uk/vol1/fastq/ERR156/051/ERR15664751/ERR15664751_1.fastq.gz,https://ftp.sra.ebi.ac.uk/vol1/fastq/ERR156/051/ERR15664751/ERR15664751_2.fastq.gz
vmg-1527-ERR2611616,https://ftp.sra.ebi.ac.uk/vol1/fastq/ERR261/006/ERR2611616/ERR2611616_1.fastq.gz,https://ftp.sra.ebi.ac.uk/vol1/fastq/ERR261/006/ERR2611616/ERR2611616_2.fastq.gz
vmg-1528-ERR13911314,https://ftp.sra.ebi.ac.uk/vol1/fastq/ERR139/014/ERR13911314/ERR13911314_1.fastq.gz,https://ftp.sra.ebi.ac.uk/vol1/fastq/ERR139/014/ERR13911314/ERR13911314_2.fastq.gz
vmg-1529-ERR11456428,https://ftp.sra.ebi.ac.uk/vol1/fastq/ERR114/028/ERR11456428/ERR11456428_1.fastq.gz,https://ftp.sra.ebi.ac.uk/vol1/fastq/ERR114/028/ERR11456428/ERR11456428_2.fastq.gz
vmg-1530-ERR10299074,https://ftp.sra.ebi.ac.uk/vol1/fastq/ERR102/074/ERR10299074/ERR10299074_1.fastq.gz,https://ftp.sra.ebi.ac.uk/vol1/fastq/ERR102/074/ERR10299074/ERR10299074_2.fastq.gz
vmg-1531-ERR10749827,https://ftp.sra.ebi.ac.uk/vol1/fastq/ERR107/027/ERR10749827/ERR10749827_1.fastq.gz,https://ftp.sra.ebi.ac.uk/vol1/fastq/ERR107/027/ERR10749827/ERR10749827_2.fastq.gz
vmg-1532-ERR13061346,https://ftp.sra.ebi.ac.uk/vol1/fastq/ERR130/046/ERR13061346/ERR13061346_1.fastq.gz,https://ftp.sra.ebi.ac.uk/vol1/fastq/ERR130/046/ERR13061346/ERR13061346_2.fastq.gz
vmg-1533-ERR2608300,https://ftp.sra.ebi.ac.uk/vol1/fastq/ERR260/000/ERR2608300/ERR2608300_1.fastq.gz,https://ftp.sra.ebi.ac.uk/vol1/fastq/ERR260/000/ERR2608300/ERR2608300_2.fastq.gz
vmg-1534-ERR10749795,https://ftp.sra.ebi.ac.uk/vol1/fastq/ERR107/095/ERR10749795/ERR10749795_1.fastq.gz,https://ftp.sra.ebi.ac.uk/vol1/fastq/ERR107/095/ERR10749795/ERR10749795_2.fastq.gz
vmg-1535-ERR11456289,https://ftp.sra.ebi.ac.uk/vol1/fastq/ERR114/089/ERR11456289/ERR11456289_1.fastq.gz,https://ftp.sra.ebi.ac.uk/vol1/fastq/ERR114/089/ERR11456289/ERR11456289_2.fastq.gz
vmg-1536-ERR14946265,https://ftp.sra.ebi.ac.uk/vol1/fastq/ERR149/065/ERR14946265/ERR14946265_1.fastq.gz,https://ftp.sra.ebi.ac.uk/vol1/fastq/ERR149/065/ERR14946265/ERR14946265_2.fastq.gz
vmg-1537-ERR4503256,https://ftp.sra.ebi.ac.uk/vol1/fastq/ERR450/006/ERR4503256/ERR4503256_1.fastq.gz,https://ftp.sra.ebi.ac.uk/vol1/fastq/ERR450/006/ERR4503256/ERR4503256_2.fastq.gz
vmg-1538-ERR12038310,https://ftp.sra.ebi.ac.uk/vol1/fastq/ERR120/010/ERR12038310/ERR12038310_1.fastq.gz,https://ftp.sra.ebi.ac.uk/vol1/fastq/ERR120/010/ERR12038310/ERR12038310_2.fastq.gz
vmg-1539-ERR1056330,https://ftp.sra.ebi.ac.uk/vol1/fastq/ERR105/000/ERR1056330/ERR1056330_1.fastq.gz,https://ftp.sra.ebi.ac.uk/vol1/fastq/ERR105/000/ERR1056330/ERR1056330_2.fastq.gz
vmg-1540-ERR14211761,https://ftp.sra.ebi.ac.uk/vol1/fastq/ERR142/061/ERR14211761/ERR14211761_1.fastq.gz,https://ftp.sra.ebi.ac.uk/vol1/fastq/ERR142/061/ERR14211761/ERR14211761_2.fastq.gz
vmg-1541-ERR16023605,https://ftp.sra.ebi.ac.uk/vol1/fastq/ERR160/005/ERR16023605/ERR16023605_1.fastq.gz,https://ftp.sra.ebi.ac.uk/vol1/fastq/ERR160/005/ERR16023605/ERR16023605_2.fastq.gz
vmg-1542-ERR16147808,https://ftp.sra.ebi.ac.uk/vol1/fastq/ERR161/008/ERR16147808/ERR16147808_1.fastq.gz,https://ftp.sra.ebi.ac.uk/vol1/fastq/ERR161/008/ERR16147808/ERR16147808_2.fastq.gz
vmg-1543-ERR16713548,https://ftp.sra.ebi.ac.uk/vol1/fastq/ERR167/048/ERR16713548/ERR16713548_1.fastq.gz,https://ftp.sra.ebi.ac.uk/vol1/fastq/ERR167/048/ERR16713548/ERR16713548_2.fastq.gz
vmg-1544-ERR12316853,https://ftp.sra.ebi.ac.uk/vol1/fastq/ERR123/053/ERR12316853/ERR12316853_1.fastq.gz,https://ftp.sra.ebi.ac.uk/vol1/fastq/ERR123/053/ERR12316853/ERR12316853_2.fastq.gz
vmg-1545-ERR15419000,https://ftp.sra.ebi.ac.uk/vol1/fastq/ERR154/000/ERR15419000/ERR15419000_1.fastq.gz,https://ftp.sra.ebi.ac.uk/vol1/fastq/ERR154/000/ERR15419000/ERR15419000_2.fastq.gz
vmg-1546-ERR14802491,https://ftp.sra.ebi.ac.uk/vol1/fastq/ERR148/091/ERR14802491/ERR14802491_1.fastq.gz,https://ftp.sra.ebi.ac.uk/vol1/fastq/ERR148/091/ERR14802491/ERR14802491_2.fastq.gz
vmg-1547-ERR2608279,https://ftp.sra.ebi.ac.uk/vol1/fastq/ERR260/009/ERR2608279/ERR2608279_1.fastq.gz,https://ftp.sra.ebi.ac.uk/vol1/fastq/ERR260/009/ERR2608279/ERR2608279_2.fastq.gz
vmg-1548-ERR14211341,https://ftp.sra.ebi.ac.uk/vol1/fastq/ERR142/041/ERR14211341/ERR14211341_1.fastq.gz,https://ftp.sra.ebi.ac.uk/vol1/fastq/ERR142/041/ERR14211341/ERR14211341_2.fastq.gz
vmg-1549-ERR14195195,https://ftp.sra.ebi.ac.uk/vol1/fastq/ERR141/095/ERR14195195/ERR14195195_1.fastq.gz,https://ftp.sra.ebi.ac.uk/vol1/fastq/ERR141/095/ERR14195195/ERR14195195_2.fastq.gz
vmg-1550-DRR099979,https://ftp.sra.ebi.ac.uk/vol1/fastq/DRR099/DRR099979/DRR099979_1.fastq.gz,https://ftp.sra.ebi.ac.uk/vol1/fastq/DRR099/DRR099979/DRR099979_2.fastq.gz
vmg-1551-ERR14788905,https://ftp.sra.ebi.ac.uk/vol1/fastq/ERR147/005/ERR14788905/ERR14788905_1.fastq.gz,https://ftp.sra.ebi.ac.uk/vol1/fastq/ERR147/005/ERR14788905/ERR14788905_2.fastq.gz
vmg-1552-ERR2608217,https://ftp.sra.ebi.ac.uk/vol1/fastq/ERR260/007/ERR2608217/ERR2608217_1.fastq.gz,https://ftp.sra.ebi.ac.uk/vol1/fastq/ERR260/007/ERR2608217/ERR2608217_2.fastq.gz
vmg-1553-ERR1137639,https://ftp.sra.ebi.ac.uk/vol1/fastq/ERR113/009/ERR1137639/ERR1137639_1.fastq.gz,https://ftp.sra.ebi.ac.uk/vol1/fastq/ERR113/009/ERR1137639/ERR1137639_2.fastq.gz
vmg-1554-ERR3061632,https://ftp.sra.ebi.ac.uk/vol1/fastq/ERR306/002/ERR3061632/ERR3061632_1.fastq.gz,https://ftp.sra.ebi.ac.uk/vol1/fastq/ERR306/002/ERR3061632/ERR3061632_2.fastq.gz
vmg-1555-ERR11144854,https://ftp.sra.ebi.ac.uk/vol1/fastq/ERR111/054/ERR11144854/ERR11144854_1.fastq.gz,https://ftp.sra.ebi.ac.uk/vol1/fastq/ERR111/054/ERR11144854/ERR11144854_2.fastq.gz
vmg-1556-ERR3663019,https://ftp.sra.ebi.ac.uk/vol1/fastq/ERR366/009/ERR3663019/ERR3663019_1.fastq.gz,https://ftp.sra.ebi.ac.uk/vol1/fastq/ERR366/009/ERR3663019/ERR3663019_2.fastq.gz
vmg-1557-ERR15135618,https://ftp.sra.ebi.ac.uk/vol1/fastq/ERR151/018/ERR15135618/ERR15135618_1.fastq.gz,https://ftp.sra.ebi.ac.uk/vol1/fastq/ERR151/018/ERR15135618/ERR15135618_2.fastq.gz
vmg-1558-ERR12556566,https://ftp.sra.ebi.ac.uk/vol1/fastq/ERR125/066/ERR12556566/ERR12556566_1.fastq.gz,https://ftp.sra.ebi.ac.uk/vol1/fastq/ERR125/066/ERR12556566/ERR12556566_2.fastq.gz
vmg-1559-ERR16908510,https://ftp.sra.ebi.ac.uk/vol1/fastq/ERR169/010/ERR16908510/ERR16908510_1.fastq.gz,https://ftp.sra.ebi.ac.uk/vol1/fastq/ERR169/010/ERR16908510/ERR16908510_2.fastq.gz
vmg-1560-ERR3682681,https://ftp.sra.ebi.ac.uk/vol1/fastq/ERR368/001/ERR3682681/ERR3682681_1.fastq.gz,https://ftp.sra.ebi.ac.uk/vol1/fastq/ERR368/001/ERR3682681/ERR3682681_2.fastq.gz
vmg-1561-ERR12556568,https://ftp.sra.ebi.ac.uk/vol1/fastq/ERR125/068/ERR12556568/ERR12556568_1.fastq.gz,https://ftp.sra.ebi.ac.uk/vol1/fastq/ERR125/068/ERR12556568/ERR12556568_2.fastq.gz
vmg-1562-ERR12220494,https://ftp.sra.ebi.ac.uk/vol1/fastq/ERR122/094/ERR12220494/ERR12220494_1.fastq.gz,https://ftp.sra.ebi.ac.uk/vol1/fastq/ERR122/094/ERR12220494/ERR12220494_2.fastq.gz
vmg-1563-ERR12217794,https://ftp.sra.ebi.ac.uk/vol1/fastq/ERR122/094/ERR12217794/ERR12217794_1.fastq.gz,https://ftp.sra.ebi.ac.uk/vol1/fastq/ERR122/094/ERR12217794/ERR12217794_2.fastq.gz
vmg-1564-ERR16711509,https://ftp.sra.ebi.ac.uk/vol1/fastq/ERR167/009/ERR16711509/ERR16711509_1.fastq.gz,https://ftp.sra.ebi.ac.uk/vol1/fastq/ERR167/009/ERR16711509/ERR16711509_2.fastq.gz
vmg-1565-ERR10749615,https://ftp.sra.ebi.ac.uk/vol1/fastq/ERR107/015/ERR10749615/ERR10749615_1.fastq.gz,https://ftp.sra.ebi.ac.uk/vol1/fastq/ERR107/015/ERR10749615/ERR10749615_2.fastq.gz
vmg-1566-ERR3955698,https://ftp.sra.ebi.ac.uk/vol1/fastq/ERR395/008/ERR3955698/ERR3955698_1.fastq.gz,https://ftp.sra.ebi.ac.uk/vol1/fastq/ERR395/008/ERR3955698/ERR3955698_2.fastq.gz
vmg-1567-ERR14195673,https://ftp.sra.ebi.ac.uk/vol1/fastq/ERR141/073/ERR14195673/ERR14195673_1.fastq.gz,https://ftp.sra.ebi.ac.uk/vol1/fastq/ERR141/073/ERR14195673/ERR14195673_2.fastq.gz
vmg-1568-ERR16004073,https://ftp.sra.ebi.ac.uk/vol1/fastq/ERR160/073/ERR16004073/ERR16004073_1.fastq.gz,https://ftp.sra.ebi.ac.uk/vol1/fastq/ERR160/073/ERR16004073/ERR16004073_2.fastq.gz
vmg-1569-ERR16010456,https://ftp.sra.ebi.ac.uk/vol1/fastq/ERR160/056/ERR16010456/ERR16010456_1.fastq.gz,https://ftp.sra.ebi.ac.uk/vol1/fastq/ERR160/056/ERR16010456/ERR16010456_2.fastq.gz
vmg-1570-ERR14194907,https://ftp.sra.ebi.ac.uk/vol1/fastq/ERR141/007/ERR14194907/ERR14194907_1.fastq.gz,https://ftp.sra.ebi.ac.uk/vol1/fastq/ERR141/007/ERR14194907/ERR14194907_2.fastq.gz
vmg-1571-ERR14210897,https://ftp.sra.ebi.ac.uk/vol1/fastq/ERR142/097/ERR14210897/ERR14210897_1.fastq.gz,https://ftp.sra.ebi.ac.uk/vol1/fastq/ERR142/097/ERR14210897/ERR14210897_2.fastq.gz
vmg-1572-ERR4503279,https://ftp.sra.ebi.ac.uk/vol1/fastq/ERR450/009/ERR4503279/ERR4503279_1.fastq.gz,https://ftp.sra.ebi.ac.uk/vol1/fastq/ERR450/009/ERR4503279/ERR4503279_2.fastq.gz
vmg-1573-ERR2863516,https://ftp.sra.ebi.ac.uk/vol1/fastq/ERR286/006/ERR2863516/ERR2863516_1.fastq.gz,https://ftp.sra.ebi.ac.uk/vol1/fastq/ERR286/006/ERR2863516/ERR2863516_2.fastq.gz
vmg-1574-ERR15563264,https://ftp.sra.ebi.ac.uk/vol1/fastq/ERR155/064/ERR15563264/ERR15563264_1.fastq.gz,https://ftp.sra.ebi.ac.uk/vol1/fastq/ERR155/064/ERR15563264/ERR15563264_2.fastq.gz
vmg-1575-ERR3769504,https://ftp.sra.ebi.ac.uk/vol1/fastq/ERR376/004/ERR3769504/ERR3769504_1.fastq.gz,https://ftp.sra.ebi.ac.uk/vol1/fastq/ERR376/004/ERR3769504/ERR3769504_2.fastq.gz
vmg-1576-ERR14801745,https://ftp.sra.ebi.ac.uk/vol1/fastq/ERR148/045/ERR14801745/ERR14801745_1.fastq.gz,https://ftp.sra.ebi.ac.uk/vol1/fastq/ERR148/045/ERR14801745/ERR14801745_2.fastq.gz
vmg-1577-ERR4502097,https://ftp.sra.ebi.ac.uk/vol1/fastq/ERR450/007/ERR4502097/ERR4502097_1.fastq.gz,https://ftp.sra.ebi.ac.uk/vol1/fastq/ERR450/007/ERR4502097/ERR4502097_2.fastq.gz
vmg-1578-ERR10017659,https://ftp.sra.ebi.ac.uk/vol1/fastq/ERR100/059/ERR10017659/ERR10017659_1.fastq.gz,https://ftp.sra.ebi.ac.uk/vol1/fastq/ERR100/059/ERR10017659/ERR10017659_2.fastq.gz
vmg-1579-ERR12220006,https://ftp.sra.ebi.ac.uk/vol1/fastq/ERR122/006/ERR12220006/ERR12220006_1.fastq.gz,https://ftp.sra.ebi.ac.uk/vol1/fastq/ERR122/006/ERR12220006/ERR12220006_2.fastq.gz
vmg-1580-ERR2611550,https://ftp.sra.ebi.ac.uk/vol1/fastq/ERR261/000/ERR2611550/ERR2611550_1.fastq.gz,https://ftp.sra.ebi.ac.uk/vol1/fastq/ERR261/000/ERR2611550/ERR2611550_2.fastq.gz
vmg-1581-ERR12218637,https://ftp.sra.ebi.ac.uk/vol1/fastq/ERR122/037/ERR12218637/ERR12218637_1.fastq.gz,https://ftp.sra.ebi.ac.uk/vol1/fastq/ERR122/037/ERR12218637/ERR12218637_2.fastq.gz
vmg-1582-ERR14210825,https://ftp.sra.ebi.ac.uk/vol1/fastq/ERR142/025/ERR14210825/ERR14210825_1.fastq.gz,https://ftp.sra.ebi.ac.uk/vol1/fastq/ERR142/025/ERR14210825/ERR14210825_2.fastq.gz
vmg-1583-ERR14194679,https://ftp.sra.ebi.ac.uk/vol1/fastq/ERR141/079/ERR14194679/ERR14194679_1.fastq.gz,https://ftp.sra.ebi.ac.uk/vol1/fastq/ERR141/079/ERR14194679/ERR14194679_2.fastq.gz
vmg-1584-ERR15114938,https://ftp.sra.ebi.ac.uk/vol1/fastq/ERR151/038/ERR15114938/ERR15114938_1.fastq.gz,https://ftp.sra.ebi.ac.uk/vol1/fastq/ERR151/038/ERR15114938/ERR15114938_2.fastq.gz
vmg-1585-ERR3769434,https://ftp.sra.ebi.ac.uk/vol1/fastq/ERR376/004/ERR3769434/ERR3769434_1.fastq.gz,https://ftp.sra.ebi.ac.uk/vol1/fastq/ERR376/004/ERR3769434/ERR3769434_2.fastq.gz
vmg-1586-ERR10749594,https://ftp.sra.ebi.ac.uk/vol1/fastq/ERR107/094/ERR10749594/ERR10749594_1.fastq.gz,https://ftp.sra.ebi.ac.uk/vol1/fastq/ERR107/094/ERR10749594/ERR10749594_2.fastq.gz
vmg-1587-ERR12520327,https://ftp.sra.ebi.ac.uk/vol1/fastq/ERR125/027/ERR12520327/ERR12520327_1.fastq.gz,https://ftp.sra.ebi.ac.uk/vol1/fastq/ERR125/027/ERR12520327/ERR12520327_2.fastq.gz
vmg-1588-ERR14927689,https://ftp.sra.ebi.ac.uk/vol1/fastq/ERR149/089/ERR14927689/ERR14927689_1.fastq.gz,https://ftp.sra.ebi.ac.uk/vol1/fastq/ERR149/089/ERR14927689/ERR14927689_2.fastq.gz
vmg-1589-ERR14211696,https://ftp.sra.ebi.ac.uk/vol1/fastq/ERR142/096/ERR14211696/ERR14211696_1.fastq.gz,https://ftp.sra.ebi.ac.uk/vol1/fastq/ERR142/096/ERR14211696/ERR14211696_2.fastq.gz
vmg-1590-ERR4503549,https://ftp.sra.ebi.ac.uk/vol1/fastq/ERR450/009/ERR4503549/ERR4503549_1.fastq.gz,https://ftp.sra.ebi.ac.uk/vol1/fastq/ERR450/009/ERR4503549/ERR4503549_2.fastq.gz
vmg-1591-ERR11646946,https://ftp.sra.ebi.ac.uk/vol1/fastq/ERR116/046/ERR11646946/ERR11646946_1.fastq.gz,https://ftp.sra.ebi.ac.uk/vol1/fastq/ERR116/046/ERR11646946/ERR11646946_2.fastq.gz
vmg-1592-ERR3061541,https://ftp.sra.ebi.ac.uk/vol1/fastq/ERR306/001/ERR3061541/ERR3061541_1.fastq.gz,https://ftp.sra.ebi.ac.uk/vol1/fastq/ERR306/001/ERR3061541/ERR3061541_2.fastq.gz
vmg-1593-DRR734891,https://ftp.sra.ebi.ac.uk/vol1/fastq/DRR734/DRR734891/DRR734891_1.fastq.gz,https://ftp.sra.ebi.ac.uk/vol1/fastq/DRR734/DRR734891/DRR734891_2.fastq.gz
vmg-1594-ERR16709776,https://ftp.sra.ebi.ac.uk/vol1/fastq/ERR167/076/ERR16709776/ERR16709776_1.fastq.gz,https://ftp.sra.ebi.ac.uk/vol1/fastq/ERR167/076/ERR16709776/ERR16709776_2.fastq.gz
vmg-1595-ERR15114879,https://ftp.sra.ebi.ac.uk/vol1/fastq/ERR151/079/ERR15114879/ERR15114879_1.fastq.gz,https://ftp.sra.ebi.ac.uk/vol1/fastq/ERR151/079/ERR15114879/ERR15114879_2.fastq.gz
vmg-1596-ERR12218638,https://ftp.sra.ebi.ac.uk/vol1/fastq/ERR122/038/ERR12218638/ERR12218638_1.fastq.gz,https://ftp.sra.ebi.ac.uk/vol1/fastq/ERR122/038/ERR12218638/ERR12218638_2.fastq.gz
vmg-1597-ERR10743789,https://ftp.sra.ebi.ac.uk/vol1/fastq/ERR107/089/ERR10743789/ERR10743789_1.fastq.gz,https://ftp.sra.ebi.ac.uk/vol1/fastq/ERR107/089/ERR10743789/ERR10743789_2.fastq.gz
vmg-1598-ERR15898339,https://ftp.sra.ebi.ac.uk/vol1/fastq/ERR158/039/ERR15898339/ERR15898339_1.fastq.gz,https://ftp.sra.ebi.ac.uk/vol1/fastq/ERR158/039/ERR15898339/ERR15898339_2.fastq.gz
vmg-1599-ERR14853920,https://ftp.sra.ebi.ac.uk/vol1/fastq/ERR148/020/ERR14853920/ERR14853920_1.fastq.gz,https://ftp.sra.ebi.ac.uk/vol1/fastq/ERR148/020/ERR14853920/ERR14853920_2.fastq.gz
vmg-1600-ERR4181636,https://ftp.sra.ebi.ac.uk/vol1/fastq/ERR418/006/ERR4181636/ERR4181636_1.fastq.gz,https://ftp.sra.ebi.ac.uk/vol1/fastq/ERR418/006/ERR4181636/ERR4181636_2.fastq.gz
vmg-1601-ERR2182459,https://ftp.sra.ebi.ac.uk/vol1/fastq/ERR218/009/ERR2182459/ERR2182459_1.fastq.gz,https://ftp.sra.ebi.ac.uk/vol1/fastq/ERR218/009/ERR2182459/ERR2182459_2.fastq.gz
vmg-1602-ERR10749773,https://ftp.sra.ebi.ac.uk/vol1/fastq/ERR107/073/ERR10749773/ERR10749773_1.fastq.gz,https://ftp.sra.ebi.ac.uk/vol1/fastq/ERR107/073/ERR10749773/ERR10749773_2.fastq.gz
vmg-1603-ERR14801719,https://ftp.sra.ebi.ac.uk/vol1/fastq/ERR148/019/ERR14801719/ERR14801719_1.fastq.gz,https://ftp.sra.ebi.ac.uk/vol1/fastq/ERR148/019/ERR14801719/ERR14801719_2.fastq.gz
vmg-1604-ERR12828344,https://ftp.sra.ebi.ac.uk/vol1/fastq/ERR128/044/ERR12828344/ERR12828344_1.fastq.gz,https://ftp.sra.ebi.ac.uk/vol1/fastq/ERR128/044/ERR12828344/ERR12828344_2.fastq.gz
vmg-1605-ERR15418893,https://ftp.sra.ebi.ac.uk/vol1/fastq/ERR154/093/ERR15418893/ERR15418893_1.fastq.gz,https://ftp.sra.ebi.ac.uk/vol1/fastq/ERR154/093/ERR15418893/ERR15418893_2.fastq.gz
vmg-1606-ERR14211413,https://ftp.sra.ebi.ac.uk/vol1/fastq/ERR142/013/ERR14211413/ERR14211413_1.fastq.gz,https://ftp.sra.ebi.ac.uk/vol1/fastq/ERR142/013/ERR14211413/ERR14211413_2.fastq.gz
vmg-1607-ERR15315440,https://ftp.sra.ebi.ac.uk/vol1/fastq/ERR153/040/ERR15315440/ERR15315440_1.fastq.gz,https://ftp.sra.ebi.ac.uk/vol1/fastq/ERR153/040/ERR15315440/ERR15315440_2.fastq.gz
vmg-1608-ERR14802519,https://ftp.sra.ebi.ac.uk/vol1/fastq/ERR148/019/ERR14802519/ERR14802519_1.fastq.gz,https://ftp.sra.ebi.ac.uk/vol1/fastq/ERR148/019/ERR14802519/ERR14802519_2.fastq.gz
vmg-1609-ERR11627471,https://ftp.sra.ebi.ac.uk/vol1/fastq/ERR116/071/ERR11627471/ERR11627471_1.fastq.gz,https://ftp.sra.ebi.ac.uk/vol1/fastq/ERR116/071/ERR11627471/ERR11627471_2.fastq.gz
vmg-1610-ERR12520388,https://ftp.sra.ebi.ac.uk/vol1/fastq/ERR125/088/ERR12520388/ERR12520388_1.fastq.gz,https://ftp.sra.ebi.ac.uk/vol1/fastq/ERR125/088/ERR12520388/ERR12520388_2.fastq.gz
vmg-1611-ERR10742894,https://ftp.sra.ebi.ac.uk/vol1/fastq/ERR107/094/ERR10742894/ERR10742894_1.fastq.gz,https://ftp.sra.ebi.ac.uk/vol1/fastq/ERR107/094/ERR10742894/ERR10742894_2.fastq.gz
vmg-1612-ERR12556259,https://ftp.sra.ebi.ac.uk/vol1/fastq/ERR125/059/ERR12556259/ERR12556259_1.fastq.gz,https://ftp.sra.ebi.ac.uk/vol1/fastq/ERR125/059/ERR12556259/ERR12556259_2.fastq.gz
vmg-1613-ERR3682659,https://ftp.sra.ebi.ac.uk/vol1/fastq/ERR368/009/ERR3682659/ERR3682659_1.fastq.gz,https://ftp.sra.ebi.ac.uk/vol1/fastq/ERR368/009/ERR3682659/ERR3682659_2.fastq.gz
vmg-1614-ERR3682690,https://ftp.sra.ebi.ac.uk/vol1/fastq/ERR368/000/ERR3682690/ERR3682690_1.fastq.gz,https://ftp.sra.ebi.ac.uk/vol1/fastq/ERR368/000/ERR3682690/ERR3682690_2.fastq.gz
vmg-1615-ERR3682656,https://ftp.sra.ebi.ac.uk/vol1/fastq/ERR368/006/ERR3682656/ERR3682656_1.fastq.gz,https://ftp.sra.ebi.ac.uk/vol1/fastq/ERR368/006/ERR3682656/ERR3682656_2.fastq.gz
vmg-1616-ERR13191757,https://ftp.sra.ebi.ac.uk/vol1/fastq/ERR131/057/ERR13191757/ERR13191757_1.fastq.gz,https://ftp.sra.ebi.ac.uk/vol1/fastq/ERR131/057/ERR13191757/ERR13191757_2.fastq.gz
vmg-1617-ERR4502238,https://ftp.sra.ebi.ac.uk/vol1/fastq/ERR450/008/ERR4502238/ERR4502238_1.fastq.gz,https://ftp.sra.ebi.ac.uk/vol1/fastq/ERR450/008/ERR4502238/ERR4502238_2.fastq.gz
vmg-1618-ERR10898233,https://ftp.sra.ebi.ac.uk/vol1/fastq/ERR108/033/ERR10898233/ERR10898233_1.fastq.gz,https://ftp.sra.ebi.ac.uk/vol1/fastq/ERR108/033/ERR10898233/ERR10898233_2.fastq.gz
vmg-1619-ERR4503287,https://ftp.sra.ebi.ac.uk/vol1/fastq/ERR450/007/ERR4503287/ERR4503287_1.fastq.gz,https://ftp.sra.ebi.ac.uk/vol1/fastq/ERR450/007/ERR4503287/ERR4503287_2.fastq.gz
vmg-1620-ERR17498014,https://ftp.sra.ebi.ac.uk/vol1/fastq/ERR174/014/ERR17498014/ERR17498014_1.fastq.gz,https://ftp.sra.ebi.ac.uk/vol1/fastq/ERR174/014/ERR17498014/ERR17498014_2.fastq.gz
vmg-1621-ERR10882459,https://ftp.sra.ebi.ac.uk/vol1/fastq/ERR108/059/ERR10882459/ERR10882459_1.fastq.gz,https://ftp.sra.ebi.ac.uk/vol1/fastq/ERR108/059/ERR10882459/ERR10882459_2.fastq.gz
vmg-1622-ERR11441816,https://ftp.sra.ebi.ac.uk/vol1/fastq/ERR114/016/ERR11441816/ERR11441816_1.fastq.gz,https://ftp.sra.ebi.ac.uk/vol1/fastq/ERR114/016/ERR11441816/ERR11441816_2.fastq.gz
vmg-1623-ERR14211405,https://ftp.sra.ebi.ac.uk/vol1/fastq/ERR142/005/ERR14211405/ERR14211405_1.fastq.gz,https://ftp.sra.ebi.ac.uk/vol1/fastq/ERR142/005/ERR14211405/ERR14211405_2.fastq.gz
vmg-1624-ERR14195259,https://ftp.sra.ebi.ac.uk/vol1/fastq/ERR141/059/ERR14195259/ERR14195259_1.fastq.gz,https://ftp.sra.ebi.ac.uk/vol1/fastq/ERR141/059/ERR14195259/ERR14195259_2.fastq.gz
vmg-1625-ERR11563311,https://ftp.sra.ebi.ac.uk/vol1/fastq/ERR115/011/ERR11563311/ERR11563311_1.fastq.gz,https://ftp.sra.ebi.ac.uk/vol1/fastq/ERR115/011/ERR11563311/ERR11563311_2.fastq.gz
vmg-1626-ERR10749613,https://ftp.sra.ebi.ac.uk/vol1/fastq/ERR107/013/ERR10749613/ERR10749613_1.fastq.gz,https://ftp.sra.ebi.ac.uk/vol1/fastq/ERR107/013/ERR10749613/ERR10749613_2.fastq.gz
vmg-1627-ERR15665449,https://ftp.sra.ebi.ac.uk/vol1/fastq/ERR156/049/ERR15665449/ERR15665449_1.fastq.gz,https://ftp.sra.ebi.ac.uk/vol1/fastq/ERR156/049/ERR15665449/ERR15665449_2.fastq.gz
vmg-1628-ERR10394960,https://ftp.sra.ebi.ac.uk/vol1/fastq/ERR103/060/ERR10394960/ERR10394960_1.fastq.gz,https://ftp.sra.ebi.ac.uk/vol1/fastq/ERR103/060/ERR10394960/ERR10394960_2.fastq.gz
vmg-1629-ERR13718752,https://ftp.sra.ebi.ac.uk/vol1/fastq/ERR137/052/ERR13718752/ERR13718752_1.fastq.gz,https://ftp.sra.ebi.ac.uk/vol1/fastq/ERR137/052/ERR13718752/ERR13718752_2.fastq.gz
vmg-1630-ERR13699848,https://ftp.sra.ebi.ac.uk/vol1/fastq/ERR136/048/ERR13699848/ERR13699848_1.fastq.gz,https://ftp.sra.ebi.ac.uk/vol1/fastq/ERR136/048/ERR13699848/ERR13699848_2.fastq.gz
vmg-1631-ERR3670803,https://ftp.sra.ebi.ac.uk/vol1/fastq/ERR367/003/ERR3670803/ERR3670803_1.fastq.gz,https://ftp.sra.ebi.ac.uk/vol1/fastq/ERR367/003/ERR3670803/ERR3670803_2.fastq.gz
vmg-1632-ERR14788873,https://ftp.sra.ebi.ac.uk/vol1/fastq/ERR147/073/ERR14788873/ERR14788873_1.fastq.gz,https://ftp.sra.ebi.ac.uk/vol1/fastq/ERR147/073/ERR14788873/ERR14788873_2.fastq.gz
vmg-1633-DRR735010,https://ftp.sra.ebi.ac.uk/vol1/fastq/DRR735/DRR735010/DRR735010_1.fastq.gz,https://ftp.sra.ebi.ac.uk/vol1/fastq/DRR735/DRR735010/DRR735010_2.fastq.gz
vmg-1634-ERR10744043,https://ftp.sra.ebi.ac.uk/vol1/fastq/ERR107/043/ERR10744043/ERR10744043_1.fastq.gz,https://ftp.sra.ebi.ac.uk/vol1/fastq/ERR107/043/ERR10744043/ERR10744043_2.fastq.gz
vmg-1635-ERR15135546,https://ftp.sra.ebi.ac.uk/vol1/fastq/ERR151/046/ERR15135546/ERR15135546_1.fastq.gz,https://ftp.sra.ebi.ac.uk/vol1/fastq/ERR151/046/ERR15135546/ERR15135546_2.fastq.gz
vmg-1636-ERR14211354,https://ftp.sra.ebi.ac.uk/vol1/fastq/ERR142/054/ERR14211354/ERR14211354_1.fastq.gz,https://ftp.sra.ebi.ac.uk/vol1/fastq/ERR142/054/ERR14211354/ERR14211354_2.fastq.gz
vmg-1637-ERR2608486,https://ftp.sra.ebi.ac.uk/vol1/fastq/ERR260/006/ERR2608486/ERR2608486_1.fastq.gz,https://ftp.sra.ebi.ac.uk/vol1/fastq/ERR260/006/ERR2608486/ERR2608486_2.fastq.gz
vmg-1638-ERR3726547,https://ftp.sra.ebi.ac.uk/vol1/fastq/ERR372/007/ERR3726547/ERR3726547_1.fastq.gz,https://ftp.sra.ebi.ac.uk/vol1/fastq/ERR372/007/ERR3726547/ERR3726547_2.fastq.gz
vmg-1639-ERR14195558,https://ftp.sra.ebi.ac.uk/vol1/fastq/ERR141/058/ERR14195558/ERR14195558_1.fastq.gz,https://ftp.sra.ebi.ac.uk/vol1/fastq/ERR141/058/ERR14195558/ERR14195558_2.fastq.gz
vmg-1640-ERR2611605,https://ftp.sra.ebi.ac.uk/vol1/fastq/ERR261/005/ERR2611605/ERR2611605_1.fastq.gz,https://ftp.sra.ebi.ac.uk/vol1/fastq/ERR261/005/ERR2611605/ERR2611605_2.fastq.gz
vmg-1641-ERR12520531,https://ftp.sra.ebi.ac.uk/vol1/fastq/ERR125/031/ERR12520531/ERR12520531_1.fastq.gz,https://ftp.sra.ebi.ac.uk/vol1/fastq/ERR125/031/ERR12520531/ERR12520531_2.fastq.gz
vmg-1642-ERR14194680,https://ftp.sra.ebi.ac.uk/vol1/fastq/ERR141/080/ERR14194680/ERR14194680_1.fastq.gz,https://ftp.sra.ebi.ac.uk/vol1/fastq/ERR141/080/ERR14194680/ERR14194680_2.fastq.gz
vmg-1643-ERR15315407,https://ftp.sra.ebi.ac.uk/vol1/fastq/ERR153/007/ERR15315407/ERR15315407_1.fastq.gz,https://ftp.sra.ebi.ac.uk/vol1/fastq/ERR153/007/ERR15315407/ERR15315407_2.fastq.gz
vmg-1644-ERR10881171,https://ftp.sra.ebi.ac.uk/vol1/fastq/ERR108/071/ERR10881171/ERR10881171_1.fastq.gz,https://ftp.sra.ebi.ac.uk/vol1/fastq/ERR108/071/ERR10881171/ERR10881171_2.fastq.gz
vmg-1645-ERR12032819,https://ftp.sra.ebi.ac.uk/vol1/fastq/ERR120/019/ERR12032819/ERR12032819_1.fastq.gz,https://ftp.sra.ebi.ac.uk/vol1/fastq/ERR120/019/ERR12032819/ERR12032819_2.fastq.gz
vmg-1646-DRR735022,https://ftp.sra.ebi.ac.uk/vol1/fastq/DRR735/DRR735022/DRR735022_1.fastq.gz,https://ftp.sra.ebi.ac.uk/vol1/fastq/DRR735/DRR735022/DRR735022_2.fastq.gz
vmg-1647-ERR12126391,https://ftp.sra.ebi.ac.uk/vol1/fastq/ERR121/091/ERR12126391/ERR12126391_1.fastq.gz,https://ftp.sra.ebi.ac.uk/vol1/fastq/ERR121/091/ERR12126391/ERR12126391_2.fastq.gz
vmg-1648-ERR13230334,https://ftp.sra.ebi.ac.uk/vol1/fastq/ERR132/034/ERR13230334/ERR13230334_1.fastq.gz,https://ftp.sra.ebi.ac.uk/vol1/fastq/ERR132/034/ERR13230334/ERR13230334_2.fastq.gz
vmg-1649-ERR11646972,https://ftp.sra.ebi.ac.uk/vol1/fastq/ERR116/072/ERR11646972/ERR11646972_1.fastq.gz,https://ftp.sra.ebi.ac.uk/vol1/fastq/ERR116/072/ERR11646972/ERR11646972_2.fastq.gz
vmg-1650-ERR14853734,https://ftp.sra.ebi.ac.uk/vol1/fastq/ERR148/034/ERR14853734/ERR14853734_1.fastq.gz,https://ftp.sra.ebi.ac.uk/vol1/fastq/ERR148/034/ERR14853734/ERR14853734_2.fastq.gz
vmg-1651-ERR16709758,https://ftp.sra.ebi.ac.uk/vol1/fastq/ERR167/058/ERR16709758/ERR16709758_1.fastq.gz,https://ftp.sra.ebi.ac.uk/vol1/fastq/ERR167/058/ERR16709758/ERR16709758_2.fastq.gz
vmg-1652-ERR3769488,https://ftp.sra.ebi.ac.uk/vol1/fastq/ERR376/008/ERR3769488/ERR3769488_1.fastq.gz,https://ftp.sra.ebi.ac.uk/vol1/fastq/ERR376/008/ERR3769488/ERR3769488_2.fastq.gz
vmg-1653-ERR3955286,https://ftp.sra.ebi.ac.uk/vol1/fastq/ERR395/006/ERR3955286/ERR3955286_1.fastq.gz,https://ftp.sra.ebi.ac.uk/vol1/fastq/ERR395/006/ERR3955286/ERR3955286_2.fastq.gz
vmg-1654-DRR774154,https://ftp.sra.ebi.ac.uk/vol1/fastq/DRR774/DRR774154/DRR774154_1.fastq.gz,https://ftp.sra.ebi.ac.uk/vol1/fastq/DRR774/DRR774154/DRR774154_2.fastq.gz
vmg-1655-ERR3061607,https://ftp.sra.ebi.ac.uk/vol1/fastq/ERR306/007/ERR3061607/ERR3061607_1.fastq.gz,https://ftp.sra.ebi.ac.uk/vol1/fastq/ERR306/007/ERR3061607/ERR3061607_2.fastq.gz
vmg-1656-ERR12520548,https://ftp.sra.ebi.ac.uk/vol1/fastq/ERR125/048/ERR12520548/ERR12520548_1.fastq.gz,https://ftp.sra.ebi.ac.uk/vol1/fastq/ERR125/048/ERR12520548/ERR12520548_2.fastq.gz
vmg-1657-ERR2608275,https://ftp.sra.ebi.ac.uk/vol1/fastq/ERR260/005/ERR2608275/ERR2608275_1.fastq.gz,https://ftp.sra.ebi.ac.uk/vol1/fastq/ERR260/005/ERR2608275/ERR2608275_2.fastq.gz
vmg-1658-ERR14953663,https://ftp.sra.ebi.ac.uk/vol1/fastq/ERR149/063/ERR14953663/ERR14953663_1.fastq.gz,https://ftp.sra.ebi.ac.uk/vol1/fastq/ERR149/063/ERR14953663/ERR14953663_2.fastq.gz
vmg-1659-DRR734869,https://ftp.sra.ebi.ac.uk/vol1/fastq/DRR734/DRR734869/DRR734869_1.fastq.gz,https://ftp.sra.ebi.ac.uk/vol1/fastq/DRR734/DRR734869/DRR734869_2.fastq.gz
vmg-1660-ERR16713518,https://ftp.sra.ebi.ac.uk/vol1/fastq/ERR167/018/ERR16713518/ERR16713518_1.fastq.gz,https://ftp.sra.ebi.ac.uk/vol1/fastq/ERR167/018/ERR16713518/ERR16713518_2.fastq.gz
vmg-1661-ERR4181665,https://ftp.sra.ebi.ac.uk/vol1/fastq/ERR418/005/ERR4181665/ERR4181665_1.fastq.gz,https://ftp.sra.ebi.ac.uk/vol1/fastq/ERR418/005/ERR4181665/ERR4181665_2.fastq.gz
vmg-1662-ERR12316856,https://ftp.sra.ebi.ac.uk/vol1/fastq/ERR123/056/ERR12316856/ERR12316856_1.fastq.gz,https://ftp.sra.ebi.ac.uk/vol1/fastq/ERR123/056/ERR12316856/ERR12316856_2.fastq.gz
vmg-1663-ERR3682655,https://ftp.sra.ebi.ac.uk/vol1/fastq/ERR368/005/ERR3682655/ERR3682655_1.fastq.gz,https://ftp.sra.ebi.ac.uk/vol1/fastq/ERR368/005/ERR3682655/ERR3682655_2.fastq.gz
vmg-1664-ERR16722083,https://ftp.sra.ebi.ac.uk/vol1/fastq/ERR167/083/ERR16722083/ERR16722083_1.fastq.gz,https://ftp.sra.ebi.ac.uk/vol1/fastq/ERR167/083/ERR16722083/ERR16722083_2.fastq.gz
vmg-1665-ERR12520385,https://ftp.sra.ebi.ac.uk/vol1/fastq/ERR125/085/ERR12520385/ERR12520385_1.fastq.gz,https://ftp.sra.ebi.ac.uk/vol1/fastq/ERR125/085/ERR12520385/ERR12520385_2.fastq.gz
vmg-1666-ERR10880629,https://ftp.sra.ebi.ac.uk/vol1/fastq/ERR108/029/ERR10880629/ERR10880629_1.fastq.gz,https://ftp.sra.ebi.ac.uk/vol1/fastq/ERR108/029/ERR10880629/ERR10880629_2.fastq.gz
vmg-1667-ERR12219700,https://ftp.sra.ebi.ac.uk/vol1/fastq/ERR122/000/ERR12219700/ERR12219700_1.fastq.gz,https://ftp.sra.ebi.ac.uk/vol1/fastq/ERR122/000/ERR12219700/ERR12219700_2.fastq.gz
vmg-1668-ERR15002798,https://ftp.sra.ebi.ac.uk/vol1/fastq/ERR150/098/ERR15002798/ERR15002798_1.fastq.gz,https://ftp.sra.ebi.ac.uk/vol1/fastq/ERR150/098/ERR15002798/ERR15002798_2.fastq.gz
vmg-1669-ERR4503299,https://ftp.sra.ebi.ac.uk/vol1/fastq/ERR450/009/ERR4503299/ERR4503299_1.fastq.gz,https://ftp.sra.ebi.ac.uk/vol1/fastq/ERR450/009/ERR4503299/ERR4503299_2.fastq.gz
vmg-1670-ERR14210942,https://ftp.sra.ebi.ac.uk/vol1/fastq/ERR142/042/ERR14210942/ERR14210942_1.fastq.gz,https://ftp.sra.ebi.ac.uk/vol1/fastq/ERR142/042/ERR14210942/ERR14210942_2.fastq.gz
vmg-1671-ERR12220092,https://ftp.sra.ebi.ac.uk/vol1/fastq/ERR122/092/ERR12220092/ERR12220092_1.fastq.gz,https://ftp.sra.ebi.ac.uk/vol1/fastq/ERR122/092/ERR12220092/ERR12220092_2.fastq.gz
vmg-1672-ERR14210926,https://ftp.sra.ebi.ac.uk/vol1/fastq/ERR142/026/ERR14210926/ERR14210926_1.fastq.gz,https://ftp.sra.ebi.ac.uk/vol1/fastq/ERR142/026/ERR14210926/ERR14210926_2.fastq.gz
vmg-1673-ERR13391168,https://ftp.sra.ebi.ac.uk/vol1/fastq/ERR133/068/ERR13391168/ERR13391168_1.fastq.gz,https://ftp.sra.ebi.ac.uk/vol1/fastq/ERR133/068/ERR13391168/ERR13391168_2.fastq.gz
vmg-1674-ERR14211342,https://ftp.sra.ebi.ac.uk/vol1/fastq/ERR142/042/ERR14211342/ERR14211342_1.fastq.gz,https://ftp.sra.ebi.ac.uk/vol1/fastq/ERR142/042/ERR14211342/ERR14211342_2.fastq.gz
vmg-1675-ERR3726602,https://ftp.sra.ebi.ac.uk/vol1/fastq/ERR372/002/ERR3726602/ERR3726602_1.fastq.gz,https://ftp.sra.ebi.ac.uk/vol1/fastq/ERR372/002/ERR3726602/ERR3726602_2.fastq.gz
vmg-1676-ERR10880612,https://ftp.sra.ebi.ac.uk/vol1/fastq/ERR108/012/ERR10880612/ERR10880612_1.fastq.gz,https://ftp.sra.ebi.ac.uk/vol1/fastq/ERR108/012/ERR10880612/ERR10880612_2.fastq.gz
vmg-1677-ERR16729589,https://ftp.sra.ebi.ac.uk/vol1/fastq/ERR167/089/ERR16729589/ERR16729589_1.fastq.gz,https://ftp.sra.ebi.ac.uk/vol1/fastq/ERR167/089/ERR16729589/ERR16729589_2.fastq.gz
vmg-1678-ERR3684282,https://ftp.sra.ebi.ac.uk/vol1/fastq/ERR368/002/ERR3684282/ERR3684282_1.fastq.gz,https://ftp.sra.ebi.ac.uk/vol1/fastq/ERR368/002/ERR3684282/ERR3684282_2.fastq.gz
vmg-1679-ERR3040628,https://ftp.sra.ebi.ac.uk/vol1/fastq/ERR304/008/ERR3040628/ERR3040628_1.fastq.gz,https://ftp.sra.ebi.ac.uk/vol1/fastq/ERR304/008/ERR3040628/ERR3040628_2.fastq.gz
vmg-1680-ERR11489655,https://ftp.sra.ebi.ac.uk/vol1/fastq/ERR114/055/ERR11489655/ERR11489655_1.fastq.gz,https://ftp.sra.ebi.ac.uk/vol1/fastq/ERR114/055/ERR11489655/ERR11489655_2.fastq.gz
vmg-1681-ERR11646947,https://ftp.sra.ebi.ac.uk/vol1/fastq/ERR116/047/ERR11646947/ERR11646947_1.fastq.gz,https://ftp.sra.ebi.ac.uk/vol1/fastq/ERR116/047/ERR11646947/ERR11646947_2.fastq.gz
vmg-1682-ERR13911003,https://ftp.sra.ebi.ac.uk/vol1/fastq/ERR139/003/ERR13911003/ERR13911003_1.fastq.gz,https://ftp.sra.ebi.ac.uk/vol1/fastq/ERR139/003/ERR13911003/ERR13911003_2.fastq.gz
vmg-1683-ERR12038319,https://ftp.sra.ebi.ac.uk/vol1/fastq/ERR120/019/ERR12038319/ERR12038319_1.fastq.gz,https://ftp.sra.ebi.ac.uk/vol1/fastq/ERR120/019/ERR12038319/ERR12038319_2.fastq.gz
vmg-1684-DRR735584,https://ftp.sra.ebi.ac.uk/vol1/fastq/DRR735/DRR735584/DRR735584_1.fastq.gz,https://ftp.sra.ebi.ac.uk/vol1/fastq/DRR735/DRR735584/DRR735584_2.fastq.gz
vmg-1685-ERR3699666,https://ftp.sra.ebi.ac.uk/vol1/fastq/ERR369/006/ERR3699666/ERR3699666_1.fastq.gz,https://ftp.sra.ebi.ac.uk/vol1/fastq/ERR369/006/ERR3699666/ERR3699666_2.fastq.gz
vmg-1686-DRR735271,https://ftp.sra.ebi.ac.uk/vol1/fastq/DRR735/DRR735271/DRR735271_1.fastq.gz,https://ftp.sra.ebi.ac.uk/vol1/fastq/DRR735/DRR735271/DRR735271_2.fastq.gz
vmg-1687-ERR13230335,https://ftp.sra.ebi.ac.uk/vol1/fastq/ERR132/035/ERR13230335/ERR13230335_1.fastq.gz,https://ftp.sra.ebi.ac.uk/vol1/fastq/ERR132/035/ERR13230335/ERR13230335_2.fastq.gz
vmg-1688-ERR17459427,https://ftp.sra.ebi.ac.uk/vol1/fastq/ERR174/027/ERR17459427/ERR17459427_1.fastq.gz,https://ftp.sra.ebi.ac.uk/vol1/fastq/ERR174/027/ERR17459427/ERR17459427_2.fastq.gz
vmg-1689-ERR13704062,https://ftp.sra.ebi.ac.uk/vol1/fastq/ERR137/062/ERR13704062/ERR13704062_1.fastq.gz,https://ftp.sra.ebi.ac.uk/vol1/fastq/ERR137/062/ERR13704062/ERR13704062_2.fastq.gz
vmg-1690-ERR12032817,https://ftp.sra.ebi.ac.uk/vol1/fastq/ERR120/017/ERR12032817/ERR12032817_1.fastq.gz,https://ftp.sra.ebi.ac.uk/vol1/fastq/ERR120/017/ERR12032817/ERR12032817_2.fastq.gz
vmg-1691-ERR14044104,https://ftp.sra.ebi.ac.uk/vol1/fastq/ERR140/004/ERR14044104/ERR14044104_1.fastq.gz,https://ftp.sra.ebi.ac.uk/vol1/fastq/ERR140/004/ERR14044104/ERR14044104_2.fastq.gz
vmg-1692-ERR11627441,https://ftp.sra.ebi.ac.uk/vol1/fastq/ERR116/041/ERR11627441/ERR11627441_1.fastq.gz,https://ftp.sra.ebi.ac.uk/vol1/fastq/ERR116/041/ERR11627441/ERR11627441_2.fastq.gz
vmg-1693-ERR15898337,https://ftp.sra.ebi.ac.uk/vol1/fastq/ERR158/037/ERR15898337/ERR15898337_1.fastq.gz,https://ftp.sra.ebi.ac.uk/vol1/fastq/ERR158/037/ERR15898337/ERR15898337_2.fastq.gz
vmg-1694-ERR16730563,https://ftp.sra.ebi.ac.uk/vol1/fastq/ERR167/063/ERR16730563/ERR16730563_1.fastq.gz,https://ftp.sra.ebi.ac.uk/vol1/fastq/ERR167/063/ERR16730563/ERR16730563_2.fastq.gz
vmg-1695-ERR12316800,https://ftp.sra.ebi.ac.uk/vol1/fastq/ERR123/000/ERR12316800/ERR12316800_1.fastq.gz,https://ftp.sra.ebi.ac.uk/vol1/fastq/ERR123/000/ERR12316800/ERR12316800_2.fastq.gz
vmg-1696-ERR16908626,https://ftp.sra.ebi.ac.uk/vol1/fastq/ERR169/026/ERR16908626/ERR16908626_1.fastq.gz,https://ftp.sra.ebi.ac.uk/vol1/fastq/ERR169/026/ERR16908626/ERR16908626_2.fastq.gz
vmg-1697-ERR2863481,https://ftp.sra.ebi.ac.uk/vol1/fastq/ERR286/001/ERR2863481/ERR2863481_1.fastq.gz,https://ftp.sra.ebi.ac.uk/vol1/fastq/ERR286/001/ERR2863481/ERR2863481_2.fastq.gz
vmg-1698-ERR12316806,https://ftp.sra.ebi.ac.uk/vol1/fastq/ERR123/006/ERR12316806/ERR12316806_1.fastq.gz,https://ftp.sra.ebi.ac.uk/vol1/fastq/ERR123/006/ERR12316806/ERR12316806_2.fastq.gz
vmg-1699-ERR16723183,https://ftp.sra.ebi.ac.uk/vol1/fastq/ERR167/083/ERR16723183/ERR16723183_1.fastq.gz,https://ftp.sra.ebi.ac.uk/vol1/fastq/ERR167/083/ERR16723183/ERR16723183_2.fastq.gz
vmg-1700-ERR16711003,https://ftp.sra.ebi.ac.uk/vol1/fastq/ERR167/003/ERR16711003/ERR16711003_1.fastq.gz,https://ftp.sra.ebi.ac.uk/vol1/fastq/ERR167/003/ERR16711003/ERR16711003_2.fastq.gz
vmg-1701-DRR636964,https://ftp.sra.ebi.ac.uk/vol1/fastq/DRR636/DRR636964/DRR636964_1.fastq.gz,https://ftp.sra.ebi.ac.uk/vol1/fastq/DRR636/DRR636964/DRR636964_2.fastq.gz
vmg-1702-DRR774193,https://ftp.sra.ebi.ac.uk/vol1/fastq/DRR774/DRR774193/DRR774193_1.fastq.gz,https://ftp.sra.ebi.ac.uk/vol1/fastq/DRR774/DRR774193/DRR774193_2.fastq.gz
vmg-1703-DRR735605,https://ftp.sra.ebi.ac.uk/vol1/fastq/DRR735/DRR735605/DRR735605_1.fastq.gz,https://ftp.sra.ebi.ac.uk/vol1/fastq/DRR735/DRR735605/DRR735605_2.fastq.gz
vmg-1704-ERR17273077,https://ftp.sra.ebi.ac.uk/vol1/fastq/ERR172/077/ERR17273077/ERR17273077_1.fastq.gz,https://ftp.sra.ebi.ac.uk/vol1/fastq/ERR172/077/ERR17273077/ERR17273077_2.fastq.gz
vmg-1705-ERR11627495,https://ftp.sra.ebi.ac.uk/vol1/fastq/ERR116/095/ERR11627495/ERR11627495_1.fastq.gz,https://ftp.sra.ebi.ac.uk/vol1/fastq/ERR116/095/ERR11627495/ERR11627495_2.fastq.gz
vmg-1706-ERR2608506,https://ftp.sra.ebi.ac.uk/vol1/fastq/ERR260/006/ERR2608506/ERR2608506_1.fastq.gz,https://ftp.sra.ebi.ac.uk/vol1/fastq/ERR260/006/ERR2608506/ERR2608506_2.fastq.gz
vmg-1707-ERR12126380,https://ftp.sra.ebi.ac.uk/vol1/fastq/ERR121/080/ERR12126380/ERR12126380_1.fastq.gz,https://ftp.sra.ebi.ac.uk/vol1/fastq/ERR121/080/ERR12126380/ERR12126380_2.fastq.gz
vmg-1708-ERR2611641,https://ftp.sra.ebi.ac.uk/vol1/fastq/ERR261/001/ERR2611641/ERR2611641_1.fastq.gz,https://ftp.sra.ebi.ac.uk/vol1/fastq/ERR261/001/ERR2611641/ERR2611641_2.fastq.gz
vmg-1709-ERR10749892,https://ftp.sra.ebi.ac.uk/vol1/fastq/ERR107/092/ERR10749892/ERR10749892_1.fastq.gz,https://ftp.sra.ebi.ac.uk/vol1/fastq/ERR107/092/ERR10749892/ERR10749892_2.fastq.gz
vmg-1710-ERR10880608,https://ftp.sra.ebi.ac.uk/vol1/fastq/ERR108/008/ERR10880608/ERR10880608_1.fastq.gz,https://ftp.sra.ebi.ac.uk/vol1/fastq/ERR108/008/ERR10880608/ERR10880608_2.fastq.gz
vmg-1711-ERR14953743,https://ftp.sra.ebi.ac.uk/vol1/fastq/ERR149/043/ERR14953743/ERR14953743_1.fastq.gz,https://ftp.sra.ebi.ac.uk/vol1/fastq/ERR149/043/ERR14953743/ERR14953743_2.fastq.gz
vmg-1712-ERR13061362,https://ftp.sra.ebi.ac.uk/vol1/fastq/ERR130/062/ERR13061362/ERR13061362_1.fastq.gz,https://ftp.sra.ebi.ac.uk/vol1/fastq/ERR130/062/ERR13061362/ERR13061362_2.fastq.gz
vmg-1713-ERR11627488,https://ftp.sra.ebi.ac.uk/vol1/fastq/ERR116/088/ERR11627488/ERR11627488_1.fastq.gz,https://ftp.sra.ebi.ac.uk/vol1/fastq/ERR116/088/ERR11627488/ERR11627488_2.fastq.gz
vmg-1714-ERR2608384,https://ftp.sra.ebi.ac.uk/vol1/fastq/ERR260/004/ERR2608384/ERR2608384_1.fastq.gz,https://ftp.sra.ebi.ac.uk/vol1/fastq/ERR260/004/ERR2608384/ERR2608384_2.fastq.gz
vmg-1715-ERR14064478,https://ftp.sra.ebi.ac.uk/vol1/fastq/ERR140/078/ERR14064478/ERR14064478_1.fastq.gz,https://ftp.sra.ebi.ac.uk/vol1/fastq/ERR140/078/ERR14064478/ERR14064478_2.fastq.gz
vmg-1716-ERR14049357,https://ftp.sra.ebi.ac.uk/vol1/fastq/ERR140/057/ERR14049357/ERR14049357_1.fastq.gz,https://ftp.sra.ebi.ac.uk/vol1/fastq/ERR140/057/ERR14049357/ERR14049357_2.fastq.gz
vmg-1717-ERR3682646,https://ftp.sra.ebi.ac.uk/vol1/fastq/ERR368/006/ERR3682646/ERR3682646_1.fastq.gz,https://ftp.sra.ebi.ac.uk/vol1/fastq/ERR368/006/ERR3682646/ERR3682646_2.fastq.gz
vmg-1718-DRR734950,https://ftp.sra.ebi.ac.uk/vol1/fastq/DRR734/DRR734950/DRR734950_1.fastq.gz,https://ftp.sra.ebi.ac.uk/vol1/fastq/DRR734/DRR734950/DRR734950_2.fastq.gz
vmg-1719-ERR12555951,https://ftp.sra.ebi.ac.uk/vol1/fastq/ERR125/051/ERR12555951/ERR12555951_1.fastq.gz,https://ftp.sra.ebi.ac.uk/vol1/fastq/ERR125/051/ERR12555951/ERR12555951_2.fastq.gz
vmg-1720-ERR11646952,https://ftp.sra.ebi.ac.uk/vol1/fastq/ERR116/052/ERR11646952/ERR11646952_1.fastq.gz,https://ftp.sra.ebi.ac.uk/vol1/fastq/ERR116/052/ERR11646952/ERR11646952_2.fastq.gz
vmg-1721-DRR735581,https://ftp.sra.ebi.ac.uk/vol1/fastq/DRR735/DRR735581/DRR735581_1.fastq.gz,https://ftp.sra.ebi.ac.uk/vol1/fastq/DRR735/DRR735581/DRR735581_2.fastq.gz
vmg-1722-ERR10225517,https://ftp.sra.ebi.ac.uk/vol1/fastq/ERR102/017/ERR10225517/ERR10225517_1.fastq.gz,https://ftp.sra.ebi.ac.uk/vol1/fastq/ERR102/017/ERR10225517/ERR10225517_2.fastq.gz
vmg-1723-ERR12556258,https://ftp.sra.ebi.ac.uk/vol1/fastq/ERR125/058/ERR12556258/ERR12556258_1.fastq.gz,https://ftp.sra.ebi.ac.uk/vol1/fastq/ERR125/058/ERR12556258/ERR12556258_2.fastq.gz
vmg-1724-ERR16043010,https://ftp.sra.ebi.ac.uk/vol1/fastq/ERR160/010/ERR16043010/ERR16043010_1.fastq.gz,https://ftp.sra.ebi.ac.uk/vol1/fastq/ERR160/010/ERR16043010/ERR16043010_2.fastq.gz
vmg-1725-ERR2863454,https://ftp.sra.ebi.ac.uk/vol1/fastq/ERR286/004/ERR2863454/ERR2863454_1.fastq.gz,https://ftp.sra.ebi.ac.uk/vol1/fastq/ERR286/004/ERR2863454/ERR2863454_2.fastq.gz
vmg-1726-ERR2045612,https://ftp.sra.ebi.ac.uk/vol1/fastq/ERR204/002/ERR2045612/ERR2045612_1.fastq.gz,https://ftp.sra.ebi.ac.uk/vol1/fastq/ERR204/002/ERR2045612/ERR2045612_2.fastq.gz
vmg-1727-ERR3955827,https://ftp.sra.ebi.ac.uk/vol1/fastq/ERR395/007/ERR3955827/ERR3955827_1.fastq.gz,https://ftp.sra.ebi.ac.uk/vol1/fastq/ERR395/007/ERR3955827/ERR3955827_2.fastq.gz
vmg-1728-ERR10897580,https://ftp.sra.ebi.ac.uk/vol1/fastq/ERR108/080/ERR10897580/ERR10897580_1.fastq.gz,https://ftp.sra.ebi.ac.uk/vol1/fastq/ERR108/080/ERR10897580/ERR10897580_2.fastq.gz
vmg-1729-ERR3769448,https://ftp.sra.ebi.ac.uk/vol1/fastq/ERR376/008/ERR3769448/ERR3769448_1.fastq.gz,https://ftp.sra.ebi.ac.uk/vol1/fastq/ERR376/008/ERR3769448/ERR3769448_2.fastq.gz
vmg-1730-ERR3955405,https://ftp.sra.ebi.ac.uk/vol1/fastq/ERR395/005/ERR3955405/ERR3955405_1.fastq.gz,https://ftp.sra.ebi.ac.uk/vol1/fastq/ERR395/005/ERR3955405/ERR3955405_2.fastq.gz
vmg-1731-ERR14195270,https://ftp.sra.ebi.ac.uk/vol1/fastq/ERR141/070/ERR14195270/ERR14195270_1.fastq.gz,https://ftp.sra.ebi.ac.uk/vol1/fastq/ERR141/070/ERR14195270/ERR14195270_2.fastq.gz
vmg-1732-ERR14211416,https://ftp.sra.ebi.ac.uk/vol1/fastq/ERR142/016/ERR14211416/ERR14211416_1.fastq.gz,https://ftp.sra.ebi.ac.uk/vol1/fastq/ERR142/016/ERR14211416/ERR14211416_2.fastq.gz
vmg-1733-ERR12329314,https://ftp.sra.ebi.ac.uk/vol1/fastq/ERR123/014/ERR12329314/ERR12329314_1.fastq.gz,https://ftp.sra.ebi.ac.uk/vol1/fastq/ERR123/014/ERR12329314/ERR12329314_2.fastq.gz
vmg-1734-ERR12308591,https://ftp.sra.ebi.ac.uk/vol1/fastq/ERR123/091/ERR12308591/ERR12308591_1.fastq.gz,https://ftp.sra.ebi.ac.uk/vol1/fastq/ERR123/091/ERR12308591/ERR12308591_2.fastq.gz
vmg-1735-ERR2608407,https://ftp.sra.ebi.ac.uk/vol1/fastq/ERR260/007/ERR2608407/ERR2608407_1.fastq.gz,https://ftp.sra.ebi.ac.uk/vol1/fastq/ERR260/007/ERR2608407/ERR2608407_2.fastq.gz
vmg-1736-ERR2608466,https://ftp.sra.ebi.ac.uk/vol1/fastq/ERR260/006/ERR2608466/ERR2608466_1.fastq.gz,https://ftp.sra.ebi.ac.uk/vol1/fastq/ERR260/006/ERR2608466/ERR2608466_2.fastq.gz
vmg-1737-ERR16908591,https://ftp.sra.ebi.ac.uk/vol1/fastq/ERR169/091/ERR16908591/ERR16908591_1.fastq.gz,https://ftp.sra.ebi.ac.uk/vol1/fastq/ERR169/091/ERR16908591/ERR16908591_2.fastq.gz
vmg-1738-ERR12032938,https://ftp.sra.ebi.ac.uk/vol1/fastq/ERR120/038/ERR12032938/ERR12032938_1.fastq.gz,https://ftp.sra.ebi.ac.uk/vol1/fastq/ERR120/038/ERR12032938/ERR12032938_2.fastq.gz
vmg-1739-ERR2580709,https://ftp.sra.ebi.ac.uk/vol1/fastq/ERR258/009/ERR2580709/ERR2580709_1.fastq.gz,https://ftp.sra.ebi.ac.uk/vol1/fastq/ERR258/009/ERR2580709/ERR2580709_2.fastq.gz
vmg-1740-ERR12217855,https://ftp.sra.ebi.ac.uk/vol1/fastq/ERR122/055/ERR12217855/ERR12217855_1.fastq.gz,https://ftp.sra.ebi.ac.uk/vol1/fastq/ERR122/055/ERR12217855/ERR12217855_2.fastq.gz
vmg-1741-ERR16711636,https://ftp.sra.ebi.ac.uk/vol1/fastq/ERR167/036/ERR16711636/ERR16711636_1.fastq.gz,https://ftp.sra.ebi.ac.uk/vol1/fastq/ERR167/036/ERR16711636/ERR16711636_2.fastq.gz
vmg-1742-ERR12057424,https://ftp.sra.ebi.ac.uk/vol1/fastq/ERR120/024/ERR12057424/ERR12057424_1.fastq.gz,https://ftp.sra.ebi.ac.uk/vol1/fastq/ERR120/024/ERR12057424/ERR12057424_2.fastq.gz
vmg-1743-ERR16010211,https://ftp.sra.ebi.ac.uk/vol1/fastq/ERR160/011/ERR16010211/ERR16010211_1.fastq.gz,https://ftp.sra.ebi.ac.uk/vol1/fastq/ERR160/011/ERR16010211/ERR16010211_2.fastq.gz
vmg-1744-ERR14946198,https://ftp.sra.ebi.ac.uk/vol1/fastq/ERR149/098/ERR14946198/ERR14946198_1.fastq.gz,https://ftp.sra.ebi.ac.uk/vol1/fastq/ERR149/098/ERR14946198/ERR14946198_2.fastq.gz
vmg-1745-ERR3769682,https://ftp.sra.ebi.ac.uk/vol1/fastq/ERR376/002/ERR3769682/ERR3769682_1.fastq.gz,https://ftp.sra.ebi.ac.uk/vol1/fastq/ERR376/002/ERR3769682/ERR3769682_2.fastq.gz
vmg-1746-ERR14211034,https://ftp.sra.ebi.ac.uk/vol1/fastq/ERR142/034/ERR14211034/ERR14211034_1.fastq.gz,https://ftp.sra.ebi.ac.uk/vol1/fastq/ERR142/034/ERR14211034/ERR14211034_2.fastq.gz
vmg-1747-ERR14211699,https://ftp.sra.ebi.ac.uk/vol1/fastq/ERR142/099/ERR14211699/ERR14211699_1.fastq.gz,https://ftp.sra.ebi.ac.uk/vol1/fastq/ERR142/099/ERR14211699/ERR14211699_2.fastq.gz
vmg-1748-DRR735538,https://ftp.sra.ebi.ac.uk/vol1/fastq/DRR735/DRR735538/DRR735538_1.fastq.gz,https://ftp.sra.ebi.ac.uk/vol1/fastq/DRR735/DRR735538/DRR735538_2.fastq.gz
vmg-1749-ERR16731790,https://ftp.sra.ebi.ac.uk/vol1/fastq/ERR167/090/ERR16731790/ERR16731790_1.fastq.gz,https://ftp.sra.ebi.ac.uk/vol1/fastq/ERR167/090/ERR16731790/ERR16731790_2.fastq.gz
vmg-1750-ERR14789471,https://ftp.sra.ebi.ac.uk/vol1/fastq/ERR147/071/ERR14789471/ERR14789471_1.fastq.gz,https://ftp.sra.ebi.ac.uk/vol1/fastq/ERR147/071/ERR14789471/ERR14789471_2.fastq.gz
vmg-1751-ERR14036268,https://ftp.sra.ebi.ac.uk/vol1/fastq/ERR140/068/ERR14036268/ERR14036268_1.fastq.gz,https://ftp.sra.ebi.ac.uk/vol1/fastq/ERR140/068/ERR14036268/ERR14036268_2.fastq.gz
vmg-1752-ERR2182497,https://ftp.sra.ebi.ac.uk/vol1/fastq/ERR218/007/ERR2182497/ERR2182497_1.fastq.gz,https://ftp.sra.ebi.ac.uk/vol1/fastq/ERR218/007/ERR2182497/ERR2182497_2.fastq.gz
vmg-1753-ERR16024339,https://ftp.sra.ebi.ac.uk/vol1/fastq/ERR160/039/ERR16024339/ERR16024339_1.fastq.gz,https://ftp.sra.ebi.ac.uk/vol1/fastq/ERR160/039/ERR16024339/ERR16024339_2.fastq.gz
vmg-1754-ERR14049110,https://ftp.sra.ebi.ac.uk/vol1/fastq/ERR140/010/ERR14049110/ERR14049110_1.fastq.gz,https://ftp.sra.ebi.ac.uk/vol1/fastq/ERR140/010/ERR14049110/ERR14049110_2.fastq.gz
vmg-1755-ERR3040674,https://ftp.sra.ebi.ac.uk/vol1/fastq/ERR304/004/ERR3040674/ERR3040674_1.fastq.gz,https://ftp.sra.ebi.ac.uk/vol1/fastq/ERR304/004/ERR3040674/ERR3040674_2.fastq.gz
vmg-1756-ERR10749824,https://ftp.sra.ebi.ac.uk/vol1/fastq/ERR107/024/ERR10749824/ERR10749824_1.fastq.gz,https://ftp.sra.ebi.ac.uk/vol1/fastq/ERR107/024/ERR10749824/ERR10749824_2.fastq.gz
vmg-1757-ERR12555012,https://ftp.sra.ebi.ac.uk/vol1/fastq/ERR125/012/ERR12555012/ERR12555012_1.fastq.gz,https://ftp.sra.ebi.ac.uk/vol1/fastq/ERR125/012/ERR12555012/ERR12555012_2.fastq.gz
vmg-1758-ERR12218736,https://ftp.sra.ebi.ac.uk/vol1/fastq/ERR122/036/ERR12218736/ERR12218736_1.fastq.gz,https://ftp.sra.ebi.ac.uk/vol1/fastq/ERR122/036/ERR12218736/ERR12218736_2.fastq.gz
vmg-1759-ERR4407717,https://ftp.sra.ebi.ac.uk/vol1/fastq/ERR440/007/ERR4407717/ERR4407717_1.fastq.gz,https://ftp.sra.ebi.ac.uk/vol1/fastq/ERR440/007/ERR4407717/ERR4407717_2.fastq.gz
vmg-1760-ERR4503284,https://ftp.sra.ebi.ac.uk/vol1/fastq/ERR450/004/ERR4503284/ERR4503284_1.fastq.gz,https://ftp.sra.ebi.ac.uk/vol1/fastq/ERR450/004/ERR4503284/ERR4503284_2.fastq.gz
vmg-1761-ERR12329268,https://ftp.sra.ebi.ac.uk/vol1/fastq/ERR123/068/ERR12329268/ERR12329268_1.fastq.gz,https://ftp.sra.ebi.ac.uk/vol1/fastq/ERR123/068/ERR12329268/ERR12329268_2.fastq.gz
vmg-1762-ERR3699679,https://ftp.sra.ebi.ac.uk/vol1/fastq/ERR369/009/ERR3699679/ERR3699679_1.fastq.gz,https://ftp.sra.ebi.ac.uk/vol1/fastq/ERR369/009/ERR3699679/ERR3699679_2.fastq.gz
vmg-1763-ERR10749571,https://ftp.sra.ebi.ac.uk/vol1/fastq/ERR107/071/ERR10749571/ERR10749571_1.fastq.gz,https://ftp.sra.ebi.ac.uk/vol1/fastq/ERR107/071/ERR10749571/ERR10749571_2.fastq.gz
vmg-1764-ERR3769510,https://ftp.sra.ebi.ac.uk/vol1/fastq/ERR376/000/ERR3769510/ERR3769510_1.fastq.gz,https://ftp.sra.ebi.ac.uk/vol1/fastq/ERR376/000/ERR3769510/ERR3769510_2.fastq.gz
vmg-1765-ERR3969631,https://ftp.sra.ebi.ac.uk/vol1/fastq/ERR396/001/ERR3969631/ERR3969631_1.fastq.gz,https://ftp.sra.ebi.ac.uk/vol1/fastq/ERR396/001/ERR3969631/ERR3969631_2.fastq.gz
vmg-1766-ERR10880647,https://ftp.sra.ebi.ac.uk/vol1/fastq/ERR108/047/ERR10880647/ERR10880647_1.fastq.gz,https://ftp.sra.ebi.ac.uk/vol1/fastq/ERR108/047/ERR10880647/ERR10880647_2.fastq.gz
vmg-1767-ERR12074395,https://ftp.sra.ebi.ac.uk/vol1/fastq/ERR120/095/ERR12074395/ERR12074395_1.fastq.gz,https://ftp.sra.ebi.ac.uk/vol1/fastq/ERR120/095/ERR12074395/ERR12074395_2.fastq.gz
vmg-1768-ERR14853707,https://ftp.sra.ebi.ac.uk/vol1/fastq/ERR148/007/ERR14853707/ERR14853707_1.fastq.gz,https://ftp.sra.ebi.ac.uk/vol1/fastq/ERR148/007/ERR14853707/ERR14853707_2.fastq.gz
vmg-1769-ERR13061356,https://ftp.sra.ebi.ac.uk/vol1/fastq/ERR130/056/ERR13061356/ERR13061356_1.fastq.gz,https://ftp.sra.ebi.ac.uk/vol1/fastq/ERR130/056/ERR13061356/ERR13061356_2.fastq.gz
vmg-1770-ERR14801947,https://ftp.sra.ebi.ac.uk/vol1/fastq/ERR148/047/ERR14801947/ERR14801947_1.fastq.gz,https://ftp.sra.ebi.ac.uk/vol1/fastq/ERR148/047/ERR14801947/ERR14801947_2.fastq.gz
vmg-1771-ERR15315414,https://ftp.sra.ebi.ac.uk/vol1/fastq/ERR153/014/ERR15315414/ERR15315414_1.fastq.gz,https://ftp.sra.ebi.ac.uk/vol1/fastq/ERR153/014/ERR15315414/ERR15315414_2.fastq.gz
vmg-1772-ERR14018405,https://ftp.sra.ebi.ac.uk/vol1/fastq/ERR140/005/ERR14018405/ERR14018405_1.fastq.gz,https://ftp.sra.ebi.ac.uk/vol1/fastq/ERR140/005/ERR14018405/ERR14018405_2.fastq.gz
vmg-1773-ERR12520260,https://ftp.sra.ebi.ac.uk/vol1/fastq/ERR125/060/ERR12520260/ERR12520260_1.fastq.gz,https://ftp.sra.ebi.ac.uk/vol1/fastq/ERR125/060/ERR12520260/ERR12520260_2.fastq.gz
vmg-1774-ERR11646971,https://ftp.sra.ebi.ac.uk/vol1/fastq/ERR116/071/ERR11646971/ERR11646971_1.fastq.gz,https://ftp.sra.ebi.ac.uk/vol1/fastq/ERR116/071/ERR11646971/ERR11646971_2.fastq.gz
vmg-1775-ERR16908618,https://ftp.sra.ebi.ac.uk/vol1/fastq/ERR169/018/ERR16908618/ERR16908618_1.fastq.gz,https://ftp.sra.ebi.ac.uk/vol1/fastq/ERR169/018/ERR16908618/ERR16908618_2.fastq.gz
vmg-1776-ERR11646929,https://ftp.sra.ebi.ac.uk/vol1/fastq/ERR116/029/ERR11646929/ERR11646929_1.fastq.gz,https://ftp.sra.ebi.ac.uk/vol1/fastq/ERR116/029/ERR11646929/ERR11646929_2.fastq.gz
vmg-1777-ERR16713425,https://ftp.sra.ebi.ac.uk/vol1/fastq/ERR167/025/ERR16713425/ERR16713425_1.fastq.gz,https://ftp.sra.ebi.ac.uk/vol1/fastq/ERR167/025/ERR16713425/ERR16713425_2.fastq.gz
vmg-1778-ERR11627452,https://ftp.sra.ebi.ac.uk/vol1/fastq/ERR116/052/ERR11627452/ERR11627452_1.fastq.gz,https://ftp.sra.ebi.ac.uk/vol1/fastq/ERR116/052/ERR11627452/ERR11627452_2.fastq.gz
vmg-1779-ERR12219175,https://ftp.sra.ebi.ac.uk/vol1/fastq/ERR122/075/ERR12219175/ERR12219175_1.fastq.gz,https://ftp.sra.ebi.ac.uk/vol1/fastq/ERR122/075/ERR12219175/ERR12219175_2.fastq.gz
vmg-1780-ERR12220094,https://ftp.sra.ebi.ac.uk/vol1/fastq/ERR122/094/ERR12220094/ERR12220094_1.fastq.gz,https://ftp.sra.ebi.ac.uk/vol1/fastq/ERR122/094/ERR12220094/ERR12220094_2.fastq.gz
vmg-1781-ERR10749698,https://ftp.sra.ebi.ac.uk/vol1/fastq/ERR107/098/ERR10749698/ERR10749698_1.fastq.gz,https://ftp.sra.ebi.ac.uk/vol1/fastq/ERR107/098/ERR10749698/ERR10749698_2.fastq.gz
vmg-1782-ERR3769425,https://ftp.sra.ebi.ac.uk/vol1/fastq/ERR376/005/ERR3769425/ERR3769425_1.fastq.gz,https://ftp.sra.ebi.ac.uk/vol1/fastq/ERR376/005/ERR3769425/ERR3769425_2.fastq.gz
vmg-1783-ERR14210882,https://ftp.sra.ebi.ac.uk/vol1/fastq/ERR142/082/ERR14210882/ERR14210882_1.fastq.gz,https://ftp.sra.ebi.ac.uk/vol1/fastq/ERR142/082/ERR14210882/ERR14210882_2.fastq.gz
vmg-1784-ERR2863490,https://ftp.sra.ebi.ac.uk/vol1/fastq/ERR286/000/ERR2863490/ERR2863490_1.fastq.gz,https://ftp.sra.ebi.ac.uk/vol1/fastq/ERR286/000/ERR2863490/ERR2863490_2.fastq.gz
vmg-1785-ERR15315413,https://ftp.sra.ebi.ac.uk/vol1/fastq/ERR153/013/ERR15315413/ERR15315413_1.fastq.gz,https://ftp.sra.ebi.ac.uk/vol1/fastq/ERR153/013/ERR15315413/ERR15315413_2.fastq.gz
vmg-1786-ERR3955503,https://ftp.sra.ebi.ac.uk/vol1/fastq/ERR395/003/ERR3955503/ERR3955503_1.fastq.gz,https://ftp.sra.ebi.ac.uk/vol1/fastq/ERR395/003/ERR3955503/ERR3955503_2.fastq.gz
vmg-1787-ERR3955828,https://ftp.sra.ebi.ac.uk/vol1/fastq/ERR395/008/ERR3955828/ERR3955828_1.fastq.gz,https://ftp.sra.ebi.ac.uk/vol1/fastq/ERR395/008/ERR3955828/ERR3955828_2.fastq.gz
vmg-1788-ERR12329307,https://ftp.sra.ebi.ac.uk/vol1/fastq/ERR123/007/ERR12329307/ERR12329307_1.fastq.gz,https://ftp.sra.ebi.ac.uk/vol1/fastq/ERR123/007/ERR12329307/ERR12329307_2.fastq.gz
vmg-1789-ERR10207136,https://ftp.sra.ebi.ac.uk/vol1/fastq/ERR102/036/ERR10207136/ERR10207136_1.fastq.gz,https://ftp.sra.ebi.ac.uk/vol1/fastq/ERR102/036/ERR10207136/ERR10207136_2.fastq.gz
vmg-1790-ERR10749830,https://ftp.sra.ebi.ac.uk/vol1/fastq/ERR107/030/ERR10749830/ERR10749830_1.fastq.gz,https://ftp.sra.ebi.ac.uk/vol1/fastq/ERR107/030/ERR10749830/ERR10749830_2.fastq.gz
vmg-1791-ERR3726751,https://ftp.sra.ebi.ac.uk/vol1/fastq/ERR372/001/ERR3726751/ERR3726751_1.fastq.gz,https://ftp.sra.ebi.ac.uk/vol1/fastq/ERR372/001/ERR3726751/ERR3726751_2.fastq.gz
vmg-1792-ERR10880756,https://ftp.sra.ebi.ac.uk/vol1/fastq/ERR108/056/ERR10880756/ERR10880756_1.fastq.gz,https://ftp.sra.ebi.ac.uk/vol1/fastq/ERR108/056/ERR10880756/ERR10880756_2.fastq.gz
vmg-1793-ERR11020102,https://ftp.sra.ebi.ac.uk/vol1/fastq/ERR110/002/ERR11020102/ERR11020102_1.fastq.gz,https://ftp.sra.ebi.ac.uk/vol1/fastq/ERR110/002/ERR11020102/ERR11020102_2.fastq.gz
vmg-1794-ERR11646945,https://ftp.sra.ebi.ac.uk/vol1/fastq/ERR116/045/ERR11646945/ERR11646945_1.fastq.gz,https://ftp.sra.ebi.ac.uk/vol1/fastq/ERR116/045/ERR11646945/ERR11646945_2.fastq.gz
vmg-1795-ERR3061634,https://ftp.sra.ebi.ac.uk/vol1/fastq/ERR306/004/ERR3061634/ERR3061634_1.fastq.gz,https://ftp.sra.ebi.ac.uk/vol1/fastq/ERR306/004/ERR3061634/ERR3061634_2.fastq.gz
vmg-1796-ERR14789026,https://ftp.sra.ebi.ac.uk/vol1/fastq/ERR147/026/ERR14789026/ERR14789026_1.fastq.gz,https://ftp.sra.ebi.ac.uk/vol1/fastq/ERR147/026/ERR14789026/ERR14789026_2.fastq.gz
vmg-1797-ERR4407775,https://ftp.sra.ebi.ac.uk/vol1/fastq/ERR440/005/ERR4407775/ERR4407775_1.fastq.gz,https://ftp.sra.ebi.ac.uk/vol1/fastq/ERR440/005/ERR4407775/ERR4407775_2.fastq.gz
vmg-1798-ERR14195144,https://ftp.sra.ebi.ac.uk/vol1/fastq/ERR141/044/ERR14195144/ERR14195144_1.fastq.gz,https://ftp.sra.ebi.ac.uk/vol1/fastq/ERR141/044/ERR14195144/ERR14195144_2.fastq.gz
vmg-1799-ERR14195769,https://ftp.sra.ebi.ac.uk/vol1/fastq/ERR141/069/ERR14195769/ERR14195769_1.fastq.gz,https://ftp.sra.ebi.ac.uk/vol1/fastq/ERR141/069/ERR14195769/ERR14195769_2.fastq.gz
vmg-1800-ERR11669271,https://ftp.sra.ebi.ac.uk/vol1/fastq/ERR116/071/ERR11669271/ERR11669271_1.fastq.gz,https://ftp.sra.ebi.ac.uk/vol1/fastq/ERR116/071/ERR11669271/ERR11669271_2.fastq.gz
vmg-1801-ERR14789498,https://ftp.sra.ebi.ac.uk/vol1/fastq/ERR147/098/ERR14789498/ERR14789498_1.fastq.gz,https://ftp.sra.ebi.ac.uk/vol1/fastq/ERR147/098/ERR14789498/ERR14789498_2.fastq.gz
vmg-1802-ERR2282004,https://ftp.sra.ebi.ac.uk/vol1/fastq/ERR228/004/ERR2282004/ERR2282004_1.fastq.gz,https://ftp.sra.ebi.ac.uk/vol1/fastq/ERR228/004/ERR2282004/ERR2282004_2.fastq.gz
vmg-1803-ERR4503452,https://ftp.sra.ebi.ac.uk/vol1/fastq/ERR450/002/ERR4503452/ERR4503452_1.fastq.gz,https://ftp.sra.ebi.ac.uk/vol1/fastq/ERR450/002/ERR4503452/ERR4503452_2.fastq.gz
vmg-1804-ERR3699598,https://ftp.sra.ebi.ac.uk/vol1/fastq/ERR369/008/ERR3699598/ERR3699598_1.fastq.gz,https://ftp.sra.ebi.ac.uk/vol1/fastq/ERR369/008/ERR3699598/ERR3699598_2.fastq.gz
vmg-1805-ERR11456200,https://ftp.sra.ebi.ac.uk/vol1/fastq/ERR114/000/ERR11456200/ERR11456200_1.fastq.gz,https://ftp.sra.ebi.ac.uk/vol1/fastq/ERR114/000/ERR11456200/ERR11456200_2.fastq.gz
vmg-1806-ERR14195378,https://ftp.sra.ebi.ac.uk/vol1/fastq/ERR141/078/ERR14195378/ERR14195378_1.fastq.gz,https://ftp.sra.ebi.ac.uk/vol1/fastq/ERR141/078/ERR14195378/ERR14195378_2.fastq.gz
vmg-1807-ERR13192096,https://ftp.sra.ebi.ac.uk/vol1/fastq/ERR131/096/ERR13192096/ERR13192096_1.fastq.gz,https://ftp.sra.ebi.ac.uk/vol1/fastq/ERR131/096/ERR13192096/ERR13192096_2.fastq.gz
vmg-1808-ERR3969712,https://ftp.sra.ebi.ac.uk/vol1/fastq/ERR396/002/ERR3969712/ERR3969712_1.fastq.gz,https://ftp.sra.ebi.ac.uk/vol1/fastq/ERR396/002/ERR3969712/ERR3969712_2.fastq.gz
vmg-1809-ERR15668028,https://ftp.sra.ebi.ac.uk/vol1/fastq/ERR156/028/ERR15668028/ERR15668028_1.fastq.gz,https://ftp.sra.ebi.ac.uk/vol1/fastq/ERR156/028/ERR15668028/ERR15668028_2.fastq.gz
vmg-1810-ERR14854204,https://ftp.sra.ebi.ac.uk/vol1/fastq/ERR148/004/ERR14854204/ERR14854204_1.fastq.gz,https://ftp.sra.ebi.ac.uk/vol1/fastq/ERR148/004/ERR14854204/ERR14854204_2.fastq.gz
vmg-1811-ERR16010569,https://ftp.sra.ebi.ac.uk/vol1/fastq/ERR160/069/ERR16010569/ERR16010569_1.fastq.gz,https://ftp.sra.ebi.ac.uk/vol1/fastq/ERR160/069/ERR16010569/ERR16010569_2.fastq.gz
vmg-1812-ERR12316836,https://ftp.sra.ebi.ac.uk/vol1/fastq/ERR123/036/ERR12316836/ERR12316836_1.fastq.gz,https://ftp.sra.ebi.ac.uk/vol1/fastq/ERR123/036/ERR12316836/ERR12316836_2.fastq.gz
vmg-1813-ERR14211672,https://ftp.sra.ebi.ac.uk/vol1/fastq/ERR142/072/ERR14211672/ERR14211672_1.fastq.gz,https://ftp.sra.ebi.ac.uk/vol1/fastq/ERR142/072/ERR14211672/ERR14211672_2.fastq.gz
vmg-1814-ERR11646954,https://ftp.sra.ebi.ac.uk/vol1/fastq/ERR116/054/ERR11646954/ERR11646954_1.fastq.gz,https://ftp.sra.ebi.ac.uk/vol1/fastq/ERR116/054/ERR11646954/ERR11646954_2.fastq.gz
vmg-1815-ERR10749787,https://ftp.sra.ebi.ac.uk/vol1/fastq/ERR107/087/ERR10749787/ERR10749787_1.fastq.gz,https://ftp.sra.ebi.ac.uk/vol1/fastq/ERR107/087/ERR10749787/ERR10749787_2.fastq.gz
vmg-1816-ERR4407675,https://ftp.sra.ebi.ac.uk/vol1/fastq/ERR440/005/ERR4407675/ERR4407675_1.fastq.gz,https://ftp.sra.ebi.ac.uk/vol1/fastq/ERR440/005/ERR4407675/ERR4407675_2.fastq.gz
vmg-1817-ERR12520126,https://ftp.sra.ebi.ac.uk/vol1/fastq/ERR125/026/ERR12520126/ERR12520126_1.fastq.gz,https://ftp.sra.ebi.ac.uk/vol1/fastq/ERR125/026/ERR12520126/ERR12520126_2.fastq.gz
vmg-1818-ERR2182503,https://ftp.sra.ebi.ac.uk/vol1/fastq/ERR218/003/ERR2182503/ERR2182503_1.fastq.gz,https://ftp.sra.ebi.ac.uk/vol1/fastq/ERR218/003/ERR2182503/ERR2182503_2.fastq.gz
vmg-1819-ERR10881092,https://ftp.sra.ebi.ac.uk/vol1/fastq/ERR108/092/ERR10881092/ERR10881092_1.fastq.gz,https://ftp.sra.ebi.ac.uk/vol1/fastq/ERR108/092/ERR10881092/ERR10881092_2.fastq.gz
vmg-1820-ERR14210978,https://ftp.sra.ebi.ac.uk/vol1/fastq/ERR142/078/ERR14210978/ERR14210978_1.fastq.gz,https://ftp.sra.ebi.ac.uk/vol1/fastq/ERR142/078/ERR14210978/ERR14210978_2.fastq.gz
vmg-1821-ERR2608188,https://ftp.sra.ebi.ac.uk/vol1/fastq/ERR260/008/ERR2608188/ERR2608188_1.fastq.gz,https://ftp.sra.ebi.ac.uk/vol1/fastq/ERR260/008/ERR2608188/ERR2608188_2.fastq.gz
vmg-1822-ERR11646940,https://ftp.sra.ebi.ac.uk/vol1/fastq/ERR116/040/ERR11646940/ERR11646940_1.fastq.gz,https://ftp.sra.ebi.ac.uk/vol1/fastq/ERR116/040/ERR11646940/ERR11646940_2.fastq.gz
vmg-1823-DRR636974,https://ftp.sra.ebi.ac.uk/vol1/fastq/DRR636/DRR636974/DRR636974_1.fastq.gz,https://ftp.sra.ebi.ac.uk/vol1/fastq/DRR636/DRR636974/DRR636974_2.fastq.gz
vmg-1824-ERR10744914,https://ftp.sra.ebi.ac.uk/vol1/fastq/ERR107/014/ERR10744914/ERR10744914_1.fastq.gz,https://ftp.sra.ebi.ac.uk/vol1/fastq/ERR107/014/ERR10744914/ERR10744914_2.fastq.gz
vmg-1825-ERR4407689,https://ftp.sra.ebi.ac.uk/vol1/fastq/ERR440/009/ERR4407689/ERR4407689_1.fastq.gz,https://ftp.sra.ebi.ac.uk/vol1/fastq/ERR440/009/ERR4407689/ERR4407689_2.fastq.gz
vmg-1826-ERR4502829,https://ftp.sra.ebi.ac.uk/vol1/fastq/ERR450/009/ERR4502829/ERR4502829_1.fastq.gz,https://ftp.sra.ebi.ac.uk/vol1/fastq/ERR450/009/ERR4502829/ERR4502829_2.fastq.gz
vmg-1827-ERR2863546,https://ftp.sra.ebi.ac.uk/vol1/fastq/ERR286/006/ERR2863546/ERR2863546_1.fastq.gz,https://ftp.sra.ebi.ac.uk/vol1/fastq/ERR286/006/ERR2863546/ERR2863546_2.fastq.gz
vmg-1828-ERR14211705,https://ftp.sra.ebi.ac.uk/vol1/fastq/ERR142/005/ERR14211705/ERR14211705_1.fastq.gz,https://ftp.sra.ebi.ac.uk/vol1/fastq/ERR142/005/ERR14211705/ERR14211705_2.fastq.gz
vmg-1829-ERR14195559,https://ftp.sra.ebi.ac.uk/vol1/fastq/ERR141/059/ERR14195559/ERR14195559_1.fastq.gz,https://ftp.sra.ebi.ac.uk/vol1/fastq/ERR141/059/ERR14195559/ERR14195559_2.fastq.gz
vmg-1830-ERR4502724,https://ftp.sra.ebi.ac.uk/vol1/fastq/ERR450/004/ERR4502724/ERR4502724_1.fastq.gz,https://ftp.sra.ebi.ac.uk/vol1/fastq/ERR450/004/ERR4502724/ERR4502724_2.fastq.gz
vmg-1831-ERR2164513,https://ftp.sra.ebi.ac.uk/vol1/fastq/ERR216/003/ERR2164513/ERR2164513_1.fastq.gz,https://ftp.sra.ebi.ac.uk/vol1/fastq/ERR216/003/ERR2164513/ERR2164513_2.fastq.gz
vmg-1832-ERR3040634,https://ftp.sra.ebi.ac.uk/vol1/fastq/ERR304/004/ERR3040634/ERR3040634_1.fastq.gz,https://ftp.sra.ebi.ac.uk/vol1/fastq/ERR304/004/ERR3040634/ERR3040634_2.fastq.gz
vmg-1833-ERR3899858,https://ftp.sra.ebi.ac.uk/vol1/fastq/ERR389/008/ERR3899858/ERR3899858_1.fastq.gz,https://ftp.sra.ebi.ac.uk/vol1/fastq/ERR389/008/ERR3899858/ERR3899858_2.fastq.gz
vmg-1834-ERR17273141,https://ftp.sra.ebi.ac.uk/vol1/fastq/ERR172/041/ERR17273141/ERR17273141_1.fastq.gz,https://ftp.sra.ebi.ac.uk/vol1/fastq/ERR172/041/ERR17273141/ERR17273141_2.fastq.gz
vmg-1835-ERR3899884,https://ftp.sra.ebi.ac.uk/vol1/fastq/ERR389/004/ERR3899884/ERR3899884_1.fastq.gz,https://ftp.sra.ebi.ac.uk/vol1/fastq/ERR389/004/ERR3899884/ERR3899884_2.fastq.gz
vmg-1836-ERR12828271,https://ftp.sra.ebi.ac.uk/vol1/fastq/ERR128/071/ERR12828271/ERR12828271_1.fastq.gz,https://ftp.sra.ebi.ac.uk/vol1/fastq/ERR128/071/ERR12828271/ERR12828271_2.fastq.gz
vmg-1837-ERR16713109,https://ftp.sra.ebi.ac.uk/vol1/fastq/ERR167/009/ERR16713109/ERR16713109_1.fastq.gz,https://ftp.sra.ebi.ac.uk/vol1/fastq/ERR167/009/ERR16713109/ERR16713109_2.fastq.gz
vmg-1838-ERR14195623,https://ftp.sra.ebi.ac.uk/vol1/fastq/ERR141/023/ERR14195623/ERR14195623_1.fastq.gz,https://ftp.sra.ebi.ac.uk/vol1/fastq/ERR141/023/ERR14195623/ERR14195623_2.fastq.gz
vmg-1839-DRR636922,https://ftp.sra.ebi.ac.uk/vol1/fastq/DRR636/DRR636922/DRR636922_1.fastq.gz,https://ftp.sra.ebi.ac.uk/vol1/fastq/DRR636/DRR636922/DRR636922_2.fastq.gz
vmg-1840-ERR14801482,https://ftp.sra.ebi.ac.uk/vol1/fastq/ERR148/082/ERR14801482/ERR14801482_1.fastq.gz,https://ftp.sra.ebi.ac.uk/vol1/fastq/ERR148/082/ERR14801482/ERR14801482_2.fastq.gz
vmg-1841-ERR2608195,https://ftp.sra.ebi.ac.uk/vol1/fastq/ERR260/005/ERR2608195/ERR2608195_1.fastq.gz,https://ftp.sra.ebi.ac.uk/vol1/fastq/ERR260/005/ERR2608195/ERR2608195_2.fastq.gz
vmg-1842-ERR14789136,https://ftp.sra.ebi.ac.uk/vol1/fastq/ERR147/036/ERR14789136/ERR14789136_1.fastq.gz,https://ftp.sra.ebi.ac.uk/vol1/fastq/ERR147/036/ERR14789136/ERR14789136_2.fastq.gz
vmg-1843-ERR14195374,https://ftp.sra.ebi.ac.uk/vol1/fastq/ERR141/074/ERR14195374/ERR14195374_1.fastq.gz,https://ftp.sra.ebi.ac.uk/vol1/fastq/ERR141/074/ERR14195374/ERR14195374_2.fastq.gz
vmg-1844-ERR15338133,https://ftp.sra.ebi.ac.uk/vol1/fastq/ERR153/033/ERR15338133/ERR15338133_1.fastq.gz,https://ftp.sra.ebi.ac.uk/vol1/fastq/ERR153/033/ERR15338133/ERR15338133_2.fastq.gz
vmg-1845-DRR636932,https://ftp.sra.ebi.ac.uk/vol1/fastq/DRR636/DRR636932/DRR636932_1.fastq.gz,https://ftp.sra.ebi.ac.uk/vol1/fastq/DRR636/DRR636932/DRR636932_2.fastq.gz
vmg-1846-ERR12217852,https://ftp.sra.ebi.ac.uk/vol1/fastq/ERR122/052/ERR12217852/ERR12217852_1.fastq.gz,https://ftp.sra.ebi.ac.uk/vol1/fastq/ERR122/052/ERR12217852/ERR12217852_2.fastq.gz
vmg-1847-ERR12799433,https://ftp.sra.ebi.ac.uk/vol1/fastq/ERR127/033/ERR12799433/ERR12799433_1.fastq.gz,https://ftp.sra.ebi.ac.uk/vol1/fastq/ERR127/033/ERR12799433/ERR12799433_2.fastq.gz
vmg-1848-ERR3040698,https://ftp.sra.ebi.ac.uk/vol1/fastq/ERR304/008/ERR3040698/ERR3040698_1.fastq.gz,https://ftp.sra.ebi.ac.uk/vol1/fastq/ERR304/008/ERR3040698/ERR3040698_2.fastq.gz
vmg-1849-ERR12316792,https://ftp.sra.ebi.ac.uk/vol1/fastq/ERR123/092/ERR12316792/ERR12316792_1.fastq.gz,https://ftp.sra.ebi.ac.uk/vol1/fastq/ERR123/092/ERR12316792/ERR12316792_2.fastq.gz
vmg-1850-ERR12520284,https://ftp.sra.ebi.ac.uk/vol1/fastq/ERR125/084/ERR12520284/ERR12520284_1.fastq.gz,https://ftp.sra.ebi.ac.uk/vol1/fastq/ERR125/084/ERR12520284/ERR12520284_2.fastq.gz
vmg-1851-ERR13061339,https://ftp.sra.ebi.ac.uk/vol1/fastq/ERR130/039/ERR13061339/ERR13061339_1.fastq.gz,https://ftp.sra.ebi.ac.uk/vol1/fastq/ERR130/039/ERR13061339/ERR13061339_2.fastq.gz
vmg-1852-ERR2182501,https://ftp.sra.ebi.ac.uk/vol1/fastq/ERR218/001/ERR2182501/ERR2182501_1.fastq.gz,https://ftp.sra.ebi.ac.uk/vol1/fastq/ERR218/001/ERR2182501/ERR2182501_2.fastq.gz
vmg-1853-ERR2863556,https://ftp.sra.ebi.ac.uk/vol1/fastq/ERR286/006/ERR2863556/ERR2863556_1.fastq.gz,https://ftp.sra.ebi.ac.uk/vol1/fastq/ERR286/006/ERR2863556/ERR2863556_2.fastq.gz
vmg-1854-ERR3955049,https://ftp.sra.ebi.ac.uk/vol1/fastq/ERR395/009/ERR3955049/ERR3955049_1.fastq.gz,https://ftp.sra.ebi.ac.uk/vol1/fastq/ERR395/009/ERR3955049/ERR3955049_2.fastq.gz
vmg-1855-ERR3932453,https://ftp.sra.ebi.ac.uk/vol1/fastq/ERR393/003/ERR3932453/ERR3932453_1.fastq.gz,https://ftp.sra.ebi.ac.uk/vol1/fastq/ERR393/003/ERR3932453/ERR3932453_2.fastq.gz
vmg-1856-ERR16713475,https://ftp.sra.ebi.ac.uk/vol1/fastq/ERR167/075/ERR16713475/ERR16713475_1.fastq.gz,https://ftp.sra.ebi.ac.uk/vol1/fastq/ERR167/075/ERR16713475/ERR16713475_2.fastq.gz
vmg-1857-ERR3955452,https://ftp.sra.ebi.ac.uk/vol1/fastq/ERR395/002/ERR3955452/ERR3955452_1.fastq.gz,https://ftp.sra.ebi.ac.uk/vol1/fastq/ERR395/002/ERR3955452/ERR3955452_2.fastq.gz
vmg-1858-ERR11627490,https://ftp.sra.ebi.ac.uk/vol1/fastq/ERR116/090/ERR11627490/ERR11627490_1.fastq.gz,https://ftp.sra.ebi.ac.uk/vol1/fastq/ERR116/090/ERR11627490/ERR11627490_2.fastq.gz
vmg-1859-ERR16721487,https://ftp.sra.ebi.ac.uk/vol1/fastq/ERR167/087/ERR16721487/ERR16721487_1.fastq.gz,https://ftp.sra.ebi.ac.uk/vol1/fastq/ERR167/087/ERR16721487/ERR16721487_2.fastq.gz
vmg-1860-ERR10744274,https://ftp.sra.ebi.ac.uk/vol1/fastq/ERR107/074/ERR10744274/ERR10744274_1.fastq.gz,https://ftp.sra.ebi.ac.uk/vol1/fastq/ERR107/074/ERR10744274/ERR10744274_2.fastq.gz
vmg-1861-ERR12316842,https://ftp.sra.ebi.ac.uk/vol1/fastq/ERR123/042/ERR12316842/ERR12316842_1.fastq.gz,https://ftp.sra.ebi.ac.uk/vol1/fastq/ERR123/042/ERR12316842/ERR12316842_2.fastq.gz
vmg-1862-ERR3684359,https://ftp.sra.ebi.ac.uk/vol1/fastq/ERR368/009/ERR3684359/ERR3684359_1.fastq.gz,https://ftp.sra.ebi.ac.uk/vol1/fastq/ERR368/009/ERR3684359/ERR3684359_2.fastq.gz
vmg-1863-ERR3726465,https://ftp.sra.ebi.ac.uk/vol1/fastq/ERR372/005/ERR3726465/ERR3726465_1.fastq.gz,https://ftp.sra.ebi.ac.uk/vol1/fastq/ERR372/005/ERR3726465/ERR3726465_2.fastq.gz
vmg-1864-DRR777405,https://ftp.sra.ebi.ac.uk/vol1/fastq/DRR777/DRR777405/DRR777405_1.fastq.gz,https://ftp.sra.ebi.ac.uk/vol1/fastq/DRR777/DRR777405/DRR777405_2.fastq.gz
vmg-1865-ERR3670931,https://ftp.sra.ebi.ac.uk/vol1/fastq/ERR367/001/ERR3670931/ERR3670931_1.fastq.gz,https://ftp.sra.ebi.ac.uk/vol1/fastq/ERR367/001/ERR3670931/ERR3670931_2.fastq.gz
vmg-1866-ERR15664757,https://ftp.sra.ebi.ac.uk/vol1/fastq/ERR156/057/ERR15664757/ERR15664757_1.fastq.gz,https://ftp.sra.ebi.ac.uk/vol1/fastq/ERR156/057/ERR15664757/ERR15664757_2.fastq.gz
vmg-1867-ERR3932417,https://ftp.sra.ebi.ac.uk/vol1/fastq/ERR393/007/ERR3932417/ERR3932417_1.fastq.gz,https://ftp.sra.ebi.ac.uk/vol1/fastq/ERR393/007/ERR3932417/ERR3932417_2.fastq.gz
vmg-1868-ERR14211734,https://ftp.sra.ebi.ac.uk/vol1/fastq/ERR142/034/ERR14211734/ERR14211734_1.fastq.gz,https://ftp.sra.ebi.ac.uk/vol1/fastq/ERR142/034/ERR14211734/ERR14211734_2.fastq.gz
vmg-1869-ERR4503288,https://ftp.sra.ebi.ac.uk/vol1/fastq/ERR450/008/ERR4503288/ERR4503288_1.fastq.gz,https://ftp.sra.ebi.ac.uk/vol1/fastq/ERR450/008/ERR4503288/ERR4503288_2.fastq.gz
vmg-1870-ERR2863541,https://ftp.sra.ebi.ac.uk/vol1/fastq/ERR286/001/ERR2863541/ERR2863541_1.fastq.gz,https://ftp.sra.ebi.ac.uk/vol1/fastq/ERR286/001/ERR2863541/ERR2863541_2.fastq.gz
vmg-1871-ERR12556585,https://ftp.sra.ebi.ac.uk/vol1/fastq/ERR125/085/ERR12556585/ERR12556585_1.fastq.gz,https://ftp.sra.ebi.ac.uk/vol1/fastq/ERR125/085/ERR12556585/ERR12556585_2.fastq.gz
vmg-1872-ERR3699602,https://ftp.sra.ebi.ac.uk/vol1/fastq/ERR369/002/ERR3699602/ERR3699602_1.fastq.gz,https://ftp.sra.ebi.ac.uk/vol1/fastq/ERR369/002/ERR3699602/ERR3699602_2.fastq.gz
vmg-1873-ERR17459918,https://ftp.sra.ebi.ac.uk/vol1/fastq/ERR174/018/ERR17459918/ERR17459918_1.fastq.gz,https://ftp.sra.ebi.ac.uk/vol1/fastq/ERR174/018/ERR17459918/ERR17459918_2.fastq.gz
vmg-1874-ERR17459433,https://ftp.sra.ebi.ac.uk/vol1/fastq/ERR174/033/ERR17459433/ERR17459433_1.fastq.gz,https://ftp.sra.ebi.ac.uk/vol1/fastq/ERR174/033/ERR17459433/ERR17459433_2.fastq.gz
vmg-1875-ERR3670866,https://ftp.sra.ebi.ac.uk/vol1/fastq/ERR367/006/ERR3670866/ERR3670866_1.fastq.gz,https://ftp.sra.ebi.ac.uk/vol1/fastq/ERR367/006/ERR3670866/ERR3670866_2.fastq.gz
vmg-1876-ERR16719688,https://ftp.sra.ebi.ac.uk/vol1/fastq/ERR167/088/ERR16719688/ERR16719688_1.fastq.gz,https://ftp.sra.ebi.ac.uk/vol1/fastq/ERR167/088/ERR16719688/ERR16719688_2.fastq.gz
vmg-1877-ERR16043026,https://ftp.sra.ebi.ac.uk/vol1/fastq/ERR160/026/ERR16043026/ERR16043026_1.fastq.gz,https://ftp.sra.ebi.ac.uk/vol1/fastq/ERR160/026/ERR16043026/ERR16043026_2.fastq.gz
vmg-1878-ERR13391249,https://ftp.sra.ebi.ac.uk/vol1/fastq/ERR133/049/ERR13391249/ERR13391249_1.fastq.gz,https://ftp.sra.ebi.ac.uk/vol1/fastq/ERR133/049/ERR13391249/ERR13391249_2.fastq.gz
vmg-1879-ERR11019927,https://ftp.sra.ebi.ac.uk/vol1/fastq/ERR110/027/ERR11019927/ERR11019927_1.fastq.gz,https://ftp.sra.ebi.ac.uk/vol1/fastq/ERR110/027/ERR11019927/ERR11019927_2.fastq.gz
vmg-1880-ERR16714474,https://ftp.sra.ebi.ac.uk/vol1/fastq/ERR167/074/ERR16714474/ERR16714474_1.fastq.gz,https://ftp.sra.ebi.ac.uk/vol1/fastq/ERR167/074/ERR16714474/ERR16714474_2.fastq.gz
vmg-1881-ERR11489954,https://ftp.sra.ebi.ac.uk/vol1/fastq/ERR114/054/ERR11489954/ERR11489954_1.fastq.gz,https://ftp.sra.ebi.ac.uk/vol1/fastq/ERR114/054/ERR11489954/ERR11489954_2.fastq.gz
vmg-1882-ERR12520150,https://ftp.sra.ebi.ac.uk/vol1/fastq/ERR125/050/ERR12520150/ERR12520150_1.fastq.gz,https://ftp.sra.ebi.ac.uk/vol1/fastq/ERR125/050/ERR12520150/ERR12520150_2.fastq.gz
vmg-1883-ERR13391459,https://ftp.sra.ebi.ac.uk/vol1/fastq/ERR133/059/ERR13391459/ERR13391459_1.fastq.gz,https://ftp.sra.ebi.ac.uk/vol1/fastq/ERR133/059/ERR13391459/ERR13391459_2.fastq.gz
vmg-1884-ERR3682628,https://ftp.sra.ebi.ac.uk/vol1/fastq/ERR368/008/ERR3682628/ERR3682628_1.fastq.gz,https://ftp.sra.ebi.ac.uk/vol1/fastq/ERR368/008/ERR3682628/ERR3682628_2.fastq.gz
vmg-1885-ERR15315391,https://ftp.sra.ebi.ac.uk/vol1/fastq/ERR153/091/ERR15315391/ERR15315391_1.fastq.gz,https://ftp.sra.ebi.ac.uk/vol1/fastq/ERR153/091/ERR15315391/ERR15315391_2.fastq.gz
vmg-1886-ERR2608488,https://ftp.sra.ebi.ac.uk/vol1/fastq/ERR260/008/ERR2608488/ERR2608488_1.fastq.gz,https://ftp.sra.ebi.ac.uk/vol1/fastq/ERR260/008/ERR2608488/ERR2608488_2.fastq.gz
vmg-1887-ERR4503522,https://ftp.sra.ebi.ac.uk/vol1/fastq/ERR450/002/ERR4503522/ERR4503522_1.fastq.gz,https://ftp.sra.ebi.ac.uk/vol1/fastq/ERR450/002/ERR4503522/ERR4503522_2.fastq.gz
vmg-1888-ERR15664756,https://ftp.sra.ebi.ac.uk/vol1/fastq/ERR156/056/ERR15664756/ERR15664756_1.fastq.gz,https://ftp.sra.ebi.ac.uk/vol1/fastq/ERR156/056/ERR15664756/ERR15664756_2.fastq.gz
vmg-1889-ERR10878165,https://ftp.sra.ebi.ac.uk/vol1/fastq/ERR108/065/ERR10878165/ERR10878165_1.fastq.gz,https://ftp.sra.ebi.ac.uk/vol1/fastq/ERR108/065/ERR10878165/ERR10878165_2.fastq.gz
vmg-1890-ERR14802703,https://ftp.sra.ebi.ac.uk/vol1/fastq/ERR148/003/ERR14802703/ERR14802703_1.fastq.gz,https://ftp.sra.ebi.ac.uk/vol1/fastq/ERR148/003/ERR14802703/ERR14802703_2.fastq.gz
vmg-1891-ERR12520497,https://ftp.sra.ebi.ac.uk/vol1/fastq/ERR125/097/ERR12520497/ERR12520497_1.fastq.gz,https://ftp.sra.ebi.ac.uk/vol1/fastq/ERR125/097/ERR12520497/ERR12520497_2.fastq.gz
vmg-1892-ERR12889262,https://ftp.sra.ebi.ac.uk/vol1/fastq/ERR128/062/ERR12889262/ERR12889262_1.fastq.gz,https://ftp.sra.ebi.ac.uk/vol1/fastq/ERR128/062/ERR12889262/ERR12889262_2.fastq.gz
vmg-1893-DRR774198,https://ftp.sra.ebi.ac.uk/vol1/fastq/DRR774/DRR774198/DRR774198_1.fastq.gz,https://ftp.sra.ebi.ac.uk/vol1/fastq/DRR774/DRR774198/DRR774198_2.fastq.gz
vmg-1894-ERR3903886,https://ftp.sra.ebi.ac.uk/vol1/fastq/ERR390/006/ERR3903886/ERR3903886_1.fastq.gz,https://ftp.sra.ebi.ac.uk/vol1/fastq/ERR390/006/ERR3903886/ERR3903886_2.fastq.gz
vmg-1895-ERR16724590,https://ftp.sra.ebi.ac.uk/vol1/fastq/ERR167/090/ERR16724590/ERR16724590_1.fastq.gz,https://ftp.sra.ebi.ac.uk/vol1/fastq/ERR167/090/ERR16724590/ERR16724590_2.fastq.gz
vmg-1896-DRR699084,https://ftp.sra.ebi.ac.uk/vol1/fastq/DRR699/DRR699084/DRR699084_1.fastq.gz,https://ftp.sra.ebi.ac.uk/vol1/fastq/DRR699/DRR699084/DRR699084_2.fastq.gz
vmg-1897-ERR12220185,https://ftp.sra.ebi.ac.uk/vol1/fastq/ERR122/085/ERR12220185/ERR12220185_1.fastq.gz,https://ftp.sra.ebi.ac.uk/vol1/fastq/ERR122/085/ERR12220185/ERR12220185_2.fastq.gz
vmg-1898-DRR317881,https://ftp.sra.ebi.ac.uk/vol1/fastq/DRR317/DRR317881/DRR317881_1.fastq.gz,https://ftp.sra.ebi.ac.uk/vol1/fastq/DRR317/DRR317881/DRR317881_2.fastq.gz
vmg-1899-ERR12219169,https://ftp.sra.ebi.ac.uk/vol1/fastq/ERR122/069/ERR12219169/ERR12219169_1.fastq.gz,https://ftp.sra.ebi.ac.uk/vol1/fastq/ERR122/069/ERR12219169/ERR12219169_2.fastq.gz
vmg-1900-ERR12556587,https://ftp.sra.ebi.ac.uk/vol1/fastq/ERR125/087/ERR12556587/ERR12556587_1.fastq.gz,https://ftp.sra.ebi.ac.uk/vol1/fastq/ERR125/087/ERR12556587/ERR12556587_2.fastq.gz
vmg-1901-ERR3726736,https://ftp.sra.ebi.ac.uk/vol1/fastq/ERR372/006/ERR3726736/ERR3726736_1.fastq.gz,https://ftp.sra.ebi.ac.uk/vol1/fastq/ERR372/006/ERR3726736/ERR3726736_2.fastq.gz
vmg-1902-ERR14000505,https://ftp.sra.ebi.ac.uk/vol1/fastq/ERR140/005/ERR14000505/ERR14000505_1.fastq.gz,https://ftp.sra.ebi.ac.uk/vol1/fastq/ERR140/005/ERR14000505/ERR14000505_2.fastq.gz
vmg-1903-ERR14211267,https://ftp.sra.ebi.ac.uk/vol1/fastq/ERR142/067/ERR14211267/ERR14211267_1.fastq.gz,https://ftp.sra.ebi.ac.uk/vol1/fastq/ERR142/067/ERR14211267/ERR14211267_2.fastq.gz
vmg-1904-ERR3955110,https://ftp.sra.ebi.ac.uk/vol1/fastq/ERR395/000/ERR3955110/ERR3955110_1.fastq.gz,https://ftp.sra.ebi.ac.uk/vol1/fastq/ERR395/000/ERR3955110/ERR3955110_2.fastq.gz
vmg-1905-ERR12220186,https://ftp.sra.ebi.ac.uk/vol1/fastq/ERR122/086/ERR12220186/ERR12220186_1.fastq.gz,https://ftp.sra.ebi.ac.uk/vol1/fastq/ERR122/086/ERR12220186/ERR12220186_2.fastq.gz
vmg-1906-ERR3969691,https://ftp.sra.ebi.ac.uk/vol1/fastq/ERR396/001/ERR3969691/ERR3969691_1.fastq.gz,https://ftp.sra.ebi.ac.uk/vol1/fastq/ERR396/001/ERR3969691/ERR3969691_2.fastq.gz
vmg-1907-ERR3955849,https://ftp.sra.ebi.ac.uk/vol1/fastq/ERR395/009/ERR3955849/ERR3955849_1.fastq.gz,https://ftp.sra.ebi.ac.uk/vol1/fastq/ERR395/009/ERR3955849/ERR3955849_2.fastq.gz
vmg-1908-ERR16004296,https://ftp.sra.ebi.ac.uk/vol1/fastq/ERR160/096/ERR16004296/ERR16004296_1.fastq.gz,https://ftp.sra.ebi.ac.uk/vol1/fastq/ERR160/096/ERR16004296/ERR16004296_2.fastq.gz
vmg-1909-ERR16023793,https://ftp.sra.ebi.ac.uk/vol1/fastq/ERR160/093/ERR16023793/ERR16023793_1.fastq.gz,https://ftp.sra.ebi.ac.uk/vol1/fastq/ERR160/093/ERR16023793/ERR16023793_2.fastq.gz
vmg-1910-ERR3903934,https://ftp.sra.ebi.ac.uk/vol1/fastq/ERR390/004/ERR3903934/ERR3903934_1.fastq.gz,https://ftp.sra.ebi.ac.uk/vol1/fastq/ERR390/004/ERR3903934/ERR3903934_2.fastq.gz
vmg-1911-ERR11479801,https://ftp.sra.ebi.ac.uk/vol1/fastq/ERR114/001/ERR11479801/ERR11479801_1.fastq.gz,https://ftp.sra.ebi.ac.uk/vol1/fastq/ERR114/001/ERR11479801/ERR11479801_2.fastq.gz
vmg-1912-ERR10749900,https://ftp.sra.ebi.ac.uk/vol1/fastq/ERR107/000/ERR10749900/ERR10749900_1.fastq.gz,https://ftp.sra.ebi.ac.uk/vol1/fastq/ERR107/000/ERR10749900/ERR10749900_2.fastq.gz
vmg-1913-ERR2608283,https://ftp.sra.ebi.ac.uk/vol1/fastq/ERR260/003/ERR2608283/ERR2608283_1.fastq.gz,https://ftp.sra.ebi.ac.uk/vol1/fastq/ERR260/003/ERR2608283/ERR2608283_2.fastq.gz
vmg-1914-ERR14211035,https://ftp.sra.ebi.ac.uk/vol1/fastq/ERR142/035/ERR14211035/ERR14211035_1.fastq.gz,https://ftp.sra.ebi.ac.uk/vol1/fastq/ERR142/035/ERR14211035/ERR14211035_2.fastq.gz
vmg-1915-ERR12520272,https://ftp.sra.ebi.ac.uk/vol1/fastq/ERR125/072/ERR12520272/ERR12520272_1.fastq.gz,https://ftp.sra.ebi.ac.uk/vol1/fastq/ERR125/072/ERR12520272/ERR12520272_2.fastq.gz
vmg-1916-ERR14211747,https://ftp.sra.ebi.ac.uk/vol1/fastq/ERR142/047/ERR14211747/ERR14211747_1.fastq.gz,https://ftp.sra.ebi.ac.uk/vol1/fastq/ERR142/047/ERR14211747/ERR14211747_2.fastq.gz
vmg-1917-ERR14195286,https://ftp.sra.ebi.ac.uk/vol1/fastq/ERR141/086/ERR14195286/ERR14195286_1.fastq.gz,https://ftp.sra.ebi.ac.uk/vol1/fastq/ERR141/086/ERR14195286/ERR14195286_2.fastq.gz
vmg-1918-ERR3769643,https://ftp.sra.ebi.ac.uk/vol1/fastq/ERR376/003/ERR3769643/ERR3769643_1.fastq.gz,https://ftp.sra.ebi.ac.uk/vol1/fastq/ERR376/003/ERR3769643/ERR3769643_2.fastq.gz
vmg-1919-ERR12308575,https://ftp.sra.ebi.ac.uk/vol1/fastq/ERR123/075/ERR12308575/ERR12308575_1.fastq.gz,https://ftp.sra.ebi.ac.uk/vol1/fastq/ERR123/075/ERR12308575/ERR12308575_2.fastq.gz
vmg-1920-ERR10749763,https://ftp.sra.ebi.ac.uk/vol1/fastq/ERR107/063/ERR10749763/ERR10749763_1.fastq.gz,https://ftp.sra.ebi.ac.uk/vol1/fastq/ERR107/063/ERR10749763/ERR10749763_2.fastq.gz
vmg-1921-ERR10394951,https://ftp.sra.ebi.ac.uk/vol1/fastq/ERR103/051/ERR10394951/ERR10394951_1.fastq.gz,https://ftp.sra.ebi.ac.uk/vol1/fastq/ERR103/051/ERR10394951/ERR10394951_2.fastq.gz
vmg-1922-ERR14789015,https://ftp.sra.ebi.ac.uk/vol1/fastq/ERR147/015/ERR14789015/ERR14789015_1.fastq.gz,https://ftp.sra.ebi.ac.uk/vol1/fastq/ERR147/015/ERR14789015/ERR14789015_2.fastq.gz
vmg-1923-ERR12316829,https://ftp.sra.ebi.ac.uk/vol1/fastq/ERR123/029/ERR12316829/ERR12316829_1.fastq.gz,https://ftp.sra.ebi.ac.uk/vol1/fastq/ERR123/029/ERR12316829/ERR12316829_2.fastq.gz
vmg-1924-ERR15562941,https://ftp.sra.ebi.ac.uk/vol1/fastq/ERR155/041/ERR15562941/ERR15562941_1.fastq.gz,https://ftp.sra.ebi.ac.uk/vol1/fastq/ERR155/041/ERR15562941/ERR15562941_2.fastq.gz
vmg-1925-ERR10898006,https://ftp.sra.ebi.ac.uk/vol1/fastq/ERR108/006/ERR10898006/ERR10898006_1.fastq.gz,https://ftp.sra.ebi.ac.uk/vol1/fastq/ERR108/006/ERR10898006/ERR10898006_2.fastq.gz
vmg-1926-ERR13391299,https://ftp.sra.ebi.ac.uk/vol1/fastq/ERR133/099/ERR13391299/ERR13391299_1.fastq.gz,https://ftp.sra.ebi.ac.uk/vol1/fastq/ERR133/099/ERR13391299/ERR13391299_2.fastq.gz
vmg-1927-ERR10749583,https://ftp.sra.ebi.ac.uk/vol1/fastq/ERR107/083/ERR10749583/ERR10749583_1.fastq.gz,https://ftp.sra.ebi.ac.uk/vol1/fastq/ERR107/083/ERR10749583/ERR10749583_2.fastq.gz
vmg-1928-ERR10749553,https://ftp.sra.ebi.ac.uk/vol1/fastq/ERR107/053/ERR10749553/ERR10749553_1.fastq.gz,https://ftp.sra.ebi.ac.uk/vol1/fastq/ERR107/053/ERR10749553/ERR10749553_2.fastq.gz
vmg-1929-ERR2863478,https://ftp.sra.ebi.ac.uk/vol1/fastq/ERR286/008/ERR2863478/ERR2863478_1.fastq.gz,https://ftp.sra.ebi.ac.uk/vol1/fastq/ERR286/008/ERR2863478/ERR2863478_2.fastq.gz
vmg-1930-ERR3769546,https://ftp.sra.ebi.ac.uk/vol1/fastq/ERR376/006/ERR3769546/ERR3769546_1.fastq.gz,https://ftp.sra.ebi.ac.uk/vol1/fastq/ERR376/006/ERR3769546/ERR3769546_2.fastq.gz
vmg-1931-DRR229358,https://ftp.sra.ebi.ac.uk/vol1/fastq/DRR229/DRR229358/DRR229358_1.fastq.gz,https://ftp.sra.ebi.ac.uk/vol1/fastq/DRR229/DRR229358/DRR229358_2.fastq.gz
vmg-1932-ERR3769582,https://ftp.sra.ebi.ac.uk/vol1/fastq/ERR376/002/ERR3769582/ERR3769582_1.fastq.gz,https://ftp.sra.ebi.ac.uk/vol1/fastq/ERR376/002/ERR3769582/ERR3769582_2.fastq.gz
vmg-1933-ERR12308583,https://ftp.sra.ebi.ac.uk/vol1/fastq/ERR123/083/ERR12308583/ERR12308583_1.fastq.gz,https://ftp.sra.ebi.ac.uk/vol1/fastq/ERR123/083/ERR12308583/ERR12308583_2.fastq.gz
vmg-1934-ERR3699687,https://ftp.sra.ebi.ac.uk/vol1/fastq/ERR369/007/ERR3699687/ERR3699687_1.fastq.gz,https://ftp.sra.ebi.ac.uk/vol1/fastq/ERR369/007/ERR3699687/ERR3699687_2.fastq.gz
vmg-1935-ERR12316790,https://ftp.sra.ebi.ac.uk/vol1/fastq/ERR123/090/ERR12316790/ERR12316790_1.fastq.gz,https://ftp.sra.ebi.ac.uk/vol1/fastq/ERR123/090/ERR12316790/ERR12316790_2.fastq.gz
vmg-1936-ERR16712909,https://ftp.sra.ebi.ac.uk/vol1/fastq/ERR167/009/ERR16712909/ERR16712909_1.fastq.gz,https://ftp.sra.ebi.ac.uk/vol1/fastq/ERR167/009/ERR16712909/ERR16712909_2.fastq.gz
vmg-1937-ERR14195175,https://ftp.sra.ebi.ac.uk/vol1/fastq/ERR141/075/ERR14195175/ERR14195175_1.fastq.gz,https://ftp.sra.ebi.ac.uk/vol1/fastq/ERR141/075/ERR14195175/ERR14195175_2.fastq.gz
vmg-1938-ERR16711403,https://ftp.sra.ebi.ac.uk/vol1/fastq/ERR167/003/ERR16711403/ERR16711403_1.fastq.gz,https://ftp.sra.ebi.ac.uk/vol1/fastq/ERR167/003/ERR16711403/ERR16711403_2.fastq.gz
vmg-1939-ERR2611558,https://ftp.sra.ebi.ac.uk/vol1/fastq/ERR261/008/ERR2611558/ERR2611558_1.fastq.gz,https://ftp.sra.ebi.ac.uk/vol1/fastq/ERR261/008/ERR2611558/ERR2611558_2.fastq.gz
vmg-1940-ERR10083908,https://ftp.sra.ebi.ac.uk/vol1/fastq/ERR100/008/ERR10083908/ERR10083908_1.fastq.gz,https://ftp.sra.ebi.ac.uk/vol1/fastq/ERR100/008/ERR10083908/ERR10083908_2.fastq.gz
vmg-1941-ERR10898163,https://ftp.sra.ebi.ac.uk/vol1/fastq/ERR108/063/ERR10898163/ERR10898163_1.fastq.gz,https://ftp.sra.ebi.ac.uk/vol1/fastq/ERR108/063/ERR10898163/ERR10898163_2.fastq.gz
vmg-1942-DRR774197,https://ftp.sra.ebi.ac.uk/vol1/fastq/DRR774/DRR774197/DRR774197_1.fastq.gz,https://ftp.sra.ebi.ac.uk/vol1/fastq/DRR774/DRR774197/DRR774197_2.fastq.gz
vmg-1943-ERR14049007,https://ftp.sra.ebi.ac.uk/vol1/fastq/ERR140/007/ERR14049007/ERR14049007_1.fastq.gz,https://ftp.sra.ebi.ac.uk/vol1/fastq/ERR140/007/ERR14049007/ERR14049007_2.fastq.gz
vmg-1944-ERR10749569,https://ftp.sra.ebi.ac.uk/vol1/fastq/ERR107/069/ERR10749569/ERR10749569_1.fastq.gz,https://ftp.sra.ebi.ac.uk/vol1/fastq/ERR107/069/ERR10749569/ERR10749569_2.fastq.gz
vmg-1945-ERR2863534,https://ftp.sra.ebi.ac.uk/vol1/fastq/ERR286/004/ERR2863534/ERR2863534_1.fastq.gz,https://ftp.sra.ebi.ac.uk/vol1/fastq/ERR286/004/ERR2863534/ERR2863534_2.fastq.gz
vmg-1946-ERR3040657,https://ftp.sra.ebi.ac.uk/vol1/fastq/ERR304/007/ERR3040657/ERR3040657_1.fastq.gz,https://ftp.sra.ebi.ac.uk/vol1/fastq/ERR304/007/ERR3040657/ERR3040657_2.fastq.gz
vmg-1947-ERR14210975,https://ftp.sra.ebi.ac.uk/vol1/fastq/ERR142/075/ERR14210975/ERR14210975_1.fastq.gz,https://ftp.sra.ebi.ac.uk/vol1/fastq/ERR142/075/ERR14210975/ERR14210975_2.fastq.gz
vmg-1948-ERR14049355,https://ftp.sra.ebi.ac.uk/vol1/fastq/ERR140/055/ERR14049355/ERR14049355_1.fastq.gz,https://ftp.sra.ebi.ac.uk/vol1/fastq/ERR140/055/ERR14049355/ERR14049355_2.fastq.gz
vmg-1949-DRR734855,https://ftp.sra.ebi.ac.uk/vol1/fastq/DRR734/DRR734855/DRR734855_1.fastq.gz,https://ftp.sra.ebi.ac.uk/vol1/fastq/DRR734/DRR734855/DRR734855_2.fastq.gz
vmg-1950-ERR14194865,https://ftp.sra.ebi.ac.uk/vol1/fastq/ERR141/065/ERR14194865/ERR14194865_1.fastq.gz,https://ftp.sra.ebi.ac.uk/vol1/fastq/ERR141/065/ERR14194865/ERR14194865_2.fastq.gz
vmg-1951-ERR12555051,https://ftp.sra.ebi.ac.uk/vol1/fastq/ERR125/051/ERR12555051/ERR12555051_1.fastq.gz,https://ftp.sra.ebi.ac.uk/vol1/fastq/ERR125/051/ERR12555051/ERR12555051_2.fastq.gz
vmg-1952-ERR14801355,https://ftp.sra.ebi.ac.uk/vol1/fastq/ERR148/055/ERR14801355/ERR14801355_1.fastq.gz,https://ftp.sra.ebi.ac.uk/vol1/fastq/ERR148/055/ERR14801355/ERR14801355_2.fastq.gz
vmg-1953-ERR14195209,https://ftp.sra.ebi.ac.uk/vol1/fastq/ERR141/009/ERR14195209/ERR14195209_1.fastq.gz,https://ftp.sra.ebi.ac.uk/vol1/fastq/ERR141/009/ERR14195209/ERR14195209_2.fastq.gz
vmg-1954-ERR2863518,https://ftp.sra.ebi.ac.uk/vol1/fastq/ERR286/008/ERR2863518/ERR2863518_1.fastq.gz,https://ftp.sra.ebi.ac.uk/vol1/fastq/ERR286/008/ERR2863518/ERR2863518_2.fastq.gz
vmg-1955-ERR3682694,https://ftp.sra.ebi.ac.uk/vol1/fastq/ERR368/004/ERR3682694/ERR3682694_1.fastq.gz,https://ftp.sra.ebi.ac.uk/vol1/fastq/ERR368/004/ERR3682694/ERR3682694_2.fastq.gz
vmg-1956-ERR17426710,https://ftp.sra.ebi.ac.uk/vol1/fastq/ERR174/010/ERR17426710/ERR17426710_1.fastq.gz,https://ftp.sra.ebi.ac.uk/vol1/fastq/ERR174/010/ERR17426710/ERR17426710_2.fastq.gz
vmg-1957-ERR3769600,https://ftp.sra.ebi.ac.uk/vol1/fastq/ERR376/000/ERR3769600/ERR3769600_1.fastq.gz,https://ftp.sra.ebi.ac.uk/vol1/fastq/ERR376/000/ERR3769600/ERR3769600_2.fastq.gz
vmg-1958-ERR3832185,https://ftp.sra.ebi.ac.uk/vol1/fastq/ERR383/005/ERR3832185/ERR3832185_1.fastq.gz,https://ftp.sra.ebi.ac.uk/vol1/fastq/ERR383/005/ERR3832185/ERR3832185_2.fastq.gz
vmg-1959-DRR777387,https://ftp.sra.ebi.ac.uk/vol1/fastq/DRR777/DRR777387/DRR777387_1.fastq.gz,https://ftp.sra.ebi.ac.uk/vol1/fastq/DRR777/DRR777387/DRR777387_2.fastq.gz
vmg-1960-ERR14647262,https://ftp.sra.ebi.ac.uk/vol1/fastq/ERR146/062/ERR14647262/ERR14647262_1.fastq.gz,https://ftp.sra.ebi.ac.uk/vol1/fastq/ERR146/062/ERR14647262/ERR14647262_2.fastq.gz
vmg-1961-ERR16713127,https://ftp.sra.ebi.ac.uk/vol1/fastq/ERR167/027/ERR16713127/ERR16713127_1.fastq.gz,https://ftp.sra.ebi.ac.uk/vol1/fastq/ERR167/027/ERR16713127/ERR16713127_2.fastq.gz
vmg-1962-ERR14802267,https://ftp.sra.ebi.ac.uk/vol1/fastq/ERR148/067/ERR14802267/ERR14802267_1.fastq.gz,https://ftp.sra.ebi.ac.uk/vol1/fastq/ERR148/067/ERR14802267/ERR14802267_2.fastq.gz
vmg-1963-DRR631554,https://ftp.sra.ebi.ac.uk/vol1/fastq/DRR631/DRR631554/DRR631554_1.fastq.gz,https://ftp.sra.ebi.ac.uk/vol1/fastq/DRR631/DRR631554/DRR631554_2.fastq.gz
vmg-1964-DRR735562,https://ftp.sra.ebi.ac.uk/vol1/fastq/DRR735/DRR735562/DRR735562_1.fastq.gz,https://ftp.sra.ebi.ac.uk/vol1/fastq/DRR735/DRR735562/DRR735562_2.fastq.gz
vmg-1965-ERR15315416,https://ftp.sra.ebi.ac.uk/vol1/fastq/ERR153/016/ERR15315416/ERR15315416_1.fastq.gz,https://ftp.sra.ebi.ac.uk/vol1/fastq/ERR153/016/ERR15315416/ERR15315416_2.fastq.gz
vmg-1966-ERR12329282,https://ftp.sra.ebi.ac.uk/vol1/fastq/ERR123/082/ERR12329282/ERR12329282_1.fastq.gz,https://ftp.sra.ebi.ac.uk/vol1/fastq/ERR123/082/ERR12329282/ERR12329282_2.fastq.gz
vmg-1967-ERR14211268,https://ftp.sra.ebi.ac.uk/vol1/fastq/ERR142/068/ERR14211268/ERR14211268_1.fastq.gz,https://ftp.sra.ebi.ac.uk/vol1/fastq/ERR142/068/ERR14211268/ERR14211268_2.fastq.gz
vmg-1968-ERR12556580,https://ftp.sra.ebi.ac.uk/vol1/fastq/ERR125/080/ERR12556580/ERR12556580_1.fastq.gz,https://ftp.sra.ebi.ac.uk/vol1/fastq/ERR125/080/ERR12556580/ERR12556580_2.fastq.gz
vmg-1969-ERR14194868,https://ftp.sra.ebi.ac.uk/vol1/fastq/ERR141/068/ERR14194868/ERR14194868_1.fastq.gz,https://ftp.sra.ebi.ac.uk/vol1/fastq/ERR141/068/ERR14194868/ERR14194868_2.fastq.gz
vmg-1970-ERR12555002,https://ftp.sra.ebi.ac.uk/vol1/fastq/ERR125/002/ERR12555002/ERR12555002_1.fastq.gz,https://ftp.sra.ebi.ac.uk/vol1/fastq/ERR125/002/ERR12555002/ERR12555002_2.fastq.gz
vmg-1971-ERR3684329,https://ftp.sra.ebi.ac.uk/vol1/fastq/ERR368/009/ERR3684329/ERR3684329_1.fastq.gz,https://ftp.sra.ebi.ac.uk/vol1/fastq/ERR368/009/ERR3684329/ERR3684329_2.fastq.gz
vmg-1972-ERR10744025,https://ftp.sra.ebi.ac.uk/vol1/fastq/ERR107/025/ERR10744025/ERR10744025_1.fastq.gz,https://ftp.sra.ebi.ac.uk/vol1/fastq/ERR107/025/ERR10744025/ERR10744025_2.fastq.gz
vmg-1973-ERR16721784,https://ftp.sra.ebi.ac.uk/vol1/fastq/ERR167/084/ERR16721784/ERR16721784_1.fastq.gz,https://ftp.sra.ebi.ac.uk/vol1/fastq/ERR167/084/ERR16721784/ERR16721784_2.fastq.gz
vmg-1974-ERR12308590,https://ftp.sra.ebi.ac.uk/vol1/fastq/ERR123/090/ERR12308590/ERR12308590_1.fastq.gz,https://ftp.sra.ebi.ac.uk/vol1/fastq/ERR123/090/ERR12308590/ERR12308590_2.fastq.gz
vmg-1975-ERR14043932,https://ftp.sra.ebi.ac.uk/vol1/fastq/ERR140/032/ERR14043932/ERR14043932_1.fastq.gz,https://ftp.sra.ebi.ac.uk/vol1/fastq/ERR140/032/ERR14043932/ERR14043932_2.fastq.gz
vmg-1976-ERR3954947,https://ftp.sra.ebi.ac.uk/vol1/fastq/ERR395/007/ERR3954947/ERR3954947_1.fastq.gz,https://ftp.sra.ebi.ac.uk/vol1/fastq/ERR395/007/ERR3954947/ERR3954947_2.fastq.gz
vmg-1977-ERR12419469,https://ftp.sra.ebi.ac.uk/vol1/fastq/ERR124/069/ERR12419469/ERR12419469_1.fastq.gz,https://ftp.sra.ebi.ac.uk/vol1/fastq/ERR124/069/ERR12419469/ERR12419469_2.fastq.gz
vmg-1978-ERR2863551,https://ftp.sra.ebi.ac.uk/vol1/fastq/ERR286/001/ERR2863551/ERR2863551_1.fastq.gz,https://ftp.sra.ebi.ac.uk/vol1/fastq/ERR286/001/ERR2863551/ERR2863551_2.fastq.gz
vmg-1979-DRR858872,https://ftp.sra.ebi.ac.uk/vol1/fastq/DRR858/DRR858872/DRR858872_1.fastq.gz,https://ftp.sra.ebi.ac.uk/vol1/fastq/DRR858/DRR858872/DRR858872_2.fastq.gz
vmg-1980-ERR14863985,https://ftp.sra.ebi.ac.uk/vol1/fastq/ERR148/085/ERR14863985/ERR14863985_1.fastq.gz,https://ftp.sra.ebi.ac.uk/vol1/fastq/ERR148/085/ERR14863985/ERR14863985_2.fastq.gz
vmg-1981-ERR10749758,https://ftp.sra.ebi.ac.uk/vol1/fastq/ERR107/058/ERR10749758/ERR10749758_1.fastq.gz,https://ftp.sra.ebi.ac.uk/vol1/fastq/ERR107/058/ERR10749758/ERR10749758_2.fastq.gz
vmg-1982-ERR13061352,https://ftp.sra.ebi.ac.uk/vol1/fastq/ERR130/052/ERR13061352/ERR13061352_1.fastq.gz,https://ftp.sra.ebi.ac.uk/vol1/fastq/ERR130/052/ERR13061352/ERR13061352_2.fastq.gz
vmg-1983-ERR12329291,https://ftp.sra.ebi.ac.uk/vol1/fastq/ERR123/091/ERR12329291/ERR12329291_1.fastq.gz,https://ftp.sra.ebi.ac.uk/vol1/fastq/ERR123/091/ERR12329291/ERR12329291_2.fastq.gz
vmg-1984-ERR3726753,https://ftp.sra.ebi.ac.uk/vol1/fastq/ERR372/003/ERR3726753/ERR3726753_1.fastq.gz,https://ftp.sra.ebi.ac.uk/vol1/fastq/ERR372/003/ERR3726753/ERR3726753_2.fastq.gz
vmg-1985-ERR2608385,https://ftp.sra.ebi.ac.uk/vol1/fastq/ERR260/005/ERR2608385/ERR2608385_1.fastq.gz,https://ftp.sra.ebi.ac.uk/vol1/fastq/ERR260/005/ERR2608385/ERR2608385_2.fastq.gz
vmg-1986-ERR2608590,https://ftp.sra.ebi.ac.uk/vol1/fastq/ERR260/000/ERR2608590/ERR2608590_1.fastq.gz,https://ftp.sra.ebi.ac.uk/vol1/fastq/ERR260/000/ERR2608590/ERR2608590_2.fastq.gz
vmg-1987-DRR734868,https://ftp.sra.ebi.ac.uk/vol1/fastq/DRR734/DRR734868/DRR734868_1.fastq.gz,https://ftp.sra.ebi.ac.uk/vol1/fastq/DRR734/DRR734868/DRR734868_2.fastq.gz
vmg-1988-ERR11894763,https://ftp.sra.ebi.ac.uk/vol1/fastq/ERR118/063/ERR11894763/ERR11894763_1.fastq.gz,https://ftp.sra.ebi.ac.uk/vol1/fastq/ERR118/063/ERR11894763/ERR11894763_2.fastq.gz
vmg-1989-ERR3769554,https://ftp.sra.ebi.ac.uk/vol1/fastq/ERR376/004/ERR3769554/ERR3769554_1.fastq.gz,https://ftp.sra.ebi.ac.uk/vol1/fastq/ERR376/004/ERR3769554/ERR3769554_2.fastq.gz
vmg-1990-ERR10749628,https://ftp.sra.ebi.ac.uk/vol1/fastq/ERR107/028/ERR10749628/ERR10749628_1.fastq.gz,https://ftp.sra.ebi.ac.uk/vol1/fastq/ERR107/028/ERR10749628/ERR10749628_2.fastq.gz
vmg-1991-ERR12329279,https://ftp.sra.ebi.ac.uk/vol1/fastq/ERR123/079/ERR12329279/ERR12329279_1.fastq.gz,https://ftp.sra.ebi.ac.uk/vol1/fastq/ERR123/079/ERR12329279/ERR12329279_2.fastq.gz
vmg-1992-ERR4503519,https://ftp.sra.ebi.ac.uk/vol1/fastq/ERR450/009/ERR4503519/ERR4503519_1.fastq.gz,https://ftp.sra.ebi.ac.uk/vol1/fastq/ERR450/009/ERR4503519/ERR4503519_2.fastq.gz
vmg-1993-ERR15337993,https://ftp.sra.ebi.ac.uk/vol1/fastq/ERR153/093/ERR15337993/ERR15337993_1.fastq.gz,https://ftp.sra.ebi.ac.uk/vol1/fastq/ERR153/093/ERR15337993/ERR15337993_2.fastq.gz
vmg-1994-ERR10745188,https://ftp.sra.ebi.ac.uk/vol1/fastq/ERR107/088/ERR10745188/ERR10745188_1.fastq.gz,https://ftp.sra.ebi.ac.uk/vol1/fastq/ERR107/088/ERR10745188/ERR10745188_2.fastq.gz
vmg-1995-ERR12555141,https://ftp.sra.ebi.ac.uk/vol1/fastq/ERR125/041/ERR12555141/ERR12555141_1.fastq.gz,https://ftp.sra.ebi.ac.uk/vol1/fastq/ERR125/041/ERR12555141/ERR12555141_2.fastq.gz
vmg-1996-ERR14647299,https://ftp.sra.ebi.ac.uk/vol1/fastq/ERR146/099/ERR14647299/ERR14647299_1.fastq.gz,https://ftp.sra.ebi.ac.uk/vol1/fastq/ERR146/099/ERR14647299/ERR14647299_2.fastq.gz
vmg-1997-ERR2608592,https://ftp.sra.ebi.ac.uk/vol1/fastq/ERR260/002/ERR2608592/ERR2608592_1.fastq.gz,https://ftp.sra.ebi.ac.uk/vol1/fastq/ERR260/002/ERR2608592/ERR2608592_2.fastq.gz
vmg-1998-ERR10749531,https://ftp.sra.ebi.ac.uk/vol1/fastq/ERR107/031/ERR10749531/ERR10749531_1.fastq.gz,https://ftp.sra.ebi.ac.uk/vol1/fastq/ERR107/031/ERR10749531/ERR10749531_2.fastq.gz
vmg-1999-DRR735578,https://ftp.sra.ebi.ac.uk/vol1/fastq/DRR735/DRR735578/DRR735578_1.fastq.gz,https://ftp.sra.ebi.ac.uk/vol1/fastq/DRR735/DRR735578/DRR735578_2.fastq.gz
vmg-2000-ERR16010370,https://ftp.sra.ebi.ac.uk/vol1/fastq/ERR160/070/ERR16010370/ERR16010370_1.fastq.gz,https://ftp.sra.ebi.ac.uk/vol1/fastq/ERR160/070/ERR16010370/ERR16010370_2.fastq.gz
vmg-2001-ERR3769541,https://ftp.sra.ebi.ac.uk/vol1/fastq/ERR376/001/ERR3769541/ERR3769541_1.fastq.gz,https://ftp.sra.ebi.ac.uk/vol1/fastq/ERR376/001/ERR3769541/ERR3769541_2.fastq.gz
vmg-2002-ERR12520320,https://ftp.sra.ebi.ac.uk/vol1/fastq/ERR125/020/ERR12520320/ERR12520320_1.fastq.gz,https://ftp.sra.ebi.ac.uk/vol1/fastq/ERR125/020/ERR12520320/ERR12520320_2.fastq.gz
vmg-2003-ERR2608220,https://ftp.sra.ebi.ac.uk/vol1/fastq/ERR260/000/ERR2608220/ERR2608220_1.fastq.gz,https://ftp.sra.ebi.ac.uk/vol1/fastq/ERR260/000/ERR2608220/ERR2608220_2.fastq.gz
vmg-2004-ERR10749512,https://ftp.sra.ebi.ac.uk/vol1/fastq/ERR107/012/ERR10749512/ERR10749512_1.fastq.gz,https://ftp.sra.ebi.ac.uk/vol1/fastq/ERR107/012/ERR10749512/ERR10749512_2.fastq.gz
vmg-2005-ERR16714268,https://ftp.sra.ebi.ac.uk/vol1/fastq/ERR167/068/ERR16714268/ERR16714268_1.fastq.gz,https://ftp.sra.ebi.ac.uk/vol1/fastq/ERR167/068/ERR16714268/ERR16714268_2.fastq.gz
vmg-2006-ERR14194789,https://ftp.sra.ebi.ac.uk/vol1/fastq/ERR141/089/ERR14194789/ERR14194789_1.fastq.gz,https://ftp.sra.ebi.ac.uk/vol1/fastq/ERR141/089/ERR14194789/ERR14194789_2.fastq.gz
vmg-2007-ERR2608572,https://ftp.sra.ebi.ac.uk/vol1/fastq/ERR260/002/ERR2608572/ERR2608572_1.fastq.gz,https://ftp.sra.ebi.ac.uk/vol1/fastq/ERR260/002/ERR2608572/ERR2608572_2.fastq.gz
vmg-2008-ERR14927666,https://ftp.sra.ebi.ac.uk/vol1/fastq/ERR149/066/ERR14927666/ERR14927666_1.fastq.gz,https://ftp.sra.ebi.ac.uk/vol1/fastq/ERR149/066/ERR14927666/ERR14927666_2.fastq.gz
vmg-2009-ERR3684385,https://ftp.sra.ebi.ac.uk/vol1/fastq/ERR368/005/ERR3684385/ERR3684385_1.fastq.gz,https://ftp.sra.ebi.ac.uk/vol1/fastq/ERR368/005/ERR3684385/ERR3684385_2.fastq.gz
vmg-2010-ERR2608453,https://ftp.sra.ebi.ac.uk/vol1/fastq/ERR260/003/ERR2608453/ERR2608453_1.fastq.gz,https://ftp.sra.ebi.ac.uk/vol1/fastq/ERR260/003/ERR2608453/ERR2608453_2.fastq.gz
vmg-2011-ERR3903881,https://ftp.sra.ebi.ac.uk/vol1/fastq/ERR390/001/ERR3903881/ERR3903881_1.fastq.gz,https://ftp.sra.ebi.ac.uk/vol1/fastq/ERR390/001/ERR3903881/ERR3903881_2.fastq.gz
vmg-2012-ERR14788874,https://ftp.sra.ebi.ac.uk/vol1/fastq/ERR147/074/ERR14788874/ERR14788874_1.fastq.gz,https://ftp.sra.ebi.ac.uk/vol1/fastq/ERR147/074/ERR14788874/ERR14788874_2.fastq.gz
vmg-2013-ERR14066776,https://ftp.sra.ebi.ac.uk/vol1/fastq/ERR140/076/ERR14066776/ERR14066776_1.fastq.gz,https://ftp.sra.ebi.ac.uk/vol1/fastq/ERR140/076/ERR14066776/ERR14066776_2.fastq.gz
vmg-2014-ERR2608418,https://ftp.sra.ebi.ac.uk/vol1/fastq/ERR260/008/ERR2608418/ERR2608418_1.fastq.gz,https://ftp.sra.ebi.ac.uk/vol1/fastq/ERR260/008/ERR2608418/ERR2608418_2.fastq.gz
vmg-2015-ERR16712305,https://ftp.sra.ebi.ac.uk/vol1/fastq/ERR167/005/ERR16712305/ERR16712305_1.fastq.gz,https://ftp.sra.ebi.ac.uk/vol1/fastq/ERR167/005/ERR16712305/ERR16712305_2.fastq.gz
vmg-2016-ERR2863508,https://ftp.sra.ebi.ac.uk/vol1/fastq/ERR286/008/ERR2863508/ERR2863508_1.fastq.gz,https://ftp.sra.ebi.ac.uk/vol1/fastq/ERR286/008/ERR2863508/ERR2863508_2.fastq.gz
vmg-2017-ERR15315428,https://ftp.sra.ebi.ac.uk/vol1/fastq/ERR153/028/ERR15315428/ERR15315428_1.fastq.gz,https://ftp.sra.ebi.ac.uk/vol1/fastq/ERR153/028/ERR15315428/ERR15315428_2.fastq.gz
vmg-2018-ERR2244536,https://ftp.sra.ebi.ac.uk/vol1/fastq/ERR224/006/ERR2244536/ERR2244536_1.fastq.gz,https://ftp.sra.ebi.ac.uk/vol1/fastq/ERR224/006/ERR2244536/ERR2244536_2.fastq.gz
vmg-2019-ERR12220612,https://ftp.sra.ebi.ac.uk/vol1/fastq/ERR122/012/ERR12220612/ERR12220612_1.fastq.gz,https://ftp.sra.ebi.ac.uk/vol1/fastq/ERR122/012/ERR12220612/ERR12220612_2.fastq.gz
vmg-2020-ERR12329266,https://ftp.sra.ebi.ac.uk/vol1/fastq/ERR123/066/ERR12329266/ERR12329266_1.fastq.gz,https://ftp.sra.ebi.ac.uk/vol1/fastq/ERR123/066/ERR12329266/ERR12329266_2.fastq.gz
vmg-2021-ERR15652796,https://ftp.sra.ebi.ac.uk/vol1/fastq/ERR156/096/ERR15652796/ERR15652796_1.fastq.gz,https://ftp.sra.ebi.ac.uk/vol1/fastq/ERR156/096/ERR15652796/ERR15652796_2.fastq.gz
vmg-2022-ERR14066768,https://ftp.sra.ebi.ac.uk/vol1/fastq/ERR140/068/ERR14066768/ERR14066768_1.fastq.gz,https://ftp.sra.ebi.ac.uk/vol1/fastq/ERR140/068/ERR14066768/ERR14066768_2.fastq.gz
vmg-2023-ERR14789108,https://ftp.sra.ebi.ac.uk/vol1/fastq/ERR147/008/ERR14789108/ERR14789108_1.fastq.gz,https://ftp.sra.ebi.ac.uk/vol1/fastq/ERR147/008/ERR14789108/ERR14789108_2.fastq.gz
vmg-2024-ERR2608314,https://ftp.sra.ebi.ac.uk/vol1/fastq/ERR260/004/ERR2608314/ERR2608314_1.fastq.gz,https://ftp.sra.ebi.ac.uk/vol1/fastq/ERR260/004/ERR2608314/ERR2608314_2.fastq.gz
vmg-2025-ERR12520186,https://ftp.sra.ebi.ac.uk/vol1/fastq/ERR125/086/ERR12520186/ERR12520186_1.fastq.gz,https://ftp.sra.ebi.ac.uk/vol1/fastq/ERR125/086/ERR12520186/ERR12520186_2.fastq.gz
vmg-2026-ERR2863540,https://ftp.sra.ebi.ac.uk/vol1/fastq/ERR286/000/ERR2863540/ERR2863540_1.fastq.gz,https://ftp.sra.ebi.ac.uk/vol1/fastq/ERR286/000/ERR2863540/ERR2863540_2.fastq.gz
vmg-2027-ERR16908655,https://ftp.sra.ebi.ac.uk/vol1/fastq/ERR169/055/ERR16908655/ERR16908655_1.fastq.gz,https://ftp.sra.ebi.ac.uk/vol1/fastq/ERR169/055/ERR16908655/ERR16908655_2.fastq.gz
vmg-2028-ERR14853883,https://ftp.sra.ebi.ac.uk/vol1/fastq/ERR148/083/ERR14853883/ERR14853883_1.fastq.gz,https://ftp.sra.ebi.ac.uk/vol1/fastq/ERR148/083/ERR14853883/ERR14853883_2.fastq.gz
vmg-2029-ERR15650577,https://ftp.sra.ebi.ac.uk/vol1/fastq/ERR156/077/ERR15650577/ERR15650577_1.fastq.gz,https://ftp.sra.ebi.ac.uk/vol1/fastq/ERR156/077/ERR15650577/ERR15650577_2.fastq.gz
vmg-2030-ERR16719988,https://ftp.sra.ebi.ac.uk/vol1/fastq/ERR167/088/ERR16719988/ERR16719988_1.fastq.gz,https://ftp.sra.ebi.ac.uk/vol1/fastq/ERR167/088/ERR16719988/ERR16719988_2.fastq.gz
vmg-2031-ERR12308539,https://ftp.sra.ebi.ac.uk/vol1/fastq/ERR123/039/ERR12308539/ERR12308539_1.fastq.gz,https://ftp.sra.ebi.ac.uk/vol1/fastq/ERR123/039/ERR12308539/ERR12308539_2.fastq.gz
vmg-2032-DRR735620,https://ftp.sra.ebi.ac.uk/vol1/fastq/DRR735/DRR735620/DRR735620_1.fastq.gz,https://ftp.sra.ebi.ac.uk/vol1/fastq/DRR735/DRR735620/DRR735620_2.fastq.gz
vmg-2033-ERR10207608,https://ftp.sra.ebi.ac.uk/vol1/fastq/ERR102/008/ERR10207608/ERR10207608_1.fastq.gz,https://ftp.sra.ebi.ac.uk/vol1/fastq/ERR102/008/ERR10207608/ERR10207608_2.fastq.gz
vmg-2034-DRR735574,https://ftp.sra.ebi.ac.uk/vol1/fastq/DRR735/DRR735574/DRR735574_1.fastq.gz,https://ftp.sra.ebi.ac.uk/vol1/fastq/DRR735/DRR735574/DRR735574_2.fastq.gz
vmg-2035-ERR11627494,https://ftp.sra.ebi.ac.uk/vol1/fastq/ERR116/094/ERR11627494/ERR11627494_1.fastq.gz,https://ftp.sra.ebi.ac.uk/vol1/fastq/ERR116/094/ERR11627494/ERR11627494_2.fastq.gz
vmg-2036-ERR15315382,https://ftp.sra.ebi.ac.uk/vol1/fastq/ERR153/082/ERR15315382/ERR15315382_1.fastq.gz,https://ftp.sra.ebi.ac.uk/vol1/fastq/ERR153/082/ERR15315382/ERR15315382_2.fastq.gz
vmg-2037-ERR16004292,https://ftp.sra.ebi.ac.uk/vol1/fastq/ERR160/092/ERR16004292/ERR16004292_1.fastq.gz,https://ftp.sra.ebi.ac.uk/vol1/fastq/ERR160/092/ERR16004292/ERR16004292_2.fastq.gz
vmg-2038-ERR16711602,https://ftp.sra.ebi.ac.uk/vol1/fastq/ERR167/002/ERR16711602/ERR16711602_1.fastq.gz,https://ftp.sra.ebi.ac.uk/vol1/fastq/ERR167/002/ERR16711602/ERR16711602_2.fastq.gz
vmg-2039-ERR10749581,https://ftp.sra.ebi.ac.uk/vol1/fastq/ERR107/081/ERR10749581/ERR10749581_1.fastq.gz,https://ftp.sra.ebi.ac.uk/vol1/fastq/ERR107/081/ERR10749581/ERR10749581_2.fastq.gz
vmg-2040-ERR11019588,https://ftp.sra.ebi.ac.uk/vol1/fastq/ERR110/088/ERR11019588/ERR11019588_1.fastq.gz,https://ftp.sra.ebi.ac.uk/vol1/fastq/ERR110/088/ERR11019588/ERR11019588_2.fastq.gz
vmg-2041-DRR636948,https://ftp.sra.ebi.ac.uk/vol1/fastq/DRR636/DRR636948/DRR636948_1.fastq.gz,https://ftp.sra.ebi.ac.uk/vol1/fastq/DRR636/DRR636948/DRR636948_2.fastq.gz
vmg-2042-ERR14854202,https://ftp.sra.ebi.ac.uk/vol1/fastq/ERR148/002/ERR14854202/ERR14854202_1.fastq.gz,https://ftp.sra.ebi.ac.uk/vol1/fastq/ERR148/002/ERR14854202/ERR14854202_2.fastq.gz
vmg-2043-ERR12308580,https://ftp.sra.ebi.ac.uk/vol1/fastq/ERR123/080/ERR12308580/ERR12308580_1.fastq.gz,https://ftp.sra.ebi.ac.uk/vol1/fastq/ERR123/080/ERR12308580/ERR12308580_2.fastq.gz
vmg-2044-ERR4228471,https://ftp.sra.ebi.ac.uk/vol1/fastq/ERR422/001/ERR4228471/ERR4228471_1.fastq.gz,https://ftp.sra.ebi.ac.uk/vol1/fastq/ERR422/001/ERR4228471/ERR4228471_2.fastq.gz
vmg-2045-ERR16712865,https://ftp.sra.ebi.ac.uk/vol1/fastq/ERR167/065/ERR16712865/ERR16712865_1.fastq.gz,https://ftp.sra.ebi.ac.uk/vol1/fastq/ERR167/065/ERR16712865/ERR16712865_2.fastq.gz
vmg-2046-ERR14036377,https://ftp.sra.ebi.ac.uk/vol1/fastq/ERR140/077/ERR14036377/ERR14036377_1.fastq.gz,https://ftp.sra.ebi.ac.uk/vol1/fastq/ERR140/077/ERR14036377/ERR14036377_2.fastq.gz
vmg-2047-ERR14211384,https://ftp.sra.ebi.ac.uk/vol1/fastq/ERR142/084/ERR14211384/ERR14211384_1.fastq.gz,https://ftp.sra.ebi.ac.uk/vol1/fastq/ERR142/084/ERR14211384/ERR14211384_2.fastq.gz
vmg-2048-ERR2863514,https://ftp.sra.ebi.ac.uk/vol1/fastq/ERR286/004/ERR2863514/ERR2863514_1.fastq.gz,https://ftp.sra.ebi.ac.uk/vol1/fastq/ERR286/004/ERR2863514/ERR2863514_2.fastq.gz
vmg-2049-ERR16719813,https://ftp.sra.ebi.ac.uk/vol1/fastq/ERR167/013/ERR16719813/ERR16719813_1.fastq.gz,https://ftp.sra.ebi.ac.uk/vol1/fastq/ERR167/013/ERR16719813/ERR16719813_2.fastq.gz
vmg-2050-ERR3670938,https://ftp.sra.ebi.ac.uk/vol1/fastq/ERR367/008/ERR3670938/ERR3670938_1.fastq.gz,https://ftp.sra.ebi.ac.uk/vol1/fastq/ERR367/008/ERR3670938/ERR3670938_2.fastq.gz
vmg-2051-ERR16730583,https://ftp.sra.ebi.ac.uk/vol1/fastq/ERR167/083/ERR16730583/ERR16730583_1.fastq.gz,https://ftp.sra.ebi.ac.uk/vol1/fastq/ERR167/083/ERR16730583/ERR16730583_2.fastq.gz
vmg-2052-ERR12032788,https://ftp.sra.ebi.ac.uk/vol1/fastq/ERR120/088/ERR12032788/ERR12032788_1.fastq.gz,https://ftp.sra.ebi.ac.uk/vol1/fastq/ERR120/088/ERR12032788/ERR12032788_2.fastq.gz
vmg-2053-ERR10206489,https://ftp.sra.ebi.ac.uk/vol1/fastq/ERR102/089/ERR10206489/ERR10206489_1.fastq.gz,https://ftp.sra.ebi.ac.uk/vol1/fastq/ERR102/089/ERR10206489/ERR10206489_2.fastq.gz
vmg-2054-ERR11627224,https://ftp.sra.ebi.ac.uk/vol1/fastq/ERR116/024/ERR11627224/ERR11627224_1.fastq.gz,https://ftp.sra.ebi.ac.uk/vol1/fastq/ERR116/024/ERR11627224/ERR11627224_2.fastq.gz
vmg-2055-ERR2608357,https://ftp.sra.ebi.ac.uk/vol1/fastq/ERR260/007/ERR2608357/ERR2608357_1.fastq.gz,https://ftp.sra.ebi.ac.uk/vol1/fastq/ERR260/007/ERR2608357/ERR2608357_2.fastq.gz
vmg-2056-ERR2608570,https://ftp.sra.ebi.ac.uk/vol1/fastq/ERR260/000/ERR2608570/ERR2608570_1.fastq.gz,https://ftp.sra.ebi.ac.uk/vol1/fastq/ERR260/000/ERR2608570/ERR2608570_2.fastq.gz
vmg-2057-ERR11646968,https://ftp.sra.ebi.ac.uk/vol1/fastq/ERR116/068/ERR11646968/ERR11646968_1.fastq.gz,https://ftp.sra.ebi.ac.uk/vol1/fastq/ERR116/068/ERR11646968/ERR11646968_2.fastq.gz
vmg-2058-ERR14210901,https://ftp.sra.ebi.ac.uk/vol1/fastq/ERR142/001/ERR14210901/ERR14210901_1.fastq.gz,https://ftp.sra.ebi.ac.uk/vol1/fastq/ERR142/001/ERR14210901/ERR14210901_2.fastq.gz
vmg-2059-ERR3955284,https://ftp.sra.ebi.ac.uk/vol1/fastq/ERR395/004/ERR3955284/ERR3955284_1.fastq.gz,https://ftp.sra.ebi.ac.uk/vol1/fastq/ERR395/004/ERR3955284/ERR3955284_2.fastq.gz
vmg-2060-ERR15418956,https://ftp.sra.ebi.ac.uk/vol1/fastq/ERR154/056/ERR15418956/ERR15418956_1.fastq.gz,https://ftp.sra.ebi.ac.uk/vol1/fastq/ERR154/056/ERR15418956/ERR15418956_2.fastq.gz
vmg-2061-DRR636977,https://ftp.sra.ebi.ac.uk/vol1/fastq/DRR636/DRR636977/DRR636977_1.fastq.gz,https://ftp.sra.ebi.ac.uk/vol1/fastq/DRR636/DRR636977/DRR636977_2.fastq.gz
vmg-2062-ERR2282000,https://ftp.sra.ebi.ac.uk/vol1/fastq/ERR228/000/ERR2282000/ERR2282000_1.fastq.gz,https://ftp.sra.ebi.ac.uk/vol1/fastq/ERR228/000/ERR2282000/ERR2282000_2.fastq.gz
vmg-2063-ERR3969676,https://ftp.sra.ebi.ac.uk/vol1/fastq/ERR396/006/ERR3969676/ERR3969676_1.fastq.gz,https://ftp.sra.ebi.ac.uk/vol1/fastq/ERR396/006/ERR3969676/ERR3969676_2.fastq.gz
vmg-2064-ERR10682650,https://ftp.sra.ebi.ac.uk/vol1/fastq/ERR106/050/ERR10682650/ERR10682650_1.fastq.gz,https://ftp.sra.ebi.ac.uk/vol1/fastq/ERR106/050/ERR10682650/ERR10682650_2.fastq.gz
vmg-2065-DRR636895,https://ftp.sra.ebi.ac.uk/vol1/fastq/DRR636/DRR636895/DRR636895_1.fastq.gz,https://ftp.sra.ebi.ac.uk/vol1/fastq/DRR636/DRR636895/DRR636895_2.fastq.gz
vmg-2066-ERR16908634,https://ftp.sra.ebi.ac.uk/vol1/fastq/ERR169/034/ERR16908634/ERR16908634_1.fastq.gz,https://ftp.sra.ebi.ac.uk/vol1/fastq/ERR169/034/ERR16908634/ERR16908634_2.fastq.gz
vmg-2067-ERR3899859,https://ftp.sra.ebi.ac.uk/vol1/fastq/ERR389/009/ERR3899859/ERR3899859_1.fastq.gz,https://ftp.sra.ebi.ac.uk/vol1/fastq/ERR389/009/ERR3899859/ERR3899859_2.fastq.gz
vmg-2068-ERR3769524,https://ftp.sra.ebi.ac.uk/vol1/fastq/ERR376/004/ERR3769524/ERR3769524_1.fastq.gz,https://ftp.sra.ebi.ac.uk/vol1/fastq/ERR376/004/ERR3769524/ERR3769524_2.fastq.gz
vmg-2069-ERR12308567,https://ftp.sra.ebi.ac.uk/vol1/fastq/ERR123/067/ERR12308567/ERR12308567_1.fastq.gz,https://ftp.sra.ebi.ac.uk/vol1/fastq/ERR123/067/ERR12308567/ERR12308567_2.fastq.gz
vmg-2070-DRR636962,https://ftp.sra.ebi.ac.uk/vol1/fastq/DRR636/DRR636962/DRR636962_1.fastq.gz,https://ftp.sra.ebi.ac.uk/vol1/fastq/DRR636/DRR636962/DRR636962_2.fastq.gz
vmg-2071-ERR10394929,https://ftp.sra.ebi.ac.uk/vol1/fastq/ERR103/029/ERR10394929/ERR10394929_1.fastq.gz,https://ftp.sra.ebi.ac.uk/vol1/fastq/ERR103/029/ERR10394929/ERR10394929_2.fastq.gz
vmg-2072-ERR3969675,https://ftp.sra.ebi.ac.uk/vol1/fastq/ERR396/005/ERR3969675/ERR3969675_1.fastq.gz,https://ftp.sra.ebi.ac.uk/vol1/fastq/ERR396/005/ERR3969675/ERR3969675_2.fastq.gz
vmg-2073-ERR2987851,https://ftp.sra.ebi.ac.uk/vol1/fastq/ERR298/001/ERR2987851/ERR2987851_1.fastq.gz,https://ftp.sra.ebi.ac.uk/vol1/fastq/ERR298/001/ERR2987851/ERR2987851_2.fastq.gz
vmg-2074-ERR4083781,https://ftp.sra.ebi.ac.uk/vol1/fastq/ERR408/001/ERR4083781/ERR4083781_1.fastq.gz,https://ftp.sra.ebi.ac.uk/vol1/fastq/ERR408/001/ERR4083781/ERR4083781_2.fastq.gz
vmg-2075-ERR11627481,https://ftp.sra.ebi.ac.uk/vol1/fastq/ERR116/081/ERR11627481/ERR11627481_1.fastq.gz,https://ftp.sra.ebi.ac.uk/vol1/fastq/ERR116/081/ERR11627481/ERR11627481_2.fastq.gz
vmg-2076-DRR099975,https://ftp.sra.ebi.ac.uk/vol1/fastq/DRR099/DRR099975/DRR099975_1.fastq.gz,https://ftp.sra.ebi.ac.uk/vol1/fastq/DRR099/DRR099975/DRR099975_2.fastq.gz
vmg-2077-ERR14194887,https://ftp.sra.ebi.ac.uk/vol1/fastq/ERR141/087/ERR14194887/ERR14194887_1.fastq.gz,https://ftp.sra.ebi.ac.uk/vol1/fastq/ERR141/087/ERR14194887/ERR14194887_2.fastq.gz
vmg-2078-ERR14211033,https://ftp.sra.ebi.ac.uk/vol1/fastq/ERR142/033/ERR14211033/ERR14211033_1.fastq.gz,https://ftp.sra.ebi.ac.uk/vol1/fastq/ERR142/033/ERR14211033/ERR14211033_2.fastq.gz
vmg-2079-ERR16719606,https://ftp.sra.ebi.ac.uk/vol1/fastq/ERR167/006/ERR16719606/ERR16719606_1.fastq.gz,https://ftp.sra.ebi.ac.uk/vol1/fastq/ERR167/006/ERR16719606/ERR16719606_2.fastq.gz
vmg-2080-ERR14194862,https://ftp.sra.ebi.ac.uk/vol1/fastq/ERR141/062/ERR14194862/ERR14194862_1.fastq.gz,https://ftp.sra.ebi.ac.uk/vol1/fastq/ERR141/062/ERR14194862/ERR14194862_2.fastq.gz
vmg-2081-ERR14211503,https://ftp.sra.ebi.ac.uk/vol1/fastq/ERR142/003/ERR14211503/ERR14211503_1.fastq.gz,https://ftp.sra.ebi.ac.uk/vol1/fastq/ERR142/003/ERR14211503/ERR14211503_2.fastq.gz
vmg-2082-ERR16731770,https://ftp.sra.ebi.ac.uk/vol1/fastq/ERR167/070/ERR16731770/ERR16731770_1.fastq.gz,https://ftp.sra.ebi.ac.uk/vol1/fastq/ERR167/070/ERR16731770/ERR16731770_2.fastq.gz
vmg-2083-ERR16043355,https://ftp.sra.ebi.ac.uk/vol1/fastq/ERR160/055/ERR16043355/ERR16043355_1.fastq.gz,https://ftp.sra.ebi.ac.uk/vol1/fastq/ERR160/055/ERR16043355/ERR16043355_2.fastq.gz
vmg-2084-ERR11627484,https://ftp.sra.ebi.ac.uk/vol1/fastq/ERR116/084/ERR11627484/ERR11627484_1.fastq.gz,https://ftp.sra.ebi.ac.uk/vol1/fastq/ERR116/084/ERR11627484/ERR11627484_2.fastq.gz
vmg-2085-ERR4503521,https://ftp.sra.ebi.ac.uk/vol1/fastq/ERR450/001/ERR4503521/ERR4503521_1.fastq.gz,https://ftp.sra.ebi.ac.uk/vol1/fastq/ERR450/001/ERR4503521/ERR4503521_2.fastq.gz
vmg-2086-ERR14195316,https://ftp.sra.ebi.ac.uk/vol1/fastq/ERR141/016/ERR14195316/ERR14195316_1.fastq.gz,https://ftp.sra.ebi.ac.uk/vol1/fastq/ERR141/016/ERR14195316/ERR14195316_2.fastq.gz
vmg-2087-ERR14211462,https://ftp.sra.ebi.ac.uk/vol1/fastq/ERR142/062/ERR14211462/ERR14211462_1.fastq.gz,https://ftp.sra.ebi.ac.uk/vol1/fastq/ERR142/062/ERR14211462/ERR14211462_2.fastq.gz
vmg-2088-ERR12556244,https://ftp.sra.ebi.ac.uk/vol1/fastq/ERR125/044/ERR12556244/ERR12556244_1.fastq.gz,https://ftp.sra.ebi.ac.uk/vol1/fastq/ERR125/044/ERR12556244/ERR12556244_2.fastq.gz
vmg-2089-ERR14789100,https://ftp.sra.ebi.ac.uk/vol1/fastq/ERR147/000/ERR14789100/ERR14789100_1.fastq.gz,https://ftp.sra.ebi.ac.uk/vol1/fastq/ERR147/000/ERR14789100/ERR14789100_2.fastq.gz
vmg-2090-ERR2182465,https://ftp.sra.ebi.ac.uk/vol1/fastq/ERR218/005/ERR2182465/ERR2182465_1.fastq.gz,https://ftp.sra.ebi.ac.uk/vol1/fastq/ERR218/005/ERR2182465/ERR2182465_2.fastq.gz
vmg-2091-ERR2608597,https://ftp.sra.ebi.ac.uk/vol1/fastq/ERR260/007/ERR2608597/ERR2608597_1.fastq.gz,https://ftp.sra.ebi.ac.uk/vol1/fastq/ERR260/007/ERR2608597/ERR2608597_2.fastq.gz
vmg-2092-ERR16712347,https://ftp.sra.ebi.ac.uk/vol1/fastq/ERR167/047/ERR16712347/ERR16712347_1.fastq.gz,https://ftp.sra.ebi.ac.uk/vol1/fastq/ERR167/047/ERR16712347/ERR16712347_2.fastq.gz
vmg-2093-ERR16714430,https://ftp.sra.ebi.ac.uk/vol1/fastq/ERR167/030/ERR16714430/ERR16714430_1.fastq.gz,https://ftp.sra.ebi.ac.uk/vol1/fastq/ERR167/030/ERR16714430/ERR16714430_2.fastq.gz
vmg-2094-ERR14195753,https://ftp.sra.ebi.ac.uk/vol1/fastq/ERR141/053/ERR14195753/ERR14195753_1.fastq.gz,https://ftp.sra.ebi.ac.uk/vol1/fastq/ERR141/053/ERR14195753/ERR14195753_2.fastq.gz
vmg-2095-ERR4503271,https://ftp.sra.ebi.ac.uk/vol1/fastq/ERR450/001/ERR4503271/ERR4503271_1.fastq.gz,https://ftp.sra.ebi.ac.uk/vol1/fastq/ERR450/001/ERR4503271/ERR4503271_2.fastq.gz
vmg-2096-ERR12520463,https://ftp.sra.ebi.ac.uk/vol1/fastq/ERR125/063/ERR12520463/ERR12520463_1.fastq.gz,https://ftp.sra.ebi.ac.uk/vol1/fastq/ERR125/063/ERR12520463/ERR12520463_2.fastq.gz
vmg-2097-ERR3955464,https://ftp.sra.ebi.ac.uk/vol1/fastq/ERR395/004/ERR3955464/ERR3955464_1.fastq.gz,https://ftp.sra.ebi.ac.uk/vol1/fastq/ERR395/004/ERR3955464/ERR3955464_2.fastq.gz
vmg-2098-ERR14854180,https://ftp.sra.ebi.ac.uk/vol1/fastq/ERR148/080/ERR14854180/ERR14854180_1.fastq.gz,https://ftp.sra.ebi.ac.uk/vol1/fastq/ERR148/080/ERR14854180/ERR14854180_2.fastq.gz
vmg-2099-ERR2611525,https://ftp.sra.ebi.ac.uk/vol1/fastq/ERR261/005/ERR2611525/ERR2611525_1.fastq.gz,https://ftp.sra.ebi.ac.uk/vol1/fastq/ERR261/005/ERR2611525/ERR2611525_2.fastq.gz
vmg-2100-ERR2608366,https://ftp.sra.ebi.ac.uk/vol1/fastq/ERR260/006/ERR2608366/ERR2608366_1.fastq.gz,https://ftp.sra.ebi.ac.uk/vol1/fastq/ERR260/006/ERR2608366/ERR2608366_2.fastq.gz
vmg-2101-ERR12220615,https://ftp.sra.ebi.ac.uk/vol1/fastq/ERR122/015/ERR12220615/ERR12220615_1.fastq.gz,https://ftp.sra.ebi.ac.uk/vol1/fastq/ERR122/015/ERR12220615/ERR12220615_2.fastq.gz
vmg-2102-ERR3899915,https://ftp.sra.ebi.ac.uk/vol1/fastq/ERR389/005/ERR3899915/ERR3899915_1.fastq.gz,https://ftp.sra.ebi.ac.uk/vol1/fastq/ERR389/005/ERR3899915/ERR3899915_2.fastq.gz
vmg-2103-ERR3726747,https://ftp.sra.ebi.ac.uk/vol1/fastq/ERR372/007/ERR3726747/ERR3726747_1.fastq.gz,https://ftp.sra.ebi.ac.uk/vol1/fastq/ERR372/007/ERR3726747/ERR3726747_2.fastq.gz
vmg-2104-ERR15133829,https://ftp.sra.ebi.ac.uk/vol1/fastq/ERR151/029/ERR15133829/ERR15133829_1.fastq.gz,https://ftp.sra.ebi.ac.uk/vol1/fastq/ERR151/029/ERR15133829/ERR15133829_2.fastq.gz
vmg-2105-ERR10749842,https://ftp.sra.ebi.ac.uk/vol1/fastq/ERR107/042/ERR10749842/ERR10749842_1.fastq.gz,https://ftp.sra.ebi.ac.uk/vol1/fastq/ERR107/042/ERR10749842/ERR10749842_2.fastq.gz
vmg-2106-ERR2608489,https://ftp.sra.ebi.ac.uk/vol1/fastq/ERR260/009/ERR2608489/ERR2608489_1.fastq.gz,https://ftp.sra.ebi.ac.uk/vol1/fastq/ERR260/009/ERR2608489/ERR2608489_2.fastq.gz
vmg-2107-ERR12032983,https://ftp.sra.ebi.ac.uk/vol1/fastq/ERR120/083/ERR12032983/ERR12032983_1.fastq.gz,https://ftp.sra.ebi.ac.uk/vol1/fastq/ERR120/083/ERR12032983/ERR12032983_2.fastq.gz
vmg-2108-ERR12032839,https://ftp.sra.ebi.ac.uk/vol1/fastq/ERR120/039/ERR12032839/ERR12032839_1.fastq.gz,https://ftp.sra.ebi.ac.uk/vol1/fastq/ERR120/039/ERR12032839/ERR12032839_2.fastq.gz
vmg-2109-DRR735336,https://ftp.sra.ebi.ac.uk/vol1/fastq/DRR735/DRR735336/DRR735336_1.fastq.gz,https://ftp.sra.ebi.ac.uk/vol1/fastq/DRR735/DRR735336/DRR735336_2.fastq.gz
vmg-2110-DRR735641,https://ftp.sra.ebi.ac.uk/vol1/fastq/DRR735/DRR735641/DRR735641_1.fastq.gz,https://ftp.sra.ebi.ac.uk/vol1/fastq/DRR735/DRR735641/DRR735641_2.fastq.gz
vmg-2111-ERR14802372,https://ftp.sra.ebi.ac.uk/vol1/fastq/ERR148/072/ERR14802372/ERR14802372_1.fastq.gz,https://ftp.sra.ebi.ac.uk/vol1/fastq/ERR148/072/ERR14802372/ERR14802372_2.fastq.gz
vmg-2112-ERR10898156,https://ftp.sra.ebi.ac.uk/vol1/fastq/ERR108/056/ERR10898156/ERR10898156_1.fastq.gz,https://ftp.sra.ebi.ac.uk/vol1/fastq/ERR108/056/ERR10898156/ERR10898156_2.fastq.gz
vmg-2113-ERR2608485,https://ftp.sra.ebi.ac.uk/vol1/fastq/ERR260/005/ERR2608485/ERR2608485_1.fastq.gz,https://ftp.sra.ebi.ac.uk/vol1/fastq/ERR260/005/ERR2608485/ERR2608485_2.fastq.gz
vmg-2114-ERR14043766,https://ftp.sra.ebi.ac.uk/vol1/fastq/ERR140/066/ERR14043766/ERR14043766_1.fastq.gz,https://ftp.sra.ebi.ac.uk/vol1/fastq/ERR140/066/ERR14043766/ERR14043766_2.fastq.gz
vmg-2115-DRR636942,https://ftp.sra.ebi.ac.uk/vol1/fastq/DRR636/DRR636942/DRR636942_1.fastq.gz,https://ftp.sra.ebi.ac.uk/vol1/fastq/DRR636/DRR636942/DRR636942_2.fastq.gz
vmg-2116-ERR17227713,https://ftp.sra.ebi.ac.uk/vol1/fastq/ERR172/013/ERR17227713/ERR17227713_1.fastq.gz,https://ftp.sra.ebi.ac.uk/vol1/fastq/ERR172/013/ERR17227713/ERR17227713_2.fastq.gz
vmg-2117-ERR16707169,https://ftp.sra.ebi.ac.uk/vol1/fastq/ERR167/069/ERR16707169/ERR16707169_1.fastq.gz,https://ftp.sra.ebi.ac.uk/vol1/fastq/ERR167/069/ERR16707169/ERR16707169_2.fastq.gz
vmg-2118-ERR4502756,https://ftp.sra.ebi.ac.uk/vol1/fastq/ERR450/006/ERR4502756/ERR4502756_1.fastq.gz,https://ftp.sra.ebi.ac.uk/vol1/fastq/ERR450/006/ERR4502756/ERR4502756_2.fastq.gz
vmg-2119-ERR12555058,https://ftp.sra.ebi.ac.uk/vol1/fastq/ERR125/058/ERR12555058/ERR12555058_1.fastq.gz,https://ftp.sra.ebi.ac.uk/vol1/fastq/ERR125/058/ERR12555058/ERR12555058_2.fastq.gz
vmg-2120-ERR13583579,https://ftp.sra.ebi.ac.uk/vol1/fastq/ERR135/079/ERR13583579/ERR13583579_1.fastq.gz,https://ftp.sra.ebi.ac.uk/vol1/fastq/ERR135/079/ERR13583579/ERR13583579_2.fastq.gz
vmg-2121-ERR2608585,https://ftp.sra.ebi.ac.uk/vol1/fastq/ERR260/005/ERR2608585/ERR2608585_1.fastq.gz,https://ftp.sra.ebi.ac.uk/vol1/fastq/ERR260/005/ERR2608585/ERR2608585_2.fastq.gz
vmg-2122-ERR4407603,https://ftp.sra.ebi.ac.uk/vol1/fastq/ERR440/003/ERR4407603/ERR4407603_1.fastq.gz,https://ftp.sra.ebi.ac.uk/vol1/fastq/ERR440/003/ERR4407603/ERR4407603_2.fastq.gz
vmg-2123-ERR15873292,https://ftp.sra.ebi.ac.uk/vol1/fastq/ERR158/092/ERR15873292/ERR15873292_1.fastq.gz,https://ftp.sra.ebi.ac.uk/vol1/fastq/ERR158/092/ERR15873292/ERR15873292_2.fastq.gz
vmg-2124-ERR15667810,https://ftp.sra.ebi.ac.uk/vol1/fastq/ERR156/010/ERR15667810/ERR15667810_1.fastq.gz,https://ftp.sra.ebi.ac.uk/vol1/fastq/ERR156/010/ERR15667810/ERR15667810_2.fastq.gz
vmg-2125-ERR12419504,https://ftp.sra.ebi.ac.uk/vol1/fastq/ERR124/004/ERR12419504/ERR12419504_1.fastq.gz,https://ftp.sra.ebi.ac.uk/vol1/fastq/ERR124/004/ERR12419504/ERR12419504_2.fastq.gz
vmg-2126-ERR10749826,https://ftp.sra.ebi.ac.uk/vol1/fastq/ERR107/026/ERR10749826/ERR10749826_1.fastq.gz,https://ftp.sra.ebi.ac.uk/vol1/fastq/ERR107/026/ERR10749826/ERR10749826_2.fastq.gz
vmg-2127-ERR16998162,https://ftp.sra.ebi.ac.uk/vol1/fastq/ERR169/062/ERR16998162/ERR16998162_1.fastq.gz,https://ftp.sra.ebi.ac.uk/vol1/fastq/ERR169/062/ERR16998162/ERR16998162_2.fastq.gz
vmg-2128-ERR2611629,https://ftp.sra.ebi.ac.uk/vol1/fastq/ERR261/009/ERR2611629/ERR2611629_1.fastq.gz,https://ftp.sra.ebi.ac.uk/vol1/fastq/ERR261/009/ERR2611629/ERR2611629_2.fastq.gz
vmg-2129-ERR14853899,https://ftp.sra.ebi.ac.uk/vol1/fastq/ERR148/099/ERR14853899/ERR14853899_1.fastq.gz,https://ftp.sra.ebi.ac.uk/vol1/fastq/ERR148/099/ERR14853899/ERR14853899_2.fastq.gz
vmg-2130-ERR2169054,https://ftp.sra.ebi.ac.uk/vol1/fastq/ERR216/004/ERR2169054/ERR2169054_1.fastq.gz,https://ftp.sra.ebi.ac.uk/vol1/fastq/ERR216/004/ERR2169054/ERR2169054_2.fastq.gz
vmg-2131-ERR14195324,https://ftp.sra.ebi.ac.uk/vol1/fastq/ERR141/024/ERR14195324/ERR14195324_1.fastq.gz,https://ftp.sra.ebi.ac.uk/vol1/fastq/ERR141/024/ERR14195324/ERR14195324_2.fastq.gz
vmg-2132-ERR14049278,https://ftp.sra.ebi.ac.uk/vol1/fastq/ERR140/078/ERR14049278/ERR14049278_1.fastq.gz,https://ftp.sra.ebi.ac.uk/vol1/fastq/ERR140/078/ERR14049278/ERR14049278_2.fastq.gz
vmg-2133-ERR10683012,https://ftp.sra.ebi.ac.uk/vol1/fastq/ERR106/012/ERR10683012/ERR10683012_1.fastq.gz,https://ftp.sra.ebi.ac.uk/vol1/fastq/ERR106/012/ERR10683012/ERR10683012_2.fastq.gz
vmg-2134-ERR14049337,https://ftp.sra.ebi.ac.uk/vol1/fastq/ERR140/037/ERR14049337/ERR14049337_1.fastq.gz,https://ftp.sra.ebi.ac.uk/vol1/fastq/ERR140/037/ERR14049337/ERR14049337_2.fastq.gz
vmg-2135-DRR735619,https://ftp.sra.ebi.ac.uk/vol1/fastq/DRR735/DRR735619/DRR735619_1.fastq.gz,https://ftp.sra.ebi.ac.uk/vol1/fastq/DRR735/DRR735619/DRR735619_2.fastq.gz
vmg-2136-ERR16714289,https://ftp.sra.ebi.ac.uk/vol1/fastq/ERR167/089/ERR16714289/ERR16714289_1.fastq.gz,https://ftp.sra.ebi.ac.uk/vol1/fastq/ERR167/089/ERR16714289/ERR16714289_2.fastq.gz
vmg-2137-ERR14195287,https://ftp.sra.ebi.ac.uk/vol1/fastq/ERR141/087/ERR14195287/ERR14195287_1.fastq.gz,https://ftp.sra.ebi.ac.uk/vol1/fastq/ERR141/087/ERR14195287/ERR14195287_2.fastq.gz
vmg-2138-ERR14211433,https://ftp.sra.ebi.ac.uk/vol1/fastq/ERR142/033/ERR14211433/ERR14211433_1.fastq.gz,https://ftp.sra.ebi.ac.uk/vol1/fastq/ERR142/033/ERR14211433/ERR14211433_2.fastq.gz
vmg-2139-ERR3969622,https://ftp.sra.ebi.ac.uk/vol1/fastq/ERR396/002/ERR3969622/ERR3969622_1.fastq.gz,https://ftp.sra.ebi.ac.uk/vol1/fastq/ERR396/002/ERR3969622/ERR3969622_2.fastq.gz
vmg-2140-ERR14195679,https://ftp.sra.ebi.ac.uk/vol1/fastq/ERR141/079/ERR14195679/ERR14195679_1.fastq.gz,https://ftp.sra.ebi.ac.uk/vol1/fastq/ERR141/079/ERR14195679/ERR14195679_2.fastq.gz
vmg-2141-ERR11646941,https://ftp.sra.ebi.ac.uk/vol1/fastq/ERR116/041/ERR11646941/ERR11646941_1.fastq.gz,https://ftp.sra.ebi.ac.uk/vol1/fastq/ERR116/041/ERR11646941/ERR11646941_2.fastq.gz
vmg-2142-ERR11894749,https://ftp.sra.ebi.ac.uk/vol1/fastq/ERR118/049/ERR11894749/ERR11894749_1.fastq.gz,https://ftp.sra.ebi.ac.uk/vol1/fastq/ERR118/049/ERR11894749/ERR11894749_2.fastq.gz
vmg-2143-ERR3699682,https://ftp.sra.ebi.ac.uk/vol1/fastq/ERR369/002/ERR3699682/ERR3699682_1.fastq.gz,https://ftp.sra.ebi.ac.uk/vol1/fastq/ERR369/002/ERR3699682/ERR3699682_2.fastq.gz
vmg-2144-DRR636985,https://ftp.sra.ebi.ac.uk/vol1/fastq/DRR636/DRR636985/DRR636985_1.fastq.gz,https://ftp.sra.ebi.ac.uk/vol1/fastq/DRR636/DRR636985/DRR636985_2.fastq.gz
vmg-2145-ERR14854649,https://ftp.sra.ebi.ac.uk/vol1/fastq/ERR148/049/ERR14854649/ERR14854649_1.fastq.gz,https://ftp.sra.ebi.ac.uk/vol1/fastq/ERR148/049/ERR14854649/ERR14854649_2.fastq.gz
vmg-2146-ERR2863457,https://ftp.sra.ebi.ac.uk/vol1/fastq/ERR286/007/ERR2863457/ERR2863457_1.fastq.gz,https://ftp.sra.ebi.ac.uk/vol1/fastq/ERR286/007/ERR2863457/ERR2863457_2.fastq.gz
vmg-2147-ERR2608569,https://ftp.sra.ebi.ac.uk/vol1/fastq/ERR260/009/ERR2608569/ERR2608569_1.fastq.gz,https://ftp.sra.ebi.ac.uk/vol1/fastq/ERR260/009/ERR2608569/ERR2608569_2.fastq.gz
vmg-2148-ERR2747589,https://ftp.sra.ebi.ac.uk/vol1/fastq/ERR274/009/ERR2747589/ERR2747589_1.fastq.gz,https://ftp.sra.ebi.ac.uk/vol1/fastq/ERR274/009/ERR2747589/ERR2747589_2.fastq.gz
vmg-2149-ERR16709990,https://ftp.sra.ebi.ac.uk/vol1/fastq/ERR167/090/ERR16709990/ERR16709990_1.fastq.gz,https://ftp.sra.ebi.ac.uk/vol1/fastq/ERR167/090/ERR16709990/ERR16709990_2.fastq.gz
vmg-2150-ERR2608586,https://ftp.sra.ebi.ac.uk/vol1/fastq/ERR260/006/ERR2608586/ERR2608586_1.fastq.gz,https://ftp.sra.ebi.ac.uk/vol1/fastq/ERR260/006/ERR2608586/ERR2608586_2.fastq.gz
vmg-2151-ERR15114780,https://ftp.sra.ebi.ac.uk/vol1/fastq/ERR151/080/ERR15114780/ERR15114780_1.fastq.gz,https://ftp.sra.ebi.ac.uk/vol1/fastq/ERR151/080/ERR15114780/ERR15114780_2.fastq.gz
vmg-2152-ERR12419461,https://ftp.sra.ebi.ac.uk/vol1/fastq/ERR124/061/ERR12419461/ERR12419461_1.fastq.gz,https://ftp.sra.ebi.ac.uk/vol1/fastq/ERR124/061/ERR12419461/ERR12419461_2.fastq.gz
vmg-2153-ERR11003880,https://ftp.sra.ebi.ac.uk/vol1/fastq/ERR110/080/ERR11003880/ERR11003880_1.fastq.gz,https://ftp.sra.ebi.ac.uk/vol1/fastq/ERR110/080/ERR11003880/ERR11003880_2.fastq.gz
vmg-2154-ERR16979506,https://ftp.sra.ebi.ac.uk/vol1/fastq/ERR169/006/ERR16979506/ERR16979506_1.fastq.gz,https://ftp.sra.ebi.ac.uk/vol1/fastq/ERR169/006/ERR16979506/ERR16979506_2.fastq.gz
vmg-2155-ERR12556328,https://ftp.sra.ebi.ac.uk/vol1/fastq/ERR125/028/ERR12556328/ERR12556328_1.fastq.gz,https://ftp.sra.ebi.ac.uk/vol1/fastq/ERR125/028/ERR12556328/ERR12556328_2.fastq.gz
vmg-2156-ERR15492748,https://ftp.sra.ebi.ac.uk/vol1/fastq/ERR154/048/ERR15492748/ERR15492748_1.fastq.gz,https://ftp.sra.ebi.ac.uk/vol1/fastq/ERR154/048/ERR15492748/ERR15492748_2.fastq.gz
vmg-2157-ERR3955292,https://ftp.sra.ebi.ac.uk/vol1/fastq/ERR395/002/ERR3955292/ERR3955292_1.fastq.gz,https://ftp.sra.ebi.ac.uk/vol1/fastq/ERR395/002/ERR3955292/ERR3955292_2.fastq.gz
vmg-2158-ERR2608445,https://ftp.sra.ebi.ac.uk/vol1/fastq/ERR260/005/ERR2608445/ERR2608445_1.fastq.gz,https://ftp.sra.ebi.ac.uk/vol1/fastq/ERR260/005/ERR2608445/ERR2608445_2.fastq.gz
vmg-2159-ERR12329318,https://ftp.sra.ebi.ac.uk/vol1/fastq/ERR123/018/ERR12329318/ERR12329318_1.fastq.gz,https://ftp.sra.ebi.ac.uk/vol1/fastq/ERR123/018/ERR12329318/ERR12329318_2.fastq.gz
vmg-2160-ERR12308595,https://ftp.sra.ebi.ac.uk/vol1/fastq/ERR123/095/ERR12308595/ERR12308595_1.fastq.gz,https://ftp.sra.ebi.ac.uk/vol1/fastq/ERR123/095/ERR12308595/ERR12308595_2.fastq.gz
vmg-2161-ERR12520615,https://ftp.sra.ebi.ac.uk/vol1/fastq/ERR125/015/ERR12520615/ERR12520615_1.fastq.gz,https://ftp.sra.ebi.ac.uk/vol1/fastq/ERR125/015/ERR12520615/ERR12520615_2.fastq.gz
vmg-2162-ERR10880724,https://ftp.sra.ebi.ac.uk/vol1/fastq/ERR108/024/ERR10880724/ERR10880724_1.fastq.gz,https://ftp.sra.ebi.ac.uk/vol1/fastq/ERR108/024/ERR10880724/ERR10880724_2.fastq.gz
vmg-2163-ERR2244206,https://ftp.sra.ebi.ac.uk/vol1/fastq/ERR224/006/ERR2244206/ERR2244206_1.fastq.gz,https://ftp.sra.ebi.ac.uk/vol1/fastq/ERR224/006/ERR2244206/ERR2244206_2.fastq.gz
vmg-2164-ERR14195633,https://ftp.sra.ebi.ac.uk/vol1/fastq/ERR141/033/ERR14195633/ERR14195633_1.fastq.gz,https://ftp.sra.ebi.ac.uk/vol1/fastq/ERR141/033/ERR14195633/ERR14195633_2.fastq.gz
vmg-2165-ERR2608332,https://ftp.sra.ebi.ac.uk/vol1/fastq/ERR260/002/ERR2608332/ERR2608332_1.fastq.gz,https://ftp.sra.ebi.ac.uk/vol1/fastq/ERR260/002/ERR2608332/ERR2608332_2.fastq.gz
vmg-2166-ERR12555048,https://ftp.sra.ebi.ac.uk/vol1/fastq/ERR125/048/ERR12555048/ERR12555048_1.fastq.gz,https://ftp.sra.ebi.ac.uk/vol1/fastq/ERR125/048/ERR12555048/ERR12555048_2.fastq.gz
vmg-2167-ERR14946118,https://ftp.sra.ebi.ac.uk/vol1/fastq/ERR149/018/ERR14946118/ERR14946118_1.fastq.gz,https://ftp.sra.ebi.ac.uk/vol1/fastq/ERR149/018/ERR14946118/ERR14946118_2.fastq.gz
vmg-2168-DRR735441,https://ftp.sra.ebi.ac.uk/vol1/fastq/DRR735/DRR735441/DRR735441_1.fastq.gz,https://ftp.sra.ebi.ac.uk/vol1/fastq/DRR735/DRR735441/DRR735441_2.fastq.gz
vmg-2169-ERR12556331,https://ftp.sra.ebi.ac.uk/vol1/fastq/ERR125/031/ERR12556331/ERR12556331_1.fastq.gz,https://ftp.sra.ebi.ac.uk/vol1/fastq/ERR125/031/ERR12556331/ERR12556331_2.fastq.gz
vmg-2170-ERR12828468,https://ftp.sra.ebi.ac.uk/vol1/fastq/ERR128/068/ERR12828468/ERR12828468_1.fastq.gz,https://ftp.sra.ebi.ac.uk/vol1/fastq/ERR128/068/ERR12828468/ERR12828468_2.fastq.gz
vmg-2171-ERR2863527,https://ftp.sra.ebi.ac.uk/vol1/fastq/ERR286/007/ERR2863527/ERR2863527_1.fastq.gz,https://ftp.sra.ebi.ac.uk/vol1/fastq/ERR286/007/ERR2863527/ERR2863527_2.fastq.gz
vmg-2172-ERR3970948,https://ftp.sra.ebi.ac.uk/vol1/fastq/ERR397/008/ERR3970948/ERR3970948_1.fastq.gz,https://ftp.sra.ebi.ac.uk/vol1/fastq/ERR397/008/ERR3970948/ERR3970948_2.fastq.gz
vmg-2173-ERR10897590,https://ftp.sra.ebi.ac.uk/vol1/fastq/ERR108/090/ERR10897590/ERR10897590_1.fastq.gz,https://ftp.sra.ebi.ac.uk/vol1/fastq/ERR108/090/ERR10897590/ERR10897590_2.fastq.gz
vmg-2174-ERR12889264,https://ftp.sra.ebi.ac.uk/vol1/fastq/ERR128/064/ERR12889264/ERR12889264_1.fastq.gz,https://ftp.sra.ebi.ac.uk/vol1/fastq/ERR128/064/ERR12889264/ERR12889264_2.fastq.gz
vmg-2175-ERR12218430,https://ftp.sra.ebi.ac.uk/vol1/fastq/ERR122/030/ERR12218430/ERR12218430_1.fastq.gz,https://ftp.sra.ebi.ac.uk/vol1/fastq/ERR122/030/ERR12218430/ERR12218430_2.fastq.gz
vmg-2176-ERR14853771,https://ftp.sra.ebi.ac.uk/vol1/fastq/ERR148/071/ERR14853771/ERR14853771_1.fastq.gz,https://ftp.sra.ebi.ac.uk/vol1/fastq/ERR148/071/ERR14853771/ERR14853771_2.fastq.gz
vmg-2177-ERR12520597,https://ftp.sra.ebi.ac.uk/vol1/fastq/ERR125/097/ERR12520597/ERR12520597_1.fastq.gz,https://ftp.sra.ebi.ac.uk/vol1/fastq/ERR125/097/ERR12520597/ERR12520597_2.fastq.gz
vmg-2178-ERR16711364,https://ftp.sra.ebi.ac.uk/vol1/fastq/ERR167/064/ERR16711364/ERR16711364_1.fastq.gz,https://ftp.sra.ebi.ac.uk/vol1/fastq/ERR167/064/ERR16711364/ERR16711364_2.fastq.gz
vmg-2179-ERR14195251,https://ftp.sra.ebi.ac.uk/vol1/fastq/ERR141/051/ERR14195251/ERR14195251_1.fastq.gz,https://ftp.sra.ebi.ac.uk/vol1/fastq/ERR141/051/ERR14195251/ERR14195251_2.fastq.gz
vmg-2180-ERR14044064,https://ftp.sra.ebi.ac.uk/vol1/fastq/ERR140/064/ERR14044064/ERR14044064_1.fastq.gz,https://ftp.sra.ebi.ac.uk/vol1/fastq/ERR140/064/ERR14044064/ERR14044064_2.fastq.gz
vmg-2181-ERR12556561,https://ftp.sra.ebi.ac.uk/vol1/fastq/ERR125/061/ERR12556561/ERR12556561_1.fastq.gz,https://ftp.sra.ebi.ac.uk/vol1/fastq/ERR125/061/ERR12556561/ERR12556561_2.fastq.gz
vmg-2182-ERR14210962,https://ftp.sra.ebi.ac.uk/vol1/fastq/ERR142/062/ERR14210962/ERR14210962_1.fastq.gz,https://ftp.sra.ebi.ac.uk/vol1/fastq/ERR142/062/ERR14210962/ERR14210962_2.fastq.gz
vmg-2183-ERR14194821,https://ftp.sra.ebi.ac.uk/vol1/fastq/ERR141/021/ERR14194821/ERR14194821_1.fastq.gz,https://ftp.sra.ebi.ac.uk/vol1/fastq/ERR141/021/ERR14194821/ERR14194821_2.fastq.gz
vmg-2184-ERR14210967,https://ftp.sra.ebi.ac.uk/vol1/fastq/ERR142/067/ERR14210967/ERR14210967_1.fastq.gz,https://ftp.sra.ebi.ac.uk/vol1/fastq/ERR142/067/ERR14210967/ERR14210967_2.fastq.gz
vmg-2185-ERR3955860,https://ftp.sra.ebi.ac.uk/vol1/fastq/ERR395/000/ERR3955860/ERR3955860_1.fastq.gz,https://ftp.sra.ebi.ac.uk/vol1/fastq/ERR395/000/ERR3955860/ERR3955860_2.fastq.gz
vmg-2186-ERR14049284,https://ftp.sra.ebi.ac.uk/vol1/fastq/ERR140/084/ERR14049284/ERR14049284_1.fastq.gz,https://ftp.sra.ebi.ac.uk/vol1/fastq/ERR140/084/ERR14049284/ERR14049284_2.fastq.gz
vmg-2187-ERR14789164,https://ftp.sra.ebi.ac.uk/vol1/fastq/ERR147/064/ERR14789164/ERR14789164_1.fastq.gz,https://ftp.sra.ebi.ac.uk/vol1/fastq/ERR147/064/ERR14789164/ERR14789164_2.fastq.gz
vmg-2188-ERR13911320,https://ftp.sra.ebi.ac.uk/vol1/fastq/ERR139/020/ERR13911320/ERR13911320_1.fastq.gz,https://ftp.sra.ebi.ac.uk/vol1/fastq/ERR139/020/ERR13911320/ERR13911320_2.fastq.gz
vmg-2189-ERR2608549,https://ftp.sra.ebi.ac.uk/vol1/fastq/ERR260/009/ERR2608549/ERR2608549_1.fastq.gz,https://ftp.sra.ebi.ac.uk/vol1/fastq/ERR260/009/ERR2608549/ERR2608549_2.fastq.gz
vmg-2190-ERR14788904,https://ftp.sra.ebi.ac.uk/vol1/fastq/ERR147/004/ERR14788904/ERR14788904_1.fastq.gz,https://ftp.sra.ebi.ac.uk/vol1/fastq/ERR147/004/ERR14788904/ERR14788904_2.fastq.gz
vmg-2191-ERR2580708,https://ftp.sra.ebi.ac.uk/vol1/fastq/ERR258/008/ERR2580708/ERR2580708_1.fastq.gz,https://ftp.sra.ebi.ac.uk/vol1/fastq/ERR258/008/ERR2580708/ERR2580708_2.fastq.gz
vmg-2192-ERR3955160,https://ftp.sra.ebi.ac.uk/vol1/fastq/ERR395/000/ERR3955160/ERR3955160_1.fastq.gz,https://ftp.sra.ebi.ac.uk/vol1/fastq/ERR395/000/ERR3955160/ERR3955160_2.fastq.gz
vmg-2193-ERR2182483,https://ftp.sra.ebi.ac.uk/vol1/fastq/ERR218/003/ERR2182483/ERR2182483_1.fastq.gz,https://ftp.sra.ebi.ac.uk/vol1/fastq/ERR218/003/ERR2182483/ERR2182483_2.fastq.gz
vmg-2194-ERR14211424,https://ftp.sra.ebi.ac.uk/vol1/fastq/ERR142/024/ERR14211424/ERR14211424_1.fastq.gz,https://ftp.sra.ebi.ac.uk/vol1/fastq/ERR142/024/ERR14211424/ERR14211424_2.fastq.gz
vmg-2195-DRR317885,https://ftp.sra.ebi.ac.uk/vol1/fastq/DRR317/DRR317885/DRR317885_1.fastq.gz,https://ftp.sra.ebi.ac.uk/vol1/fastq/DRR317/DRR317885/DRR317885_2.fastq.gz
vmg-2196-ERR3769584,https://ftp.sra.ebi.ac.uk/vol1/fastq/ERR376/004/ERR3769584/ERR3769584_1.fastq.gz,https://ftp.sra.ebi.ac.uk/vol1/fastq/ERR376/004/ERR3769584/ERR3769584_2.fastq.gz
vmg-2197-ERR14195589,https://ftp.sra.ebi.ac.uk/vol1/fastq/ERR141/089/ERR14195589/ERR14195589_1.fastq.gz,https://ftp.sra.ebi.ac.uk/vol1/fastq/ERR141/089/ERR14195589/ERR14195589_2.fastq.gz
vmg-2198-ERR16023496,https://ftp.sra.ebi.ac.uk/vol1/fastq/ERR160/096/ERR16023496/ERR16023496_1.fastq.gz,https://ftp.sra.ebi.ac.uk/vol1/fastq/ERR160/096/ERR16023496/ERR16023496_2.fastq.gz
vmg-2199-ERR14211714,https://ftp.sra.ebi.ac.uk/vol1/fastq/ERR142/014/ERR14211714/ERR14211714_1.fastq.gz,https://ftp.sra.ebi.ac.uk/vol1/fastq/ERR142/014/ERR14211714/ERR14211714_2.fastq.gz
vmg-2200-DRR774173,https://ftp.sra.ebi.ac.uk/vol1/fastq/DRR774/DRR774173/DRR774173_1.fastq.gz,https://ftp.sra.ebi.ac.uk/vol1/fastq/DRR774/DRR774173/DRR774173_2.fastq.gz
vmg-2201-ERR2608326,https://ftp.sra.ebi.ac.uk/vol1/fastq/ERR260/006/ERR2608326/ERR2608326_1.fastq.gz,https://ftp.sra.ebi.ac.uk/vol1/fastq/ERR260/006/ERR2608326/ERR2608326_2.fastq.gz
vmg-2202-ERR2608194,https://ftp.sra.ebi.ac.uk/vol1/fastq/ERR260/004/ERR2608194/ERR2608194_1.fastq.gz,https://ftp.sra.ebi.ac.uk/vol1/fastq/ERR260/004/ERR2608194/ERR2608194_2.fastq.gz
vmg-2203-ERR2608191,https://ftp.sra.ebi.ac.uk/vol1/fastq/ERR260/001/ERR2608191/ERR2608191_1.fastq.gz,https://ftp.sra.ebi.ac.uk/vol1/fastq/ERR260/001/ERR2608191/ERR2608191_2.fastq.gz
vmg-2204-ERR13583526,https://ftp.sra.ebi.ac.uk/vol1/fastq/ERR135/026/ERR13583526/ERR13583526_1.fastq.gz,https://ftp.sra.ebi.ac.uk/vol1/fastq/ERR135/026/ERR13583526/ERR13583526_2.fastq.gz
vmg-2205-DRR636931,https://ftp.sra.ebi.ac.uk/vol1/fastq/DRR636/DRR636931/DRR636931_1.fastq.gz,https://ftp.sra.ebi.ac.uk/vol1/fastq/DRR636/DRR636931/DRR636931_2.fastq.gz
vmg-2206-ERR12556590,https://ftp.sra.ebi.ac.uk/vol1/fastq/ERR125/090/ERR12556590/ERR12556590_1.fastq.gz,https://ftp.sra.ebi.ac.uk/vol1/fastq/ERR125/090/ERR12556590/ERR12556590_2.fastq.gz
vmg-2207-ERR14061352,https://ftp.sra.ebi.ac.uk/vol1/fastq/ERR140/052/ERR14061352/ERR14061352_1.fastq.gz,https://ftp.sra.ebi.ac.uk/vol1/fastq/ERR140/052/ERR14061352/ERR14061352_2.fastq.gz
vmg-2208-ERR11489833,https://ftp.sra.ebi.ac.uk/vol1/fastq/ERR114/033/ERR11489833/ERR11489833_1.fastq.gz,https://ftp.sra.ebi.ac.uk/vol1/fastq/ERR114/033/ERR11489833/ERR11489833_2.fastq.gz
vmg-2209-ERR2608411,https://ftp.sra.ebi.ac.uk/vol1/fastq/ERR260/001/ERR2608411/ERR2608411_1.fastq.gz,https://ftp.sra.ebi.ac.uk/vol1/fastq/ERR260/001/ERR2608411/ERR2608411_2.fastq.gz
vmg-2210-ERR12329274,https://ftp.sra.ebi.ac.uk/vol1/fastq/ERR123/074/ERR12329274/ERR12329274_1.fastq.gz,https://ftp.sra.ebi.ac.uk/vol1/fastq/ERR123/074/ERR12329274/ERR12329274_2.fastq.gz
vmg-2211-ERR12032898,https://ftp.sra.ebi.ac.uk/vol1/fastq/ERR120/098/ERR12032898/ERR12032898_1.fastq.gz,https://ftp.sra.ebi.ac.uk/vol1/fastq/ERR120/098/ERR12032898/ERR12032898_2.fastq.gz
vmg-2212-ERR4407709,https://ftp.sra.ebi.ac.uk/vol1/fastq/ERR440/009/ERR4407709/ERR4407709_1.fastq.gz,https://ftp.sra.ebi.ac.uk/vol1/fastq/ERR440/009/ERR4407709/ERR4407709_2.fastq.gz
vmg-2213-ERR10207012,https://ftp.sra.ebi.ac.uk/vol1/fastq/ERR102/012/ERR10207012/ERR10207012_1.fastq.gz,https://ftp.sra.ebi.ac.uk/vol1/fastq/ERR102/012/ERR10207012/ERR10207012_2.fastq.gz
vmg-2214-ERR12308553,https://ftp.sra.ebi.ac.uk/vol1/fastq/ERR123/053/ERR12308553/ERR12308553_1.fastq.gz,https://ftp.sra.ebi.ac.uk/vol1/fastq/ERR123/053/ERR12308553/ERR12308553_2.fastq.gz
vmg-2215-ERR16724762,https://ftp.sra.ebi.ac.uk/vol1/fastq/ERR167/062/ERR16724762/ERR16724762_1.fastq.gz,https://ftp.sra.ebi.ac.uk/vol1/fastq/ERR167/062/ERR16724762/ERR16724762_2.fastq.gz
vmg-2216-ERR14853617,https://ftp.sra.ebi.ac.uk/vol1/fastq/ERR148/017/ERR14853617/ERR14853617_1.fastq.gz,https://ftp.sra.ebi.ac.uk/vol1/fastq/ERR148/017/ERR14853617/ERR14853617_2.fastq.gz
vmg-2217-ERR3726483,https://ftp.sra.ebi.ac.uk/vol1/fastq/ERR372/003/ERR3726483/ERR3726483_1.fastq.gz,https://ftp.sra.ebi.ac.uk/vol1/fastq/ERR372/003/ERR3726483/ERR3726483_2.fastq.gz
vmg-2218-ERR17072038,https://ftp.sra.ebi.ac.uk/vol1/fastq/ERR170/038/ERR17072038/ERR17072038_1.fastq.gz,https://ftp.sra.ebi.ac.uk/vol1/fastq/ERR170/038/ERR17072038/ERR17072038_2.fastq.gz
vmg-2219-ERR11831247,https://ftp.sra.ebi.ac.uk/vol1/fastq/ERR118/047/ERR11831247/ERR11831247_1.fastq.gz,https://ftp.sra.ebi.ac.uk/vol1/fastq/ERR118/047/ERR11831247/ERR11831247_2.fastq.gz
vmg-2220-ERR12556558,https://ftp.sra.ebi.ac.uk/vol1/fastq/ERR125/058/ERR12556558/ERR12556558_1.fastq.gz,https://ftp.sra.ebi.ac.uk/vol1/fastq/ERR125/058/ERR12556558/ERR12556558_2.fastq.gz
vmg-2221-ERR14801660,https://ftp.sra.ebi.ac.uk/vol1/fastq/ERR148/060/ERR14801660/ERR14801660_1.fastq.gz,https://ftp.sra.ebi.ac.uk/vol1/fastq/ERR148/060/ERR14801660/ERR14801660_2.fastq.gz
vmg-2222-ERR12032955,https://ftp.sra.ebi.ac.uk/vol1/fastq/ERR120/055/ERR12032955/ERR12032955_1.fastq.gz,https://ftp.sra.ebi.ac.uk/vol1/fastq/ERR120/055/ERR12032955/ERR12032955_2.fastq.gz
vmg-2223-ERR14194843,https://ftp.sra.ebi.ac.uk/vol1/fastq/ERR141/043/ERR14194843/ERR14194843_1.fastq.gz,https://ftp.sra.ebi.ac.uk/vol1/fastq/ERR141/043/ERR14194843/ERR14194843_2.fastq.gz
vmg-2224-ERR14194765,https://ftp.sra.ebi.ac.uk/vol1/fastq/ERR141/065/ERR14194765/ERR14194765_1.fastq.gz,https://ftp.sra.ebi.ac.uk/vol1/fastq/ERR141/065/ERR14194765/ERR14194765_2.fastq.gz
vmg-2225-ERR11448197,https://ftp.sra.ebi.ac.uk/vol1/fastq/ERR114/097/ERR11448197/ERR11448197_1.fastq.gz,https://ftp.sra.ebi.ac.uk/vol1/fastq/ERR114/097/ERR11448197/ERR11448197_2.fastq.gz
vmg-2226-ERR16713580,https://ftp.sra.ebi.ac.uk/vol1/fastq/ERR167/080/ERR16713580/ERR16713580_1.fastq.gz,https://ftp.sra.ebi.ac.uk/vol1/fastq/ERR167/080/ERR16713580/ERR16713580_2.fastq.gz
vmg-2227-ERR14802778,https://ftp.sra.ebi.ac.uk/vol1/fastq/ERR148/078/ERR14802778/ERR14802778_1.fastq.gz,https://ftp.sra.ebi.ac.uk/vol1/fastq/ERR148/078/ERR14802778/ERR14802778_2.fastq.gz
vmg-2228-ERR4503369,https://ftp.sra.ebi.ac.uk/vol1/fastq/ERR450/009/ERR4503369/ERR4503369_1.fastq.gz,https://ftp.sra.ebi.ac.uk/vol1/fastq/ERR450/009/ERR4503369/ERR4503369_2.fastq.gz
vmg-2229-ERR14211332,https://ftp.sra.ebi.ac.uk/vol1/fastq/ERR142/032/ERR14211332/ERR14211332_1.fastq.gz,https://ftp.sra.ebi.ac.uk/vol1/fastq/ERR142/032/ERR14211332/ERR14211332_2.fastq.gz
vmg-2230-ERR11489391,https://ftp.sra.ebi.ac.uk/vol1/fastq/ERR114/091/ERR11489391/ERR11489391_1.fastq.gz,https://ftp.sra.ebi.ac.uk/vol1/fastq/ERR114/091/ERR11489391/ERR11489391_2.fastq.gz
vmg-2231-ERR11894782,https://ftp.sra.ebi.ac.uk/vol1/fastq/ERR118/082/ERR11894782/ERR11894782_1.fastq.gz,https://ftp.sra.ebi.ac.uk/vol1/fastq/ERR118/082/ERR11894782/ERR11894782_2.fastq.gz
vmg-2232-ERR11003922,https://ftp.sra.ebi.ac.uk/vol1/fastq/ERR110/022/ERR11003922/ERR11003922_1.fastq.gz,https://ftp.sra.ebi.ac.uk/vol1/fastq/ERR110/022/ERR11003922/ERR11003922_2.fastq.gz
vmg-2233-ERR3670907,https://ftp.sra.ebi.ac.uk/vol1/fastq/ERR367/007/ERR3670907/ERR3670907_1.fastq.gz,https://ftp.sra.ebi.ac.uk/vol1/fastq/ERR367/007/ERR3670907/ERR3670907_2.fastq.gz
vmg-2234-ERR10682990,https://ftp.sra.ebi.ac.uk/vol1/fastq/ERR106/090/ERR10682990/ERR10682990_1.fastq.gz,https://ftp.sra.ebi.ac.uk/vol1/fastq/ERR106/090/ERR10682990/ERR10682990_2.fastq.gz
vmg-2235-ERR10897583,https://ftp.sra.ebi.ac.uk/vol1/fastq/ERR108/083/ERR10897583/ERR10897583_1.fastq.gz,https://ftp.sra.ebi.ac.uk/vol1/fastq/ERR108/083/ERR10897583/ERR10897583_2.fastq.gz
vmg-2236-ERR14066766,https://ftp.sra.ebi.ac.uk/vol1/fastq/ERR140/066/ERR14066766/ERR14066766_1.fastq.gz,https://ftp.sra.ebi.ac.uk/vol1/fastq/ERR140/066/ERR14066766/ERR14066766_2.fastq.gz
vmg-2237-ERR14789030,https://ftp.sra.ebi.ac.uk/vol1/fastq/ERR147/030/ERR14789030/ERR14789030_1.fastq.gz,https://ftp.sra.ebi.ac.uk/vol1/fastq/ERR147/030/ERR14789030/ERR14789030_2.fastq.gz
vmg-2238-ERR11489494,https://ftp.sra.ebi.ac.uk/vol1/fastq/ERR114/094/ERR11489494/ERR11489494_1.fastq.gz,https://ftp.sra.ebi.ac.uk/vol1/fastq/ERR114/094/ERR11489494/ERR11489494_2.fastq.gz
vmg-2239-ERR14211670,https://ftp.sra.ebi.ac.uk/vol1/fastq/ERR142/070/ERR14211670/ERR14211670_1.fastq.gz,https://ftp.sra.ebi.ac.uk/vol1/fastq/ERR142/070/ERR14211670/ERR14211670_2.fastq.gz
vmg-2240-ERR14801531,https://ftp.sra.ebi.ac.uk/vol1/fastq/ERR148/031/ERR14801531/ERR14801531_1.fastq.gz,https://ftp.sra.ebi.ac.uk/vol1/fastq/ERR148/031/ERR14801531/ERR14801531_2.fastq.gz
vmg-2241-ERR2747559,https://ftp.sra.ebi.ac.uk/vol1/fastq/ERR274/009/ERR2747559/ERR2747559_1.fastq.gz,https://ftp.sra.ebi.ac.uk/vol1/fastq/ERR274/009/ERR2747559/ERR2747559_2.fastq.gz
vmg-2242-ERR14953622,https://ftp.sra.ebi.ac.uk/vol1/fastq/ERR149/022/ERR14953622/ERR14953622_1.fastq.gz,https://ftp.sra.ebi.ac.uk/vol1/fastq/ERR149/022/ERR14953622/ERR14953622_2.fastq.gz
vmg-2243-ERR10749576,https://ftp.sra.ebi.ac.uk/vol1/fastq/ERR107/076/ERR10749576/ERR10749576_1.fastq.gz,https://ftp.sra.ebi.ac.uk/vol1/fastq/ERR107/076/ERR10749576/ERR10749576_2.fastq.gz
vmg-2244-ERR16908482,https://ftp.sra.ebi.ac.uk/vol1/fastq/ERR169/082/ERR16908482/ERR16908482_1.fastq.gz,https://ftp.sra.ebi.ac.uk/vol1/fastq/ERR169/082/ERR16908482/ERR16908482_2.fastq.gz
vmg-2245-ERR11627467,https://ftp.sra.ebi.ac.uk/vol1/fastq/ERR116/067/ERR11627467/ERR11627467_1.fastq.gz,https://ftp.sra.ebi.ac.uk/vol1/fastq/ERR116/067/ERR11627467/ERR11627467_2.fastq.gz
vmg-2246-ERR2011839,https://ftp.sra.ebi.ac.uk/vol1/fastq/ERR201/009/ERR2011839/ERR2011839_1.fastq.gz,https://ftp.sra.ebi.ac.uk/vol1/fastq/ERR201/009/ERR2011839/ERR2011839_2.fastq.gz
vmg-2247-ERR16713666,https://ftp.sra.ebi.ac.uk/vol1/fastq/ERR167/066/ERR16713666/ERR16713666_1.fastq.gz,https://ftp.sra.ebi.ac.uk/vol1/fastq/ERR167/066/ERR16713666/ERR16713666_2.fastq.gz
vmg-2248-ERR12520342,https://ftp.sra.ebi.ac.uk/vol1/fastq/ERR125/042/ERR12520342/ERR12520342_1.fastq.gz,https://ftp.sra.ebi.ac.uk/vol1/fastq/ERR125/042/ERR12520342/ERR12520342_2.fastq.gz
vmg-2249-ERR3726502,https://ftp.sra.ebi.ac.uk/vol1/fastq/ERR372/002/ERR3726502/ERR3726502_1.fastq.gz,https://ftp.sra.ebi.ac.uk/vol1/fastq/ERR372/002/ERR3726502/ERR3726502_2.fastq.gz
vmg-2250-ERR10749803,https://ftp.sra.ebi.ac.uk/vol1/fastq/ERR107/003/ERR10749803/ERR10749803_1.fastq.gz,https://ftp.sra.ebi.ac.uk/vol1/fastq/ERR107/003/ERR10749803/ERR10749803_2.fastq.gz
vmg-2251-ERR13718829,https://ftp.sra.ebi.ac.uk/vol1/fastq/ERR137/029/ERR13718829/ERR13718829_1.fastq.gz,https://ftp.sra.ebi.ac.uk/vol1/fastq/ERR137/029/ERR13718829/ERR13718829_2.fastq.gz
vmg-2252-ERR3955478,https://ftp.sra.ebi.ac.uk/vol1/fastq/ERR395/008/ERR3955478/ERR3955478_1.fastq.gz,https://ftp.sra.ebi.ac.uk/vol1/fastq/ERR395/008/ERR3955478/ERR3955478_2.fastq.gz
vmg-2253-ERR12419480,https://ftp.sra.ebi.ac.uk/vol1/fastq/ERR124/080/ERR12419480/ERR12419480_1.fastq.gz,https://ftp.sra.ebi.ac.uk/vol1/fastq/ERR124/080/ERR12419480/ERR12419480_2.fastq.gz
vmg-2254-ERR12556250,https://ftp.sra.ebi.ac.uk/vol1/fastq/ERR125/050/ERR12556250/ERR12556250_1.fastq.gz,https://ftp.sra.ebi.ac.uk/vol1/fastq/ERR125/050/ERR12556250/ERR12556250_2.fastq.gz
vmg-2255-ERR14953640,https://ftp.sra.ebi.ac.uk/vol1/fastq/ERR149/040/ERR14953640/ERR14953640_1.fastq.gz,https://ftp.sra.ebi.ac.uk/vol1/fastq/ERR149/040/ERR14953640/ERR14953640_2.fastq.gz
vmg-2256-ERR3969587,https://ftp.sra.ebi.ac.uk/vol1/fastq/ERR396/007/ERR3969587/ERR3969587_1.fastq.gz,https://ftp.sra.ebi.ac.uk/vol1/fastq/ERR396/007/ERR3969587/ERR3969587_2.fastq.gz
vmg-2257-ERR14789422,https://ftp.sra.ebi.ac.uk/vol1/fastq/ERR147/022/ERR14789422/ERR14789422_1.fastq.gz,https://ftp.sra.ebi.ac.uk/vol1/fastq/ERR147/022/ERR14789422/ERR14789422_2.fastq.gz
vmg-2258-ERR12308578,https://ftp.sra.ebi.ac.uk/vol1/fastq/ERR123/078/ERR12308578/ERR12308578_1.fastq.gz,https://ftp.sra.ebi.ac.uk/vol1/fastq/ERR123/078/ERR12308578/ERR12308578_2.fastq.gz
vmg-2259-ERR2608285,https://ftp.sra.ebi.ac.uk/vol1/fastq/ERR260/005/ERR2608285/ERR2608285_1.fastq.gz,https://ftp.sra.ebi.ac.uk/vol1/fastq/ERR260/005/ERR2608285/ERR2608285_2.fastq.gz
vmg-2260-ERR14946274,https://ftp.sra.ebi.ac.uk/vol1/fastq/ERR149/074/ERR14946274/ERR14946274_1.fastq.gz,https://ftp.sra.ebi.ac.uk/vol1/fastq/ERR149/074/ERR14946274/ERR14946274_2.fastq.gz
vmg-2261-ERR3899881,https://ftp.sra.ebi.ac.uk/vol1/fastq/ERR389/001/ERR3899881/ERR3899881_1.fastq.gz,https://ftp.sra.ebi.ac.uk/vol1/fastq/ERR389/001/ERR3899881/ERR3899881_2.fastq.gz
vmg-2262-ERR14195338,https://ftp.sra.ebi.ac.uk/vol1/fastq/ERR141/038/ERR14195338/ERR14195338_1.fastq.gz,https://ftp.sra.ebi.ac.uk/vol1/fastq/ERR141/038/ERR14195338/ERR14195338_2.fastq.gz
vmg-2263-ERR14211484,https://ftp.sra.ebi.ac.uk/vol1/fastq/ERR142/084/ERR14211484/ERR14211484_1.fastq.gz,https://ftp.sra.ebi.ac.uk/vol1/fastq/ERR142/084/ERR14211484/ERR14211484_2.fastq.gz
vmg-2264-ERR3682702,https://ftp.sra.ebi.ac.uk/vol1/fastq/ERR368/002/ERR3682702/ERR3682702_1.fastq.gz,https://ftp.sra.ebi.ac.uk/vol1/fastq/ERR368/002/ERR3682702/ERR3682702_2.fastq.gz
vmg-2265-ERR3061631,https://ftp.sra.ebi.ac.uk/vol1/fastq/ERR306/001/ERR3061631/ERR3061631_1.fastq.gz,https://ftp.sra.ebi.ac.uk/vol1/fastq/ERR306/001/ERR3061631/ERR3061631_2.fastq.gz
vmg-2266-ERR14789138,https://ftp.sra.ebi.ac.uk/vol1/fastq/ERR147/038/ERR14789138/ERR14789138_1.fastq.gz,https://ftp.sra.ebi.ac.uk/vol1/fastq/ERR147/038/ERR14789138/ERR14789138_2.fastq.gz
vmg-2267-ERR3061586,https://ftp.sra.ebi.ac.uk/vol1/fastq/ERR306/006/ERR3061586/ERR3061586_1.fastq.gz,https://ftp.sra.ebi.ac.uk/vol1/fastq/ERR306/006/ERR3061586/ERR3061586_2.fastq.gz
vmg-2268-ERR12555094,https://ftp.sra.ebi.ac.uk/vol1/fastq/ERR125/094/ERR12555094/ERR12555094_1.fastq.gz,https://ftp.sra.ebi.ac.uk/vol1/fastq/ERR125/094/ERR12555094/ERR12555094_2.fastq.gz
vmg-2269-ERR14195645,https://ftp.sra.ebi.ac.uk/vol1/fastq/ERR141/045/ERR14195645/ERR14195645_1.fastq.gz,https://ftp.sra.ebi.ac.uk/vol1/fastq/ERR141/045/ERR14195645/ERR14195645_2.fastq.gz
vmg-2270-ERR2863554,https://ftp.sra.ebi.ac.uk/vol1/fastq/ERR286/004/ERR2863554/ERR2863554_1.fastq.gz,https://ftp.sra.ebi.ac.uk/vol1/fastq/ERR286/004/ERR2863554/ERR2863554_2.fastq.gz
vmg-2271-ERR14946294,https://ftp.sra.ebi.ac.uk/vol1/fastq/ERR149/094/ERR14946294/ERR14946294_1.fastq.gz,https://ftp.sra.ebi.ac.uk/vol1/fastq/ERR149/094/ERR14946294/ERR14946294_2.fastq.gz
vmg-2272-ERR12556559,https://ftp.sra.ebi.ac.uk/vol1/fastq/ERR125/059/ERR12556559/ERR12556559_1.fastq.gz,https://ftp.sra.ebi.ac.uk/vol1/fastq/ERR125/059/ERR12556559/ERR12556559_2.fastq.gz
vmg-2273-ERR13392164,https://ftp.sra.ebi.ac.uk/vol1/fastq/ERR133/064/ERR13392164/ERR13392164_1.fastq.gz,https://ftp.sra.ebi.ac.uk/vol1/fastq/ERR133/064/ERR13392164/ERR13392164_2.fastq.gz
vmg-2274-ERR13230416,https://ftp.sra.ebi.ac.uk/vol1/fastq/ERR132/016/ERR13230416/ERR13230416_1.fastq.gz,https://ftp.sra.ebi.ac.uk/vol1/fastq/ERR132/016/ERR13230416/ERR13230416_2.fastq.gz
vmg-2275-ERR3832214,https://ftp.sra.ebi.ac.uk/vol1/fastq/ERR383/004/ERR3832214/ERR3832214_1.fastq.gz,https://ftp.sra.ebi.ac.uk/vol1/fastq/ERR383/004/ERR3832214/ERR3832214_2.fastq.gz
vmg-2276-ERR10880658,https://ftp.sra.ebi.ac.uk/vol1/fastq/ERR108/058/ERR10880658/ERR10880658_1.fastq.gz,https://ftp.sra.ebi.ac.uk/vol1/fastq/ERR108/058/ERR10880658/ERR10880658_2.fastq.gz
vmg-2277-ERR16712932,https://ftp.sra.ebi.ac.uk/vol1/fastq/ERR167/032/ERR16712932/ERR16712932_1.fastq.gz,https://ftp.sra.ebi.ac.uk/vol1/fastq/ERR167/032/ERR16712932/ERR16712932_2.fastq.gz
vmg-2278-ERR11627419,https://ftp.sra.ebi.ac.uk/vol1/fastq/ERR116/019/ERR11627419/ERR11627419_1.fastq.gz,https://ftp.sra.ebi.ac.uk/vol1/fastq/ERR116/019/ERR11627419/ERR11627419_2.fastq.gz
vmg-2279-ERR12308561,https://ftp.sra.ebi.ac.uk/vol1/fastq/ERR123/061/ERR12308561/ERR12308561_1.fastq.gz,https://ftp.sra.ebi.ac.uk/vol1/fastq/ERR123/061/ERR12308561/ERR12308561_2.fastq.gz
vmg-2280-ERR10744205,https://ftp.sra.ebi.ac.uk/vol1/fastq/ERR107/005/ERR10744205/ERR10744205_1.fastq.gz,https://ftp.sra.ebi.ac.uk/vol1/fastq/ERR107/005/ERR10744205/ERR10744205_2.fastq.gz
vmg-2281-ERR16908594,https://ftp.sra.ebi.ac.uk/vol1/fastq/ERR169/094/ERR16908594/ERR16908594_1.fastq.gz,https://ftp.sra.ebi.ac.uk/vol1/fastq/ERR169/094/ERR16908594/ERR16908594_2.fastq.gz
vmg-2282-ERR11489775,https://ftp.sra.ebi.ac.uk/vol1/fastq/ERR114/075/ERR11489775/ERR11489775_1.fastq.gz,https://ftp.sra.ebi.ac.uk/vol1/fastq/ERR114/075/ERR11489775/ERR11489775_2.fastq.gz
vmg-2283-ERR12556251,https://ftp.sra.ebi.ac.uk/vol1/fastq/ERR125/051/ERR12556251/ERR12556251_1.fastq.gz,https://ftp.sra.ebi.ac.uk/vol1/fastq/ERR125/051/ERR12556251/ERR12556251_2.fastq.gz
vmg-2284-ERR14789162,https://ftp.sra.ebi.ac.uk/vol1/fastq/ERR147/062/ERR14789162/ERR14789162_1.fastq.gz,https://ftp.sra.ebi.ac.uk/vol1/fastq/ERR147/062/ERR14789162/ERR14789162_2.fastq.gz
vmg-2285-ERR4503388,https://ftp.sra.ebi.ac.uk/vol1/fastq/ERR450/008/ERR4503388/ERR4503388_1.fastq.gz,https://ftp.sra.ebi.ac.uk/vol1/fastq/ERR450/008/ERR4503388/ERR4503388_2.fastq.gz
vmg-2286-ERR10882339,https://ftp.sra.ebi.ac.uk/vol1/fastq/ERR108/039/ERR10882339/ERR10882339_1.fastq.gz,https://ftp.sra.ebi.ac.uk/vol1/fastq/ERR108/039/ERR10882339/ERR10882339_2.fastq.gz
vmg-2287-ERR14788881,https://ftp.sra.ebi.ac.uk/vol1/fastq/ERR147/081/ERR14788881/ERR14788881_1.fastq.gz,https://ftp.sra.ebi.ac.uk/vol1/fastq/ERR147/081/ERR14788881/ERR14788881_2.fastq.gz
vmg-2288-ERR15118003,https://ftp.sra.ebi.ac.uk/vol1/fastq/ERR151/003/ERR15118003/ERR15118003_1.fastq.gz,https://ftp.sra.ebi.ac.uk/vol1/fastq/ERR151/003/ERR15118003/ERR15118003_2.fastq.gz
vmg-2289-ERR14211466,https://ftp.sra.ebi.ac.uk/vol1/fastq/ERR142/066/ERR14211466/ERR14211466_1.fastq.gz,https://ftp.sra.ebi.ac.uk/vol1/fastq/ERR142/066/ERR14211466/ERR14211466_2.fastq.gz
vmg-2290-ERR3955836,https://ftp.sra.ebi.ac.uk/vol1/fastq/ERR395/006/ERR3955836/ERR3955836_1.fastq.gz,https://ftp.sra.ebi.ac.uk/vol1/fastq/ERR395/006/ERR3955836/ERR3955836_2.fastq.gz
vmg-2291-ERR4503260,https://ftp.sra.ebi.ac.uk/vol1/fastq/ERR450/000/ERR4503260/ERR4503260_1.fastq.gz,https://ftp.sra.ebi.ac.uk/vol1/fastq/ERR450/000/ERR4503260/ERR4503260_2.fastq.gz
vmg-2292-ERR14853701,https://ftp.sra.ebi.ac.uk/vol1/fastq/ERR148/001/ERR14853701/ERR14853701_1.fastq.gz,https://ftp.sra.ebi.ac.uk/vol1/fastq/ERR148/001/ERR14853701/ERR14853701_2.fastq.gz
vmg-2293-ERR14195348,https://ftp.sra.ebi.ac.uk/vol1/fastq/ERR141/048/ERR14195348/ERR14195348_1.fastq.gz,https://ftp.sra.ebi.ac.uk/vol1/fastq/ERR141/048/ERR14195348/ERR14195348_2.fastq.gz
vmg-2294-ERR14211494,https://ftp.sra.ebi.ac.uk/vol1/fastq/ERR142/094/ERR14211494/ERR14211494_1.fastq.gz,https://ftp.sra.ebi.ac.uk/vol1/fastq/ERR142/094/ERR14211494/ERR14211494_2.fastq.gz
vmg-2295-ERR14195318,https://ftp.sra.ebi.ac.uk/vol1/fastq/ERR141/018/ERR14195318/ERR14195318_1.fastq.gz,https://ftp.sra.ebi.ac.uk/vol1/fastq/ERR141/018/ERR14195318/ERR14195318_2.fastq.gz
vmg-2296-ERR14789274,https://ftp.sra.ebi.ac.uk/vol1/fastq/ERR147/074/ERR14789274/ERR14789274_1.fastq.gz,https://ftp.sra.ebi.ac.uk/vol1/fastq/ERR147/074/ERR14789274/ERR14789274_2.fastq.gz
vmg-2297-ERR12329304,https://ftp.sra.ebi.ac.uk/vol1/fastq/ERR123/004/ERR12329304/ERR12329304_1.fastq.gz,https://ftp.sra.ebi.ac.uk/vol1/fastq/ERR123/004/ERR12329304/ERR12329304_2.fastq.gz
vmg-2298-ERR2608423,https://ftp.sra.ebi.ac.uk/vol1/fastq/ERR260/003/ERR2608423/ERR2608423_1.fastq.gz,https://ftp.sra.ebi.ac.uk/vol1/fastq/ERR260/003/ERR2608423/ERR2608423_2.fastq.gz
vmg-2299-ERR2608568,https://ftp.sra.ebi.ac.uk/vol1/fastq/ERR260/008/ERR2608568/ERR2608568_1.fastq.gz,https://ftp.sra.ebi.ac.uk/vol1/fastq/ERR260/008/ERR2608568/ERR2608568_2.fastq.gz
vmg-2300-ERR14801730,https://ftp.sra.ebi.ac.uk/vol1/fastq/ERR148/030/ERR14801730/ERR14801730_1.fastq.gz,https://ftp.sra.ebi.ac.uk/vol1/fastq/ERR148/030/ERR14801730/ERR14801730_2.fastq.gz
vmg-2301-ERR14036287,https://ftp.sra.ebi.ac.uk/vol1/fastq/ERR140/087/ERR14036287/ERR14036287_1.fastq.gz,https://ftp.sra.ebi.ac.uk/vol1/fastq/ERR140/087/ERR14036287/ERR14036287_2.fastq.gz
vmg-2302-DRR446622,https://ftp.sra.ebi.ac.uk/vol1/fastq/DRR446/DRR446622/DRR446622_1.fastq.gz,https://ftp.sra.ebi.ac.uk/vol1/fastq/DRR446/DRR446622/DRR446622_2.fastq.gz
vmg-2303-ERR14211519,https://ftp.sra.ebi.ac.uk/vol1/fastq/ERR142/019/ERR14211519/ERR14211519_1.fastq.gz,https://ftp.sra.ebi.ac.uk/vol1/fastq/ERR142/019/ERR14211519/ERR14211519_2.fastq.gz
vmg-2304-ERR15563217,https://ftp.sra.ebi.ac.uk/vol1/fastq/ERR155/017/ERR15563217/ERR15563217_1.fastq.gz,https://ftp.sra.ebi.ac.uk/vol1/fastq/ERR155/017/ERR15563217/ERR15563217_2.fastq.gz
vmg-2305-ERR12556560,https://ftp.sra.ebi.ac.uk/vol1/fastq/ERR125/060/ERR12556560/ERR12556560_1.fastq.gz,https://ftp.sra.ebi.ac.uk/vol1/fastq/ERR125/060/ERR12556560/ERR12556560_2.fastq.gz
vmg-2306-ERR15418950,https://ftp.sra.ebi.ac.uk/vol1/fastq/ERR154/050/ERR15418950/ERR15418950_1.fastq.gz,https://ftp.sra.ebi.ac.uk/vol1/fastq/ERR154/050/ERR15418950/ERR15418950_2.fastq.gz
vmg-2307-ERR3040697,https://ftp.sra.ebi.ac.uk/vol1/fastq/ERR304/007/ERR3040697/ERR3040697_1.fastq.gz,https://ftp.sra.ebi.ac.uk/vol1/fastq/ERR304/007/ERR3040697/ERR3040697_2.fastq.gz
vmg-2308-ERR2608437,https://ftp.sra.ebi.ac.uk/vol1/fastq/ERR260/007/ERR2608437/ERR2608437_1.fastq.gz,https://ftp.sra.ebi.ac.uk/vol1/fastq/ERR260/007/ERR2608437/ERR2608437_2.fastq.gz
vmg-2309-ERR16710181,https://ftp.sra.ebi.ac.uk/vol1/fastq/ERR167/081/ERR16710181/ERR16710181_1.fastq.gz,https://ftp.sra.ebi.ac.uk/vol1/fastq/ERR167/081/ERR16710181/ERR16710181_2.fastq.gz
vmg-2310-ERR3969719,https://ftp.sra.ebi.ac.uk/vol1/fastq/ERR396/009/ERR3969719/ERR3969719_1.fastq.gz,https://ftp.sra.ebi.ac.uk/vol1/fastq/ERR396/009/ERR3969719/ERR3969719_2.fastq.gz
vmg-2311-ERR2735960,https://ftp.sra.ebi.ac.uk/vol1/fastq/ERR273/000/ERR2735960/ERR2735960_1.fastq.gz,https://ftp.sra.ebi.ac.uk/vol1/fastq/ERR273/000/ERR2735960/ERR2735960_2.fastq.gz
vmg-2312-ERR2608511,https://ftp.sra.ebi.ac.uk/vol1/fastq/ERR260/001/ERR2608511/ERR2608511_1.fastq.gz,https://ftp.sra.ebi.ac.uk/vol1/fastq/ERR260/001/ERR2608511/ERR2608511_2.fastq.gz
vmg-2313-ERR10882331,https://ftp.sra.ebi.ac.uk/vol1/fastq/ERR108/031/ERR10882331/ERR10882331_1.fastq.gz,https://ftp.sra.ebi.ac.uk/vol1/fastq/ERR108/031/ERR10882331/ERR10882331_2.fastq.gz
vmg-2314-ERR3769490,https://ftp.sra.ebi.ac.uk/vol1/fastq/ERR376/000/ERR3769490/ERR3769490_1.fastq.gz,https://ftp.sra.ebi.ac.uk/vol1/fastq/ERR376/000/ERR3769490/ERR3769490_2.fastq.gz
vmg-2315-ERR2736017,https://ftp.sra.ebi.ac.uk/vol1/fastq/ERR273/007/ERR2736017/ERR2736017_1.fastq.gz,https://ftp.sra.ebi.ac.uk/vol1/fastq/ERR273/007/ERR2736017/ERR2736017_2.fastq.gz
vmg-2316-ERR11669327,https://ftp.sra.ebi.ac.uk/vol1/fastq/ERR116/027/ERR11669327/ERR11669327_1.fastq.gz,https://ftp.sra.ebi.ac.uk/vol1/fastq/ERR116/027/ERR11669327/ERR11669327_2.fastq.gz
vmg-2317-ERR12556242,https://ftp.sra.ebi.ac.uk/vol1/fastq/ERR125/042/ERR12556242/ERR12556242_1.fastq.gz,https://ftp.sra.ebi.ac.uk/vol1/fastq/ERR125/042/ERR12556242/ERR12556242_2.fastq.gz
vmg-2318-ERR11020237,https://ftp.sra.ebi.ac.uk/vol1/fastq/ERR110/037/ERR11020237/ERR11020237_1.fastq.gz,https://ftp.sra.ebi.ac.uk/vol1/fastq/ERR110/037/ERR11020237/ERR11020237_2.fastq.gz
vmg-2319-ERR2608412,https://ftp.sra.ebi.ac.uk/vol1/fastq/ERR260/002/ERR2608412/ERR2608412_1.fastq.gz,https://ftp.sra.ebi.ac.uk/vol1/fastq/ERR260/002/ERR2608412/ERR2608412_2.fastq.gz
vmg-2320-ERR3839748,https://ftp.sra.ebi.ac.uk/vol1/fastq/ERR383/008/ERR3839748/ERR3839748_1.fastq.gz,https://ftp.sra.ebi.ac.uk/vol1/fastq/ERR383/008/ERR3839748/ERR3839748_2.fastq.gz
vmg-2321-ERR14801358,https://ftp.sra.ebi.ac.uk/vol1/fastq/ERR148/058/ERR14801358/ERR14801358_1.fastq.gz,https://ftp.sra.ebi.ac.uk/vol1/fastq/ERR148/058/ERR14801358/ERR14801358_2.fastq.gz
vmg-2322-ERR4407651,https://ftp.sra.ebi.ac.uk/vol1/fastq/ERR440/001/ERR4407651/ERR4407651_1.fastq.gz,https://ftp.sra.ebi.ac.uk/vol1/fastq/ERR440/001/ERR4407651/ERR4407651_2.fastq.gz
vmg-2323-ERR10898290,https://ftp.sra.ebi.ac.uk/vol1/fastq/ERR108/090/ERR10898290/ERR10898290_1.fastq.gz,https://ftp.sra.ebi.ac.uk/vol1/fastq/ERR108/090/ERR10898290/ERR10898290_2.fastq.gz
vmg-2324-ERR2863537,https://ftp.sra.ebi.ac.uk/vol1/fastq/ERR286/007/ERR2863537/ERR2863537_1.fastq.gz,https://ftp.sra.ebi.ac.uk/vol1/fastq/ERR286/007/ERR2863537/ERR2863537_2.fastq.gz
vmg-2325-DRR636995,https://ftp.sra.ebi.ac.uk/vol1/fastq/DRR636/DRR636995/DRR636995_1.fastq.gz,https://ftp.sra.ebi.ac.uk/vol1/fastq/DRR636/DRR636995/DRR636995_2.fastq.gz
vmg-2326-ERR14801785,https://ftp.sra.ebi.ac.uk/vol1/fastq/ERR148/085/ERR14801785/ERR14801785_1.fastq.gz,https://ftp.sra.ebi.ac.uk/vol1/fastq/ERR148/085/ERR14801785/ERR14801785_2.fastq.gz
vmg-2327-ERR16908720,https://ftp.sra.ebi.ac.uk/vol1/fastq/ERR169/020/ERR16908720/ERR16908720_1.fastq.gz,https://ftp.sra.ebi.ac.uk/vol1/fastq/ERR169/020/ERR16908720/ERR16908720_2.fastq.gz
vmg-2328-ERR10394967,https://ftp.sra.ebi.ac.uk/vol1/fastq/ERR103/067/ERR10394967/ERR10394967_1.fastq.gz,https://ftp.sra.ebi.ac.uk/vol1/fastq/ERR103/067/ERR10394967/ERR10394967_2.fastq.gz
vmg-2329-ERR2281994,https://ftp.sra.ebi.ac.uk/vol1/fastq/ERR228/004/ERR2281994/ERR2281994_1.fastq.gz,https://ftp.sra.ebi.ac.uk/vol1/fastq/ERR228/004/ERR2281994/ERR2281994_2.fastq.gz
vmg-2330-ERR2747520,https://ftp.sra.ebi.ac.uk/vol1/fastq/ERR274/000/ERR2747520/ERR2747520_1.fastq.gz,https://ftp.sra.ebi.ac.uk/vol1/fastq/ERR274/000/ERR2747520/ERR2747520_2.fastq.gz
vmg-2331-ERR14386947,https://ftp.sra.ebi.ac.uk/vol1/fastq/ERR143/047/ERR14386947/ERR14386947_1.fastq.gz,https://ftp.sra.ebi.ac.uk/vol1/fastq/ERR143/047/ERR14386947/ERR14386947_2.fastq.gz
vmg-2332-ERR2608420,https://ftp.sra.ebi.ac.uk/vol1/fastq/ERR260/000/ERR2608420/ERR2608420_1.fastq.gz,https://ftp.sra.ebi.ac.uk/vol1/fastq/ERR260/000/ERR2608420/ERR2608420_2.fastq.gz
vmg-2333-ERR2608601,https://ftp.sra.ebi.ac.uk/vol1/fastq/ERR260/001/ERR2608601/ERR2608601_1.fastq.gz,https://ftp.sra.ebi.ac.uk/vol1/fastq/ERR260/001/ERR2608601/ERR2608601_2.fastq.gz
vmg-2334-ERR2608255,https://ftp.sra.ebi.ac.uk/vol1/fastq/ERR260/005/ERR2608255/ERR2608255_1.fastq.gz,https://ftp.sra.ebi.ac.uk/vol1/fastq/ERR260/005/ERR2608255/ERR2608255_2.fastq.gz
vmg-2335-ERR16709774,https://ftp.sra.ebi.ac.uk/vol1/fastq/ERR167/074/ERR16709774/ERR16709774_1.fastq.gz,https://ftp.sra.ebi.ac.uk/vol1/fastq/ERR167/074/ERR16709774/ERR16709774_2.fastq.gz
vmg-2336-ERR16003933,https://ftp.sra.ebi.ac.uk/vol1/fastq/ERR160/033/ERR16003933/ERR16003933_1.fastq.gz,https://ftp.sra.ebi.ac.uk/vol1/fastq/ERR160/033/ERR16003933/ERR16003933_2.fastq.gz
vmg-2337-ERR2736008,https://ftp.sra.ebi.ac.uk/vol1/fastq/ERR273/008/ERR2736008/ERR2736008_1.fastq.gz,https://ftp.sra.ebi.ac.uk/vol1/fastq/ERR273/008/ERR2736008/ERR2736008_2.fastq.gz
vmg-2338-ERR2747501,https://ftp.sra.ebi.ac.uk/vol1/fastq/ERR274/001/ERR2747501/ERR2747501_1.fastq.gz,https://ftp.sra.ebi.ac.uk/vol1/fastq/ERR274/001/ERR2747501/ERR2747501_2.fastq.gz
vmg-2339-ERR2608509,https://ftp.sra.ebi.ac.uk/vol1/fastq/ERR260/009/ERR2608509/ERR2608509_1.fastq.gz,https://ftp.sra.ebi.ac.uk/vol1/fastq/ERR260/009/ERR2608509/ERR2608509_2.fastq.gz
vmg-2340-ERR3953920,https://ftp.sra.ebi.ac.uk/vol1/fastq/ERR395/000/ERR3953920/ERR3953920_1.fastq.gz,https://ftp.sra.ebi.ac.uk/vol1/fastq/ERR395/000/ERR3953920/ERR3953920_2.fastq.gz
vmg-2341-ERR14789173,https://ftp.sra.ebi.ac.uk/vol1/fastq/ERR147/073/ERR14789173/ERR14789173_1.fastq.gz,https://ftp.sra.ebi.ac.uk/vol1/fastq/ERR147/073/ERR14789173/ERR14789173_2.fastq.gz
vmg-2342-ERR16714282,https://ftp.sra.ebi.ac.uk/vol1/fastq/ERR167/082/ERR16714282/ERR16714282_1.fastq.gz,https://ftp.sra.ebi.ac.uk/vol1/fastq/ERR167/082/ERR16714282/ERR16714282_2.fastq.gz
vmg-2343-ERR12555061,https://ftp.sra.ebi.ac.uk/vol1/fastq/ERR125/061/ERR12555061/ERR12555061_1.fastq.gz,https://ftp.sra.ebi.ac.uk/vol1/fastq/ERR125/061/ERR12555061/ERR12555061_2.fastq.gz
vmg-2344-ERR10749759,https://ftp.sra.ebi.ac.uk/vol1/fastq/ERR107/059/ERR10749759/ERR10749759_1.fastq.gz,https://ftp.sra.ebi.ac.uk/vol1/fastq/ERR107/059/ERR10749759/ERR10749759_2.fastq.gz
vmg-2345-ERR2736012,https://ftp.sra.ebi.ac.uk/vol1/fastq/ERR273/002/ERR2736012/ERR2736012_1.fastq.gz,https://ftp.sra.ebi.ac.uk/vol1/fastq/ERR273/002/ERR2736012/ERR2736012_2.fastq.gz
vmg-2346-ERR11019908,https://ftp.sra.ebi.ac.uk/vol1/fastq/ERR110/008/ERR11019908/ERR11019908_1.fastq.gz,https://ftp.sra.ebi.ac.uk/vol1/fastq/ERR110/008/ERR11019908/ERR11019908_2.fastq.gz
vmg-2347-ERR16718350,https://ftp.sra.ebi.ac.uk/vol1/fastq/ERR167/050/ERR16718350/ERR16718350_1.fastq.gz,https://ftp.sra.ebi.ac.uk/vol1/fastq/ERR167/050/ERR16718350/ERR16718350_2.fastq.gz
vmg-2348-ERR11489500,https://ftp.sra.ebi.ac.uk/vol1/fastq/ERR114/000/ERR11489500/ERR11489500_1.fastq.gz,https://ftp.sra.ebi.ac.uk/vol1/fastq/ERR114/000/ERR11489500/ERR11489500_2.fastq.gz
vmg-2349-ERR2608417,https://ftp.sra.ebi.ac.uk/vol1/fastq/ERR260/007/ERR2608417/ERR2608417_1.fastq.gz,https://ftp.sra.ebi.ac.uk/vol1/fastq/ERR260/007/ERR2608417/ERR2608417_2.fastq.gz
vmg-2350-ERR15564098,https://ftp.sra.ebi.ac.uk/vol1/fastq/ERR155/098/ERR15564098/ERR15564098_1.fastq.gz,https://ftp.sra.ebi.ac.uk/vol1/fastq/ERR155/098/ERR15564098/ERR15564098_2.fastq.gz
vmg-2351-ERR12520315,https://ftp.sra.ebi.ac.uk/vol1/fastq/ERR125/015/ERR12520315/ERR12520315_1.fastq.gz,https://ftp.sra.ebi.ac.uk/vol1/fastq/ERR125/015/ERR12520315/ERR12520315_2.fastq.gz
vmg-2352-ERR2608250,https://ftp.sra.ebi.ac.uk/vol1/fastq/ERR260/000/ERR2608250/ERR2608250_1.fastq.gz,https://ftp.sra.ebi.ac.uk/vol1/fastq/ERR260/000/ERR2608250/ERR2608250_2.fastq.gz
vmg-2353-ERR10394925,https://ftp.sra.ebi.ac.uk/vol1/fastq/ERR103/025/ERR10394925/ERR10394925_1.fastq.gz,https://ftp.sra.ebi.ac.uk/vol1/fastq/ERR103/025/ERR10394925/ERR10394925_2.fastq.gz
vmg-2354-ERR16010113,https://ftp.sra.ebi.ac.uk/vol1/fastq/ERR160/013/ERR16010113/ERR16010113_1.fastq.gz,https://ftp.sra.ebi.ac.uk/vol1/fastq/ERR160/013/ERR16010113/ERR16010113_2.fastq.gz
vmg-2355-ERR14789031,https://ftp.sra.ebi.ac.uk/vol1/fastq/ERR147/031/ERR14789031/ERR14789031_1.fastq.gz,https://ftp.sra.ebi.ac.uk/vol1/fastq/ERR147/031/ERR14789031/ERR14789031_2.fastq.gz
vmg-2356-ERR3061543,https://ftp.sra.ebi.ac.uk/vol1/fastq/ERR306/003/ERR3061543/ERR3061543_1.fastq.gz,https://ftp.sra.ebi.ac.uk/vol1/fastq/ERR306/003/ERR3061543/ERR3061543_2.fastq.gz
vmg-2357-ERR14927622,https://ftp.sra.ebi.ac.uk/vol1/fastq/ERR149/022/ERR14927622/ERR14927622_1.fastq.gz,https://ftp.sra.ebi.ac.uk/vol1/fastq/ERR149/022/ERR14927622/ERR14927622_2.fastq.gz
vmg-2358-ERR12520341,https://ftp.sra.ebi.ac.uk/vol1/fastq/ERR125/041/ERR12520341/ERR12520341_1.fastq.gz,https://ftp.sra.ebi.ac.uk/vol1/fastq/ERR125/041/ERR12520341/ERR12520341_2.fastq.gz
vmg-2359-ERR12032957,https://ftp.sra.ebi.ac.uk/vol1/fastq/ERR120/057/ERR12032957/ERR12032957_1.fastq.gz,https://ftp.sra.ebi.ac.uk/vol1/fastq/ERR120/057/ERR12032957/ERR12032957_2.fastq.gz
vmg-2360-ERR3769656,https://ftp.sra.ebi.ac.uk/vol1/fastq/ERR376/006/ERR3769656/ERR3769656_1.fastq.gz,https://ftp.sra.ebi.ac.uk/vol1/fastq/ERR376/006/ERR3769656/ERR3769656_2.fastq.gz
vmg-2361-ERR13392117,https://ftp.sra.ebi.ac.uk/vol1/fastq/ERR133/017/ERR13392117/ERR13392117_1.fastq.gz,https://ftp.sra.ebi.ac.uk/vol1/fastq/ERR133/017/ERR13392117/ERR13392117_2.fastq.gz
vmg-2362-ERR14999479,https://ftp.sra.ebi.ac.uk/vol1/fastq/ERR149/079/ERR14999479/ERR14999479_1.fastq.gz,https://ftp.sra.ebi.ac.uk/vol1/fastq/ERR149/079/ERR14999479/ERR14999479_2.fastq.gz
vmg-2363-ERR14788943,https://ftp.sra.ebi.ac.uk/vol1/fastq/ERR147/043/ERR14788943/ERR14788943_1.fastq.gz,https://ftp.sra.ebi.ac.uk/vol1/fastq/ERR147/043/ERR14788943/ERR14788943_2.fastq.gz
vmg-2364-ERR3955582,https://ftp.sra.ebi.ac.uk/vol1/fastq/ERR395/002/ERR3955582/ERR3955582_1.fastq.gz,https://ftp.sra.ebi.ac.uk/vol1/fastq/ERR395/002/ERR3955582/ERR3955582_2.fastq.gz
vmg-2365-ERR3769691,https://ftp.sra.ebi.ac.uk/vol1/fastq/ERR376/001/ERR3769691/ERR3769691_1.fastq.gz,https://ftp.sra.ebi.ac.uk/vol1/fastq/ERR376/001/ERR3769691/ERR3769691_2.fastq.gz
vmg-2366-ERR12520207,https://ftp.sra.ebi.ac.uk/vol1/fastq/ERR125/007/ERR12520207/ERR12520207_1.fastq.gz,https://ftp.sra.ebi.ac.uk/vol1/fastq/ERR125/007/ERR12520207/ERR12520207_2.fastq.gz
vmg-2367-ERR16729305,https://ftp.sra.ebi.ac.uk/vol1/fastq/ERR167/005/ERR16729305/ERR16729305_1.fastq.gz,https://ftp.sra.ebi.ac.uk/vol1/fastq/ERR167/005/ERR16729305/ERR16729305_2.fastq.gz
vmg-2368-ERR12308576,https://ftp.sra.ebi.ac.uk/vol1/fastq/ERR123/076/ERR12308576/ERR12308576_1.fastq.gz,https://ftp.sra.ebi.ac.uk/vol1/fastq/ERR123/076/ERR12308576/ERR12308576_2.fastq.gz
vmg-2369-ERR12316809,https://ftp.sra.ebi.ac.uk/vol1/fastq/ERR123/009/ERR12316809/ERR12316809_1.fastq.gz,https://ftp.sra.ebi.ac.uk/vol1/fastq/ERR123/009/ERR12316809/ERR12316809_2.fastq.gz
vmg-2370-ERR14789455,https://ftp.sra.ebi.ac.uk/vol1/fastq/ERR147/055/ERR14789455/ERR14789455_1.fastq.gz,https://ftp.sra.ebi.ac.uk/vol1/fastq/ERR147/055/ERR14789455/ERR14789455_2.fastq.gz
vmg-2371-ERR10897665,https://ftp.sra.ebi.ac.uk/vol1/fastq/ERR108/065/ERR10897665/ERR10897665_1.fastq.gz,https://ftp.sra.ebi.ac.uk/vol1/fastq/ERR108/065/ERR10897665/ERR10897665_2.fastq.gz
vmg-2372-ERR3769463,https://ftp.sra.ebi.ac.uk/vol1/fastq/ERR376/003/ERR3769463/ERR3769463_1.fastq.gz,https://ftp.sra.ebi.ac.uk/vol1/fastq/ERR376/003/ERR3769463/ERR3769463_2.fastq.gz
vmg-2373-ERR2281990,https://ftp.sra.ebi.ac.uk/vol1/fastq/ERR228/000/ERR2281990/ERR2281990_1.fastq.gz,https://ftp.sra.ebi.ac.uk/vol1/fastq/ERR228/000/ERR2281990/ERR2281990_2.fastq.gz
vmg-2374-ERR10745296,https://ftp.sra.ebi.ac.uk/vol1/fastq/ERR107/096/ERR10745296/ERR10745296_1.fastq.gz,https://ftp.sra.ebi.ac.uk/vol1/fastq/ERR107/096/ERR10745296/ERR10745296_2.fastq.gz
vmg-2375-ERR2281992,https://ftp.sra.ebi.ac.uk/vol1/fastq/ERR228/002/ERR2281992/ERR2281992_1.fastq.gz,https://ftp.sra.ebi.ac.uk/vol1/fastq/ERR228/002/ERR2281992/ERR2281992_2.fastq.gz
vmg-2376-ERR16729941,https://ftp.sra.ebi.ac.uk/vol1/fastq/ERR167/041/ERR16729941/ERR16729941_1.fastq.gz,https://ftp.sra.ebi.ac.uk/vol1/fastq/ERR167/041/ERR16729941/ERR16729941_2.fastq.gz
vmg-2377-ERR4228465,https://ftp.sra.ebi.ac.uk/vol1/fastq/ERR422/005/ERR4228465/ERR4228465_1.fastq.gz,https://ftp.sra.ebi.ac.uk/vol1/fastq/ERR422/005/ERR4228465/ERR4228465_2.fastq.gz
vmg-2378-ERR10123848,https://ftp.sra.ebi.ac.uk/vol1/fastq/ERR101/048/ERR10123848/ERR10123848_1.fastq.gz,https://ftp.sra.ebi.ac.uk/vol1/fastq/ERR101/048/ERR10123848/ERR10123848_2.fastq.gz
vmg-2379-ERR11489404,https://ftp.sra.ebi.ac.uk/vol1/fastq/ERR114/004/ERR11489404/ERR11489404_1.fastq.gz,https://ftp.sra.ebi.ac.uk/vol1/fastq/ERR114/004/ERR11489404/ERR11489404_2.fastq.gz
vmg-2380-ERR14211032,https://ftp.sra.ebi.ac.uk/vol1/fastq/ERR142/032/ERR14211032/ERR14211032_1.fastq.gz,https://ftp.sra.ebi.ac.uk/vol1/fastq/ERR142/032/ERR14211032/ERR14211032_2.fastq.gz
vmg-2381-ERR3061638,https://ftp.sra.ebi.ac.uk/vol1/fastq/ERR306/008/ERR3061638/ERR3061638_1.fastq.gz,https://ftp.sra.ebi.ac.uk/vol1/fastq/ERR306/008/ERR3061638/ERR3061638_2.fastq.gz
vmg-2382-DRR777395,https://ftp.sra.ebi.ac.uk/vol1/fastq/DRR777/DRR777395/DRR777395_1.fastq.gz,https://ftp.sra.ebi.ac.uk/vol1/fastq/DRR777/DRR777395/DRR777395_2.fastq.gz
vmg-2383-ERR14802388,https://ftp.sra.ebi.ac.uk/vol1/fastq/ERR148/088/ERR14802388/ERR14802388_1.fastq.gz,https://ftp.sra.ebi.ac.uk/vol1/fastq/ERR148/088/ERR14802388/ERR14802388_2.fastq.gz
vmg-2384-ERR2608189,https://ftp.sra.ebi.ac.uk/vol1/fastq/ERR260/009/ERR2608189/ERR2608189_1.fastq.gz,https://ftp.sra.ebi.ac.uk/vol1/fastq/ERR260/009/ERR2608189/ERR2608189_2.fastq.gz
vmg-2385-ERR15668814,https://ftp.sra.ebi.ac.uk/vol1/fastq/ERR156/014/ERR15668814/ERR15668814_1.fastq.gz,https://ftp.sra.ebi.ac.uk/vol1/fastq/ERR156/014/ERR15668814/ERR15668814_2.fastq.gz
vmg-2386-ERR3670890,https://ftp.sra.ebi.ac.uk/vol1/fastq/ERR367/000/ERR3670890/ERR3670890_1.fastq.gz,https://ftp.sra.ebi.ac.uk/vol1/fastq/ERR367/000/ERR3670890/ERR3670890_2.fastq.gz
vmg-2387-ERR16722728,https://ftp.sra.ebi.ac.uk/vol1/fastq/ERR167/028/ERR16722728/ERR16722728_1.fastq.gz,https://ftp.sra.ebi.ac.uk/vol1/fastq/ERR167/028/ERR16722728/ERR16722728_2.fastq.gz
vmg-2388-ERR2608199,https://ftp.sra.ebi.ac.uk/vol1/fastq/ERR260/009/ERR2608199/ERR2608199_1.fastq.gz,https://ftp.sra.ebi.ac.uk/vol1/fastq/ERR260/009/ERR2608199/ERR2608199_2.fastq.gz
vmg-2389-DRR777389,https://ftp.sra.ebi.ac.uk/vol1/fastq/DRR777/DRR777389/DRR777389_1.fastq.gz,https://ftp.sra.ebi.ac.uk/vol1/fastq/DRR777/DRR777389/DRR777389_2.fastq.gz
vmg-2390-ERR2863493,https://ftp.sra.ebi.ac.uk/vol1/fastq/ERR286/003/ERR2863493/ERR2863493_1.fastq.gz,https://ftp.sra.ebi.ac.uk/vol1/fastq/ERR286/003/ERR2863493/ERR2863493_2.fastq.gz
vmg-2391-ERR2608264,https://ftp.sra.ebi.ac.uk/vol1/fastq/ERR260/004/ERR2608264/ERR2608264_1.fastq.gz,https://ftp.sra.ebi.ac.uk/vol1/fastq/ERR260/004/ERR2608264/ERR2608264_2.fastq.gz
vmg-2392-ERR3970953,https://ftp.sra.ebi.ac.uk/vol1/fastq/ERR397/003/ERR3970953/ERR3970953_1.fastq.gz,https://ftp.sra.ebi.ac.uk/vol1/fastq/ERR397/003/ERR3970953/ERR3970953_2.fastq.gz
vmg-2393-ERR12032707,https://ftp.sra.ebi.ac.uk/vol1/fastq/ERR120/007/ERR12032707/ERR12032707_1.fastq.gz,https://ftp.sra.ebi.ac.uk/vol1/fastq/ERR120/007/ERR12032707/ERR12032707_2.fastq.gz
vmg-2394-ERR11768980,https://ftp.sra.ebi.ac.uk/vol1/fastq/ERR117/080/ERR11768980/ERR11768980_1.fastq.gz,https://ftp.sra.ebi.ac.uk/vol1/fastq/ERR117/080/ERR11768980/ERR11768980_2.fastq.gz
vmg-2395-ERR14195177,https://ftp.sra.ebi.ac.uk/vol1/fastq/ERR141/077/ERR14195177/ERR14195177_1.fastq.gz,https://ftp.sra.ebi.ac.uk/vol1/fastq/ERR141/077/ERR14195177/ERR14195177_2.fastq.gz
vmg-2396-ERR14211323,https://ftp.sra.ebi.ac.uk/vol1/fastq/ERR142/023/ERR14211323/ERR14211323_1.fastq.gz,https://ftp.sra.ebi.ac.uk/vol1/fastq/ERR142/023/ERR14211323/ERR14211323_2.fastq.gz
vmg-2397-ERR14048680,https://ftp.sra.ebi.ac.uk/vol1/fastq/ERR140/080/ERR14048680/ERR14048680_1.fastq.gz,https://ftp.sra.ebi.ac.uk/vol1/fastq/ERR140/080/ERR14048680/ERR14048680_2.fastq.gz
vmg-2398-ERR14194878,https://ftp.sra.ebi.ac.uk/vol1/fastq/ERR141/078/ERR14194878/ERR14194878_1.fastq.gz,https://ftp.sra.ebi.ac.uk/vol1/fastq/ERR141/078/ERR14194878/ERR14194878_2.fastq.gz
vmg-2399-ERR14211024,https://ftp.sra.ebi.ac.uk/vol1/fastq/ERR142/024/ERR14211024/ERR14211024_1.fastq.gz,https://ftp.sra.ebi.ac.uk/vol1/fastq/ERR142/024/ERR14211024/ERR14211024_2.fastq.gz
vmg-2400-ERR16043158,https://ftp.sra.ebi.ac.uk/vol1/fastq/ERR160/058/ERR16043158/ERR16043158_1.fastq.gz,https://ftp.sra.ebi.ac.uk/vol1/fastq/ERR160/058/ERR16043158/ERR16043158_2.fastq.gz
vmg-2401-ERR2182445,https://ftp.sra.ebi.ac.uk/vol1/fastq/ERR218/005/ERR2182445/ERR2182445_1.fastq.gz,https://ftp.sra.ebi.ac.uk/vol1/fastq/ERR218/005/ERR2182445/ERR2182445_2.fastq.gz
vmg-2402-ERR11019448,https://ftp.sra.ebi.ac.uk/vol1/fastq/ERR110/048/ERR11019448/ERR11019448_1.fastq.gz,https://ftp.sra.ebi.ac.uk/vol1/fastq/ERR110/048/ERR11019448/ERR11019448_2.fastq.gz
vmg-2403-ERR14801758,https://ftp.sra.ebi.ac.uk/vol1/fastq/ERR148/058/ERR14801758/ERR14801758_1.fastq.gz,https://ftp.sra.ebi.ac.uk/vol1/fastq/ERR148/058/ERR14801758/ERR14801758_2.fastq.gz
vmg-2404-ERR12419458,https://ftp.sra.ebi.ac.uk/vol1/fastq/ERR124/058/ERR12419458/ERR12419458_1.fastq.gz,https://ftp.sra.ebi.ac.uk/vol1/fastq/ERR124/058/ERR12419458/ERR12419458_2.fastq.gz
vmg-2405-ERR3955195,https://ftp.sra.ebi.ac.uk/vol1/fastq/ERR395/005/ERR3955195/ERR3955195_1.fastq.gz,https://ftp.sra.ebi.ac.uk/vol1/fastq/ERR395/005/ERR3955195/ERR3955195_2.fastq.gz
vmg-2406-ERR12828092,https://ftp.sra.ebi.ac.uk/vol1/fastq/ERR128/092/ERR12828092/ERR12828092_1.fastq.gz,https://ftp.sra.ebi.ac.uk/vol1/fastq/ERR128/092/ERR12828092/ERR12828092_2.fastq.gz
vmg-2407-ERR14195364,https://ftp.sra.ebi.ac.uk/vol1/fastq/ERR141/064/ERR14195364/ERR14195364_1.fastq.gz,https://ftp.sra.ebi.ac.uk/vol1/fastq/ERR141/064/ERR14195364/ERR14195364_2.fastq.gz
vmg-2408-ERR14211510,https://ftp.sra.ebi.ac.uk/vol1/fastq/ERR142/010/ERR14211510/ERR14211510_1.fastq.gz,https://ftp.sra.ebi.ac.uk/vol1/fastq/ERR142/010/ERR14211510/ERR14211510_2.fastq.gz
vmg-2409-ERR14789300,https://ftp.sra.ebi.ac.uk/vol1/fastq/ERR147/000/ERR14789300/ERR14789300_1.fastq.gz,https://ftp.sra.ebi.ac.uk/vol1/fastq/ERR147/000/ERR14789300/ERR14789300_2.fastq.gz
vmg-2410-ERR2608260,https://ftp.sra.ebi.ac.uk/vol1/fastq/ERR260/000/ERR2608260/ERR2608260_1.fastq.gz,https://ftp.sra.ebi.ac.uk/vol1/fastq/ERR260/000/ERR2608260/ERR2608260_2.fastq.gz
vmg-2411-ERR14195166,https://ftp.sra.ebi.ac.uk/vol1/fastq/ERR141/066/ERR14195166/ERR14195166_1.fastq.gz,https://ftp.sra.ebi.ac.uk/vol1/fastq/ERR141/066/ERR14195166/ERR14195166_2.fastq.gz
vmg-2412-ERR14854701,https://ftp.sra.ebi.ac.uk/vol1/fastq/ERR148/001/ERR14854701/ERR14854701_1.fastq.gz,https://ftp.sra.ebi.ac.uk/vol1/fastq/ERR148/001/ERR14854701/ERR14854701_2.fastq.gz
vmg-2413-ERR12219933,https://ftp.sra.ebi.ac.uk/vol1/fastq/ERR122/033/ERR12219933/ERR12219933_1.fastq.gz,https://ftp.sra.ebi.ac.uk/vol1/fastq/ERR122/033/ERR12219933/ERR12219933_2.fastq.gz
vmg-2414-ERR13391147,https://ftp.sra.ebi.ac.uk/vol1/fastq/ERR133/047/ERR13391147/ERR13391147_1.fastq.gz,https://ftp.sra.ebi.ac.uk/vol1/fastq/ERR133/047/ERR13391147/ERR13391147_2.fastq.gz
vmg-2415-ERR14802677,https://ftp.sra.ebi.ac.uk/vol1/fastq/ERR148/077/ERR14802677/ERR14802677_1.fastq.gz,https://ftp.sra.ebi.ac.uk/vol1/fastq/ERR148/077/ERR14802677/ERR14802677_2.fastq.gz
vmg-2416-ERR3955512,https://ftp.sra.ebi.ac.uk/vol1/fastq/ERR395/002/ERR3955512/ERR3955512_1.fastq.gz,https://ftp.sra.ebi.ac.uk/vol1/fastq/ERR395/002/ERR3955512/ERR3955512_2.fastq.gz
vmg-2417-ERR3769518,https://ftp.sra.ebi.ac.uk/vol1/fastq/ERR376/008/ERR3769518/ERR3769518_1.fastq.gz,https://ftp.sra.ebi.ac.uk/vol1/fastq/ERR376/008/ERR3769518/ERR3769518_2.fastq.gz
vmg-2418-ERR11489472,https://ftp.sra.ebi.ac.uk/vol1/fastq/ERR114/072/ERR11489472/ERR11489472_1.fastq.gz,https://ftp.sra.ebi.ac.uk/vol1/fastq/ERR114/072/ERR11489472/ERR11489472_2.fastq.gz
vmg-2419-DRR735472,https://ftp.sra.ebi.ac.uk/vol1/fastq/DRR735/DRR735472/DRR735472_1.fastq.gz,https://ftp.sra.ebi.ac.uk/vol1/fastq/DRR735/DRR735472/DRR735472_2.fastq.gz
vmg-2420-ERR12032961,https://ftp.sra.ebi.ac.uk/vol1/fastq/ERR120/061/ERR12032961/ERR12032961_1.fastq.gz,https://ftp.sra.ebi.ac.uk/vol1/fastq/ERR120/061/ERR12032961/ERR12032961_2.fastq.gz
vmg-2421-ERR2608305,https://ftp.sra.ebi.ac.uk/vol1/fastq/ERR260/005/ERR2608305/ERR2608305_1.fastq.gz,https://ftp.sra.ebi.ac.uk/vol1/fastq/ERR260/005/ERR2608305/ERR2608305_2.fastq.gz
vmg-2422-ERR3903884,https://ftp.sra.ebi.ac.uk/vol1/fastq/ERR390/004/ERR3903884/ERR3903884_1.fastq.gz,https://ftp.sra.ebi.ac.uk/vol1/fastq/ERR390/004/ERR3903884/ERR3903884_2.fastq.gz
vmg-2423-ERR3903851,https://ftp.sra.ebi.ac.uk/vol1/fastq/ERR390/001/ERR3903851/ERR3903851_1.fastq.gz,https://ftp.sra.ebi.ac.uk/vol1/fastq/ERR390/001/ERR3903851/ERR3903851_2.fastq.gz
vmg-2424-ERR4228464,https://ftp.sra.ebi.ac.uk/vol1/fastq/ERR422/004/ERR4228464/ERR4228464_1.fastq.gz,https://ftp.sra.ebi.ac.uk/vol1/fastq/ERR422/004/ERR4228464/ERR4228464_2.fastq.gz
vmg-2425-ERR15135907,https://ftp.sra.ebi.ac.uk/vol1/fastq/ERR151/007/ERR15135907/ERR15135907_1.fastq.gz,https://ftp.sra.ebi.ac.uk/vol1/fastq/ERR151/007/ERR15135907/ERR15135907_2.fastq.gz
vmg-2426-ERR11627457,https://ftp.sra.ebi.ac.uk/vol1/fastq/ERR116/057/ERR11627457/ERR11627457_1.fastq.gz,https://ftp.sra.ebi.ac.uk/vol1/fastq/ERR116/057/ERR11627457/ERR11627457_2.fastq.gz
vmg-2427-ERR10881811,https://ftp.sra.ebi.ac.uk/vol1/fastq/ERR108/011/ERR10881811/ERR10881811_1.fastq.gz,https://ftp.sra.ebi.ac.uk/vol1/fastq/ERR108/011/ERR10881811/ERR10881811_2.fastq.gz
vmg-2428-ERR14953732,https://ftp.sra.ebi.ac.uk/vol1/fastq/ERR149/032/ERR14953732/ERR14953732_1.fastq.gz,https://ftp.sra.ebi.ac.uk/vol1/fastq/ERR149/032/ERR14953732/ERR14953732_2.fastq.gz
vmg-2429-ERR14211482,https://ftp.sra.ebi.ac.uk/vol1/fastq/ERR142/082/ERR14211482/ERR14211482_1.fastq.gz,https://ftp.sra.ebi.ac.uk/vol1/fastq/ERR142/082/ERR14211482/ERR14211482_2.fastq.gz
vmg-2430-ERR14195336,https://ftp.sra.ebi.ac.uk/vol1/fastq/ERR141/036/ERR14195336/ERR14195336_1.fastq.gz,https://ftp.sra.ebi.ac.uk/vol1/fastq/ERR141/036/ERR14195336/ERR14195336_2.fastq.gz
vmg-2431-ERR13391648,https://ftp.sra.ebi.ac.uk/vol1/fastq/ERR133/048/ERR13391648/ERR13391648_1.fastq.gz,https://ftp.sra.ebi.ac.uk/vol1/fastq/ERR133/048/ERR13391648/ERR13391648_2.fastq.gz
vmg-2432-ERR1056312,https://ftp.sra.ebi.ac.uk/vol1/fastq/ERR105/002/ERR1056312/ERR1056312_1.fastq.gz,https://ftp.sra.ebi.ac.uk/vol1/fastq/ERR105/002/ERR1056312/ERR1056312_2.fastq.gz
vmg-2433-ERR16782835,https://ftp.sra.ebi.ac.uk/vol1/fastq/ERR167/035/ERR16782835/ERR16782835_1.fastq.gz,https://ftp.sra.ebi.ac.uk/vol1/fastq/ERR167/035/ERR16782835/ERR16782835_2.fastq.gz
vmg-2434-ERR13391262,https://ftp.sra.ebi.ac.uk/vol1/fastq/ERR133/062/ERR13391262/ERR13391262_1.fastq.gz,https://ftp.sra.ebi.ac.uk/vol1/fastq/ERR133/062/ERR13391262/ERR13391262_2.fastq.gz
vmg-2435-ERR14195755,https://ftp.sra.ebi.ac.uk/vol1/fastq/ERR141/055/ERR14195755/ERR14195755_1.fastq.gz,https://ftp.sra.ebi.ac.uk/vol1/fastq/ERR141/055/ERR14195755/ERR14195755_2.fastq.gz
vmg-2436-ERR2608318,https://ftp.sra.ebi.ac.uk/vol1/fastq/ERR260/008/ERR2608318/ERR2608318_1.fastq.gz,https://ftp.sra.ebi.ac.uk/vol1/fastq/ERR260/008/ERR2608318/ERR2608318_2.fastq.gz
vmg-2437-ERR12316845,https://ftp.sra.ebi.ac.uk/vol1/fastq/ERR123/045/ERR12316845/ERR12316845_1.fastq.gz,https://ftp.sra.ebi.ac.uk/vol1/fastq/ERR123/045/ERR12316845/ERR12316845_2.fastq.gz
vmg-2438-ERR2608237,https://ftp.sra.ebi.ac.uk/vol1/fastq/ERR260/007/ERR2608237/ERR2608237_1.fastq.gz,https://ftp.sra.ebi.ac.uk/vol1/fastq/ERR260/007/ERR2608237/ERR2608237_2.fastq.gz
vmg-2439-ERR2608325,https://ftp.sra.ebi.ac.uk/vol1/fastq/ERR260/005/ERR2608325/ERR2608325_1.fastq.gz,https://ftp.sra.ebi.ac.uk/vol1/fastq/ERR260/005/ERR2608325/ERR2608325_2.fastq.gz
vmg-2440-ERR10898185,https://ftp.sra.ebi.ac.uk/vol1/fastq/ERR108/085/ERR10898185/ERR10898185_1.fastq.gz,https://ftp.sra.ebi.ac.uk/vol1/fastq/ERR108/085/ERR10898185/ERR10898185_2.fastq.gz
vmg-2441-ERR14195595,https://ftp.sra.ebi.ac.uk/vol1/fastq/ERR141/095/ERR14195595/ERR14195595_1.fastq.gz,https://ftp.sra.ebi.ac.uk/vol1/fastq/ERR141/095/ERR14195595/ERR14195595_2.fastq.gz
vmg-2442-ERR10898164,https://ftp.sra.ebi.ac.uk/vol1/fastq/ERR108/064/ERR10898164/ERR10898164_1.fastq.gz,https://ftp.sra.ebi.ac.uk/vol1/fastq/ERR108/064/ERR10898164/ERR10898164_2.fastq.gz
vmg-2443-ERR3726464,https://ftp.sra.ebi.ac.uk/vol1/fastq/ERR372/004/ERR3726464/ERR3726464_1.fastq.gz,https://ftp.sra.ebi.ac.uk/vol1/fastq/ERR372/004/ERR3726464/ERR3726464_2.fastq.gz
vmg-2444-ERR2608267,https://ftp.sra.ebi.ac.uk/vol1/fastq/ERR260/007/ERR2608267/ERR2608267_1.fastq.gz,https://ftp.sra.ebi.ac.uk/vol1/fastq/ERR260/007/ERR2608267/ERR2608267_2.fastq.gz
vmg-2445-ERR3726538,https://ftp.sra.ebi.ac.uk/vol1/fastq/ERR372/008/ERR3726538/ERR3726538_1.fastq.gz,https://ftp.sra.ebi.ac.uk/vol1/fastq/ERR372/008/ERR3726538/ERR3726538_2.fastq.gz
vmg-2446-ERR2608402,https://ftp.sra.ebi.ac.uk/vol1/fastq/ERR260/002/ERR2608402/ERR2608402_1.fastq.gz,https://ftp.sra.ebi.ac.uk/vol1/fastq/ERR260/002/ERR2608402/ERR2608402_2.fastq.gz
vmg-2447-ERR12556576,https://ftp.sra.ebi.ac.uk/vol1/fastq/ERR125/076/ERR12556576/ERR12556576_1.fastq.gz,https://ftp.sra.ebi.ac.uk/vol1/fastq/ERR125/076/ERR12556576/ERR12556576_2.fastq.gz
vmg-2448-DRR774202,https://ftp.sra.ebi.ac.uk/vol1/fastq/DRR774/DRR774202/DRR774202_1.fastq.gz,https://ftp.sra.ebi.ac.uk/vol1/fastq/DRR774/DRR774202/DRR774202_2.fastq.gz
vmg-2449-ERR16093436,https://ftp.sra.ebi.ac.uk/vol1/fastq/ERR160/036/ERR16093436/ERR16093436_1.fastq.gz,https://ftp.sra.ebi.ac.uk/vol1/fastq/ERR160/036/ERR16093436/ERR16093436_2.fastq.gz
vmg-2450-ERR2747518,https://ftp.sra.ebi.ac.uk/vol1/fastq/ERR274/008/ERR2747518/ERR2747518_1.fastq.gz,https://ftp.sra.ebi.ac.uk/vol1/fastq/ERR274/008/ERR2747518/ERR2747518_2.fastq.gz
vmg-2451-ERR14211792,https://ftp.sra.ebi.ac.uk/vol1/fastq/ERR142/092/ERR14211792/ERR14211792_1.fastq.gz,https://ftp.sra.ebi.ac.uk/vol1/fastq/ERR142/092/ERR14211792/ERR14211792_2.fastq.gz
vmg-2452-ERR16714785,https://ftp.sra.ebi.ac.uk/vol1/fastq/ERR167/085/ERR16714785/ERR16714785_1.fastq.gz,https://ftp.sra.ebi.ac.uk/vol1/fastq/ERR167/085/ERR16714785/ERR16714785_2.fastq.gz
vmg-2453-ERR11456215,https://ftp.sra.ebi.ac.uk/vol1/fastq/ERR114/015/ERR11456215/ERR11456215_1.fastq.gz,https://ftp.sra.ebi.ac.uk/vol1/fastq/ERR114/015/ERR11456215/ERR11456215_2.fastq.gz
vmg-2454-ERR11456412,https://ftp.sra.ebi.ac.uk/vol1/fastq/ERR114/012/ERR11456412/ERR11456412_1.fastq.gz,https://ftp.sra.ebi.ac.uk/vol1/fastq/ERR114/012/ERR11456412/ERR11456412_2.fastq.gz
vmg-2455-ERR14708374,https://ftp.sra.ebi.ac.uk/vol1/fastq/ERR147/074/ERR14708374/ERR14708374_1.fastq.gz,https://ftp.sra.ebi.ac.uk/vol1/fastq/ERR147/074/ERR14708374/ERR14708374_2.fastq.gz
vmg-2456-ERR3061570,https://ftp.sra.ebi.ac.uk/vol1/fastq/ERR306/000/ERR3061570/ERR3061570_1.fastq.gz,https://ftp.sra.ebi.ac.uk/vol1/fastq/ERR306/000/ERR3061570/ERR3061570_2.fastq.gz
vmg-2457-ERR13391320,https://ftp.sra.ebi.ac.uk/vol1/fastq/ERR133/020/ERR13391320/ERR13391320_1.fastq.gz,https://ftp.sra.ebi.ac.uk/vol1/fastq/ERR133/020/ERR13391320/ERR13391320_2.fastq.gz
vmg-2458-ERR2747517,https://ftp.sra.ebi.ac.uk/vol1/fastq/ERR274/007/ERR2747517/ERR2747517_1.fastq.gz,https://ftp.sra.ebi.ac.uk/vol1/fastq/ERR274/007/ERR2747517/ERR2747517_2.fastq.gz
vmg-2459-ERR3955603,https://ftp.sra.ebi.ac.uk/vol1/fastq/ERR395/003/ERR3955603/ERR3955603_1.fastq.gz,https://ftp.sra.ebi.ac.uk/vol1/fastq/ERR395/003/ERR3955603/ERR3955603_2.fastq.gz
vmg-2460-ERR14000464,https://ftp.sra.ebi.ac.uk/vol1/fastq/ERR140/064/ERR14000464/ERR14000464_1.fastq.gz,https://ftp.sra.ebi.ac.uk/vol1/fastq/ERR140/064/ERR14000464/ERR14000464_2.fastq.gz
vmg-2461-ERR14789148,https://ftp.sra.ebi.ac.uk/vol1/fastq/ERR147/048/ERR14789148/ERR14789148_1.fastq.gz,https://ftp.sra.ebi.ac.uk/vol1/fastq/ERR147/048/ERR14789148/ERR14789148_2.fastq.gz
vmg-2462-ERR12316864,https://ftp.sra.ebi.ac.uk/vol1/fastq/ERR123/064/ERR12316864/ERR12316864_1.fastq.gz,https://ftp.sra.ebi.ac.uk/vol1/fastq/ERR123/064/ERR12316864/ERR12316864_2.fastq.gz
vmg-2463-ERR11832603,https://ftp.sra.ebi.ac.uk/vol1/fastq/ERR118/003/ERR11832603/ERR11832603_1.fastq.gz,https://ftp.sra.ebi.ac.uk/vol1/fastq/ERR118/003/ERR11832603/ERR11832603_2.fastq.gz
vmg-2464-ERR11020432,https://ftp.sra.ebi.ac.uk/vol1/fastq/ERR110/032/ERR11020432/ERR11020432_1.fastq.gz,https://ftp.sra.ebi.ac.uk/vol1/fastq/ERR110/032/ERR11020432/ERR11020432_2.fastq.gz
vmg-2465-ERR10749922,https://ftp.sra.ebi.ac.uk/vol1/fastq/ERR107/022/ERR10749922/ERR10749922_1.fastq.gz,https://ftp.sra.ebi.ac.uk/vol1/fastq/ERR107/022/ERR10749922/ERR10749922_2.fastq.gz
vmg-2466-ERR14946130,https://ftp.sra.ebi.ac.uk/vol1/fastq/ERR149/030/ERR14946130/ERR14946130_1.fastq.gz,https://ftp.sra.ebi.ac.uk/vol1/fastq/ERR149/030/ERR14946130/ERR14946130_2.fastq.gz
vmg-2467-ERR3061623,https://ftp.sra.ebi.ac.uk/vol1/fastq/ERR306/003/ERR3061623/ERR3061623_1.fastq.gz,https://ftp.sra.ebi.ac.uk/vol1/fastq/ERR306/003/ERR3061623/ERR3061623_2.fastq.gz
vmg-2468-ERR17272751,https://ftp.sra.ebi.ac.uk/vol1/fastq/ERR172/051/ERR17272751/ERR17272751_1.fastq.gz,https://ftp.sra.ebi.ac.uk/vol1/fastq/ERR172/051/ERR17272751/ERR17272751_2.fastq.gz
vmg-2469-ERR13391306,https://ftp.sra.ebi.ac.uk/vol1/fastq/ERR133/006/ERR13391306/ERR13391306_1.fastq.gz,https://ftp.sra.ebi.ac.uk/vol1/fastq/ERR133/006/ERR13391306/ERR13391306_2.fastq.gz
vmg-2470-ERR13392023,https://ftp.sra.ebi.ac.uk/vol1/fastq/ERR133/023/ERR13392023/ERR13392023_1.fastq.gz,https://ftp.sra.ebi.ac.uk/vol1/fastq/ERR133/023/ERR13392023/ERR13392023_2.fastq.gz
vmg-2471-ERR3955813,https://ftp.sra.ebi.ac.uk/vol1/fastq/ERR395/003/ERR3955813/ERR3955813_1.fastq.gz,https://ftp.sra.ebi.ac.uk/vol1/fastq/ERR395/003/ERR3955813/ERR3955813_2.fastq.gz
vmg-2472-ERR10205561,https://ftp.sra.ebi.ac.uk/vol1/fastq/ERR102/061/ERR10205561/ERR10205561_1.fastq.gz,https://ftp.sra.ebi.ac.uk/vol1/fastq/ERR102/061/ERR10205561/ERR10205561_2.fastq.gz
vmg-2473-ERR13391893,https://ftp.sra.ebi.ac.uk/vol1/fastq/ERR133/093/ERR13391893/ERR13391893_1.fastq.gz,https://ftp.sra.ebi.ac.uk/vol1/fastq/ERR133/093/ERR13391893/ERR13391893_2.fastq.gz
vmg-2474-ERR17272767,https://ftp.sra.ebi.ac.uk/vol1/fastq/ERR172/067/ERR17272767/ERR17272767_1.fastq.gz,https://ftp.sra.ebi.ac.uk/vol1/fastq/ERR172/067/ERR17272767/ERR17272767_2.fastq.gz
vmg-2475-ERR3699668,https://ftp.sra.ebi.ac.uk/vol1/fastq/ERR369/008/ERR3699668/ERR3699668_1.fastq.gz,https://ftp.sra.ebi.ac.uk/vol1/fastq/ERR369/008/ERR3699668/ERR3699668_2.fastq.gz
vmg-2476-ERR10897698,https://ftp.sra.ebi.ac.uk/vol1/fastq/ERR108/098/ERR10897698/ERR10897698_1.fastq.gz,https://ftp.sra.ebi.ac.uk/vol1/fastq/ERR108/098/ERR10897698/ERR10897698_2.fastq.gz
vmg-2477-ERR3969689,https://ftp.sra.ebi.ac.uk/vol1/fastq/ERR396/009/ERR3969689/ERR3969689_1.fastq.gz,https://ftp.sra.ebi.ac.uk/vol1/fastq/ERR396/009/ERR3969689/ERR3969689_2.fastq.gz
vmg-2478-ERR14195140,https://ftp.sra.ebi.ac.uk/vol1/fastq/ERR141/040/ERR14195140/ERR14195140_1.fastq.gz,https://ftp.sra.ebi.ac.uk/vol1/fastq/ERR141/040/ERR14195140/ERR14195140_2.fastq.gz
vmg-2479-ERR16714540,https://ftp.sra.ebi.ac.uk/vol1/fastq/ERR167/040/ERR16714540/ERR16714540_1.fastq.gz,https://ftp.sra.ebi.ac.uk/vol1/fastq/ERR167/040/ERR16714540/ERR16714540_2.fastq.gz
vmg-2480-ERR2735952,https://ftp.sra.ebi.ac.uk/vol1/fastq/ERR273/002/ERR2735952/ERR2735952_1.fastq.gz,https://ftp.sra.ebi.ac.uk/vol1/fastq/ERR273/002/ERR2735952/ERR2735952_2.fastq.gz
vmg-2481-ERR14789241,https://ftp.sra.ebi.ac.uk/vol1/fastq/ERR147/041/ERR14789241/ERR14789241_1.fastq.gz,https://ftp.sra.ebi.ac.uk/vol1/fastq/ERR147/041/ERR14789241/ERR14789241_2.fastq.gz
vmg-2482-ERR3061584,https://ftp.sra.ebi.ac.uk/vol1/fastq/ERR306/004/ERR3061584/ERR3061584_1.fastq.gz,https://ftp.sra.ebi.ac.uk/vol1/fastq/ERR306/004/ERR3061584/ERR3061584_2.fastq.gz
vmg-2483-ERR10749769,https://ftp.sra.ebi.ac.uk/vol1/fastq/ERR107/069/ERR10749769/ERR10749769_1.fastq.gz,https://ftp.sra.ebi.ac.uk/vol1/fastq/ERR107/069/ERR10749769/ERR10749769_2.fastq.gz
vmg-2484-ERR11020409,https://ftp.sra.ebi.ac.uk/vol1/fastq/ERR110/009/ERR11020409/ERR11020409_1.fastq.gz,https://ftp.sra.ebi.ac.uk/vol1/fastq/ERR110/009/ERR11020409/ERR11020409_2.fastq.gz
vmg-2485-ERR12327645,https://ftp.sra.ebi.ac.uk/vol1/fastq/ERR123/045/ERR12327645/ERR12327645_1.fastq.gz,https://ftp.sra.ebi.ac.uk/vol1/fastq/ERR123/045/ERR12327645/ERR12327645_2.fastq.gz
vmg-2486-ERR3955157,https://ftp.sra.ebi.ac.uk/vol1/fastq/ERR395/007/ERR3955157/ERR3955157_1.fastq.gz,https://ftp.sra.ebi.ac.uk/vol1/fastq/ERR395/007/ERR3955157/ERR3955157_2.fastq.gz
vmg-2487-ERR14195377,https://ftp.sra.ebi.ac.uk/vol1/fastq/ERR141/077/ERR14195377/ERR14195377_1.fastq.gz,https://ftp.sra.ebi.ac.uk/vol1/fastq/ERR141/077/ERR14195377/ERR14195377_2.fastq.gz
vmg-2488-ERR14211523,https://ftp.sra.ebi.ac.uk/vol1/fastq/ERR142/023/ERR14211523/ERR14211523_1.fastq.gz,https://ftp.sra.ebi.ac.uk/vol1/fastq/ERR142/023/ERR14211523/ERR14211523_2.fastq.gz
vmg-2489-DRR735037,https://ftp.sra.ebi.ac.uk/vol1/fastq/DRR735/DRR735037/DRR735037_1.fastq.gz,https://ftp.sra.ebi.ac.uk/vol1/fastq/DRR735/DRR735037/DRR735037_2.fastq.gz
vmg-2490-ERR13391688,https://ftp.sra.ebi.ac.uk/vol1/fastq/ERR133/088/ERR13391688/ERR13391688_1.fastq.gz,https://ftp.sra.ebi.ac.uk/vol1/fastq/ERR133/088/ERR13391688/ERR13391688_2.fastq.gz
vmg-2491-ERR14802024,https://ftp.sra.ebi.ac.uk/vol1/fastq/ERR148/024/ERR14802024/ERR14802024_1.fastq.gz,https://ftp.sra.ebi.ac.uk/vol1/fastq/ERR148/024/ERR14802024/ERR14802024_2.fastq.gz
vmg-2492-ERR2747554,https://ftp.sra.ebi.ac.uk/vol1/fastq/ERR274/004/ERR2747554/ERR2747554_1.fastq.gz,https://ftp.sra.ebi.ac.uk/vol1/fastq/ERR274/004/ERR2747554/ERR2747554_2.fastq.gz
vmg-2493-DRR212734,https://ftp.sra.ebi.ac.uk/vol1/fastq/DRR212/DRR212734/DRR212734_1.fastq.gz,https://ftp.sra.ebi.ac.uk/vol1/fastq/DRR212/DRR212734/DRR212734_2.fastq.gz
vmg-2494-ERR3726729,https://ftp.sra.ebi.ac.uk/vol1/fastq/ERR372/009/ERR3726729/ERR3726729_1.fastq.gz,https://ftp.sra.ebi.ac.uk/vol1/fastq/ERR372/009/ERR3726729/ERR3726729_2.fastq.gz
vmg-2495-ERR2608430,https://ftp.sra.ebi.ac.uk/vol1/fastq/ERR260/000/ERR2608430/ERR2608430_1.fastq.gz,https://ftp.sra.ebi.ac.uk/vol1/fastq/ERR260/000/ERR2608430/ERR2608430_2.fastq.gz
vmg-2496-ERR11456463,https://ftp.sra.ebi.ac.uk/vol1/fastq/ERR114/063/ERR11456463/ERR11456463_1.fastq.gz,https://ftp.sra.ebi.ac.uk/vol1/fastq/ERR114/063/ERR11456463/ERR11456463_2.fastq.gz
vmg-2497-ERR14211463,https://ftp.sra.ebi.ac.uk/vol1/fastq/ERR142/063/ERR14211463/ERR14211463_1.fastq.gz,https://ftp.sra.ebi.ac.uk/vol1/fastq/ERR142/063/ERR14211463/ERR14211463_2.fastq.gz
vmg-2498-ERR2608216,https://ftp.sra.ebi.ac.uk/vol1/fastq/ERR260/006/ERR2608216/ERR2608216_1.fastq.gz,https://ftp.sra.ebi.ac.uk/vol1/fastq/ERR260/006/ERR2608216/ERR2608216_2.fastq.gz
vmg-2499-ERR2734388,https://ftp.sra.ebi.ac.uk/vol1/fastq/ERR273/008/ERR2734388/ERR2734388_1.fastq.gz,https://ftp.sra.ebi.ac.uk/vol1/fastq/ERR273/008/ERR2734388/ERR2734388_2.fastq.gz
vmg-2500-ERR2608198,https://ftp.sra.ebi.ac.uk/vol1/fastq/ERR260/008/ERR2608198/ERR2608198_1.fastq.gz,https://ftp.sra.ebi.ac.uk/vol1/fastq/ERR260/008/ERR2608198/ERR2608198_2.fastq.gz
vmg-2501-ERR14789051,https://ftp.sra.ebi.ac.uk/vol1/fastq/ERR147/051/ERR14789051/ERR14789051_1.fastq.gz,https://ftp.sra.ebi.ac.uk/vol1/fastq/ERR147/051/ERR14789051/ERR14789051_2.fastq.gz
vmg-2502-ERR10880593,https://ftp.sra.ebi.ac.uk/vol1/fastq/ERR108/093/ERR10880593/ERR10880593_1.fastq.gz,https://ftp.sra.ebi.ac.uk/vol1/fastq/ERR108/093/ERR10880593/ERR10880593_2.fastq.gz
vmg-2503-ERR3955895,https://ftp.sra.ebi.ac.uk/vol1/fastq/ERR395/005/ERR3955895/ERR3955895_1.fastq.gz,https://ftp.sra.ebi.ac.uk/vol1/fastq/ERR395/005/ERR3955895/ERR3955895_2.fastq.gz
vmg-2504-ERR14802860,https://ftp.sra.ebi.ac.uk/vol1/fastq/ERR148/060/ERR14802860/ERR14802860_1.fastq.gz,https://ftp.sra.ebi.ac.uk/vol1/fastq/ERR148/060/ERR14802860/ERR14802860_2.fastq.gz
vmg-2505-ERR14194670,https://ftp.sra.ebi.ac.uk/vol1/fastq/ERR141/070/ERR14194670/ERR14194670_1.fastq.gz,https://ftp.sra.ebi.ac.uk/vol1/fastq/ERR141/070/ERR14194670/ERR14194670_2.fastq.gz
vmg-2506-ERR14210816,https://ftp.sra.ebi.ac.uk/vol1/fastq/ERR142/016/ERR14210816/ERR14210816_1.fastq.gz,https://ftp.sra.ebi.ac.uk/vol1/fastq/ERR142/016/ERR14210816/ERR14210816_2.fastq.gz
vmg-2507-ERR14927661,https://ftp.sra.ebi.ac.uk/vol1/fastq/ERR149/061/ERR14927661/ERR14927661_1.fastq.gz,https://ftp.sra.ebi.ac.uk/vol1/fastq/ERR149/061/ERR14927661/ERR14927661_2.fastq.gz
vmg-2508-ERR14060881,https://ftp.sra.ebi.ac.uk/vol1/fastq/ERR140/081/ERR14060881/ERR14060881_1.fastq.gz,https://ftp.sra.ebi.ac.uk/vol1/fastq/ERR140/081/ERR14060881/ERR14060881_2.fastq.gz
vmg-2509-ERR4181513,https://ftp.sra.ebi.ac.uk/vol1/fastq/ERR418/003/ERR4181513/ERR4181513_1.fastq.gz,https://ftp.sra.ebi.ac.uk/vol1/fastq/ERR418/003/ERR4181513/ERR4181513_2.fastq.gz
vmg-2510-ERR11815145,https://ftp.sra.ebi.ac.uk/vol1/fastq/ERR118/045/ERR11815145/ERR11815145_1.fastq.gz,https://ftp.sra.ebi.ac.uk/vol1/fastq/ERR118/045/ERR11815145/ERR11815145_2.fastq.gz
vmg-2511-ERR13392525,https://ftp.sra.ebi.ac.uk/vol1/fastq/ERR133/025/ERR13392525/ERR13392525_1.fastq.gz,https://ftp.sra.ebi.ac.uk/vol1/fastq/ERR133/025/ERR13392525/ERR13392525_2.fastq.gz
vmg-2512-ERR14864239,https://ftp.sra.ebi.ac.uk/vol1/fastq/ERR148/039/ERR14864239/ERR14864239_1.fastq.gz,https://ftp.sra.ebi.ac.uk/vol1/fastq/ERR148/039/ERR14864239/ERR14864239_2.fastq.gz
vmg-2513-ERR3932455,https://ftp.sra.ebi.ac.uk/vol1/fastq/ERR393/005/ERR3932455/ERR3932455_1.fastq.gz,https://ftp.sra.ebi.ac.uk/vol1/fastq/ERR393/005/ERR3932455/ERR3932455_2.fastq.gz
vmg-2514-ERR14210878,https://ftp.sra.ebi.ac.uk/vol1/fastq/ERR142/078/ERR14210878/ERR14210878_1.fastq.gz,https://ftp.sra.ebi.ac.uk/vol1/fastq/ERR142/078/ERR14210878/ERR14210878_2.fastq.gz
vmg-2515-DRR229364,https://ftp.sra.ebi.ac.uk/vol1/fastq/DRR229/DRR229364/DRR229364_1.fastq.gz,https://ftp.sra.ebi.ac.uk/vol1/fastq/DRR229/DRR229364/DRR229364_2.fastq.gz
vmg-2516-ERR16998631,https://ftp.sra.ebi.ac.uk/vol1/fastq/ERR169/031/ERR16998631/ERR16998631_1.fastq.gz,https://ftp.sra.ebi.ac.uk/vol1/fastq/ERR169/031/ERR16998631/ERR16998631_2.fastq.gz
vmg-2517-ERR2987840,https://ftp.sra.ebi.ac.uk/vol1/fastq/ERR298/000/ERR2987840/ERR2987840_1.fastq.gz,https://ftp.sra.ebi.ac.uk/vol1/fastq/ERR298/000/ERR2987840/ERR2987840_2.fastq.gz
vmg-2518-DRR175983,https://ftp.sra.ebi.ac.uk/vol1/fastq/DRR175/DRR175983/DRR175983_1.fastq.gz,https://ftp.sra.ebi.ac.uk/vol1/fastq/DRR175/DRR175983/DRR175983_2.fastq.gz
vmg-2519-ERR16908442,https://ftp.sra.ebi.ac.uk/vol1/fastq/ERR169/042/ERR16908442/ERR16908442_1.fastq.gz,https://ftp.sra.ebi.ac.uk/vol1/fastq/ERR169/042/ERR16908442/ERR16908442_2.fastq.gz
vmg-2520-ERR2611531,https://ftp.sra.ebi.ac.uk/vol1/fastq/ERR261/001/ERR2611531/ERR2611531_1.fastq.gz,https://ftp.sra.ebi.ac.uk/vol1/fastq/ERR261/001/ERR2611531/ERR2611531_2.fastq.gz
vmg-2521-ERR3699659,https://ftp.sra.ebi.ac.uk/vol1/fastq/ERR369/009/ERR3699659/ERR3699659_1.fastq.gz,https://ftp.sra.ebi.ac.uk/vol1/fastq/ERR369/009/ERR3699659/ERR3699659_2.fastq.gz
vmg-2522-DRR735033,https://ftp.sra.ebi.ac.uk/vol1/fastq/DRR735/DRR735033/DRR735033_1.fastq.gz,https://ftp.sra.ebi.ac.uk/vol1/fastq/DRR735/DRR735033/DRR735033_2.fastq.gz
vmg-2523-ERR14194688,https://ftp.sra.ebi.ac.uk/vol1/fastq/ERR141/088/ERR14194688/ERR14194688_1.fastq.gz,https://ftp.sra.ebi.ac.uk/vol1/fastq/ERR141/088/ERR14194688/ERR14194688_2.fastq.gz
vmg-2524-ERR3955250,https://ftp.sra.ebi.ac.uk/vol1/fastq/ERR395/000/ERR3955250/ERR3955250_1.fastq.gz,https://ftp.sra.ebi.ac.uk/vol1/fastq/ERR395/000/ERR3955250/ERR3955250_2.fastq.gz
vmg-2525-ERR14801857,https://ftp.sra.ebi.ac.uk/vol1/fastq/ERR148/057/ERR14801857/ERR14801857_1.fastq.gz,https://ftp.sra.ebi.ac.uk/vol1/fastq/ERR148/057/ERR14801857/ERR14801857_2.fastq.gz
vmg-2526-ERR10207447,https://ftp.sra.ebi.ac.uk/vol1/fastq/ERR102/047/ERR10207447/ERR10207447_1.fastq.gz,https://ftp.sra.ebi.ac.uk/vol1/fastq/ERR102/047/ERR10207447/ERR10207447_2.fastq.gz
vmg-2527-DRR774176,https://ftp.sra.ebi.ac.uk/vol1/fastq/DRR774/DRR774176/DRR774176_1.fastq.gz,https://ftp.sra.ebi.ac.uk/vol1/fastq/DRR774/DRR774176/DRR774176_2.fastq.gz
vmg-2528-ERR14044026,https://ftp.sra.ebi.ac.uk/vol1/fastq/ERR140/026/ERR14044026/ERR14044026_1.fastq.gz,https://ftp.sra.ebi.ac.uk/vol1/fastq/ERR140/026/ERR14044026/ERR14044026_2.fastq.gz
vmg-2529-ERR4337872,https://ftp.sra.ebi.ac.uk/vol1/fastq/ERR433/002/ERR4337872/ERR4337872_1.fastq.gz,https://ftp.sra.ebi.ac.uk/vol1/fastq/ERR433/002/ERR4337872/ERR4337872_2.fastq.gz
vmg-2530-ERR15114871,https://ftp.sra.ebi.ac.uk/vol1/fastq/ERR151/071/ERR15114871/ERR15114871_1.fastq.gz,https://ftp.sra.ebi.ac.uk/vol1/fastq/ERR151/071/ERR15114871/ERR15114871_2.fastq.gz
vmg-2531-ERR3969588,https://ftp.sra.ebi.ac.uk/vol1/fastq/ERR396/008/ERR3969588/ERR3969588_1.fastq.gz,https://ftp.sra.ebi.ac.uk/vol1/fastq/ERR396/008/ERR3969588/ERR3969588_2.fastq.gz
vmg-2532-ERR11627462,https://ftp.sra.ebi.ac.uk/vol1/fastq/ERR116/062/ERR11627462/ERR11627462_1.fastq.gz,https://ftp.sra.ebi.ac.uk/vol1/fastq/ERR116/062/ERR11627462/ERR11627462_2.fastq.gz
vmg-2533-ERR12316802,https://ftp.sra.ebi.ac.uk/vol1/fastq/ERR123/002/ERR12316802/ERR12316802_1.fastq.gz,https://ftp.sra.ebi.ac.uk/vol1/fastq/ERR123/002/ERR12316802/ERR12316802_2.fastq.gz
vmg-2534-ERR14210800,https://ftp.sra.ebi.ac.uk/vol1/fastq/ERR142/000/ERR14210800/ERR14210800_1.fastq.gz,https://ftp.sra.ebi.ac.uk/vol1/fastq/ERR142/000/ERR14210800/ERR14210800_2.fastq.gz
vmg-2535-ERR14194654,https://ftp.sra.ebi.ac.uk/vol1/fastq/ERR141/054/ERR14194654/ERR14194654_1.fastq.gz,https://ftp.sra.ebi.ac.uk/vol1/fastq/ERR141/054/ERR14194654/ERR14194654_2.fastq.gz
vmg-2536-ERR15338010,https://ftp.sra.ebi.ac.uk/vol1/fastq/ERR153/010/ERR15338010/ERR15338010_1.fastq.gz,https://ftp.sra.ebi.ac.uk/vol1/fastq/ERR153/010/ERR15338010/ERR15338010_2.fastq.gz
vmg-2537-ERR16717203,https://ftp.sra.ebi.ac.uk/vol1/fastq/ERR167/003/ERR16717203/ERR16717203_1.fastq.gz,https://ftp.sra.ebi.ac.uk/vol1/fastq/ERR167/003/ERR16717203/ERR16717203_2.fastq.gz
vmg-2538-ERR2608330,https://ftp.sra.ebi.ac.uk/vol1/fastq/ERR260/000/ERR2608330/ERR2608330_1.fastq.gz,https://ftp.sra.ebi.ac.uk/vol1/fastq/ERR260/000/ERR2608330/ERR2608330_2.fastq.gz
vmg-2539-ERR16729361,https://ftp.sra.ebi.ac.uk/vol1/fastq/ERR167/061/ERR16729361/ERR16729361_1.fastq.gz,https://ftp.sra.ebi.ac.uk/vol1/fastq/ERR167/061/ERR16729361/ERR16729361_2.fastq.gz
vmg-2540-ERR3699675,https://ftp.sra.ebi.ac.uk/vol1/fastq/ERR369/005/ERR3699675/ERR3699675_1.fastq.gz,https://ftp.sra.ebi.ac.uk/vol1/fastq/ERR369/005/ERR3699675/ERR3699675_2.fastq.gz
vmg-2541-ERR14194792,https://ftp.sra.ebi.ac.uk/vol1/fastq/ERR141/092/ERR14194792/ERR14194792_1.fastq.gz,https://ftp.sra.ebi.ac.uk/vol1/fastq/ERR141/092/ERR14194792/ERR14194792_2.fastq.gz
vmg-2542-ERR3061588,https://ftp.sra.ebi.ac.uk/vol1/fastq/ERR306/008/ERR3061588/ERR3061588_1.fastq.gz,https://ftp.sra.ebi.ac.uk/vol1/fastq/ERR306/008/ERR3061588/ERR3061588_2.fastq.gz
vmg-2543-ERR14854480,https://ftp.sra.ebi.ac.uk/vol1/fastq/ERR148/080/ERR14854480/ERR14854480_1.fastq.gz,https://ftp.sra.ebi.ac.uk/vol1/fastq/ERR148/080/ERR14854480/ERR14854480_2.fastq.gz
vmg-2544-ERR14194879,https://ftp.sra.ebi.ac.uk/vol1/fastq/ERR141/079/ERR14194879/ERR14194879_1.fastq.gz,https://ftp.sra.ebi.ac.uk/vol1/fastq/ERR141/079/ERR14194879/ERR14194879_2.fastq.gz
vmg-2545-ERR14211025,https://ftp.sra.ebi.ac.uk/vol1/fastq/ERR142/025/ERR14211025/ERR14211025_1.fastq.gz,https://ftp.sra.ebi.ac.uk/vol1/fastq/ERR142/025/ERR14211025/ERR14211025_2.fastq.gz
vmg-2546-ERR11146103,https://ftp.sra.ebi.ac.uk/vol1/fastq/ERR111/003/ERR11146103/ERR11146103_1.fastq.gz,https://ftp.sra.ebi.ac.uk/vol1/fastq/ERR111/003/ERR11146103/ERR11146103_2.fastq.gz
vmg-2547-ERR12556249,https://ftp.sra.ebi.ac.uk/vol1/fastq/ERR125/049/ERR12556249/ERR12556249_1.fastq.gz,https://ftp.sra.ebi.ac.uk/vol1/fastq/ERR125/049/ERR12556249/ERR12556249_2.fastq.gz
vmg-2548-ERR2736006,https://ftp.sra.ebi.ac.uk/vol1/fastq/ERR273/006/ERR2736006/ERR2736006_1.fastq.gz,https://ftp.sra.ebi.ac.uk/vol1/fastq/ERR273/006/ERR2736006/ERR2736006_2.fastq.gz
vmg-2549-DRR777402,https://ftp.sra.ebi.ac.uk/vol1/fastq/DRR777/DRR777402/DRR777402_1.fastq.gz,https://ftp.sra.ebi.ac.uk/vol1/fastq/DRR777/DRR777402/DRR777402_2.fastq.gz
vmg-2550-ERR3954957,https://ftp.sra.ebi.ac.uk/vol1/fastq/ERR395/007/ERR3954957/ERR3954957_1.fastq.gz,https://ftp.sra.ebi.ac.uk/vol1/fastq/ERR395/007/ERR3954957/ERR3954957_2.fastq.gz
vmg-2551-ERR3955871,https://ftp.sra.ebi.ac.uk/vol1/fastq/ERR395/001/ERR3955871/ERR3955871_1.fastq.gz,https://ftp.sra.ebi.ac.uk/vol1/fastq/ERR395/001/ERR3955871/ERR3955871_2.fastq.gz
vmg-2552-ERR16024254,https://ftp.sra.ebi.ac.uk/vol1/fastq/ERR160/054/ERR16024254/ERR16024254_1.fastq.gz,https://ftp.sra.ebi.ac.uk/vol1/fastq/ERR160/054/ERR16024254/ERR16024254_2.fastq.gz
vmg-2553-ERR13911219,https://ftp.sra.ebi.ac.uk/vol1/fastq/ERR139/019/ERR13911219/ERR13911219_1.fastq.gz,https://ftp.sra.ebi.ac.uk/vol1/fastq/ERR139/019/ERR13911219/ERR13911219_2.fastq.gz
vmg-2554-ERR2608467,https://ftp.sra.ebi.ac.uk/vol1/fastq/ERR260/007/ERR2608467/ERR2608467_1.fastq.gz,https://ftp.sra.ebi.ac.uk/vol1/fastq/ERR260/007/ERR2608467/ERR2608467_2.fastq.gz
vmg-2555-ERR10773770,https://ftp.sra.ebi.ac.uk/vol1/fastq/ERR107/070/ERR10773770/ERR10773770_1.fastq.gz,https://ftp.sra.ebi.ac.uk/vol1/fastq/ERR107/070/ERR10773770/ERR10773770_2.fastq.gz
vmg-2556-ERR3839750,https://ftp.sra.ebi.ac.uk/vol1/fastq/ERR383/000/ERR3839750/ERR3839750_1.fastq.gz,https://ftp.sra.ebi.ac.uk/vol1/fastq/ERR383/000/ERR3839750/ERR3839750_2.fastq.gz
vmg-2557-ERR16714511,https://ftp.sra.ebi.ac.uk/vol1/fastq/ERR167/011/ERR16714511/ERR16714511_1.fastq.gz,https://ftp.sra.ebi.ac.uk/vol1/fastq/ERR167/011/ERR16714511/ERR16714511_2.fastq.gz
vmg-2558-ERR14789394,https://ftp.sra.ebi.ac.uk/vol1/fastq/ERR147/094/ERR14789394/ERR14789394_1.fastq.gz,https://ftp.sra.ebi.ac.uk/vol1/fastq/ERR147/094/ERR14789394/ERR14789394_2.fastq.gz
vmg-2559-ERR2747499,https://ftp.sra.ebi.ac.uk/vol1/fastq/ERR274/009/ERR2747499/ERR2747499_1.fastq.gz,https://ftp.sra.ebi.ac.uk/vol1/fastq/ERR274/009/ERR2747499/ERR2747499_2.fastq.gz
vmg-2560-ERR12555697,https://ftp.sra.ebi.ac.uk/vol1/fastq/ERR125/097/ERR12555697/ERR12555697_1.fastq.gz,https://ftp.sra.ebi.ac.uk/vol1/fastq/ERR125/097/ERR12555697/ERR12555697_2.fastq.gz
vmg-2561-ERR2011842,https://ftp.sra.ebi.ac.uk/vol1/fastq/ERR201/002/ERR2011842/ERR2011842_1.fastq.gz,https://ftp.sra.ebi.ac.uk/vol1/fastq/ERR201/002/ERR2011842/ERR2011842_2.fastq.gz
vmg-2562-ERR14211080,https://ftp.sra.ebi.ac.uk/vol1/fastq/ERR142/080/ERR14211080/ERR14211080_1.fastq.gz,https://ftp.sra.ebi.ac.uk/vol1/fastq/ERR142/080/ERR14211080/ERR14211080_2.fastq.gz
vmg-2563-ERR3955012,https://ftp.sra.ebi.ac.uk/vol1/fastq/ERR395/002/ERR3955012/ERR3955012_1.fastq.gz,https://ftp.sra.ebi.ac.uk/vol1/fastq/ERR395/002/ERR3955012/ERR3955012_2.fastq.gz
vmg-2564-ERR2608317,https://ftp.sra.ebi.ac.uk/vol1/fastq/ERR260/007/ERR2608317/ERR2608317_1.fastq.gz,https://ftp.sra.ebi.ac.uk/vol1/fastq/ERR260/007/ERR2608317/ERR2608317_2.fastq.gz
vmg-2565-ERR16719878,https://ftp.sra.ebi.ac.uk/vol1/fastq/ERR167/078/ERR16719878/ERR16719878_1.fastq.gz,https://ftp.sra.ebi.ac.uk/vol1/fastq/ERR167/078/ERR16719878/ERR16719878_2.fastq.gz
vmg-2566-ERR13230418,https://ftp.sra.ebi.ac.uk/vol1/fastq/ERR132/018/ERR13230418/ERR13230418_1.fastq.gz,https://ftp.sra.ebi.ac.uk/vol1/fastq/ERR132/018/ERR13230418/ERR13230418_2.fastq.gz
vmg-2567-ERR3771502,https://ftp.sra.ebi.ac.uk/vol1/fastq/ERR377/002/ERR3771502/ERR3771502_1.fastq.gz,https://ftp.sra.ebi.ac.uk/vol1/fastq/ERR377/002/ERR3771502/ERR3771502_2.fastq.gz
vmg-2568-ERR16908629,https://ftp.sra.ebi.ac.uk/vol1/fastq/ERR169/029/ERR16908629/ERR16908629_1.fastq.gz,https://ftp.sra.ebi.ac.uk/vol1/fastq/ERR169/029/ERR16908629/ERR16908629_2.fastq.gz
vmg-2569-ERR14801985,https://ftp.sra.ebi.ac.uk/vol1/fastq/ERR148/085/ERR14801985/ERR14801985_1.fastq.gz,https://ftp.sra.ebi.ac.uk/vol1/fastq/ERR148/085/ERR14801985/ERR14801985_2.fastq.gz
vmg-2570-ERR12828251,https://ftp.sra.ebi.ac.uk/vol1/fastq/ERR128/051/ERR12828251/ERR12828251_1.fastq.gz,https://ftp.sra.ebi.ac.uk/vol1/fastq/ERR128/051/ERR12828251/ERR12828251_2.fastq.gz
vmg-2571-ERR10986319,https://ftp.sra.ebi.ac.uk/vol1/fastq/ERR109/019/ERR10986319/ERR10986319_1.fastq.gz,https://ftp.sra.ebi.ac.uk/vol1/fastq/ERR109/019/ERR10986319/ERR10986319_2.fastq.gz
vmg-2572-ERR14211392,https://ftp.sra.ebi.ac.uk/vol1/fastq/ERR142/092/ERR14211392/ERR14211392_1.fastq.gz,https://ftp.sra.ebi.ac.uk/vol1/fastq/ERR142/092/ERR14211392/ERR14211392_2.fastq.gz
vmg-2573-ERR16010153,https://ftp.sra.ebi.ac.uk/vol1/fastq/ERR160/053/ERR16010153/ERR16010153_1.fastq.gz,https://ftp.sra.ebi.ac.uk/vol1/fastq/ERR160/053/ERR16010153/ERR16010153_2.fastq.gz
vmg-2574-ERR3684249,https://ftp.sra.ebi.ac.uk/vol1/fastq/ERR368/009/ERR3684249/ERR3684249_1.fastq.gz,https://ftp.sra.ebi.ac.uk/vol1/fastq/ERR368/009/ERR3684249/ERR3684249_2.fastq.gz
vmg-2575-ERR10881919,https://ftp.sra.ebi.ac.uk/vol1/fastq/ERR108/019/ERR10881919/ERR10881919_1.fastq.gz,https://ftp.sra.ebi.ac.uk/vol1/fastq/ERR108/019/ERR10881919/ERR10881919_2.fastq.gz
vmg-2576-ERR3969696,https://ftp.sra.ebi.ac.uk/vol1/fastq/ERR396/006/ERR3969696/ERR3969696_1.fastq.gz,https://ftp.sra.ebi.ac.uk/vol1/fastq/ERR396/006/ERR3969696/ERR3969696_2.fastq.gz
vmg-2577-DRR633352,https://ftp.sra.ebi.ac.uk/vol1/fastq/DRR633/DRR633352/DRR633352_1.fastq.gz,https://ftp.sra.ebi.ac.uk/vol1/fastq/DRR633/DRR633352/DRR633352_2.fastq.gz
vmg-2578-ERR16729044,https://ftp.sra.ebi.ac.uk/vol1/fastq/ERR167/044/ERR16729044/ERR16729044_1.fastq.gz,https://ftp.sra.ebi.ac.uk/vol1/fastq/ERR167/044/ERR16729044/ERR16729044_2.fastq.gz
vmg-2579-ERR2608262,https://ftp.sra.ebi.ac.uk/vol1/fastq/ERR260/002/ERR2608262/ERR2608262_1.fastq.gz,https://ftp.sra.ebi.ac.uk/vol1/fastq/ERR260/002/ERR2608262/ERR2608262_2.fastq.gz
vmg-2580-ERR14194880,https://ftp.sra.ebi.ac.uk/vol1/fastq/ERR141/080/ERR14194880/ERR14194880_1.fastq.gz,https://ftp.sra.ebi.ac.uk/vol1/fastq/ERR141/080/ERR14194880/ERR14194880_2.fastq.gz
vmg-2581-ERR14211026,https://ftp.sra.ebi.ac.uk/vol1/fastq/ERR142/026/ERR14211026/ERR14211026_1.fastq.gz,https://ftp.sra.ebi.ac.uk/vol1/fastq/ERR142/026/ERR14211026/ERR14211026_2.fastq.gz
vmg-2582-ERR12556321,https://ftp.sra.ebi.ac.uk/vol1/fastq/ERR125/021/ERR12556321/ERR12556321_1.fastq.gz,https://ftp.sra.ebi.ac.uk/vol1/fastq/ERR125/021/ERR12556321/ERR12556321_2.fastq.gz
vmg-2583-ERR16713122,https://ftp.sra.ebi.ac.uk/vol1/fastq/ERR167/022/ERR16713122/ERR16713122_1.fastq.gz,https://ftp.sra.ebi.ac.uk/vol1/fastq/ERR167/022/ERR16713122/ERR16713122_2.fastq.gz
vmg-2584-ERR16024655,https://ftp.sra.ebi.ac.uk/vol1/fastq/ERR160/055/ERR16024655/ERR16024655_1.fastq.gz,https://ftp.sra.ebi.ac.uk/vol1/fastq/ERR160/055/ERR16024655/ERR16024655_2.fastq.gz
vmg-2585-ERR3955770,https://ftp.sra.ebi.ac.uk/vol1/fastq/ERR395/000/ERR3955770/ERR3955770_1.fastq.gz,https://ftp.sra.ebi.ac.uk/vol1/fastq/ERR395/000/ERR3955770/ERR3955770_2.fastq.gz
vmg-2586-ERR2747528,https://ftp.sra.ebi.ac.uk/vol1/fastq/ERR274/008/ERR2747528/ERR2747528_1.fastq.gz,https://ftp.sra.ebi.ac.uk/vol1/fastq/ERR274/008/ERR2747528/ERR2747528_2.fastq.gz
vmg-2587-ERR3061561,https://ftp.sra.ebi.ac.uk/vol1/fastq/ERR306/001/ERR3061561/ERR3061561_1.fastq.gz,https://ftp.sra.ebi.ac.uk/vol1/fastq/ERR306/001/ERR3061561/ERR3061561_2.fastq.gz
vmg-2588-ERR13392099,https://ftp.sra.ebi.ac.uk/vol1/fastq/ERR133/099/ERR13392099/ERR13392099_1.fastq.gz,https://ftp.sra.ebi.ac.uk/vol1/fastq/ERR133/099/ERR13392099/ERR13392099_2.fastq.gz
vmg-2589-ERR2608301,https://ftp.sra.ebi.ac.uk/vol1/fastq/ERR260/001/ERR2608301/ERR2608301_1.fastq.gz,https://ftp.sra.ebi.ac.uk/vol1/fastq/ERR260/001/ERR2608301/ERR2608301_2.fastq.gz
vmg-2590-ERR2747538,https://ftp.sra.ebi.ac.uk/vol1/fastq/ERR274/008/ERR2747538/ERR2747538_1.fastq.gz,https://ftp.sra.ebi.ac.uk/vol1/fastq/ERR274/008/ERR2747538/ERR2747538_2.fastq.gz
vmg-2591-ERR2608282,https://ftp.sra.ebi.ac.uk/vol1/fastq/ERR260/002/ERR2608282/ERR2608282_1.fastq.gz,https://ftp.sra.ebi.ac.uk/vol1/fastq/ERR260/002/ERR2608282/ERR2608282_2.fastq.gz
vmg-2592-ERR3061563,https://ftp.sra.ebi.ac.uk/vol1/fastq/ERR306/003/ERR3061563/ERR3061563_1.fastq.gz,https://ftp.sra.ebi.ac.uk/vol1/fastq/ERR306/003/ERR3061563/ERR3061563_2.fastq.gz
vmg-2593-ERR3684217,https://ftp.sra.ebi.ac.uk/vol1/fastq/ERR368/007/ERR3684217/ERR3684217_1.fastq.gz,https://ftp.sra.ebi.ac.uk/vol1/fastq/ERR368/007/ERR3684217/ERR3684217_2.fastq.gz
vmg-2594-ERR16908477,https://ftp.sra.ebi.ac.uk/vol1/fastq/ERR169/077/ERR16908477/ERR16908477_1.fastq.gz,https://ftp.sra.ebi.ac.uk/vol1/fastq/ERR169/077/ERR16908477/ERR16908477_2.fastq.gz
vmg-2595-ERR16710871,https://ftp.sra.ebi.ac.uk/vol1/fastq/ERR167/071/ERR16710871/ERR16710871_1.fastq.gz,https://ftp.sra.ebi.ac.uk/vol1/fastq/ERR167/071/ERR16710871/ERR16710871_2.fastq.gz
vmg-2596-ERR11441781,https://ftp.sra.ebi.ac.uk/vol1/fastq/ERR114/081/ERR11441781/ERR11441781_1.fastq.gz,https://ftp.sra.ebi.ac.uk/vol1/fastq/ERR114/081/ERR11441781/ERR11441781_2.fastq.gz
vmg-2597-ERR3061576,https://ftp.sra.ebi.ac.uk/vol1/fastq/ERR306/006/ERR3061576/ERR3061576_1.fastq.gz,https://ftp.sra.ebi.ac.uk/vol1/fastq/ERR306/006/ERR3061576/ERR3061576_2.fastq.gz
vmg-2598-ERR12308558,https://ftp.sra.ebi.ac.uk/vol1/fastq/ERR123/058/ERR12308558/ERR12308558_1.fastq.gz,https://ftp.sra.ebi.ac.uk/vol1/fastq/ERR123/058/ERR12308558/ERR12308558_2.fastq.gz
vmg-2599-ERR12206722,https://ftp.sra.ebi.ac.uk/vol1/fastq/ERR122/022/ERR12206722/ERR12206722_1.fastq.gz,https://ftp.sra.ebi.ac.uk/vol1/fastq/ERR122/022/ERR12206722/ERR12206722_2.fastq.gz
vmg-2600-ERR2608447,https://ftp.sra.ebi.ac.uk/vol1/fastq/ERR260/007/ERR2608447/ERR2608447_1.fastq.gz,https://ftp.sra.ebi.ac.uk/vol1/fastq/ERR260/007/ERR2608447/ERR2608447_2.fastq.gz
vmg-2601-ERR14195189,https://ftp.sra.ebi.ac.uk/vol1/fastq/ERR141/089/ERR14195189/ERR14195189_1.fastq.gz,https://ftp.sra.ebi.ac.uk/vol1/fastq/ERR141/089/ERR14195189/ERR14195189_2.fastq.gz
vmg-2602-ERR14789491,https://ftp.sra.ebi.ac.uk/vol1/fastq/ERR147/091/ERR14789491/ERR14789491_1.fastq.gz,https://ftp.sra.ebi.ac.uk/vol1/fastq/ERR147/091/ERR14789491/ERR14789491_2.fastq.gz
vmg-2603-ERR17462869,https://ftp.sra.ebi.ac.uk/vol1/fastq/ERR174/069/ERR17462869/ERR17462869_1.fastq.gz,https://ftp.sra.ebi.ac.uk/vol1/fastq/ERR174/069/ERR17462869/ERR17462869_2.fastq.gz
vmg-2604-ERR14802909,https://ftp.sra.ebi.ac.uk/vol1/fastq/ERR148/009/ERR14802909/ERR14802909_1.fastq.gz,https://ftp.sra.ebi.ac.uk/vol1/fastq/ERR148/009/ERR14802909/ERR14802909_2.fastq.gz
vmg-2605-ERR14999189,https://ftp.sra.ebi.ac.uk/vol1/fastq/ERR149/089/ERR14999189/ERR14999189_1.fastq.gz,https://ftp.sra.ebi.ac.uk/vol1/fastq/ERR149/089/ERR14999189/ERR14999189_2.fastq.gz
vmg-2606-ERR2608383,https://ftp.sra.ebi.ac.uk/vol1/fastq/ERR260/003/ERR2608383/ERR2608383_1.fastq.gz,https://ftp.sra.ebi.ac.uk/vol1/fastq/ERR260/003/ERR2608383/ERR2608383_2.fastq.gz
vmg-2607-ERR11020550,https://ftp.sra.ebi.ac.uk/vol1/fastq/ERR110/050/ERR11020550/ERR11020550_1.fastq.gz,https://ftp.sra.ebi.ac.uk/vol1/fastq/ERR110/050/ERR11020550/ERR11020550_2.fastq.gz
vmg-2608-DRR636993,https://ftp.sra.ebi.ac.uk/vol1/fastq/DRR636/DRR636993/DRR636993_1.fastq.gz,https://ftp.sra.ebi.ac.uk/vol1/fastq/DRR636/DRR636993/DRR636993_2.fastq.gz
vmg-2609-ERR14946176,https://ftp.sra.ebi.ac.uk/vol1/fastq/ERR149/076/ERR14946176/ERR14946176_1.fastq.gz,https://ftp.sra.ebi.ac.uk/vol1/fastq/ERR149/076/ERR14946176/ERR14946176_2.fastq.gz
vmg-2610-ERR3969627,https://ftp.sra.ebi.ac.uk/vol1/fastq/ERR396/007/ERR3969627/ERR3969627_1.fastq.gz,https://ftp.sra.ebi.ac.uk/vol1/fastq/ERR396/007/ERR3969627/ERR3969627_2.fastq.gz
vmg-2611-ERR12520458,https://ftp.sra.ebi.ac.uk/vol1/fastq/ERR125/058/ERR12520458/ERR12520458_1.fastq.gz,https://ftp.sra.ebi.ac.uk/vol1/fastq/ERR125/058/ERR12520458/ERR12520458_2.fastq.gz
vmg-2612-ERR13391869,https://ftp.sra.ebi.ac.uk/vol1/fastq/ERR133/069/ERR13391869/ERR13391869_1.fastq.gz,https://ftp.sra.ebi.ac.uk/vol1/fastq/ERR133/069/ERR13391869/ERR13391869_2.fastq.gz
vmg-2613-ERR14789160,https://ftp.sra.ebi.ac.uk/vol1/fastq/ERR147/060/ERR14789160/ERR14789160_1.fastq.gz,https://ftp.sra.ebi.ac.uk/vol1/fastq/ERR147/060/ERR14789160/ERR14789160_2.fastq.gz
vmg-2614-ERR2608470,https://ftp.sra.ebi.ac.uk/vol1/fastq/ERR260/000/ERR2608470/ERR2608470_1.fastq.gz,https://ftp.sra.ebi.ac.uk/vol1/fastq/ERR260/000/ERR2608470/ERR2608470_2.fastq.gz
vmg-2615-ERR14195351,https://ftp.sra.ebi.ac.uk/vol1/fastq/ERR141/051/ERR14195351/ERR14195351_1.fastq.gz,https://ftp.sra.ebi.ac.uk/vol1/fastq/ERR141/051/ERR14195351/ERR14195351_2.fastq.gz
vmg-2616-ERR2747572,https://ftp.sra.ebi.ac.uk/vol1/fastq/ERR274/002/ERR2747572/ERR2747572_1.fastq.gz,https://ftp.sra.ebi.ac.uk/vol1/fastq/ERR274/002/ERR2747572/ERR2747572_2.fastq.gz
vmg-2617-ERR14946067,https://ftp.sra.ebi.ac.uk/vol1/fastq/ERR149/067/ERR14946067/ERR14946067_1.fastq.gz,https://ftp.sra.ebi.ac.uk/vol1/fastq/ERR149/067/ERR14946067/ERR14946067_2.fastq.gz
vmg-2618-ERR11489814,https://ftp.sra.ebi.ac.uk/vol1/fastq/ERR114/014/ERR11489814/ERR11489814_1.fastq.gz,https://ftp.sra.ebi.ac.uk/vol1/fastq/ERR114/014/ERR11489814/ERR11489814_2.fastq.gz
vmg-2619-ERR14953628,https://ftp.sra.ebi.ac.uk/vol1/fastq/ERR149/028/ERR14953628/ERR14953628_1.fastq.gz,https://ftp.sra.ebi.ac.uk/vol1/fastq/ERR149/028/ERR14953628/ERR14953628_2.fastq.gz
vmg-2620-ERR14927688,https://ftp.sra.ebi.ac.uk/vol1/fastq/ERR149/088/ERR14927688/ERR14927688_1.fastq.gz,https://ftp.sra.ebi.ac.uk/vol1/fastq/ERR149/088/ERR14927688/ERR14927688_2.fastq.gz
vmg-2621-ERR10749606,https://ftp.sra.ebi.ac.uk/vol1/fastq/ERR107/006/ERR10749606/ERR10749606_1.fastq.gz,https://ftp.sra.ebi.ac.uk/vol1/fastq/ERR107/006/ERR10749606/ERR10749606_2.fastq.gz
vmg-2622-ERR3728232,https://ftp.sra.ebi.ac.uk/vol1/fastq/ERR372/002/ERR3728232/ERR3728232_1.fastq.gz,https://ftp.sra.ebi.ac.uk/vol1/fastq/ERR372/002/ERR3728232/ERR3728232_2.fastq.gz
vmg-2623-ERR12220456,https://ftp.sra.ebi.ac.uk/vol1/fastq/ERR122/056/ERR12220456/ERR12220456_1.fastq.gz,https://ftp.sra.ebi.ac.uk/vol1/fastq/ERR122/056/ERR12220456/ERR12220456_2.fastq.gz
vmg-2624-ERR3969629,https://ftp.sra.ebi.ac.uk/vol1/fastq/ERR396/009/ERR3969629/ERR3969629_1.fastq.gz,https://ftp.sra.ebi.ac.uk/vol1/fastq/ERR396/009/ERR3969629/ERR3969629_2.fastq.gz
vmg-2625-ERR2747540,https://ftp.sra.ebi.ac.uk/vol1/fastq/ERR274/000/ERR2747540/ERR2747540_1.fastq.gz,https://ftp.sra.ebi.ac.uk/vol1/fastq/ERR274/000/ERR2747540/ERR2747540_2.fastq.gz
vmg-2626-ERR4503555,https://ftp.sra.ebi.ac.uk/vol1/fastq/ERR450/005/ERR4503555/ERR4503555_1.fastq.gz,https://ftp.sra.ebi.ac.uk/vol1/fastq/ERR450/005/ERR4503555/ERR4503555_2.fastq.gz
vmg-2627-ERR14211525,https://ftp.sra.ebi.ac.uk/vol1/fastq/ERR142/025/ERR14211525/ERR14211525_1.fastq.gz,https://ftp.sra.ebi.ac.uk/vol1/fastq/ERR142/025/ERR14211525/ERR14211525_2.fastq.gz
vmg-2628-DRR735471,https://ftp.sra.ebi.ac.uk/vol1/fastq/DRR735/DRR735471/DRR735471_1.fastq.gz,https://ftp.sra.ebi.ac.uk/vol1/fastq/DRR735/DRR735471/DRR735471_2.fastq.gz
vmg-2629-ERR17273061,https://ftp.sra.ebi.ac.uk/vol1/fastq/ERR172/061/ERR17273061/ERR17273061_1.fastq.gz,https://ftp.sra.ebi.ac.uk/vol1/fastq/ERR172/061/ERR17273061/ERR17273061_2.fastq.gz
vmg-2630-ERR3955492,https://ftp.sra.ebi.ac.uk/vol1/fastq/ERR395/002/ERR3955492/ERR3955492_1.fastq.gz,https://ftp.sra.ebi.ac.uk/vol1/fastq/ERR395/002/ERR3955492/ERR3955492_2.fastq.gz
vmg-2631-ERR14210796,https://ftp.sra.ebi.ac.uk/vol1/fastq/ERR142/096/ERR14210796/ERR14210796_1.fastq.gz,https://ftp.sra.ebi.ac.uk/vol1/fastq/ERR142/096/ERR14210796/ERR14210796_2.fastq.gz
vmg-2632-ERR14854135,https://ftp.sra.ebi.ac.uk/vol1/fastq/ERR148/035/ERR14854135/ERR14854135_1.fastq.gz,https://ftp.sra.ebi.ac.uk/vol1/fastq/ERR148/035/ERR14854135/ERR14854135_2.fastq.gz
vmg-2633-ERR14194836,https://ftp.sra.ebi.ac.uk/vol1/fastq/ERR141/036/ERR14194836/ERR14194836_1.fastq.gz,https://ftp.sra.ebi.ac.uk/vol1/fastq/ERR141/036/ERR14194836/ERR14194836_2.fastq.gz
vmg-2634-ERR14195670,https://ftp.sra.ebi.ac.uk/vol1/fastq/ERR141/070/ERR14195670/ERR14195670_1.fastq.gz,https://ftp.sra.ebi.ac.uk/vol1/fastq/ERR141/070/ERR14195670/ERR14195670_2.fastq.gz
vmg-2635-ERR14211816,https://ftp.sra.ebi.ac.uk/vol1/fastq/ERR142/016/ERR14211816/ERR14211816_1.fastq.gz,https://ftp.sra.ebi.ac.uk/vol1/fastq/ERR142/016/ERR14211816/ERR14211816_2.fastq.gz
vmg-2636-ERR14195692,https://ftp.sra.ebi.ac.uk/vol1/fastq/ERR141/092/ERR14195692/ERR14195692_1.fastq.gz,https://ftp.sra.ebi.ac.uk/vol1/fastq/ERR141/092/ERR14195692/ERR14195692_2.fastq.gz
vmg-2637-ERR12038291,https://ftp.sra.ebi.ac.uk/vol1/fastq/ERR120/091/ERR12038291/ERR12038291_1.fastq.gz,https://ftp.sra.ebi.ac.uk/vol1/fastq/ERR120/091/ERR12038291/ERR12038291_2.fastq.gz
vmg-2638-ERR12219392,https://ftp.sra.ebi.ac.uk/vol1/fastq/ERR122/092/ERR12219392/ERR12219392_1.fastq.gz,https://ftp.sra.ebi.ac.uk/vol1/fastq/ERR122/092/ERR12219392/ERR12219392_2.fastq.gz
vmg-2639-ERR13392007,https://ftp.sra.ebi.ac.uk/vol1/fastq/ERR133/007/ERR13392007/ERR13392007_1.fastq.gz,https://ftp.sra.ebi.ac.uk/vol1/fastq/ERR133/007/ERR13392007/ERR13392007_2.fastq.gz
vmg-2640-ERR16023955,https://ftp.sra.ebi.ac.uk/vol1/fastq/ERR160/055/ERR16023955/ERR16023955_1.fastq.gz,https://ftp.sra.ebi.ac.uk/vol1/fastq/ERR160/055/ERR16023955/ERR16023955_2.fastq.gz
vmg-2641-ERR2608185,https://ftp.sra.ebi.ac.uk/vol1/fastq/ERR260/005/ERR2608185/ERR2608185_1.fastq.gz,https://ftp.sra.ebi.ac.uk/vol1/fastq/ERR260/005/ERR2608185/ERR2608185_2.fastq.gz
vmg-2642-ERR2608503,https://ftp.sra.ebi.ac.uk/vol1/fastq/ERR260/003/ERR2608503/ERR2608503_1.fastq.gz,https://ftp.sra.ebi.ac.uk/vol1/fastq/ERR260/003/ERR2608503/ERR2608503_2.fastq.gz
vmg-2643-ERR2611537,https://ftp.sra.ebi.ac.uk/vol1/fastq/ERR261/007/ERR2611537/ERR2611537_1.fastq.gz,https://ftp.sra.ebi.ac.uk/vol1/fastq/ERR261/007/ERR2611537/ERR2611537_2.fastq.gz
vmg-2644-ERR17463677,https://ftp.sra.ebi.ac.uk/vol1/fastq/ERR174/077/ERR17463677/ERR17463677_1.fastq.gz,https://ftp.sra.ebi.ac.uk/vol1/fastq/ERR174/077/ERR17463677/ERR17463677_2.fastq.gz
vmg-2645-ERR2608316,https://ftp.sra.ebi.ac.uk/vol1/fastq/ERR260/006/ERR2608316/ERR2608316_1.fastq.gz,https://ftp.sra.ebi.ac.uk/vol1/fastq/ERR260/006/ERR2608316/ERR2608316_2.fastq.gz
vmg-2646-ERR12556072,https://ftp.sra.ebi.ac.uk/vol1/fastq/ERR125/072/ERR12556072/ERR12556072_1.fastq.gz,https://ftp.sra.ebi.ac.uk/vol1/fastq/ERR125/072/ERR12556072/ERR12556072_2.fastq.gz
vmg-2647-ERR15667896,https://ftp.sra.ebi.ac.uk/vol1/fastq/ERR156/096/ERR15667896/ERR15667896_1.fastq.gz,https://ftp.sra.ebi.ac.uk/vol1/fastq/ERR156/096/ERR15667896/ERR15667896_2.fastq.gz
vmg-2648-DRR777234,https://ftp.sra.ebi.ac.uk/vol1/fastq/DRR777/DRR777234/DRR777234_1.fastq.gz,https://ftp.sra.ebi.ac.uk/vol1/fastq/DRR777/DRR777234/DRR777234_2.fastq.gz
vmg-2649-ERR2608339,https://ftp.sra.ebi.ac.uk/vol1/fastq/ERR260/009/ERR2608339/ERR2608339_1.fastq.gz,https://ftp.sra.ebi.ac.uk/vol1/fastq/ERR260/009/ERR2608339/ERR2608339_2.fastq.gz
vmg-2650-ERR4503150,https://ftp.sra.ebi.ac.uk/vol1/fastq/ERR450/000/ERR4503150/ERR4503150_1.fastq.gz,https://ftp.sra.ebi.ac.uk/vol1/fastq/ERR450/000/ERR4503150/ERR4503150_2.fastq.gz
vmg-2651-ERR2734376,https://ftp.sra.ebi.ac.uk/vol1/fastq/ERR273/006/ERR2734376/ERR2734376_1.fastq.gz,https://ftp.sra.ebi.ac.uk/vol1/fastq/ERR273/006/ERR2734376/ERR2734376_2.fastq.gz
vmg-2652-ERR2735965,https://ftp.sra.ebi.ac.uk/vol1/fastq/ERR273/005/ERR2735965/ERR2735965_1.fastq.gz,https://ftp.sra.ebi.ac.uk/vol1/fastq/ERR273/005/ERR2735965/ERR2735965_2.fastq.gz
vmg-2653-ERR12520455,https://ftp.sra.ebi.ac.uk/vol1/fastq/ERR125/055/ERR12520455/ERR12520455_1.fastq.gz,https://ftp.sra.ebi.ac.uk/vol1/fastq/ERR125/055/ERR12520455/ERR12520455_2.fastq.gz
vmg-2654-ERR14952503,https://ftp.sra.ebi.ac.uk/vol1/fastq/ERR149/003/ERR14952503/ERR14952503_1.fastq.gz,https://ftp.sra.ebi.ac.uk/vol1/fastq/ERR149/003/ERR14952503/ERR14952503_2.fastq.gz
vmg-2655-ERR10207600,https://ftp.sra.ebi.ac.uk/vol1/fastq/ERR102/000/ERR10207600/ERR10207600_1.fastq.gz,https://ftp.sra.ebi.ac.uk/vol1/fastq/ERR102/000/ERR10207600/ERR10207600_2.fastq.gz
vmg-2656-ERR12556071,https://ftp.sra.ebi.ac.uk/vol1/fastq/ERR125/071/ERR12556071/ERR12556071_1.fastq.gz,https://ftp.sra.ebi.ac.uk/vol1/fastq/ERR125/071/ERR12556071/ERR12556071_2.fastq.gz
vmg-2657-DRR859163,https://ftp.sra.ebi.ac.uk/vol1/fastq/DRR859/DRR859163/DRR859163_1.fastq.gz,https://ftp.sra.ebi.ac.uk/vol1/fastq/DRR859/DRR859163/DRR859163_2.fastq.gz
vmg-2658-ERR12520445,https://ftp.sra.ebi.ac.uk/vol1/fastq/ERR125/045/ERR12520445/ERR12520445_1.fastq.gz,https://ftp.sra.ebi.ac.uk/vol1/fastq/ERR125/045/ERR12520445/ERR12520445_2.fastq.gz
vmg-2659-ERR16730059,https://ftp.sra.ebi.ac.uk/vol1/fastq/ERR167/059/ERR16730059/ERR16730059_1.fastq.gz,https://ftp.sra.ebi.ac.uk/vol1/fastq/ERR167/059/ERR16730059/ERR16730059_2.fastq.gz
vmg-2660-ERR10897666,https://ftp.sra.ebi.ac.uk/vol1/fastq/ERR108/066/ERR10897666/ERR10897666_1.fastq.gz,https://ftp.sra.ebi.ac.uk/vol1/fastq/ERR108/066/ERR10897666/ERR10897666_2.fastq.gz
vmg-2661-ERR14211364,https://ftp.sra.ebi.ac.uk/vol1/fastq/ERR142/064/ERR14211364/ERR14211364_1.fastq.gz,https://ftp.sra.ebi.ac.uk/vol1/fastq/ERR142/064/ERR14211364/ERR14211364_2.fastq.gz
vmg-2662-ERR14195218,https://ftp.sra.ebi.ac.uk/vol1/fastq/ERR141/018/ERR14195218/ERR14195218_1.fastq.gz,https://ftp.sra.ebi.ac.uk/vol1/fastq/ERR141/018/ERR14195218/ERR14195218_2.fastq.gz
vmg-2663-ERR16003811,https://ftp.sra.ebi.ac.uk/vol1/fastq/ERR160/011/ERR16003811/ERR16003811_1.fastq.gz,https://ftp.sra.ebi.ac.uk/vol1/fastq/ERR160/011/ERR16003811/ERR16003811_2.fastq.gz
vmg-2664-ERR14927737,https://ftp.sra.ebi.ac.uk/vol1/fastq/ERR149/037/ERR14927737/ERR14927737_1.fastq.gz,https://ftp.sra.ebi.ac.uk/vol1/fastq/ERR149/037/ERR14927737/ERR14927737_2.fastq.gz
vmg-2665-ERR3771506,https://ftp.sra.ebi.ac.uk/vol1/fastq/ERR377/006/ERR3771506/ERR3771506_1.fastq.gz,https://ftp.sra.ebi.ac.uk/vol1/fastq/ERR377/006/ERR3771506/ERR3771506_2.fastq.gz
vmg-2666-ERR14801668,https://ftp.sra.ebi.ac.uk/vol1/fastq/ERR148/068/ERR14801668/ERR14801668_1.fastq.gz,https://ftp.sra.ebi.ac.uk/vol1/fastq/ERR148/068/ERR14801668/ERR14801668_2.fastq.gz
vmg-2667-ERR2580716,https://ftp.sra.ebi.ac.uk/vol1/fastq/ERR258/006/ERR2580716/ERR2580716_1.fastq.gz,https://ftp.sra.ebi.ac.uk/vol1/fastq/ERR258/006/ERR2580716/ERR2580716_2.fastq.gz
vmg-2668-ERR2611633,https://ftp.sra.ebi.ac.uk/vol1/fastq/ERR261/003/ERR2611633/ERR2611633_1.fastq.gz,https://ftp.sra.ebi.ac.uk/vol1/fastq/ERR261/003/ERR2611633/ERR2611633_2.fastq.gz
vmg-2669-ERR3955475,https://ftp.sra.ebi.ac.uk/vol1/fastq/ERR395/005/ERR3955475/ERR3955475_1.fastq.gz,https://ftp.sra.ebi.ac.uk/vol1/fastq/ERR395/005/ERR3955475/ERR3955475_2.fastq.gz
vmg-2670-ERR15667864,https://ftp.sra.ebi.ac.uk/vol1/fastq/ERR156/064/ERR15667864/ERR15667864_1.fastq.gz,https://ftp.sra.ebi.ac.uk/vol1/fastq/ERR156/064/ERR15667864/ERR15667864_2.fastq.gz
vmg-2671-DRR229334,https://ftp.sra.ebi.ac.uk/vol1/fastq/DRR229/DRR229334/DRR229334_1.fastq.gz,https://ftp.sra.ebi.ac.uk/vol1/fastq/DRR229/DRR229334/DRR229334_2.fastq.gz
vmg-2672-ERR2608408,https://ftp.sra.ebi.ac.uk/vol1/fastq/ERR260/008/ERR2608408/ERR2608408_1.fastq.gz,https://ftp.sra.ebi.ac.uk/vol1/fastq/ERR260/008/ERR2608408/ERR2608408_2.fastq.gz
vmg-2673-ERR12556584,https://ftp.sra.ebi.ac.uk/vol1/fastq/ERR125/084/ERR12556584/ERR12556584_1.fastq.gz,https://ftp.sra.ebi.ac.uk/vol1/fastq/ERR125/084/ERR12556584/ERR12556584_2.fastq.gz
vmg-2674-ERR15136007,https://ftp.sra.ebi.ac.uk/vol1/fastq/ERR151/007/ERR15136007/ERR15136007_1.fastq.gz,https://ftp.sra.ebi.ac.uk/vol1/fastq/ERR151/007/ERR15136007/ERR15136007_2.fastq.gz
vmg-2675-ERR14211522,https://ftp.sra.ebi.ac.uk/vol1/fastq/ERR142/022/ERR14211522/ERR14211522_1.fastq.gz,https://ftp.sra.ebi.ac.uk/vol1/fastq/ERR142/022/ERR14211522/ERR14211522_2.fastq.gz
vmg-2676-ERR16147336,https://ftp.sra.ebi.ac.uk/vol1/fastq/ERR161/036/ERR16147336/ERR16147336_1.fastq.gz,https://ftp.sra.ebi.ac.uk/vol1/fastq/ERR161/036/ERR16147336/ERR16147336_2.fastq.gz
vmg-2677-ERR16713509,https://ftp.sra.ebi.ac.uk/vol1/fastq/ERR167/009/ERR16713509/ERR16713509_1.fastq.gz,https://ftp.sra.ebi.ac.uk/vol1/fastq/ERR167/009/ERR16713509/ERR16713509_2.fastq.gz
vmg-2678-ERR3955005,https://ftp.sra.ebi.ac.uk/vol1/fastq/ERR395/005/ERR3955005/ERR3955005_1.fastq.gz,https://ftp.sra.ebi.ac.uk/vol1/fastq/ERR395/005/ERR3955005/ERR3955005_2.fastq.gz
vmg-2679-ERR16024439,https://ftp.sra.ebi.ac.uk/vol1/fastq/ERR160/039/ERR16024439/ERR16024439_1.fastq.gz,https://ftp.sra.ebi.ac.uk/vol1/fastq/ERR160/039/ERR16024439/ERR16024439_2.fastq.gz
vmg-2680-ERR12520592,https://ftp.sra.ebi.ac.uk/vol1/fastq/ERR125/092/ERR12520592/ERR12520592_1.fastq.gz,https://ftp.sra.ebi.ac.uk/vol1/fastq/ERR125/092/ERR12520592/ERR12520592_2.fastq.gz
vmg-2681-ERR16010558,https://ftp.sra.ebi.ac.uk/vol1/fastq/ERR160/058/ERR16010558/ERR16010558_1.fastq.gz,https://ftp.sra.ebi.ac.uk/vol1/fastq/ERR160/058/ERR16010558/ERR16010558_2.fastq.gz
vmg-2682-ERR12038275,https://ftp.sra.ebi.ac.uk/vol1/fastq/ERR120/075/ERR12038275/ERR12038275_1.fastq.gz,https://ftp.sra.ebi.ac.uk/vol1/fastq/ERR120/075/ERR12038275/ERR12038275_2.fastq.gz
vmg-2683-ERR12520347,https://ftp.sra.ebi.ac.uk/vol1/fastq/ERR125/047/ERR12520347/ERR12520347_1.fastq.gz,https://ftp.sra.ebi.ac.uk/vol1/fastq/ERR125/047/ERR12520347/ERR12520347_2.fastq.gz
vmg-2684-ERR14999174,https://ftp.sra.ebi.ac.uk/vol1/fastq/ERR149/074/ERR14999174/ERR14999174_1.fastq.gz,https://ftp.sra.ebi.ac.uk/vol1/fastq/ERR149/074/ERR14999174/ERR14999174_2.fastq.gz
vmg-2685-ERR14789470,https://ftp.sra.ebi.ac.uk/vol1/fastq/ERR147/070/ERR14789470/ERR14789470_1.fastq.gz,https://ftp.sra.ebi.ac.uk/vol1/fastq/ERR147/070/ERR14789470/ERR14789470_2.fastq.gz
vmg-2686-ERR16908497,https://ftp.sra.ebi.ac.uk/vol1/fastq/ERR169/097/ERR16908497/ERR16908497_1.fastq.gz,https://ftp.sra.ebi.ac.uk/vol1/fastq/ERR169/097/ERR16908497/ERR16908497_2.fastq.gz
vmg-2687-ERR2580710,https://ftp.sra.ebi.ac.uk/vol1/fastq/ERR258/000/ERR2580710/ERR2580710_1.fastq.gz,https://ftp.sra.ebi.ac.uk/vol1/fastq/ERR258/000/ERR2580710/ERR2580710_2.fastq.gz
vmg-2688-ERR12219391,https://ftp.sra.ebi.ac.uk/vol1/fastq/ERR122/091/ERR12219391/ERR12219391_1.fastq.gz,https://ftp.sra.ebi.ac.uk/vol1/fastq/ERR122/091/ERR12219391/ERR12219391_2.fastq.gz
vmg-2689-ERR14061566,https://ftp.sra.ebi.ac.uk/vol1/fastq/ERR140/066/ERR14061566/ERR14061566_1.fastq.gz,https://ftp.sra.ebi.ac.uk/vol1/fastq/ERR140/066/ERR14061566/ERR14061566_2.fastq.gz
vmg-2690-ERR10683108,https://ftp.sra.ebi.ac.uk/vol1/fastq/ERR106/008/ERR10683108/ERR10683108_1.fastq.gz,https://ftp.sra.ebi.ac.uk/vol1/fastq/ERR106/008/ERR10683108/ERR10683108_2.fastq.gz
vmg-2691-ERR14789142,https://ftp.sra.ebi.ac.uk/vol1/fastq/ERR147/042/ERR14789142/ERR14789142_1.fastq.gz,https://ftp.sra.ebi.ac.uk/vol1/fastq/ERR147/042/ERR14789142/ERR14789142_2.fastq.gz
vmg-2692-ERR11704931,https://ftp.sra.ebi.ac.uk/vol1/fastq/ERR117/031/ERR11704931/ERR11704931_1.fastq.gz,https://ftp.sra.ebi.ac.uk/vol1/fastq/ERR117/031/ERR11704931/ERR11704931_2.fastq.gz
vmg-2693-ERR12308541,https://ftp.sra.ebi.ac.uk/vol1/fastq/ERR123/041/ERR12308541/ERR12308541_1.fastq.gz,https://ftp.sra.ebi.ac.uk/vol1/fastq/ERR123/041/ERR12308541/ERR12308541_2.fastq.gz
vmg-2694-ERR12329264,https://ftp.sra.ebi.ac.uk/vol1/fastq/ERR123/064/ERR12329264/ERR12329264_1.fastq.gz,https://ftp.sra.ebi.ac.uk/vol1/fastq/ERR123/064/ERR12329264/ERR12329264_2.fastq.gz
vmg-2695-ERR14801536,https://ftp.sra.ebi.ac.uk/vol1/fastq/ERR148/036/ERR14801536/ERR14801536_1.fastq.gz,https://ftp.sra.ebi.ac.uk/vol1/fastq/ERR148/036/ERR14801536/ERR14801536_2.fastq.gz
vmg-2696-ERR2011835,https://ftp.sra.ebi.ac.uk/vol1/fastq/ERR201/005/ERR2011835/ERR2011835_1.fastq.gz,https://ftp.sra.ebi.ac.uk/vol1/fastq/ERR201/005/ERR2011835/ERR2011835_2.fastq.gz
vmg-2697-ERR3682547,https://ftp.sra.ebi.ac.uk/vol1/fastq/ERR368/007/ERR3682547/ERR3682547_1.fastq.gz,https://ftp.sra.ebi.ac.uk/vol1/fastq/ERR368/007/ERR3682547/ERR3682547_2.fastq.gz
vmg-2698-ERR11479616,https://ftp.sra.ebi.ac.uk/vol1/fastq/ERR114/016/ERR11479616/ERR11479616_1.fastq.gz,https://ftp.sra.ebi.ac.uk/vol1/fastq/ERR114/016/ERR11479616/ERR11479616_2.fastq.gz
vmg-2699-ERR12032931,https://ftp.sra.ebi.ac.uk/vol1/fastq/ERR120/031/ERR12032931/ERR12032931_1.fastq.gz,https://ftp.sra.ebi.ac.uk/vol1/fastq/ERR120/031/ERR12032931/ERR12032931_2.fastq.gz
vmg-2700-ERR2735983,https://ftp.sra.ebi.ac.uk/vol1/fastq/ERR273/003/ERR2735983/ERR2735983_1.fastq.gz,https://ftp.sra.ebi.ac.uk/vol1/fastq/ERR273/003/ERR2735983/ERR2735983_2.fastq.gz
vmg-2701-ERR3726535,https://ftp.sra.ebi.ac.uk/vol1/fastq/ERR372/005/ERR3726535/ERR3726535_1.fastq.gz,https://ftp.sra.ebi.ac.uk/vol1/fastq/ERR372/005/ERR3726535/ERR3726535_2.fastq.gz
vmg-2702-ERR13391763,https://ftp.sra.ebi.ac.uk/vol1/fastq/ERR133/063/ERR13391763/ERR13391763_1.fastq.gz,https://ftp.sra.ebi.ac.uk/vol1/fastq/ERR133/063/ERR13391763/ERR13391763_2.fastq.gz
vmg-2703-ERR15135759,https://ftp.sra.ebi.ac.uk/vol1/fastq/ERR151/059/ERR15135759/ERR15135759_1.fastq.gz,https://ftp.sra.ebi.ac.uk/vol1/fastq/ERR151/059/ERR15135759/ERR15135759_2.fastq.gz
vmg-2704-ERR16011135,https://ftp.sra.ebi.ac.uk/vol1/fastq/ERR160/035/ERR16011135/ERR16011135_1.fastq.gz,https://ftp.sra.ebi.ac.uk/vol1/fastq/ERR160/035/ERR16011135/ERR16011135_2.fastq.gz
vmg-2705-ERR15898333,https://ftp.sra.ebi.ac.uk/vol1/fastq/ERR158/033/ERR15898333/ERR15898333_1.fastq.gz,https://ftp.sra.ebi.ac.uk/vol1/fastq/ERR158/033/ERR15898333/ERR15898333_2.fastq.gz
vmg-2706-ERR12520478,https://ftp.sra.ebi.ac.uk/vol1/fastq/ERR125/078/ERR12520478/ERR12520478_1.fastq.gz,https://ftp.sra.ebi.ac.uk/vol1/fastq/ERR125/078/ERR12520478/ERR12520478_2.fastq.gz
vmg-2707-ERR2608365,https://ftp.sra.ebi.ac.uk/vol1/fastq/ERR260/005/ERR2608365/ERR2608365_1.fastq.gz,https://ftp.sra.ebi.ac.uk/vol1/fastq/ERR260/005/ERR2608365/ERR2608365_2.fastq.gz
vmg-2708-ERR3726645,https://ftp.sra.ebi.ac.uk/vol1/fastq/ERR372/005/ERR3726645/ERR3726645_1.fastq.gz,https://ftp.sra.ebi.ac.uk/vol1/fastq/ERR372/005/ERR3726645/ERR3726645_2.fastq.gz
vmg-2709-ERR14195576,https://ftp.sra.ebi.ac.uk/vol1/fastq/ERR141/076/ERR14195576/ERR14195576_1.fastq.gz,https://ftp.sra.ebi.ac.uk/vol1/fastq/ERR141/076/ERR14195576/ERR14195576_2.fastq.gz
vmg-2710-ERR2608344,https://ftp.sra.ebi.ac.uk/vol1/fastq/ERR260/004/ERR2608344/ERR2608344_1.fastq.gz,https://ftp.sra.ebi.ac.uk/vol1/fastq/ERR260/004/ERR2608344/ERR2608344_2.fastq.gz
vmg-2711-ERR16746226,https://ftp.sra.ebi.ac.uk/vol1/fastq/ERR167/026/ERR16746226/ERR16746226_1.fastq.gz,https://ftp.sra.ebi.ac.uk/vol1/fastq/ERR167/026/ERR16746226/ERR16746226_2.fastq.gz
vmg-2712-ERR14195269,https://ftp.sra.ebi.ac.uk/vol1/fastq/ERR141/069/ERR14195269/ERR14195269_1.fastq.gz,https://ftp.sra.ebi.ac.uk/vol1/fastq/ERR141/069/ERR14195269/ERR14195269_2.fastq.gz
vmg-2713-ERR14211415,https://ftp.sra.ebi.ac.uk/vol1/fastq/ERR142/015/ERR14211415/ERR14211415_1.fastq.gz,https://ftp.sra.ebi.ac.uk/vol1/fastq/ERR142/015/ERR14211415/ERR14211415_2.fastq.gz
vmg-2714-ERR2608306,https://ftp.sra.ebi.ac.uk/vol1/fastq/ERR260/006/ERR2608306/ERR2608306_1.fastq.gz,https://ftp.sra.ebi.ac.uk/vol1/fastq/ERR260/006/ERR2608306/ERR2608306_2.fastq.gz
vmg-2715-ERR2736005,https://ftp.sra.ebi.ac.uk/vol1/fastq/ERR273/005/ERR2736005/ERR2736005_1.fastq.gz,https://ftp.sra.ebi.ac.uk/vol1/fastq/ERR273/005/ERR2736005/ERR2736005_2.fastq.gz
vmg-2716-ERR13392620,https://ftp.sra.ebi.ac.uk/vol1/fastq/ERR133/020/ERR13392620/ERR13392620_1.fastq.gz,https://ftp.sra.ebi.ac.uk/vol1/fastq/ERR133/020/ERR13392620/ERR13392620_2.fastq.gz
vmg-2717-ERR11669348,https://ftp.sra.ebi.ac.uk/vol1/fastq/ERR116/048/ERR11669348/ERR11669348_1.fastq.gz,https://ftp.sra.ebi.ac.uk/vol1/fastq/ERR116/048/ERR11669348/ERR11669348_2.fastq.gz
vmg-2718-ERR3699621,https://ftp.sra.ebi.ac.uk/vol1/fastq/ERR369/001/ERR3699621/ERR3699621_1.fastq.gz,https://ftp.sra.ebi.ac.uk/vol1/fastq/ERR369/001/ERR3699621/ERR3699621_2.fastq.gz
vmg-2719-ERR16908488,https://ftp.sra.ebi.ac.uk/vol1/fastq/ERR169/088/ERR16908488/ERR16908488_1.fastq.gz,https://ftp.sra.ebi.ac.uk/vol1/fastq/ERR169/088/ERR16908488/ERR16908488_2.fastq.gz
vmg-2720-ERR2608543,https://ftp.sra.ebi.ac.uk/vol1/fastq/ERR260/003/ERR2608543/ERR2608543_1.fastq.gz,https://ftp.sra.ebi.ac.uk/vol1/fastq/ERR260/003/ERR2608543/ERR2608543_2.fastq.gz
vmg-2721-ERR14789350,https://ftp.sra.ebi.ac.uk/vol1/fastq/ERR147/050/ERR14789350/ERR14789350_1.fastq.gz,https://ftp.sra.ebi.ac.uk/vol1/fastq/ERR147/050/ERR14789350/ERR14789350_2.fastq.gz
vmg-2722-ERR14999827,https://ftp.sra.ebi.ac.uk/vol1/fastq/ERR149/027/ERR14999827/ERR14999827_1.fastq.gz,https://ftp.sra.ebi.ac.uk/vol1/fastq/ERR149/027/ERR14999827/ERR14999827_2.fastq.gz
vmg-2723-ERR2977202,https://ftp.sra.ebi.ac.uk/vol1/fastq/ERR297/002/ERR2977202/ERR2977202_1.fastq.gz,https://ftp.sra.ebi.ac.uk/vol1/fastq/ERR297/002/ERR2977202/ERR2977202_2.fastq.gz
vmg-2724-ERR16713718,https://ftp.sra.ebi.ac.uk/vol1/fastq/ERR167/018/ERR16713718/ERR16713718_1.fastq.gz,https://ftp.sra.ebi.ac.uk/vol1/fastq/ERR167/018/ERR16713718/ERR16713718_2.fastq.gz
vmg-2725-ERR10749510,https://ftp.sra.ebi.ac.uk/vol1/fastq/ERR107/010/ERR10749510/ERR10749510_1.fastq.gz,https://ftp.sra.ebi.ac.uk/vol1/fastq/ERR107/010/ERR10749510/ERR10749510_2.fastq.gz
vmg-2726-ERR14049347,https://ftp.sra.ebi.ac.uk/vol1/fastq/ERR140/047/ERR14049347/ERR14049347_1.fastq.gz,https://ftp.sra.ebi.ac.uk/vol1/fastq/ERR140/047/ERR14049347/ERR14049347_2.fastq.gz
vmg-2727-ERR2608245,https://ftp.sra.ebi.ac.uk/vol1/fastq/ERR260/005/ERR2608245/ERR2608245_1.fastq.gz,https://ftp.sra.ebi.ac.uk/vol1/fastq/ERR260/005/ERR2608245/ERR2608245_2.fastq.gz
vmg-2728-ERR14194894,https://ftp.sra.ebi.ac.uk/vol1/fastq/ERR141/094/ERR14194894/ERR14194894_1.fastq.gz,https://ftp.sra.ebi.ac.uk/vol1/fastq/ERR141/094/ERR14194894/ERR14194894_2.fastq.gz
vmg-2729-ERR3040682,https://ftp.sra.ebi.ac.uk/vol1/fastq/ERR304/002/ERR3040682/ERR3040682_1.fastq.gz,https://ftp.sra.ebi.ac.uk/vol1/fastq/ERR304/002/ERR3040682/ERR3040682_2.fastq.gz
vmg-2730-ERR2608249,https://ftp.sra.ebi.ac.uk/vol1/fastq/ERR260/009/ERR2608249/ERR2608249_1.fastq.gz,https://ftp.sra.ebi.ac.uk/vol1/fastq/ERR260/009/ERR2608249/ERR2608249_2.fastq.gz
vmg-2731-ERR12520579,https://ftp.sra.ebi.ac.uk/vol1/fastq/ERR125/079/ERR12520579/ERR12520579_1.fastq.gz,https://ftp.sra.ebi.ac.uk/vol1/fastq/ERR125/079/ERR12520579/ERR12520579_2.fastq.gz
vmg-2732-ERR14211285,https://ftp.sra.ebi.ac.uk/vol1/fastq/ERR142/085/ERR14211285/ERR14211285_1.fastq.gz,https://ftp.sra.ebi.ac.uk/vol1/fastq/ERR142/085/ERR14211285/ERR14211285_2.fastq.gz
vmg-2733-ERR12032865,https://ftp.sra.ebi.ac.uk/vol1/fastq/ERR120/065/ERR12032865/ERR12032865_1.fastq.gz,https://ftp.sra.ebi.ac.uk/vol1/fastq/ERR120/065/ERR12032865/ERR12032865_2.fastq.gz
vmg-2734-ERR3682559,https://ftp.sra.ebi.ac.uk/vol1/fastq/ERR368/009/ERR3682559/ERR3682559_1.fastq.gz,https://ftp.sra.ebi.ac.uk/vol1/fastq/ERR368/009/ERR3682559/ERR3682559_2.fastq.gz
vmg-2735-ERR16711547,https://ftp.sra.ebi.ac.uk/vol1/fastq/ERR167/047/ERR16711547/ERR16711547_1.fastq.gz,https://ftp.sra.ebi.ac.uk/vol1/fastq/ERR167/047/ERR16711547/ERR16711547_2.fastq.gz
vmg-2736-ERR2608434,https://ftp.sra.ebi.ac.uk/vol1/fastq/ERR260/004/ERR2608434/ERR2608434_1.fastq.gz,https://ftp.sra.ebi.ac.uk/vol1/fastq/ERR260/004/ERR2608434/ERR2608434_2.fastq.gz
vmg-2737-ERR16004023,https://ftp.sra.ebi.ac.uk/vol1/fastq/ERR160/023/ERR16004023/ERR16004023_1.fastq.gz,https://ftp.sra.ebi.ac.uk/vol1/fastq/ERR160/023/ERR16004023/ERR16004023_2.fastq.gz
vmg-2738-ERR3954995,https://ftp.sra.ebi.ac.uk/vol1/fastq/ERR395/005/ERR3954995/ERR3954995_1.fastq.gz,https://ftp.sra.ebi.ac.uk/vol1/fastq/ERR395/005/ERR3954995/ERR3954995_2.fastq.gz
vmg-2739-ERR14946270,https://ftp.sra.ebi.ac.uk/vol1/fastq/ERR149/070/ERR14946270/ERR14946270_1.fastq.gz,https://ftp.sra.ebi.ac.uk/vol1/fastq/ERR149/070/ERR14946270/ERR14946270_2.fastq.gz
vmg-2740-ERR3932383,https://ftp.sra.ebi.ac.uk/vol1/fastq/ERR393/003/ERR3932383/ERR3932383_1.fastq.gz,https://ftp.sra.ebi.ac.uk/vol1/fastq/ERR393/003/ERR3932383/ERR3932383_2.fastq.gz
vmg-2741-ERR12316791,https://ftp.sra.ebi.ac.uk/vol1/fastq/ERR123/091/ERR12316791/ERR12316791_1.fastq.gz,https://ftp.sra.ebi.ac.uk/vol1/fastq/ERR123/091/ERR12316791/ERR12316791_2.fastq.gz
vmg-2742-ERR12086002,https://ftp.sra.ebi.ac.uk/vol1/fastq/ERR120/002/ERR12086002/ERR12086002_1.fastq.gz,https://ftp.sra.ebi.ac.uk/vol1/fastq/ERR120/002/ERR12086002/ERR12086002_2.fastq.gz
vmg-2743-ERR14864007,https://ftp.sra.ebi.ac.uk/vol1/fastq/ERR148/007/ERR14864007/ERR14864007_1.fastq.gz,https://ftp.sra.ebi.ac.uk/vol1/fastq/ERR148/007/ERR14864007/ERR14864007_2.fastq.gz
vmg-2744-ERR10898238,https://ftp.sra.ebi.ac.uk/vol1/fastq/ERR108/038/ERR10898238/ERR10898238_1.fastq.gz,https://ftp.sra.ebi.ac.uk/vol1/fastq/ERR108/038/ERR10898238/ERR10898238_2.fastq.gz
vmg-2745-ERR13491474,https://ftp.sra.ebi.ac.uk/vol1/fastq/ERR134/074/ERR13491474/ERR13491474_1.fastq.gz,https://ftp.sra.ebi.ac.uk/vol1/fastq/ERR134/074/ERR13491474/ERR13491474_2.fastq.gz
vmg-2746-ERR12086007,https://ftp.sra.ebi.ac.uk/vol1/fastq/ERR120/007/ERR12086007/ERR12086007_1.fastq.gz,https://ftp.sra.ebi.ac.uk/vol1/fastq/ERR120/007/ERR12086007/ERR12086007_2.fastq.gz
vmg-2747-ERR15135642,https://ftp.sra.ebi.ac.uk/vol1/fastq/ERR151/042/ERR15135642/ERR15135642_1.fastq.gz,https://ftp.sra.ebi.ac.uk/vol1/fastq/ERR151/042/ERR15135642/ERR15135642_2.fastq.gz
vmg-2748-ERR2608254,https://ftp.sra.ebi.ac.uk/vol1/fastq/ERR260/004/ERR2608254/ERR2608254_1.fastq.gz,https://ftp.sra.ebi.ac.uk/vol1/fastq/ERR260/004/ERR2608254/ERR2608254_2.fastq.gz
vmg-2749-ERR14211901,https://ftp.sra.ebi.ac.uk/vol1/fastq/ERR142/001/ERR14211901/ERR14211901_1.fastq.gz,https://ftp.sra.ebi.ac.uk/vol1/fastq/ERR142/001/ERR14211901/ERR14211901_2.fastq.gz
vmg-2750-ERR14195756,https://ftp.sra.ebi.ac.uk/vol1/fastq/ERR141/056/ERR14195756/ERR14195756_1.fastq.gz,https://ftp.sra.ebi.ac.uk/vol1/fastq/ERR141/056/ERR14195756/ERR14195756_2.fastq.gz
vmg-2751-ERR10207806,https://ftp.sra.ebi.ac.uk/vol1/fastq/ERR102/006/ERR10207806/ERR10207806_1.fastq.gz,https://ftp.sra.ebi.ac.uk/vol1/fastq/ERR102/006/ERR10207806/ERR10207806_2.fastq.gz
vmg-2752-ERR12316808,https://ftp.sra.ebi.ac.uk/vol1/fastq/ERR123/008/ERR12316808/ERR12316808_1.fastq.gz,https://ftp.sra.ebi.ac.uk/vol1/fastq/ERR123/008/ERR12316808/ERR12316808_2.fastq.gz
vmg-2753-ERR3699684,https://ftp.sra.ebi.ac.uk/vol1/fastq/ERR369/004/ERR3699684/ERR3699684_1.fastq.gz,https://ftp.sra.ebi.ac.uk/vol1/fastq/ERR369/004/ERR3699684/ERR3699684_2.fastq.gz
vmg-2754-DRR774170,https://ftp.sra.ebi.ac.uk/vol1/fastq/DRR774/DRR774170/DRR774170_1.fastq.gz,https://ftp.sra.ebi.ac.uk/vol1/fastq/DRR774/DRR774170/DRR774170_2.fastq.gz
vmg-2755-ERR12556325,https://ftp.sra.ebi.ac.uk/vol1/fastq/ERR125/025/ERR12556325/ERR12556325_1.fastq.gz,https://ftp.sra.ebi.ac.uk/vol1/fastq/ERR125/025/ERR12556325/ERR12556325_2.fastq.gz
vmg-2756-ERR12556570,https://ftp.sra.ebi.ac.uk/vol1/fastq/ERR125/070/ERR12556570/ERR12556570_1.fastq.gz,https://ftp.sra.ebi.ac.uk/vol1/fastq/ERR125/070/ERR12556570/ERR12556570_2.fastq.gz
vmg-2757-ERR2735958,https://ftp.sra.ebi.ac.uk/vol1/fastq/ERR273/008/ERR2735958/ERR2735958_1.fastq.gz,https://ftp.sra.ebi.ac.uk/vol1/fastq/ERR273/008/ERR2735958/ERR2735958_2.fastq.gz
vmg-2758-ERR3955816,https://ftp.sra.ebi.ac.uk/vol1/fastq/ERR395/006/ERR3955816/ERR3955816_1.fastq.gz,https://ftp.sra.ebi.ac.uk/vol1/fastq/ERR395/006/ERR3955816/ERR3955816_2.fastq.gz
vmg-2759-ERR16721373,https://ftp.sra.ebi.ac.uk/vol1/fastq/ERR167/073/ERR16721373/ERR16721373_1.fastq.gz,https://ftp.sra.ebi.ac.uk/vol1/fastq/ERR167/073/ERR16721373/ERR16721373_2.fastq.gz
vmg-2760-ERR14195564,https://ftp.sra.ebi.ac.uk/vol1/fastq/ERR141/064/ERR14195564/ERR14195564_1.fastq.gz,https://ftp.sra.ebi.ac.uk/vol1/fastq/ERR141/064/ERR14195564/ERR14195564_2.fastq.gz
vmg-2761-ERR12218948,https://ftp.sra.ebi.ac.uk/vol1/fastq/ERR122/048/ERR12218948/ERR12218948_1.fastq.gz,https://ftp.sra.ebi.ac.uk/vol1/fastq/ERR122/048/ERR12218948/ERR12218948_2.fastq.gz
vmg-2762-ERR3969707,https://ftp.sra.ebi.ac.uk/vol1/fastq/ERR396/007/ERR3969707/ERR3969707_1.fastq.gz,https://ftp.sra.ebi.ac.uk/vol1/fastq/ERR396/007/ERR3969707/ERR3969707_2.fastq.gz
vmg-2763-ERR11010942,https://ftp.sra.ebi.ac.uk/vol1/fastq/ERR110/042/ERR11010942/ERR11010942_1.fastq.gz,https://ftp.sra.ebi.ac.uk/vol1/fastq/ERR110/042/ERR11010942/ERR11010942_2.fastq.gz
vmg-2764-ERR2747500,https://ftp.sra.ebi.ac.uk/vol1/fastq/ERR274/000/ERR2747500/ERR2747500_1.fastq.gz,https://ftp.sra.ebi.ac.uk/vol1/fastq/ERR274/000/ERR2747500/ERR2747500_2.fastq.gz
vmg-2765-ERR2164515,https://ftp.sra.ebi.ac.uk/vol1/fastq/ERR216/005/ERR2164515/ERR2164515_1.fastq.gz,https://ftp.sra.ebi.ac.uk/vol1/fastq/ERR216/005/ERR2164515/ERR2164515_2.fastq.gz
vmg-2766-DRR141367,https://ftp.sra.ebi.ac.uk/vol1/fastq/DRR141/DRR141367/DRR141367_1.fastq.gz,https://ftp.sra.ebi.ac.uk/vol1/fastq/DRR141/DRR141367/DRR141367_2.fastq.gz
vmg-2767-ERR15117998,https://ftp.sra.ebi.ac.uk/vol1/fastq/ERR151/098/ERR15117998/ERR15117998_1.fastq.gz,https://ftp.sra.ebi.ac.uk/vol1/fastq/ERR151/098/ERR15117998/ERR15117998_2.fastq.gz
vmg-2768-ERR3955792,https://ftp.sra.ebi.ac.uk/vol1/fastq/ERR395/002/ERR3955792/ERR3955792_1.fastq.gz,https://ftp.sra.ebi.ac.uk/vol1/fastq/ERR395/002/ERR3955792/ERR3955792_2.fastq.gz
vmg-2769-ERR2608513,https://ftp.sra.ebi.ac.uk/vol1/fastq/ERR260/003/ERR2608513/ERR2608513_1.fastq.gz,https://ftp.sra.ebi.ac.uk/vol1/fastq/ERR260/003/ERR2608513/ERR2608513_2.fastq.gz
vmg-2770-ERR12520245,https://ftp.sra.ebi.ac.uk/vol1/fastq/ERR125/045/ERR12520245/ERR12520245_1.fastq.gz,https://ftp.sra.ebi.ac.uk/vol1/fastq/ERR125/045/ERR12520245/ERR12520245_2.fastq.gz
vmg-2771-ERR2747548,https://ftp.sra.ebi.ac.uk/vol1/fastq/ERR274/008/ERR2747548/ERR2747548_1.fastq.gz,https://ftp.sra.ebi.ac.uk/vol1/fastq/ERR274/008/ERR2747548/ERR2747548_2.fastq.gz
vmg-2772-ERR3061572,https://ftp.sra.ebi.ac.uk/vol1/fastq/ERR306/002/ERR3061572/ERR3061572_1.fastq.gz,https://ftp.sra.ebi.ac.uk/vol1/fastq/ERR306/002/ERR3061572/ERR3061572_2.fastq.gz
vmg-2773-ERR3953912,https://ftp.sra.ebi.ac.uk/vol1/fastq/ERR395/002/ERR3953912/ERR3953912_1.fastq.gz,https://ftp.sra.ebi.ac.uk/vol1/fastq/ERR395/002/ERR3953912/ERR3953912_2.fastq.gz
vmg-2774-DRR487180,https://ftp.sra.ebi.ac.uk/vol1/fastq/DRR487/DRR487180/DRR487180_1.fastq.gz,https://ftp.sra.ebi.ac.uk/vol1/fastq/DRR487/DRR487180/DRR487180_2.fastq.gz
vmg-2775-ERR3955694,https://ftp.sra.ebi.ac.uk/vol1/fastq/ERR395/004/ERR3955694/ERR3955694_1.fastq.gz,https://ftp.sra.ebi.ac.uk/vol1/fastq/ERR395/004/ERR3955694/ERR3955694_2.fastq.gz
vmg-2776-ERR13720562,https://ftp.sra.ebi.ac.uk/vol1/fastq/ERR137/062/ERR13720562/ERR13720562_1.fastq.gz,https://ftp.sra.ebi.ac.uk/vol1/fastq/ERR137/062/ERR13720562/ERR13720562_2.fastq.gz
vmg-2777-ERR3899931,https://ftp.sra.ebi.ac.uk/vol1/fastq/ERR389/001/ERR3899931/ERR3899931_1.fastq.gz,https://ftp.sra.ebi.ac.uk/vol1/fastq/ERR389/001/ERR3899931/ERR3899931_2.fastq.gz
vmg-2778-ERR13391734,https://ftp.sra.ebi.ac.uk/vol1/fastq/ERR133/034/ERR13391734/ERR13391734_1.fastq.gz,https://ftp.sra.ebi.ac.uk/vol1/fastq/ERR133/034/ERR13391734/ERR13391734_2.fastq.gz
vmg-2779-ERR16720654,https://ftp.sra.ebi.ac.uk/vol1/fastq/ERR167/054/ERR16720654/ERR16720654_1.fastq.gz,https://ftp.sra.ebi.ac.uk/vol1/fastq/ERR167/054/ERR16720654/ERR16720654_2.fastq.gz
vmg-2780-ERR1056313,https://ftp.sra.ebi.ac.uk/vol1/fastq/ERR105/003/ERR1056313/ERR1056313_1.fastq.gz,https://ftp.sra.ebi.ac.uk/vol1/fastq/ERR105/003/ERR1056313/ERR1056313_2.fastq.gz
vmg-2781-ERR2611673,https://ftp.sra.ebi.ac.uk/vol1/fastq/ERR261/003/ERR2611673/ERR2611673_1.fastq.gz,https://ftp.sra.ebi.ac.uk/vol1/fastq/ERR261/003/ERR2611673/ERR2611673_2.fastq.gz
vmg-2782-ERR16721295,https://ftp.sra.ebi.ac.uk/vol1/fastq/ERR167/095/ERR16721295/ERR16721295_1.fastq.gz,https://ftp.sra.ebi.ac.uk/vol1/fastq/ERR167/095/ERR16721295/ERR16721295_2.fastq.gz
vmg-2783-ERR2734377,https://ftp.sra.ebi.ac.uk/vol1/fastq/ERR273/007/ERR2734377/ERR2734377_1.fastq.gz,https://ftp.sra.ebi.ac.uk/vol1/fastq/ERR273/007/ERR2734377/ERR2734377_2.fastq.gz
vmg-2784-ERR2608530,https://ftp.sra.ebi.ac.uk/vol1/fastq/ERR260/000/ERR2608530/ERR2608530_1.fastq.gz,https://ftp.sra.ebi.ac.uk/vol1/fastq/ERR260/000/ERR2608530/ERR2608530_2.fastq.gz
vmg-2785-ERR13583574,https://ftp.sra.ebi.ac.uk/vol1/fastq/ERR135/074/ERR13583574/ERR13583574_1.fastq.gz,https://ftp.sra.ebi.ac.uk/vol1/fastq/ERR135/074/ERR13583574/ERR13583574_2.fastq.gz
vmg-2786-ERR11627459,https://ftp.sra.ebi.ac.uk/vol1/fastq/ERR116/059/ERR11627459/ERR11627459_1.fastq.gz,https://ftp.sra.ebi.ac.uk/vol1/fastq/ERR116/059/ERR11627459/ERR11627459_2.fastq.gz
vmg-2787-ERR11563290,https://ftp.sra.ebi.ac.uk/vol1/fastq/ERR115/090/ERR11563290/ERR11563290_1.fastq.gz,https://ftp.sra.ebi.ac.uk/vol1/fastq/ERR115/090/ERR11563290/ERR11563290_2.fastq.gz
vmg-2788-ERR3955269,https://ftp.sra.ebi.ac.uk/vol1/fastq/ERR395/009/ERR3955269/ERR3955269_1.fastq.gz,https://ftp.sra.ebi.ac.uk/vol1/fastq/ERR395/009/ERR3955269/ERR3955269_2.fastq.gz
vmg-2789-ERR14211461,https://ftp.sra.ebi.ac.uk/vol1/fastq/ERR142/061/ERR14211461/ERR14211461_1.fastq.gz,https://ftp.sra.ebi.ac.uk/vol1/fastq/ERR142/061/ERR14211461/ERR14211461_2.fastq.gz
vmg-2790-ERR12329273,https://ftp.sra.ebi.ac.uk/vol1/fastq/ERR123/073/ERR12329273/ERR12329273_1.fastq.gz,https://ftp.sra.ebi.ac.uk/vol1/fastq/ERR123/073/ERR12329273/ERR12329273_2.fastq.gz
vmg-2791-ERR2736013,https://ftp.sra.ebi.ac.uk/vol1/fastq/ERR273/003/ERR2736013/ERR2736013_1.fastq.gz,https://ftp.sra.ebi.ac.uk/vol1/fastq/ERR273/003/ERR2736013/ERR2736013_2.fastq.gz
vmg-2792-ERR3699643,https://ftp.sra.ebi.ac.uk/vol1/fastq/ERR369/003/ERR3699643/ERR3699643_1.fastq.gz,https://ftp.sra.ebi.ac.uk/vol1/fastq/ERR369/003/ERR3699643/ERR3699643_2.fastq.gz
vmg-2793-ERR3699614,https://ftp.sra.ebi.ac.uk/vol1/fastq/ERR369/004/ERR3699614/ERR3699614_1.fastq.gz,https://ftp.sra.ebi.ac.uk/vol1/fastq/ERR369/004/ERR3699614/ERR3699614_2.fastq.gz
vmg-2794-ERR2608253,https://ftp.sra.ebi.ac.uk/vol1/fastq/ERR260/003/ERR2608253/ERR2608253_1.fastq.gz,https://ftp.sra.ebi.ac.uk/vol1/fastq/ERR260/003/ERR2608253/ERR2608253_2.fastq.gz
vmg-2795-ERR14194908,https://ftp.sra.ebi.ac.uk/vol1/fastq/ERR141/008/ERR14194908/ERR14194908_1.fastq.gz,https://ftp.sra.ebi.ac.uk/vol1/fastq/ERR141/008/ERR14194908/ERR14194908_2.fastq.gz
vmg-2796-ERR14194896,https://ftp.sra.ebi.ac.uk/vol1/fastq/ERR141/096/ERR14194896/ERR14194896_1.fastq.gz,https://ftp.sra.ebi.ac.uk/vol1/fastq/ERR141/096/ERR14194896/ERR14194896_2.fastq.gz
vmg-2797-ERR14211042,https://ftp.sra.ebi.ac.uk/vol1/fastq/ERR142/042/ERR14211042/ERR14211042_1.fastq.gz,https://ftp.sra.ebi.ac.uk/vol1/fastq/ERR142/042/ERR14211042/ERR14211042_2.fastq.gz
vmg-2798-ERR4503307,https://ftp.sra.ebi.ac.uk/vol1/fastq/ERR450/007/ERR4503307/ERR4503307_1.fastq.gz,https://ftp.sra.ebi.ac.uk/vol1/fastq/ERR450/007/ERR4503307/ERR4503307_2.fastq.gz
vmg-2799-ERR16908570,https://ftp.sra.ebi.ac.uk/vol1/fastq/ERR169/070/ERR16908570/ERR16908570_1.fastq.gz,https://ftp.sra.ebi.ac.uk/vol1/fastq/ERR169/070/ERR16908570/ERR16908570_2.fastq.gz
vmg-2800-ERR3769623,https://ftp.sra.ebi.ac.uk/vol1/fastq/ERR376/003/ERR3769623/ERR3769623_1.fastq.gz,https://ftp.sra.ebi.ac.uk/vol1/fastq/ERR376/003/ERR3769623/ERR3769623_2.fastq.gz
vmg-2801-ERR14801595,https://ftp.sra.ebi.ac.uk/vol1/fastq/ERR148/095/ERR14801595/ERR14801595_1.fastq.gz,https://ftp.sra.ebi.ac.uk/vol1/fastq/ERR148/095/ERR14801595/ERR14801595_2.fastq.gz
vmg-2802-ERR2977162,https://ftp.sra.ebi.ac.uk/vol1/fastq/ERR297/002/ERR2977162/ERR2977162_1.fastq.gz,https://ftp.sra.ebi.ac.uk/vol1/fastq/ERR297/002/ERR2977162/ERR2977162_2.fastq.gz
vmg-2803-ERR10749693,https://ftp.sra.ebi.ac.uk/vol1/fastq/ERR107/093/ERR10749693/ERR10749693_1.fastq.gz,https://ftp.sra.ebi.ac.uk/vol1/fastq/ERR107/093/ERR10749693/ERR10749693_2.fastq.gz
vmg-2804-ERR12556027,https://ftp.sra.ebi.ac.uk/vol1/fastq/ERR125/027/ERR12556027/ERR12556027_1.fastq.gz,https://ftp.sra.ebi.ac.uk/vol1/fastq/ERR125/027/ERR12556027/ERR12556027_2.fastq.gz
vmg-2805-ERR2734380,https://ftp.sra.ebi.ac.uk/vol1/fastq/ERR273/000/ERR2734380/ERR2734380_1.fastq.gz,https://ftp.sra.ebi.ac.uk/vol1/fastq/ERR273/000/ERR2734380/ERR2734380_2.fastq.gz
vmg-2806-ERR2747539,https://ftp.sra.ebi.ac.uk/vol1/fastq/ERR274/009/ERR2747539/ERR2747539_1.fastq.gz,https://ftp.sra.ebi.ac.uk/vol1/fastq/ERR274/009/ERR2747539/ERR2747539_2.fastq.gz
vmg-2807-ERR3903811,https://ftp.sra.ebi.ac.uk/vol1/fastq/ERR390/001/ERR3903811/ERR3903811_1.fastq.gz,https://ftp.sra.ebi.ac.uk/vol1/fastq/ERR390/001/ERR3903811/ERR3903811_2.fastq.gz
vmg-2808-ERR2608304,https://ftp.sra.ebi.ac.uk/vol1/fastq/ERR260/004/ERR2608304/ERR2608304_1.fastq.gz,https://ftp.sra.ebi.ac.uk/vol1/fastq/ERR260/004/ERR2608304/ERR2608304_2.fastq.gz
vmg-2809-ERR2747541,https://ftp.sra.ebi.ac.uk/vol1/fastq/ERR274/001/ERR2747541/ERR2747541_1.fastq.gz,https://ftp.sra.ebi.ac.uk/vol1/fastq/ERR274/001/ERR2747541/ERR2747541_2.fastq.gz
vmg-2810-ERR12126373,https://ftp.sra.ebi.ac.uk/vol1/fastq/ERR121/073/ERR12126373/ERR12126373_1.fastq.gz,https://ftp.sra.ebi.ac.uk/vol1/fastq/ERR121/073/ERR12126373/ERR12126373_2.fastq.gz
vmg-2811-ERR11020260,https://ftp.sra.ebi.ac.uk/vol1/fastq/ERR110/060/ERR11020260/ERR11020260_1.fastq.gz,https://ftp.sra.ebi.ac.uk/vol1/fastq/ERR110/060/ERR11020260/ERR11020260_2.fastq.gz
vmg-2812-ERR2735940,https://ftp.sra.ebi.ac.uk/vol1/fastq/ERR273/000/ERR2735940/ERR2735940_1.fastq.gz,https://ftp.sra.ebi.ac.uk/vol1/fastq/ERR273/000/ERR2735940/ERR2735940_2.fastq.gz
vmg-2813-ERR11627500,https://ftp.sra.ebi.ac.uk/vol1/fastq/ERR116/000/ERR11627500/ERR11627500_1.fastq.gz,https://ftp.sra.ebi.ac.uk/vol1/fastq/ERR116/000/ERR11627500/ERR11627500_2.fastq.gz
vmg-2814-ERR12032750,https://ftp.sra.ebi.ac.uk/vol1/fastq/ERR120/050/ERR12032750/ERR12032750_1.fastq.gz,https://ftp.sra.ebi.ac.uk/vol1/fastq/ERR120/050/ERR12032750/ERR12032750_2.fastq.gz
vmg-2815-ERR16908437,https://ftp.sra.ebi.ac.uk/vol1/fastq/ERR169/037/ERR16908437/ERR16908437_1.fastq.gz,https://ftp.sra.ebi.ac.uk/vol1/fastq/ERR169/037/ERR16908437/ERR16908437_2.fastq.gz
vmg-2816-ERR12454590,https://ftp.sra.ebi.ac.uk/vol1/fastq/ERR124/090/ERR12454590/ERR12454590_1.fastq.gz,https://ftp.sra.ebi.ac.uk/vol1/fastq/ERR124/090/ERR12454590/ERR12454590_2.fastq.gz
vmg-2817-ERR2608358,https://ftp.sra.ebi.ac.uk/vol1/fastq/ERR260/008/ERR2608358/ERR2608358_1.fastq.gz,https://ftp.sra.ebi.ac.uk/vol1/fastq/ERR260/008/ERR2608358/ERR2608358_2.fastq.gz
vmg-2818-ERR3699611,https://ftp.sra.ebi.ac.uk/vol1/fastq/ERR369/001/ERR3699611/ERR3699611_1.fastq.gz,https://ftp.sra.ebi.ac.uk/vol1/fastq/ERR369/001/ERR3699611/ERR3699611_2.fastq.gz
vmg-2819-DRR636961,https://ftp.sra.ebi.ac.uk/vol1/fastq/DRR636/DRR636961/DRR636961_1.fastq.gz,https://ftp.sra.ebi.ac.uk/vol1/fastq/DRR636/DRR636961/DRR636961_2.fastq.gz
vmg-2820-ERR10206487,https://ftp.sra.ebi.ac.uk/vol1/fastq/ERR102/087/ERR10206487/ERR10206487_1.fastq.gz,https://ftp.sra.ebi.ac.uk/vol1/fastq/ERR102/087/ERR10206487/ERR10206487_2.fastq.gz
vmg-2821-ERR15315390,https://ftp.sra.ebi.ac.uk/vol1/fastq/ERR153/090/ERR15315390/ERR15315390_1.fastq.gz,https://ftp.sra.ebi.ac.uk/vol1/fastq/ERR153/090/ERR15315390/ERR15315390_2.fastq.gz
vmg-2822-ERR2736812,https://ftp.sra.ebi.ac.uk/vol1/fastq/ERR273/002/ERR2736812/ERR2736812_1.fastq.gz,https://ftp.sra.ebi.ac.uk/vol1/fastq/ERR273/002/ERR2736812/ERR2736812_2.fastq.gz
vmg-2823-ERR10898032,https://ftp.sra.ebi.ac.uk/vol1/fastq/ERR108/032/ERR10898032/ERR10898032_1.fastq.gz,https://ftp.sra.ebi.ac.uk/vol1/fastq/ERR108/032/ERR10898032/ERR10898032_2.fastq.gz
vmg-2824-ERR15423912,https://ftp.sra.ebi.ac.uk/vol1/fastq/ERR154/012/ERR15423912/ERR15423912_1.fastq.gz,https://ftp.sra.ebi.ac.uk/vol1/fastq/ERR154/012/ERR15423912/ERR15423912_2.fastq.gz
vmg-2825-DRR229320,https://ftp.sra.ebi.ac.uk/vol1/fastq/DRR229/DRR229320/DRR229320_1.fastq.gz,https://ftp.sra.ebi.ac.uk/vol1/fastq/DRR229/DRR229320/DRR229320_2.fastq.gz
vmg-2826-ERR10880717,https://ftp.sra.ebi.ac.uk/vol1/fastq/ERR108/017/ERR10880717/ERR10880717_1.fastq.gz,https://ftp.sra.ebi.ac.uk/vol1/fastq/ERR108/017/ERR10880717/ERR10880717_2.fastq.gz
vmg-2827-ERR14789458,https://ftp.sra.ebi.ac.uk/vol1/fastq/ERR147/058/ERR14789458/ERR14789458_1.fastq.gz,https://ftp.sra.ebi.ac.uk/vol1/fastq/ERR147/058/ERR14789458/ERR14789458_2.fastq.gz
vmg-2828-ERR12329309,https://ftp.sra.ebi.ac.uk/vol1/fastq/ERR123/009/ERR12329309/ERR12329309_1.fastq.gz,https://ftp.sra.ebi.ac.uk/vol1/fastq/ERR123/009/ERR12329309/ERR12329309_2.fastq.gz
vmg-2829-ERR12520118,https://ftp.sra.ebi.ac.uk/vol1/fastq/ERR125/018/ERR12520118/ERR12520118_1.fastq.gz,https://ftp.sra.ebi.ac.uk/vol1/fastq/ERR125/018/ERR12520118/ERR12520118_2.fastq.gz
vmg-2830-ERR1056316,https://ftp.sra.ebi.ac.uk/vol1/fastq/ERR105/006/ERR1056316/ERR1056316_1.fastq.gz,https://ftp.sra.ebi.ac.uk/vol1/fastq/ERR105/006/ERR1056316/ERR1056316_2.fastq.gz
vmg-2831-ERR11019571,https://ftp.sra.ebi.ac.uk/vol1/fastq/ERR110/071/ERR11019571/ERR11019571_1.fastq.gz,https://ftp.sra.ebi.ac.uk/vol1/fastq/ERR110/071/ERR11019571/ERR11019571_2.fastq.gz
vmg-2832-ERR10207078,https://ftp.sra.ebi.ac.uk/vol1/fastq/ERR102/078/ERR10207078/ERR10207078_1.fastq.gz,https://ftp.sra.ebi.ac.uk/vol1/fastq/ERR102/078/ERR10207078/ERR10207078_2.fastq.gz
vmg-2833-ERR11146164,https://ftp.sra.ebi.ac.uk/vol1/fastq/ERR111/064/ERR11146164/ERR11146164_1.fastq.gz,https://ftp.sra.ebi.ac.uk/vol1/fastq/ERR111/064/ERR11146164/ERR11146164_2.fastq.gz
vmg-2834-ERR10742890,https://ftp.sra.ebi.ac.uk/vol1/fastq/ERR107/090/ERR10742890/ERR10742890_1.fastq.gz,https://ftp.sra.ebi.ac.uk/vol1/fastq/ERR107/090/ERR10742890/ERR10742890_2.fastq.gz
vmg-2835-ERR13393051,https://ftp.sra.ebi.ac.uk/vol1/fastq/ERR133/051/ERR13393051/ERR13393051_1.fastq.gz,https://ftp.sra.ebi.ac.uk/vol1/fastq/ERR133/051/ERR13393051/ERR13393051_2.fastq.gz
vmg-2836-ERR12556090,https://ftp.sra.ebi.ac.uk/vol1/fastq/ERR125/090/ERR12556090/ERR12556090_1.fastq.gz,https://ftp.sra.ebi.ac.uk/vol1/fastq/ERR125/090/ERR12556090/ERR12556090_2.fastq.gz
vmg-2837-ERR14927740,https://ftp.sra.ebi.ac.uk/vol1/fastq/ERR149/040/ERR14927740/ERR14927740_1.fastq.gz,https://ftp.sra.ebi.ac.uk/vol1/fastq/ERR149/040/ERR14927740/ERR14927740_2.fastq.gz
vmg-2838-ERR2987967,https://ftp.sra.ebi.ac.uk/vol1/fastq/ERR298/007/ERR2987967/ERR2987967_1.fastq.gz,https://ftp.sra.ebi.ac.uk/vol1/fastq/ERR298/007/ERR2987967/ERR2987967_2.fastq.gz
vmg-2839-ERR3955080,https://ftp.sra.ebi.ac.uk/vol1/fastq/ERR395/000/ERR3955080/ERR3955080_1.fastq.gz,https://ftp.sra.ebi.ac.uk/vol1/fastq/ERR395/000/ERR3955080/ERR3955080_2.fastq.gz
vmg-2840-ERR14789032,https://ftp.sra.ebi.ac.uk/vol1/fastq/ERR147/032/ERR14789032/ERR14789032_1.fastq.gz,https://ftp.sra.ebi.ac.uk/vol1/fastq/ERR147/032/ERR14789032/ERR14789032_2.fastq.gz
vmg-2841-ERR16724195,https://ftp.sra.ebi.ac.uk/vol1/fastq/ERR167/095/ERR16724195/ERR16724195_1.fastq.gz,https://ftp.sra.ebi.ac.uk/vol1/fastq/ERR167/095/ERR16724195/ERR16724195_2.fastq.gz
vmg-2842-ERR3953924,https://ftp.sra.ebi.ac.uk/vol1/fastq/ERR395/004/ERR3953924/ERR3953924_1.fastq.gz,https://ftp.sra.ebi.ac.uk/vol1/fastq/ERR395/004/ERR3953924/ERR3953924_2.fastq.gz
vmg-2843-ERR3954966,https://ftp.sra.ebi.ac.uk/vol1/fastq/ERR395/006/ERR3954966/ERR3954966_1.fastq.gz,https://ftp.sra.ebi.ac.uk/vol1/fastq/ERR395/006/ERR3954966/ERR3954966_2.fastq.gz
vmg-2844-ERR3955863,https://ftp.sra.ebi.ac.uk/vol1/fastq/ERR395/003/ERR3955863/ERR3955863_1.fastq.gz,https://ftp.sra.ebi.ac.uk/vol1/fastq/ERR395/003/ERR3955863/ERR3955863_2.fastq.gz
vmg-2845-ERR3726548,https://ftp.sra.ebi.ac.uk/vol1/fastq/ERR372/008/ERR3726548/ERR3726548_1.fastq.gz,https://ftp.sra.ebi.ac.uk/vol1/fastq/ERR372/008/ERR3726548/ERR3726548_2.fastq.gz
vmg-2846-ERR12419518,https://ftp.sra.ebi.ac.uk/vol1/fastq/ERR124/018/ERR12419518/ERR12419518_1.fastq.gz,https://ftp.sra.ebi.ac.uk/vol1/fastq/ERR124/018/ERR12419518/ERR12419518_2.fastq.gz
vmg-2847-ERR14788989,https://ftp.sra.ebi.ac.uk/vol1/fastq/ERR147/089/ERR14788989/ERR14788989_1.fastq.gz,https://ftp.sra.ebi.ac.uk/vol1/fastq/ERR147/089/ERR14788989/ERR14788989_2.fastq.gz
vmg-2848-ERR12419524,https://ftp.sra.ebi.ac.uk/vol1/fastq/ERR124/024/ERR12419524/ERR12419524_1.fastq.gz,https://ftp.sra.ebi.ac.uk/vol1/fastq/ERR124/024/ERR12419524/ERR12419524_2.fastq.gz
vmg-2849-ERR16719643,https://ftp.sra.ebi.ac.uk/vol1/fastq/ERR167/043/ERR16719643/ERR16719643_1.fastq.gz,https://ftp.sra.ebi.ac.uk/vol1/fastq/ERR167/043/ERR16719643/ERR16719643_2.fastq.gz
vmg-2850-ERR14211818,https://ftp.sra.ebi.ac.uk/vol1/fastq/ERR142/018/ERR14211818/ERR14211818_1.fastq.gz,https://ftp.sra.ebi.ac.uk/vol1/fastq/ERR142/018/ERR14211818/ERR14211818_2.fastq.gz
vmg-2851-ERR2987834,https://ftp.sra.ebi.ac.uk/vol1/fastq/ERR298/004/ERR2987834/ERR2987834_1.fastq.gz,https://ftp.sra.ebi.ac.uk/vol1/fastq/ERR298/004/ERR2987834/ERR2987834_2.fastq.gz
vmg-2852-ERR14211394,https://ftp.sra.ebi.ac.uk/vol1/fastq/ERR142/094/ERR14211394/ERR14211394_1.fastq.gz,https://ftp.sra.ebi.ac.uk/vol1/fastq/ERR142/094/ERR14211394/ERR14211394_2.fastq.gz
vmg-2853-ERR14211028,https://ftp.sra.ebi.ac.uk/vol1/fastq/ERR142/028/ERR14211028/ERR14211028_1.fastq.gz,https://ftp.sra.ebi.ac.uk/vol1/fastq/ERR142/028/ERR14211028/ERR14211028_2.fastq.gz
vmg-2854-ERR14194882,https://ftp.sra.ebi.ac.uk/vol1/fastq/ERR141/082/ERR14194882/ERR14194882_1.fastq.gz,https://ftp.sra.ebi.ac.uk/vol1/fastq/ERR141/082/ERR14194882/ERR14194882_2.fastq.gz
vmg-2855-ERR3955226,https://ftp.sra.ebi.ac.uk/vol1/fastq/ERR395/006/ERR3955226/ERR3955226_1.fastq.gz,https://ftp.sra.ebi.ac.uk/vol1/fastq/ERR395/006/ERR3955226/ERR3955226_2.fastq.gz
vmg-2856-ERR3061625,https://ftp.sra.ebi.ac.uk/vol1/fastq/ERR306/005/ERR3061625/ERR3061625_1.fastq.gz,https://ftp.sra.ebi.ac.uk/vol1/fastq/ERR306/005/ERR3061625/ERR3061625_2.fastq.gz
vmg-2857-ERR14211762,https://ftp.sra.ebi.ac.uk/vol1/fastq/ERR142/062/ERR14211762/ERR14211762_1.fastq.gz,https://ftp.sra.ebi.ac.uk/vol1/fastq/ERR142/062/ERR14211762/ERR14211762_2.fastq.gz
vmg-2858-ERR10743741,https://ftp.sra.ebi.ac.uk/vol1/fastq/ERR107/041/ERR10743741/ERR10743741_1.fastq.gz,https://ftp.sra.ebi.ac.uk/vol1/fastq/ERR107/041/ERR10743741/ERR10743741_2.fastq.gz
vmg-2859-ERR14789483,https://ftp.sra.ebi.ac.uk/vol1/fastq/ERR147/083/ERR14789483/ERR14789483_1.fastq.gz,https://ftp.sra.ebi.ac.uk/vol1/fastq/ERR147/083/ERR14789483/ERR14789483_2.fastq.gz
vmg-2860-ERR3682553,https://ftp.sra.ebi.ac.uk/vol1/fastq/ERR368/003/ERR3682553/ERR3682553_1.fastq.gz,https://ftp.sra.ebi.ac.uk/vol1/fastq/ERR368/003/ERR3682553/ERR3682553_2.fastq.gz
vmg-2861-ERR16718308,https://ftp.sra.ebi.ac.uk/vol1/fastq/ERR167/008/ERR16718308/ERR16718308_1.fastq.gz,https://ftp.sra.ebi.ac.uk/vol1/fastq/ERR167/008/ERR16718308/ERR16718308_2.fastq.gz
vmg-2862-ERR11669326,https://ftp.sra.ebi.ac.uk/vol1/fastq/ERR116/026/ERR11669326/ERR11669326_1.fastq.gz,https://ftp.sra.ebi.ac.uk/vol1/fastq/ERR116/026/ERR11669326/ERR11669326_2.fastq.gz
vmg-2863-ERR2608538,https://ftp.sra.ebi.ac.uk/vol1/fastq/ERR260/008/ERR2608538/ERR2608538_1.fastq.gz,https://ftp.sra.ebi.ac.uk/vol1/fastq/ERR260/008/ERR2608538/ERR2608538_2.fastq.gz
vmg-2864-ERR2735967,https://ftp.sra.ebi.ac.uk/vol1/fastq/ERR273/007/ERR2735967/ERR2735967_1.fastq.gz,https://ftp.sra.ebi.ac.uk/vol1/fastq/ERR273/007/ERR2735967/ERR2735967_2.fastq.gz
vmg-2865-ERR15650562,https://ftp.sra.ebi.ac.uk/vol1/fastq/ERR156/062/ERR15650562/ERR15650562_1.fastq.gz,https://ftp.sra.ebi.ac.uk/vol1/fastq/ERR156/062/ERR15650562/ERR15650562_2.fastq.gz
vmg-2866-ERR3955361,https://ftp.sra.ebi.ac.uk/vol1/fastq/ERR395/001/ERR3955361/ERR3955361_1.fastq.gz,https://ftp.sra.ebi.ac.uk/vol1/fastq/ERR395/001/ERR3955361/ERR3955361_2.fastq.gz
vmg-2867-ERR14853968,https://ftp.sra.ebi.ac.uk/vol1/fastq/ERR148/068/ERR14853968/ERR14853968_1.fastq.gz,https://ftp.sra.ebi.ac.uk/vol1/fastq/ERR148/068/ERR14853968/ERR14853968_2.fastq.gz
vmg-2868-ERR3953936,https://ftp.sra.ebi.ac.uk/vol1/fastq/ERR395/006/ERR3953936/ERR3953936_1.fastq.gz,https://ftp.sra.ebi.ac.uk/vol1/fastq/ERR395/006/ERR3953936/ERR3953936_2.fastq.gz
vmg-2869-ERR3955112,https://ftp.sra.ebi.ac.uk/vol1/fastq/ERR395/002/ERR3955112/ERR3955112_1.fastq.gz,https://ftp.sra.ebi.ac.uk/vol1/fastq/ERR395/002/ERR3955112/ERR3955112_2.fastq.gz
vmg-2870-ERR4575530,https://ftp.sra.ebi.ac.uk/vol1/fastq/ERR457/000/ERR4575530/ERR4575530_1.fastq.gz,https://ftp.sra.ebi.ac.uk/vol1/fastq/ERR457/000/ERR4575530/ERR4575530_2.fastq.gz
vmg-2871-ERR10207096,https://ftp.sra.ebi.ac.uk/vol1/fastq/ERR102/096/ERR10207096/ERR10207096_1.fastq.gz,https://ftp.sra.ebi.ac.uk/vol1/fastq/ERR102/096/ERR10207096/ERR10207096_2.fastq.gz
vmg-2872-ERR3769491,https://ftp.sra.ebi.ac.uk/vol1/fastq/ERR376/001/ERR3769491/ERR3769491_1.fastq.gz,https://ftp.sra.ebi.ac.uk/vol1/fastq/ERR376/001/ERR3769491/ERR3769491_2.fastq.gz
vmg-2873-ERR13392606,https://ftp.sra.ebi.ac.uk/vol1/fastq/ERR133/006/ERR13392606/ERR13392606_1.fastq.gz,https://ftp.sra.ebi.ac.uk/vol1/fastq/ERR133/006/ERR13392606/ERR13392606_2.fastq.gz
vmg-2874-ERR11894790,https://ftp.sra.ebi.ac.uk/vol1/fastq/ERR118/090/ERR11894790/ERR11894790_1.fastq.gz,https://ftp.sra.ebi.ac.uk/vol1/fastq/ERR118/090/ERR11894790/ERR11894790_2.fastq.gz
vmg-2875-ERR12556583,https://ftp.sra.ebi.ac.uk/vol1/fastq/ERR125/083/ERR12556583/ERR12556583_1.fastq.gz,https://ftp.sra.ebi.ac.uk/vol1/fastq/ERR125/083/ERR12556583/ERR12556583_2.fastq.gz
vmg-2876-ERR14211296,https://ftp.sra.ebi.ac.uk/vol1/fastq/ERR142/096/ERR14211296/ERR14211296_1.fastq.gz,https://ftp.sra.ebi.ac.uk/vol1/fastq/ERR142/096/ERR14211296/ERR14211296_2.fastq.gz
vmg-2877-ERR14801995,https://ftp.sra.ebi.ac.uk/vol1/fastq/ERR148/095/ERR14801995/ERR14801995_1.fastq.gz,https://ftp.sra.ebi.ac.uk/vol1/fastq/ERR148/095/ERR14801995/ERR14801995_2.fastq.gz
vmg-2878-ERR2611530,https://ftp.sra.ebi.ac.uk/vol1/fastq/ERR261/000/ERR2611530/ERR2611530_1.fastq.gz,https://ftp.sra.ebi.ac.uk/vol1/fastq/ERR261/000/ERR2611530/ERR2611530_2.fastq.gz
vmg-2879-ERR3682564,https://ftp.sra.ebi.ac.uk/vol1/fastq/ERR368/004/ERR3682564/ERR3682564_1.fastq.gz,https://ftp.sra.ebi.ac.uk/vol1/fastq/ERR368/004/ERR3682564/ERR3682564_2.fastq.gz
vmg-2880-ERR2244522,https://ftp.sra.ebi.ac.uk/vol1/fastq/ERR224/002/ERR2244522/ERR2244522_1.fastq.gz,https://ftp.sra.ebi.ac.uk/vol1/fastq/ERR224/002/ERR2244522/ERR2244522_2.fastq.gz
vmg-2881-ERR14801511,https://ftp.sra.ebi.ac.uk/vol1/fastq/ERR148/011/ERR14801511/ERR14801511_1.fastq.gz,https://ftp.sra.ebi.ac.uk/vol1/fastq/ERR148/011/ERR14801511/ERR14801511_2.fastq.gz
vmg-2882-ERR3061558,https://ftp.sra.ebi.ac.uk/vol1/fastq/ERR306/008/ERR3061558/ERR3061558_1.fastq.gz,https://ftp.sra.ebi.ac.uk/vol1/fastq/ERR306/008/ERR3061558/ERR3061558_2.fastq.gz
vmg-2883-ERR3699669,https://ftp.sra.ebi.ac.uk/vol1/fastq/ERR369/009/ERR3699669/ERR3699669_1.fastq.gz,https://ftp.sra.ebi.ac.uk/vol1/fastq/ERR369/009/ERR3699669/ERR3699669_2.fastq.gz
vmg-2884-ERR2747519,https://ftp.sra.ebi.ac.uk/vol1/fastq/ERR274/009/ERR2747519/ERR2747519_1.fastq.gz,https://ftp.sra.ebi.ac.uk/vol1/fastq/ERR274/009/ERR2747519/ERR2747519_2.fastq.gz
vmg-2885-ERR3040665,https://ftp.sra.ebi.ac.uk/vol1/fastq/ERR304/005/ERR3040665/ERR3040665_1.fastq.gz,https://ftp.sra.ebi.ac.uk/vol1/fastq/ERR304/005/ERR3040665/ERR3040665_2.fastq.gz
vmg-2886-ERR3955758,https://ftp.sra.ebi.ac.uk/vol1/fastq/ERR395/008/ERR3955758/ERR3955758_1.fastq.gz,https://ftp.sra.ebi.ac.uk/vol1/fastq/ERR395/008/ERR3955758/ERR3955758_2.fastq.gz
vmg-2887-ERR10773850,https://ftp.sra.ebi.ac.uk/vol1/fastq/ERR107/050/ERR10773850/ERR10773850_1.fastq.gz,https://ftp.sra.ebi.ac.uk/vol1/fastq/ERR107/050/ERR10773850/ERR10773850_2.fastq.gz
vmg-2888-ERR15657497,https://ftp.sra.ebi.ac.uk/vol1/fastq/ERR156/097/ERR15657497/ERR15657497_1.fastq.gz,https://ftp.sra.ebi.ac.uk/vol1/fastq/ERR156/097/ERR15657497/ERR15657497_2.fastq.gz
vmg-2889-ERR17272757,https://ftp.sra.ebi.ac.uk/vol1/fastq/ERR172/057/ERR17272757/ERR17272757_1.fastq.gz,https://ftp.sra.ebi.ac.uk/vol1/fastq/ERR172/057/ERR17272757/ERR17272757_2.fastq.gz
vmg-2890-ERR10880595,https://ftp.sra.ebi.ac.uk/vol1/fastq/ERR108/095/ERR10880595/ERR10880595_1.fastq.gz,https://ftp.sra.ebi.ac.uk/vol1/fastq/ERR108/095/ERR10880595/ERR10880595_2.fastq.gz
vmg-2891-ERR15136023,https://ftp.sra.ebi.ac.uk/vol1/fastq/ERR151/023/ERR15136023/ERR15136023_1.fastq.gz,https://ftp.sra.ebi.ac.uk/vol1/fastq/ERR151/023/ERR15136023/ERR15136023_2.fastq.gz
vmg-2892-ERR2747585,https://ftp.sra.ebi.ac.uk/vol1/fastq/ERR274/005/ERR2747585/ERR2747585_1.fastq.gz,https://ftp.sra.ebi.ac.uk/vol1/fastq/ERR274/005/ERR2747585/ERR2747585_2.fastq.gz
vmg-2893-ERR14195271,https://ftp.sra.ebi.ac.uk/vol1/fastq/ERR141/071/ERR14195271/ERR14195271_1.fastq.gz,https://ftp.sra.ebi.ac.uk/vol1/fastq/ERR141/071/ERR14195271/ERR14195271_2.fastq.gz
vmg-2894-ERR10897781,https://ftp.sra.ebi.ac.uk/vol1/fastq/ERR108/081/ERR10897781/ERR10897781_1.fastq.gz,https://ftp.sra.ebi.ac.uk/vol1/fastq/ERR108/081/ERR10897781/ERR10897781_2.fastq.gz
vmg-2895-ERR16714221,https://ftp.sra.ebi.ac.uk/vol1/fastq/ERR167/021/ERR16714221/ERR16714221_1.fastq.gz,https://ftp.sra.ebi.ac.uk/vol1/fastq/ERR167/021/ERR16714221/ERR16714221_2.fastq.gz
vmg-2896-ERR12419509,https://ftp.sra.ebi.ac.uk/vol1/fastq/ERR124/009/ERR12419509/ERR12419509_1.fastq.gz,https://ftp.sra.ebi.ac.uk/vol1/fastq/ERR124/009/ERR12419509/ERR12419509_2.fastq.gz
vmg-2897-ERR16719952,https://ftp.sra.ebi.ac.uk/vol1/fastq/ERR167/052/ERR16719952/ERR16719952_1.fastq.gz,https://ftp.sra.ebi.ac.uk/vol1/fastq/ERR167/052/ERR16719952/ERR16719952_2.fastq.gz
vmg-2898-ERR3955568,https://ftp.sra.ebi.ac.uk/vol1/fastq/ERR395/008/ERR3955568/ERR3955568_1.fastq.gz,https://ftp.sra.ebi.ac.uk/vol1/fastq/ERR395/008/ERR3955568/ERR3955568_2.fastq.gz
vmg-2899-ERR3040630,https://ftp.sra.ebi.ac.uk/vol1/fastq/ERR304/000/ERR3040630/ERR3040630_1.fastq.gz,https://ftp.sra.ebi.ac.uk/vol1/fastq/ERR304/000/ERR3040630/ERR3040630_2.fastq.gz
vmg-2900-ERR15562945,https://ftp.sra.ebi.ac.uk/vol1/fastq/ERR155/045/ERR15562945/ERR15562945_1.fastq.gz,https://ftp.sra.ebi.ac.uk/vol1/fastq/ERR155/045/ERR15562945/ERR15562945_2.fastq.gz
vmg-2901-ERR13391900,https://ftp.sra.ebi.ac.uk/vol1/fastq/ERR133/000/ERR13391900/ERR13391900_1.fastq.gz,https://ftp.sra.ebi.ac.uk/vol1/fastq/ERR133/000/ERR13391900/ERR13391900_2.fastq.gz
vmg-2902-ERR13391747,https://ftp.sra.ebi.ac.uk/vol1/fastq/ERR133/047/ERR13391747/ERR13391747_1.fastq.gz,https://ftp.sra.ebi.ac.uk/vol1/fastq/ERR133/047/ERR13391747/ERR13391747_2.fastq.gz
vmg-2903-ERR2987930,https://ftp.sra.ebi.ac.uk/vol1/fastq/ERR298/000/ERR2987930/ERR2987930_1.fastq.gz,https://ftp.sra.ebi.ac.uk/vol1/fastq/ERR298/000/ERR2987930/ERR2987930_2.fastq.gz
vmg-2904-ERR3955385,https://ftp.sra.ebi.ac.uk/vol1/fastq/ERR395/005/ERR3955385/ERR3955385_1.fastq.gz,https://ftp.sra.ebi.ac.uk/vol1/fastq/ERR395/005/ERR3955385/ERR3955385_2.fastq.gz
vmg-2905-DRR636917,https://ftp.sra.ebi.ac.uk/vol1/fastq/DRR636/DRR636917/DRR636917_1.fastq.gz,https://ftp.sra.ebi.ac.uk/vol1/fastq/DRR636/DRR636917/DRR636917_2.fastq.gz
vmg-2906-ERR2608382,https://ftp.sra.ebi.ac.uk/vol1/fastq/ERR260/002/ERR2608382/ERR2608382_1.fastq.gz,https://ftp.sra.ebi.ac.uk/vol1/fastq/ERR260/002/ERR2608382/ERR2608382_2.fastq.gz
vmg-2907-ERR2987826,https://ftp.sra.ebi.ac.uk/vol1/fastq/ERR298/006/ERR2987826/ERR2987826_1.fastq.gz,https://ftp.sra.ebi.ac.uk/vol1/fastq/ERR298/006/ERR2987826/ERR2987826_2.fastq.gz
vmg-2908-ERR2608435,https://ftp.sra.ebi.ac.uk/vol1/fastq/ERR260/005/ERR2608435/ERR2608435_1.fastq.gz,https://ftp.sra.ebi.ac.uk/vol1/fastq/ERR260/005/ERR2608435/ERR2608435_2.fastq.gz
vmg-2909-ERR13391429,https://ftp.sra.ebi.ac.uk/vol1/fastq/ERR133/029/ERR13391429/ERR13391429_1.fastq.gz,https://ftp.sra.ebi.ac.uk/vol1/fastq/ERR133/029/ERR13391429/ERR13391429_2.fastq.gz
vmg-2910-ERR16004182,https://ftp.sra.ebi.ac.uk/vol1/fastq/ERR160/082/ERR16004182/ERR16004182_1.fastq.gz,https://ftp.sra.ebi.ac.uk/vol1/fastq/ERR160/082/ERR16004182/ERR16004182_2.fastq.gz
vmg-2911-ERR3682614,https://ftp.sra.ebi.ac.uk/vol1/fastq/ERR368/004/ERR3682614/ERR3682614_1.fastq.gz,https://ftp.sra.ebi.ac.uk/vol1/fastq/ERR368/004/ERR3682614/ERR3682614_2.fastq.gz
vmg-2912-ERR12556573,https://ftp.sra.ebi.ac.uk/vol1/fastq/ERR125/073/ERR12556573/ERR12556573_1.fastq.gz,https://ftp.sra.ebi.ac.uk/vol1/fastq/ERR125/073/ERR12556573/ERR12556573_2.fastq.gz
vmg-2913-ERR11456203,https://ftp.sra.ebi.ac.uk/vol1/fastq/ERR114/003/ERR11456203/ERR11456203_1.fastq.gz,https://ftp.sra.ebi.ac.uk/vol1/fastq/ERR114/003/ERR11456203/ERR11456203_2.fastq.gz
vmg-2914-ERR14194940,https://ftp.sra.ebi.ac.uk/vol1/fastq/ERR141/040/ERR14194940/ERR14194940_1.fastq.gz,https://ftp.sra.ebi.ac.uk/vol1/fastq/ERR141/040/ERR14194940/ERR14194940_2.fastq.gz
vmg-2915-ERR14211086,https://ftp.sra.ebi.ac.uk/vol1/fastq/ERR142/086/ERR14211086/ERR14211086_1.fastq.gz,https://ftp.sra.ebi.ac.uk/vol1/fastq/ERR142/086/ERR14211086/ERR14211086_2.fastq.gz
vmg-2916-ERR3900030,https://ftp.sra.ebi.ac.uk/vol1/fastq/ERR390/000/ERR3900030/ERR3900030_1.fastq.gz,https://ftp.sra.ebi.ac.uk/vol1/fastq/ERR390/000/ERR3900030/ERR3900030_2.fastq.gz
vmg-2917-ERR15118055,https://ftp.sra.ebi.ac.uk/vol1/fastq/ERR151/055/ERR15118055/ERR15118055_1.fastq.gz,https://ftp.sra.ebi.ac.uk/vol1/fastq/ERR151/055/ERR15118055/ERR15118055_2.fastq.gz
vmg-2918-ERR11020341,https://ftp.sra.ebi.ac.uk/vol1/fastq/ERR110/041/ERR11020341/ERR11020341_1.fastq.gz,https://ftp.sra.ebi.ac.uk/vol1/fastq/ERR110/041/ERR11020341/ERR11020341_2.fastq.gz
vmg-2919-ERR13393030,https://ftp.sra.ebi.ac.uk/vol1/fastq/ERR133/030/ERR13393030/ERR13393030_1.fastq.gz,https://ftp.sra.ebi.ac.uk/vol1/fastq/ERR133/030/ERR13393030/ERR13393030_2.fastq.gz
vmg-2920-ERR14195764,https://ftp.sra.ebi.ac.uk/vol1/fastq/ERR141/064/ERR14195764/ERR14195764_1.fastq.gz,https://ftp.sra.ebi.ac.uk/vol1/fastq/ERR141/064/ERR14195764/ERR14195764_2.fastq.gz
vmg-2921-ERR3015724,https://ftp.sra.ebi.ac.uk/vol1/fastq/ERR301/004/ERR3015724/ERR3015724_1.fastq.gz,https://ftp.sra.ebi.ac.uk/vol1/fastq/ERR301/004/ERR3015724/ERR3015724_2.fastq.gz
vmg-2922-ERR2747508,https://ftp.sra.ebi.ac.uk/vol1/fastq/ERR274/008/ERR2747508/ERR2747508_1.fastq.gz,https://ftp.sra.ebi.ac.uk/vol1/fastq/ERR274/008/ERR2747508/ERR2747508_2.fastq.gz
vmg-2923-ERR16004029,https://ftp.sra.ebi.ac.uk/vol1/fastq/ERR160/029/ERR16004029/ERR16004029_1.fastq.gz,https://ftp.sra.ebi.ac.uk/vol1/fastq/ERR160/029/ERR16004029/ERR16004029_2.fastq.gz
vmg-2924-ERR2735932,https://ftp.sra.ebi.ac.uk/vol1/fastq/ERR273/002/ERR2735932/ERR2735932_1.fastq.gz,https://ftp.sra.ebi.ac.uk/vol1/fastq/ERR273/002/ERR2735932/ERR2735932_2.fastq.gz
vmg-2925-ERR12354160,https://ftp.sra.ebi.ac.uk/vol1/fastq/ERR123/060/ERR12354160/ERR12354160_1.fastq.gz,https://ftp.sra.ebi.ac.uk/vol1/fastq/ERR123/060/ERR12354160/ERR12354160_2.fastq.gz
vmg-2926-ERR14946213,https://ftp.sra.ebi.ac.uk/vol1/fastq/ERR149/013/ERR14946213/ERR14946213_1.fastq.gz,https://ftp.sra.ebi.ac.uk/vol1/fastq/ERR149/013/ERR14946213/ERR14946213_2.fastq.gz
vmg-2927-ERR2987945,https://ftp.sra.ebi.ac.uk/vol1/fastq/ERR298/005/ERR2987945/ERR2987945_1.fastq.gz,https://ftp.sra.ebi.ac.uk/vol1/fastq/ERR298/005/ERR2987945/ERR2987945_2.fastq.gz
vmg-2928-ERR10898025,https://ftp.sra.ebi.ac.uk/vol1/fastq/ERR108/025/ERR10898025/ERR10898025_1.fastq.gz,https://ftp.sra.ebi.ac.uk/vol1/fastq/ERR108/025/ERR10898025/ERR10898025_2.fastq.gz
vmg-2929-ERR13391654,https://ftp.sra.ebi.ac.uk/vol1/fastq/ERR133/054/ERR13391654/ERR13391654_1.fastq.gz,https://ftp.sra.ebi.ac.uk/vol1/fastq/ERR133/054/ERR13391654/ERR13391654_2.fastq.gz
vmg-2930-ERR15135536,https://ftp.sra.ebi.ac.uk/vol1/fastq/ERR151/036/ERR15135536/ERR15135536_1.fastq.gz,https://ftp.sra.ebi.ac.uk/vol1/fastq/ERR151/036/ERR15135536/ERR15135536_2.fastq.gz
vmg-2931-ERR4503465,https://ftp.sra.ebi.ac.uk/vol1/fastq/ERR450/005/ERR4503465/ERR4503465_1.fastq.gz,https://ftp.sra.ebi.ac.uk/vol1/fastq/ERR450/005/ERR4503465/ERR4503465_2.fastq.gz
vmg-2932-ERR13391177,https://ftp.sra.ebi.ac.uk/vol1/fastq/ERR133/077/ERR13391177/ERR13391177_1.fastq.gz,https://ftp.sra.ebi.ac.uk/vol1/fastq/ERR133/077/ERR13391177/ERR13391177_2.fastq.gz
vmg-2933-ERR10897864,https://ftp.sra.ebi.ac.uk/vol1/fastq/ERR108/064/ERR10897864/ERR10897864_1.fastq.gz,https://ftp.sra.ebi.ac.uk/vol1/fastq/ERR108/064/ERR10897864/ERR10897864_2.fastq.gz
vmg-2934-ERR16147683,https://ftp.sra.ebi.ac.uk/vol1/fastq/ERR161/083/ERR16147683/ERR16147683_1.fastq.gz,https://ftp.sra.ebi.ac.uk/vol1/fastq/ERR161/083/ERR16147683/ERR16147683_2.fastq.gz
vmg-2935-ERR3955147,https://ftp.sra.ebi.ac.uk/vol1/fastq/ERR395/007/ERR3955147/ERR3955147_1.fastq.gz,https://ftp.sra.ebi.ac.uk/vol1/fastq/ERR395/007/ERR3955147/ERR3955147_2.fastq.gz
vmg-2936-ERR2735930,https://ftp.sra.ebi.ac.uk/vol1/fastq/ERR273/000/ERR2735930/ERR2735930_1.fastq.gz,https://ftp.sra.ebi.ac.uk/vol1/fastq/ERR273/000/ERR2735930/ERR2735930_2.fastq.gz
vmg-2937-ERR3966169,https://ftp.sra.ebi.ac.uk/vol1/fastq/ERR396/009/ERR3966169/ERR3966169_1.fastq.gz,https://ftp.sra.ebi.ac.uk/vol1/fastq/ERR396/009/ERR3966169/ERR3966169_2.fastq.gz
vmg-2938-ERR13393023,https://ftp.sra.ebi.ac.uk/vol1/fastq/ERR133/023/ERR13393023/ERR13393023_1.fastq.gz,https://ftp.sra.ebi.ac.uk/vol1/fastq/ERR133/023/ERR13393023/ERR13393023_2.fastq.gz
vmg-2939-ERR11019594,https://ftp.sra.ebi.ac.uk/vol1/fastq/ERR110/094/ERR11019594/ERR11019594_1.fastq.gz,https://ftp.sra.ebi.ac.uk/vol1/fastq/ERR110/094/ERR11019594/ERR11019594_2.fastq.gz
vmg-2940-ERR4575471,https://ftp.sra.ebi.ac.uk/vol1/fastq/ERR457/001/ERR4575471/ERR4575471_1.fastq.gz,https://ftp.sra.ebi.ac.uk/vol1/fastq/ERR457/001/ERR4575471/ERR4575471_2.fastq.gz
vmg-2941-ERR3955219,https://ftp.sra.ebi.ac.uk/vol1/fastq/ERR395/009/ERR3955219/ERR3955219_1.fastq.gz,https://ftp.sra.ebi.ac.uk/vol1/fastq/ERR395/009/ERR3955219/ERR3955219_2.fastq.gz
vmg-2942-ERR16023570,https://ftp.sra.ebi.ac.uk/vol1/fastq/ERR160/070/ERR16023570/ERR16023570_1.fastq.gz,https://ftp.sra.ebi.ac.uk/vol1/fastq/ERR160/070/ERR16023570/ERR16023570_2.fastq.gz
vmg-2943-ERR11146525,https://ftp.sra.ebi.ac.uk/vol1/fastq/ERR111/025/ERR11146525/ERR11146525_1.fastq.gz,https://ftp.sra.ebi.ac.uk/vol1/fastq/ERR111/025/ERR11146525/ERR11146525_2.fastq.gz
vmg-2944-ERR11020448,https://ftp.sra.ebi.ac.uk/vol1/fastq/ERR110/048/ERR11020448/ERR11020448_1.fastq.gz,https://ftp.sra.ebi.ac.uk/vol1/fastq/ERR110/048/ERR11020448/ERR11020448_2.fastq.gz
vmg-2945-ERR3769672,https://ftp.sra.ebi.ac.uk/vol1/fastq/ERR376/002/ERR3769672/ERR3769672_1.fastq.gz,https://ftp.sra.ebi.ac.uk/vol1/fastq/ERR376/002/ERR3769672/ERR3769672_2.fastq.gz
vmg-2946-ERR10225537,https://ftp.sra.ebi.ac.uk/vol1/fastq/ERR102/037/ERR10225537/ERR10225537_1.fastq.gz,https://ftp.sra.ebi.ac.uk/vol1/fastq/ERR102/037/ERR10225537/ERR10225537_2.fastq.gz
vmg-2947-ERR15416448,https://ftp.sra.ebi.ac.uk/vol1/fastq/ERR154/048/ERR15416448/ERR15416448_1.fastq.gz,https://ftp.sra.ebi.ac.uk/vol1/fastq/ERR154/048/ERR15416448/ERR15416448_2.fastq.gz
vmg-2948-ERR13911308,https://ftp.sra.ebi.ac.uk/vol1/fastq/ERR139/008/ERR13911308/ERR13911308_1.fastq.gz,https://ftp.sra.ebi.ac.uk/vol1/fastq/ERR139/008/ERR13911308/ERR13911308_2.fastq.gz
vmg-2949-ERR14195091,https://ftp.sra.ebi.ac.uk/vol1/fastq/ERR141/091/ERR14195091/ERR14195091_1.fastq.gz,https://ftp.sra.ebi.ac.uk/vol1/fastq/ERR141/091/ERR14195091/ERR14195091_2.fastq.gz
vmg-2950-ERR2608289,https://ftp.sra.ebi.ac.uk/vol1/fastq/ERR260/009/ERR2608289/ERR2608289_1.fastq.gz,https://ftp.sra.ebi.ac.uk/vol1/fastq/ERR260/009/ERR2608289/ERR2608289_2.fastq.gz
vmg-2951-ERR10881675,https://ftp.sra.ebi.ac.uk/vol1/fastq/ERR108/075/ERR10881675/ERR10881675_1.fastq.gz,https://ftp.sra.ebi.ac.uk/vol1/fastq/ERR108/075/ERR10881675/ERR10881675_2.fastq.gz
vmg-2952-ERR13392003,https://ftp.sra.ebi.ac.uk/vol1/fastq/ERR133/003/ERR13392003/ERR13392003_1.fastq.gz,https://ftp.sra.ebi.ac.uk/vol1/fastq/ERR133/003/ERR13392003/ERR13392003_2.fastq.gz
vmg-2953-ERR3682552,https://ftp.sra.ebi.ac.uk/vol1/fastq/ERR368/002/ERR3682552/ERR3682552_1.fastq.gz,https://ftp.sra.ebi.ac.uk/vol1/fastq/ERR368/002/ERR3682552/ERR3682552_2.fastq.gz
vmg-2954-ERR3670929,https://ftp.sra.ebi.ac.uk/vol1/fastq/ERR367/009/ERR3670929/ERR3670929_1.fastq.gz,https://ftp.sra.ebi.ac.uk/vol1/fastq/ERR367/009/ERR3670929/ERR3670929_2.fastq.gz
vmg-2955-ERR3682592,https://ftp.sra.ebi.ac.uk/vol1/fastq/ERR368/002/ERR3682592/ERR3682592_1.fastq.gz,https://ftp.sra.ebi.ac.uk/vol1/fastq/ERR368/002/ERR3682592/ERR3682592_2.fastq.gz
vmg-2956-ERR12379561,https://ftp.sra.ebi.ac.uk/vol1/fastq/ERR123/061/ERR12379561/ERR12379561_1.fastq.gz,https://ftp.sra.ebi.ac.uk/vol1/fastq/ERR123/061/ERR12379561/ERR12379561_2.fastq.gz
vmg-2957-ERR3955291,https://ftp.sra.ebi.ac.uk/vol1/fastq/ERR395/001/ERR3955291/ERR3955291_1.fastq.gz,https://ftp.sra.ebi.ac.uk/vol1/fastq/ERR395/001/ERR3955291/ERR3955291_2.fastq.gz
vmg-2958-ERR16003813,https://ftp.sra.ebi.ac.uk/vol1/fastq/ERR160/013/ERR16003813/ERR16003813_1.fastq.gz,https://ftp.sra.ebi.ac.uk/vol1/fastq/ERR160/013/ERR16003813/ERR16003813_2.fastq.gz
vmg-2959-ERR11020419,https://ftp.sra.ebi.ac.uk/vol1/fastq/ERR110/019/ERR11020419/ERR11020419_1.fastq.gz,https://ftp.sra.ebi.ac.uk/vol1/fastq/ERR110/019/ERR11020419/ERR11020419_2.fastq.gz
vmg-2960-ERR4181603,https://ftp.sra.ebi.ac.uk/vol1/fastq/ERR418/003/ERR4181603/ERR4181603_1.fastq.gz,https://ftp.sra.ebi.ac.uk/vol1/fastq/ERR418/003/ERR4181603/ERR4181603_2.fastq.gz
vmg-2961-ERR15650561,https://ftp.sra.ebi.ac.uk/vol1/fastq/ERR156/061/ERR15650561/ERR15650561_1.fastq.gz,https://ftp.sra.ebi.ac.uk/vol1/fastq/ERR156/061/ERR15650561/ERR15650561_2.fastq.gz
vmg-2962-ERR2182460,https://ftp.sra.ebi.ac.uk/vol1/fastq/ERR218/000/ERR2182460/ERR2182460_1.fastq.gz,https://ftp.sra.ebi.ac.uk/vol1/fastq/ERR218/000/ERR2182460/ERR2182460_2.fastq.gz
vmg-2963-ERR16998633,https://ftp.sra.ebi.ac.uk/vol1/fastq/ERR169/033/ERR16998633/ERR16998633_1.fastq.gz,https://ftp.sra.ebi.ac.uk/vol1/fastq/ERR169/033/ERR16998633/ERR16998633_2.fastq.gz
vmg-2964-ERR16730049,https://ftp.sra.ebi.ac.uk/vol1/fastq/ERR167/049/ERR16730049/ERR16730049_1.fastq.gz,https://ftp.sra.ebi.ac.uk/vol1/fastq/ERR167/049/ERR16730049/ERR16730049_2.fastq.gz
vmg-2965-ERR16714518,https://ftp.sra.ebi.ac.uk/vol1/fastq/ERR167/018/ERR16714518/ERR16714518_1.fastq.gz,https://ftp.sra.ebi.ac.uk/vol1/fastq/ERR167/018/ERR16714518/ERR16714518_2.fastq.gz
vmg-2966-ERR10207597,https://ftp.sra.ebi.ac.uk/vol1/fastq/ERR102/097/ERR10207597/ERR10207597_1.fastq.gz,https://ftp.sra.ebi.ac.uk/vol1/fastq/ERR102/097/ERR10207597/ERR10207597_2.fastq.gz
vmg-2967-DRR636920,https://ftp.sra.ebi.ac.uk/vol1/fastq/DRR636/DRR636920/DRR636920_1.fastq.gz,https://ftp.sra.ebi.ac.uk/vol1/fastq/DRR636/DRR636920/DRR636920_2.fastq.gz
vmg-2968-ERR2735994,https://ftp.sra.ebi.ac.uk/vol1/fastq/ERR273/004/ERR2735994/ERR2735994_1.fastq.gz,https://ftp.sra.ebi.ac.uk/vol1/fastq/ERR273/004/ERR2735994/ERR2735994_2.fastq.gz
vmg-2969-ERR2987825,https://ftp.sra.ebi.ac.uk/vol1/fastq/ERR298/005/ERR2987825/ERR2987825_1.fastq.gz,https://ftp.sra.ebi.ac.uk/vol1/fastq/ERR298/005/ERR2987825/ERR2987825_2.fastq.gz
vmg-2970-ERR2611672,https://ftp.sra.ebi.ac.uk/vol1/fastq/ERR261/002/ERR2611672/ERR2611672_1.fastq.gz,https://ftp.sra.ebi.ac.uk/vol1/fastq/ERR261/002/ERR2611672/ERR2611672_2.fastq.gz
vmg-2971-ERR3932425,https://ftp.sra.ebi.ac.uk/vol1/fastq/ERR393/005/ERR3932425/ERR3932425_1.fastq.gz,https://ftp.sra.ebi.ac.uk/vol1/fastq/ERR393/005/ERR3932425/ERR3932425_2.fastq.gz
vmg-2972-ERR14194825,https://ftp.sra.ebi.ac.uk/vol1/fastq/ERR141/025/ERR14194825/ERR14194825_1.fastq.gz,https://ftp.sra.ebi.ac.uk/vol1/fastq/ERR141/025/ERR14194825/ERR14194825_2.fastq.gz
vmg-2973-ERR10749686,https://ftp.sra.ebi.ac.uk/vol1/fastq/ERR107/086/ERR10749686/ERR10749686_1.fastq.gz,https://ftp.sra.ebi.ac.uk/vol1/fastq/ERR107/086/ERR10749686/ERR10749686_2.fastq.gz
vmg-2974-ERR2987861,https://ftp.sra.ebi.ac.uk/vol1/fastq/ERR298/001/ERR2987861/ERR2987861_1.fastq.gz,https://ftp.sra.ebi.ac.uk/vol1/fastq/ERR298/001/ERR2987861/ERR2987861_2.fastq.gz
vmg-2975-ERR2608541,https://ftp.sra.ebi.ac.uk/vol1/fastq/ERR260/001/ERR2608541/ERR2608541_1.fastq.gz,https://ftp.sra.ebi.ac.uk/vol1/fastq/ERR260/001/ERR2608541/ERR2608541_2.fastq.gz
vmg-2976-ERR12555966,https://ftp.sra.ebi.ac.uk/vol1/fastq/ERR125/066/ERR12555966/ERR12555966_1.fastq.gz,https://ftp.sra.ebi.ac.uk/vol1/fastq/ERR125/066/ERR12555966/ERR12555966_2.fastq.gz
vmg-2977-ERR3955181,https://ftp.sra.ebi.ac.uk/vol1/fastq/ERR395/001/ERR3955181/ERR3955181_1.fastq.gz,https://ftp.sra.ebi.ac.uk/vol1/fastq/ERR395/001/ERR3955181/ERR3955181_2.fastq.gz
vmg-2978-ERR3955261,https://ftp.sra.ebi.ac.uk/vol1/fastq/ERR395/001/ERR3955261/ERR3955261_1.fastq.gz,https://ftp.sra.ebi.ac.uk/vol1/fastq/ERR395/001/ERR3955261/ERR3955261_2.fastq.gz
vmg-2979-ERR14194724,https://ftp.sra.ebi.ac.uk/vol1/fastq/ERR141/024/ERR14194724/ERR14194724_1.fastq.gz,https://ftp.sra.ebi.ac.uk/vol1/fastq/ERR141/024/ERR14194724/ERR14194724_2.fastq.gz
vmg-2980-ERR10749629,https://ftp.sra.ebi.ac.uk/vol1/fastq/ERR107/029/ERR10749629/ERR10749629_1.fastq.gz,https://ftp.sra.ebi.ac.uk/vol1/fastq/ERR107/029/ERR10749629/ERR10749629_2.fastq.gz
vmg-2981-ERR3769495,https://ftp.sra.ebi.ac.uk/vol1/fastq/ERR376/005/ERR3769495/ERR3769495_1.fastq.gz,https://ftp.sra.ebi.ac.uk/vol1/fastq/ERR376/005/ERR3769495/ERR3769495_2.fastq.gz
vmg-2982-ERR3955581,https://ftp.sra.ebi.ac.uk/vol1/fastq/ERR395/001/ERR3955581/ERR3955581_1.fastq.gz,https://ftp.sra.ebi.ac.uk/vol1/fastq/ERR395/001/ERR3955581/ERR3955581_2.fastq.gz
vmg-2983-ERR3955270,https://ftp.sra.ebi.ac.uk/vol1/fastq/ERR395/000/ERR3955270/ERR3955270_1.fastq.gz,https://ftp.sra.ebi.ac.uk/vol1/fastq/ERR395/000/ERR3955270/ERR3955270_2.fastq.gz
vmg-2984-ERR10897863,https://ftp.sra.ebi.ac.uk/vol1/fastq/ERR108/063/ERR10897863/ERR10897863_1.fastq.gz,https://ftp.sra.ebi.ac.uk/vol1/fastq/ERR108/063/ERR10897863/ERR10897863_2.fastq.gz
vmg-2985-ERR3670983,https://ftp.sra.ebi.ac.uk/vol1/fastq/ERR367/003/ERR3670983/ERR3670983_1.fastq.gz,https://ftp.sra.ebi.ac.uk/vol1/fastq/ERR367/003/ERR3670983/ERR3670983_2.fastq.gz
vmg-2986-ERR14211369,https://ftp.sra.ebi.ac.uk/vol1/fastq/ERR142/069/ERR14211369/ERR14211369_1.fastq.gz,https://ftp.sra.ebi.ac.uk/vol1/fastq/ERR142/069/ERR14211369/ERR14211369_2.fastq.gz
vmg-2987-ERR3769543,https://ftp.sra.ebi.ac.uk/vol1/fastq/ERR376/003/ERR3769543/ERR3769543_1.fastq.gz,https://ftp.sra.ebi.ac.uk/vol1/fastq/ERR376/003/ERR3769543/ERR3769543_2.fastq.gz
vmg-2988-ERR12520129,https://ftp.sra.ebi.ac.uk/vol1/fastq/ERR125/029/ERR12520129/ERR12520129_1.fastq.gz,https://ftp.sra.ebi.ac.uk/vol1/fastq/ERR125/029/ERR12520129/ERR12520129_2.fastq.gz
vmg-2989-ERR12419429,https://ftp.sra.ebi.ac.uk/vol1/fastq/ERR124/029/ERR12419429/ERR12419429_1.fastq.gz,https://ftp.sra.ebi.ac.uk/vol1/fastq/ERR124/029/ERR12419429/ERR12419429_2.fastq.gz
vmg-2990-ERR14802073,https://ftp.sra.ebi.ac.uk/vol1/fastq/ERR148/073/ERR14802073/ERR14802073_1.fastq.gz,https://ftp.sra.ebi.ac.uk/vol1/fastq/ERR148/073/ERR14802073/ERR14802073_2.fastq.gz
vmg-2991-ERR2987876,https://ftp.sra.ebi.ac.uk/vol1/fastq/ERR298/006/ERR2987876/ERR2987876_1.fastq.gz,https://ftp.sra.ebi.ac.uk/vol1/fastq/ERR298/006/ERR2987876/ERR2987876_2.fastq.gz
vmg-2992-ERR11479569,https://ftp.sra.ebi.ac.uk/vol1/fastq/ERR114/069/ERR11479569/ERR11479569_1.fastq.gz,https://ftp.sra.ebi.ac.uk/vol1/fastq/ERR114/069/ERR11479569/ERR11479569_2.fastq.gz
vmg-2993-ERR3662991,https://ftp.sra.ebi.ac.uk/vol1/fastq/ERR366/001/ERR3662991/ERR3662991_1.fastq.gz,https://ftp.sra.ebi.ac.uk/vol1/fastq/ERR366/001/ERR3662991/ERR3662991_2.fastq.gz
vmg-2994-ERR16011182,https://ftp.sra.ebi.ac.uk/vol1/fastq/ERR160/082/ERR16011182/ERR16011182_1.fastq.gz,https://ftp.sra.ebi.ac.uk/vol1/fastq/ERR160/082/ERR16011182/ERR16011182_2.fastq.gz
vmg-2995-ERR3698029,https://ftp.sra.ebi.ac.uk/vol1/fastq/ERR369/009/ERR3698029/ERR3698029_1.fastq.gz,https://ftp.sra.ebi.ac.uk/vol1/fastq/ERR369/009/ERR3698029/ERR3698029_2.fastq.gz
vmg-2996-ERR16722268,https://ftp.sra.ebi.ac.uk/vol1/fastq/ERR167/068/ERR16722268/ERR16722268_1.fastq.gz,https://ftp.sra.ebi.ac.uk/vol1/fastq/ERR167/068/ERR16722268/ERR16722268_2.fastq.gz
vmg-2997-ERR2011840,https://ftp.sra.ebi.ac.uk/vol1/fastq/ERR201/000/ERR2011840/ERR2011840_1.fastq.gz,https://ftp.sra.ebi.ac.uk/vol1/fastq/ERR201/000/ERR2011840/ERR2011840_2.fastq.gz
vmg-2998-ERR16003917,https://ftp.sra.ebi.ac.uk/vol1/fastq/ERR160/017/ERR16003917/ERR16003917_1.fastq.gz,https://ftp.sra.ebi.ac.uk/vol1/fastq/ERR160/017/ERR16003917/ERR16003917_2.fastq.gz
vmg-2999-ERR12520332,https://ftp.sra.ebi.ac.uk/vol1/fastq/ERR125/032/ERR12520332/ERR12520332_1.fastq.gz,https://ftp.sra.ebi.ac.uk/vol1/fastq/ERR125/032/ERR12520332/ERR12520332_2.fastq.gz
vmg-3000-ERR2735970,https://ftp.sra.ebi.ac.uk/vol1/fastq/ERR273/000/ERR2735970/ERR2735970_1.fastq.gz,https://ftp.sra.ebi.ac.uk/vol1/fastq/ERR273/000/ERR2735970/ERR2735970_2.fastq.gz
