logical_task_id	role	replay_position
viralmetagenome:64f33de4f01b872e62e1	train	18011
viralmetagenome:2f68472bddaec4c6efc4	train	18012
viralmetagenome:568657e5669a14713519	train	18013
viralmetagenome:b75dce8e8048e4b29620	train	18014
viralmetagenome:5d15a602e44ed1736659	train	18015
viralmetagenome:f4172421a9c6fcba84f6	train	18016
viralmetagenome:2f338215b40bc35f61cd	train	18017
viralmetagenome:c9ec58c728c2c4eb038b	train	18018
viralmetagenome:b2949194e327a0e02eb2	train	18019
viralmetagenome:eb2eead4a25275758a0d	train	18020
viralmetagenome:c5e279f9b5c18a0b0628	train	18021
viralmetagenome:93548be0f9abb9c00fd9	train	18022
viralmetagenome:c4dc4373fee4a228a2bb	train	18023
viralmetagenome:a621fc312e8ecf3c3f75	train	18024
viralmetagenome:eefe0545ca42583a7f19	train	18025
viralmetagenome:bce86a44ba856187ebc9	train	18026
viralmetagenome:86d6f9a6ecb2596fdc8c	train	18027
viralmetagenome:3a2d86fac4bd1a46efc5	train	18028
viralmetagenome:83c3ddef2633a8d91ec0	train	18029
viralmetagenome:26ac4eb2ca8ab44d87d0	train	18030
viralmetagenome:0ba3ed9eb5979079d5f0	train	18031
viralmetagenome:1f61b97ec12c1074c893	train	18032
viralmetagenome:128d8f9d355dde91ec3e	train	18033
viralmetagenome:64e5c429a64013c769c9	train	18034
viralmetagenome:2be56af4858ce67d2041	train	18035
viralmetagenome:989482c6707a7d4c5dc7	train	18036
viralmetagenome:2e9197c59a265a0a1f10	train	18037
viralmetagenome:0498b241d3d9b0334064	train	18038
viralmetagenome:bc6e66912e015550e23f	train	18039
viralmetagenome:50a996df3c20ea3d5736	train	18040
viralmetagenome:1ec1e030999312cc5be1	train	18041
viralmetagenome:89f59f78bc67f466d0f9	train	18042
viralmetagenome:f4e16f6f66891dd6e273	train	18043
viralmetagenome:ab8b7cadefadbc7bb428	train	18044
viralmetagenome:553fe302486051f6a5c3	train	18045
viralmetagenome:bb67b16a9d89dd34cbc2	train	18046
viralmetagenome:d948927ba5f30bdd8b17	train	18047
viralmetagenome:dd3600ae9fb40e3cdc52	train	18048
viralmetagenome:ff138b5d7ef883d7eecd	train	18049
viralmetagenome:c51861fe0c3a65372c07	train	18050
viralmetagenome:75de68083e888a38f3e2	train	18051
viralmetagenome:5fbab6ede8dc5d966727	train	18052
viralmetagenome:f1b7348e77629db7f704	train	18053
viralmetagenome:97f0cab28179c6249a4b	train	18054
viralmetagenome:f5cb56c6a06d2aa6b5d7	train	18055
viralmetagenome:e9f45dccb3a647a643b0	train	18056
viralmetagenome:4772c2cfeff8e5c66e28	train	18057
viralmetagenome:e9f0604b5d892b1c6a84	train	18058
viralmetagenome:cbfeef505fe6b0b995ef	train	18059
viralmetagenome:9380fcc710260399685e	train	18060
viralmetagenome:c1862383173c754c54cd	train	18061
viralmetagenome:37a262e082271b3db62d	train	18062
viralmetagenome:babd6b6e6c6b60f369ec	train	18063
viralmetagenome:83b3594002f1a34a9f1e	train	18064
viralmetagenome:f2a6ca7f5c25dfeab160	train	18065
viralmetagenome:3a47d080163c26f360f9	train	18066
viralmetagenome:b25a8dce0938fd66331a	train	18067
viralmetagenome:61c681f058a57fda595a	train	18068
viralmetagenome:497dd0731a03f1e60fb6	train	18069
viralmetagenome:c3730f9e94f155e274b3	train	18070
viralmetagenome:5fe60df6e5faf74461db	train	18071
viralmetagenome:3601bddd3680ca5896be	train	18072
viralmetagenome:c402d8dccf34edfff153	train	18073
viralmetagenome:93026d4965e21a9deab9	train	18074
viralmetagenome:918bc19d54a30dd264df	train	18075
viralmetagenome:efc19a53ca1e5a43227a	train	18076
viralmetagenome:ee922ac64eb932f6b5b3	train	18077
viralmetagenome:66f958129b768d6b437d	train	18078
viralmetagenome:7b96f8b7750dbb0f2125	train	18079
viralmetagenome:9b4b7ba2bdf904471433	train	18080
viralmetagenome:d94f441f164a7e021dbd	train	18081
viralmetagenome:200224a469ac084b3b6c	train	18082
viralmetagenome:dc8797194b739250bac6	train	18083
viralmetagenome:97869f78b6ee32669c4b	train	18084
viralmetagenome:b13ee5906f42ea56e414	train	18085
viralmetagenome:98ea8631821d8ef60602	train	18086
viralmetagenome:18a81079de745e6e1ca4	train	18087
viralmetagenome:c0fa0dbd831f1ed1ecdd	train	18088
viralmetagenome:1016ca6300af3331f2ce	train	18089
viralmetagenome:85685fc8eb8c84fb624c	train	18090
viralmetagenome:9f2532b5f1110bafc8d8	train	18091
viralmetagenome:d17a847c08b2d9a07532	train	18092
viralmetagenome:e394fa9b5cadcd6cbbb2	train	18093
viralmetagenome:93a46a5a0683c8273120	train	18094
viralmetagenome:86eca0046436f32bc6e0	train	18095
viralmetagenome:7c0f93049a9e0e3639e9	train	18096
viralmetagenome:1f059fe5fcafe27fbd77	train	18097
viralmetagenome:512d5ebbfabc13cdaef6	train	18098
viralmetagenome:b83c557609b0916b330d	train	18099
viralmetagenome:357f5f92388232d0001f	train	18100
viralmetagenome:3b1afdc28f2536474b5c	train	18101
viralmetagenome:2649a6815df71f677ff9	train	18102
viralmetagenome:a659c5021066750494db	train	18103
viralmetagenome:2ec84bb3c3ce6dbb0c52	train	18104
viralmetagenome:6493c8b30cacb4b2fcf8	train	18105
viralmetagenome:3afc985f166cb16195aa	train	18106
viralmetagenome:b043d4b4ee07e28ccb71	train	18107
viralmetagenome:eb091f63ad3b29749c2d	train	18108
viralmetagenome:162a93feca99941acb95	train	18109
viralmetagenome:bb7a1bdcc65cb6196a3a	train	18110
viralmetagenome:81f78d239ea4822a49d7	train	18111
viralmetagenome:9c3fd108945844bee75e	train	18112
viralmetagenome:14d3e302bf1e655db755	train	18113
viralmetagenome:285fd567d897aa3298de	train	18114
viralmetagenome:f5ad66b572d6f8a0adac	train	18115
viralmetagenome:5292fe3e1fc6e9bdc2f5	train	18116
viralmetagenome:40c6cfa1e253f8e4e6b2	train	18117
viralmetagenome:9f2ec025b619521ca37a	train	18118
viralmetagenome:2bf0d70e62a3fb46b109	train	18119
viralmetagenome:46a561edde25ebbb8fa8	train	18120
viralmetagenome:020bc4f1f0e70674b42a	train	18121
viralmetagenome:1313be739a69126f2072	train	18122
viralmetagenome:cb0bce1fbbad02e5d957	train	18123
viralmetagenome:45ed530f631cb4da0e92	train	18124
viralmetagenome:d13a5bcd3f6c9d2b84df	train	18125
viralmetagenome:ba60d90133e8832d9f4e	train	18126
viralmetagenome:6bf542aaaa142fac57f2	train	18127
viralmetagenome:4a6c5d16e6f2894a7644	train	18128
viralmetagenome:ccf419242f217364c383	train	18129
viralmetagenome:5d5e7c36ce9477c00123	train	18130
viralmetagenome:9cbb47f40cfbff50f9a3	train	18131
viralmetagenome:ac639af9e0450fc04d73	train	18132
viralmetagenome:83bb64c43519996ad5ce	train	18133
viralmetagenome:58a90fec032c51b10318	train	18134
viralmetagenome:ba2062208b4299e73f01	train	18135
viralmetagenome:d958d020a59f4e9dc23c	train	18136
viralmetagenome:c36a35e4fd96b32ae329	train	18137
viralmetagenome:0a9d8aea9643c499495d	train	18138
viralmetagenome:ef9e98a32997845e0630	train	18139
viralmetagenome:890b7cef99786d85032b	train	18140
viralmetagenome:3ae8f49f17fdf5f888da	train	18141
viralmetagenome:7ad8cca46a58251779a0	train	18142
viralmetagenome:d0a3f9bcab3432c6b38f	train	18143
viralmetagenome:8257f458b72a8c2c67bd	train	18144
viralmetagenome:3ad6f276b67c4f3c0ff5	train	18145
viralmetagenome:3c4fba0313aa6f49344e	train	18146
viralmetagenome:b0deb43ec08e7a616cb5	train	18147
viralmetagenome:b4cac5a5ef9f798e69a6	train	18148
viralmetagenome:4291b85e023ef5cadd51	train	18149
viralmetagenome:eb3ca62521308f6466ad	train	18150
viralmetagenome:0a52605fa3c7842875d4	train	18151
viralmetagenome:bf93fd6ae973de538004	train	18152
viralmetagenome:c6122d97ff793246fda0	train	18153
viralmetagenome:5773aa19d9a141dd7ad3	train	18154
viralmetagenome:7947f5c327162c3a0e72	train	18155
viralmetagenome:a155eab43356a6f27d94	train	18156
viralmetagenome:738c83591ff9aa2c2a52	train	18157
viralmetagenome:3befe96e045c83700996	train	18158
viralmetagenome:98f06a05ceba4480100f	train	18159
viralmetagenome:f474039960cb4cb79d59	train	18160
viralmetagenome:4aff62f13a4e05c3f9eb	train	18161
viralmetagenome:b7de4f1e11db8489d1fa	train	18162
viralmetagenome:8bc0ec67995093797bef	train	18163
viralmetagenome:069913675f4f0a879ef7	train	18164
viralmetagenome:6b4da791c052994840a2	train	18165
viralmetagenome:3865fb2f8f65f6a0da23	train	18166
viralmetagenome:b3a636a1c3347d3556bb	train	18167
viralmetagenome:a32cc16fed9a2296a74d	train	18168
viralmetagenome:964954451b5d90da6384	train	18169
viralmetagenome:26200c00f5c5d33ddc37	train	18170
viralmetagenome:3083f75da2f63c88360f	train	18171
viralmetagenome:3313acc2d0986cad2921	train	18172
viralmetagenome:20143ffbeffd16216a51	train	18173
viralmetagenome:1b3beb6906f66ffa544e	train	18174
viralmetagenome:f8e321d5c751e607448e	train	18175
viralmetagenome:9a029c83eabec3899cc5	train	18176
viralmetagenome:4d8ffa880c3393265a1d	train	18177
viralmetagenome:523bc1cc369456722861	train	18178
viralmetagenome:225ab373ff97e423ca8e	train	18179
viralmetagenome:189a83a1d9d59493fb1f	train	18180
viralmetagenome:c77a16e8c3792303b9bd	train	18181
viralmetagenome:9dbd41e610817bdaad9a	train	18182
viralmetagenome:9c4fbe059a128284fc5e	train	18183
viralmetagenome:876694cc1ab8fff39dee	train	18184
viralmetagenome:9444374d4ca57ea4b8b0	train	18185
viralmetagenome:3de29ceaf148322424a4	train	18186
viralmetagenome:fc0d12ab28b33f00f7b3	train	18187
viralmetagenome:3a4f77d4a423dedfd4f3	train	18188
viralmetagenome:dd8b0f0341ae32728192	train	18189
viralmetagenome:9919ff95ede6f00c09a8	train	18190
viralmetagenome:b2f0ce583b63b1acf567	train	18191
viralmetagenome:6acf9fdb05cdee4152ab	train	18192
viralmetagenome:dbc4764fa934e9606fd3	train	18193
viralmetagenome:2144e0145eff24b98980	train	18194
viralmetagenome:d203297850c7c8106fad	train	18195
viralmetagenome:71d2a1aff0876bfad2d9	train	18196
viralmetagenome:330c6a6a83f5dea1a53c	train	18197
viralmetagenome:582405be631c270b64b6	train	18198
viralmetagenome:de7ec8970a6c5b89af62	train	18199
viralmetagenome:e10092c99acc34dc1402	train	18200
viralmetagenome:a081523804130c7ed09d	train	18201
viralmetagenome:991ab756ce26e726efaa	train	18202
viralmetagenome:dd9e3e77e74ea9095c21	train	18203
viralmetagenome:b7e784f4dbc99e0fedb8	train	18204
viralmetagenome:6e1810bd9e7e555fa094	train	18205
viralmetagenome:1fa5cde80b49112bf74d	train	18206
viralmetagenome:dfc30d3c5b542f3dda47	train	18207
viralmetagenome:ee7d95a1ecc760588c12	train	18208
viralmetagenome:850b744f40334c279555	train	18209
viralmetagenome:439e04e8aa35a2c8791f	train	18210
viralmetagenome:f8961b35e10169117358	train	18211
viralmetagenome:5197f901c1858b29cacb	train	18212
viralmetagenome:5b0ae0664b72ba065b6b	train	18213
viralmetagenome:cbda5e7416386b58b599	train	18214
viralmetagenome:51a4fe3742d1758854f3	train	18215
viralmetagenome:4bac5cc4761b1bbe47a1	train	18216
viralmetagenome:fa4cdea652606343237e	train	18217
viralmetagenome:c65da91834c730a763a3	train	18218
viralmetagenome:31b160305e6efa0f8443	train	18219
viralmetagenome:698c97fe17fd2ee8d063	train	18220
viralmetagenome:c9017995909059169db7	train	18221
viralmetagenome:cb0368342c78888a8180	train	18222
viralmetagenome:bc9ab363de911f5044d9	train	18223
viralmetagenome:ec9d7daf6ecd891dd984	train	18224
viralmetagenome:2c176215e1423d41c32a	train	18225
viralmetagenome:e0751085553a5c9c5ef5	train	18226
viralmetagenome:626d83b0cf056a53221b	train	18227
viralmetagenome:4c388d60abf41f6e8f21	train	18228
viralmetagenome:1f4c64b11149062e4067	train	18229
viralmetagenome:94640b1e47ebee79dc2d	train	18230
viralmetagenome:73b0ec3a73e4cd4bcc04	train	18231
viralmetagenome:138e1a598131cf7ff22e	train	18232
viralmetagenome:ecd4dbf3840362df5dc3	train	18233
viralmetagenome:6eebbd9c8acbe297cbf5	train	18234
viralmetagenome:df7c87be5f3ecd4faf80	train	18235
viralmetagenome:d387e52bdf1897b98550	train	18236
viralmetagenome:3c0808f24163194e20a9	train	18237
viralmetagenome:64edffca969435d9b6fa	train	18238
viralmetagenome:5e1ca3f40f8d0d0be662	train	18239
viralmetagenome:ee6f8161b5a83af55c36	train	18240
viralmetagenome:74ce90d064ca3ff7f8f2	train	18241
viralmetagenome:474dd3e6777b60aff7a4	train	18242
viralmetagenome:5bec417d012457984284	train	18243
viralmetagenome:7e6e6b5b7c26f5faf215	train	18244
viralmetagenome:633052d98445b0d69f2a	train	18245
viralmetagenome:b386767b326bd7a29c07	train	18246
viralmetagenome:f16d48ddc524ef60b70c	train	18247
viralmetagenome:ac455d989edf467db38e	train	18248
viralmetagenome:71e65ba68b6764f370b3	train	18249
viralmetagenome:58873fb93b693399547b	train	18250
viralmetagenome:46bebc76bd4c7080d7cd	train	18251
viralmetagenome:0fcfa4f0436e7bab5064	train	18252
viralmetagenome:a92db6e43d3c57fb7bf7	train	18253
viralmetagenome:42847ef66356de1c88c8	train	18254
viralmetagenome:a490bdb2d356daeb5495	train	18255
viralmetagenome:17d84e8b5bfc74a4e87b	train	18256
viralmetagenome:f0f1f9d1266bfda1e636	train	18257
viralmetagenome:1e6ae042bc83e908fefd	train	18258
viralmetagenome:7e0cb0cf8068db1e3238	train	18259
viralmetagenome:a6334e8b452f4ae9d7a5	train	18260
viralmetagenome:d36212a9b0bc26636a1c	train	18261
viralmetagenome:2bdc6853729cfce46d43	train	18262
viralmetagenome:016773a9abffcbb20928	train	18263
viralmetagenome:11e675b8b83c49b6fe50	train	18264
viralmetagenome:47c87fcfa3666152e95b	train	18265
viralmetagenome:3d94a2b0e4971dd07133	train	18266
viralmetagenome:5ff5bc9849b2914f655b	train	18267
viralmetagenome:09e96361dd8fc998bdf9	train	18268
viralmetagenome:31617e5d9d63cb35873c	train	18269
viralmetagenome:d4ce835d5d3b56636245	train	18270
viralmetagenome:b871bdaeeaec23497b5b	train	18271
viralmetagenome:83e642317a197778a02a	train	18272
viralmetagenome:6abf8dd8a7db5a2e444b	train	18273
viralmetagenome:18e733c9ecb9586891e1	train	18274
viralmetagenome:ca2abd912f1bce3b54ee	train	18275
viralmetagenome:700ee9375c2c35d3afa8	train	18276
viralmetagenome:db3d1d1ebc5911d0dc98	train	18277
viralmetagenome:d97d2cc9539c7e53d328	train	18278
viralmetagenome:9b46c658c79509b37b37	train	18279
viralmetagenome:6dc5a811edc52fb1790d	train	18280
viralmetagenome:ba29b65340eba286abd5	train	18281
viralmetagenome:ebb70e1c0e1033c22833	train	18282
viralmetagenome:ac2a5ac7d3e80536df10	train	18283
viralmetagenome:09e45a246636f359f089	train	18284
viralmetagenome:6ac6a01539fe2c706de0	train	18285
viralmetagenome:3afcb76cab1d372a4cec	train	18286
viralmetagenome:6ae50a9397bdbc6beeb0	train	18287
viralmetagenome:dceebccd5a231163d62e	train	18288
viralmetagenome:b75c30cc564850a99c1f	train	18289
viralmetagenome:2a40d6d83d4614ec195e	train	18290
viralmetagenome:24c15c1301d62be87054	train	18291
viralmetagenome:2d3702a0cb3064791d8b	train	18292
viralmetagenome:860b82fc204a83e2d494	train	18293
viralmetagenome:b3b65b16b2b634d1e821	train	18294
viralmetagenome:3af109d7b733bd051c4d	train	18295
viralmetagenome:e37389d92052419c11a7	train	18296
viralmetagenome:e7d3d27d26f265adb11f	train	18297
viralmetagenome:aa7f9e046e0f0cd9cac9	train	18298
viralmetagenome:7babd479b33c62107907	train	18299
viralmetagenome:7310f9f7a79e25ef406c	train	18300
viralmetagenome:002f2431b463efd98e39	train	18301
viralmetagenome:e620f7aa4becac364921	train	18302
viralmetagenome:b0e22fa6927efab1ca8d	train	18303
viralmetagenome:f747cd7a8fb5058e170e	train	18304
viralmetagenome:43a22b77047fca5d02d6	train	18305
viralmetagenome:a7e9505048e97fbeeb9b	train	18306
viralmetagenome:ee2f5c3011d3751a4929	train	18307
viralmetagenome:8fd107bd29696adf97f7	train	18308
viralmetagenome:8bc8b90df1eb05398b74	train	18309
viralmetagenome:dfe21f69b9e8a4034509	train	18310
viralmetagenome:2f09fec3d67a98c055d9	train	18311
viralmetagenome:6ae9162816aac638b836	train	18312
viralmetagenome:86f3331d7f9bb4894967	train	18313
viralmetagenome:1520d73842fee404a8c0	train	18314
viralmetagenome:6b730b68488344320e73	train	18315
viralmetagenome:91e658b40c19886477d1	train	18316
viralmetagenome:1d24a4e47111e919c1f2	train	18317
viralmetagenome:3979765f04827c0903e3	train	18318
viralmetagenome:07ef55157a804fd45f14	train	18319
viralmetagenome:8202488a1dbe60d87557	train	18320
viralmetagenome:1419ce8447df187c1319	train	18321
viralmetagenome:7e65f1745548343e2e38	train	18322
viralmetagenome:1e8febccb923dec21c60	train	18323
viralmetagenome:87f71a89125709630728	train	18324
viralmetagenome:c1a7caec5f3d2fec11ce	train	18325
viralmetagenome:8481a5c8f5883d8784e0	train	18326
viralmetagenome:78b34577aef75e766d88	train	18327
viralmetagenome:27d7a515628d318dcef6	train	18328
viralmetagenome:15582734e777edeaf7db	train	18329
viralmetagenome:0a8e0e550dd628f739ca	train	18330
viralmetagenome:8a38d9202390aa3150d3	train	18331
viralmetagenome:5adb24ad9fe76842ed92	train	18332
viralmetagenome:c9a004cfca79d1e219eb	train	18333
viralmetagenome:3d2c70d90d4d4780b580	train	18334
viralmetagenome:7570763186d87f4c9b5b	train	18335
viralmetagenome:4e59d2f3b543780d4065	train	18336
viralmetagenome:d7222755340a38b186ab	train	18337
viralmetagenome:79e98e7ed1be00705b6e	train	18338
viralmetagenome:e71f4b419048635a9232	train	18339
viralmetagenome:b350c17a7653f7be5dc1	train	18340
viralmetagenome:fba9b352a1507ebd1fa0	train	18341
viralmetagenome:7f0776ee941b09cd611b	train	18342
viralmetagenome:f9772db153b4c916f12a	train	18343
viralmetagenome:9e8a66afe97b91293453	train	18344
viralmetagenome:2f1b7064a823bf314e91	train	18345
viralmetagenome:ad25b1444dcfbae3d62c	train	18346
viralmetagenome:2968578e88995040d107	train	18347
viralmetagenome:aaeae822059625d16c80	train	18348
viralmetagenome:da7c3a8df5b1c17251ac	train	18349
viralmetagenome:f944126eaa5a94aa42ef	train	18350
viralmetagenome:27370e333240e6ca3bb7	train	18351
viralmetagenome:b22a16beb2f88ef21234	train	18352
viralmetagenome:bdeb884aa15537c96b71	train	18353
viralmetagenome:0f67cd05df8e9c4db344	train	18354
viralmetagenome:8efc331aaa98f9550d35	train	18355
viralmetagenome:7b4fa83fc49b4d39e6d1	train	18356
viralmetagenome:53848d5d7e6268fb5a81	train	18357
viralmetagenome:48ac899f9a6e13f71876	train	18358
viralmetagenome:1c05532a1558eb4f16aa	train	18359
viralmetagenome:d4721e9857ac30fc9ad5	train	18360
viralmetagenome:c76a4b8d3947efd1b4ce	train	18361
viralmetagenome:54d182011009a392bb5a	train	18362
viralmetagenome:e7e072c9b5d1396fac43	train	18363
viralmetagenome:f5f0534028637d90f2d4	train	18364
viralmetagenome:aa5f88721442293e8c92	train	18365
viralmetagenome:a317155d72e2b37354eb	train	18366
viralmetagenome:c2aae5ac490ccac6e780	train	18367
viralmetagenome:fd195586035b46d5f121	train	18368
viralmetagenome:0fcd0caebc294f8eae0f	train	18369
viralmetagenome:164ed0e803554de316b5	train	18370
viralmetagenome:4205dfd1f4186577c766	train	18371
viralmetagenome:3eb81d9500389b4432cf	train	18372
viralmetagenome:66eb5388efefc4356f8e	train	18373
viralmetagenome:55e6f3835223bf1a31c4	train	18374
viralmetagenome:41a51a5a2cedf1f7e69a	train	18375
viralmetagenome:8f6ebec3696c60b379c2	train	18376
viralmetagenome:279db8534bcc9c6deae6	train	18377
viralmetagenome:90d642e2c6134c529ba6	train	18378
viralmetagenome:27a0b629740962c1690d	train	18379
viralmetagenome:9a50926ec63c0d310075	train	18380
viralmetagenome:dbd66edec6df8571438c	train	18381
viralmetagenome:af5536296de42e6c8b4e	train	18382
viralmetagenome:f5e03085064d423a385c	train	18383
viralmetagenome:3b4ee8b785248466dc6e	train	18384
viralmetagenome:934bf6ee3807d7fb1e13	train	18385
viralmetagenome:67f75d6a927c8d7d418d	train	18386
viralmetagenome:be4e22f002e8f0bcc7af	train	18387
viralmetagenome:d4e0f8eb7b1c1089bb70	train	18388
viralmetagenome:51a2cbb3491b84e996a3	train	18389
viralmetagenome:12493a49dcf242b55f5c	train	18390
viralmetagenome:f6a29f7d17c55c840113	train	18391
viralmetagenome:d08292924f279c63d4fe	train	18392
viralmetagenome:a05cfb97c55d037dec81	train	18393
viralmetagenome:6404d3c4055bcd438baf	train	18394
viralmetagenome:f6f29fd99adbc0be6342	train	18395
viralmetagenome:cea6f9bdb1e7089cb271	train	18396
viralmetagenome:e8261a44afbac6f97a93	train	18397
viralmetagenome:a54224817489b3d741dd	train	18398
viralmetagenome:156bba744d5e42d04a17	train	18399
viralmetagenome:aef944db57395d968430	train	18400
viralmetagenome:dc092ca05965ad389315	train	18401
viralmetagenome:ab64eb2bdb9c1b870dc9	train	18402
viralmetagenome:43998ce93b842a098828	train	18403
viralmetagenome:6eeab882f426ea83ed43	train	18404
viralmetagenome:02e64aed7f4512a69230	train	18405
viralmetagenome:eb8670486597ba364265	train	18406
viralmetagenome:84735a57d973c1a66109	train	18407
viralmetagenome:7981b0dc5b48c3b1f95e	train	18408
viralmetagenome:57b88a37c6b0c71b26ae	train	18409
viralmetagenome:012d421ffccd5430124f	train	18410
viralmetagenome:ff2c0af9c1207704482d	train	18411
viralmetagenome:645fd409725c62b8d856	train	18412
viralmetagenome:ebab8abec3d52a7a8f01	train	18413
viralmetagenome:220224bbf2a23ddd2084	train	18414
viralmetagenome:905e364f6c84a50e633a	train	18415
viralmetagenome:1eb0a179aa2de4bbd04e	train	18416
viralmetagenome:54a77fdaf1e245cd68a6	train	18417
viralmetagenome:060166df57b418f3a45b	train	18418
viralmetagenome:6b189c0ca4f81578cf29	train	18419
viralmetagenome:4d39a47cd51e82323062	train	18420
viralmetagenome:2c4c49cb38ea6319c147	train	18421
viralmetagenome:e401b1dcf2baa3a84783	train	18422
viralmetagenome:6d7a69a05f76260d3edb	train	18423
viralmetagenome:8690cf10d468b735cb3b	train	18424
viralmetagenome:2c89e43944d74aa97eb9	train	18425
viralmetagenome:9c9d2df422d700ab7347	train	18426
viralmetagenome:584887c2ee273bacc989	train	18427
viralmetagenome:7d1dba4cc992b512646d	train	18428
viralmetagenome:a1882fb99bca3a442785	train	18429
viralmetagenome:8ebf623292e78e1750b1	train	18430
viralmetagenome:eb571635661a55ddfa95	train	18431
viralmetagenome:05100a799a28a197d943	train	18432
viralmetagenome:9468c768854efd091518	train	18433
viralmetagenome:ad3e82acf116a8fbcc73	train	18434
viralmetagenome:1a9682b07c5caa28fb14	train	18435
viralmetagenome:087e14cc8eade49d2d06	train	18436
viralmetagenome:5784270876f5dfe7eae1	train	18437
viralmetagenome:83386ddc0fe6b069f5e1	train	18438
viralmetagenome:76d4523b657352f1479b	train	18439
viralmetagenome:95ef71c4e333e28c1b54	train	18440
viralmetagenome:be0d838b961edd42055f	train	18441
viralmetagenome:e6295fad230d4989be4b	train	18442
viralmetagenome:1992d64cbdd6ef052134	train	18443
viralmetagenome:4f0c62c23ae2a49f3428	train	18444
viralmetagenome:a300069df427db99d9b6	train	18445
viralmetagenome:9d656e71a84682522561	train	18446
viralmetagenome:0b1c9ed8a3712c5d4ce2	train	18447
viralmetagenome:065dcde50cc72a8c3cd4	train	18448
viralmetagenome:9fb66f211106d7609abf	train	18449
viralmetagenome:4f96912592e045bdccb5	train	18450
viralmetagenome:6fb1ff728a66634baf41	train	18451
viralmetagenome:081734f16ac4e4067863	train	18452
viralmetagenome:8fc5eebf183508e2a780	train	18453
viralmetagenome:3242bd1c9df45d11463a	train	18454
viralmetagenome:cbbbef6b64b4d948d161	train	18455
viralmetagenome:fcba707de857edd77b3b	train	18456
viralmetagenome:c6a888faf62db0ad137d	train	18457
viralmetagenome:8401bccef2b1978c214f	train	18458
viralmetagenome:2bfc58271c458e2a8ea8	train	18459
viralmetagenome:a78ef08128d7e8c5dd78	train	18460
viralmetagenome:e5391a8aab192745e992	train	18461
viralmetagenome:a7b6092c28ba91a2a34c	train	18462
viralmetagenome:cd61a8130b30e2750cd9	train	18463
viralmetagenome:dec29b32247eeeacd167	train	18464
viralmetagenome:c5b8dc5081488305cf81	train	18465
viralmetagenome:2341318e2f5127dc10d8	train	18466
viralmetagenome:cc5aa3609bb6b171825b	train	18467
viralmetagenome:47f73bc6d26daaaa1c55	train	18468
viralmetagenome:9276b7bc781cfdac73ef	train	18469
viralmetagenome:8104e9bc6e15466de02a	train	18470
viralmetagenome:7966714fd88794966ade	train	18471
viralmetagenome:1ead329ca3aac62b5bb6	train	18472
viralmetagenome:273d842f8b2c03da4b82	train	18473
viralmetagenome:a30538c7bdf2adbfdeca	train	18474
viralmetagenome:50f2f0bd1e6cebedfc23	train	18475
viralmetagenome:66abf71a222117c17099	train	18476
viralmetagenome:416c6b09d6197728e6e8	train	18477
viralmetagenome:cdd8095da407df92309d	train	18478
viralmetagenome:46b166d3ef4812d17c3a	train	18479
viralmetagenome:0d42200e0bc5ea0895f7	train	18480
viralmetagenome:2398e8f2dfd4cbb52133	train	18481
viralmetagenome:a4b25e4db933a7928469	train	18482
viralmetagenome:c99f05b90fe3f4ee83b0	train	18483
viralmetagenome:9af261267863e7f90029	train	18484
viralmetagenome:36d5f7ad4377f61ff4f8	train	18485
viralmetagenome:33b63a14c5efc672b166	train	18486
viralmetagenome:108d46c6dfc3b04d4b2d	train	18487
viralmetagenome:c76bebc62ce2962ad704	train	18488
viralmetagenome:82bfd04b2e9e699055a7	train	18489
viralmetagenome:4e30dc1f8c6f3260a7e7	train	18490
viralmetagenome:afbb8d7b197240406ed8	train	18491
viralmetagenome:1c40f376d01188bb39a6	train	18492
viralmetagenome:72d5de6f569c3ed0ee6b	train	18493
viralmetagenome:d39549afdd283dcfd8e3	train	18494
viralmetagenome:9dd8ddca79b11edc3640	train	18495
viralmetagenome:d57570f7338c70cae3b0	train	18496
viralmetagenome:9b08e2fd0ac85bcb4440	train	18497
viralmetagenome:2b3dd6684a41b575f053	train	18498
viralmetagenome:f5efcbc8b6525f560976	train	18499
viralmetagenome:0d23cae69b5ca343476b	train	18500
viralmetagenome:5d56c7b1125d577afe9a	train	18501
viralmetagenome:834001996fba168a2608	train	18502
viralmetagenome:2d68c938a90cff733083	train	18503
viralmetagenome:bef02f877d4c87acea3b	train	18504
viralmetagenome:0f0c49f744accc3e49eb	train	18505
viralmetagenome:e4490d9393999de92ae5	train	18506
viralmetagenome:a2b39df6bc3a994ee2d9	train	18507
viralmetagenome:7b4f3f8d975d69e46ab6	train	18508
viralmetagenome:a74b0a53e21a1e7fcb2f	train	18509
viralmetagenome:b0e1576b1a6a0164bb5d	train	18510
viralmetagenome:f5f580062fa1def66fb2	train	18511
viralmetagenome:01ab3a32112a6eff1d1d	train	18512
viralmetagenome:81f84576208adaf6df8c	train	18513
viralmetagenome:1a521afeaa46861f08d7	train	18514
viralmetagenome:60b9de556ef3c1d40556	train	18515
viralmetagenome:b1bbc6e2d37c0201e71f	train	18516
viralmetagenome:757151468769d0a843be	train	18517
viralmetagenome:ac95f6912d1747ad95ac	train	18518
viralmetagenome:131a1be84a26684928ae	train	18519
viralmetagenome:c9c045c8dea6aed632cc	train	18520
viralmetagenome:cba879103ceb3b8c354f	train	18521
viralmetagenome:1ea640e2abf62ffb0bd2	train	18522
viralmetagenome:06ce457c56bdeb68bd43	train	18523
viralmetagenome:10f07245cd469eeeb508	train	18524
viralmetagenome:37571da83c066cb018b7	train	18525
viralmetagenome:9dc67f7d08c9e31e3536	train	18526
viralmetagenome:d0f3ba3fe7210641c80d	train	18527
viralmetagenome:3887512f7d89bbd7f7a4	train	18528
viralmetagenome:908c37d50bc6c38abaf5	train	18529
viralmetagenome:a8c8432f09fe1b2b0869	train	18530
viralmetagenome:64ee4184ba76e64795c8	train	18531
viralmetagenome:0550e1a687cc4cfe4598	train	18532
viralmetagenome:7053cc835c81a21b6bae	train	18533
viralmetagenome:48970f5b3468e531ce63	train	18534
viralmetagenome:aaa80147eee8693e4f0a	train	18535
viralmetagenome:2b8d5b8af0da7216c8b7	train	18536
viralmetagenome:5b6f50cebd29057e07d8	train	18537
viralmetagenome:9d7cf968f7dd78dc8167	train	18538
viralmetagenome:c4fca9e64a333b26244d	train	18539
viralmetagenome:d7defe245a9723486416	train	18540
viralmetagenome:10d1adfda5777328c8dd	train	18541
viralmetagenome:da604b04c7adfe76fe13	train	18542
viralmetagenome:e4ff7f4225551331c823	train	18543
viralmetagenome:49e15dbaab7741541288	train	18544
viralmetagenome:0282036efbcb577d70fe	train	18545
viralmetagenome:b9dfacf752e13506d662	train	18546
viralmetagenome:66d110b20bab1245ddbd	train	18547
viralmetagenome:04486fda40e734a8d581	train	18548
viralmetagenome:c2faccc2aec28a63628b	train	18549
viralmetagenome:5829de747f3f0af02a8a	train	18550
viralmetagenome:9e3a90116326199d3043	train	18551
viralmetagenome:aa59cf3fa09aa5f6b04e	train	18552
viralmetagenome:86a46a0e38e08e8ef10f	train	18553
viralmetagenome:39a9b23bc88f413609c3	train	18554
viralmetagenome:3792b1abe80e932070b1	train	18555
viralmetagenome:47ede37896733e14ba37	train	18556
viralmetagenome:b1d195da99f691570af7	train	18557
viralmetagenome:bbf498814317fef42a07	train	18558
viralmetagenome:af6ee4651e2718697bce	train	18559
viralmetagenome:a778c3d9118824bd2fb1	train	18560
viralmetagenome:641bea7d6c58092d5c52	train	18561
viralmetagenome:00951b79167a57b0963b	train	18562
viralmetagenome:f70946022e80083a868b	train	18563
viralmetagenome:d39ab1f31719c9987d23	train	18564
viralmetagenome:0abf20c029587a8e575f	train	18565
viralmetagenome:5d3780fe1143e4a6b4b6	train	18566
viralmetagenome:f18fa042dbadcd97a803	train	18567
viralmetagenome:76bcd38fddef86932007	train	18568
viralmetagenome:0ed6d744224266e065a0	train	18569
viralmetagenome:41820fecfa2ea74e5881	train	18570
viralmetagenome:cdec08ca4fac4e314939	train	18571
viralmetagenome:ed4676190726917bc8f4	train	18572
viralmetagenome:7cb05e169da7fcdaae02	train	18573
viralmetagenome:9cec1b488ac9eebb157e	train	18574
viralmetagenome:a764071c4c15c572e8a5	train	18575
viralmetagenome:aaf3e3da9b250f4bf1e0	train	18576
viralmetagenome:d0a421d6dfa20069bc60	train	18577
viralmetagenome:1a53e7d07b8c924b5dd7	train	18578
viralmetagenome:c40bb90b2d74bc5bd04e	train	18579
viralmetagenome:0975a34c574a404c5dbf	train	18580
viralmetagenome:4fecbb6c1dcda0552e6e	train	18581
viralmetagenome:9c540e65d50be438924b	train	18582
viralmetagenome:2b5bcd2cbda32ee68248	train	18583
viralmetagenome:d68cb0faea355ada4a80	train	18584
viralmetagenome:1541efc6be42846597e3	train	18585
viralmetagenome:d78a5dd7093a8071066b	train	18586
viralmetagenome:4a6ada8c1db25e1bc813	train	18587
viralmetagenome:5c639135d728006ca1a7	train	18588
viralmetagenome:868fe3fec8937c2938ba	train	18589
viralmetagenome:cabd6b6c9a43bc17eea9	train	18590
viralmetagenome:222db2a379b0103307f0	train	18591
viralmetagenome:15675325af33d3ba0c0e	train	18592
viralmetagenome:d0c1ea5dcf59f472925a	train	18593
viralmetagenome:b6cfb993b77eb60541d0	train	18594
viralmetagenome:30a0c5f1b4cce49a154d	train	18595
viralmetagenome:130f9d5db3f6aadf78bc	train	18596
viralmetagenome:f881fa7ba12995b053be	train	18597
viralmetagenome:17b0ec15044e6b5a638d	train	18598
viralmetagenome:4798ce2e67d8880e4f30	train	18599
viralmetagenome:edb2868d5b9afc9d232d	train	18600
viralmetagenome:1dacd37f1016d3b30319	train	18601
viralmetagenome:d5cb7a5721b14953aae8	train	18602
viralmetagenome:26dc028cf6844f700ba9	train	18603
viralmetagenome:a59db0e4ed9c41ca17b5	train	18604
viralmetagenome:019847667d66bedc4b42	train	18605
viralmetagenome:aeb18eefe13ce4f0a02e	train	18606
viralmetagenome:fd71e154cc231ef7eae1	train	18607
viralmetagenome:2434ebe1429cf0fcbbfd	train	18608
viralmetagenome:dbcefb217a7dbedf2877	train	18609
viralmetagenome:468c616efa1b44dfa727	train	18610
viralmetagenome:af532279478d4ba80080	train	18611
viralmetagenome:0abc7fea6de993e39087	train	18612
viralmetagenome:5a1aeba7c57a5e3bda81	train	18613
viralmetagenome:9ec3611c2ca9a663b69d	train	18614
viralmetagenome:6fd30040f3897fd28e5e	train	18615
viralmetagenome:aa6e4eb88b73c4a350d4	train	18616
viralmetagenome:c9197a6b399aaeaba058	train	18617
viralmetagenome:13fdf766fc2ea0d280af	train	18618
viralmetagenome:2be47b39751a3a4d3729	train	18619
viralmetagenome:c8f0a1877dbe1b40d316	train	18620
viralmetagenome:67cf63aa217673c3bdee	train	18621
viralmetagenome:d027ab63fea985da519e	train	18622
viralmetagenome:4b7b2a7cb7cd2f957f27	train	18623
viralmetagenome:75746fda52db2dc734c0	train	18624
viralmetagenome:0961c43dcc8715077d2a	train	18625
viralmetagenome:cb6e8c7146bc69576cdc	train	18626
viralmetagenome:057a99f255b44d9b2d7f	train	18627
viralmetagenome:eeefdd2ce0d084105b17	train	18628
viralmetagenome:02f09a24effe2b050352	train	18629
viralmetagenome:bb2aa508153bdb3800fd	train	18630
viralmetagenome:592c02d584d4772e7154	train	18631
viralmetagenome:01d4f80cbca4d817f12f	train	18632
viralmetagenome:5d4f898fe64a8399723d	train	18633
viralmetagenome:f36babf2d8e1eb1f90b1	train	18634
viralmetagenome:7bf24362d903406f208c	train	18635
viralmetagenome:f21c58d2b97bb804c594	train	18636
viralmetagenome:302dd0c7e796d068061a	train	18637
viralmetagenome:6a644ead372ce93ac6ba	train	18638
viralmetagenome:70612b48de43b38a211c	train	18639
viralmetagenome:80d5aa99e51c6919efdb	train	18640
viralmetagenome:9d9acd7d63ac72268428	train	18641
viralmetagenome:bbff951c876790bbe27e	train	18642
viralmetagenome:b541241819a61a1a6a17	train	18643
viralmetagenome:73d7ebd602d6226cc45a	train	18644
viralmetagenome:2c47e0a48153a544d6e0	train	18645
viralmetagenome:cec6d5fffb75fa2b23a4	train	18646
viralmetagenome:8cc2cd208059f5dbbe08	train	18647
viralmetagenome:508b10f8f3aee0a8810c	train	18648
viralmetagenome:69e424043768adaa7c29	train	18649
viralmetagenome:b66a589851c5f98600f0	train	18650
viralmetagenome:3196ab5989df87984fab	train	18651
viralmetagenome:7f92c8a4d33a3f0a9bf4	train	18652
viralmetagenome:6a59a26893f35a813708	train	18653
viralmetagenome:94cb5cee69c6a12dae92	train	18654
viralmetagenome:6b696b6c17ba9bb01267	train	18655
viralmetagenome:3825716296876727821a	train	18656
viralmetagenome:e382e4c033e7da553acb	train	18657
viralmetagenome:39722fe86a63f679467b	train	18658
viralmetagenome:a27b659527aca10d805a	train	18659
viralmetagenome:1a5f12ec1b8f52728b7a	train	18660
viralmetagenome:eea88569b8bd5bd658dd	train	18661
viralmetagenome:9d0fe53b6fd829679ec4	train	18662
viralmetagenome:a98f6ccb0e5dd6cb2a1c	train	18663
viralmetagenome:0a912b0a8ca1b9059b1f	train	18664
viralmetagenome:3553b82792f1cda124cc	train	18665
viralmetagenome:efc6818a5539bd27157c	train	18666
viralmetagenome:6f1312ccf807177934fd	train	18667
viralmetagenome:0f2d6980134cee710643	train	18668
viralmetagenome:3aedc033b920efba0d31	train	18669
viralmetagenome:03615233f1e1452dcc58	train	18670
viralmetagenome:b45be941a59540234e3d	train	18671
viralmetagenome:ea0537175b643804e5fa	train	18672
viralmetagenome:bb57d1c0436c6ad3d361	train	18673
viralmetagenome:2aa7d3b70a6ff8926da5	train	18674
viralmetagenome:72b390043239a5a2b6e6	train	18675
viralmetagenome:eb449511ec59b8ecd712	train	18676
viralmetagenome:14194f42e3146e22fbc1	train	18677
viralmetagenome:a35e3989d14f502b90d6	train	18678
viralmetagenome:b41c293ffff483f63ef5	train	18679
viralmetagenome:94084ec2c688022d9a4c	train	18680
viralmetagenome:cd7a5cecf3a11050f39b	train	18681
viralmetagenome:e7235909723af78c0296	train	18682
viralmetagenome:066be418bc652133c9b1	train	18683
viralmetagenome:3134940570d5f2b7cba9	train	18684
viralmetagenome:1012c3260472db92bbe1	train	18685
viralmetagenome:382a46d60f862552ae87	train	18686
viralmetagenome:37123eaadd11802309d9	train	18687
viralmetagenome:8a03c72ab0833ea7c010	train	18688
viralmetagenome:bca71ed9e470e1d2d335	train	18689
viralmetagenome:3e7afbcdae2bf20ed68b	train	18690
viralmetagenome:50bcb4be4fb38fb7a423	train	18691
viralmetagenome:83c4c1138707f6fc607e	train	18692
viralmetagenome:0afff59824d6e9cc5711	train	18693
viralmetagenome:849f0e3558bec6920200	train	18694
viralmetagenome:26bc004b654762c0d6a9	train	18695
viralmetagenome:468188dfe3a6611aab23	train	18696
viralmetagenome:40d64503b972708a4b99	train	18697
viralmetagenome:fda0dd3a121177195cc4	train	18698
viralmetagenome:9ef791e05e3d4ade2f4a	train	18699
viralmetagenome:83bc056bded79f53ead8	train	18700
viralmetagenome:311ff05b93daf1e80a0d	train	18701
viralmetagenome:cd3690b170d38d9b7db5	train	18702
viralmetagenome:c33581299d56213d9273	train	18703
viralmetagenome:605fb6fc0fc9b0a507f6	train	18704
viralmetagenome:b0952e45aa66b0552876	train	18705
viralmetagenome:63d8bd6532ddaa8f3e2b	train	18706
viralmetagenome:adbc3ae504bf9fab4b51	train	18707
viralmetagenome:6adb43609fe0ec90ac15	train	18708
viralmetagenome:8265d51a907ab8d09200	train	18709
viralmetagenome:9009f167ec390be8cf90	train	18710
viralmetagenome:d696e31ba789621c37a7	train	18711
viralmetagenome:59c9a5ebb61619bb6ef4	train	18712
viralmetagenome:b3ad635f34470ce2bfa6	train	18713
viralmetagenome:6b94e3b2a7e57ee5a017	train	18714
viralmetagenome:a5e9c90f4ec9f02afe64	train	18715
viralmetagenome:0d0c8695fd311e01f62d	train	18716
viralmetagenome:f157a8d8769e2fd3e315	train	18717
viralmetagenome:0cc0a939764220bce9eb	train	18718
viralmetagenome:c469553056d3e7500602	train	18719
viralmetagenome:eb3b675da6d4ac046e55	train	18720
viralmetagenome:a22c28a792f716673cef	train	18721
viralmetagenome:8bc6251afc39f77ddf65	train	18722
viralmetagenome:2b274ad173bf5ff944d8	train	18723
viralmetagenome:567c3152b6dd76ebc797	train	18724
viralmetagenome:9e8e630bc8dcb1a06cf3	train	18725
viralmetagenome:0b0b3e01f2da1f907f71	train	18726
viralmetagenome:1cbbf50add70be39135e	train	18727
viralmetagenome:97572d84de18c49d6b9d	train	18728
viralmetagenome:01ab3e7c7a7f1d8e07ad	train	18729
viralmetagenome:fab90f26b5bdefec22b1	train	18730
viralmetagenome:e009a111eab8b995077f	train	18731
viralmetagenome:ced6b311c4a2459526e4	train	18732
viralmetagenome:ce1c9e3a8bd7b8050a4d	train	18733
viralmetagenome:8e4e6b6410a53b409da3	train	18734
viralmetagenome:3b73969176e113420f61	train	18735
viralmetagenome:d413ff57ede09f409b6a	train	18736
viralmetagenome:2de93099df7a4003af7e	train	18737
viralmetagenome:ce2821c4b5a3b3036297	train	18738
viralmetagenome:200a72bd290596872f45	train	18739
viralmetagenome:6867237ca5693646f963	train	18740
viralmetagenome:2c4a10cb0892565f3b9b	train	18741
viralmetagenome:b838914b5acf109ed40b	train	18742
viralmetagenome:77de9e6027c429b15340	train	18743
viralmetagenome:b11b9131c4d7952aae24	train	18744
viralmetagenome:1566f839c281b69b383d	train	18745
viralmetagenome:4b875033383aa319ef04	train	18746
viralmetagenome:52dd44472ee091bf75a8	train	18747
viralmetagenome:6983a36ffd436884a1d2	train	18748
viralmetagenome:9e80b2f366b47c3e052d	train	18749
viralmetagenome:8566b09bc1cfd373c4f3	train	18750
viralmetagenome:9cf78eed3d6721d8f035	train	18751
viralmetagenome:d6537e258144734f40b1	train	18752
viralmetagenome:e2c2d4c1e5bc8808432c	train	18753
viralmetagenome:1630a7c4f586bbcc1d0b	train	18754
viralmetagenome:5da0bbea78f722baa9b7	train	18755
viralmetagenome:cb6cc9aa5b3f28f9fad1	train	18756
viralmetagenome:332699f9ef2b240d9510	train	18757
viralmetagenome:2918d9233a1c718eeb0c	train	18758
viralmetagenome:009a64d3165b6919047e	train	18759
viralmetagenome:a17dd538b11a6c0cd018	train	18760
viralmetagenome:9334bc3404f0e48c96d4	train	18761
viralmetagenome:d48d6e68c3e3b5a1439c	train	18762
viralmetagenome:7b52ba22871025a8c50e	train	18763
viralmetagenome:59e7a382cffd7e4de5f6	train	18764
viralmetagenome:0ba20e54dbe2dca4df59	train	18765
viralmetagenome:6a441d2f550f9670754e	train	18766
viralmetagenome:eb08106ffa77c240b7b4	train	18767
viralmetagenome:ae238c5cb5ac2df54753	train	18768
viralmetagenome:f6b84a2906db59a0fbf7	train	18769
viralmetagenome:206a6d9743d0cb744ec4	train	18770
viralmetagenome:0f7058ca8bff5648f64e	train	18771
viralmetagenome:25c43485a6747c51dad3	train	18772
viralmetagenome:a3119b153724c39c2d40	train	18773
viralmetagenome:6634717573c98b507089	train	18774
viralmetagenome:8caa91f261f52cff726f	train	18775
viralmetagenome:cf24aef2eecfd2c8a4f2	train	18776
viralmetagenome:261536cbea3de7a9d4fe	train	18777
viralmetagenome:0665f708dbf2076fe7b5	train	18778
viralmetagenome:fe793602fe946a1b94f1	train	18779
viralmetagenome:1475d3958e555dc49c1f	train	18780
viralmetagenome:11327112f0332b03453b	train	18781
viralmetagenome:c058529409c08c5894cf	train	18782
viralmetagenome:a4e414b2f1831ec349ab	train	18783
viralmetagenome:07a78723b222a71170f0	train	18784
viralmetagenome:7263c8a5772166257ffd	train	18785
viralmetagenome:254ba4220bf80fc64cbc	train	18786
viralmetagenome:5c4e9aeeebb509f09839	train	18787
viralmetagenome:60ea2c3e1cb9e05e0a18	train	18788
viralmetagenome:e278b879464e3432498d	train	18789
viralmetagenome:76970e5789e2ab7b5f33	train	18790
viralmetagenome:393df3f044a31e1ab185	train	18791
viralmetagenome:332facf06edf44310e4c	train	18792
viralmetagenome:652e6aafd6c166cc3854	train	18793
viralmetagenome:0f975ea4806667512afd	train	18794
viralmetagenome:3ba8530b76eece4e7f77	train	18795
viralmetagenome:34951fcaaff86ef36490	train	18796
viralmetagenome:b40b881624f69d95d5cb	train	18797
viralmetagenome:e74eac21507785435117	train	18798
viralmetagenome:6c08eb5da0973b97b501	train	18799
viralmetagenome:1b3f52fd5486feef48da	train	18800
viralmetagenome:449fbc9c3514ef57cc31	train	18801
viralmetagenome:3a021e4c213bbd5b2e57	train	18802
viralmetagenome:1ae280b78f9ff39b5678	train	18803
viralmetagenome:731959c68e97cf52bae3	train	18804
viralmetagenome:674771e3e7b6f97eabca	train	18805
viralmetagenome:4a00509037e5c6896670	train	18806
viralmetagenome:706c74b5a8e3a0318c6a	train	18807
viralmetagenome:fca74097e632e078de60	train	18808
viralmetagenome:f38939538916bdc83237	train	18809
viralmetagenome:4b54c0a464df05c8f077	train	18810
viralmetagenome:0bc8c4fb6e2dd708c45a	train	18811
viralmetagenome:ecd3a30faecbe8ec1765	train	18812
viralmetagenome:ada6727b8cc30cacd8db	train	18813
viralmetagenome:f549866a392c70b4db5b	train	18814
viralmetagenome:8af092c25521f53f3ab9	train	18815
viralmetagenome:e2a7ccc173e59f1669e4	train	18816
viralmetagenome:0104e162a342bdedd226	train	18817
viralmetagenome:f48f963cb1aff51c4f7f	train	18818
viralmetagenome:d2d721130b4b6a776afb	train	18819
viralmetagenome:39de3b4282cf89701150	train	18820
viralmetagenome:885d2040af5058565bca	train	18821
viralmetagenome:8c4a10e53af3599460e9	train	18822
viralmetagenome:40ebb5808f526154b699	train	18823
viralmetagenome:50fd196e3c6a04d23a41	train	18824
viralmetagenome:6275e8406493785a3548	train	18825
viralmetagenome:969b75f9d72b15d316e8	train	18826
viralmetagenome:bfbf3cc7bf01bfb6c411	train	18827
viralmetagenome:c373b116cd04868ab1de	train	18828
viralmetagenome:073ff739c6fd6c608122	train	18829
viralmetagenome:a3ac09c16c1693896cb3	train	18830
viralmetagenome:1e75c072b30b6ba410d4	train	18831
viralmetagenome:8f3cee49fa6ec2a2f208	train	18832
viralmetagenome:b72dc9c901f551b73351	train	18833
viralmetagenome:3a6fcfa38e1b65770012	train	18834
viralmetagenome:28dcacfe7f16d6453860	train	18835
viralmetagenome:8ba0c39391859d7308bb	train	18836
viralmetagenome:4b2ccf25b42b3ecc44af	train	18837
viralmetagenome:778e87ce8bc33526f9be	train	18838
viralmetagenome:679f3f1b8f480f63bc62	train	18839
viralmetagenome:9aedacf383b90580deed	train	18840
viralmetagenome:12befcbf3c6e1372ecd1	train	18841
viralmetagenome:57f34cc12a21b6cf87f6	train	18842
viralmetagenome:5ffaad7242d39f02d217	train	18843
viralmetagenome:54b0633c8e9a0a6d8e0c	train	18844
viralmetagenome:07046835dd98c4ea796e	train	18845
viralmetagenome:8a3031e089d46eddea84	train	18846
viralmetagenome:be96b176723d39bc5cbb	train	18847
viralmetagenome:642aa764f045d9713443	train	18848
viralmetagenome:50ff5fab8f8ffe00d201	train	18849
viralmetagenome:13688458343fa9f9573b	train	18850
viralmetagenome:0e5192d3bccaeb45a032	train	18851
viralmetagenome:5b96fd9a6a05dc1f7814	train	18852
viralmetagenome:60f7bf7dad3c4e6a502e	train	18853
viralmetagenome:9b5dc7518a7409cf4152	train	18854
viralmetagenome:389d21e09736e23dea03	train	18855
viralmetagenome:22ff794a6f496f5f9665	train	18856
viralmetagenome:820ab878a69ffada012e	train	18857
viralmetagenome:3999a966a21e02a9e7a5	train	18858
viralmetagenome:cbbd8ab5511436149fef	train	18859
viralmetagenome:c8bfcc156f8b0abf2db1	train	18860
viralmetagenome:b8042d441a74cba4430d	train	18861
viralmetagenome:03fdd1fce931871a7eef	train	18862
viralmetagenome:80e6e77c6929bd71c323	train	18863
viralmetagenome:f844f3d308de476e38df	train	18864
viralmetagenome:e797b5ef28c12648f261	train	18865
viralmetagenome:79029009d71693d2e35e	train	18866
viralmetagenome:a822e66f25e7983fffc5	train	18867
viralmetagenome:13ab7d1a450c49c1c42e	train	18868
viralmetagenome:bfcbe0c8446221ff3987	train	18869
viralmetagenome:7c595479cab159b1751c	train	18870
viralmetagenome:5dd3417a95c465421ded	train	18871
viralmetagenome:fb422bbf7965ba481f42	train	18872
viralmetagenome:0b4b6ff7f959e5f7a113	train	18873
viralmetagenome:dd8a01b2d7efaea956dc	train	18874
viralmetagenome:5a812e139a47992296d4	train	18875
viralmetagenome:7d60ce36ae251ea54221	train	18876
viralmetagenome:bc2b1e40909769207990	train	18877
viralmetagenome:2c6e59b1434baf0cd9f3	train	18878
viralmetagenome:d7758a69682d0e3352e0	train	18879
viralmetagenome:25caabdd2a0f7b98d5fa	train	18880
viralmetagenome:cf223f7b32f0c49e18a4	train	18881
viralmetagenome:ef678268af4ca2385f74	train	18882
viralmetagenome:f0c57bd4594d0faafa37	train	18883
viralmetagenome:8947578e6c70a17b02b8	train	18884
viralmetagenome:53ca0a530a2a4a182beb	train	18885
viralmetagenome:7d8a69af1db4cdc7ae1b	train	18886
viralmetagenome:da6b7f63033cbee3d6e5	train	18887
viralmetagenome:b55b7cbf1d8dd08c7265	train	18888
viralmetagenome:d6986be52418812bea99	train	18889
viralmetagenome:5b14355b88649b8988b7	train	18890
viralmetagenome:c9996a613b2ea538d7cb	train	18891
viralmetagenome:1de04d906167b754ed6c	train	18892
viralmetagenome:604dace77dd35a9fbf50	train	18893
viralmetagenome:35816a430dbe65cc0ab8	train	18894
viralmetagenome:a95fe2c9950de015bece	train	18895
viralmetagenome:3f59a223415173d3bb7e	train	18896
viralmetagenome:4040bcd1c6d64edba16f	train	18897
viralmetagenome:2421b06157d0bdc5bd4a	train	18898
viralmetagenome:10061e75f11166022910	train	18899
viralmetagenome:ab816c0f7a423761f106	train	18900
viralmetagenome:63355610ddc7f65639df	train	18901
viralmetagenome:85d1fdad7b8ce35e3da3	train	18902
viralmetagenome:66f0b81df541a7c3046c	train	18903
viralmetagenome:8dd15626545c43cb85a7	train	18904
viralmetagenome:6dc81f016f3fc31f0a1c	train	18905
viralmetagenome:a77064b346db85ff09f2	train	18906
viralmetagenome:3a66846b986c7b21384d	train	18907
viralmetagenome:b18ce05a730c304cdbdd	train	18908
viralmetagenome:03b33eeeff4c952f5f12	train	18909
viralmetagenome:bcd2268778b3cc8af631	train	18910
viralmetagenome:7488b0d02ee3fc78e9ac	train	18911
viralmetagenome:4afa9e9236210b82eb3e	train	18912
viralmetagenome:32c53e79852002e21285	train	18913
viralmetagenome:2b769a13e6086d744022	train	18914
viralmetagenome:bc0d5ee8221ec4f0ffd0	train	18915
viralmetagenome:4a82d9e507238439c141	train	18916
viralmetagenome:d44568c5a5c5d4a3a8fb	train	18917
viralmetagenome:5f188e7c426d5f020230	train	18918
viralmetagenome:2e8074f860cb700b7703	train	18919
viralmetagenome:8132870d59d04ffccb14	train	18920
viralmetagenome:df4b6235418b501b388f	train	18921
viralmetagenome:1a3740c40968ad8a85eb	train	18922
viralmetagenome:458bffd820fb405c5c0b	train	18923
viralmetagenome:e2588bb5cee93c52a021	train	18924
viralmetagenome:963711aa128fa551da8c	train	18925
viralmetagenome:dd4c302387ba7ed880d0	train	18926
viralmetagenome:1c6449d50d83c9d37d0b	train	18927
viralmetagenome:ff771a1eb0ba4318c35a	train	18928
viralmetagenome:45508602bb248d52c0b8	train	18929
viralmetagenome:b9ed1b63a80d75767840	train	18930
viralmetagenome:16d117f0bad851a6a4d1	train	18931
viralmetagenome:6cfc534f8b7e90493807	train	18932
viralmetagenome:52484b30b13e32e12455	train	18933
viralmetagenome:804f42d21c000dbf2fc5	train	18934
viralmetagenome:e54098ae6fcb45c1fb61	train	18935
viralmetagenome:6e10665750462b6183a2	train	18936
viralmetagenome:1fa5ddb66b2279304d85	train	18937
viralmetagenome:d5ef4e770eb4a0244283	train	18938
viralmetagenome:f2412294f2161f462157	train	18939
viralmetagenome:38ae99299ed42cd76b45	train	18940
viralmetagenome:82d51f5524b8bb392c86	train	18941
viralmetagenome:4452000250ddfc3fab0d	train	18942
viralmetagenome:91fcf184ef1000cf7ba5	train	18943
viralmetagenome:27f8541fbe0bf4b03ec2	train	18944
viralmetagenome:3fc0d3783815ed5aac3f	train	18945
viralmetagenome:6a042f2d269dc292255b	train	18946
viralmetagenome:b0c9ebfbe80e7ce0d57d	train	18947
viralmetagenome:33a1d7bfd13971cf54ff	train	18948
viralmetagenome:ad5036d20b93fe29e2f2	train	18949
viralmetagenome:12a3eaf8a898e4a68537	train	18950
viralmetagenome:bc94200a48db1371681a	train	18951
viralmetagenome:9c338c78b5ecbbbf0cc2	train	18952
viralmetagenome:b6f9a7fa379649fc350c	train	18953
viralmetagenome:1e8677c5fb99a2e44889	train	18954
viralmetagenome:eb273f7403d47128ef5a	train	18955
viralmetagenome:c3d0566e55bbd0d63876	train	18956
viralmetagenome:af20ed54692685ef8df3	train	18957
viralmetagenome:ddd8676e47f972e091d8	train	18958
viralmetagenome:d820ef7698630e67b287	train	18959
viralmetagenome:2bfb5dbcd1fd7e24d0c8	train	18960
viralmetagenome:a9d681c99b6f2ec85d3b	train	18961
viralmetagenome:4e5a8da52a973f34262c	train	18962
viralmetagenome:a973c067c3ed5dbe8bfe	train	18963
viralmetagenome:007e4925e3f3d9c7df6f	train	18964
viralmetagenome:bc8627eb9544f64a9379	train	18965
viralmetagenome:a07a292f00ab87c5609b	train	18966
viralmetagenome:5cf73be702feb2c265e4	train	18967
viralmetagenome:f4071a8137e9e0828aae	train	18968
viralmetagenome:da714e946f590b7b0dbe	train	18969
viralmetagenome:3b615aa2fdb651cd32d4	train	18970
viralmetagenome:2360582044f602ac9275	train	18971
viralmetagenome:0fcbb594c3145a20f86b	train	18972
viralmetagenome:bf7a0a3d5a12b12a96df	train	18973
viralmetagenome:9e0126b85dbc166e1252	train	18974
viralmetagenome:c2e280c8bcb22a58309c	train	18975
viralmetagenome:123737a029c33d0e909f	train	18976
viralmetagenome:9599f8434ce9692b5ae2	train	18977
viralmetagenome:996d395438a6fe7f5903	train	18978
viralmetagenome:eeb8eb66ee95841016f1	train	18979
viralmetagenome:51beba2870d0003ad694	train	18980
viralmetagenome:3903bc0d9c62497f8e0d	train	18981
viralmetagenome:29ffab97aeaef657c947	train	18982
viralmetagenome:60351fef8f908f137f25	train	18983
viralmetagenome:2cbfd0f8e968328cf1b0	train	18984
viralmetagenome:3980cb66284e4af8a658	train	18985
viralmetagenome:3ef54e33dc6feb515a99	train	18986
viralmetagenome:ccd1c4dedd0d1ca28342	train	18987
viralmetagenome:9e6e1d1bee52e495b6c1	train	18988
viralmetagenome:1870e9476099e2e5e86b	train	18989
viralmetagenome:c327ab08e76adf74a361	train	18990
viralmetagenome:b636fc5888d815edc6ff	train	18991
viralmetagenome:7ad8c078addf15068dec	train	18992
viralmetagenome:f52d969ca6518ca0fcef	train	18993
viralmetagenome:51074724654e094d95bf	train	18994
viralmetagenome:8bf1fae9472f4b1e261c	train	18995
viralmetagenome:98186dd817dde0f0fdf3	train	18996
viralmetagenome:2f8d5eb1db6348350950	train	18997
viralmetagenome:45e7e700674c4369a7c7	train	18998
viralmetagenome:e988ee8df2322b6fecf5	train	18999
viralmetagenome:f1350a04b7ef431e09f1	train	19000
viralmetagenome:6b69ed523fc4b257224d	train	19001
viralmetagenome:f4ce3e4ba0466b2d5fe6	train	19002
viralmetagenome:0870e07463de31a6dbc1	train	19003
viralmetagenome:80347d58ce278c2a07e6	train	19004
viralmetagenome:124f868632ae6ee22735	train	19005
viralmetagenome:02179b3d83a2b17da6fa	train	19006
viralmetagenome:ddd3645c5164bc52c32f	train	19007
viralmetagenome:61770433b257392f5618	train	19008
viralmetagenome:c43aa3b2bf842a0050a7	train	19009
viralmetagenome:5ebbe9e5823538816fdd	train	19010
viralmetagenome:c42d76f2010b81fdd529	train	19011
viralmetagenome:b7ef13e63a30cb346228	train	19012
viralmetagenome:64846ffbf77a38ef0f7c	train	19013
viralmetagenome:013998e658470c30c476	train	19014
viralmetagenome:2ab37fcc445f2b5f7ddd	train	19015
viralmetagenome:c560a388623cfabc0f63	train	19016
viralmetagenome:cda51c70f431496fbe9a	train	19017
viralmetagenome:bb18cf422a03dde81466	train	19018
viralmetagenome:ba2acdb4e561fc8de733	train	19019
viralmetagenome:57eb6b64d29bf55e4371	train	19020
viralmetagenome:3c480d62793e51d9e682	train	19021
viralmetagenome:81680b4f3b5a0f0002ca	train	19022
viralmetagenome:55cc34cf9cf09482c513	train	19023
viralmetagenome:b0c1be6b40d04e9c85ca	train	19024
viralmetagenome:25da379c31f7c55ebe01	train	19025
viralmetagenome:9bfd8ac3202023e66b18	train	19026
viralmetagenome:f9dad81cc78c805c5312	train	19027
viralmetagenome:7c69c4faf49aafcb01cd	train	19028
viralmetagenome:1dfcf1827fca080763f4	train	19029
viralmetagenome:5c76da6575f50e098bdc	train	19030
viralmetagenome:f34cf899f8f232d5a1d5	train	19031
viralmetagenome:53439866b1a8d53d2479	train	19032
viralmetagenome:53b279f42baee6a6f176	train	19033
viralmetagenome:8f3e84617f9108ad5906	train	19034
viralmetagenome:1bf3eb07a50f3eaffcca	train	19035
viralmetagenome:77e59ab552e27c47be3c	train	19036
viralmetagenome:1a6075797430cb3c4b57	train	19037
viralmetagenome:eccf78f26d7e8518c869	train	19038
viralmetagenome:826927f62777b5bfb1bf	train	19039
viralmetagenome:5eb12decd84c6f5ecbef	train	19040
viralmetagenome:b17d9a6da9e914827985	train	19041
viralmetagenome:7556d27e6ffdbcc50a2c	train	19042
viralmetagenome:ae98d215042b2ee29249	train	19043
viralmetagenome:c1f1cc46d8d354c19441	train	19044
viralmetagenome:4ad14ba956832ca220e0	train	19045
viralmetagenome:c269e34ed09e3f482f00	train	19046
viralmetagenome:dd0024a862b1d4753064	train	19047
viralmetagenome:e30c6fcc5d7292e2afe4	train	19048
viralmetagenome:3f48e6827dc62a7dd97a	train	19049
viralmetagenome:b7ca73fb47afdd467b56	train	19050
viralmetagenome:2483809cbb9c5feb7082	train	19051
viralmetagenome:bc5a9ec1731b44a02dae	train	19052
viralmetagenome:58be453cff666d793565	train	19053
viralmetagenome:3ebbed0d113833d7f126	train	19054
viralmetagenome:6c3c1a922a8eadf853bf	train	19055
viralmetagenome:f7914955e5ac27064f95	train	19056
viralmetagenome:322aa8b61ef842f5307e	train	19057
viralmetagenome:b73eb6ebe09dcf5a0986	train	19058
viralmetagenome:73461a613b03be2595bc	train	19059
viralmetagenome:42e3fbdad533bd5f8ab4	train	19060
viralmetagenome:03a511e25918a06336ce	train	19061
viralmetagenome:30f464226d58c0528cea	train	19062
viralmetagenome:60d02d0be6987e7f52af	train	19063
viralmetagenome:8163bbb895cb004e02e2	train	19064
viralmetagenome:fcb5286bfabbcfb93b7b	train	19065
viralmetagenome:bb1bbc2544ecf8255324	train	19066
viralmetagenome:0ac9842f9bd6cdf9137a	train	19067
viralmetagenome:b28a2eeaede3f398866b	train	19068
viralmetagenome:38e5f5ebf6960a21adcb	train	19069
viralmetagenome:3e51399e8472e70e7c17	train	19070
viralmetagenome:3968513d430e0178312e	train	19071
viralmetagenome:22f3667325358da9fe26	train	19072
viralmetagenome:9998c451e9564c1ff3ca	train	19073
viralmetagenome:fd8af9b4be2cfad8051e	train	19074
viralmetagenome:d69d4af36b64f24d6de8	train	19075
viralmetagenome:21934fc88fb2db27824c	train	19076
viralmetagenome:f2f4eb127b511ac2b5e2	train	19077
viralmetagenome:26e31b681945d73c367f	train	19078
viralmetagenome:b16bb55b95146b69e355	train	19079
viralmetagenome:163d408dd5f4c99539df	train	19080
viralmetagenome:9c2b84d5f37007c193ae	train	19081
viralmetagenome:f56e79a487429523b131	train	19082
viralmetagenome:f8973b5dc111edf6f26b	train	19083
viralmetagenome:8fb81cd5eed083e6f8e0	train	19084
viralmetagenome:6dce1cdb8aac5af00cbf	train	19085
viralmetagenome:7cec593d987121a1145c	train	19086
viralmetagenome:f04d485bb8ea9a94e5d1	train	19087
viralmetagenome:e9e80c3fd3690e262683	train	19088
viralmetagenome:1d079988605d3cc301cb	train	19089
viralmetagenome:495bfcaec56723680fcf	train	19090
viralmetagenome:436d55f94d1c2ba4b156	train	19091
viralmetagenome:e1ba2331d027f09ddace	train	19092
viralmetagenome:83fde727df33c1502975	train	19093
viralmetagenome:6327aca17f77c90eb91e	train	19094
viralmetagenome:f85f34c5ca93320f8b6c	train	19095
viralmetagenome:005d6ce1bd5877aaf6b2	train	19096
viralmetagenome:1203cf83d5d9744f3455	train	19097
viralmetagenome:0962b1a9a7eff06d7a8e	train	19098
viralmetagenome:25ae19dec9661cc4963c	train	19099
viralmetagenome:2a25ecfde29d39c795ea	train	19100
viralmetagenome:abfd10bc87ecff5a6dd5	train	19101
viralmetagenome:fda05976ff3c15c0ecb8	train	19102
viralmetagenome:44a7b51050cfe7dea258	train	19103
viralmetagenome:22e7cf39264bf6df3272	train	19104
viralmetagenome:8456fd6ef786c1d0583d	train	19105
viralmetagenome:2c6bf1f9f21ded1cda15	train	19106
viralmetagenome:2b5b4ee9c5c359951627	train	19107
viralmetagenome:f338d10faba9a41a185b	train	19108
viralmetagenome:85ba81ff8c608066c610	train	19109
viralmetagenome:09501f2b38dcf5db4876	train	19110
viralmetagenome:82f52a58ce33b287abb6	train	19111
viralmetagenome:226a2b49d4fa38738c38	train	19112
viralmetagenome:52fc1ba88cd004b2aca3	train	19113
viralmetagenome:a74afe4ec8b434ccbf39	train	19114
viralmetagenome:4a46bc59a28d63c0424a	train	19115
viralmetagenome:e6b6893cec4814a5584f	train	19116
viralmetagenome:664644e2eb1c2ae4307e	train	19117
viralmetagenome:513794058dbdb1a563b1	train	19118
viralmetagenome:e5aed624d79d9897621a	train	19119
viralmetagenome:16f521fcba26f749cef2	train	19120
viralmetagenome:8afa104458205e73b256	train	19121
viralmetagenome:4c5faa506158e33f9144	train	19122
viralmetagenome:7cf54d5214dcf69e9f82	train	19123
viralmetagenome:d249fe862695357ef666	train	19124
viralmetagenome:c7d66dd2ed609041aa93	train	19125
viralmetagenome:8d10b7f0dbbe31f79e53	train	19126
viralmetagenome:cebf1932ce12ec7e251b	train	19127
viralmetagenome:f89d2441772b3818edc0	train	19128
viralmetagenome:d65ed9b915bf38fe2f10	train	19129
viralmetagenome:26d71690eda55022c8d1	train	19130
viralmetagenome:45351f11c24264f848b5	train	19131
viralmetagenome:9aaaad9b5c6fb505d0d4	train	19132
viralmetagenome:eb30c998b84ed90db605	train	19133
viralmetagenome:f53abd07534c7d8606eb	train	19134
viralmetagenome:b812e370b6dbb942f71b	train	19135
viralmetagenome:0e86e0323e6a603a7392	train	19136
viralmetagenome:e61e94f27739cb0d1913	train	19137
viralmetagenome:6efb2e198e24f3723e4d	train	19138
viralmetagenome:45ab6b7986688736b8bc	train	19139
viralmetagenome:bb351a274aeb736f86c8	train	19140
viralmetagenome:a63da6d7b685699bcfa5	train	19141
viralmetagenome:d7076a123cf446b94a7d	train	19142
viralmetagenome:aab4bc4f9755fa0ea427	train	19143
viralmetagenome:e8890d8ab33da390c548	train	19144
viralmetagenome:5ed741294a28dee87102	train	19145
viralmetagenome:7c32ab9d4ac1748b8006	train	19146
viralmetagenome:edab691e0ed774cdfb55	train	19147
viralmetagenome:995c329f94102e41e410	train	19148
viralmetagenome:ec776d8830aa89bc9d06	train	19149
viralmetagenome:572c809aa9be040a77a1	train	19150
viralmetagenome:af965bfcaf5bccf006ac	train	19151
viralmetagenome:ed3f297a32f4e0e89fc0	train	19152
viralmetagenome:7e7f3128ba77838791d3	train	19153
viralmetagenome:8231d6102aa7fa9e1735	train	19154
viralmetagenome:aec8a49d59b6711650db	train	19155
viralmetagenome:74572472870f4b90062b	train	19156
viralmetagenome:5814fdfd86469202d9d3	train	19157
viralmetagenome:ce949892c2c58d91e315	train	19158
viralmetagenome:b54305c4ff786c16d333	train	19159
viralmetagenome:dc011e6ef1038fb600c4	train	19160
viralmetagenome:d2e9193a83d992ce645c	train	19161
viralmetagenome:1d943fa59b41d8028bea	train	19162
viralmetagenome:3d8e759396715054a8ea	train	19163
viralmetagenome:5d170f2ad7cc672742e7	train	19164
viralmetagenome:d18953bbe0e07e8a0e24	train	19165
viralmetagenome:5cf2138b1d36ef5d04e0	train	19166
viralmetagenome:139acb501b95ea45a2a8	train	19167
viralmetagenome:dda6dbccf9770a8a61c7	train	19168
viralmetagenome:f5893641785bd9999397	train	19169
viralmetagenome:0b88be4f757bef0d68d3	train	19170
viralmetagenome:909bd77a48f088423e5f	train	19171
viralmetagenome:95da82dc512d28a11b1c	train	19172
viralmetagenome:4870d8395fa00fe50087	train	19173
viralmetagenome:78d1eed21884abbe97bf	train	19174
viralmetagenome:7cc4cd03f5ef2f48108a	train	19175
viralmetagenome:9446b8100bb812f602aa	train	19176
viralmetagenome:3994272c2c901065ee24	train	19177
viralmetagenome:27036e63a1e0a3ce2050	train	19178
viralmetagenome:39e31a1713064342e129	train	19179
viralmetagenome:da232884a2d4892f7d13	train	19180
viralmetagenome:5364ef635468e12de571	train	19181
viralmetagenome:ed2c36ca7e5e9b860000	train	19182
viralmetagenome:5b2f2039ffac0923d8ee	train	19183
viralmetagenome:3c5777ee30b3783b3862	train	19184
viralmetagenome:f7a0eb70fb646f46ee5b	train	19185
viralmetagenome:181169d5775a0152adec	train	19186
viralmetagenome:5e0222d91ed53a4d405a	train	19187
viralmetagenome:f91387227086621c5766	train	19188
viralmetagenome:adcbd0bf5a642a756e14	train	19189
viralmetagenome:f699fec42e3ae93d88a2	train	19190
viralmetagenome:03a7d8e69a1d22ad4b4d	train	19191
viralmetagenome:9b8e84e8d206a73a6393	train	19192
viralmetagenome:15457e50d837b04a4920	train	19193
viralmetagenome:6d85bf3f8a89a5f61de5	train	19194
viralmetagenome:c4b6c8feffe807321978	train	19195
viralmetagenome:6cd1ecc13fe0bcf551cb	train	19196
viralmetagenome:372f046f333eb1757086	train	19197
viralmetagenome:609830d6f39d9efb0433	train	19198
viralmetagenome:27a6a6101786203759ab	train	19199
viralmetagenome:dde1c3f0ceb0635e2cda	train	19200
viralmetagenome:dc8c72dc46bd1bf61568	train	19201
viralmetagenome:76fb7f72728d3d34c17a	train	19202
viralmetagenome:5e38ff75cb0f5346418a	train	19203
viralmetagenome:d4efa68507efaa453e06	train	19204
viralmetagenome:4e6f38922d88b167d4ae	train	19205
viralmetagenome:475acc8fa53d43dc3118	train	19206
viralmetagenome:332526103f339fd93a4f	train	19207
viralmetagenome:9ff08c1b704b82b25490	train	19208
viralmetagenome:b5a748712bc4c89321d1	train	19209
viralmetagenome:ed57ffb1fa6467bee7c0	train	19210
viralmetagenome:c1fa89036f292111d41c	train	19211
viralmetagenome:880d8244a20d5c0a2472	train	19212
viralmetagenome:fd2988cb2001a993d215	train	19213
viralmetagenome:a0cd47d5ed282c2af9ab	train	19214
viralmetagenome:bd1bf32112a071156144	train	19215
viralmetagenome:bf11aecbdc97ae56c16c	train	19216
viralmetagenome:259ff2a9f9fba5ba358c	train	19217
viralmetagenome:0ab8ef78091db19f2e6a	train	19218
viralmetagenome:078a09e0eec17bb4e72d	train	19219
viralmetagenome:0a8335b05afeb1146d3e	train	19220
viralmetagenome:fabdaed98bf8fde51564	train	19221
viralmetagenome:c2df8b0949128bde332b	train	19222
viralmetagenome:a266324a5dd153e87837	train	19223
viralmetagenome:44b458e984c0aeb52494	train	19224
viralmetagenome:4b780958bd4c7ad2ef11	train	19225
viralmetagenome:c718993dbc00f7e82b4c	train	19226
viralmetagenome:e58e54b8c2ced9314201	train	19227
viralmetagenome:70ff1ca99ad53c6016ae	train	19228
viralmetagenome:63c6926943f53100ba18	train	19229
viralmetagenome:8a61c1c504afef78a2e3	train	19230
viralmetagenome:694bd801a69321f91a20	train	19231
viralmetagenome:b27b85e242b1ef2bf509	train	19232
viralmetagenome:7c620cb0d02ed66fd6d6	train	19233
viralmetagenome:4e67f456916d9efa89ae	train	19234
viralmetagenome:cbcb52c216e9a1be7c7a	train	19235
viralmetagenome:2f22231d183b1ef3f9a6	train	19236
viralmetagenome:93f8426679f2cc5cab67	train	19237
viralmetagenome:4e3a176ae76d5eca0a88	train	19238
viralmetagenome:817d45a73b2a8630ace3	train	19239
viralmetagenome:2bc00746cc7ecf7a1520	train	19240
viralmetagenome:0b0459cca8c35665c90c	train	19241
viralmetagenome:f8fb557ca2b55979c671	train	19242
viralmetagenome:5a9f1720525d844fe040	train	19243
viralmetagenome:f4d25087f6dd237c9858	train	19244
viralmetagenome:67c673eda3f6f753e055	train	19245
viralmetagenome:b3a4db15eaefa93a99a1	train	19246
viralmetagenome:90f4db724f78c5979a0f	train	19247
viralmetagenome:6b643a41e59f38087f03	train	19248
viralmetagenome:4d329b5950f89da1d46f	train	19249
viralmetagenome:a2457f3f3d7c1d5a84cd	train	19250
viralmetagenome:c84c8ebce0f76a45c2fc	train	19251
viralmetagenome:68c1a60e475f40d8748b	train	19252
viralmetagenome:b212b4fc6941b86c4e2f	train	19253
viralmetagenome:6f5e54aecfc09d3fd280	train	19254
viralmetagenome:853482a715831674b566	train	19255
viralmetagenome:3ef63d254be4d8eb8e26	train	19256
viralmetagenome:b64cc776dcddfcbdd8f2	train	19257
viralmetagenome:af1184a975ec18b7d148	train	19258
viralmetagenome:3e67e5bbad33ee09c2ae	train	19259
viralmetagenome:1bf7e8d27459eae56274	train	19260
viralmetagenome:6870050b322fc86b0f0a	train	19261
viralmetagenome:12d631389be50adf6edc	train	19262
viralmetagenome:9b20df157408d9f17b13	train	19263
viralmetagenome:a613472002e8f6fd78ca	train	19264
viralmetagenome:a44242baeef771b569b5	train	19265
viralmetagenome:21d7340bc896f35b623b	train	19266
viralmetagenome:9ab9aaf55f64d1efdf53	train	19267
viralmetagenome:41eb18ac963cf048939f	train	19268
viralmetagenome:f8363eb8970a3fc4a30b	train	19269
viralmetagenome:203ee8f82904a0be73ae	train	19270
viralmetagenome:4294264ce2be03568ae2	train	19271
viralmetagenome:d239d7cb14e43d4702f9	train	19272
viralmetagenome:f68f5d24aa8b078ae82d	train	19273
viralmetagenome:57a8e0e3c013b3c597cb	train	19274
viralmetagenome:ccd046d16fd5ffc06892	train	19275
viralmetagenome:6f933e18014ceb50aecf	train	19276
viralmetagenome:b6bb237a6d9f8d32e7fd	train	19277
viralmetagenome:fc20bf257b4ffc3427eb	train	19278
viralmetagenome:43416e7e23367b646c7c	train	19279
viralmetagenome:db11255fb25fed3e9732	train	19280
viralmetagenome:068b0082758bb6208fc9	train	19281
viralmetagenome:eb1438c8522533dcefd8	train	19282
viralmetagenome:9754a46092473d1c04ed	train	19283
viralmetagenome:80bc1d7bffd4390cb5c2	train	19284
viralmetagenome:e2941c3dddebc44ce612	train	19285
viralmetagenome:fd5b7ddbad65df0c50e3	train	19286
viralmetagenome:d67ccbc507ab6edcbb45	train	19287
viralmetagenome:42a6936406ee9954cf42	train	19288
viralmetagenome:ae8b725fa8af50f2bb0b	train	19289
viralmetagenome:4b3a9a77503bc28c41e5	train	19290
viralmetagenome:0af6e7c1fcc24239ada2	train	19291
viralmetagenome:960ba9263ce00ea8cfaa	train	19292
viralmetagenome:43a9818d875484f1b277	train	19293
viralmetagenome:9c8b5f7e690d76ec69b0	train	19294
viralmetagenome:19401fe5016ddb9af754	train	19295
viralmetagenome:14f1c4800a64e70f10e3	train	19296
viralmetagenome:34d5cad36ac8a994ffb8	train	19297
viralmetagenome:23b5958f675bacfa713d	train	19298
viralmetagenome:c22d723b68edaacf57c6	train	19299
viralmetagenome:c9d88a9b9f57729bf39d	train	19300
viralmetagenome:afcd60aeddf4c71f039b	train	19301
viralmetagenome:b122708f681b512212e6	train	19302
viralmetagenome:1012f68f898ab7c38987	train	19303
viralmetagenome:363885fa26a64b137c84	train	19304
viralmetagenome:104f59ecb6b7e2d6852a	train	19305
viralmetagenome:b7dfff8ff0070bd206e7	train	19306
viralmetagenome:2dbb0b921c2c67dff1d7	train	19307
viralmetagenome:3fe861a0c791e4d15df2	train	19308
viralmetagenome:6f223bfdff4ce73cf4c2	train	19309
viralmetagenome:c0752da829955e215cf1	train	19310
viralmetagenome:dfdd49726704e3bb21ad	train	19311
viralmetagenome:557bec718a2ace84d033	train	19312
viralmetagenome:19a072cd0f91f423e9fb	train	19313
viralmetagenome:ea6561154687ebba4d29	train	19314
viralmetagenome:c0e153698b19698e1cc6	train	19315
viralmetagenome:daa4d26957955e2c67ad	train	19316
viralmetagenome:866cf8f888d4190e477a	train	19317
viralmetagenome:17787a8b666c5fcb8182	train	19318
viralmetagenome:b2ca465aa1262aa77726	train	19319
viralmetagenome:ec4c9d05ec940aed946f	train	19320
viralmetagenome:ececb8002843fa3f216c	train	19321
viralmetagenome:6ae7edace4c57f8dc98e	train	19322
viralmetagenome:958334a6a23626255657	train	19323
viralmetagenome:3391f20da9c3974abc0c	train	19324
viralmetagenome:c75809ffe189bf5d7ba5	train	19325
viralmetagenome:4fdeb1a430cf577eab71	train	19326
viralmetagenome:4df3154dc3645d2ad679	train	19327
viralmetagenome:f23b1d1686d8d09a2b81	train	19328
viralmetagenome:d8871ef20944d0b0bddd	train	19329
viralmetagenome:55b7214509f0d105531d	train	19330
viralmetagenome:4fb726f1c65235b91d3e	train	19331
viralmetagenome:2473deb598c5934a3f40	train	19332
viralmetagenome:7ddc407f5b1154a05355	train	19333
viralmetagenome:92c186b23ff607afe764	train	19334
viralmetagenome:e9f9eb2187e592f84eec	train	19335
viralmetagenome:aa87dbd80b10793ba0dd	train	19336
viralmetagenome:af46fe969f802ff2b22f	train	19337
viralmetagenome:f3264c26aed8919cff80	train	19338
viralmetagenome:523459a337dc53de2bb8	train	19339
viralmetagenome:f7c68c1688615b2bd964	train	19340
viralmetagenome:64c7172d7221c33d2347	train	19341
viralmetagenome:4d8de0ff2bbaa26f0c7d	train	19342
viralmetagenome:10d3772c8bdff3483b85	train	19343
viralmetagenome:fe84ca11a234e3a3235b	train	19344
viralmetagenome:a2cc5758b259d1c17d79	train	19345
viralmetagenome:1964c00d2491136fe318	train	19346
viralmetagenome:d3ccf06c09f0732a632f	train	19347
viralmetagenome:86bd6d92a72086068cc4	train	19348
viralmetagenome:d6b4d6c459dddcc8f1bd	train	19349
viralmetagenome:cdda95e54745d7912e5f	train	19350
viralmetagenome:841416954b945d13e7c8	train	19351
viralmetagenome:23f4893be7e2e950bede	train	19352
viralmetagenome:28b40800ff339020f04c	train	19353
viralmetagenome:9e9bb728fc6d73005c6e	train	19354
viralmetagenome:1fcf9227e5a6045a3646	train	19355
viralmetagenome:c80f8c469b5f967be246	train	19356
viralmetagenome:a266cd5d82c9d74beb73	train	19357
viralmetagenome:3f612ebfd68a481fea39	train	19358
viralmetagenome:3d4aa412efd0914da59d	train	19359
viralmetagenome:e6358b3c60edc22615cc	train	19360
viralmetagenome:765bffd38fd9873942c5	train	19361
viralmetagenome:2ffa7d71cebd65a4ba50	train	19362
viralmetagenome:b2c6a5c38deb53d84560	train	19363
viralmetagenome:2ce3e8d2b628608f25e9	train	19364
viralmetagenome:71f7c3185dfc803fd2a4	train	19365
viralmetagenome:455322cc6e895590ba2d	train	19366
viralmetagenome:0342262335c0e0f218d2	train	19367
viralmetagenome:4f038df863d2977fbe44	train	19368
viralmetagenome:eedd0e3889f94b7780e2	train	19369
viralmetagenome:e6203c3638ff028b1dd2	train	19370
viralmetagenome:f6c03faeeb387bda1748	train	19371
viralmetagenome:af9140727f3581515884	train	19372
viralmetagenome:0b7626a5ba6981e04468	train	19373
viralmetagenome:acb50c6143d93b7bb28b	train	19374
viralmetagenome:c73e73190cf1b6245244	train	19375
viralmetagenome:e03ece5080f7c5d2928e	train	19376
viralmetagenome:9b6c9bfab3467374249c	train	19377
viralmetagenome:25bcd9e962138f243d67	train	19378
viralmetagenome:b36aff5fc8ee562a005d	train	19379
viralmetagenome:44dc4f81e7d4c3bcd256	train	19380
viralmetagenome:c1521d778be5c3a4580c	train	19381
viralmetagenome:f46a2ba415283c74452e	train	19382
viralmetagenome:8063e6a9175b1cd8b8fc	train	19383
viralmetagenome:aa4e146f8f213abead14	train	19384
viralmetagenome:eadc1a5039cac9accc72	train	19385
viralmetagenome:f3a149383c77f4444e9a	train	19386
viralmetagenome:efcb077def609ed7514f	train	19387
viralmetagenome:f798a8676e787ad7f3c4	train	19388
viralmetagenome:fce556f365b9c1f28616	train	19389
viralmetagenome:3227b2cdba6b8381e138	train	19390
viralmetagenome:1988ffc81ba08ce95e9f	train	19391
viralmetagenome:4cc315c84e12fb89388c	train	19392
viralmetagenome:8453fe2631088202f26c	train	19393
viralmetagenome:2621c50225f8e2565c47	train	19394
viralmetagenome:500bcfe7f2cfdf88828d	train	19395
viralmetagenome:f1136774b4a6054b1fca	train	19396
viralmetagenome:e60dd002f29e342c74f5	train	19397
viralmetagenome:2c1e1a5ae36596123a03	train	19398
viralmetagenome:f974d127eecb6c0c82bb	train	19399
viralmetagenome:837fe6d724241998084b	train	19400
viralmetagenome:793277d23e1a28c816fc	train	19401
viralmetagenome:ffc96af731912323bfba	train	19402
viralmetagenome:94289aeddf76b7c7101c	train	19403
viralmetagenome:73caab5065b536bd1216	train	19404
viralmetagenome:7ef8f11390ac4f1d9256	train	19405
viralmetagenome:b6442c752962b389b4eb	train	19406
viralmetagenome:182c98ba2666e2b2419a	train	19407
viralmetagenome:074da6c5b8ecfadcc790	train	19408
viralmetagenome:95f7d7b1fd46fda60b23	train	19409
viralmetagenome:339674a72a3ddbee0ba3	train	19410
viralmetagenome:1c1bc4891c03cc000423	train	19411
viralmetagenome:d7a3775a72c2204694ab	train	19412
viralmetagenome:4731ebcb6a60ec00bc38	train	19413
viralmetagenome:850e06485aeaf9095b23	train	19414
viralmetagenome:d0963cdadd51960eafc7	train	19415
viralmetagenome:541a7ad14de50dfeda2c	train	19416
viralmetagenome:0e6919f821c6f4cc58d4	train	19417
viralmetagenome:098b812c034ea3bf36ea	train	19418
viralmetagenome:49840c207dd1f6ecaf35	train	19419
viralmetagenome:f72527acfae589de934a	train	19420
viralmetagenome:a7db852befb0e68910e5	train	19421
viralmetagenome:7a5c2a393c8e8b82ab0e	train	19422
viralmetagenome:1f4276a370c10f82a511	train	19423
viralmetagenome:bcb1c9006ff8a1fb3a71	train	19424
viralmetagenome:4884de827fe25778c217	train	19425
viralmetagenome:13cbc93b0865d3f4eba0	train	19426
viralmetagenome:c2c089218c15e8174b68	train	19427
viralmetagenome:d0377fe73e2a6975522b	train	19428
viralmetagenome:e12109dd5ece46aeb611	train	19429
viralmetagenome:902870bca7d555958884	train	19430
viralmetagenome:b63696c7603bed8892ad	train	19431
viralmetagenome:67f12a0e8244d0541f5a	train	19432
viralmetagenome:07b2b1a6b13e4af64af3	train	19433
viralmetagenome:d7731ec2e34bd88ed61e	train	19434
viralmetagenome:702229589ecc66a06fe7	train	19435
viralmetagenome:96e28d4b38832ce5b643	train	19436
viralmetagenome:269836b2c8dd8379e609	train	19437
viralmetagenome:bf322784c33fc2ce1740	train	19438
viralmetagenome:87c0ebebbab9df82feaa	train	19439
viralmetagenome:bc05515572cf8f004cf9	train	19440
viralmetagenome:a2016b8ae7f3d6b1bcad	train	19441
viralmetagenome:bcd5a1a8bfd5d1c1119a	train	19442
viralmetagenome:1c6d1629dc56ee54bb7e	train	19443
viralmetagenome:a474ab406cdca28a6f49	train	19444
viralmetagenome:1ce80c0c73a1d4dcd0ea	train	19445
viralmetagenome:26642b05cea762216b98	train	19446
viralmetagenome:7c94d45d248f641005a9	train	19447
viralmetagenome:2f7b3073fb22cc0491f4	train	19448
viralmetagenome:05da2903f7e112b31d16	train	19449
viralmetagenome:e9ded08f4ac7ee083f54	train	19450
viralmetagenome:73f2ff6b12eefc60713c	train	19451
viralmetagenome:395c509847e08b7e6a48	train	19452
viralmetagenome:1454acaa67b745cf48b4	train	19453
viralmetagenome:94efd3824fc75617b239	train	19454
viralmetagenome:9d14986ca11a247302a9	train	19455
viralmetagenome:00c202eb1ac6f1569b19	train	19456
viralmetagenome:4959d335cafb1e2fa0bf	train	19457
viralmetagenome:ec6a702793c0ac2eac2a	train	19458
viralmetagenome:5427a5a5a77917438603	train	19459
viralmetagenome:b8bd2002739622b4f805	train	19460
viralmetagenome:23338ab8fc1338f4b288	train	19461
viralmetagenome:9feeaf654baee4b77e86	train	19462
viralmetagenome:f1623a3dc1ece1435334	train	19463
viralmetagenome:e31ddc00e5a63e36ae9b	train	19464
viralmetagenome:1c34efa411b89e67e9ed	train	19465
viralmetagenome:4dcb6faa5ee9131889a8	train	19466
viralmetagenome:507fbe2906e77204fac7	train	19467
viralmetagenome:43f801d50f29ea40d7ef	train	19468
viralmetagenome:a9b8c83b8e3322620ab9	train	19469
viralmetagenome:f8e98e39abb8c1a3fc81	train	19470
viralmetagenome:987f61d5258910a17780	train	19471
viralmetagenome:bfd09591fb20dcee72c3	train	19472
viralmetagenome:12e12b459d46c01292c9	train	19473
viralmetagenome:7579f1abb1a45b0211e7	train	19474
viralmetagenome:106f8234f93166a6afca	train	19475
viralmetagenome:a4b0ebd57ba304c09a34	train	19476
viralmetagenome:dc2c70ea7213899d8433	train	19477
viralmetagenome:95f3b6d314e6431fba69	train	19478
viralmetagenome:b53c1fc339cf75e5e77a	train	19479
viralmetagenome:b655e36473f0d3fb5d22	train	19480
viralmetagenome:17365d349bad8a2d870c	train	19481
viralmetagenome:c1f98eae0b16570bc58d	train	19482
viralmetagenome:fd5972bd768fc9d00c7c	train	19483
viralmetagenome:faf45fecab175746c2de	train	19484
viralmetagenome:1ffaecfc2ad276312836	train	19485
viralmetagenome:46f9ddd6b70ff9a38155	train	19486
viralmetagenome:bee2d529dffdf9628668	train	19487
viralmetagenome:d6f91b675f1bbc9e0879	train	19488
viralmetagenome:ba139ce876a678d6b720	train	19489
viralmetagenome:31cdb1c0c865ab7a7cf3	train	19490
viralmetagenome:99f93cdca8eac7de0be3	train	19491
viralmetagenome:5eae5d728e1cf4422e47	train	19492
viralmetagenome:1863e303c6d1a1544a7b	train	19493
viralmetagenome:a6103e7488640be70c9c	train	19494
viralmetagenome:2ae29528b516ee0b9470	train	19495
viralmetagenome:5aeffd00463b23a8094c	train	19496
viralmetagenome:2626bd3960d98d0ec9c3	train	19497
viralmetagenome:547685afc5ff1131867d	train	19498
viralmetagenome:9776c921d363e2392c35	train	19499
viralmetagenome:e603912fa448ac17a6d0	train	19500
viralmetagenome:bb0b91d70f159c93b227	train	19501
viralmetagenome:1188f94359c8f085ec02	train	19502
viralmetagenome:91725df586e12784be7a	train	19503
viralmetagenome:590a162c2d0dd185fe9d	train	19504
viralmetagenome:d9dc90e0acf6b1abfd32	train	19505
viralmetagenome:201e8dada0fe87ca8abe	train	19506
viralmetagenome:e14da53a22ca57a624b2	train	19507
viralmetagenome:0bfee8415e16b2b1f1da	train	19508
viralmetagenome:99213030c22ed2a32ae8	train	19509
viralmetagenome:adf3df1c29777aeb7219	train	19510
viralmetagenome:8a9549cf230e85ff4fda	train	19511
viralmetagenome:bed45ba55f4ced357487	train	19512
viralmetagenome:fda0b3139a8440b27d4a	train	19513
viralmetagenome:1534d8413ad228e9fd72	train	19514
viralmetagenome:e031a13076f62001c4c1	train	19515
viralmetagenome:553eebc5f215d3a5e170	train	19516
viralmetagenome:cbd5d27efcd53e52bb69	train	19517
viralmetagenome:3779973ef383dc16cafe	train	19518
viralmetagenome:6c9dbeb8f9397eea07e8	train	19519
viralmetagenome:7055f595fca62b9a40c7	train	19520
viralmetagenome:976b3f8490d2de36fd46	train	19521
viralmetagenome:43c5a9798e935e17a66e	train	19522
viralmetagenome:b326dba1694c7956064a	train	19523
viralmetagenome:429500c97362eded6dfb	train	19524
viralmetagenome:5d75bedbba6bb7b4dc23	train	19525
viralmetagenome:4716e19236da26aa22ab	train	19526
viralmetagenome:3c04b774d27fff3f6bf1	train	19527
viralmetagenome:bc4c44b97c8329e71cf3	train	19528
viralmetagenome:1b6bfb8db5e7927b6136	train	19529
viralmetagenome:58d804774498aa692423	train	19530
viralmetagenome:a73a15021f4ecc6c3090	train	19531
viralmetagenome:eb6627a72acf8074a4c4	train	19532
viralmetagenome:87cfb16c2a3bf03b81a1	train	19533
viralmetagenome:ee45f46e80c10e8d1153	train	19534
viralmetagenome:beb5c8c4d93dc57b6ede	train	19535
viralmetagenome:157fa397b5d5a1088f89	train	19536
viralmetagenome:1ad995eaf6b28bb7ff88	train	19537
viralmetagenome:4f47bfc5fcc396c73f23	train	19538
viralmetagenome:dd2dfa366f56f089341c	train	19539
viralmetagenome:efb9e90cc770ce373277	train	19540
viralmetagenome:9a7f48d1db2f8bb4d508	train	19541
viralmetagenome:146b51d57447203a98a7	train	19542
viralmetagenome:a0d33b5dacabed9945cd	train	19543
viralmetagenome:3d5c8da49fa1e29bdab3	train	19544
viralmetagenome:a507ebdba3bd4beda4bb	train	19545
viralmetagenome:0fe0a7552b8950d6d02b	train	19546
viralmetagenome:63a1e6d3fb2988d07e83	train	19547
viralmetagenome:7079ba17d215500da1aa	train	19548
viralmetagenome:0bb5ceef77be03ed07ad	train	19549
viralmetagenome:b1e34fdbc247dafe2be9	train	19550
viralmetagenome:3e4730c5f2b377c05a76	train	19551
viralmetagenome:6bfba11b967dbdb758eb	train	19552
viralmetagenome:cd492b947fc528b45146	train	19553
viralmetagenome:2c58b11494b7a9b077ea	train	19554
viralmetagenome:4eefc37bdc397e761bd4	train	19555
viralmetagenome:14db43c9187d7f135c15	train	19556
viralmetagenome:d8c960ff85d545caeb59	train	19557
viralmetagenome:725747bda9c5312bfba1	train	19558
viralmetagenome:1448cd60f357e6752d82	train	19559
viralmetagenome:65d1845f96777680e3f4	train	19560
viralmetagenome:0d5ec53c1f4d143d0199	train	19561
viralmetagenome:e7ee8e859460ffe4389f	train	19562
viralmetagenome:a4b9b46f322f6b29d1a4	train	19563
viralmetagenome:ba7fb8ea8c4205df0aa9	train	19564
viralmetagenome:ed90f9ac190d4e1d6486	train	19565
viralmetagenome:ea98460cc25cd971a48f	train	19566
viralmetagenome:c70d58632464f4cfce02	train	19567
viralmetagenome:5334dc536aff4d7b3f05	train	19568
viralmetagenome:dd5bc472fc13c809e969	train	19569
viralmetagenome:0ca4e25c5e8cb44b7ce5	train	19570
viralmetagenome:bf67b84d07c53faab7ee	train	19571
viralmetagenome:46664c68a8f5f08835c6	train	19572
viralmetagenome:2f6f06489907e35ffc06	train	19573
viralmetagenome:46a9a44aa8ba90947011	train	19574
viralmetagenome:186b42d74d159c41dbcb	train	19575
viralmetagenome:c92547a601d803893827	train	19576
viralmetagenome:f353929cab37a42b207d	train	19577
viralmetagenome:5e5e71346ab7edaabd66	train	19578
viralmetagenome:69fbd595b1605c61324f	train	19579
viralmetagenome:c4e929744a0a803e609c	train	19580
viralmetagenome:49226e725175da44c7b9	train	19581
viralmetagenome:3dab7638e5f780cbae89	train	19582
viralmetagenome:bf4eb8e36eeecec61c8b	train	19583
viralmetagenome:339c0e58d922be5fc056	train	19584
viralmetagenome:713258098e0c36a3c744	train	19585
viralmetagenome:6be6212af5547a38fa93	train	19586
viralmetagenome:2d75ca77e559bfc080e9	train	19587
viralmetagenome:6e47588d54691f15001f	train	19588
viralmetagenome:ddfd6163890eb741667f	train	19589
viralmetagenome:0bc6e51d41de29971908	train	19590
viralmetagenome:328b2260288a3649dd3a	train	19591
viralmetagenome:231ba88fc961f01b81e0	train	19592
viralmetagenome:3f116e44f28c14542915	train	19593
viralmetagenome:45ba8ce59419ba52760f	train	19594
viralmetagenome:2e754852adb7ebad3f7b	train	19595
viralmetagenome:0015f02179f1ae1cae4b	train	19596
viralmetagenome:275f7afee1c6f4e9964a	train	19597
viralmetagenome:b4057d16a602b15e6736	train	19598
viralmetagenome:475c7e5a5958cc01f575	train	19599
viralmetagenome:92fb793792361329f72a	train	19600
viralmetagenome:66dde0411f8549bafd05	train	19601
viralmetagenome:2e2467ba81019fbffdd6	train	19602
viralmetagenome:93914cf485a9751f93c9	train	19603
viralmetagenome:9860569e9188e423eed6	train	19604
viralmetagenome:006170a05a08711b7c0c	train	19605
viralmetagenome:d62e9e664c3ae92119bf	train	19606
viralmetagenome:eb41087e027f2baf425c	train	19607
viralmetagenome:4958ed31d71b2285147a	train	19608
viralmetagenome:9d73a20e6eb3e72449c4	train	19609
viralmetagenome:3538dd33d1fbed5ff8d7	train	19610
viralmetagenome:e29fc704c0b948ad3d91	train	19611
viralmetagenome:27a113cd706f7f876c6a	train	19612
viralmetagenome:e91b977f1f3ec93084f9	train	19613
viralmetagenome:bfbf53cb92cb11bcb235	train	19614
viralmetagenome:0e194e0b02237145f9a6	train	19615
viralmetagenome:3e5ac5df8cd4d906159c	train	19616
viralmetagenome:9e948c9dcd7714f473ef	train	19617
viralmetagenome:7001cf450dfaacb652c8	train	19618
viralmetagenome:9d1aacd4bae236eb5d61	train	19619
viralmetagenome:6939141ab0015c5c7906	train	19620
viralmetagenome:8aeab756febb57d9e0b5	train	19621
viralmetagenome:4570d5f919ab328fd2f4	train	19622
viralmetagenome:c616cd0abcecceaca5dc	train	19623
viralmetagenome:f67c04c0ec4f6687e430	train	19624
viralmetagenome:0fddadc5905a1c596dcc	train	19625
viralmetagenome:40c4816506307c3e9c30	train	19626
viralmetagenome:cd22403bc36dd72cb538	train	19627
viralmetagenome:3d2115bae046dabe19b8	train	19628
viralmetagenome:5d0ff44d20b32afadade	train	19629
viralmetagenome:88c3be12d4ef9e1fa214	train	19630
viralmetagenome:f9d4b9ba3c596cd9ab8b	train	19631
viralmetagenome:232fb25b1f5ce79df1cf	train	19632
viralmetagenome:c248d05d987448a2cb3a	train	19633
viralmetagenome:fc5f0ba9bfa95116f427	train	19634
viralmetagenome:5261a8edaad421e0b282	train	19635
viralmetagenome:a3bb23dc834c576c694e	train	19636
viralmetagenome:8f14ecfb7f2c13ea77e4	train	19637
viralmetagenome:355b924c5c916929df3c	train	19638
viralmetagenome:659aa1680834943cd7a0	train	19639
viralmetagenome:dbb7ca5b89a311c888d8	train	19640
viralmetagenome:a3e76e687da5cc3674e4	train	19641
viralmetagenome:32553602941007c2b0ad	train	19642
viralmetagenome:69fa817481d5e542f8b3	train	19643
viralmetagenome:c3fb17a44246dda28103	train	19644
viralmetagenome:f16c0423308082de4160	train	19645
viralmetagenome:16fec4b5bd5be1e98521	train	19646
viralmetagenome:6d31341ec8862e5b7d1a	train	19647
viralmetagenome:f421914049c8d3855e43	train	19648
viralmetagenome:01be9dfe78d5aa0527c0	train	19649
viralmetagenome:6af67f8fefd106096ce6	train	19650
viralmetagenome:5fc025db504f67534ab2	train	19651
viralmetagenome:1f9d143d2184bd420d7b	train	19652
viralmetagenome:50e496a44b2fc93a2831	train	19653
viralmetagenome:c7a15b2f2ff4bf7edbf8	train	19654
viralmetagenome:0148b3885bb715dcd0b2	train	19655
viralmetagenome:9f3f65505088b44d4d22	train	19656
viralmetagenome:5e0d2d9816eef2ae5b29	train	19657
viralmetagenome:deb0e823e5865211ef32	train	19658
viralmetagenome:058ff8a2c842c4b11bd5	train	19659
viralmetagenome:1edd2dd505e9c493fb7b	train	19660
viralmetagenome:30f49c360ea2f8250c10	train	19661
viralmetagenome:84329b838cf16e71bb6e	train	19662
viralmetagenome:d7c6e3a7503dd00cbebf	train	19663
viralmetagenome:ec6759e7fb4d620f6335	train	19664
viralmetagenome:432a5719956cc8f9774d	train	19665
viralmetagenome:bbf8ad94bd1ef54c5485	train	19666
viralmetagenome:4a482841067c77f318e0	train	19667
viralmetagenome:ae6f2e6bb5b7789db82f	train	19668
viralmetagenome:b2b8fd1033bcb1da86a5	train	19669
viralmetagenome:68b78483a5104202a870	train	19670
viralmetagenome:48f78b314c00af4e0322	train	19671
viralmetagenome:c76e48d0b3255ac8aab0	train	19672
viralmetagenome:bf91b7981f6b8e527ca5	train	19673
viralmetagenome:0bc07e8ad66059d3e5fd	train	19674
viralmetagenome:840a50f21bf23776bdc3	train	19675
viralmetagenome:d015e159fcc940b0e673	train	19676
viralmetagenome:37e3301b123794b2d58a	train	19677
viralmetagenome:bd9ab39d3d63a34a9a40	train	19678
viralmetagenome:a4b72fb656b524be56b5	train	19679
viralmetagenome:34ae4134827bf723d71d	train	19680
viralmetagenome:ed2c38492d90cd3f6a44	train	19681
viralmetagenome:33b2c4d7c9b4c313a1e1	train	19682
viralmetagenome:05a5b8553ad3cc5cf77f	train	19683
viralmetagenome:f57fc00631bd0144cd04	train	19684
viralmetagenome:6b1145bcc146014c5207	train	19685
viralmetagenome:e8b24f86e3c91e86570c	train	19686
viralmetagenome:5a6f682aa715a5c162e8	train	19687
viralmetagenome:72deae8c7b29e9251ea3	train	19688
viralmetagenome:d707b082dfa904e81d62	train	19689
viralmetagenome:be314826ccada0730e38	train	19690
viralmetagenome:1f1a8c837152684c43f3	train	19691
viralmetagenome:204cb0b96e198f878ed7	train	19692
viralmetagenome:a6b398d33e64d335484e	train	19693
viralmetagenome:d71d2283174561516057	train	19694
viralmetagenome:eb7396843d63a53a3b35	train	19695
viralmetagenome:ba3b3f0a60fe6e2d6bb9	train	19696
viralmetagenome:9ecee6fd1879f2badeb0	train	19697
viralmetagenome:8778fb3c04b916f50b05	train	19698
viralmetagenome:483b0f753e67ba1058ae	train	19699
viralmetagenome:b60995e4b285dfc9c3b3	train	19700
viralmetagenome:a2f245ae5a39a26c7a54	train	19701
viralmetagenome:f918cf55c524047a8d9e	train	19702
viralmetagenome:c7d14d9e15592eec1c61	train	19703
viralmetagenome:83c7aec623629492e0f5	train	19704
viralmetagenome:bb5766c84e2911c313c7	train	19705
viralmetagenome:99295a3cf24609594b8a	train	19706
viralmetagenome:dc6b6320871c4ef4ca03	train	19707
viralmetagenome:6f69ec1adeb4748c4b5a	train	19708
viralmetagenome:6af3aef46ec6f1550e91	train	19709
viralmetagenome:0a33e8e8c08a6f8a31fd	train	19710
viralmetagenome:09c8ca70e56073bfcab2	train	19711
viralmetagenome:868b8f20fd926e8a5358	train	19712
viralmetagenome:ae105ac40f07c7fdee6d	train	19713
viralmetagenome:0acee80f551765b6d515	train	19714
viralmetagenome:2840b4f83c0b37e95ceb	train	19715
viralmetagenome:4ca7b55a3d344eb48f5f	train	19716
viralmetagenome:337d3f24cdbf6c1afac5	train	19717
viralmetagenome:de6ed5df6cc6a6d5f137	train	19718
viralmetagenome:193cba76ad224bf006aa	train	19719
viralmetagenome:015c5a181e6925e593b2	train	19720
viralmetagenome:1279596b1eb519e3c116	train	19721
viralmetagenome:e1fa9e2c217bcb3e5624	train	19722
viralmetagenome:80d1a247d80b2492ac1e	train	19723
viralmetagenome:5bf4d645c5dbb1eaeeb7	train	19724
viralmetagenome:1e7a12e04e4a0a9eaa0a	train	19725
viralmetagenome:ac81c7f5605ced651058	train	19726
viralmetagenome:2a38ba17797ae5f4b506	train	19727
viralmetagenome:bdf1da7bc389670e31cf	train	19728
viralmetagenome:ec56b03dc9af4af20e50	train	19729
viralmetagenome:4a7b81db235531ebce02	train	19730
viralmetagenome:be16929387f140f3ba2e	train	19731
viralmetagenome:c93f8b59b4cea4eb4322	train	19732
viralmetagenome:67ea478950a648975241	train	19733
viralmetagenome:678d11fbcfde60fcf7b1	train	19734
viralmetagenome:7587e3f05beee9545b23	train	19735
viralmetagenome:0820532dc3b109fe66b4	train	19736
viralmetagenome:429015f93e3258089a89	train	19737
viralmetagenome:df35fce881acba1093e8	train	19738
viralmetagenome:e29f1a31dfbf3f6f8035	train	19739
viralmetagenome:b7439e237040574f5f1e	train	19740
viralmetagenome:9e77c750fc52985c8d83	train	19741
viralmetagenome:2ca75834d2c9c686d981	train	19742
viralmetagenome:11047f3e1f3c4a31d15b	train	19743
viralmetagenome:1717d761863e32e74b4a	train	19744
viralmetagenome:d38529a279961cb66fb3	train	19745
viralmetagenome:364a5b9e44ab9996c94b	train	19746
viralmetagenome:5171349c01b4713bdda6	train	19747
viralmetagenome:e317359b4d272974e8e9	train	19748
viralmetagenome:a330b9d2a8ed5c3d4c45	train	19749
viralmetagenome:39e60739685d09ea4d33	train	19750
viralmetagenome:249ee9a65934c2a7d967	train	19751
viralmetagenome:a097d53fbb341062efc7	train	19752
viralmetagenome:caabbf6baa137716f688	train	19753
viralmetagenome:78471d44b4480d5fa748	train	19754
viralmetagenome:db0d2e26e32970bc3091	train	19755
viralmetagenome:3577ca196f26efba32ac	train	19756
viralmetagenome:5a2683c828ceafd33b7e	train	19757
viralmetagenome:ba01bc28dc310bbc33e5	train	19758
viralmetagenome:c4c1ae0e2111ec3f322b	train	19759
viralmetagenome:bea4fb0009b2ffc4405b	train	19760
viralmetagenome:251694862ccd3920ba4e	train	19761
viralmetagenome:d39dc3da34e1ed0622c4	train	19762
viralmetagenome:bda6ad733dcde41b554c	train	19763
viralmetagenome:c4c2eb42628a16ee3529	train	19764
viralmetagenome:cbdb9e796d9039eb18f8	train	19765
viralmetagenome:66e56486ddc8340dca04	train	19766
viralmetagenome:8e5cdb9e8ee501f0d160	train	19767
viralmetagenome:4b50fbd39643a08d522e	train	19768
viralmetagenome:a963c5fb6f56eee35238	train	19769
viralmetagenome:4626c9a595c901123452	train	19770
viralmetagenome:4d26431fb4793d00bad7	train	19771
viralmetagenome:c3ebb1a4cfc5329ef134	train	19772
viralmetagenome:f55bd181c7f7a4ef6cac	train	19773
viralmetagenome:e3d3efaa824dac936b9f	train	19774
viralmetagenome:a96d1c06727e6488168f	train	19775
viralmetagenome:5db55bd90505fcceb2b8	train	19776
viralmetagenome:766cc454e349d191a11d	train	19777
viralmetagenome:21a91c2261c30dacaba8	train	19778
viralmetagenome:f43df0de1cda280b36e3	train	19779
viralmetagenome:f4e75cd40d4d16e22300	train	19780
viralmetagenome:7ab6a0b73c6dd3a8005d	train	19781
viralmetagenome:cf302ace5a68eb9fd54b	train	19782
viralmetagenome:c6673d0ccc55ceba14bb	train	19783
viralmetagenome:c21c6afa4a4907e50026	train	19784
viralmetagenome:64d403c0b6b5e4402968	train	19785
viralmetagenome:00324056edf290649692	train	19786
viralmetagenome:fdda5bc77d4e0cdff528	train	19787
viralmetagenome:c351027176668a9eaf35	train	19788
viralmetagenome:8aaed4e151b8ff09d4e1	train	19789
viralmetagenome:1155b813af1528a9708e	train	19790
viralmetagenome:1a7f7f080adeca526c6a	train	19791
viralmetagenome:ba3f015ffb26b3a6d7be	train	19792
viralmetagenome:38f373b14cd925ac2517	train	19793
viralmetagenome:b2704efd655be312988a	train	19794
viralmetagenome:e87a27ffc3e37fe6c7af	train	19795
viralmetagenome:6d7c45da7bfffc355802	train	19796
viralmetagenome:67adc61f5f54a8f87b17	train	19797
viralmetagenome:612db6c41acd6f9b96da	train	19798
viralmetagenome:6b7924508bfd32d6d680	train	19799
viralmetagenome:47fd6f5ad2fc823b72b4	train	19800
viralmetagenome:b399d4dd8c6e7424c3e2	train	19801
viralmetagenome:61ca32aaea35ecada75d	train	19802
viralmetagenome:afdadc0626a071a6ac79	train	19803
viralmetagenome:80dc5b17e1c16d96b903	train	19804
viralmetagenome:d6cc375bf3fce28b3a7f	train	19805
viralmetagenome:94b675c264ce648f9009	train	19806
viralmetagenome:18747134c229a60ac048	train	19807
viralmetagenome:102f8077daa873173eec	train	19808
viralmetagenome:6f93965dcf2ed6224daa	train	19809
viralmetagenome:c0efef3eaa8419f8ba0e	train	19810
viralmetagenome:85104f33d52ac718ecf5	train	19811
viralmetagenome:58dc0d5cf1e126f6e4fd	train	19812
viralmetagenome:537d209be0467a1c898a	train	19813
viralmetagenome:31581f65ad171509e49b	train	19814
viralmetagenome:e9d4a1bcafad8e25eb30	train	19815
viralmetagenome:befdc7e8d73cd3b13fc3	train	19816
viralmetagenome:350ee7d225d8c7e5edfd	train	19817
viralmetagenome:8ce5411cf6ac2f65a4ae	train	19818
viralmetagenome:f6a80ca5128ca3449248	train	19819
viralmetagenome:a26ad72825b5fabac277	train	19820
viralmetagenome:cc31a8f3be1949c21c3e	train	19821
viralmetagenome:0aa025b3ebf46583d6d1	train	19822
viralmetagenome:4a8f7de06a8fd555b78a	train	19823
viralmetagenome:793bcdaaec99cb788cb0	train	19824
viralmetagenome:36397ff26919c2d1c074	train	19825
viralmetagenome:950b7a66ebf121c091b4	train	19826
viralmetagenome:bd70be685e0f4f54b628	train	19827
viralmetagenome:cab96569e9cdaa046524	train	19828
viralmetagenome:d8fb3685ab18d2eaf960	train	19829
viralmetagenome:1a13ec34b4d8aff61786	train	19830
viralmetagenome:786eed987e3280ab9628	train	19831
viralmetagenome:dc017bbecade9097bf3f	train	19832
viralmetagenome:d378814c42634fb1aa43	train	19833
viralmetagenome:07b2205ef5e2e4698a3b	train	19834
viralmetagenome:55ffbeae64cb2abbed48	train	19835
viralmetagenome:8063ba36ab6c30b86b03	train	19836
viralmetagenome:468d66da4e600b31cc3f	train	19837
viralmetagenome:fbd14fb62f367cdb2dee	train	19838
viralmetagenome:2f532defa8c109cb82a6	train	19839
viralmetagenome:5008907e4a34613a2b3f	train	19840
viralmetagenome:a82f4e221de6155f5d22	train	19841
viralmetagenome:c1af3dde3dc121c1c894	train	19842
viralmetagenome:0d4a13740a9f58b49983	train	19843
viralmetagenome:3c17c121ee6895e37ca9	train	19844
viralmetagenome:d12ba62ae96b755d1296	train	19845
viralmetagenome:f7fbd446ff6828895dcd	train	19846
viralmetagenome:6ad255bddf191f21e839	train	19847
viralmetagenome:264b527871faeac7bd05	train	19848
viralmetagenome:3a2824763ff465434db6	train	19849
viralmetagenome:b3648e1d8cb28c3264f3	train	19850
viralmetagenome:57306bf4c899bb8b3856	train	19851
viralmetagenome:a91e079fe4cf9f9e607a	train	19852
viralmetagenome:43b8ccf7b588a71767d2	train	19853
viralmetagenome:f80188b776484340d9ca	train	19854
viralmetagenome:26b4f824b727e99dd179	train	19855
viralmetagenome:d13135ab85f6b8c45728	train	19856
viralmetagenome:22764526d113f710fd2b	train	19857
viralmetagenome:e0f636805505387c6200	train	19858
viralmetagenome:f71a343e8be2c63484f0	train	19859
viralmetagenome:0a14ead0fcf46bf1c910	train	19860
viralmetagenome:b80657d80e67f9baa793	train	19861
viralmetagenome:93577b2f466105aa73e8	train	19862
viralmetagenome:645b0ba5e34fe13acc22	train	19863
viralmetagenome:9b54b05163f846eb6650	train	19864
viralmetagenome:dab05baef35434712a33	train	19865
viralmetagenome:41df63be354d45eed99e	train	19866
viralmetagenome:4d9aff7e33af2f810077	train	19867
viralmetagenome:bce786672d1755235e8f	train	19868
viralmetagenome:b013fefa988af805cc5f	train	19869
viralmetagenome:3788c4f2b7cc22873819	train	19870
viralmetagenome:c328e305dddb53a13d08	train	19871
viralmetagenome:64b7748d52f96e87330b	train	19872
viralmetagenome:940ecba3260f37ab5417	train	19873
viralmetagenome:eccad56e2f7a9a3d9778	train	19874
viralmetagenome:9885e29c03c2de38a6be	train	19875
viralmetagenome:45ab92fb68de3e0401c1	train	19876
viralmetagenome:8cf325ab2dee2a801940	train	19877
viralmetagenome:2f6f1c2d1626e6e7d7a0	train	19878
viralmetagenome:7b2b9b24b44c669505ea	train	19879
viralmetagenome:dd5832e4778d368beb31	train	19880
viralmetagenome:8f5e017fa62473d5f061	train	19881
viralmetagenome:d29e92b499ac15c7897a	train	19882
viralmetagenome:f87ff12592f48275ad3f	train	19883
viralmetagenome:6fe6a5a9484ff3539144	train	19884
viralmetagenome:11200c8af16ab4c88bee	train	19885
viralmetagenome:12754c0c169f2fe1f4f5	train	19886
viralmetagenome:df1f9ee92b35adac0291	train	19887
viralmetagenome:13219ac4f24e0c6ce500	train	19888
viralmetagenome:35bae84cd5584b9ae0c3	train	19889
viralmetagenome:c426d8b09c9a8bb29018	train	19890
viralmetagenome:a18d8deb21fc81a57aa4	train	19891
viralmetagenome:316411ca2d5b9855aa03	train	19892
viralmetagenome:aa0f31ef3abd34be00f2	train	19893
viralmetagenome:95a80c78c777b734d658	train	19894
viralmetagenome:b1f1fd02cffceebdef84	train	19895
viralmetagenome:98e8ea70c784eff085db	train	19896
viralmetagenome:c2f409d81620ca08de4b	train	19897
viralmetagenome:c8be36b1a8e0b3b6f84f	train	19898
viralmetagenome:0a914d45c555552152d7	train	19899
viralmetagenome:febe9870d57e1e431f31	train	19900
viralmetagenome:5cd2a1d3db32e0531f58	train	19901
viralmetagenome:9244aaf21aaa5f84fcc3	train	19902
viralmetagenome:81c75a311176f745e256	train	19903
viralmetagenome:bc2b26109e8ef80b83ac	train	19904
viralmetagenome:2a792e35690c62ccb5bd	train	19905
viralmetagenome:3910cddb88e21db10ab5	train	19906
viralmetagenome:bc8e0be0fc30ad87e2b7	train	19907
viralmetagenome:8919c70723ad6aa5f9a3	train	19908
viralmetagenome:9fd4e44203f83d22eefc	train	19909
viralmetagenome:35219df6bc178432e390	train	19910
viralmetagenome:07845c25207902521ead	train	19911
viralmetagenome:37730b711ca45fccac71	train	19912
viralmetagenome:5e6a2742c20d6503d93c	train	19913
viralmetagenome:5b4c4a612f5c4ec71139	train	19914
viralmetagenome:2fe14ed0c1b0f470240f	train	19915
viralmetagenome:68f58c8af760eedd209e	train	19916
viralmetagenome:60833b403f381231ad28	train	19917
viralmetagenome:0a9af7c358cd0d68da27	train	19918
viralmetagenome:74a0adea0eda88f8e277	train	19919
viralmetagenome:2806e0a43610d261aae9	train	19920
viralmetagenome:467f787c5291f88df914	train	19921
viralmetagenome:09c1a85dea4a2d5fa4be	train	19922
viralmetagenome:74ed11d8faedb18bff5e	train	19923
viralmetagenome:3061cc59471f451f8d30	train	19924
viralmetagenome:4faa28c1d6bd373a9841	train	19925
viralmetagenome:cfeff9df0e802aef4fc1	train	19926
viralmetagenome:20fea59e5f2fb62c1c26	train	19927
viralmetagenome:b64a3bcfc04f2d48eb58	train	19928
viralmetagenome:18c6bd480088f90f2d1e	train	19929
viralmetagenome:89a520bb5a86039a2068	train	19930
viralmetagenome:522825d340425b9184cd	train	19931
viralmetagenome:221e46251d6bde77ca5f	train	19932
viralmetagenome:d0bc99319a9815814e9e	train	19933
viralmetagenome:bda0f7a8fdeccbdab9f5	train	19934
viralmetagenome:2b40624eb92a58112567	train	19935
viralmetagenome:455c40fcd648641de555	train	19936
viralmetagenome:920c43b99cc910977b5e	train	19937
viralmetagenome:c53159d74469d08ec4c3	train	19938
viralmetagenome:c78a95f7d4a43600ae19	train	19939
viralmetagenome:7c029e7b758dfedb2547	train	19940
viralmetagenome:5b514ea67470b9963c6a	train	19941
viralmetagenome:a59af2e6e9e98f610d6d	train	19942
viralmetagenome:a005a35e0695f4ddbd7e	train	19943
viralmetagenome:6c1679b1be3aebbb6810	train	19944
viralmetagenome:f8d81b514620d9f94f46	train	19945
viralmetagenome:1bcd8284ee534e7501cf	train	19946
viralmetagenome:62a7b044d6334b428d44	train	19947
viralmetagenome:fcce29e9f1345b98932d	train	19948
viralmetagenome:a20a1f530932696b880c	train	19949
viralmetagenome:64a9abaf6f371b391403	train	19950
viralmetagenome:af47dc5484bc3c11f447	train	19951
viralmetagenome:b361666be83917f03ebf	train	19952
viralmetagenome:2db17a10ffe2d06d62d7	train	19953
viralmetagenome:52a8853c774786570388	train	19954
viralmetagenome:c1337493000f72eb33b7	train	19955
viralmetagenome:5702cc51d62cd6005930	train	19956
viralmetagenome:0f32f75defd288c1951c	train	19957
viralmetagenome:c7f3e4e85953aebe13d8	train	19958
viralmetagenome:b04ed7c04b840d8865a1	train	19959
viralmetagenome:9ff342fd3513d279bebc	train	19960
viralmetagenome:06f765cf1be6883abae0	train	19961
viralmetagenome:40755bcfe2ad53f07ea9	train	19962
viralmetagenome:162ce53bbed4ff9b5a6e	train	19963
viralmetagenome:41c407af75eb6f187876	train	19964
viralmetagenome:73270c6c0db2f4eb23b6	train	19965
viralmetagenome:e77408bcbfd8ef42bc6f	train	19966
viralmetagenome:d4ef5b47bf5dae47fa26	train	19967
viralmetagenome:3f32db56d4fa18009972	train	19968
viralmetagenome:b1fd76ab1d4edf6a0d02	train	19969
viralmetagenome:a9a263f80ab8c6e1af21	train	19970
viralmetagenome:07dfeacc372f0ea8e15c	train	19971
viralmetagenome:217256c3181d4b7ddb2f	train	19972
viralmetagenome:cb2c93728852fd30fe93	train	19973
viralmetagenome:bcc45f717429cfcb04bf	train	19974
viralmetagenome:63a81eabd2eae1cf1868	train	19975
viralmetagenome:4a740b33fdd417ff5ea5	train	19976
viralmetagenome:ca9ac0fe1f4a92020fc1	train	19977
viralmetagenome:38193cb0d6de371f880a	train	19978
viralmetagenome:5bba903d06fd5ee9c34d	train	19979
viralmetagenome:55c208b7bcbec9a781a2	train	19980
viralmetagenome:9ac0c6edcaf632c14412	train	19981
viralmetagenome:35619a4fc1577ddfbd76	train	19982
viralmetagenome:446785d2a8c259d596eb	train	19983
viralmetagenome:8d7e9fdb534c6d169dfa	train	19984
viralmetagenome:e825971773f19306a3ec	train	19985
viralmetagenome:2b73cb743218fb3f41d9	train	19986
viralmetagenome:32c513c9257c3ab48a0c	train	19987
viralmetagenome:7cba57eb06bbf2069785	train	19988
viralmetagenome:a5b2343668aae54e3970	train	19989
viralmetagenome:30681764f2e860c359a7	train	19990
viralmetagenome:4579f1d6235f27d82a81	train	19991
viralmetagenome:2a727a953cb3ceb09189	train	19992
viralmetagenome:53bac5b77c9e017599bf	train	19993
viralmetagenome:47a1a625117c444db13a	train	19994
viralmetagenome:ec64ac37223672e33388	train	19995
viralmetagenome:46c786c1c8b3235b9f86	train	19996
viralmetagenome:6431a2c3774e5a9f9362	train	19997
viralmetagenome:861909499d8786f5148b	train	19998
viralmetagenome:35085126cf234f153249	train	19999
viralmetagenome:9d9c23fd9f60a887dbda	train	20000
viralmetagenome:038b15ca8f271df4c7d7	train	20001
viralmetagenome:8c31f026fee82b3c4175	train	20002
viralmetagenome:fb04d81f66ce24d1aecd	train	20003
viralmetagenome:87eb4b50a3162420045a	train	20004
viralmetagenome:bdcf5baba2de96de1d51	train	20005
viralmetagenome:9a7d492c8a4e58564610	train	20006
viralmetagenome:49296644ce3471ed4c48	train	20007
viralmetagenome:649a47b78873565e17e9	train	20008
viralmetagenome:8fee2a00136fa852beef	train	20009
viralmetagenome:afdf35d9e2d0a0a297f4	train	20010
viralmetagenome:d50df5bcab954c4e74e3	train	20011
viralmetagenome:13ec0161cbfd53de7283	train	20012
viralmetagenome:70bc5159a280e28e45a3	train	20013
viralmetagenome:0cbc12fe4c54467a048e	train	20014
viralmetagenome:7c98dea4971f0b2c3dc0	train	20015
viralmetagenome:85ec3b8f620fd091a283	train	20016
viralmetagenome:31ec0517c6beb835846f	train	20017
viralmetagenome:36af67224d9c7ecfb78b	train	20018
viralmetagenome:afbc78c92acf56a83981	train	20019
viralmetagenome:7ea023529f58f7d84c5d	train	20020
viralmetagenome:542146f298c551cd78db	train	20021
viralmetagenome:afc4a8615b69592dcaee	train	20022
viralmetagenome:7f679a6fddde678cd216	train	20023
viralmetagenome:8b47dfa2e7bd0536fcf0	train	20024
viralmetagenome:b4b43eaf30f3dc0d77da	train	20025
viralmetagenome:8dbbb649566d02c787f3	train	20026
viralmetagenome:628784745d47ece932b2	train	20027
viralmetagenome:f013d92de33072a599d4	train	20028
viralmetagenome:83d2256ca32971ff49bd	train	20029
viralmetagenome:031e92956758604c9fe8	train	20030
viralmetagenome:d8f77fa3206d48e825f2	train	20031
viralmetagenome:6c63f1041a19aaef6a30	train	20032
viralmetagenome:d560a967f0cec7f52301	train	20033
viralmetagenome:5e144b9669e225215b69	train	20034
viralmetagenome:69d032ebee4732fcd754	train	20035
viralmetagenome:b2d2279b1865ae53eeed	train	20036
viralmetagenome:fb7006901d9209b5e7ba	train	20037
viralmetagenome:982b4851bc8b78182178	train	20038
viralmetagenome:d3bf1972b61045b3cb66	train	20039
viralmetagenome:70bc746e5a1c54f6b342	train	20040
viralmetagenome:70a5d71e13d3932f33ae	train	20041
viralmetagenome:e06146ef65ff29d45d83	train	20042
viralmetagenome:5177a56dc9581ae5c6b8	train	20043
viralmetagenome:a63571a824e8558b95bc	train	20044
viralmetagenome:0563549e55b021adaf5a	train	20045
viralmetagenome:70b9ac4ca33b0976fc76	train	20046
viralmetagenome:d10f7517f36ebe185c46	train	20047
viralmetagenome:6fdf1569f4200a6b88e6	train	20048
viralmetagenome:375057d5da30297b86b9	train	20049
viralmetagenome:1c7714055cf3c3c4ea7b	train	20050
viralmetagenome:4f40be905056437e4a36	train	20051
viralmetagenome:259234e46102a865b0f1	train	20052
viralmetagenome:f3d40937daa80f143b62	train	20053
viralmetagenome:84ba595763cadc288f17	train	20054
viralmetagenome:1781a3b6b459d6ab402f	train	20055
viralmetagenome:3f8fc0534a5ab6a3888d	train	20056
viralmetagenome:3cfd6d18e99c584a30f5	train	20057
viralmetagenome:1249a304b07e4172ae06	train	20058
viralmetagenome:2f41132ac89a9abc0c84	train	20059
viralmetagenome:fde81523a6394165601f	train	20060
viralmetagenome:9d26cca07ab5077d78db	train	20061
viralmetagenome:ddd5cc70bdecf0b8073f	train	20062
viralmetagenome:cae98f0cfa8eda3906c7	train	20063
viralmetagenome:bfc2921d7c9e68e03deb	train	20064
viralmetagenome:6c056ecb58f7395a1413	train	20065
viralmetagenome:bde15423b28d765f07f5	train	20066
viralmetagenome:363f6c1a94f6525f5993	train	20067
viralmetagenome:fd9a4ae606aa4a89b699	train	20068
viralmetagenome:b8d651e875736c1a9b7d	train	20069
viralmetagenome:a4820dac9dc0238d5b69	train	20070
viralmetagenome:9cdfb4f4dd286fd13500	train	20071
viralmetagenome:8858a5998ce4e7b888b9	train	20072
viralmetagenome:3003c63163ddc482ea81	train	20073
viralmetagenome:40b3f249b4b672bb33a7	train	20074
viralmetagenome:58429e9f481304d613ca	train	20075
viralmetagenome:1572decf06db7a01cb4a	train	20076
viralmetagenome:e6e15900717e25df6b3a	train	20077
viralmetagenome:ea1aed6b04340490bd62	train	20078
viralmetagenome:3e619bbf1d7efd48dbef	train	20079
viralmetagenome:70a33a9333728580bc10	train	20080
viralmetagenome:d07e88dc04e6411baf85	train	20081
viralmetagenome:7c3dd3854074ffb7ecfc	train	20082
viralmetagenome:773fb180514417d86c12	train	20083
viralmetagenome:e8f41176107de0fdb61c	train	20084
viralmetagenome:2fa5571e1655950347d7	train	20085
viralmetagenome:e7e8078333004c13a591	train	20086
viralmetagenome:5b65ac6ee143f2aa347f	train	20087
viralmetagenome:e5af3ba89ef3cfea25c1	train	20088
viralmetagenome:ecb4c22ce0b538f7d37c	train	20089
viralmetagenome:f190bc680de6e1f0d366	train	20090
viralmetagenome:af8c2b75b02f7fb2375d	train	20091
viralmetagenome:f2d3d5da1a8bdc9ae744	train	20092
viralmetagenome:4f9adcf44217294f8ac5	train	20093
viralmetagenome:3e38efaeef4b2fc1cdfc	train	20094
viralmetagenome:990e0eb7342d44e07080	train	20095
viralmetagenome:47c19aea6c272d317a0e	train	20096
viralmetagenome:c6f3511e6fc0562b8a7b	train	20097
viralmetagenome:9a5ad3d6fb4bb7c4d22b	train	20098
viralmetagenome:3cd5930e7b5c35226ce4	train	20099
viralmetagenome:5cd19a39a06a99d5b8dd	train	20100
viralmetagenome:fc3d533cf17a2def4df5	train	20101
viralmetagenome:ee37676cdaf04ca1f6b9	train	20102
viralmetagenome:b662d3bc48a27fa6ef6a	train	20103
viralmetagenome:d483715972c0d4d13953	train	20104
viralmetagenome:14d242892922a41bb6f7	train	20105
viralmetagenome:3f20a6e0bdd7c3879cb7	train	20106
viralmetagenome:5bd4c5f41877236860c6	train	20107
viralmetagenome:404cca1dd379d34a745a	train	20108
viralmetagenome:78bc17f52c19f010196e	train	20109
viralmetagenome:585ea1381f50066da74b	train	20110
viralmetagenome:44d657d27b0dd1f30608	train	20111
viralmetagenome:5da1a13743845a96046e	test	20112
viralmetagenome:2173d0fbbd0b5298c683	test	20113
viralmetagenome:34ae991c13cfbe45bb9c	test	20114
viralmetagenome:1b4991d4a5abe72adf4c	test	20115
viralmetagenome:4ef69a1f852a5b7e1267	test	20116
viralmetagenome:c493bdd32f9ae0e60cad	test	20117
viralmetagenome:ba202ec70b525c70b571	test	20118
viralmetagenome:47312889d2775e716094	test	20119
viralmetagenome:40db2370e3068d6f9be2	test	20120
viralmetagenome:17efe7c9148b22f19bb7	test	20121
viralmetagenome:6e8459eac5bd354ccec2	test	20122
viralmetagenome:0aeb9eb29e31944c82bf	test	20123
viralmetagenome:19cbf223b6941900efab	test	20124
viralmetagenome:37cc417bea5118dca692	test	20125
viralmetagenome:1a1c1a983af27e338124	test	20126
viralmetagenome:bdb5cda7a92a3bd606d1	test	20127
viralmetagenome:01187c8ae747bacc449e	test	20128
viralmetagenome:fc3a15a090376e8b91a4	test	20129
viralmetagenome:21d0aaf16c6600109789	test	20130
viralmetagenome:cc9e1da1586e385d62af	test	20131
viralmetagenome:09504147819a741449a8	test	20132
viralmetagenome:b4f5ecd42601bfaf9cd8	test	20133
viralmetagenome:5514965da5a29603c84f	test	20134
viralmetagenome:13ee07ea4544eceb2fb7	test	20135
viralmetagenome:daa3390202037b7ffaf4	test	20136
viralmetagenome:a050b03704a74003359e	test	20137
viralmetagenome:c86284ab45ace35d8cc8	test	20138
viralmetagenome:53815205f827168d18d0	test	20139
viralmetagenome:d89478986e876ec191b6	test	20140
viralmetagenome:c8a59f92ae6c4f5876b2	test	20141
viralmetagenome:615586a60372d5b8a8b7	test	20142
viralmetagenome:fa643d4b449fa04cbd23	test	20143
viralmetagenome:fa5ee3e68459cb0e4d36	test	20144
viralmetagenome:df2d9da64c13b53fbf56	test	20145
viralmetagenome:14016e8d19e21b4a4036	test	20146
viralmetagenome:087f4fadd97692992a09	test	20147
viralmetagenome:ae1e029c5c5ffeaa4362	test	20148
viralmetagenome:581caca40687e102d701	test	20149
viralmetagenome:4dab34a69035937ff968	test	20150
viralmetagenome:d269abafc322c8690f63	test	20151
viralmetagenome:c1a53eea47e1f01db2db	test	20152
viralmetagenome:29185c766bef40bda352	test	20153
viralmetagenome:5f7fbf26615c5ca5332b	test	20154
viralmetagenome:0de05929da61a691d730	test	20155
viralmetagenome:6bcf4e9e810f5c2a88c6	test	20156
viralmetagenome:c2964edc73b99bdd5baf	test	20157
viralmetagenome:c82c888521ea040e3065	test	20158
viralmetagenome:763100edc272e09a7eb9	test	20159
viralmetagenome:af185f25b5f73ce5d920	test	20160
viralmetagenome:62b89bac33bbdf57e650	test	20161
viralmetagenome:95e619f0d089b06e1819	test	20162
viralmetagenome:6f40c549f3d36ef6f33e	test	20163
viralmetagenome:38b34c7755ef8ffdcb8f	test	20164
viralmetagenome:d5ad86b47188290e3658	test	20165
viralmetagenome:121b065cff6e42e75272	test	20166
viralmetagenome:a1c1e34a0688ee3079e8	test	20167
viralmetagenome:8e828a05733c09d1e84b	test	20168
viralmetagenome:900d24bd4bb01fbe754d	test	20169
viralmetagenome:1ca561409f4d23ac9fcd	test	20170
viralmetagenome:43da4864bf155715088a	test	20171
viralmetagenome:3f61c5b2057ebcebf724	test	20172
viralmetagenome:fbeda40ebd084280011d	test	20173
viralmetagenome:9e1ddbf46edfd5d12be9	test	20174
viralmetagenome:cad9ca1ad5d8d354a575	test	20175
viralmetagenome:eb5807a7a8c97a72e83a	test	20176
viralmetagenome:1883cbd5e73691b8525a	test	20177
viralmetagenome:3c3f592674d3da9a910e	test	20178
viralmetagenome:76afd7f889eeb5a5921f	test	20179
viralmetagenome:a0683ca05d5f72489b47	test	20180
viralmetagenome:8a255b6af8a6cdda803c	test	20181
viralmetagenome:47d8a4a7984a7a63d925	test	20182
viralmetagenome:7f7deed0764e03950125	test	20183
viralmetagenome:0e8dabce43b3a8c4dbbb	test	20184
viralmetagenome:8d31341832a5e231a68f	test	20185
viralmetagenome:c368b35347c01d96ef1f	test	20186
viralmetagenome:d0ddbec5859491dd1581	test	20187
viralmetagenome:883995a07eff663171f0	test	20188
viralmetagenome:9e79d934603de81826f0	test	20189
viralmetagenome:cafc5bb6f11462704854	test	20190
viralmetagenome:2a80d86a4c2f6ff05b11	test	20191
viralmetagenome:ee4372f08fb87736e195	test	20192
viralmetagenome:856d84d5f32e273e16dd	test	20193
viralmetagenome:ed35dc4658f1595c8b84	test	20194
viralmetagenome:425593bc2cb8b4f8355e	test	20195
viralmetagenome:e6e031b98ab83aa3e851	test	20196
viralmetagenome:7dc981aefc8b98ba6440	test	20197
viralmetagenome:f4c8b13c8ac091a12358	test	20198
viralmetagenome:fbd7027fdcf3bc64d3ac	test	20199
viralmetagenome:b35cb33d79f166b48e3f	test	20200
viralmetagenome:575b69cf27dade1c0d59	test	20201
viralmetagenome:2be29a39cc3019458d1d	test	20202
viralmetagenome:419864aa5a3204b0cac1	test	20203
viralmetagenome:935fc6737277327ac2f1	test	20204
viralmetagenome:b77ecbc226466e8cdbb6	test	20205
viralmetagenome:f5daf007e2e0da7e828c	test	20206
viralmetagenome:50f53029d7b3aab8ee66	test	20207
viralmetagenome:a99800f8492bae75d2ef	test	20208
viralmetagenome:0bc3e856fc719f145bb1	test	20209
viralmetagenome:c07f5ef820a0269c4308	test	20210
viralmetagenome:3e10da4eb2afdd49b98b	test	20211
viralmetagenome:4cdb2b4a5ceabf0a37f5	test	20212
viralmetagenome:c75d01da34bd98b4a126	test	20213
viralmetagenome:3b1934686a379ecff810	test	20214
viralmetagenome:47d210fb816ba6666ef0	test	20215
viralmetagenome:3bbb6ef032476e490e36	test	20216
viralmetagenome:c24a8358ed2ed2aff781	test	20217
viralmetagenome:a9616393e0542a10cd7f	test	20218
viralmetagenome:15120126580dcf622ec4	test	20219
viralmetagenome:5d159a83260185cd82ae	test	20220
viralmetagenome:66f17e61cb2afe485397	test	20221
viralmetagenome:3655c6fdf56d4325576b	test	20222
viralmetagenome:c2be376bfb7fe017aff0	test	20223
viralmetagenome:6cea7841a93b14ff5ad6	test	20224
viralmetagenome:4907c6d04de56001517a	test	20225
viralmetagenome:824da142acd85a84fbd1	test	20226
viralmetagenome:ba832dc23eefc1fc10fa	test	20227
viralmetagenome:524bdb04e84c250b033a	test	20228
viralmetagenome:29825015fd5bab3e5464	test	20229
viralmetagenome:ec4b72cc72b93272179e	test	20230
viralmetagenome:f2354f5d6f28bc41c7a6	test	20231
viralmetagenome:5e99120ab1afd697aab8	test	20232
viralmetagenome:ffa5fc66bb0eefc4a72e	test	20233
viralmetagenome:5330daef4ee88add47a7	test	20234
viralmetagenome:4a69af3328f86e7d39e0	test	20235
viralmetagenome:b8fcd8250fbc2be937cd	test	20236
viralmetagenome:e47559becc085f725081	test	20237
viralmetagenome:7bf5b988a085d11d618f	test	20238
viralmetagenome:fab83f8a6ef867183526	test	20239
viralmetagenome:b64e76c1606d91b7589b	test	20240
viralmetagenome:751de55f0b951fa856d7	test	20241
viralmetagenome:15718c7772a3b04bbe96	test	20242
viralmetagenome:1ac9f14e58897f927336	test	20243
viralmetagenome:4f8e7c0f2da44706bfb5	test	20244
viralmetagenome:26ab2d88e38228cbe1bb	test	20245
viralmetagenome:df699f7b18cef6b769d9	test	20246
viralmetagenome:7c8eb3896437bb1aab0f	test	20247
viralmetagenome:8e48fc1ef2752a5ca82f	test	20248
viralmetagenome:acd959fd3d1095f2012f	test	20249
viralmetagenome:3bc6e3b72afe6cfa538c	test	20250
viralmetagenome:2d193a2bbac9aa9ac99b	test	20251
viralmetagenome:6fbefafe49854d593759	test	20252
viralmetagenome:ede8c619d6fdbec17927	test	20253
viralmetagenome:8d9a930636a0b473fd3b	test	20254
viralmetagenome:37f72f26b0dff0864543	test	20255
viralmetagenome:c9ae6812615b81aeb5f2	test	20256
viralmetagenome:ae902bde41742067e089	test	20257
viralmetagenome:c7be4018c50d3e0b38c3	test	20258
viralmetagenome:4f52c3dcd961ddb5779d	test	20259
viralmetagenome:b3468f53c3587cdb9eec	test	20260
viralmetagenome:d67c45b3c84d234573bb	test	20261
viralmetagenome:de859b931f6c1a5beea3	test	20262
viralmetagenome:b88233f60bdf9a150fdf	test	20263
viralmetagenome:0e659567e4ca43b591a8	test	20264
viralmetagenome:f690b3adf08bfde3bb59	test	20265
viralmetagenome:4d48e057a5d43e7dc778	test	20266
viralmetagenome:874eb467dcc8d2f9f69f	test	20267
viralmetagenome:49609bd9bfc05351ebda	test	20268
viralmetagenome:54f641dcf3e3f27bed0c	test	20269
viralmetagenome:a448c95bebfbf0e0376f	test	20270
viralmetagenome:a35bc3ac7a45e58f2e5a	test	20271
viralmetagenome:1c196131aff9de88ffe4	test	20272
viralmetagenome:884e524e2880247aac50	test	20273
viralmetagenome:21fbcc26e1afdd9751b4	test	20274
viralmetagenome:52f776655b9febc66ce6	test	20275
viralmetagenome:8cb46864e446c7d41bc0	test	20276
viralmetagenome:86fe4257473e225dbdfe	test	20277
viralmetagenome:4b9471d78494c41b7201	test	20278
viralmetagenome:106382467df442c6845f	test	20279
viralmetagenome:7c57d30109064bced64b	test	20280
viralmetagenome:fad8698e7ffcc2c78754	test	20281
viralmetagenome:c980b1349e5b234b77db	test	20282
viralmetagenome:4f2614c1e0f4e0ab3075	test	20283
viralmetagenome:e6b4130153fe1285d543	test	20284
viralmetagenome:59eabe933fe17804a3d1	test	20285
viralmetagenome:3b7edac8324e41d3783d	test	20286
viralmetagenome:16a8638ad858c4ea2f67	test	20287
viralmetagenome:217514968ccc82680433	test	20288
viralmetagenome:49864083d239f0a9c809	test	20289
viralmetagenome:8a54d769d71c0938be44	test	20290
viralmetagenome:a8b0b8b9b4e9f4b5636d	test	20291
viralmetagenome:b0f327975ff3347e1d7b	test	20292
viralmetagenome:7192d06b2ad97ade43a5	test	20293
viralmetagenome:b48b52ee15381db12ee3	test	20294
viralmetagenome:b0d8dcfdb645ca6fe114	test	20295
viralmetagenome:96425723b2e40b7ad9c3	test	20296
viralmetagenome:94e03e50387d78c564c3	test	20297
viralmetagenome:a7d27e82e8414eef7551	test	20298
viralmetagenome:fef5590cab63952fba8e	test	20299
viralmetagenome:8a54a7e06f2eefef7456	test	20300
viralmetagenome:9a19aed843f911012a5f	test	20301
viralmetagenome:01042763f8fe6987de05	test	20302
viralmetagenome:a1b614a7efec6a08601c	test	20303
viralmetagenome:971ac660d72c68f75f65	test	20304
viralmetagenome:926fb152830d4ec506b7	test	20305
viralmetagenome:b0c604db3fbfc672c8f9	test	20306
viralmetagenome:850c568e3d8012c49406	test	20307
viralmetagenome:64df0b52e2b9404ab096	test	20308
viralmetagenome:a376de6de55d77fdb08e	test	20309
viralmetagenome:d5dbd01e7afb95bac533	test	20310
viralmetagenome:afdac0360edc6e474b64	test	20311
viralmetagenome:1c9470f5ee3433a800f0	test	20312
viralmetagenome:1dc4bd9a643d94ebc39a	test	20313
viralmetagenome:ac8fe2deb9b2a391791e	test	20314
viralmetagenome:83bdcaf02e4dcaaf5023	test	20315
viralmetagenome:f4fe6e094e0a615041ab	test	20316
viralmetagenome:54db9bfca429b3562d9e	test	20317
viralmetagenome:bc7edd748f6b3a7155a6	test	20318
viralmetagenome:0595ac9fbb17bd3ec15a	test	20319
viralmetagenome:bf0c72ecef58af6eb0a1	test	20320
viralmetagenome:5ca25c0ad2252dd8704b	test	20321
viralmetagenome:f78c11c98623952dea82	test	20322
viralmetagenome:052c1bb9f6cc15eca60a	test	20323
viralmetagenome:4996fb0f2d81b2c6dc1c	test	20324
viralmetagenome:56c9a74df8323ed473a8	test	20325
viralmetagenome:457c6b7ea94d3698817f	test	20326
viralmetagenome:62b5fa6ca3ad2acc5b99	test	20327
viralmetagenome:88a6f633a265124a5ad9	test	20328
viralmetagenome:276f5466c6dfd89089c6	test	20329
viralmetagenome:72ef5e1056fe981fb098	test	20330
viralmetagenome:1af148aaef99cf459df8	test	20331
viralmetagenome:ddcc9dd798004bdde7d1	test	20332
viralmetagenome:51d877c295ed039a22d2	test	20333
viralmetagenome:0c57bb28c6403b2de1e9	test	20334
viralmetagenome:7ffbc4e9808cf404c082	test	20335
viralmetagenome:fb88ea562c7e7660ad78	test	20336
viralmetagenome:a82ad3ffb8ac01e76948	test	20337
viralmetagenome:586a0f631c5d8fa7510d	test	20338
viralmetagenome:4ea8cb162ac82be353c3	test	20339
viralmetagenome:8afe53983ceedf796919	test	20340
viralmetagenome:84dad5f7042438e5f395	test	20341
viralmetagenome:2ea9afec11b94303f621	test	20342
viralmetagenome:530d5afe27a3eda23d49	test	20343
viralmetagenome:610b4473145f1c6b4dde	test	20344
viralmetagenome:b4fa39513913c3132782	test	20345
viralmetagenome:15b605a8ad3b088a7f6c	test	20346
viralmetagenome:74a752fcdc0df14b9299	test	20347
viralmetagenome:66d45ac420c3a61fc1af	test	20348
viralmetagenome:85ff1dd905ed4e8817e2	test	20349
viralmetagenome:a34562444b7a7e5b884d	test	20350
viralmetagenome:2aa1c613fa1e76d00409	test	20351
viralmetagenome:302d1320f892a96e0f9f	test	20352
viralmetagenome:ef931327ccbdaa620e23	test	20353
viralmetagenome:ef6b197ab9b55bcabf26	test	20354
viralmetagenome:fae3a9e2ce9477fa7309	test	20355
viralmetagenome:1680e7f3335b1f1df809	test	20356
viralmetagenome:b02a0b4d8161d7ca3ee4	test	20357
viralmetagenome:4507f071f9c662c015db	test	20358
viralmetagenome:af3a9fcbcfe2b35b024d	test	20359
viralmetagenome:9812098f28d6ff06fd19	test	20360
viralmetagenome:f0d6df3330ae0e28078c	test	20361
viralmetagenome:062fc650d01cbc9614e0	test	20362
viralmetagenome:b5fe89a158b20b56c04f	test	20363
viralmetagenome:e55698d8ddc5a5a33db8	test	20364
viralmetagenome:7e2ea33ccbc732cb6ed4	test	20365
viralmetagenome:220c0a831402a00dfbe7	test	20366
viralmetagenome:e4620d00dae3ed1192c2	test	20367
viralmetagenome:a27f15a9b54121f42351	test	20368
viralmetagenome:315f4276deb7cf8d7a76	test	20369
viralmetagenome:07f21076750847558f65	test	20370
viralmetagenome:c3af981b2472e633052b	test	20371
viralmetagenome:288ae20ae9bb9f99bcc4	test	20372
viralmetagenome:c8d1d0994eb616415e5b	test	20373
viralmetagenome:fa506b7a6d132b1ffbcf	test	20374
viralmetagenome:cab2437f017d779ce94f	test	20375
viralmetagenome:4e3597dd8252ce43521b	test	20376
viralmetagenome:028fe069ad24dae202dd	test	20377
viralmetagenome:4f71a60bc3490f138b37	test	20378
viralmetagenome:68fb9cb744c52918f332	test	20379
viralmetagenome:d3fdad4ad0b5d6e061af	test	20380
viralmetagenome:34beb34de04322c67da8	test	20381
viralmetagenome:2cc7e7f6ee0047c9b7f7	test	20382
viralmetagenome:6e73eea0a1f4dbccc654	test	20383
viralmetagenome:92ff1fa0f72749d5dcff	test	20384
viralmetagenome:196de4987b486314b378	test	20385
viralmetagenome:9972905e7f0dc4486d69	test	20386
viralmetagenome:bb18ebc03dc35c1f30f6	test	20387
viralmetagenome:6a3d182751ea1c771c17	test	20388
viralmetagenome:cfd5f09041bed2b4f5bc	test	20389
viralmetagenome:0160e6a3cc5e149b9bb9	test	20390
viralmetagenome:fce6e9aaf1d5bee11c63	test	20391
viralmetagenome:191b2604ac469fea671c	test	20392
viralmetagenome:30e62e575751b1f3e28f	test	20393
viralmetagenome:00563ecaefb7b9e14c56	test	20394
viralmetagenome:9f47458599446ea957a4	test	20395
viralmetagenome:624526f1231bf833b62f	test	20396
viralmetagenome:b77b89a13ad35dcb5b0f	test	20397
viralmetagenome:2694f31f04dba6041d3a	test	20398
viralmetagenome:2105edf7ee3cbfea5ad4	test	20399
viralmetagenome:7d049122b473fd38f3dc	test	20400
viralmetagenome:3ec3fb36f4bc57515dee	test	20401
viralmetagenome:9dd318934d6bd8f99829	test	20402
viralmetagenome:71bba488482252a0b6ca	test	20403
viralmetagenome:b657bd96e872b0825aeb	test	20404
viralmetagenome:38c2b52f9b860bb48862	test	20405
viralmetagenome:990e396374420e0d3e58	test	20406
viralmetagenome:95a254599af75189d273	test	20407
viralmetagenome:9becf7ca93dd6fb133e9	test	20408
viralmetagenome:2200b0ae113c2eb5f6e6	test	20409
viralmetagenome:187b530f541db1bcffdf	test	20410
viralmetagenome:42cd39933b86136d65d1	test	20411
viralmetagenome:9c9a5a4d66ab21398fcd	test	20412
viralmetagenome:5d9419ce311c3d82089c	test	20413
viralmetagenome:4cf26d489de0bc768040	test	20414
viralmetagenome:e854e04bb3cbc9ca17c0	test	20415
viralmetagenome:4eb874c1903b208c3739	test	20416
viralmetagenome:5ff873ee368a2b77787f	test	20417
viralmetagenome:d1ecbfed64da84b4ea4c	test	20418
viralmetagenome:c40e4221178c4a242811	test	20419
viralmetagenome:a0188facf79ccab23be8	test	20420
viralmetagenome:9c9850309951e62bd67c	test	20421
viralmetagenome:706c2ff13ac79aab427c	test	20422
viralmetagenome:a90103c95c2188608583	test	20423
viralmetagenome:c425b4daf271c9814cc3	test	20424
viralmetagenome:f826bfe3b5ae3d3eec57	test	20425
viralmetagenome:78b2abc9e99205257f63	test	20426
viralmetagenome:bd36f031d5b745a91531	test	20427
viralmetagenome:43852fcf81a39744257c	test	20428
viralmetagenome:ca3dc6503f0be451baa9	test	20429
viralmetagenome:69789226b924ed632a09	test	20430
viralmetagenome:38c779ca01cb3ea3e21d	test	20431
viralmetagenome:fee59d15091fcfc5404e	test	20432
viralmetagenome:219fce51712ed1f40952	test	20433
viralmetagenome:5525381a225c60aa0676	test	20434
viralmetagenome:bb9b9022a886671c5dca	test	20435
viralmetagenome:f353994dbfe639087097	test	20436
viralmetagenome:3b4966de25b61b42b53e	test	20437
viralmetagenome:47766a3e638a283292d7	test	20438
viralmetagenome:639e1d51f844879b5063	test	20439
viralmetagenome:e8a29171beb478b2a032	test	20440
viralmetagenome:63377cfb211c95a16f05	test	20441
viralmetagenome:1cb54daef540a8fb1f50	test	20442
viralmetagenome:f06d893f015d5d17a442	test	20443
viralmetagenome:6be0d51135c7fba52292	test	20444
viralmetagenome:e1263165b60056a0a905	test	20445
viralmetagenome:a8a30a81e8414983f531	test	20446
viralmetagenome:d33ca1815747b3ba62af	test	20447
viralmetagenome:04a2c0889dc58be31c78	test	20448
viralmetagenome:53b50db8903d94ec1369	test	20449
viralmetagenome:5c919aae20cd661f8977	test	20450
viralmetagenome:f73d6b99d9afd6f62435	test	20451
viralmetagenome:8c3dd9c43cdec6495093	test	20452
viralmetagenome:f42f7cfdb37f898dafde	test	20453
viralmetagenome:4c8a868383709d00ba70	test	20454
viralmetagenome:4dfb8a22804144378d32	test	20455
viralmetagenome:970f76cf92b147af138f	test	20456
viralmetagenome:ef124d8972d81d5abd41	test	20457
viralmetagenome:7a6a256f0bc9bb297df5	test	20458
viralmetagenome:3557dd95edaffeb9dea8	test	20459
viralmetagenome:513442c84be45bdf3a99	test	20460
viralmetagenome:601cebc57991b7c3a17f	test	20461
viralmetagenome:463b91d44fec3628c2df	test	20462
viralmetagenome:8c8eabcd269d7c0986ae	test	20463
viralmetagenome:74e16e74f9067188fdf5	test	20464
viralmetagenome:e1e6de29e467eb20a132	test	20465
viralmetagenome:613af72d21051b61132c	test	20466
viralmetagenome:e2f6ffa3eccef75c0ba0	test	20467
viralmetagenome:3d64b3d228f3bce4f131	test	20468
viralmetagenome:00605cc9a3f3212b9810	test	20469
viralmetagenome:a16f2f02fa7767b0a8b0	test	20470
viralmetagenome:2071a7aae0e36469b31c	test	20471
viralmetagenome:a09965149ed607b78df7	test	20472
viralmetagenome:b689281f35559d506bec	test	20473
viralmetagenome:469ce5665c09d5b3bf7f	test	20474
viralmetagenome:345406bb0b388cf7b57e	test	20475
viralmetagenome:792b53fad9d469879fee	test	20476
viralmetagenome:1ad95586056ac08f3a33	test	20477
viralmetagenome:75051e6301c5fd16bc69	test	20478
viralmetagenome:a0bb9f9019a841923c08	test	20479
viralmetagenome:8ade6ba94612c36daa33	test	20480
viralmetagenome:d9fa8b9abc4003e4329f	test	20481
viralmetagenome:337c5240c590b49e6dd0	test	20482
viralmetagenome:93a85f1afcbb29b25206	test	20483
viralmetagenome:614eb553f3e82f651cf7	test	20484
viralmetagenome:79015afec3c81a6b1677	test	20485
viralmetagenome:11bb1e4fb91fe1c28928	test	20486
viralmetagenome:d4c0c2abd3f4ffa745bd	test	20487
viralmetagenome:06ec88091b1fe8c0e629	test	20488
viralmetagenome:e807b28f248f225f3497	test	20489
viralmetagenome:38a3c34f102ac8d3c027	test	20490
viralmetagenome:f8be46010f98bc981ee5	test	20491
viralmetagenome:ca26ed4c400ada1b39b8	test	20492
viralmetagenome:b180d28f0c4493eb9e21	test	20493
viralmetagenome:6e039e39f0e7ae1eeef4	test	20494
viralmetagenome:dad9a0bc00a0f36a62d2	test	20495
viralmetagenome:22adafd41a7cf3fcfabb	test	20496
viralmetagenome:0e49241d26c0258b912a	test	20497
viralmetagenome:318ad388d87ab730d19d	test	20498
viralmetagenome:218c9e148966ea4a9afc	test	20499
viralmetagenome:7c4202b0de002a0a40ed	test	20500
viralmetagenome:11fd6f8077b09c333401	test	20501
viralmetagenome:1421d411a08fd9e6dd85	test	20502
viralmetagenome:e6184c9bc655572cec0c	test	20503
viralmetagenome:02dda90317ffa4ca0dbc	test	20504
viralmetagenome:c0904f143cd9b3ce8726	test	20505
viralmetagenome:c6be9fea531e7a9c9906	test	20506
viralmetagenome:6f0d4bfa2d8eb1986cd3	test	20507
viralmetagenome:82226dbdb4cd996ffe02	test	20508
viralmetagenome:8735d14693efd8b146f6	test	20509
viralmetagenome:204dd15dfe0d7a80e27e	test	20510
viralmetagenome:fb4d3de4aeaf892a365d	test	20511
viralmetagenome:7ae6b29c404a7203e212	test	20512
viralmetagenome:ecf680fce65fc51797c3	test	20513
viralmetagenome:cc779f0dcf37c18fdbac	test	20514
viralmetagenome:d787401729bcee7810d0	test	20515
viralmetagenome:44202a0153b04eb44a22	test	20516
viralmetagenome:928c2cbe57805eff9e34	test	20517
viralmetagenome:0b4690f7b3c5cc748414	test	20518
viralmetagenome:4ca73eb4f445ac8883e7	test	20519
viralmetagenome:d55f81bc0cd15fed238b	test	20520
viralmetagenome:59ec1783e9af66374760	test	20521
viralmetagenome:2453fda2f3fba19bc177	test	20522
viralmetagenome:07be79bfd7547ca88bb1	test	20523
viralmetagenome:615407cb5cbd0b443172	test	20524
viralmetagenome:64fd12f13732b3c2806f	test	20525
viralmetagenome:aa87f2597aa1f92f9b38	test	20526
viralmetagenome:ae98e13267487d416cea	test	20527
viralmetagenome:7763cfbb0a85aba7ec89	test	20528
viralmetagenome:e2dfae49e571596a4f8e	test	20529
viralmetagenome:c2fafe61d345e271720c	test	20530
viralmetagenome:d1afbe38b4cfa985bc0c	test	20531
viralmetagenome:ec4d802203cf261550b8	test	20532
viralmetagenome:b96899f418d117c9c49a	test	20533
viralmetagenome:6a3401d99c6618538131	test	20534
viralmetagenome:b985422ad0e1bf094107	test	20535
viralmetagenome:1afc427ab65d6b484bb7	test	20536
viralmetagenome:8b3eee58ad4208aab78a	test	20537
viralmetagenome:a85d6410f8f69e7487f0	test	20538
viralmetagenome:d4631ebd7a1583a65ddf	test	20539
viralmetagenome:66108f5ae44f0e4a9898	test	20540
viralmetagenome:78eb776bf3851c396436	test	20541
viralmetagenome:d7ce343833691d1881d6	test	20542
viralmetagenome:334210417139d386e3af	test	20543
viralmetagenome:35060700dee30364d450	test	20544
viralmetagenome:4c6ae2fd4b90a3394b67	test	20545
viralmetagenome:d29ef16a48902b4349d1	test	20546
viralmetagenome:9e9278d9b80c6ff2468e	test	20547
viralmetagenome:2021e680adc22987d1af	test	20548
viralmetagenome:0dd74204de44ade5b911	test	20549
viralmetagenome:11e492677fd8f1cc0525	test	20550
viralmetagenome:74ad612e42fdd8c25507	test	20551
viralmetagenome:eabc1bac818b336bba7c	test	20552
viralmetagenome:866ed6c8c98a9cf2fd3e	test	20553
viralmetagenome:0adab9bbd3089a1cc1b0	test	20554
viralmetagenome:a89820f1950db9ebe63f	test	20555
viralmetagenome:81efd3e4e23c0cdda03e	test	20556
viralmetagenome:a4108437391dca851670	test	20557
viralmetagenome:62110c3383aedf95fcd3	test	20558
viralmetagenome:7e377e1c608575eff4cb	test	20559
viralmetagenome:82395551a3f2695c37ed	test	20560
viralmetagenome:4f5cda4b5c419c4e8494	test	20561
viralmetagenome:e7b013b1e78e3907ff87	test	20562
viralmetagenome:ba806d297399ab210d69	test	20563
viralmetagenome:c1644e09eb3f47267a47	test	20564
viralmetagenome:717d0707d78c5848729e	test	20565
viralmetagenome:305ca13984dfd622853a	test	20566
viralmetagenome:91b93fc4cd58eef609ab	test	20567
viralmetagenome:c462f1977b16bfcd8024	test	20568
viralmetagenome:844488ac855764c9982a	test	20569
viralmetagenome:4a9181463d1e0e59e387	test	20570
viralmetagenome:1c23ca5ff4a842b822a2	test	20571
viralmetagenome:730a6ec0db6429bda87b	test	20572
viralmetagenome:50e704f0cffc536db87a	test	20573
viralmetagenome:ce2a6d4e0824e07e98fe	test	20574
viralmetagenome:cb71be846e03b85cf954	test	20575
viralmetagenome:9b99b980e107ab1360a0	test	20576
viralmetagenome:db206c7c9e6a119b884f	test	20577
viralmetagenome:43f4aab942bfa09c3c37	test	20578
viralmetagenome:3e496efdc96a6e67af2e	test	20579
viralmetagenome:2650db9e05d72bf89ff1	test	20580
viralmetagenome:8cdca62612e2f333573f	test	20581
viralmetagenome:1ae09e13f3658f58e8ee	test	20582
viralmetagenome:2b3ee2fff57c3ca23a46	test	20583
viralmetagenome:894d61f093e859a63d53	test	20584
viralmetagenome:c7207ecbf9e08043aeb3	test	20585
viralmetagenome:cc342e7f70f8619b2391	test	20586
viralmetagenome:c4af35718aa4a70b3c30	test	20587
viralmetagenome:6dece4ef0629f2d56fed	test	20588
viralmetagenome:e0ba20d5b2acc5cc42da	test	20589
viralmetagenome:b8e29151b0e08a216594	test	20590
viralmetagenome:808db81a9662423774da	test	20591
viralmetagenome:99e00eabac14101981eb	test	20592
viralmetagenome:a76b8b5f02c9f8c3147e	test	20593
viralmetagenome:78bdda3b39fb01924ae5	test	20594
viralmetagenome:5d2c4191d245d4fb8dd0	test	20595
viralmetagenome:f2e1a10a6e213da09a4a	test	20596
viralmetagenome:9f004a504bd152e3480e	test	20597
viralmetagenome:a225b80f341c24150689	test	20598
viralmetagenome:b49ecf9a732badd6305e	test	20599
viralmetagenome:b0f8116ab7e6007c82f6	test	20600
viralmetagenome:141820991c407696254f	test	20601
viralmetagenome:96e582acde971a28e59d	test	20602
viralmetagenome:f6829d9d573317d3bc16	test	20603
viralmetagenome:bd6738a2d68890b04b19	test	20604
viralmetagenome:faefea45121d5cdd18b2	test	20605
viralmetagenome:0c7d8d3209eca6b0fe7a	test	20606
viralmetagenome:4cb11f3b61fabaa90407	test	20607
viralmetagenome:9c45dc8b6bcb3b7a7ddd	test	20608
viralmetagenome:6feaec23309c0cd218a3	test	20609
viralmetagenome:33e1374c6f3c7490fe6e	test	20610
viralmetagenome:af7146b0a534d0d2ff70	test	20611
viralmetagenome:7a53ed9fcb94f992eea3	test	20612
viralmetagenome:c210df81fff9e6064c40	test	20613
viralmetagenome:4f9697528e070e37016e	test	20614
viralmetagenome:a12d4a86128cc26dc0a2	test	20615
viralmetagenome:128a3e172deb67d52be0	test	20616
viralmetagenome:8ad0c1e1dd5299c13efe	test	20617
viralmetagenome:56215166326064ebc3dd	test	20618
viralmetagenome:41e1154eeda70f58a325	test	20619
viralmetagenome:1eb4a454a4b499b4c966	test	20620
viralmetagenome:54f4447e9a66285b8052	test	20621
viralmetagenome:cd2e3e5e28647d2e32f3	test	20622
viralmetagenome:285aa55ca3cd59241894	test	20623
viralmetagenome:9465d395122c9352ee11	test	20624
viralmetagenome:f316e2726ad4ac12b2da	test	20625
viralmetagenome:395a834eeae0057e571f	test	20626
viralmetagenome:fecdd8b066ba8f1f90b5	test	20627
viralmetagenome:a3144b65426aa13fd9f0	test	20628
viralmetagenome:52d2cb90571f83b2fca6	test	20629
viralmetagenome:e0fbb2503ebf487ac233	test	20630
viralmetagenome:8bedd743c1c6b625ffed	test	20631
viralmetagenome:8a1a332475f580ad9d42	test	20632
viralmetagenome:43199461b5f6138132eb	test	20633
viralmetagenome:f03b33fe34c8699d3c80	test	20634
viralmetagenome:9f7c3ab56691f2ce47a4	test	20635
viralmetagenome:9f8b7e4f6f4007ccad0d	test	20636
viralmetagenome:6f030cf73232d654711d	test	20637
viralmetagenome:e71fb71609713892c551	test	20638
viralmetagenome:75b7cdd0a4f62eff8805	test	20639
viralmetagenome:ce6988f257612f7eba36	test	20640
viralmetagenome:9c7670183bf860dc87b2	test	20641
viralmetagenome:09d856da69bfbc28cd47	test	20642
viralmetagenome:12a96d3f54c77778403c	test	20643
viralmetagenome:9b919843224bfc692c37	test	20644
viralmetagenome:ec24ee294617b2f6946c	test	20645
viralmetagenome:2a5d8a64c3c462ab697c	test	20646
viralmetagenome:a5841f7aafaf69c22dbb	test	20647
viralmetagenome:c5d40096e5c60a015d25	test	20648
viralmetagenome:c871945d9e32215a0cd2	test	20649
viralmetagenome:bef8916816da9d940f04	test	20650
viralmetagenome:43c0f1daf8ed2445e24f	test	20651
viralmetagenome:9bd9dab8d63e0476bbc8	test	20652
viralmetagenome:1878549c70c09dcc7713	test	20653
viralmetagenome:3b8b96b806d4d9b40f7a	test	20654
viralmetagenome:3055755522c9d57780e3	test	20655
viralmetagenome:7acf372eb53cc0c939be	test	20656
viralmetagenome:1832674c9a11514c9f26	test	20657
viralmetagenome:2b65bf0e3540a38cfde6	test	20658
viralmetagenome:984b928e6bde423c8081	test	20659
viralmetagenome:ca564b6af71dfef2e3e3	test	20660
viralmetagenome:bc5ebe586b242f111081	test	20661
viralmetagenome:8ff6a04f642d0834a552	test	20662
viralmetagenome:4e6dae76ac3e736f3c08	test	20663
viralmetagenome:ef3ada9b537a4ea3af26	test	20664
viralmetagenome:0a48205983410ae9d649	test	20665
viralmetagenome:3685f62651ae1045b6ba	test	20666
viralmetagenome:9443f301d8101969819d	test	20667
viralmetagenome:46c6005a9efbed2a3734	test	20668
viralmetagenome:a576388ee260cbf9ad28	test	20669
viralmetagenome:c36ba30640f2587cec8e	test	20670
viralmetagenome:445b92b872c39305f189	test	20671
viralmetagenome:e6d48aee34e8e1c4fd1f	test	20672
viralmetagenome:cfbaba25166799f80552	test	20673
viralmetagenome:728ea25128b2050a6e2b	test	20674
viralmetagenome:5716c0ed81fa0ababfad	test	20675
viralmetagenome:f45e164daf357cb89b96	test	20676
viralmetagenome:b1c0077c74d8f80f17a4	test	20677
viralmetagenome:dd2a40e2bc695ec7b89c	test	20678
viralmetagenome:236e3d4bf58c7de0c6b2	test	20679
viralmetagenome:ff0824a5ade01b662fed	test	20680
viralmetagenome:f0fa540ce70d3bd23f98	test	20681
viralmetagenome:9d0bc9004d52706c8ca8	test	20682
viralmetagenome:9ce6c85b54ca5590ae4f	test	20683
viralmetagenome:1df6d43915812d254b79	test	20684
viralmetagenome:22547bb15c73b263ae80	test	20685
viralmetagenome:fe500fdcd34eae5146c7	test	20686
viralmetagenome:def05628244dad7d0c11	test	20687
viralmetagenome:5ab0dd56774bccd9ca12	test	20688
viralmetagenome:2a7b89327de953b0d6db	test	20689
viralmetagenome:e2497e9409a7991508b6	test	20690
viralmetagenome:5700e2662b40285435a0	test	20691
viralmetagenome:48718a8f54b2440a2e3f	test	20692
viralmetagenome:5978a9c6b6b1eff19c4b	test	20693
viralmetagenome:2c594711311f3557fb64	test	20694
viralmetagenome:3f0e2d25940539f6e6eb	test	20695
viralmetagenome:7883c60009b332657e9f	test	20696
viralmetagenome:7120bee9f13692edf81c	test	20697
viralmetagenome:602f0dd1401c9421b82d	test	20698
viralmetagenome:0535d979e394e3deb7a9	test	20699
viralmetagenome:0f78ff32259d9d468f81	test	20700
viralmetagenome:b9830761040e673da23d	test	20701
viralmetagenome:b830c986437e5ddac35b	test	20702
viralmetagenome:ad038066a0ae5256da57	test	20703
viralmetagenome:7c62cc45ea5ba237cd0a	test	20704
viralmetagenome:63129f6a5fee4c1f3467	test	20705
viralmetagenome:5045c2b98eebf2f009e8	test	20706
viralmetagenome:1cf7f2e19ce360dd35c2	test	20707
viralmetagenome:fbd84c72c4178871a479	test	20708
viralmetagenome:a6d2a8bd75164a231c94	test	20709
viralmetagenome:86c9951098de1ba8fe15	test	20710
viralmetagenome:3c3992b6392667383311	test	20711
viralmetagenome:d04154fb8f17b55b9fb3	test	20712
viralmetagenome:e48f689626feb4bb9e01	test	20713
viralmetagenome:a7d078536c4d3827fb1b	test	20714
viralmetagenome:b3d28d2080f806fa0f0c	test	20715
viralmetagenome:d4a600babfba869319de	test	20716
viralmetagenome:674a293eb360de3e238b	test	20717
viralmetagenome:23c7582cdc4264922032	test	20718
viralmetagenome:3725a2d667487e512edc	test	20719
viralmetagenome:33f359253204334052fe	test	20720
viralmetagenome:0b8bec1aed4b2bf88f46	test	20721
viralmetagenome:e0eae19b02378bda8611	test	20722
viralmetagenome:ea6d70a49aa981146614	test	20723
viralmetagenome:7052c1ed913db5925b68	test	20724
viralmetagenome:b62be3cc057892fb1358	test	20725
viralmetagenome:61f663041cc2953f95cb	test	20726
viralmetagenome:896436155a3344989d00	test	20727
viralmetagenome:f8beb95fbe7a95e4d2fd	test	20728
viralmetagenome:919636511be9fc9db1d3	test	20729
viralmetagenome:4aaf4b7bdb90f773ea89	test	20730
viralmetagenome:dd3e1ebc65110afc9e27	test	20731
viralmetagenome:41121badc8dddd408dc0	test	20732
viralmetagenome:1a402c650ef1152cd3f2	test	20733
viralmetagenome:5c36d71b83e84d4710db	test	20734
viralmetagenome:ff13b8d80b61a5339dc1	test	20735
viralmetagenome:0af865aea3f87eb3fe9a	test	20736
viralmetagenome:216416c443923116158b	test	20737
viralmetagenome:e8aac065d9207d0ce7f5	test	20738
viralmetagenome:610b234da66c327a8700	test	20739
viralmetagenome:53b7a8e0fd3c2c30041f	test	20740
viralmetagenome:78ecc3a22ecb698e4fc4	test	20741
viralmetagenome:d021e805004f710c0703	test	20742
viralmetagenome:3319cf1ec8e5cc6b06ee	test	20743
viralmetagenome:746f27ce8fa0f2109075	test	20744
viralmetagenome:cc63b8d1842203d49b98	test	20745
viralmetagenome:16f0beccb1886acfe6a8	test	20746
viralmetagenome:624c64b08315cad04af5	test	20747
viralmetagenome:bf74073a44bf2b8bee75	test	20748
viralmetagenome:b6c112f5ee038ed29a07	test	20749
viralmetagenome:a6718e36906972cd5d88	test	20750
viralmetagenome:571328a745d769f846d0	test	20751
viralmetagenome:633354035eae392266f6	test	20752
viralmetagenome:81e575bf1783c2b7075d	test	20753
viralmetagenome:b5ff19448afc3b0abcc1	test	20754
viralmetagenome:2f28a91a0cfe0c9adefb	test	20755
viralmetagenome:b8f82c098df498a21199	test	20756
viralmetagenome:e148ed94d344472c7eaf	test	20757
viralmetagenome:88e9da630bfef40ed1c5	test	20758
viralmetagenome:7b7693f93308d294f019	test	20759
viralmetagenome:aa577cf3070721b5f17d	test	20760
viralmetagenome:0dcf3fceed2c0d97421b	test	20761
viralmetagenome:9b7124a4d072ea361eb9	test	20762
viralmetagenome:6f30988dbfaec1ee0301	test	20763
viralmetagenome:1e0efe7e14e359cf5aa2	test	20764
viralmetagenome:0b82f8b854d566359b4d	test	20765
viralmetagenome:ec8fb843f962318bd440	test	20766
viralmetagenome:63cee9732c86c8f8df30	test	20767
viralmetagenome:bbb64417f74f0ca479b2	test	20768
viralmetagenome:3489a36cb9f1a294e154	test	20769
viralmetagenome:dda12ca4fbdc556eab40	test	20770
viralmetagenome:97199982832893b60681	test	20771
viralmetagenome:7f29508fb0d2b7a5e164	test	20772
viralmetagenome:6509f7c1924ffa0ba6be	test	20773
viralmetagenome:b846dc0560a7fa9ca76e	test	20774
viralmetagenome:febdceded4c461353cfb	test	20775
viralmetagenome:0a8bc458dcc315f1928c	test	20776
viralmetagenome:efd6574c0183b2ba4afe	test	20777
viralmetagenome:91e392eef5f3c176cc96	test	20778
viralmetagenome:4a8f277d84a3387e05b6	test	20779
viralmetagenome:c9b5dc008a22d9d0a835	test	20780
viralmetagenome:7ee9a072880252ae965f	test	20781
viralmetagenome:a62b96132972fe08711d	test	20782
viralmetagenome:5853ae005acf477f3f0d	test	20783
viralmetagenome:258f1a8087d76f148d59	test	20784
viralmetagenome:df4af196f130a49540b7	test	20785
viralmetagenome:0b0ed28611523e8a1560	test	20786
viralmetagenome:f71a619d153bd3244fe0	test	20787
viralmetagenome:1980f9c9aeb1cacef869	test	20788
viralmetagenome:e119d01c4b75fd0ca732	test	20789
viralmetagenome:7d0b71ab05daae77fa4b	test	20790
viralmetagenome:81f18417294931b52481	test	20791
viralmetagenome:2f1639be1a901dae8d2d	test	20792
viralmetagenome:57c081031bbc1550769f	test	20793
viralmetagenome:d72b9baccd556843dcf2	test	20794
viralmetagenome:17f716a1ef6c5cca0b63	test	20795
viralmetagenome:cf86c690d6d2d5cad05d	test	20796
viralmetagenome:36519265c0c28ddc2697	test	20797
viralmetagenome:ea9dd75f6048ae9d5942	test	20798
viralmetagenome:4f248464e35b3721ca09	test	20799
viralmetagenome:4c1aea0b4f11b5b6742a	test	20800
viralmetagenome:176d9e9c39793fd55fa2	test	20801
viralmetagenome:49fe27a2195133d4395d	test	20802
viralmetagenome:0b41779831032b36165b	test	20803
viralmetagenome:6667a994c2118e8c8fcb	test	20804
viralmetagenome:25dfcc01258b71b950f9	test	20805
viralmetagenome:bdd547ca29e64b4cd412	test	20806
viralmetagenome:eb719a411d98a829dac4	test	20807
viralmetagenome:a9648b771dbcc804fa61	test	20808
viralmetagenome:494dc9e21953299fcf65	test	20809
viralmetagenome:587c67f315295ffac2d3	test	20810
viralmetagenome:85cbfcb04486a5db614b	test	20811
viralmetagenome:7375d126cf14f7bf85de	test	20812
viralmetagenome:15f34266fcf1cc8a5ee4	test	20813
viralmetagenome:9a4110202f46e1abdd15	test	20814
viralmetagenome:052cfdd2d7ac66beb8f7	test	20815
viralmetagenome:119e2d8be3dddab1917c	test	20816
viralmetagenome:28d61989e6377c5ff48d	test	20817
viralmetagenome:a2ca1f8b376ecb208f45	test	20818
viralmetagenome:9dd9cc8ed859163999c2	test	20819
viralmetagenome:fd0b02acbd93684f0f09	test	20820
viralmetagenome:9cf881f386146d3c2d66	test	20821
viralmetagenome:486502fb65b5325f32fb	test	20822
viralmetagenome:cbc468b366bee3ddc7df	test	20823
viralmetagenome:f3ab928ae3629283ac37	test	20824
viralmetagenome:5f434dd3545cb2cd5dd4	test	20825
viralmetagenome:5f2b871ecf799e5a9c70	test	20826
viralmetagenome:d8d8fe97eee5d2777577	test	20827
viralmetagenome:4260c065e7643f6f8452	test	20828
viralmetagenome:04919119ac7a980a9c18	test	20829
viralmetagenome:0662ff5054da9b42b4e3	test	20830
viralmetagenome:264f57b168235915528a	test	20831
viralmetagenome:a8f3cec96952e5b4d9a8	test	20832
viralmetagenome:ecc957955368cb99828e	test	20833
viralmetagenome:3beb51540677f9a3dd95	test	20834
viralmetagenome:499257df0e014fe04328	test	20835
viralmetagenome:4e15ed94c0780dbb5906	test	20836
viralmetagenome:52d46150aa07e7540aa5	test	20837
viralmetagenome:92e5211af379423742cb	test	20838
viralmetagenome:13ce3761e3f0e109c6d5	test	20839
viralmetagenome:158e8e1a021f7ad7a7c4	test	20840
viralmetagenome:686bee2d5a6d3063d87d	test	20841
viralmetagenome:e74163504542fce93182	test	20842
viralmetagenome:42b0c995879df0417aec	test	20843
viralmetagenome:091286363701d9771a40	test	20844
viralmetagenome:4b1974864d3c0a3f95da	test	20845
viralmetagenome:d1d0b98ce3e4654732c9	test	20846
viralmetagenome:8179afc377d54637be1a	test	20847
viralmetagenome:e08f637f0f5a9bf39979	test	20848
viralmetagenome:7c85f54abca10b4528f6	test	20849
viralmetagenome:e7efbfd9821d09533f17	test	20850
viralmetagenome:e3a91f3bb5c0d9af5f3a	test	20851
viralmetagenome:44737dad5d09567198aa	test	20852
viralmetagenome:27db8f30dde14dbc9ad3	test	20853
viralmetagenome:df08b898ed1ab11a180b	test	20854
viralmetagenome:f9969630746bc4597b89	test	20855
viralmetagenome:39c5cb488caf621cda53	test	20856
viralmetagenome:f776093e55651f044c7c	test	20857
viralmetagenome:3f7ace8e518bdc1188c8	test	20858
viralmetagenome:98be6a0b3fc71eaf8a2d	test	20859
viralmetagenome:b08dfee4cda3eb4ab24f	test	20860
viralmetagenome:8f0a879fa940978dcd53	test	20861
viralmetagenome:efb5427fffb4293f43e6	test	20862
viralmetagenome:19a9dc82ae789acef1d7	test	20863
viralmetagenome:3a342361ed03dfbfbe3b	test	20864
viralmetagenome:76368e73a3ff7703959d	test	20865
viralmetagenome:1f6224f4bd9e9dd22462	test	20866
viralmetagenome:8d1ec2dd2e8feb998f7d	test	20867
viralmetagenome:fe85c91a94655e1459e5	test	20868
viralmetagenome:112fa876d30a8dba09d3	test	20869
viralmetagenome:8c903df5e4ba891bed69	test	20870
viralmetagenome:9d61c31dbc31d80bf8e5	test	20871
viralmetagenome:72be52fd0069cd1240d9	test	20872
viralmetagenome:e464c29b544b537c694e	test	20873
viralmetagenome:2cece38eb51f8bbc41bd	test	20874
viralmetagenome:31b19a2a7c68b0e5d11d	test	20875
viralmetagenome:de4c73216c65e1c75d1a	test	20876
viralmetagenome:48ead81708525722685a	test	20877
viralmetagenome:b41f0325d9bed3c57166	test	20878
viralmetagenome:9d7d9c4816ec9a0ed287	test	20879
viralmetagenome:2f5e1b9394dbafd39eb3	test	20880
viralmetagenome:44dc8bae13256138ce06	test	20881
viralmetagenome:0eeb75a894bf461b05b8	test	20882
viralmetagenome:cdedd180e673aeda0411	test	20883
viralmetagenome:bc5c60f11a0165f85ca3	test	20884
viralmetagenome:05c7cf574a53093356c8	test	20885
viralmetagenome:e4be7fc65401c29e3eda	test	20886
viralmetagenome:5d7dc6b95c36da88463c	test	20887
viralmetagenome:5bdd7beb8515f8fb2e89	test	20888
viralmetagenome:becd9790abd5b420fbb4	test	20889
viralmetagenome:6a81911176fcae157d20	test	20890
viralmetagenome:1d21ee32a69981fbdb8d	test	20891
viralmetagenome:b268c69e4a3de370f37d	test	20892
viralmetagenome:4369043e181ec2cfdd4e	test	20893
viralmetagenome:81957161d103a29e385e	test	20894
viralmetagenome:7326b79ad9e43e081a5b	test	20895
viralmetagenome:d3f5642eabd3e05e5030	test	20896
viralmetagenome:70d8283ac2a3a2eab21a	test	20897
viralmetagenome:62e0a26004e2fd9903fb	test	20898
viralmetagenome:db28a90e813cf4adcfe9	test	20899
viralmetagenome:f9ab0f168dcd836740e7	test	20900
viralmetagenome:d3ef494d9e4bd5245da5	test	20901
viralmetagenome:5cda11c37fd2cb4a945d	test	20902
viralmetagenome:99f7c57f220f6cdaf92e	test	20903
viralmetagenome:81022ea6036cc8da8b0a	test	20904
viralmetagenome:30e80e29e82ad2157aac	test	20905
viralmetagenome:826113c398a3ca4e333e	test	20906
viralmetagenome:1225dd34e7f80f466226	test	20907
viralmetagenome:4067b3758b6937c21fa3	test	20908
viralmetagenome:d4aaedf0fb20d3107804	test	20909
viralmetagenome:617f1864ff3f65a762c0	test	20910
viralmetagenome:dce3c1308bc9baa5d976	test	20911
viralmetagenome:d45a63212694a9bcc9ea	test	20912
viralmetagenome:00d91bb2a53f54fb6ea9	test	20913
viralmetagenome:9b75d9dfc6dc9f9802ed	test	20914
viralmetagenome:557d0c9d676b12b9ead0	test	20915
viralmetagenome:4fc36082cdad1497775d	test	20916
viralmetagenome:e6be8bb03d82b8c00d55	test	20917
viralmetagenome:b0d1e4b6478da4821a2e	test	20918
viralmetagenome:939f5fefcfe77fad2ef1	test	20919
viralmetagenome:19ffab91d662ce78bce2	test	20920
viralmetagenome:481295ab728bc653773e	test	20921
viralmetagenome:69dfaa1b64a7119e741a	test	20922
viralmetagenome:caed51bb8721001c2d4d	test	20923
viralmetagenome:a17d3d14a93ed6272fba	test	20924
viralmetagenome:e45c59eabb2086024866	test	20925
viralmetagenome:1dea51e15e9e864550a0	test	20926
viralmetagenome:e89ffa62cb4929a6aa43	test	20927
viralmetagenome:35dce31b18da65581d7c	test	20928
viralmetagenome:5491a0bba43bd2c5bee4	test	20929
viralmetagenome:926381e915c2ba515754	test	20930
viralmetagenome:02f801979a8687e935ce	test	20931
viralmetagenome:eac5e35219cde968ab1d	test	20932
viralmetagenome:37d22b51eb94e84725bd	test	20933
viralmetagenome:b2a850d502e9602ef8eb	test	20934
viralmetagenome:95726fdab4b578bc9ee6	test	20935
viralmetagenome:8bb0db0614ba400e1cde	test	20936
viralmetagenome:c7ea6ea78d0730aa11ea	test	20937
viralmetagenome:36b96bd6a02e9b60d825	test	20938
viralmetagenome:32c7a431678ce2b16d75	test	20939
viralmetagenome:199a4a5c807db0d30e52	test	20940
viralmetagenome:590cb1e2a9ae687706d1	test	20941
viralmetagenome:0a80782ddb1fe7e005f2	test	20942
viralmetagenome:a2d3639acd326ff35aa6	test	20943
viralmetagenome:447657733e83154532cc	test	20944
viralmetagenome:cd543a9797560eb06975	test	20945
viralmetagenome:50c5488b06a393070dc9	test	20946
viralmetagenome:4d57250562f70f446ede	test	20947
viralmetagenome:56339d2de2ab761a4c3b	test	20948
viralmetagenome:b9d07ea6684efcf79a7d	test	20949
viralmetagenome:b5cdbfe492697aef5159	test	20950
viralmetagenome:0abc77cd21f15233e84e	test	20951
viralmetagenome:ee6ef85570d0a761a190	test	20952
viralmetagenome:ca9d4e995da4d859b96e	test	20953
viralmetagenome:692b9e9d89d7b7f2cf40	test	20954
viralmetagenome:ce76dd2784c6e4222496	test	20955
viralmetagenome:95186c6cfcb0c4443123	test	20956
viralmetagenome:aab70512fca39a9cb5ae	test	20957
viralmetagenome:b155eae93b211538e74a	test	20958
viralmetagenome:9eec425903d8a166f289	test	20959
viralmetagenome:4dfc62041f4cb0ea08ea	test	20960
viralmetagenome:198a294180845fc626c6	test	20961
viralmetagenome:29540503e22cab6b4ced	test	20962
viralmetagenome:4c105d8351619ed17919	test	20963
viralmetagenome:54ad5eba79b9593f6e16	test	20964
viralmetagenome:d93c6221664d83e17243	test	20965
viralmetagenome:9b0f3b9904fbd1f24bb9	test	20966
viralmetagenome:749baa6ceb2f4e5d99c8	test	20967
viralmetagenome:6e96440f404369f93909	test	20968
viralmetagenome:3cb19ac49e98166137fa	test	20969
viralmetagenome:39c86b1b37c379ddd55b	test	20970
viralmetagenome:d2ec9395e0f8593c1614	test	20971
viralmetagenome:dafc64e6de94ce11b7ef	test	20972
viralmetagenome:ac283756704935b8fef1	test	20973
viralmetagenome:44d55ada05ed7ee1678a	test	20974
viralmetagenome:89daf9b5a88fa6a68f7b	test	20975
viralmetagenome:0be141b2994f6996f539	test	20976
viralmetagenome:5f91daca1dd37d3f8338	test	20977
viralmetagenome:8aff78678a32a5e4e156	test	20978
viralmetagenome:cc25720e937eed3d0b0f	test	20979
viralmetagenome:c50997ac2d86902d042b	test	20980
viralmetagenome:1c95f0f578021c6daa20	test	20981
viralmetagenome:893cb26244f60017ad84	test	20982
viralmetagenome:74b00de9a789f011a7cb	test	20983
viralmetagenome:d6ff6daa31a8a2ca1df7	test	20984
viralmetagenome:b8344c9ca825d1496460	test	20985
viralmetagenome:6758b15b723afd4a95eb	test	20986
viralmetagenome:3299b285ad5c3d7eabbd	test	20987
viralmetagenome:c133dc025d620122ca26	test	20988
viralmetagenome:405dfd99c7ce11658aed	test	20989
viralmetagenome:887f2beb2f1ff814b404	test	20990
viralmetagenome:5813b5855b86d82327f8	test	20991
viralmetagenome:348f37f1156e5ef1214d	test	20992
viralmetagenome:797d7fff1dab9e725491	test	20993
viralmetagenome:d7a738e497d9e338edd4	test	20994
viralmetagenome:ba763daffeb70077bc0d	test	20995
viralmetagenome:474cbee1ae78bdd28d95	test	20996
viralmetagenome:43561066905b97b2ce1b	test	20997
viralmetagenome:1028401a427b911c1008	test	20998
viralmetagenome:9df74985e378346cc79a	test	20999
viralmetagenome:0386875e5cd4c1fb28a4	test	21000
viralmetagenome:bf1c50279287bebc83f1	test	21001
viralmetagenome:52ee4b1285fcbdb4d7f7	test	21002
viralmetagenome:401f509b618a10d3587c	test	21003
viralmetagenome:9412570d5e63eb6ff73d	test	21004
viralmetagenome:dc45999d9c1313ebc2c6	test	21005
viralmetagenome:7712cf0337e21d50f4bf	test	21006
viralmetagenome:75b75e30550617d064a3	test	21007
viralmetagenome:c848734ead2f2175aaa3	test	21008
viralmetagenome:f4a2e19d14e9e9cdcf61	test	21009
viralmetagenome:783afeefc70be2d0b588	test	21010
viralmetagenome:435a3896bfd321fb924c	test	21011
viralmetagenome:dc75e5b45acd61092469	train	21012
viralmetagenome:942494d723721bb81c08	train	21013
viralmetagenome:99af8c535178d04afe65	train	21014
viralmetagenome:f526ddd5ec6088e18397	train	21015
viralmetagenome:792734cf7bf25af390c0	train	21016
viralmetagenome:e8fde4ad0e4c1a0edc5f	train	21017
viralmetagenome:61a8a22873ff85b1b955	train	21018
viralmetagenome:85ecd9d581072ce3706b	train	21019
viralmetagenome:cd52415f91785ee6a5ec	train	21020
viralmetagenome:f3ffe608b68d1c62dc12	train	21021
viralmetagenome:7901784fca5a0fc24dfa	train	21022
viralmetagenome:590384a25c6aff7e0c0b	train	21023
viralmetagenome:366eb096fff6704a62d1	train	21024
viralmetagenome:cd216093acf3a5a4eff3	train	21025
viralmetagenome:a1eec13c5620d8b89a7f	train	21026
viralmetagenome:0c81e67c899670bec261	train	21027
viralmetagenome:350927b38fd12ad4ce1d	train	21028
viralmetagenome:01439d15de484718c12a	train	21029
viralmetagenome:de52da426d41791a3771	train	21030
viralmetagenome:ae5c482e88d8b3bbb0be	train	21031
viralmetagenome:c6d1d2c336fe859ca4ba	train	21032
viralmetagenome:6a70a3fef3ebea811758	train	21033
viralmetagenome:8a9ad164a565bd39820d	train	21034
viralmetagenome:c3db092cd7c1bb87735f	train	21035
viralmetagenome:e1c8de03ad289f0faf16	train	21036
viralmetagenome:624128a144b9258b1b91	train	21037
viralmetagenome:d68ea4e73e7ca755ac68	train	21038
viralmetagenome:c008e0f967d2e0ab0d50	train	21039
viralmetagenome:b813647adbe0186e2954	train	21040
viralmetagenome:a95698a4057ae9309208	train	21041
viralmetagenome:e5ca9cc81dee77c1e943	train	21042
viralmetagenome:b79d9b6ca8909d7817e2	train	21043
viralmetagenome:016e5e7c7d5cc5816090	train	21044
viralmetagenome:12f6240b66e771b13f5f	train	21045
viralmetagenome:de490f410f2706bc4131	train	21046
viralmetagenome:b2a94d702762612e7c6b	train	21047
viralmetagenome:77c69b6cdf20ceeafef5	train	21048
viralmetagenome:944045fc5b8d3f99f88d	train	21049
viralmetagenome:e0d69bac3945347b6ca5	train	21050
viralmetagenome:5bc85e54d78e1db32e75	train	21051
viralmetagenome:297692a9b27b0c2226f8	train	21052
viralmetagenome:7ff9cb91a0ad68e79fcb	train	21053
viralmetagenome:1f494d19a03bd701394e	train	21054
viralmetagenome:3405e8d299969d0277d4	train	21055
viralmetagenome:cddcf8483ff99a6d501d	train	21056
viralmetagenome:74f4dcf67bead3d862af	train	21057
viralmetagenome:5a4c5a762e53eeba9873	train	21058
viralmetagenome:0d36a1d0fa7932f336ae	train	21059
viralmetagenome:606654b18c2fd9af8376	train	21060
viralmetagenome:4e426a173039faa7a573	train	21061
viralmetagenome:7c22fb7ba8e20af1becc	train	21062
viralmetagenome:6e17f2d069975ea86e99	train	21063
viralmetagenome:5aadc0fd53e0c098b9bb	train	21064
viralmetagenome:bb05d236adac46367657	train	21065
viralmetagenome:208cf136762a7488ec12	train	21066
viralmetagenome:b94dafe411de3cd1f8cb	train	21067
viralmetagenome:8902eb3b3266b59410d7	train	21068
viralmetagenome:4cda38bb889112a3a574	train	21069
viralmetagenome:ed97dc0d4a2024c5f038	train	21070
viralmetagenome:a5c5e442dc0a39f557fc	train	21071
viralmetagenome:41f62700cc2fc531a719	train	21072
viralmetagenome:461bdc4443cfc2afc84d	train	21073
viralmetagenome:37abc7dcd6ca0415ba31	train	21074
viralmetagenome:c578d49f3007246084dc	train	21075
viralmetagenome:9baf2c992d9317ee088f	train	21076
viralmetagenome:2247ebc9ea340f208b57	train	21077
viralmetagenome:9343e9a5fef46755a6b3	train	21078
viralmetagenome:4fb331a42e7b8a2a5bb0	train	21079
viralmetagenome:e85517f9fe304c2fe63a	train	21080
viralmetagenome:a85d10b7a88254d0ead5	train	21081
viralmetagenome:21f8d1906fad8f3f47c8	train	21082
viralmetagenome:12d0cfabd7df07a2d123	train	21083
viralmetagenome:287d1b1e77e389eba88d	train	21084
viralmetagenome:e91c489236939eb67ac1	train	21085
viralmetagenome:dbe4e5837e57e0dc419f	train	21086
viralmetagenome:05d521cb818a53e326f0	train	21087
viralmetagenome:78a704c9204609e1e71a	train	21088
viralmetagenome:447bc3120f0444ec4297	train	21089
viralmetagenome:f541f2690f3cc8e74b9b	train	21090
viralmetagenome:e58dadbc7b8a6f1f227b	train	21091
viralmetagenome:11c9226cea24ca29c48d	train	21092
viralmetagenome:0c928ad3a828d32c32d6	train	21093
viralmetagenome:31dfa1f6e00f30fe23b6	train	21094
viralmetagenome:774410d4c29c7866d66d	train	21095
viralmetagenome:dda1bb4a8e1a0e5c48bb	train	21096
viralmetagenome:d4a17d4e10f2c602773f	train	21097
viralmetagenome:9741af2fdd07b6bd7848	train	21098
viralmetagenome:9a17ee919c9c9b75970d	train	21099
viralmetagenome:bd0751c2c83b5f85f57c	train	21100
viralmetagenome:17e8c1098648bc5bccf6	train	21101
viralmetagenome:730cf16baef0620d97c1	train	21102
viralmetagenome:5acad9753e6d6d32dcd4	train	21103
viralmetagenome:9d79ddee9df91c92cad9	train	21104
viralmetagenome:974774a1a52dd56a5d13	train	21105
viralmetagenome:d0f169b2652da07e9b74	train	21106
viralmetagenome:4a0d107fd3791ba61854	train	21107
viralmetagenome:9a1483ac56917c0b4d37	train	21108
viralmetagenome:7099f3cb15687a9a44ce	train	21109
viralmetagenome:d561b8ffc144ea58e89d	train	21110
viralmetagenome:3be49074a937c655923b	train	21111
viralmetagenome:4faeaf32050e865bc05d	train	21112
viralmetagenome:9a621d4f9e7618091312	train	21113
viralmetagenome:3baec3af327e681b6ce2	train	21114
viralmetagenome:a719ba9dd7fc0f6f66b8	train	21115
viralmetagenome:9461538b85335c0358bb	train	21116
viralmetagenome:96cb6951843101e62676	train	21117
viralmetagenome:690118fa34278ed31d38	train	21118
viralmetagenome:ae3c95d052ac55c11ca3	train	21119
viralmetagenome:e2408abfd9a18690404d	train	21120
viralmetagenome:940629b6a6b648c5c2b3	train	21121
viralmetagenome:1ad98006a766d8ede568	train	21122
viralmetagenome:da2dd42e14acb4822718	train	21123
viralmetagenome:ccf35003eca10be76948	train	21124
viralmetagenome:d2d7b5f9258d160546b0	train	21125
viralmetagenome:212ca925cc925deb521c	train	21126
viralmetagenome:be6f87e9aa28861f6e85	train	21127
viralmetagenome:3a03661d8d8f8a85896f	train	21128
viralmetagenome:ec1031af7173e1fb27f0	train	21129
viralmetagenome:52ba94ffd4f04df29c7a	train	21130
viralmetagenome:813e801ccf00e5409087	train	21131
viralmetagenome:7c2042b978abbf5eec7c	train	21132
viralmetagenome:9b0a949d1e561f07c942	train	21133
viralmetagenome:070f5ea6f7cc038dca36	train	21134
viralmetagenome:ece8118e1f42863091c9	train	21135
viralmetagenome:c2144e61267068e89bf1	train	21136
viralmetagenome:323ce3282aa01eb7cf30	train	21137
viralmetagenome:99abc72c63da93707b2f	train	21138
viralmetagenome:b8d935b061f971ee146d	train	21139
viralmetagenome:d8f310f4fa871edb8784	train	21140
viralmetagenome:ce34f460ee3c119bfe4c	train	21141
viralmetagenome:e24afc8e5c756245d562	train	21142
viralmetagenome:3fec90b374665778b403	train	21143
viralmetagenome:c9f50adbcecb3ade911e	train	21144
viralmetagenome:41a962da62dea16a8ad0	train	21145
viralmetagenome:f56d57d56c6671e064ae	train	21146
viralmetagenome:608f15e48d472db277ab	train	21147
viralmetagenome:689bab2c2e6a064d76ce	train	21148
viralmetagenome:3379eeaf1ad842f942e0	train	21149
viralmetagenome:9c38852cff78cec732a9	train	21150
viralmetagenome:46355a5abd0870a7d9fb	train	21151
viralmetagenome:c85b43de4faa201ed2cf	train	21152
viralmetagenome:396e69bcb8898c855fcd	train	21153
viralmetagenome:9bcba1516d530d22aabf	train	21154
viralmetagenome:0057bc5671a3d4fb1c70	train	21155
viralmetagenome:e7378460bf8c1de1a7b0	train	21156
viralmetagenome:ac2e2b3ac57bae382405	train	21157
viralmetagenome:79665d5a595ce1d8fe1f	train	21158
viralmetagenome:47e40fdab769d644288e	train	21159
viralmetagenome:fafece9516f12cde65cd	train	21160
viralmetagenome:10121282b71bdc1fe52a	train	21161
viralmetagenome:fec478568b164cfc9a49	train	21162
viralmetagenome:872ce8a51ed8b6532cbc	train	21163
viralmetagenome:db88e5fbcc111a15edfb	train	21164
viralmetagenome:ae7ba7932a5972617051	train	21165
viralmetagenome:640554c550fd6c059b66	train	21166
viralmetagenome:5b489927c1b0a47e401e	train	21167
viralmetagenome:966c3dffc626cbf55f2e	train	21168
viralmetagenome:d7eb2d06f4916dac4f3c	train	21169
viralmetagenome:4bb81a8eb5796f78f43e	train	21170
viralmetagenome:a7f6a814c38ed01e9690	train	21171
viralmetagenome:6924f244e240a3155d6a	train	21172
viralmetagenome:0baaa8512389b41932fb	train	21173
viralmetagenome:c6d5581ff664a6375891	train	21174
viralmetagenome:ea147553f52d5b260794	train	21175
viralmetagenome:c5b0699fd36fd77bfba4	train	21176
viralmetagenome:cb9c5e6ae902bb62d8d1	train	21177
viralmetagenome:2b033dae1d14322d61f7	train	21178
viralmetagenome:85d72852c09cc42bf45d	train	21179
viralmetagenome:39b3651b3fa908a858a1	train	21180
viralmetagenome:adf0d1e88938bb3ce89d	train	21181
viralmetagenome:4b6ccaadd6570f8d7019	train	21182
viralmetagenome:4501189da11558d03fa7	train	21183
viralmetagenome:3fee93d202c53911c9db	train	21184
viralmetagenome:b0b237ea229d7d65a76a	train	21185
viralmetagenome:11892ad9be1afca2ae21	train	21186
viralmetagenome:6666d7deeba892e0bec4	train	21187
viralmetagenome:f090890a32dcb172efa9	train	21188
viralmetagenome:a063f70c5319ae13bdc2	train	21189
viralmetagenome:006b2e9b6d1a3fb452f1	train	21190
viralmetagenome:23387c2f089d7700c5be	train	21191
viralmetagenome:2eb568c9dcac036895f7	train	21192
viralmetagenome:7cc7a1c142bdfed2294c	train	21193
viralmetagenome:fc56cb74f6a01631fcaf	train	21194
viralmetagenome:2415624c0ccf51ea2f04	train	21195
viralmetagenome:9ee1e9884526eb742cbf	train	21196
viralmetagenome:4f6b505d6a632e287f6c	train	21197
viralmetagenome:337a841a07e45bf38a6e	train	21198
viralmetagenome:e2dc2936d95bea153308	train	21199
viralmetagenome:f03f58dfb7f25aae18b3	train	21200
viralmetagenome:43068a964448c0709a7b	train	21201
viralmetagenome:665ff38b1b2f884141c6	train	21202
viralmetagenome:c80c78e92983a8a39ab3	train	21203
viralmetagenome:62425b575be42a2b93dc	train	21204
viralmetagenome:3328642176763770a94c	train	21205
viralmetagenome:61468998bfa5cd184712	train	21206
viralmetagenome:bad114cba26bc464464c	train	21207
viralmetagenome:ded9b83d62f9674248c8	train	21208
viralmetagenome:78214bc2c465fb4f3c61	train	21209
viralmetagenome:1e32c464c9e525684ec6	train	21210
viralmetagenome:47d4e4d1a24d0e3b30a2	train	21211
viralmetagenome:ac9c99de7ebdfa40e4c1	train	21212
viralmetagenome:5193892af5797708099b	train	21213
viralmetagenome:42be52ecbecb5825bd6d	train	21214
viralmetagenome:62898b8ce0c1eebb06c5	train	21215
viralmetagenome:56c3a5a08b4d07f9df14	train	21216
viralmetagenome:e436708f44bce8acaa24	train	21217
viralmetagenome:25594e989b16d101fa30	train	21218
viralmetagenome:bf4143d885777395a67c	train	21219
viralmetagenome:4780f496de1d4ac911b0	train	21220
viralmetagenome:49a59d8aacd5ec5a98b8	train	21221
viralmetagenome:3745e2c353e7ac168684	train	21222
viralmetagenome:6cd881a52c20ef73662e	train	21223
viralmetagenome:4c4f5cc291f5103594af	train	21224
viralmetagenome:9b37de638eb15db29a55	train	21225
viralmetagenome:e30d5651a6b3c1bd1bde	train	21226
viralmetagenome:8284146abdfdb849478b	train	21227
viralmetagenome:b2a955b3f71e7bbaef68	train	21228
viralmetagenome:948d1401e799c6cde23d	train	21229
viralmetagenome:fb84a4d7e2e00bdef212	train	21230
viralmetagenome:316c0040e33d3d8ad59f	train	21231
viralmetagenome:987aa7d9379cd9edc638	train	21232
viralmetagenome:01a1c7bcab4f4492822a	train	21233
viralmetagenome:2289ad6dd45262b8d638	train	21234
viralmetagenome:58431c6e777597ba89eb	train	21235
viralmetagenome:ef57547bed5b80512ed2	train	21236
viralmetagenome:d92cf836f7bcbed34347	train	21237
viralmetagenome:d2b7afa194127585dcbd	train	21238
viralmetagenome:0f21f45b8110274f58b3	train	21239
viralmetagenome:f9aada21d9132a259a9d	train	21240
viralmetagenome:d460e6603bcb58714be8	train	21241
viralmetagenome:1cf881fad03e2fbf8fd2	train	21242
viralmetagenome:923a36d798664c30dc26	train	21243
viralmetagenome:94a408106ab331215426	train	21244
viralmetagenome:d23edc7928478ad7df7e	train	21245
viralmetagenome:19718047bdd509ee3fe6	train	21246
viralmetagenome:52c2454dadbf80967612	train	21247
viralmetagenome:ca19de65b33993b813bc	train	21248
viralmetagenome:bdd756dc999ce9cafb7c	train	21249
viralmetagenome:1fb5b27d9221245af862	train	21250
viralmetagenome:ea72495342eb7f46815e	train	21251
viralmetagenome:0193c63e464eb212a63c	train	21252
viralmetagenome:47df21cac7e544b3f0bb	train	21253
viralmetagenome:0ec6506269fccd3bc470	train	21254
viralmetagenome:8f9a9f941a91e0dd1ab1	train	21255
viralmetagenome:fb3ed50623265a9941aa	train	21256
viralmetagenome:240b00cbfb9b46ee0f84	train	21257
viralmetagenome:5ea340b498fe630521b0	train	21258
viralmetagenome:cb4c340207ad0de89f11	train	21259
viralmetagenome:5aea8d51bc1468e9bb64	train	21260
viralmetagenome:fb6c0cf404e9006fd253	train	21261
viralmetagenome:c747e2d9090f891397fe	train	21262
viralmetagenome:9cfd8bce597f46eee7cd	train	21263
viralmetagenome:f2059f5e7e9372c22f66	train	21264
viralmetagenome:0752b3859fee2813e280	train	21265
viralmetagenome:1864edd280c5a45560a4	train	21266
viralmetagenome:7c0dcbd13116fa1db28c	train	21267
viralmetagenome:b2de811a85f384323d04	train	21268
viralmetagenome:df9c32ace8bad6b17647	train	21269
viralmetagenome:393d53a027b9715348f4	train	21270
viralmetagenome:490bfd61e4bf530d5b8d	train	21271
viralmetagenome:309f631882bbf4a1153b	train	21272
viralmetagenome:00f10c63d362535b6ded	train	21273
viralmetagenome:ed7507e13bc46db36c4e	train	21274
viralmetagenome:0f09f56b9ac090641e0c	train	21275
viralmetagenome:28548c9d64e45aaf6bc4	train	21276
viralmetagenome:3e39d3d0069a8e70c787	train	21277
viralmetagenome:cf9aa70575ac7d448c6e	train	21278
viralmetagenome:d33788ed060f61fa2f95	train	21279
viralmetagenome:35f04f1eeb0c21c622b5	train	21280
viralmetagenome:736dea8616b30fb84d82	train	21281
viralmetagenome:facfa52070e9eb540910	train	21282
viralmetagenome:db7acfc69c077f220bd0	train	21283
viralmetagenome:897a420bc8dedf78ee0c	train	21284
viralmetagenome:2cc88ef362d1441743bc	train	21285
viralmetagenome:682033a148b715ef3f8a	train	21286
viralmetagenome:defd5770a17a2110f804	train	21287
viralmetagenome:d5757713a3ab0fa31604	train	21288
viralmetagenome:7d625371aaa548ff4230	train	21289
viralmetagenome:13250841ec524f0ab30e	train	21290
viralmetagenome:2ec68a2991e3a72413c0	train	21291
viralmetagenome:00450323847de13a5d1d	train	21292
viralmetagenome:d37ee0043be2604c5604	train	21293
viralmetagenome:080ce001868269e0099d	train	21294
viralmetagenome:eeb821c26242154a1c5d	train	21295
viralmetagenome:0d5b883c242ef0b64f69	train	21296
viralmetagenome:96e739197b1eef8fa28c	train	21297
viralmetagenome:7451e05516a91b9227dd	train	21298
viralmetagenome:f57abc5ade0ec8f9da72	train	21299
viralmetagenome:4d6c19adfb047f6b2e57	train	21300
viralmetagenome:0b5e1ca7d306bff379d6	train	21301
viralmetagenome:afd4a5a40760ec09e236	train	21302
viralmetagenome:de3347afcc71496885b5	train	21303
viralmetagenome:4a1e4cdbb0fd51170b24	train	21304
viralmetagenome:6d92b11d7b5abfdc0ad7	train	21305
viralmetagenome:f968e5e4081e412e7bbd	train	21306
viralmetagenome:cde27e541b34d9da595f	train	21307
viralmetagenome:c0a377959096a0d7d16c	train	21308
viralmetagenome:cd2a785d4647905d5847	train	21309
viralmetagenome:555665489f8b15b9e81c	train	21310
viralmetagenome:1cae0daad8423117b7d7	train	21311
viralmetagenome:8c5e8ccddb179d554138	train	21312
viralmetagenome:2002e19f2338f082d484	train	21313
viralmetagenome:404de75dfdaa69b9826d	train	21314
viralmetagenome:345cad48f96bf4901259	train	21315
viralmetagenome:c55ede803894b11cc2d6	train	21316
viralmetagenome:7c216d0acfcff36a201c	train	21317
viralmetagenome:bdeb029d49661bec6a20	train	21318
viralmetagenome:d5b119b94f947f65178d	train	21319
viralmetagenome:c98c9ae74b1c0f067abf	train	21320
viralmetagenome:cf289706378c1e7519b8	train	21321
viralmetagenome:ae0f4a3757b75806c1e6	train	21322
viralmetagenome:7e33b52aaa2c7719dab9	train	21323
viralmetagenome:4fa062a6e2850ca2b856	train	21324
viralmetagenome:eaa427cfdaa002541291	train	21325
viralmetagenome:6f2ae22768839db5faaf	train	21326
viralmetagenome:dbb3449cdb535fabf939	train	21327
viralmetagenome:e831fd2ba373e884376e	train	21328
viralmetagenome:1bacbbb1459ae5dfbdc2	train	21329
viralmetagenome:4da11c559a0e079739a1	train	21330
viralmetagenome:cf1ce70a6f7cbb19637b	train	21331
viralmetagenome:372fa9a94853aa22647b	train	21332
viralmetagenome:659c664b1dfb779ed240	train	21333
viralmetagenome:6d1a6a9be542a84e2108	train	21334
viralmetagenome:b9f1040038f80ac4e9cf	train	21335
viralmetagenome:0b2800cfae76674fe8ed	train	21336
viralmetagenome:c07a6f229ba10e4a0711	train	21337
viralmetagenome:e503c5d6bf25f6d2a30f	train	21338
viralmetagenome:d5638338b8179851dbc0	train	21339
viralmetagenome:36081d59a6e782802936	train	21340
viralmetagenome:57b73f5520bb752281aa	train	21341
viralmetagenome:1cac3555b0bf23b6af86	train	21342
viralmetagenome:30d5682027072099d675	train	21343
viralmetagenome:b10c8a79d1619855d6bf	train	21344
viralmetagenome:3cd438bbed1eac512641	train	21345
viralmetagenome:4172bd5f0b3625ecafcd	train	21346
viralmetagenome:9c793c464a1ad8b79fec	train	21347
viralmetagenome:5390abb0dae0cfb4e73b	train	21348
viralmetagenome:a9f174cdf7b25f611a90	train	21349
viralmetagenome:21e1f16bdc96849ab5e2	train	21350
viralmetagenome:9e80e4f12d55e6d13072	train	21351
viralmetagenome:6e7d5850f9ec0fd536bd	train	21352
viralmetagenome:314f1a071f8973e8403c	train	21353
viralmetagenome:3dafec77d0384a537cde	train	21354
viralmetagenome:731b92af16de3e9a5133	train	21355
viralmetagenome:6c971baa0dafe4a37b35	train	21356
viralmetagenome:7016cc92b19c256fcfeb	train	21357
viralmetagenome:681f42947ee5f8a54745	train	21358
viralmetagenome:5d74a7a3a5668833f102	train	21359
viralmetagenome:5ac49322ebfdb12d964d	train	21360
viralmetagenome:de28e5d9af5765bd9a4b	train	21361
viralmetagenome:ad1a90d387a70e3a7313	train	21362
viralmetagenome:8e1251922eb420269aed	train	21363
viralmetagenome:c18d6595ef853cbfa8b3	train	21364
viralmetagenome:ed575f940c5eb4566c58	train	21365
viralmetagenome:acdd5b0eeeddae823b69	train	21366
viralmetagenome:d40ef6a2817bc72cfa22	train	21367
viralmetagenome:162cbf73b9fc5413e3c3	train	21368
viralmetagenome:de965e94a4fca67eeda8	train	21369
viralmetagenome:a55c9342ddb0f0d3ecee	train	21370
viralmetagenome:73838b3f67186f4ef504	train	21371
viralmetagenome:da17c43a55b9f9a2c266	train	21372
viralmetagenome:68b32493d32bfeb44118	train	21373
viralmetagenome:f829092dd1b1a29d94ef	train	21374
viralmetagenome:b8474636b8d018bdba1b	train	21375
viralmetagenome:35c615dd533711db7738	train	21376
viralmetagenome:5845a6880062a0d93432	train	21377
viralmetagenome:9c9d12fd028c96315d47	train	21378
viralmetagenome:385b78ef665a716fa0d9	train	21379
viralmetagenome:0ae391002e74f19fd32a	train	21380
viralmetagenome:2d11e6b7fab9beb64e21	train	21381
viralmetagenome:33483a746166a77f7f0f	train	21382
viralmetagenome:9c30507625dae0ef12f2	train	21383
viralmetagenome:74f7cc56eeb370fc9cf3	train	21384
viralmetagenome:a6f30aef5a35a641f095	train	21385
viralmetagenome:f7522b33719b30ddcb77	train	21386
viralmetagenome:4de19cf174e9e467c91d	train	21387
viralmetagenome:48376b86f77bcfb62eb6	train	21388
viralmetagenome:966f296766cddad99b3f	train	21389
viralmetagenome:2c39a8003491ffde6d7d	train	21390
viralmetagenome:c18181d361eb5b0777c0	train	21391
viralmetagenome:bd56bcc633cdef02c795	train	21392
viralmetagenome:6080f6fb9ccf0cb02965	train	21393
viralmetagenome:03e5e9056d6b2e55a967	train	21394
viralmetagenome:d05ed46958530cc94e91	train	21395
viralmetagenome:94d00ab4d097f825c5d3	train	21396
viralmetagenome:26b984901d8db83c3d39	train	21397
viralmetagenome:6749b7c919ec3c7fe155	train	21398
viralmetagenome:e6045cc3c06e3468037a	train	21399
viralmetagenome:caad139b2f62205c0fff	train	21400
viralmetagenome:e3398eb61ce515d2eb19	train	21401
viralmetagenome:f6bd7a97bf269509cd3d	train	21402
viralmetagenome:bad8ddfd94483f39d98b	train	21403
viralmetagenome:1a4a741e6de54f42380c	train	21404
viralmetagenome:45be2bba83c76d5b801e	train	21405
viralmetagenome:7139b704c7fec9bbc69f	train	21406
viralmetagenome:b866413247f3b9fe2764	train	21407
viralmetagenome:ecc2304814da7456fc13	train	21408
viralmetagenome:e772d9e33618f77193f1	train	21409
viralmetagenome:b7483fa3d7aa5323c9fa	train	21410
viralmetagenome:2e6f38826b5b6016145d	train	21411
viralmetagenome:872e2e2c54445014cf2e	train	21412
viralmetagenome:3aff745a75fc2b72ae86	train	21413
viralmetagenome:2ee724204c12689352f6	train	21414
viralmetagenome:1f00ae8dd855abda2e43	train	21415
viralmetagenome:8afbc4c324528b5e74ea	train	21416
viralmetagenome:8073a646973de0a68422	train	21417
viralmetagenome:68a7fb7a760e3b5fcbde	train	21418
viralmetagenome:2e26ef49768add99d393	train	21419
viralmetagenome:dcfea00f031200757b8e	train	21420
viralmetagenome:694f6fcd717c05b5ada6	train	21421
viralmetagenome:33c3ba4cb93fdea5df5c	train	21422
viralmetagenome:bbdeee6c3eeee5b0c01a	train	21423
viralmetagenome:6f4da7975874a6cfc22d	train	21424
viralmetagenome:5b92c3f1db1e140a0c2c	train	21425
viralmetagenome:0548d73796d1e81f4f69	train	21426
viralmetagenome:76ea6c337d69db857253	train	21427
viralmetagenome:73580efe7f4472fc3a03	train	21428
viralmetagenome:c2d0921d4c9277c4a052	train	21429
viralmetagenome:034ef807879e22498ecf	train	21430
viralmetagenome:786fb5415a57e54df26d	train	21431
viralmetagenome:6d33267edf8ff182939c	train	21432
viralmetagenome:3cd490795a7f5579fb7b	train	21433
viralmetagenome:b3a1a2c3cbc3ad65c13a	train	21434
viralmetagenome:70e028d1b34895580f4d	train	21435
viralmetagenome:5adaf5ea229776d8efe4	train	21436
viralmetagenome:1b7836880c771549b7b7	train	21437
viralmetagenome:d87493a4889698a989a0	train	21438
viralmetagenome:f735f2a2952d80a2a8d4	train	21439
viralmetagenome:9e220da4b55df72f45c9	train	21440
viralmetagenome:760633a0226823b09342	train	21441
viralmetagenome:8b79c39a348b00a27410	train	21442
viralmetagenome:5147df98053652c66686	train	21443
viralmetagenome:92bafd4763e46b157453	train	21444
viralmetagenome:883b2dab98c6ced1ab8b	train	21445
viralmetagenome:729492603053816dde25	train	21446
viralmetagenome:2b120262e988f8f069e0	train	21447
viralmetagenome:45bf1414e5190cd47ffb	train	21448
viralmetagenome:9b8a468914ac4975c6b1	train	21449
viralmetagenome:ef107fbbbae37ccc69cd	train	21450
viralmetagenome:77bba7dac8ae831a377f	train	21451
viralmetagenome:9eb35f9621f616152292	train	21452
viralmetagenome:b26a84f79771c63963d5	train	21453
viralmetagenome:981b48a0f1f4b10f5622	train	21454
viralmetagenome:f3f5721c105793db6c9e	train	21455
viralmetagenome:7f0639ba015beda64200	train	21456
viralmetagenome:2123993f2554c877fbf6	train	21457
viralmetagenome:58090089211722e77d3b	train	21458
viralmetagenome:afae7435b66434bfa56c	train	21459
viralmetagenome:c90b837f2e5fe42ac112	train	21460
viralmetagenome:f3f2ad1bce28247b7e4e	train	21461
viralmetagenome:d53cf948677abe3cd873	train	21462
viralmetagenome:55abfcc9066dfc2f304f	train	21463
viralmetagenome:18cf4d478eca6cd178f6	train	21464
viralmetagenome:de15f4606834f5e1c922	train	21465
viralmetagenome:ba3f3f08b4f848c1e5b8	train	21466
viralmetagenome:7db264980c9a6c0ab2a9	train	21467
viralmetagenome:1539566b30706fcef1c5	train	21468
viralmetagenome:59325d1d40af8f4dd9b0	train	21469
viralmetagenome:962c36a0f10ae22f16c2	train	21470
viralmetagenome:e4a44fd9595e9fc3328b	train	21471
viralmetagenome:a5192ff385a9fe3f05b4	train	21472
viralmetagenome:30a1757612b227bfca72	train	21473
viralmetagenome:78662ab14502ffbaadc3	train	21474
viralmetagenome:4efc84ebdeb9304d368a	train	21475
viralmetagenome:7c94eb6b4b1b5bc914e7	train	21476
viralmetagenome:f0fd09092980ffda447b	train	21477
viralmetagenome:d969d6165a05392817c4	train	21478
viralmetagenome:6984387b75eb5375e17b	train	21479
viralmetagenome:5616289e7732f53754fa	train	21480
viralmetagenome:003abdaef844912cd20c	train	21481
viralmetagenome:dc47682002dd3e9c9e86	train	21482
viralmetagenome:5b100914b8e4a5fd91b9	train	21483
viralmetagenome:b0576ea63bc7377c361f	train	21484
viralmetagenome:2e2208ca7ba2301a4b20	train	21485
viralmetagenome:be0d9b37dd84d62aff00	train	21486
viralmetagenome:4628e864a4cd0f9d1a0a	train	21487
viralmetagenome:22f22792ff8402732012	train	21488
viralmetagenome:cfae48c8c55fc437de37	train	21489
viralmetagenome:672d67d4893ee09fca84	train	21490
viralmetagenome:33c49c74268bbc013bf6	train	21491
viralmetagenome:ebf8067df77499edf90b	train	21492
viralmetagenome:fda61a365f47af83ea53	train	21493
viralmetagenome:dad358f30684d1d8be7b	train	21494
viralmetagenome:41f5cbe08636552f165f	train	21495
viralmetagenome:9f788a954a2a4c5ce447	train	21496
viralmetagenome:d9d9778582e40d0a7787	train	21497
viralmetagenome:9fd7f5aca94959b48d99	train	21498
viralmetagenome:b1877dd975b48bf32fb6	train	21499
viralmetagenome:5853b74822357cae0654	train	21500
viralmetagenome:966159655d5f59d2ccfd	train	21501
viralmetagenome:82f2c9e210b96f257ddf	train	21502
viralmetagenome:c620749695251503c6d7	train	21503
viralmetagenome:2892c25ee9914b520509	train	21504
viralmetagenome:9a97d2f15d41221450ca	train	21505
viralmetagenome:5835f1bfbd046a6c5c28	train	21506
viralmetagenome:717f65917bff8c279591	train	21507
viralmetagenome:216c3bd9c1418b9c7b55	train	21508
viralmetagenome:18b42caddeae333730e1	train	21509
viralmetagenome:9191cccb9805123943bd	train	21510
viralmetagenome:43842762c89cda3acb09	train	21511
viralmetagenome:4ba074243cc75e43c010	train	21512
viralmetagenome:a389b1699ce339212375	train	21513
viralmetagenome:55dd66b905d8641c36bc	train	21514
viralmetagenome:8292b875f297d2b92dd9	train	21515
viralmetagenome:f9e2632b92d83cfa7392	train	21516
viralmetagenome:944bcadb2e10d5a3beff	train	21517
viralmetagenome:db2607cd3bd0f91c906a	train	21518
viralmetagenome:99365c99de966d3ab10b	train	21519
viralmetagenome:c283d00f193d2f5bf75e	train	21520
viralmetagenome:43f19f3b201ead52ab90	train	21521
viralmetagenome:90e0dacfc92abc8c49e7	train	21522
viralmetagenome:9e05c4cc144b90d5559b	train	21523
viralmetagenome:88a4a78ff8f6ca08c98b	train	21524
viralmetagenome:413c60636058641bbf00	train	21525
viralmetagenome:f4bdf54d7a70465de2b4	train	21526
viralmetagenome:04752708c4d3c7904f8d	train	21527
viralmetagenome:c228684b8b68ee6d1a82	train	21528
viralmetagenome:5facb988043ee8712eca	train	21529
viralmetagenome:e28fb95bce8b0a53d54f	train	21530
viralmetagenome:fe23bf8bf2f523f1d157	train	21531
viralmetagenome:7ee5224aa4bc43bed03d	train	21532
viralmetagenome:c928ecffb4133a983fec	train	21533
viralmetagenome:204d1302510ddc708b29	train	21534
viralmetagenome:f45edb3b4d7e96aa5acb	train	21535
viralmetagenome:92e999e0f5e5ddae6394	train	21536
viralmetagenome:fa4d93cbce15ca366c23	train	21537
viralmetagenome:5946fb97c7c1592559ce	train	21538
viralmetagenome:97e3bc0f9f4445ae15f5	train	21539
viralmetagenome:bc118d7bd6ecd3d4310b	train	21540
viralmetagenome:c92a1caa672bf497cf0a	train	21541
viralmetagenome:6009004b78db28507daf	train	21542
viralmetagenome:4184aa64ab4820afc711	train	21543
viralmetagenome:dfd17a40e5610626d5b3	train	21544
viralmetagenome:0879ca1a6d28045bcf84	train	21545
viralmetagenome:4aa714f8a665bfc32e9f	train	21546
viralmetagenome:57d479cc7a82d25ee726	train	21547
viralmetagenome:43c2535b7b9c25a6352b	train	21548
viralmetagenome:3b3f9193405c8a5afd5f	train	21549
viralmetagenome:7e95308b0bba511ca7c5	train	21550
viralmetagenome:b79f5b499cd82c2492c5	train	21551
viralmetagenome:9f81e9ff04bc98d85359	train	21552
viralmetagenome:f619ee9af7aaf8f5d280	train	21553
viralmetagenome:6006e864905d4bb5439e	train	21554
viralmetagenome:bc5ea8aa617b5a0e8f8c	train	21555
viralmetagenome:838c4b91b27e9c3f557d	train	21556
viralmetagenome:bc137197eec62514d40f	train	21557
viralmetagenome:78a263f1141f6763bd5b	train	21558
viralmetagenome:533af9f7efd78ba79ca6	train	21559
viralmetagenome:8cc57415bb8caddaf0e2	train	21560
viralmetagenome:9c0285672dcbe2d6aec1	train	21561
viralmetagenome:d6a39596d63ac800daae	train	21562
viralmetagenome:ceed2ceae3c6a4e00957	train	21563
viralmetagenome:dd5b8a22cf39a741af08	train	21564
viralmetagenome:5a8ea34ae9363adab1c1	train	21565
viralmetagenome:6c317db9ebd96ef0f9a6	train	21566
viralmetagenome:a9ae7a6373e7338390d4	train	21567
viralmetagenome:287d7a4e7c953bc95f5f	train	21568
viralmetagenome:ba1c2416fb431edc983b	train	21569
viralmetagenome:c789f8f8e0f3877eec75	train	21570
viralmetagenome:00c92aa3ca9c95c6f92c	train	21571
viralmetagenome:9cc4dd48a8d464923c34	train	21572
viralmetagenome:5bfe160dc20253bfbbc9	train	21573
viralmetagenome:c1785abebceadbf25563	train	21574
viralmetagenome:7dcd54f705e78b14d2d3	train	21575
viralmetagenome:10b3d5a8873303ecb65a	train	21576
viralmetagenome:a0df1639e4d4ff058976	train	21577
viralmetagenome:fbdc5c379b8e153cb5e5	train	21578
viralmetagenome:094af754bea3c454079b	train	21579
viralmetagenome:c85cc3d6391c88e82432	train	21580
viralmetagenome:357695567d232fdfb678	train	21581
viralmetagenome:785f10a59aa20668503c	train	21582
viralmetagenome:7dd3dcd0c38ed0e5e302	train	21583
viralmetagenome:a4b1736bc492bf0ccdcd	train	21584
viralmetagenome:a1941dc0f23f11966d8c	train	21585
viralmetagenome:c0ef9ce7792e424a05f1	train	21586
viralmetagenome:d9ff7d84bf649ada338e	train	21587
viralmetagenome:8354076c20e1f4b3c8fa	train	21588
viralmetagenome:ce2961d2e783e42ce6bd	train	21589
viralmetagenome:5fa7fe15e2b1263bc474	train	21590
viralmetagenome:44f7da22fb15ba31c476	train	21591
viralmetagenome:1e81ab0738756998a300	train	21592
viralmetagenome:a6bd0ce5c2f05d9f98b0	train	21593
viralmetagenome:f44a576947821eb03235	train	21594
viralmetagenome:8528de1682e4447fd574	train	21595
viralmetagenome:45c644896206f7952882	train	21596
viralmetagenome:ce612a3a3e9771ca52b1	train	21597
viralmetagenome:6e47f445538728e49164	train	21598
viralmetagenome:5fee10a5b0b28664e920	train	21599
viralmetagenome:259fd45267cb52b71075	train	21600
viralmetagenome:e460e053c603675d7ed2	train	21601
viralmetagenome:dd0df37463a7049d97b3	train	21602
viralmetagenome:9e47c920cf1c0d6370d8	train	21603
viralmetagenome:6d9c0a3dd2b407e80501	train	21604
viralmetagenome:8b283d4c87a4d01f9f8d	train	21605
viralmetagenome:785f3e297d6ab7aac17c	train	21606
viralmetagenome:e4e8ab8227e0c7ee4a36	train	21607
viralmetagenome:3016c255bb48897d5d81	train	21608
viralmetagenome:b92071ca3ffbd8787ecd	train	21609
viralmetagenome:b3faa323d2174514b52a	train	21610
viralmetagenome:1f6f69549e1e21f5ec96	train	21611
viralmetagenome:9c0ad340b8112ab0d9b9	train	21612
viralmetagenome:2f9c91caf90f760433ec	train	21613
viralmetagenome:662c23edf2d970c678aa	train	21614
viralmetagenome:56dcb075b4918df9b61b	train	21615
viralmetagenome:c63a649dffbf7d4724b8	train	21616
viralmetagenome:0ef7255fe1af952174c9	train	21617
viralmetagenome:ee48281c7970b99f6a2d	train	21618
viralmetagenome:23200757077df60abf78	train	21619
viralmetagenome:75d7fa535d92f052b6a2	train	21620
viralmetagenome:25286d92764b6137e6c6	train	21621
viralmetagenome:c91acbe1949c7d44a802	train	21622
viralmetagenome:53503cf1663b3452ee21	train	21623
viralmetagenome:3dfa93a3c88d456d4381	train	21624
viralmetagenome:57a621f62b7c413a56a0	train	21625
viralmetagenome:87c4e2133ccf7446dc47	train	21626
viralmetagenome:e3a8a91da43c3f64c75e	train	21627
viralmetagenome:b0c45cc054dc16f16f76	train	21628
viralmetagenome:3dc48f7c1c9198a146c5	train	21629
viralmetagenome:c21830ac0b27f7920bcd	train	21630
viralmetagenome:f460ea547dcc687c948b	train	21631
viralmetagenome:22e7fbcdbc1f9a82d332	train	21632
viralmetagenome:7bc775ddc6e36ff2dd6d	train	21633
viralmetagenome:dfba8f19994ce8503135	train	21634
viralmetagenome:056345b11dd2f0060052	train	21635
viralmetagenome:dcceff59226d14548a9d	train	21636
viralmetagenome:5fcde74a81c125dc1115	train	21637
viralmetagenome:a2a0538bc0a202e11b78	train	21638
viralmetagenome:dda1c51a55324d705811	train	21639
viralmetagenome:89de4dc65690b33a5fc2	train	21640
viralmetagenome:1fb629d23b05b8bbefcd	train	21641
viralmetagenome:a8f7977734c5d8ca335f	train	21642
viralmetagenome:300d2df94a3bd821c6b9	train	21643
viralmetagenome:8297d51ccbd8394e256e	train	21644
viralmetagenome:d6e94f2838d5f0235ca2	train	21645
viralmetagenome:001ca1bf3d0802261e0e	train	21646
viralmetagenome:2ba047394a34e53c844a	train	21647
viralmetagenome:f08547affbc9099473b7	train	21648
viralmetagenome:2b9bddad14440220971b	train	21649
viralmetagenome:8c4828cb46309a1bf774	train	21650
viralmetagenome:7307b6078e1ab7dde8c4	train	21651
viralmetagenome:092d52628bec29a49503	train	21652
viralmetagenome:257a4b45b2b5bb42c3ef	train	21653
viralmetagenome:605e5bc77d398f648579	train	21654
viralmetagenome:19f31155e2b240725ab0	train	21655
viralmetagenome:1e17112acc5b8d87852e	train	21656
viralmetagenome:78029d065d7aea92d648	train	21657
viralmetagenome:35b7dc80babcd847b1cf	train	21658
viralmetagenome:afe4074a775229c61d9e	train	21659
viralmetagenome:24ed1875cf7f2d0f2548	train	21660
viralmetagenome:5c9316cb7e9570e8d331	train	21661
viralmetagenome:14d19b3b5393388d1e87	train	21662
viralmetagenome:d7bfaf605098b55baea9	train	21663
viralmetagenome:c72b3816cb0155aa1fc4	train	21664
viralmetagenome:21cf877f7e9e9506c434	train	21665
viralmetagenome:7098d4688586d8680675	train	21666
viralmetagenome:25abe0b123a8914fe7b4	train	21667
viralmetagenome:1cef51731e3262ea35b2	train	21668
viralmetagenome:5de165b621bcb79e3239	train	21669
viralmetagenome:90aa81d3b5b038d82daf	train	21670
viralmetagenome:9176dece9d06b39cc9f0	train	21671
viralmetagenome:73671d0abe9dcd509580	train	21672
viralmetagenome:21ff9820c296c3948309	train	21673
viralmetagenome:ccd13c1c2eb58f554d5d	train	21674
viralmetagenome:bba1aa2193a0b3f542bf	train	21675
viralmetagenome:b839f5e268ab11f7451e	train	21676
viralmetagenome:ea2b33435273ad5de4f0	train	21677
viralmetagenome:6c03ae2d9f9365b2400a	train	21678
viralmetagenome:c9976befcf60287b6c45	train	21679
viralmetagenome:890e2730383b4c5285ed	train	21680
viralmetagenome:fb7cc6e47a10bb2267e7	train	21681
viralmetagenome:0904ea8aa8376da11845	train	21682
viralmetagenome:001477c59ce2d1103176	train	21683
viralmetagenome:2613461620e97e3dbf97	train	21684
viralmetagenome:ccf0b98f27d934dc73e9	train	21685
viralmetagenome:70551f54196845d647be	train	21686
viralmetagenome:3f2574324065c5659375	train	21687
viralmetagenome:06f4af4cabc4b377d54d	train	21688
viralmetagenome:3db12b0e1f7bac17f009	train	21689
viralmetagenome:659d89f9ad4bdf23b35d	train	21690
viralmetagenome:2ff0773777a64b3f0629	train	21691
viralmetagenome:5b389447316221a57f05	train	21692
viralmetagenome:7992213fab9f9e6d99a3	train	21693
viralmetagenome:d951a6349f93b7a57286	train	21694
viralmetagenome:fcb7498caf75d5185ad2	train	21695
viralmetagenome:b5a4cdb6f9f4a46aca5c	train	21696
viralmetagenome:107ea05ca5035b0d2034	train	21697
viralmetagenome:d698451387700bf44dd7	train	21698
viralmetagenome:d5fc0cf4a794602fb128	train	21699
viralmetagenome:1537755fbcf0a45e6dd8	train	21700
viralmetagenome:1099ac0030f641f7210e	train	21701
viralmetagenome:cb807cea78d25f903a9b	train	21702
viralmetagenome:ae00a654f1f3067a1904	train	21703
viralmetagenome:b64e6f43553d708dbb36	train	21704
viralmetagenome:2d47ffb92acca890229d	train	21705
viralmetagenome:7da7c06bf05a029ca967	train	21706
viralmetagenome:49ded47f081ac2987a3d	train	21707
viralmetagenome:d542ccfa7563818d0817	train	21708
viralmetagenome:f68b92382fb0a38387ba	train	21709
viralmetagenome:1e1f4f17ba0769ba3661	train	21710
viralmetagenome:3eef44ceb3a7ad8a235d	train	21711
viralmetagenome:7cb62c662a6252f46bc3	train	21712
viralmetagenome:46e060a585d7b72a52c6	train	21713
viralmetagenome:d2b1720504d31a4a5d88	train	21714
viralmetagenome:3a53aefa0f600ff8d410	train	21715
viralmetagenome:bbcdb19ba2678b6da689	train	21716
viralmetagenome:2479be0f3604a85c7a0f	train	21717
viralmetagenome:6bdeaf3bedb0cdb22c74	train	21718
viralmetagenome:7004ac1494710bad9fae	train	21719
viralmetagenome:79fc3e7b2cad6cfc51c3	train	21720
viralmetagenome:cb1c9941d1257543bc1a	train	21721
viralmetagenome:3caeacfc7a0b98a4c8f2	train	21722
viralmetagenome:54e35793b92f6f15b8f1	train	21723
viralmetagenome:e3791ee4d8ef8f21646d	train	21724
viralmetagenome:d4b78935a110d4d863b3	train	21725
viralmetagenome:68b5b43e45c70772a63b	train	21726
viralmetagenome:1b1560fbc7dced4b712a	train	21727
viralmetagenome:96bb5ce031cfa3bdde71	train	21728
viralmetagenome:fc85e1e8954413b016be	train	21729
viralmetagenome:d2027aa786df50001886	train	21730
viralmetagenome:82647a5c8a43be68c236	train	21731
viralmetagenome:69905984aaae435127ce	train	21732
viralmetagenome:7ee97af3b5983e8d9938	train	21733
viralmetagenome:9c2fd3323a5a4690cbd3	train	21734
viralmetagenome:5cbcffd9de5b18b2cbd4	train	21735
viralmetagenome:3dcb32ddc32ae6819d8e	train	21736
viralmetagenome:df8dc5e4a9cfd61f7930	train	21737
viralmetagenome:4423388bab17f2d85ac7	train	21738
viralmetagenome:951c964c236968bdfe13	train	21739
viralmetagenome:21098fae833316960575	train	21740
viralmetagenome:33fb6c7388cfe9547958	train	21741
viralmetagenome:9a6498c72bdffde6e2a8	train	21742
viralmetagenome:227268a78ab0eadb45a0	train	21743
viralmetagenome:af5cfb4605e7e3054796	train	21744
viralmetagenome:da80bce21eaca5174ce4	train	21745
viralmetagenome:fd9b9479e05a41ae7bf6	train	21746
viralmetagenome:4304b75a7326b80f58bb	train	21747
viralmetagenome:eb6fa8c2a6797a07032b	train	21748
viralmetagenome:9b44c59b4aebcffc8786	train	21749
viralmetagenome:82c7efba0fa4795f9e4f	train	21750
viralmetagenome:caa01bc494b9156ff66e	train	21751
viralmetagenome:7026927e11a3aea456ae	train	21752
viralmetagenome:f4545ffb6158ee5241ee	train	21753
viralmetagenome:e51922b00192babd1376	train	21754
viralmetagenome:bc1bb0cf222eb0a07d36	train	21755
viralmetagenome:775b8d972fcd00ff7735	train	21756
viralmetagenome:d2567951c169ca37cb49	train	21757
viralmetagenome:a035d8e3373b153f0079	train	21758
viralmetagenome:393204f20b266262307b	train	21759
viralmetagenome:8b042133a999e6cd5f1c	train	21760
viralmetagenome:b6c7d6f89fe0f160b547	train	21761
viralmetagenome:4ab53c8e24c8cb7d11b9	train	21762
viralmetagenome:5fafd20aa06f636cc1bf	train	21763
viralmetagenome:5e0363e0176c593a0eca	train	21764
viralmetagenome:3e6c7ba17c81fe388135	train	21765
viralmetagenome:b32bf46e2a34d63b93cd	train	21766
viralmetagenome:28ece0224fd109882ce8	train	21767
viralmetagenome:b2595b7249a84256a18f	train	21768
viralmetagenome:4702f5c3bf43e239f232	train	21769
viralmetagenome:b3c5a18e9d3173910397	train	21770
viralmetagenome:e2224a6cfb5894469448	train	21771
viralmetagenome:c412ea7c8a9e82a3c26c	train	21772
viralmetagenome:9ca6520777d617a36fd1	train	21773
viralmetagenome:e1559f75d5bf1a31d7d7	train	21774
viralmetagenome:df8ce8ddad98c8549c09	train	21775
viralmetagenome:5199fd2bebfcb5bfb43a	train	21776
viralmetagenome:eaa1895505125733798d	train	21777
viralmetagenome:9aabb15de949b95cd203	train	21778
viralmetagenome:54d6606877012dd582d3	train	21779
viralmetagenome:d5d0144432b83a3ed291	train	21780
viralmetagenome:916948238df5e2152565	train	21781
viralmetagenome:52372c708fbcdbcbde16	train	21782
viralmetagenome:dbe030c657e97be71973	train	21783
viralmetagenome:f79a931cbab5d12d7030	train	21784
viralmetagenome:7311f0de9aa73f40d876	train	21785
viralmetagenome:59a4f6bfd92f7f6eecd9	train	21786
viralmetagenome:317abca8c91f519fb71c	train	21787
viralmetagenome:c384ff7ad83cc1dfb2f7	train	21788
viralmetagenome:77fe1f731032d0bfd4b7	train	21789
viralmetagenome:37e2253c7bf150157819	train	21790
viralmetagenome:adf7acc6c8fd17eca7d7	train	21791
viralmetagenome:20f8e06c2a526cb54232	train	21792
viralmetagenome:2c7f4e927faa2e2ac09e	train	21793
viralmetagenome:e464bb277efa7e438979	train	21794
viralmetagenome:4b7c42a1c7109dfd3677	train	21795
viralmetagenome:4c4c65ec774935346e41	train	21796
viralmetagenome:26152c11d53a588027e0	train	21797
viralmetagenome:d1cced3f8fc1a5f3ebee	train	21798
viralmetagenome:a700836221fd9c6e1c40	train	21799
viralmetagenome:579f9a3ba470c89c7f1b	train	21800
viralmetagenome:dd07681e3281fe228b63	train	21801
viralmetagenome:3ae26dfd6fde0a92e883	train	21802
viralmetagenome:d5b8d23d9b5e9d143149	train	21803
viralmetagenome:0a342c02c9944cbd02e1	train	21804
viralmetagenome:3cbe43b1151bf39fdec1	train	21805
viralmetagenome:5ba8da96bc62e9230160	train	21806
viralmetagenome:9327936370c9441b5193	train	21807
viralmetagenome:8068e06eb7b0e40ae5ad	train	21808
viralmetagenome:7dd1209921d358ccbc7f	train	21809
viralmetagenome:73df429df985201f9f12	train	21810
viralmetagenome:691ffe01b5798330d12a	train	21811
viralmetagenome:e11cc4bc88c3f99831f5	train	21812
viralmetagenome:a0edb170844bf470dab8	train	21813
viralmetagenome:a61b1ed6f382efea7c23	train	21814
viralmetagenome:5a024f9a7a8dd97f1b22	train	21815
viralmetagenome:6bc24116f41b7c899841	train	21816
viralmetagenome:11a78e80863fd300bc86	train	21817
viralmetagenome:23e7baa0cea01b880f43	train	21818
viralmetagenome:15b0ec5dd4ce55661ccb	train	21819
viralmetagenome:82e555467a91185d3528	train	21820
viralmetagenome:47346c53636e50c7362c	train	21821
viralmetagenome:92febc3a08ad7e05d340	train	21822
viralmetagenome:fed973550b8377377e9b	train	21823
viralmetagenome:13866da26ed9f6157083	train	21824
viralmetagenome:aa6d06dc00ac55fad2d0	train	21825
viralmetagenome:7c7daaae4b084b683102	train	21826
viralmetagenome:0d1b3c3eea6757db675f	train	21827
viralmetagenome:6a66990cea689cd9eef4	train	21828
viralmetagenome:54b49aee2ae0b916a4c7	train	21829
viralmetagenome:d264de6ecec17d48da7a	train	21830
viralmetagenome:73d13b2b405268ec6c0d	train	21831
viralmetagenome:5401e5195ed3a4c85cd1	train	21832
viralmetagenome:4d5ca9de064d1353011d	train	21833
viralmetagenome:a07f237849f8d07300e3	train	21834
viralmetagenome:c381487197f9cc8740d5	train	21835
viralmetagenome:728f8ffb15865ca1e634	train	21836
viralmetagenome:b0f661ce91c14c8a61ad	train	21837
viralmetagenome:9d4b66b48efe6bba1910	train	21838
viralmetagenome:d30a5127e890dfc7f9a8	train	21839
viralmetagenome:5b9a9a1c2e34c831a852	train	21840
viralmetagenome:34048d1ae223b3e4800d	train	21841
viralmetagenome:a7c76783e84ff0bed4dc	train	21842
viralmetagenome:165bb486bcd632c1e93e	train	21843
viralmetagenome:2aedfb678200c2cb3837	train	21844
viralmetagenome:4a8cfc7e2cf5aaf0a9b7	train	21845
viralmetagenome:d3bbc1da69606bdbce37	train	21846
viralmetagenome:89ffb5bf1a45c999d4d1	train	21847
viralmetagenome:4b44ffc267fdabd66e45	train	21848
viralmetagenome:61ee36402d521c301a6d	train	21849
viralmetagenome:cb0baebab0f2a7d3cc2a	train	21850
viralmetagenome:30096f6560a9f14cf518	train	21851
viralmetagenome:ebc0f29cf0203b9b9d09	train	21852
viralmetagenome:eac5895fbe21a58922f1	train	21853
viralmetagenome:ae3b5aee0c704c483a20	train	21854
viralmetagenome:69e622775e95910b3f83	train	21855
viralmetagenome:9db14c003537848d1518	train	21856
viralmetagenome:36a1b4f0bc06782f53de	train	21857
viralmetagenome:892e250ca1d8c4db81d1	train	21858
viralmetagenome:64365afb4b85a967a3b3	train	21859
viralmetagenome:fe106b2cf00962d8dc7b	train	21860
viralmetagenome:86b853da134855b970b3	train	21861
viralmetagenome:50a79aaff33d433aaa6b	train	21862
viralmetagenome:258f6a4d56769c1b83d2	train	21863
viralmetagenome:77332b0c468faeaefd1a	train	21864
viralmetagenome:c63b011ce0ddbbfa58c2	train	21865
viralmetagenome:aa28f68a664082d98514	train	21866
viralmetagenome:b71569953dfab252b065	train	21867
viralmetagenome:1c30b38ead400339cbc2	train	21868
viralmetagenome:5c91567b38d440707a5b	train	21869
viralmetagenome:59a76b86e0a0281e0cf3	train	21870
viralmetagenome:6473ff782df613d0ca54	train	21871
viralmetagenome:08cdd12097c71d190dff	train	21872
viralmetagenome:8f40f7cc414d5896b5f6	train	21873
viralmetagenome:b99bda25dba0dc84ae9c	train	21874
viralmetagenome:abcb221fa0a3b6b77884	train	21875
viralmetagenome:c603c985605f34e4234d	train	21876
viralmetagenome:c71baab455d1635646e7	train	21877
viralmetagenome:198a3f652ffdc39c89c6	train	21878
viralmetagenome:562917e7f6e377d81c0a	train	21879
viralmetagenome:24ddfd8e1116d2a91cef	train	21880
viralmetagenome:6003bee6631bfd6ba2ae	train	21881
viralmetagenome:2097da46380b1baa531e	train	21882
viralmetagenome:899b65da22f766898d91	train	21883
viralmetagenome:4e71f99dfc77c6f00ae7	train	21884
viralmetagenome:0daac508e4e6b74f3cef	train	21885
viralmetagenome:6ed76fe17f6ffdd6e08c	train	21886
viralmetagenome:af1b1a37ca10b2289741	train	21887
viralmetagenome:7c363e2fccd7b7634a80	train	21888
viralmetagenome:12225c849700f49c154c	train	21889
viralmetagenome:e5c5dcd823fc70268d59	train	21890
viralmetagenome:058770450c8893024c96	train	21891
viralmetagenome:3cc05d99332c4cc190da	train	21892
viralmetagenome:ca2ff82f794ed6b8bc1d	train	21893
viralmetagenome:c181965a95cd2baf913b	train	21894
viralmetagenome:f6c86310732accd99641	train	21895
viralmetagenome:cf4ee4892a93cccb6981	train	21896
viralmetagenome:3edda50fd4e49e6fce21	train	21897
viralmetagenome:1ba4305f3a7f7c3f3c76	train	21898
viralmetagenome:171e0d0a7ba9a1c6762a	train	21899
viralmetagenome:2015db458d59160830c6	train	21900
viralmetagenome:877884a7782e47268510	train	21901
viralmetagenome:f0dceb96f2d1c21f3252	train	21902
viralmetagenome:b92b82abc7d0bbc4eee9	train	21903
viralmetagenome:72e7b19e4c9d3873f75f	train	21904
viralmetagenome:6e19a4ff858e5b0791b7	train	21905
viralmetagenome:e87f33ccd83a60b9e01c	train	21906
viralmetagenome:03694332a7a336093eeb	train	21907
viralmetagenome:3b97c5c882dc9f1f88da	train	21908
viralmetagenome:72e6f825a13b328c163e	train	21909
viralmetagenome:6f238f461dba3c4a396c	train	21910
viralmetagenome:36d01817aaeba239f592	train	21911
viralmetagenome:b5b49a1d6dc400bc8d87	train	21912
viralmetagenome:9e4cbcfafbd7088d010f	train	21913
viralmetagenome:255244335db66f70caf9	train	21914
viralmetagenome:dafe8d095cf85b3ad8c6	train	21915
viralmetagenome:9fba39eba15f92f1ecd7	train	21916
viralmetagenome:12930aa635a35fc26317	train	21917
viralmetagenome:4d2bc3e24609aa133ce1	train	21918
viralmetagenome:d12bf0225702ee3228da	train	21919
viralmetagenome:0f8273408e947c87b120	train	21920
viralmetagenome:d90de66661d6ae28f6e2	train	21921
viralmetagenome:d45dddbbbd2cf6a67f54	train	21922
viralmetagenome:3254c55ed48bbf44b44a	train	21923
viralmetagenome:80a367eec8c2516b7b41	train	21924
viralmetagenome:32b16ed38d96ae04166d	train	21925
viralmetagenome:9a2add4a264bfbc6db9d	train	21926
viralmetagenome:7671952f1b4cf24af055	train	21927
viralmetagenome:da8356c5921fe493a3e1	train	21928
viralmetagenome:aedae55d631e45546dd8	train	21929
viralmetagenome:680cb301b5dc9d7fd931	train	21930
viralmetagenome:d07f2385cb8f8150fb2d	train	21931
viralmetagenome:7e74b36ca68c9bc6029a	train	21932
viralmetagenome:899ea397b94d83e26ea2	train	21933
viralmetagenome:2d0aec988f59878c6974	train	21934
viralmetagenome:101aa5f7dbbc502de3b1	train	21935
viralmetagenome:2f6db7e396ce6b3800d2	train	21936
viralmetagenome:b32804b68992517a4344	train	21937
viralmetagenome:15f2f31af244509b6f26	train	21938
viralmetagenome:84a66a6178fadc561e13	train	21939
viralmetagenome:5bd05bbe5b9d09b964a2	train	21940
viralmetagenome:e1ff98654cb92b63104c	train	21941
viralmetagenome:9a3727e39cb0dde2f879	train	21942
viralmetagenome:1b41168b23fb252c9214	train	21943
viralmetagenome:bb47254bdf06e5758f27	train	21944
viralmetagenome:43e7897900d4aac31e44	train	21945
viralmetagenome:3dea9a23046cb79de841	train	21946
viralmetagenome:da845d5b7cac39a33907	train	21947
viralmetagenome:98e55fab08f6838a150b	train	21948
viralmetagenome:3134a6381bf33746d516	train	21949
viralmetagenome:0b6fbc01bd8bbfde6a6f	train	21950
viralmetagenome:1e01ee2ea3d8ce07e53f	train	21951
viralmetagenome:e622e4791b22c7e6bbba	train	21952
viralmetagenome:5e3feb47fdb05648bf28	train	21953
viralmetagenome:5c64308f4531cab996da	train	21954
viralmetagenome:c1212aa7222ca453f72a	train	21955
viralmetagenome:b2b987a45863dcb2af8e	train	21956
viralmetagenome:62cff56f59f517484aa4	train	21957
viralmetagenome:6c741504fd8980521a97	train	21958
viralmetagenome:b81a9fea292b32215adb	train	21959
viralmetagenome:a6dc0d208e446c2a5b56	train	21960
viralmetagenome:f5fc8149dc56703087b1	train	21961
viralmetagenome:89a201dc3561287315d1	train	21962
viralmetagenome:4037153537fd933dc25e	train	21963
viralmetagenome:08fdc4281eb561f3d864	train	21964
viralmetagenome:3d1cd8a4884dcb9971db	train	21965
viralmetagenome:a3a8a327cdfe939dfa50	train	21966
viralmetagenome:cadceb1d3a837d64e40a	train	21967
viralmetagenome:0fb3a48593d85bc8427c	train	21968
viralmetagenome:702af4e0c838f2353ab4	train	21969
viralmetagenome:664dcccb365ee9ec6d1c	train	21970
viralmetagenome:b9c8c4bb512492e9aa24	train	21971
viralmetagenome:a01405f061c0808b6613	train	21972
viralmetagenome:a129c9942c97f016a721	train	21973
viralmetagenome:3fc2806aa26c27898a2a	train	21974
viralmetagenome:5d4ab1d8446b02c9b7ac	train	21975
viralmetagenome:bc1311f82db23194243f	train	21976
viralmetagenome:34410bf97c986ed3656a	train	21977
viralmetagenome:a6e188b8ec48313c3968	train	21978
viralmetagenome:0e8ba730420ec15daf7d	train	21979
viralmetagenome:89e8254c1b701876a71e	train	21980
viralmetagenome:2561924f1e8cf9878305	train	21981
viralmetagenome:2eff541b1ff05d4ab946	train	21982
viralmetagenome:f36f08d712efc40208c5	train	21983
viralmetagenome:d9b2a8348be2ed661056	train	21984
viralmetagenome:6797deb48e0451f79f4f	train	21985
viralmetagenome:092919268c5e12314ddd	train	21986
viralmetagenome:40f9689b1b777d8736e5	train	21987
viralmetagenome:76a281c397ad2aa47f8f	train	21988
viralmetagenome:a0807747c056950711c6	train	21989
viralmetagenome:f50a7c33bf8346d4f0f6	train	21990
viralmetagenome:55240783547019769c7a	train	21991
viralmetagenome:07e208769b195bf857ae	train	21992
viralmetagenome:d5495da60ec3ba6c8484	train	21993
viralmetagenome:41028908999c51e27d1b	train	21994
viralmetagenome:1c4d9e0e2858b0321ad5	train	21995
viralmetagenome:5cd9d370075b10ab4320	train	21996
viralmetagenome:55e482102e0fe6f40a64	train	21997
viralmetagenome:daf82a1f96847bce8cf3	train	21998
viralmetagenome:a7ed230edf269cf1340b	train	21999
viralmetagenome:9ad7d9a036f122669274	train	22000
viralmetagenome:53e4232f8437f7d42192	train	22001
viralmetagenome:405ac143de99a3ff22d7	train	22002
viralmetagenome:5676e0c84af604ad8566	train	22003
viralmetagenome:50df8587a9d427adc27c	train	22004
viralmetagenome:cbe6bb45aa5335911f6b	train	22005
viralmetagenome:137002d2374358b99d02	train	22006
viralmetagenome:d3c5acb76bbee1597254	train	22007
viralmetagenome:7a2f461a75511b91845d	train	22008
viralmetagenome:8addc9aaae32c6412dcb	train	22009
viralmetagenome:673d10ab8942198a97ca	train	22010
viralmetagenome:318999d6c24a78f1d354	train	22011
viralmetagenome:de2b996e384bec3534f1	train	22012
viralmetagenome:36f78d57dc9b41011ec6	train	22013
viralmetagenome:e657c4e931b94fa1dcab	train	22014
viralmetagenome:38ef55076652afd90acb	train	22015
viralmetagenome:b8dce6c37f25aac2f3b8	train	22016
viralmetagenome:c0b7f713f117f316dbaf	train	22017
viralmetagenome:abcad172da3694a6a6ae	train	22018
viralmetagenome:69460404a715048d9db4	train	22019
viralmetagenome:89b77d1b7ef68a8b62f8	train	22020
viralmetagenome:dd79766c5f7af7feb405	train	22021
viralmetagenome:a3727ac74058d6f18ef5	train	22022
viralmetagenome:6e54dfa023d23c9a42d2	train	22023
viralmetagenome:358ad010b49c676db30e	train	22024
viralmetagenome:a5a1aebd4c8decce3216	train	22025
viralmetagenome:197ba805877d7e24bb0c	train	22026
viralmetagenome:ad9f8ebf0b7c77c4784e	train	22027
viralmetagenome:d9851aa0e7e760397483	train	22028
viralmetagenome:e61442996476809c78d4	train	22029
viralmetagenome:702d4aa43593954a7e10	train	22030
viralmetagenome:ab9b40487852419fea8b	train	22031
viralmetagenome:da010dd35a1228106c89	train	22032
viralmetagenome:a5fb868a9ef06d290a48	train	22033
viralmetagenome:8aad51d9a7e61503ef58	train	22034
viralmetagenome:6a10d6fb0a4c15e590fe	train	22035
viralmetagenome:9531ca62837fe92bd628	train	22036
viralmetagenome:8db2e9459f6983a7760b	train	22037
viralmetagenome:841902070ecb8a7ad97d	train	22038
viralmetagenome:64cdbe21f942fc93c8af	train	22039
viralmetagenome:946b836123216ad304ce	train	22040
viralmetagenome:78a90e928b5bd08d54b6	train	22041
viralmetagenome:413de7f3b7da6bc85230	train	22042
viralmetagenome:87740956b3d038d5a8f1	train	22043
viralmetagenome:d9d855d663d83b4800b9	train	22044
viralmetagenome:ecca2c9bd977a40b88e9	train	22045
viralmetagenome:187af87bcb446ffedacd	train	22046
viralmetagenome:b202900e12578cd7f8c3	train	22047
viralmetagenome:af29e588992a0b77964e	train	22048
viralmetagenome:6b08615b3aaaa9dd5bca	train	22049
viralmetagenome:f65fb175d454f59a4cd8	train	22050
viralmetagenome:2981eba0ce758a43be03	train	22051
viralmetagenome:e20ff80b1b9ca6dcf871	train	22052
viralmetagenome:ed6dd2719f179b1170b6	train	22053
viralmetagenome:f14ae06adac2680904cd	train	22054
viralmetagenome:cc697179bd2164940d05	train	22055
viralmetagenome:1edda6c87fe2c79dd59d	train	22056
viralmetagenome:da044b09c8e8ade5177c	train	22057
viralmetagenome:98964cb4982b6c91f17c	train	22058
viralmetagenome:8984538b7b533f6eb7e6	train	22059
viralmetagenome:43f155902d061e4af17c	train	22060
viralmetagenome:cae268c4f2aa3f3d0a28	train	22061
viralmetagenome:9e857d1cca0567bb4cf1	train	22062
viralmetagenome:e45c75e08b8b440f07db	train	22063
viralmetagenome:b282d826d2a300bd15f9	train	22064
viralmetagenome:2c18e9ebfe620e93a945	train	22065
viralmetagenome:8258b2f69a3c79536ecf	train	22066
viralmetagenome:507c1366b8c32832144e	train	22067
viralmetagenome:ea12c448b70cc4c7296c	train	22068
viralmetagenome:16f684f84396efe669b1	train	22069
viralmetagenome:ef6b21b0dfbd5d87c843	train	22070
viralmetagenome:b5c7cfaf3207688539e1	train	22071
viralmetagenome:13628430f1efc5d62f81	train	22072
viralmetagenome:9b95410460b9ca9925c1	train	22073
viralmetagenome:cd0ecd236497824565bd	train	22074
viralmetagenome:c9eccbb8c5c02cab07e3	train	22075
viralmetagenome:7a1d9a643d9a1382bb71	train	22076
viralmetagenome:f00f0aea550f5e22f05b	train	22077
viralmetagenome:ad5fbf55b780daf1733b	train	22078
viralmetagenome:bf6a5ef1c1721b26faa0	train	22079
viralmetagenome:15fc1d66c5d70bc7b788	train	22080
viralmetagenome:868fe081cc2d3085b7c8	train	22081
viralmetagenome:225e92de03921417367d	train	22082
viralmetagenome:f3b5004d2850d9768297	train	22083
viralmetagenome:602d6ac3803c24a79456	train	22084
viralmetagenome:f5b5a1ef87cf7d98e359	train	22085
viralmetagenome:03682919615dc720a7ec	train	22086
viralmetagenome:a89935bd621363da809a	train	22087
viralmetagenome:486bb13b07dd42470d8c	train	22088
viralmetagenome:7f59391527d8de3d1ce0	train	22089
viralmetagenome:b5263e358a0d602dee93	train	22090
viralmetagenome:314c02497e8661110cc9	train	22091
viralmetagenome:d84a2a9593b80eb565a1	train	22092
viralmetagenome:9d68159f2ac61ae69909	train	22093
viralmetagenome:fd02715252af64c65f3b	train	22094
viralmetagenome:04ba674530c8179c8892	train	22095
viralmetagenome:73211c41cf5adbeea4f9	train	22096
viralmetagenome:ef2ac660d59526278943	train	22097
viralmetagenome:384fc4dfd24dd5346a49	train	22098
viralmetagenome:4bd17ff9d0c1fd9a7b81	train	22099
viralmetagenome:6ea2a04f797ea1e9ba3a	train	22100
viralmetagenome:549f2855cac73b27eaeb	train	22101
viralmetagenome:594d622544ce034757d5	train	22102
viralmetagenome:4a0feb90a1d852fd4acd	train	22103
viralmetagenome:cb2d87bc9d49100f3fd3	train	22104
viralmetagenome:463e88b17938fa9f740b	train	22105
viralmetagenome:55dbbd159bf9f9e89702	train	22106
viralmetagenome:bd4005b7af217094e0b0	train	22107
viralmetagenome:5cb81c90de0b875960f1	train	22108
viralmetagenome:7cf34aeca4b5827d2db4	train	22109
viralmetagenome:b343f87d17bbba0ae5d4	train	22110
viralmetagenome:213eacbc9d1712bad6ae	train	22111
viralmetagenome:9392c34ba63714176995	train	22112
viralmetagenome:f79ac6e4e56d6a233df1	train	22113
viralmetagenome:7a851fda6e846234b29d	train	22114
viralmetagenome:4066638443fee6e3c50e	train	22115
viralmetagenome:b20dedf660a9eb40364f	train	22116
viralmetagenome:15ca607045d55d08a81f	train	22117
viralmetagenome:042b4c6f1cddad4d77fd	train	22118
viralmetagenome:5f717419c3d53c3d735a	train	22119
viralmetagenome:00649e3b7db5c6f84ef6	train	22120
viralmetagenome:8ed4efc6b5cd24253ed5	train	22121
viralmetagenome:586d1c4e976cca840e57	train	22122
viralmetagenome:665b096de89d874d5c0f	train	22123
viralmetagenome:f07db029d7b13a245ef4	train	22124
viralmetagenome:1a0bfe881f7327d2efdd	train	22125
viralmetagenome:fabb9af1d6ee9561b01c	train	22126
viralmetagenome:9075932085ee7afa00a9	train	22127
viralmetagenome:3f6babf1f332aab28d5b	train	22128
viralmetagenome:5f593cd8d4c9886b023e	train	22129
viralmetagenome:921392b70541f24b9651	train	22130
viralmetagenome:c8a052988466c6604a23	train	22131
viralmetagenome:8aa31e7c2ca092bcc038	train	22132
viralmetagenome:04828f02bfb92806cabf	train	22133
viralmetagenome:5eb4934dc0f230531ce4	train	22134
viralmetagenome:43dbc764dccaba0c6cfb	train	22135
viralmetagenome:871298df126f9bfd6383	train	22136
viralmetagenome:e6dd40b05fc7763723cc	train	22137
viralmetagenome:7ac12c827d866d81e685	train	22138
viralmetagenome:62bb9e68f540289bc2a3	train	22139
viralmetagenome:199244ecae6577bb822b	train	22140
viralmetagenome:f1d9f0ba0975d68bc569	train	22141
viralmetagenome:b5b7cb87b1e3d220a534	train	22142
viralmetagenome:3a98471f2483cfc47e7b	train	22143
viralmetagenome:bc84355cac179929023f	train	22144
viralmetagenome:0c0aec8a0fd20fdaf8a6	train	22145
viralmetagenome:3d2d653d0b255d9553fc	train	22146
viralmetagenome:6467710f6c056fe9634f	train	22147
viralmetagenome:dc348dc0f3056c687274	train	22148
viralmetagenome:65cd47601e58bf5e04d2	train	22149
viralmetagenome:5bda5075c3032d6d5cff	train	22150
viralmetagenome:6601101474a70a1d3ce4	train	22151
viralmetagenome:70394cf5e8b130417157	train	22152
viralmetagenome:414d367cd08a041b1b9c	train	22153
viralmetagenome:2181fa593387919b8c4b	train	22154
viralmetagenome:851cf07eacd50a0dd2a9	train	22155
viralmetagenome:3a6f303cb6d26fa1404c	train	22156
viralmetagenome:849957417ef78acdeb1b	train	22157
viralmetagenome:521284c0ce98c203d877	train	22158
viralmetagenome:2c16b4c69f8824838199	train	22159
viralmetagenome:c799357f8083ad9ca694	train	22160
viralmetagenome:b9cec5fa302d53010744	train	22161
viralmetagenome:da08498ce068e95a4bab	train	22162
viralmetagenome:237da37ab50abc079fff	train	22163
viralmetagenome:dcc769ce80d46439f037	train	22164
viralmetagenome:fa6fd685bafa5dd2a957	train	22165
viralmetagenome:11f9a762436c281ce288	train	22166
viralmetagenome:abc8f46249e4e041b5e5	train	22167
viralmetagenome:0f4b9cfebcc918c9e0e9	train	22168
viralmetagenome:455a0fffec68085e4335	train	22169
viralmetagenome:1190f0acee2c4277a875	train	22170
viralmetagenome:a262e68829c8b7b1266e	train	22171
viralmetagenome:560832b5fb0db9095f83	train	22172
viralmetagenome:7093b4e3e175adc1d47c	train	22173
viralmetagenome:5a7a13a5e2032783070c	train	22174
viralmetagenome:6ac6a699cc00e0d9c3b3	train	22175
viralmetagenome:95d168a6163aa56d303e	train	22176
viralmetagenome:2cf9e083234a9ead52aa	train	22177
viralmetagenome:95896d66047ceb688c6c	train	22178
viralmetagenome:e53d0a18f3da855c4d63	train	22179
viralmetagenome:204529ca547617159d82	train	22180
viralmetagenome:b118141f67e2fba736af	train	22181
viralmetagenome:c782c2a9744667da2c2b	train	22182
viralmetagenome:d597ce47e84fb256d3fb	train	22183
viralmetagenome:051253d332c225b77e2a	train	22184
viralmetagenome:3c6634051d4f4a590e48	train	22185
viralmetagenome:a42b51a4ff4716d54199	train	22186
viralmetagenome:b76b03cc8322de8d49f5	train	22187
viralmetagenome:151479fd783a87c4c65e	train	22188
viralmetagenome:54f6fa5c8809cf0aad36	train	22189
viralmetagenome:98a17c253ac74c33ba7c	train	22190
viralmetagenome:2fa0f0f95f81644df0f5	train	22191
viralmetagenome:8980b6732c83adf346ba	train	22192
viralmetagenome:056e4b9921474de1ed9a	train	22193
viralmetagenome:562068c6d11063317664	train	22194
viralmetagenome:a478fb4c5c5b5113e775	train	22195
viralmetagenome:2b216e4adb7239a091bc	train	22196
viralmetagenome:894271d4e663b8b39ea0	train	22197
viralmetagenome:1725e618a4727c99b795	train	22198
viralmetagenome:06bd909fd0d325197e05	train	22199
viralmetagenome:66cc347a903f64d36f80	train	22200
viralmetagenome:bf2e6936beb867dee55b	train	22201
viralmetagenome:40b466583d70119eecb3	train	22202
viralmetagenome:3d2fd6e3de8c65d979f1	train	22203
viralmetagenome:fd6e6bf48b9ee176d52b	train	22204
viralmetagenome:5a6b8ffd2632e1dc36dc	train	22205
viralmetagenome:bb3e0e3fd5491bc501d1	train	22206
viralmetagenome:436fed9dc3af5de2824d	train	22207
viralmetagenome:01ab6a37048ed17fe53b	train	22208
viralmetagenome:7ed4ee11dec27dc0d48b	train	22209
viralmetagenome:de9f18d4c6790f8c8a61	train	22210
viralmetagenome:9158ed3538d9c300c9a1	train	22211
viralmetagenome:a1919fad7dee0856aca8	train	22212
viralmetagenome:d071dda176958a632e31	train	22213
viralmetagenome:bb64bda39a93a150e8d3	train	22214
viralmetagenome:7fbec3e81414e736bf7f	train	22215
viralmetagenome:a919757533626814034e	train	22216
viralmetagenome:0c64dd027889092bb59f	train	22217
viralmetagenome:cd9f78d0de6c3d6e5226	train	22218
viralmetagenome:222406cf5354a78f502b	train	22219
viralmetagenome:19f701f872d764139f2f	train	22220
viralmetagenome:4dd9743f07c2699fd709	train	22221
viralmetagenome:0e846e40386e4c2d66ec	train	22222
viralmetagenome:d4b04afa4c2f9029b58c	train	22223
viralmetagenome:df4e9e4728bce7043220	train	22224
viralmetagenome:021edb5524698e1bfada	train	22225
viralmetagenome:cb280251178ee6da6408	train	22226
viralmetagenome:5b62958b89009f132ff0	train	22227
viralmetagenome:e602b9c5a4e575ebae04	train	22228
viralmetagenome:cde20a6263c5ac84226b	train	22229
viralmetagenome:fd2b11b04330405b728d	train	22230
viralmetagenome:0b9d0af3106ba22856e2	train	22231
viralmetagenome:f6133809f1cd24bbef58	train	22232
viralmetagenome:481e1cb9f31ef47e1ad8	train	22233
viralmetagenome:be97a2ff55dc94ba4bcd	train	22234
viralmetagenome:67d3d11991b302677919	train	22235
viralmetagenome:ea8681755172fcca8d4c	train	22236
viralmetagenome:dc4312d6b3d5bc5b5a0a	train	22237
viralmetagenome:6b9c328e578aa7db7f1b	train	22238
viralmetagenome:03e424e25f3bdf0b4a28	train	22239
viralmetagenome:6c1ba66f2115b0d4475b	train	22240
viralmetagenome:fe4ed549cca98c05dae2	train	22241
viralmetagenome:0bb8a50c08b3738ad2c9	train	22242
viralmetagenome:24de777f724b4e868550	train	22243
viralmetagenome:e0e34a3323a4054784dd	train	22244
viralmetagenome:fb6167c63dfa0c656b72	train	22245
viralmetagenome:b027e63b23c634f44e6a	train	22246
viralmetagenome:e7299c21c74240b699a5	train	22247
viralmetagenome:3c789686f9001daf58a2	train	22248
viralmetagenome:616f2b58ffbb69eae8a6	train	22249
viralmetagenome:7c0416e92bfb4ffad067	train	22250
viralmetagenome:3b4ebfedb0d94d49bed1	train	22251
viralmetagenome:4ce6256207e83f4a686c	train	22252
viralmetagenome:cd863342fd42e9003733	train	22253
viralmetagenome:186f3de70b5bdbad1cb8	train	22254
viralmetagenome:839083f49b1a97cbf362	train	22255
viralmetagenome:9c70110750cc6580b8d7	train	22256
viralmetagenome:80657403cb7f26b53301	train	22257
viralmetagenome:8c3acb172ff1067a5096	train	22258
viralmetagenome:f9c0aab96e0b641517f7	train	22259
viralmetagenome:2b439345cc39b47edf17	train	22260
viralmetagenome:08f74f7dd9261bb4240d	train	22261
viralmetagenome:153a1bad2b50ba646fb8	train	22262
viralmetagenome:b41d9eb049393b71efbd	train	22263
viralmetagenome:6c9cfcea23ce5bd2919a	train	22264
viralmetagenome:f1963407f58f528f79fe	train	22265
viralmetagenome:1a58933f6c13790c4b40	train	22266
viralmetagenome:dc47a95c1359ec120da7	train	22267
viralmetagenome:faa7b0d9ba0f3c660c16	train	22268
viralmetagenome:755edcb96655a6dedf86	train	22269
viralmetagenome:e9a985874d7908ad35f2	train	22270
viralmetagenome:8e068495fb158a7076c6	train	22271
viralmetagenome:26bdd27b49c71226d1a5	train	22272
viralmetagenome:0909733c66058928fe00	train	22273
viralmetagenome:f9bdcaf5900255904c10	train	22274
viralmetagenome:542abeb25e51db6fd0a2	train	22275
viralmetagenome:b946545111ae26026479	train	22276
viralmetagenome:0f9609dc1d46e2a25293	train	22277
viralmetagenome:a323b9fdc24439fdf144	train	22278
viralmetagenome:245c9ddb3d7f64599c3f	train	22279
viralmetagenome:f0836ba4d5d10c8ef925	train	22280
viralmetagenome:17e60f8170bfc0bfef6c	train	22281
viralmetagenome:f7798a03b31e929c9002	train	22282
viralmetagenome:5ebea235f552b79ccd57	train	22283
viralmetagenome:cc9606ab76c2afbeb586	train	22284
viralmetagenome:81e68a17c61dad705e17	train	22285
viralmetagenome:508d50ce788a8605eeed	train	22286
viralmetagenome:60aae2ef34a294fee01a	train	22287
viralmetagenome:7043bd2bcf2abb94cbc8	train	22288
viralmetagenome:a4a84eaef5a36f9a188c	train	22289
viralmetagenome:92debcb0c41aaf13d903	train	22290
viralmetagenome:9ff5c478c39aaab512b5	train	22291
viralmetagenome:9040a4fc9b34bf870165	train	22292
viralmetagenome:d2a6e71d4ccf8279d2db	train	22293
viralmetagenome:ffea3ee675a7bf874d29	train	22294
viralmetagenome:fc09af012aea35c758af	train	22295
viralmetagenome:10fc1fc8b27d61f23d01	train	22296
viralmetagenome:7f186e6562a84a159f20	train	22297
viralmetagenome:b6161856adf0a85344c7	train	22298
viralmetagenome:dabc3101a51b25e43f38	train	22299
viralmetagenome:4d4c10b2322eef9966d4	train	22300
viralmetagenome:dea81c2bae80bd0ba8e2	train	22301
viralmetagenome:36ea2883da7bb9910b04	train	22302
viralmetagenome:296809c1df07f400845a	train	22303
viralmetagenome:d7e3dd6a608bf9c666cb	train	22304
viralmetagenome:9fafca11701439bcc4c9	train	22305
viralmetagenome:93cce2dcc13fd0d0c2ce	train	22306
viralmetagenome:27e4c3d508b1ee47630b	train	22307
viralmetagenome:0cfd139ebe3fca32a25c	train	22308
viralmetagenome:e94f25e47b6d1d248586	train	22309
viralmetagenome:0f41b1144adbcbdc55ec	train	22310
viralmetagenome:75b5dcb9a8b8a9e0c83a	train	22311
viralmetagenome:7410df92579714354b27	train	22312
viralmetagenome:f3b042e9dafb0a2ec017	train	22313
viralmetagenome:9b2b32603a7e50ae3082	train	22314
viralmetagenome:81c1bb4f99056cf1e939	train	22315
viralmetagenome:3304c28e53e3aeaa3ab5	train	22316
viralmetagenome:9fddcf220a7d6f2899f9	train	22317
viralmetagenome:d85256fc1790c87e3e86	train	22318
viralmetagenome:d4909c297f0b904b29d6	train	22319
viralmetagenome:e858d5c3246db2deabdd	train	22320
viralmetagenome:7fdecc573aba8fbc0b20	train	22321
viralmetagenome:84f3740dcef3645ca1c2	train	22322
viralmetagenome:f35cd614339c1ddffc96	train	22323
viralmetagenome:ce18127af9faf9b1fd5e	train	22324
viralmetagenome:a9d0a6c011598a44c62a	train	22325
viralmetagenome:28089db062a5c69a1fb7	train	22326
viralmetagenome:93c3c571a2add5cad0cc	train	22327
viralmetagenome:dfa5973cb2ae6670d8b6	train	22328
viralmetagenome:e5df467516e3804ff0f6	train	22329
viralmetagenome:0dd37a6ca531ac418f1a	train	22330
viralmetagenome:fd0ee078d167eda24361	train	22331
viralmetagenome:64af7891b4cfefdce8d0	train	22332
viralmetagenome:80283413dc416372a3af	train	22333
viralmetagenome:2f563bb80005c5acec20	train	22334
viralmetagenome:f289337f3e56615a7c1b	train	22335
viralmetagenome:b0faae25a166ef57dc55	train	22336
viralmetagenome:d2dfd94d7428e7b862d8	train	22337
viralmetagenome:3cab1d625857f27a8db1	train	22338
viralmetagenome:9d83166fed63a3ce38bf	train	22339
viralmetagenome:dd945ec2bed077cf2b1b	train	22340
viralmetagenome:c9eda532d032753fc637	train	22341
viralmetagenome:91a7db80162b579dcf0c	train	22342
viralmetagenome:b17c32f66ce8e659e922	train	22343
viralmetagenome:aa77dc9782901490f11f	train	22344
viralmetagenome:0ffc37710ab24c2e4ccf	train	22345
viralmetagenome:b4039115bbd3076303f7	train	22346
viralmetagenome:a2aaaa710723d1e7b4d9	train	22347
viralmetagenome:82deecbb932a73e3c812	train	22348
viralmetagenome:210f677825486802e493	train	22349
viralmetagenome:2d7d3ae58ec84c2e054d	train	22350
viralmetagenome:d9cd5d7d96cee51722e4	train	22351
viralmetagenome:fa1830dcdfe485c29f9e	train	22352
viralmetagenome:e726248d9d1fc75f7455	train	22353
viralmetagenome:ace5f0e344e5df0068c3	train	22354
viralmetagenome:c99c635e0358610f25e8	train	22355
viralmetagenome:37fdfb53632a5df581a2	train	22356
viralmetagenome:055212c35f800b343386	train	22357
viralmetagenome:871ef68370bbcdb5b80d	train	22358
viralmetagenome:448ff67aca4ed301a71e	train	22359
viralmetagenome:4b911198446881142294	train	22360
viralmetagenome:b432f500337de215cfe9	train	22361
viralmetagenome:8163b99d01843c348862	train	22362
viralmetagenome:cb87d2663a50cafada5d	train	22363
viralmetagenome:8618f55ab341ab0ab01e	train	22364
viralmetagenome:6d967ed1b0fcf8066a50	train	22365
viralmetagenome:6628fd1fb98ecd42ee01	train	22366
viralmetagenome:2be2dccb6a51925becda	train	22367
viralmetagenome:878e265c5a36fe822494	train	22368
viralmetagenome:a395837eb7aece2b3ea3	train	22369
viralmetagenome:991ac3d6867a8c50ae25	train	22370
viralmetagenome:20c558896e072759c4e0	train	22371
viralmetagenome:9de5f05e63337066a105	train	22372
viralmetagenome:b4aff4afdfca692d8de5	train	22373
viralmetagenome:32150a1cdf0c2415c621	train	22374
viralmetagenome:f987808c9796aac206e6	train	22375
viralmetagenome:a1791b8a0839b47716cd	train	22376
viralmetagenome:e82b893b6ca18fd165e8	train	22377
viralmetagenome:1b014578a6769988ef0f	train	22378
viralmetagenome:0a08b7d0a1e57538323c	train	22379
viralmetagenome:44a04b448f5f4815da3b	train	22380
viralmetagenome:c6b5f9b42bd3e6c5b4f0	train	22381
viralmetagenome:50cba8fd50cb6fc2992d	train	22382
viralmetagenome:ae4a0814176211bf416a	train	22383
viralmetagenome:02bc09b7a97496f0efd1	train	22384
viralmetagenome:a5c2c083061ec7f77fdf	train	22385
viralmetagenome:2750a2bdc932281ef32a	train	22386
viralmetagenome:e3b35877353a8c8bf0e5	train	22387
viralmetagenome:45b6fb1d3ca5518c9d3c	train	22388
viralmetagenome:1e9d96692ce3c8a01866	train	22389
viralmetagenome:114d4c4136a5b80d69a9	train	22390
viralmetagenome:83c2e9c7c6848efc7157	train	22391
viralmetagenome:4ccba90aeb488fe4a639	train	22392
viralmetagenome:22da0dc71473b159680e	train	22393
viralmetagenome:62379721f3c29e292ebc	train	22394
viralmetagenome:92a7d9c91dd93e5be56c	train	22395
viralmetagenome:6dc8f09460767305a642	train	22396
viralmetagenome:e6204b9f59f971a0c3aa	train	22397
viralmetagenome:9a2b7ceca3e352af64a7	train	22398
viralmetagenome:da7b9b5cf363434d3b45	train	22399
viralmetagenome:e8d89f17ebe15447afbd	train	22400
viralmetagenome:2571084bf671e7afa80c	train	22401
viralmetagenome:5e095703935f8aefae5a	train	22402
viralmetagenome:f0889f4b0c1f4bfac269	train	22403
viralmetagenome:2ef4647bc5a1eaf2a208	train	22404
viralmetagenome:9d5a05be8b8463e64754	train	22405
viralmetagenome:d70eecac15f7fc02c84f	train	22406
viralmetagenome:30b9647086be7152720e	train	22407
viralmetagenome:e58c7844d4356ab08178	train	22408
viralmetagenome:91c8d5984a0b93ea2c42	train	22409
viralmetagenome:ac6a300e8757d0c77c6e	train	22410
viralmetagenome:9d584c0ae45de9f9e34b	train	22411
viralmetagenome:25b91c6ca7b9cdfc93c2	train	22412
viralmetagenome:0afe3c6411428e26ce31	train	22413
viralmetagenome:92036897adc635b74a98	train	22414
viralmetagenome:5a72c2dc971bec07699c	train	22415
viralmetagenome:6d54a9a5513bd9f9a971	train	22416
viralmetagenome:38f42cea3ac6753ecf8e	train	22417
viralmetagenome:5f5ef9392f5c4dbb98db	train	22418
viralmetagenome:6c00bf8717db24cd10d8	train	22419
viralmetagenome:6b9b22b662536efd601e	train	22420
viralmetagenome:beca3cd2d9610c48bcd9	train	22421
viralmetagenome:c62b78dea6b38054461a	train	22422
viralmetagenome:ac348caf9745e24b354c	train	22423
viralmetagenome:c6558016116ad7945a21	train	22424
viralmetagenome:1286e1063664d9232008	train	22425
viralmetagenome:f7a5154503e7f7645ae8	train	22426
viralmetagenome:0c9b980000afe2eee7a4	train	22427
viralmetagenome:368b0b5a53046192e75c	train	22428
viralmetagenome:97c7ec52b285b668c3c7	train	22429
viralmetagenome:c07247b90b0eac4534bc	train	22430
viralmetagenome:24d4ccb7c8aa85d4a25f	train	22431
viralmetagenome:ff5a7a319f4d50ba5766	train	22432
viralmetagenome:983a6816aa6580063709	train	22433
viralmetagenome:184b3a5879f08160a8ff	train	22434
viralmetagenome:a307dc166ca126945236	train	22435
viralmetagenome:dcfc0d25131134fa9e43	train	22436
viralmetagenome:059bf06e969540cc9c82	train	22437
viralmetagenome:fa03868f34d43352a421	train	22438
viralmetagenome:32729b8adc04b88e9fe6	train	22439
viralmetagenome:9076796421aa60ed378b	train	22440
viralmetagenome:f2fc278f2fe733bfbdf1	train	22441
viralmetagenome:94314cee80cff8795eca	train	22442
viralmetagenome:f514fbb7104816934f5b	train	22443
viralmetagenome:2cb051a824c4581d4609	train	22444
viralmetagenome:e7f85bc4c84a90ff3ab9	train	22445
viralmetagenome:c294da23342903e8f42a	train	22446
viralmetagenome:a69f696459691f14ccf6	train	22447
viralmetagenome:80a720e878aa3946d08c	train	22448
viralmetagenome:a1f3bde8ab325b922316	train	22449
viralmetagenome:1604cbd8f993b3f5c9cc	train	22450
viralmetagenome:b0b87eee4b010dea459f	train	22451
viralmetagenome:15cc2c3ac76989d037db	train	22452
viralmetagenome:667d90bbb960218c2451	train	22453
viralmetagenome:1c7491f119654899b11c	train	22454
viralmetagenome:22788a7b2782f059425e	train	22455
viralmetagenome:06fba6cdf60b52589377	train	22456
viralmetagenome:7b5f7d07ac2f9e7674b2	train	22457
viralmetagenome:e6c15919aa568e6e1e42	train	22458
viralmetagenome:fa55157cd59af8a08d7a	train	22459
viralmetagenome:b848b7e24f42ac531e57	train	22460
viralmetagenome:f82dd2365966f9a3b2fb	train	22461
viralmetagenome:9c8868b45fbc41bb4c8e	train	22462
viralmetagenome:c2f81deff31cea6cba61	train	22463
viralmetagenome:20d9e7bb926e6850d6e3	train	22464
viralmetagenome:b52f124ff13ae39f1cd6	train	22465
viralmetagenome:aa2865ba1aaefa5e7236	train	22466
viralmetagenome:fce5424fd1570aad5e09	train	22467
viralmetagenome:253ccfc8b70292785f2f	train	22468
viralmetagenome:6e0e4e989a50d71c35c5	train	22469
viralmetagenome:d370a39d2b6151765e75	train	22470
viralmetagenome:0e59a52f9f8a903c1f64	train	22471
viralmetagenome:01e7c04c0dfd39729f5a	train	22472
viralmetagenome:28d450a98c0df0391c4a	train	22473
viralmetagenome:3c853b22b31e273b7c41	train	22474
viralmetagenome:0cbe69c3681d4833808b	train	22475
viralmetagenome:015cbdfef5bbdc515b5a	train	22476
viralmetagenome:8fc181d4bcf48e6e0659	train	22477
viralmetagenome:440645cdf77f7550c38f	train	22478
viralmetagenome:073544ffde4e05d55652	train	22479
viralmetagenome:034528901b9f8e0cb950	train	22480
viralmetagenome:90eec15db5f932de9fb5	train	22481
viralmetagenome:bdd64c585bb6a0ecdd88	train	22482
viralmetagenome:6e93e8eb40da63ff4f4f	train	22483
viralmetagenome:ffb41c9b7e8c31bc3dbc	train	22484
viralmetagenome:381c4aef3f7fceb7e06c	train	22485
viralmetagenome:9b659c500f0964e5874e	train	22486
viralmetagenome:2229dbe352e6143c1c70	train	22487
viralmetagenome:e2d214f697bbcd9a6293	train	22488
viralmetagenome:c406d0d694e5709b9e79	train	22489
viralmetagenome:76ec11a963902bd9d667	train	22490
viralmetagenome:3c50a2125ea79b8b520d	train	22491
viralmetagenome:f54524cf224639a5af6e	train	22492
viralmetagenome:93c9dd7c5a58cfbe5c62	train	22493
viralmetagenome:b618d5c2efb439221d21	train	22494
viralmetagenome:fcb4e4e2b938165c1d78	train	22495
viralmetagenome:d69fd9d74a9264146c5f	train	22496
viralmetagenome:4b97990d333e4f60f8f1	train	22497
viralmetagenome:e1e931e0c56c8e13b926	train	22498
viralmetagenome:9021e4f91df4cdefe87f	train	22499
viralmetagenome:cf05da88b2bef2ccea2d	train	22500
viralmetagenome:19607528591bcd57ec54	train	22501
viralmetagenome:c89c8f9e0e33961d119c	train	22502
viralmetagenome:97970c4fb92fd6483430	train	22503
viralmetagenome:d59b00f42a1999ae6683	train	22504
viralmetagenome:85211c55aa37dcf03096	train	22505
viralmetagenome:c3e9e02e707199ca20a6	train	22506
viralmetagenome:8d7fa45ff9066284eeef	train	22507
viralmetagenome:ae354a2f230653534053	train	22508
viralmetagenome:be97f0d70afe8c2ef09d	train	22509
viralmetagenome:3888333c98e19cd9c69a	train	22510
viralmetagenome:28267b1e53292c21fece	train	22511
viralmetagenome:d79f6caf2e6ca4732a8d	train	22512
viralmetagenome:8e37a4f01a7c0a35b42f	train	22513
viralmetagenome:0a0e972b353c7198e12c	train	22514
viralmetagenome:69b9676b8ad8e2f70494	train	22515
viralmetagenome:979026eaf6f28f97e35a	train	22516
viralmetagenome:0978b45de3fe5f2b9c95	train	22517
viralmetagenome:46e1308cabfe91bccd17	train	22518
viralmetagenome:5b2b6a50210e68cb459a	train	22519
viralmetagenome:912c85b401da380e1395	train	22520
viralmetagenome:5ce1e632a8d72421423b	train	22521
viralmetagenome:1839f1c2d030c1be616f	train	22522
viralmetagenome:b0ac46912f55339b0b3f	train	22523
viralmetagenome:925e96c48671fa893f47	train	22524
viralmetagenome:c553ce34253935d9df99	train	22525
viralmetagenome:912711f5b9718363a540	train	22526
viralmetagenome:e497f43351948a69941b	train	22527
viralmetagenome:de72cccf9746a50506da	train	22528
viralmetagenome:f2ffea252936e406f349	train	22529
viralmetagenome:b7948192303ff987359c	train	22530
viralmetagenome:b34265e2752a2dc3b93d	train	22531
viralmetagenome:6a3656ccbf7b5a8070b0	train	22532
viralmetagenome:0ee66530ca54333fd7a3	train	22533
viralmetagenome:7bc78e1096ea09517dd6	train	22534
viralmetagenome:1b92a1fa7e5a73da720d	train	22535
viralmetagenome:63e8168f5123d491285a	train	22536
viralmetagenome:e4cecc1f50b8a3f41a12	train	22537
viralmetagenome:18980faa9ac94527f094	train	22538
viralmetagenome:89ef5e8e1801f83d684e	train	22539
viralmetagenome:5557f3c306872e8fcc9f	train	22540
viralmetagenome:46987bb64a54b82cd447	train	22541
viralmetagenome:81815209a30d8d874e70	train	22542
viralmetagenome:034024d7dcff1d995991	train	22543
viralmetagenome:60b3734c821015856e85	train	22544
viralmetagenome:a398918aa1cf03c6fc5b	train	22545
viralmetagenome:16ece14b5948ef8a14ea	train	22546
viralmetagenome:aafbfa2a09f5f97545ba	train	22547
viralmetagenome:6c7af94caedc7286f277	train	22548
viralmetagenome:67a16e0243766548ab27	train	22549
viralmetagenome:2eb92dc0d04c34bbe85a	train	22550
viralmetagenome:1e36f54cf6a603a96b4b	train	22551
viralmetagenome:8f5b8fd7d77d86db3a41	train	22552
viralmetagenome:f58b10978dfcd4cc6b93	train	22553
viralmetagenome:5911efe97b05b7ef4b90	train	22554
viralmetagenome:36fb68ea7d55a784db66	train	22555
viralmetagenome:bc17ede98331a198c631	train	22556
viralmetagenome:e0e0b3a08c6e829025a4	train	22557
viralmetagenome:3653ac42436ac9defb7c	train	22558
viralmetagenome:14c3d8b46c4d8f996cce	train	22559
viralmetagenome:55af938cc7a6a0f5c889	train	22560
viralmetagenome:0768c0cfc689bf6f68a8	train	22561
viralmetagenome:ee589cde8664d53324b5	train	22562
viralmetagenome:e5154d89e517665614bc	train	22563
viralmetagenome:d568a0f47db47359cc6e	train	22564
viralmetagenome:0112a8302c1e20aca195	train	22565
viralmetagenome:ee3a0db3efbfb5577004	train	22566
viralmetagenome:be5abab52caac20ad90a	train	22567
viralmetagenome:08494baac807297e7e64	train	22568
viralmetagenome:019f05ecf6a030194087	train	22569
viralmetagenome:8c60f60a93e4dd1b60a0	train	22570
viralmetagenome:2ab0fb5e9b67a112aa71	train	22571
viralmetagenome:9670df3bfbf1505ec42b	train	22572
viralmetagenome:003ce83637131a2eed51	train	22573
viralmetagenome:888af0d4f3e4eecb8f7d	train	22574
viralmetagenome:747229f35a21322311cc	train	22575
viralmetagenome:e1a7b48ec037b7062715	train	22576
viralmetagenome:ba7a0d33f31ee0652232	train	22577
viralmetagenome:22a3a043c8db6ce94114	train	22578
viralmetagenome:f797bcbbf146c3e43b3b	train	22579
viralmetagenome:3cb689e3c34c0089e621	train	22580
viralmetagenome:40d77907bac7e67c6c33	train	22581
viralmetagenome:4b478b825027c4a9f3b8	train	22582
viralmetagenome:7b03642e043235a2b8cf	train	22583
viralmetagenome:b938eec6103964fcb841	train	22584
viralmetagenome:375c5f8185ed317e3c0a	train	22585
viralmetagenome:82ae95d1b970cd25a48d	train	22586
viralmetagenome:3e325e9e80e6dda9c1fb	train	22587
viralmetagenome:6d0040175e5e777af194	train	22588
viralmetagenome:2cff7693a68393688945	train	22589
viralmetagenome:ce0775ec86b2e9ea50f6	train	22590
viralmetagenome:1f6e9e61d6ac9d9f660c	train	22591
viralmetagenome:c1889700a0f7d94a67f7	train	22592
viralmetagenome:3b4f312d417b40bbb0a1	train	22593
viralmetagenome:8bfa049973220565166e	train	22594
viralmetagenome:0e6b0a66a766f6b4b932	train	22595
viralmetagenome:2a52dbdf4c1cce6323ad	train	22596
viralmetagenome:a4e4bd72861e4c0ff2de	train	22597
viralmetagenome:9b485614ff1e178dff5c	train	22598
viralmetagenome:c724745b69c3030d3212	train	22599
viralmetagenome:bea5f85df555cde82203	train	22600
viralmetagenome:31c4c7ae6e9304536673	train	22601
viralmetagenome:8fed3a44532426b93350	train	22602
viralmetagenome:5ff1e702ed6eacbc05c7	train	22603
viralmetagenome:11687b180d28aa84f83b	train	22604
viralmetagenome:254b3aa93daf6a3b4cdd	train	22605
viralmetagenome:8a577c099f24e30df512	train	22606
viralmetagenome:51bee775f6e6e0ff905f	train	22607
viralmetagenome:3b62d06c81f26ae50fe4	train	22608
viralmetagenome:ad183863ae5528cefcbc	train	22609
viralmetagenome:1c9196f08e4f06533ee7	train	22610
viralmetagenome:859217fa2b582875fb70	train	22611
viralmetagenome:68dba6e72fb81c18a5ec	train	22612
viralmetagenome:d3ecf311cdc05be8af8c	train	22613
viralmetagenome:876b670767d7adedb32f	train	22614
viralmetagenome:ec78f5fa5caf2eb00831	train	22615
viralmetagenome:2d7ab085f49f4394b5b6	train	22616
viralmetagenome:17c8614201fdc48392dd	train	22617
viralmetagenome:adad959b96df92c39b85	train	22618
viralmetagenome:ee9a385f9671077b84a6	train	22619
viralmetagenome:3389020c2fdaace5545c	train	22620
viralmetagenome:aaa128a4e45f6e020ca7	train	22621
viralmetagenome:adf838a34d92ac4b8c19	train	22622
viralmetagenome:15f6f2f173734de2c276	train	22623
viralmetagenome:3381fe34c833ee87b19d	train	22624
viralmetagenome:e7de636e09fa12b97c5b	train	22625
viralmetagenome:d7bbca4e9d2e769db1f3	train	22626
viralmetagenome:d5b9d1fad218d78f927e	train	22627
viralmetagenome:79ccc92a0f107892ef85	train	22628
viralmetagenome:2b1602413c9aee477ec3	train	22629
viralmetagenome:03fef4c791937f0c7f88	train	22630
viralmetagenome:db9403c419cccbcd293a	train	22631
viralmetagenome:7d5dfe01f62c3a4c4d51	train	22632
viralmetagenome:56dec9bd97039ef17204	train	22633
viralmetagenome:0dacbe3d06360db824b0	train	22634
viralmetagenome:83a04da5411e40f07ead	train	22635
viralmetagenome:8bc71d695fa5c8bd4818	train	22636
viralmetagenome:99d2dc0d100c7444ad86	train	22637
viralmetagenome:af2d2a7187a058c275cb	train	22638
viralmetagenome:da826dc4e0d370a542e1	train	22639
viralmetagenome:e3d9b57934e0743d5681	train	22640
viralmetagenome:277f610dce6f50d5d144	train	22641
viralmetagenome:39d2b7a5466174eb4de5	train	22642
viralmetagenome:3738094a42aa1949049b	train	22643
viralmetagenome:b19d7365886be69df51e	train	22644
viralmetagenome:48550645c105c1a46952	train	22645
viralmetagenome:28699216935f938640c7	train	22646
viralmetagenome:b8229f68e5bdd06e4656	train	22647
viralmetagenome:4ad432238b9b7b674e24	train	22648
viralmetagenome:7f124944763d8adf6aef	train	22649
viralmetagenome:4bbd622a93d242536fb6	train	22650
viralmetagenome:43a96ef6857de0e53cf3	train	22651
viralmetagenome:6965518a232dbc14eb80	train	22652
viralmetagenome:4c8edede6409c0f228e5	train	22653
viralmetagenome:4cf1fc300525c7607998	train	22654
viralmetagenome:6d8e2a7b0d993036181d	train	22655
viralmetagenome:fc8350229048b898758e	train	22656
viralmetagenome:801037013f4e505ce603	train	22657
viralmetagenome:ab54d37936e10c896a2b	train	22658
viralmetagenome:56b5bf4bb9d5d3a656ce	train	22659
viralmetagenome:222949ef226f1d3f2d07	train	22660
viralmetagenome:72f9e19b33f709047111	train	22661
viralmetagenome:c21363ea4363610226f8	train	22662
viralmetagenome:3bf8a7e68e64842692d8	train	22663
viralmetagenome:368de08a216a3d3bd25f	train	22664
viralmetagenome:9ff3f06eb3647ebfe702	train	22665
viralmetagenome:5decff0d360166b0426a	train	22666
viralmetagenome:3d1fe315739744308a66	train	22667
viralmetagenome:a0a1feb9599ab408f583	train	22668
viralmetagenome:ac0911735c3856d2a926	train	22669
viralmetagenome:6c4704f4eec0d0c7ec7c	train	22670
viralmetagenome:cef54de151626cd29166	train	22671
viralmetagenome:9ac0a806e0348785867e	train	22672
viralmetagenome:213784d070121f0724aa	train	22673
viralmetagenome:28289d9ac5e0e61dba49	train	22674
viralmetagenome:6eed95fde4226a73484b	train	22675
viralmetagenome:dab3d1a9e32ab6537122	train	22676
viralmetagenome:bffc3a40a72a4d06b080	train	22677
viralmetagenome:8f89b191b3bd86e4f8b9	train	22678
viralmetagenome:a1aac5c233fe076c475e	train	22679
viralmetagenome:09405eb5dc5f0cc2d182	train	22680
viralmetagenome:71a29e8b5b6c86912e18	train	22681
viralmetagenome:56687e514eabac2651c4	train	22682
viralmetagenome:14dbde920b41d2538c35	train	22683
viralmetagenome:300162045669a15ddbf5	train	22684
viralmetagenome:d17c2b593b1f874eb865	train	22685
viralmetagenome:42d1b0c4e0c19a1da52b	train	22686
viralmetagenome:1367280292445cb68db6	train	22687
viralmetagenome:e675cf6f9a04634e5b1d	train	22688
viralmetagenome:4a366e814a5080e6b365	train	22689
viralmetagenome:5bc06ef4eb3e56a33444	train	22690
viralmetagenome:b5937987293ccc919c57	train	22691
viralmetagenome:6430b95c8621ada22799	train	22692
viralmetagenome:5243918d444807978339	train	22693
viralmetagenome:54b829b134167aede9f5	train	22694
viralmetagenome:cc77f05f166d083ad846	train	22695
viralmetagenome:26ef5410894dfe25178e	train	22696
viralmetagenome:27648fea5e6eee959624	train	22697
viralmetagenome:4c9b584c1f956aa8be0b	train	22698
viralmetagenome:9f11093873dc2e149665	train	22699
viralmetagenome:830d7838176019a5ad27	train	22700
viralmetagenome:7604508099c6fc50c0a0	train	22701
viralmetagenome:21413308e5e740d076d6	train	22702
viralmetagenome:78a76fb86ab54c5c084d	train	22703
viralmetagenome:2205276cffd237fe58c2	train	22704
viralmetagenome:92b4c06637dc3640e475	train	22705
viralmetagenome:73569c9bc47b182a0d66	train	22706
viralmetagenome:40551f9bf7c50da3999c	train	22707
viralmetagenome:3c5b1b3f787efdbdc7b2	train	22708
viralmetagenome:ca2fd5fc42ad510c4054	train	22709
viralmetagenome:d1bb29acabd47477db9a	train	22710
viralmetagenome:d12fd2caa84d05bf2a40	train	22711
viralmetagenome:78b6e1c8f14ea67f2f33	train	22712
viralmetagenome:94d36d351045538d589d	train	22713
viralmetagenome:be62d96993ff1bd4c147	train	22714
viralmetagenome:349b304a2e3c43d11872	train	22715
viralmetagenome:1b20b586dced85495879	train	22716
viralmetagenome:25731b14cb2be06ebca9	train	22717
viralmetagenome:71351a395170f10e0fb6	train	22718
viralmetagenome:7340ad9607f9189f07ed	train	22719
viralmetagenome:1894fdbf6d722eef23ce	train	22720
viralmetagenome:57d1ee7fce6813fdace1	train	22721
viralmetagenome:4b6b85e278605ae80d80	train	22722
viralmetagenome:ce120db0bc7bf2ff9bc9	train	22723
viralmetagenome:49388663e7d4fdbea1b3	train	22724
viralmetagenome:5d8ccb6a64a3944c898e	train	22725
viralmetagenome:3826a1cb4339f477beb4	train	22726
viralmetagenome:1c37489bf30a67db07bb	train	22727
viralmetagenome:a68fb9685c8fdefb5693	train	22728
viralmetagenome:062fdd11913bf3654fac	train	22729
viralmetagenome:22d51ef3863267c6821a	train	22730
viralmetagenome:89bebb17d0e03efea4ee	train	22731
viralmetagenome:f48ad58f9c42fc9d836a	train	22732
viralmetagenome:e60d7b28b0492be4dbae	train	22733
viralmetagenome:75fdb297b724af3a6e3d	train	22734
viralmetagenome:b7145120afc24c3ae837	train	22735
viralmetagenome:b0402b8a22feefbcc364	train	22736
viralmetagenome:4862415a5e6999e2dee0	train	22737
viralmetagenome:9e89d87e6eb95a6963fe	train	22738
viralmetagenome:010983d82bb75686ddb6	train	22739
viralmetagenome:b9cda835cd344be6b965	train	22740
viralmetagenome:62a918de4e411efe8545	train	22741
viralmetagenome:a16201d3c669f12112f9	train	22742
viralmetagenome:b96649971448a9846b27	train	22743
viralmetagenome:d05629c4bf4b24d62e4c	train	22744
viralmetagenome:39a06e5ea5bbfdffe32f	train	22745
viralmetagenome:61399d765c51dd3215cb	train	22746
viralmetagenome:c13522f199146ad4e17f	train	22747
viralmetagenome:cd15bf70d105351db71f	train	22748
viralmetagenome:43b3a73233d9f658a91c	train	22749
viralmetagenome:07377bf07dd009faf566	train	22750
viralmetagenome:cff10caaea180d8aa149	train	22751
viralmetagenome:2a5fd7f6d585013d0325	train	22752
viralmetagenome:5cf3fe5436d90191e35a	train	22753
viralmetagenome:a6d455d2ea77be897315	train	22754
viralmetagenome:3129412333ba86adc87f	train	22755
viralmetagenome:1b7ef0ddd1fd6402cfb8	train	22756
viralmetagenome:b07c4fad293d1332a7b2	train	22757
viralmetagenome:ee7df280c9c856f4ed00	train	22758
viralmetagenome:0980c5f0041731d937a7	train	22759
viralmetagenome:cf784ae461ab9e6497dd	train	22760
viralmetagenome:958c2950a72096049d4b	train	22761
viralmetagenome:362f2d74f5d94d3526c5	train	22762
viralmetagenome:35a935dcabd544a4eef4	train	22763
viralmetagenome:eeb77a23d5a165a88bd7	train	22764
viralmetagenome:fb72c5f5818378f234ed	train	22765
viralmetagenome:b9dc3a7bf085236e2fb0	train	22766
viralmetagenome:669277ff7a79b30b3a93	train	22767
viralmetagenome:d2be21e5b9dd6f598518	train	22768
viralmetagenome:1eae94f58d42a74e66a6	train	22769
viralmetagenome:f8714cb6a93e1e3793a2	train	22770
viralmetagenome:5b3832984679104f25a2	train	22771
viralmetagenome:48a82231911f0095a00d	train	22772
viralmetagenome:c1138bd365333ed992a8	train	22773
viralmetagenome:ed5a67db13c9247e2f27	train	22774
viralmetagenome:7b63b75f69f6fa38102f	train	22775
viralmetagenome:55c24d716556fdb0af9e	train	22776
viralmetagenome:2429dcb5cc75b2ae347c	train	22777
viralmetagenome:916efea650721e387bfa	train	22778
viralmetagenome:aeba2ad0781b757bd3db	train	22779
viralmetagenome:7fabe5dfbd63a4200745	train	22780
viralmetagenome:d19e133764bec7a76d1c	train	22781
viralmetagenome:66118073475a4f4ffab5	train	22782
viralmetagenome:ea5264c21ef3001152f8	train	22783
viralmetagenome:8454c900ca3355fb0abb	train	22784
viralmetagenome:7f54a7b9a873f41d7278	train	22785
viralmetagenome:9f8d9c52f6a053065d15	train	22786
viralmetagenome:93524702f99b0206f09b	train	22787
viralmetagenome:ae6b2a85dd025974acfa	train	22788
viralmetagenome:afe11f87afaf3bc6b73d	train	22789
viralmetagenome:254616386afdd2069893	train	22790
viralmetagenome:ffed7a03ba9f9e505a84	train	22791
viralmetagenome:b7e96ace65e86c8c2d1e	train	22792
viralmetagenome:d04cf56350d2b40a2d0c	train	22793
viralmetagenome:86211cb97727d27b0ca4	train	22794
viralmetagenome:72518ab1a952268edfe1	train	22795
viralmetagenome:1ef1682a44b6ddfe496d	train	22796
viralmetagenome:2e52cc8ff63ea0666832	train	22797
viralmetagenome:87af3ff8a4fe4dec06cc	train	22798
viralmetagenome:885ff83c889729cd9872	train	22799
viralmetagenome:d5f7a6d35e42ba7510ae	train	22800
viralmetagenome:dd231c33f838649fd780	train	22801
viralmetagenome:2e691795d0056f21c98c	train	22802
viralmetagenome:4e4dd0279ef9fdb99a88	train	22803
viralmetagenome:637e548e671853df1c74	train	22804
viralmetagenome:df61355172a603b9802d	train	22805
viralmetagenome:8c5455a1addc3f3a41a0	train	22806
viralmetagenome:e949ad2dab99388551a8	train	22807
viralmetagenome:bfe1c66879968b5f033d	train	22808
viralmetagenome:94a34ee1c4d58f2d9913	train	22809
viralmetagenome:d0c9b68d0748f423f773	train	22810
viralmetagenome:2433a3b7aeb84cf8eff0	train	22811
viralmetagenome:249f19e4d3c47f017a2c	train	22812
viralmetagenome:489b8c413d8bfd692349	train	22813
viralmetagenome:24cc37bc109cadaf71ba	train	22814
viralmetagenome:4a14e34d855b688a9041	train	22815
viralmetagenome:b95e752e14572d708341	train	22816
viralmetagenome:4181b7d7438fdf25d43d	train	22817
viralmetagenome:44a424af809ac3099451	train	22818
viralmetagenome:23b19a4f8017883794f5	train	22819
viralmetagenome:23362334c807100b85ed	train	22820
viralmetagenome:2f9b9a5d50a633543fba	train	22821
viralmetagenome:6871b71b981f256927e1	train	22822
viralmetagenome:e1dd23e497a7ebb16fc3	train	22823
viralmetagenome:58c7976b7eea30224a26	train	22824
viralmetagenome:0ae19b88a1cd34d9c9d0	train	22825
viralmetagenome:41a307b68ad5d55fa6cd	train	22826
viralmetagenome:5245b11ac4c0b51ceae4	train	22827
viralmetagenome:11d8d1dd6a9ec748abfe	train	22828
viralmetagenome:ac2b666ed0b882ffcd77	train	22829
viralmetagenome:4445b7f1a1867e22faae	train	22830
viralmetagenome:6482685d6ae185bcc673	train	22831
viralmetagenome:7236dcf6e5efe9b9ff85	train	22832
viralmetagenome:542e4ceea6994797bcb0	train	22833
viralmetagenome:3a5d66f4f0a29215eed6	train	22834
viralmetagenome:4d63bc78f3dbe804633e	train	22835
viralmetagenome:8bcfde6c893ee7d247cf	train	22836
viralmetagenome:96099ad73dfb724ea5a6	train	22837
viralmetagenome:ca04b96b06538f145e6f	train	22838
viralmetagenome:04263d0e485a52afd6a1	train	22839
viralmetagenome:967722e6b50cf87c4de5	train	22840
viralmetagenome:04de4c427450c70ad46e	train	22841
viralmetagenome:0dda0ab522d9175dea9f	train	22842
viralmetagenome:9ba250b6a5fde13d2d0f	train	22843
viralmetagenome:ef8b533942a30bf4bd9f	train	22844
viralmetagenome:7b21ad84b04174e87141	train	22845
viralmetagenome:26737a5b1b5986ac855d	train	22846
viralmetagenome:35dbd46abe84bda353c2	train	22847
viralmetagenome:2f12b6be068db040aa34	train	22848
viralmetagenome:69411f2f6f724cdf04a5	train	22849
viralmetagenome:9a27eb8b111cc0308f30	train	22850
viralmetagenome:9282532193162b7e1337	train	22851
viralmetagenome:a5205933ad8fda9b1956	train	22852
viralmetagenome:a71d67ef2f803e1e8ab8	train	22853
viralmetagenome:da8453f0d4a4f762205f	train	22854
viralmetagenome:e37d4e9da35139c5b8bf	train	22855
viralmetagenome:088cfe89faa4afcc6097	train	22856
viralmetagenome:39a17110c80209d75748	train	22857
viralmetagenome:a799684520ad42a6b873	train	22858
viralmetagenome:f8eadc4fe9adf96fb120	train	22859
viralmetagenome:32a989a06b8a7ec660a4	train	22860
viralmetagenome:5460ad3fbecedaa6d668	train	22861
viralmetagenome:c25b22aa0b73e71c0d9d	train	22862
viralmetagenome:c37ba59b5cd86bf9ec8b	train	22863
viralmetagenome:9aea389720728290cbe2	train	22864
viralmetagenome:161e1715060461b162d7	train	22865
viralmetagenome:a86d58208d7668dd6cb1	train	22866
viralmetagenome:98b804942319a3a370da	train	22867
viralmetagenome:c0777b15751e0cb62460	train	22868
viralmetagenome:99b9c8e8056c9301d069	train	22869
viralmetagenome:4e5fc3d53f1893441bd6	train	22870
viralmetagenome:8da86e986a35ab33ebe5	train	22871
viralmetagenome:cfa152b79f5846471d00	train	22872
viralmetagenome:192664d4d89be31b39cc	train	22873
viralmetagenome:d5bd9ddbe12edf9bd715	train	22874
viralmetagenome:64a713eab962e145fc98	train	22875
viralmetagenome:9e3b603d6d61d0cf515d	train	22876
viralmetagenome:3e063c7adf26d001d002	train	22877
viralmetagenome:2bed0698f2c25c23853a	train	22878
viralmetagenome:416f93b5ac8c5c69109b	train	22879
viralmetagenome:87a21fe2cf93efa76f7d	train	22880
viralmetagenome:f4e00bc4354150f3f3c5	train	22881
viralmetagenome:56ecea9bbda04ec6a570	train	22882
viralmetagenome:871979427e1cfc64f6b1	train	22883
viralmetagenome:6a950369d3c23178e5b2	train	22884
viralmetagenome:98a51ac02b8950ee17eb	train	22885
viralmetagenome:6219b6ba7838eb6df552	train	22886
viralmetagenome:2c255ef96dc275048139	train	22887
viralmetagenome:79736b017e60e7e567ef	train	22888
viralmetagenome:09ca0ec347da8bff495b	train	22889
viralmetagenome:bbb709d9585d87feec60	train	22890
viralmetagenome:e0f7aad0408e625ee0a4	train	22891
viralmetagenome:db2a8fc71e1972c6802f	train	22892
viralmetagenome:8aa071cdb3bb0bac7b20	train	22893
viralmetagenome:88c5dc8b23d5a197f49e	train	22894
viralmetagenome:0ba1d46e3b55aec67230	train	22895
viralmetagenome:1792fefcbb5148d7a36a	train	22896
viralmetagenome:23b4b1154c8ade278329	train	22897
viralmetagenome:f09fd8a294c1b37671ff	train	22898
viralmetagenome:866183fee70125322029	train	22899
viralmetagenome:8a34006d292dd03c5d13	train	22900
viralmetagenome:3fc4d05027fbc91d3345	train	22901
viralmetagenome:34027681dbc58354f90b	train	22902
viralmetagenome:bd8e29f82a7ebf4f4f15	train	22903
viralmetagenome:ac0402332b7f82fa87c4	train	22904
viralmetagenome:ea14a1d0ec53950ae6bf	train	22905
viralmetagenome:db39f78648875cc9a1cd	train	22906
viralmetagenome:df010b604dfd3de9fb67	train	22907
viralmetagenome:14bdb74d9f75aa7832ac	train	22908
viralmetagenome:9f37160d159e6c616c8c	train	22909
viralmetagenome:53f92e45200a15ff9502	train	22910
viralmetagenome:37abe65b39f2a4bb234a	train	22911
viralmetagenome:09f30d81c1310d16a4ea	train	22912
viralmetagenome:a189e519a06686351b15	train	22913
viralmetagenome:99522792b03228dae41a	train	22914
viralmetagenome:045df15fe181ece14bcf	train	22915
viralmetagenome:8f5317d11f33ea21797f	train	22916
viralmetagenome:e1ecbfa6588e66666a75	train	22917
viralmetagenome:3eff1e89a0bbdc482244	train	22918
viralmetagenome:e7ce2a93e023778d60de	train	22919
viralmetagenome:2c2c3d00784a8560a0f2	train	22920
viralmetagenome:5edddc2eb70beb844428	train	22921
viralmetagenome:6a21470e59d6495ca39d	train	22922
viralmetagenome:16be5d33a2c282e6d6d4	train	22923
viralmetagenome:19255e2fd771763562e4	train	22924
viralmetagenome:f19a8daeff5977c7af13	train	22925
viralmetagenome:5fc44f692755662688bf	train	22926
viralmetagenome:5b13ae8e432b6fd214d7	train	22927
viralmetagenome:dc4b291004406113b721	train	22928
viralmetagenome:5892259ed92c2c3c8e8b	train	22929
viralmetagenome:fae1a2f5f6aec1d6fa62	train	22930
viralmetagenome:c0523add32311c743024	train	22931
viralmetagenome:112dd519ca6aa7687380	train	22932
viralmetagenome:374b3886e388d642a88f	train	22933
viralmetagenome:57d470a58e02a305861d	train	22934
viralmetagenome:4e30d4a623da5c4ba385	train	22935
viralmetagenome:b98b3756655e90061bdb	train	22936
viralmetagenome:f78ac18b264e8d8af5a4	train	22937
viralmetagenome:60fe2a64dc250a504838	train	22938
viralmetagenome:a8377a23e5a0136f6127	train	22939
viralmetagenome:ce361c94202932a7ff10	train	22940
viralmetagenome:3b3d3dc4b8d49d01741c	train	22941
viralmetagenome:ffe75429eb4425beb4cc	train	22942
viralmetagenome:9a10bd5328499688b813	train	22943
viralmetagenome:7f324e747d733d945522	train	22944
viralmetagenome:279f7dd39c63c2a1dd2d	train	22945
viralmetagenome:91f3bddc2634e7913788	train	22946
viralmetagenome:4e5f488420e7c9956c81	train	22947
viralmetagenome:1cb1d6987b0d20dcdf7f	train	22948
viralmetagenome:9a137cbe172e431c5598	train	22949
viralmetagenome:17a29a040ce8e48b6918	train	22950
viralmetagenome:c75d631ce9f7df2dc028	train	22951
viralmetagenome:4ec4d7929b3a116b5de3	train	22952
viralmetagenome:e527546893d998e41e40	train	22953
viralmetagenome:27a5cad5bc1124790a6a	train	22954
viralmetagenome:def0b5342b9819f75658	train	22955
viralmetagenome:d43af95273fb90fedaa4	train	22956
viralmetagenome:bdf63cacf8d0efedfdaf	train	22957
viralmetagenome:98cbe3e364f17370e709	train	22958
viralmetagenome:44e726b46599f840e570	train	22959
viralmetagenome:994dfdcfa6437083ba81	train	22960
viralmetagenome:c7a684261f9d75fc3e36	train	22961
viralmetagenome:037654865fd5685f45e1	train	22962
viralmetagenome:55f9cd0ad60c8e45ea1e	train	22963
viralmetagenome:1a72d60fb57ea8bfc6b7	train	22964
viralmetagenome:912517f28b42b7d520ec	train	22965
viralmetagenome:8f5fa5c7c953b1a362b2	train	22966
viralmetagenome:20866fb217e4d2cfc6a0	train	22967
viralmetagenome:f90ff130677ef5caff07	train	22968
viralmetagenome:9ca5c1a78106cad281c6	train	22969
viralmetagenome:31e1acd0178ee38bfc26	train	22970
viralmetagenome:a4478287003a66e260be	train	22971
viralmetagenome:d05080bcfa6efaedf81a	train	22972
viralmetagenome:08b7866a7acc78566362	train	22973
viralmetagenome:2f5e3a93c828917ad848	train	22974
viralmetagenome:386c505be9ca2949b6f9	train	22975
viralmetagenome:7c0cabfbed88b5fd0440	train	22976
viralmetagenome:42c71e5015d5694a9c5d	train	22977
viralmetagenome:707f15ec729f8c0e377c	train	22978
viralmetagenome:8731db11885e99b2ab9d	train	22979
viralmetagenome:0368a18b70c9e99ed64c	train	22980
viralmetagenome:3074c3c4a402fde0b43a	train	22981
viralmetagenome:7f6faf57dab05e352379	train	22982
viralmetagenome:c7cd8f1c1e8a5bc2bd1f	train	22983
viralmetagenome:89e778581b4a195d93c0	train	22984
viralmetagenome:20f276018bac1287cb37	train	22985
viralmetagenome:f1fc6d22d31361963944	train	22986
viralmetagenome:fce2627532a7aa967499	train	22987
viralmetagenome:94e5d5b7d1e5b2e1de59	train	22988
viralmetagenome:9b6ee1081e1d7daeb3de	train	22989
viralmetagenome:284fa37691200f605c1d	train	22990
viralmetagenome:678c12b141333782e1e8	train	22991
viralmetagenome:143fa5c8ba4a1f8c5465	train	22992
viralmetagenome:e25a8e3d220d8e778ac5	train	22993
viralmetagenome:b4d6b69649a22f5cfb88	train	22994
viralmetagenome:7945964b50e9de01928b	train	22995
viralmetagenome:e3cc2ee3b2c93eedf899	train	22996
viralmetagenome:3b5e59c0c75561a382e2	train	22997
viralmetagenome:e89dd28f41efdbf2a00d	train	22998
viralmetagenome:0f85e5ff4dde4b720b90	train	22999
viralmetagenome:94363399f1b996b084e5	train	23000
viralmetagenome:1c854bce7b48a5f176e1	train	23001
viralmetagenome:94a85a74d8c0bdcebdab	train	23002
viralmetagenome:a098f8cdc50864857ef2	train	23003
viralmetagenome:9369c180cafeeff54921	train	23004
viralmetagenome:0b022e05c7259eb072c1	train	23005
viralmetagenome:b9f85d617bf43362991a	train	23006
viralmetagenome:3c8e31b46e286c6f4892	train	23007
viralmetagenome:42ad12b00ba21c194ab3	train	23008
viralmetagenome:36e04139e066fe660b4b	train	23009
viralmetagenome:1ba4259c1929eac30697	train	23010
viralmetagenome:916ceb914c3fe1296008	train	23011
viralmetagenome:d1e73c82332b899f1030	train	23012
viralmetagenome:f5d37768af39d28435fe	train	23013
viralmetagenome:75ffaeacfa03aea71d48	train	23014
viralmetagenome:9d6094249bae03c4e784	train	23015
viralmetagenome:437e58476107fab419d2	train	23016
viralmetagenome:b5cca757be31b351ddb8	train	23017
viralmetagenome:c60e7f6e10fc84a257a3	train	23018
viralmetagenome:87ebcbc24ccdca299460	train	23019
viralmetagenome:609f6af70da6c74712c9	train	23020
viralmetagenome:7a64c384f05d931ec81b	train	23021
viralmetagenome:7cce4df2d9c979c165e2	train	23022
viralmetagenome:8bae418e791575ac0297	train	23023
viralmetagenome:925663589fc0bbdc64fb	train	23024
viralmetagenome:5521938b64cb8243d295	train	23025
viralmetagenome:71dea0a141467a977d70	train	23026
viralmetagenome:e4ce54fbe439c6957ccc	train	23027
viralmetagenome:6efbf1fafc65fe297bc4	train	23028
viralmetagenome:f2f1eb649f539937ba4e	train	23029
viralmetagenome:15a530d865e815f78699	train	23030
viralmetagenome:b6d8e9c757f3a39940d6	train	23031
viralmetagenome:345c29e4e1c314abe2e9	train	23032
viralmetagenome:e00dca82d7ee4ca64d86	train	23033
viralmetagenome:d7de304020bc9573a02f	train	23034
viralmetagenome:c3861b46353bfb4cceb1	train	23035
viralmetagenome:1a689556bdf6ea0ed2cb	train	23036
viralmetagenome:cf9519fce8b908b94cc8	train	23037
viralmetagenome:c9bc1cc9e179f9ed8928	train	23038
viralmetagenome:511a1e06c43afa95c315	train	23039
viralmetagenome:c15dfc480646aa6529b5	train	23040
viralmetagenome:0221e77a24f7fc288dd0	train	23041
viralmetagenome:8647e7bd85703828a092	train	23042
viralmetagenome:fd8b66792ac6a059cda5	train	23043
viralmetagenome:736cc787034802f76cc7	train	23044
viralmetagenome:770a066bc7dd53db20fc	train	23045
viralmetagenome:7cd2429504862902e701	train	23046
viralmetagenome:05923d3df7da3aa2a243	train	23047
viralmetagenome:3dfb672bed317811a6b6	train	23048
viralmetagenome:675b74fe432776280939	train	23049
viralmetagenome:596ba3bb7d8a513001c7	train	23050
viralmetagenome:986d7bdd04ce847d656c	train	23051
viralmetagenome:7e838c3d4beeb09b2721	train	23052
viralmetagenome:4f072a68982f70ff7369	train	23053
viralmetagenome:3c2118bbef5bb2af77e0	train	23054
viralmetagenome:b6bce9be2d215437ac39	train	23055
viralmetagenome:a05556fc6829ce017973	train	23056
viralmetagenome:1d92d60afe43c6e5b92a	train	23057
viralmetagenome:bff1cb4c81a5a5b2dc1c	train	23058
viralmetagenome:223fd6224bbeb26258bb	train	23059
viralmetagenome:aafa355c31f105c7efc3	train	23060
viralmetagenome:98c0e88094befa3d5f8e	train	23061
viralmetagenome:e5d46c1605f101e1bd2b	train	23062
viralmetagenome:24979c5c7c629ab81268	train	23063
viralmetagenome:a6168a1726add46393fa	train	23064
viralmetagenome:12c314bdf1b7c62ddc12	train	23065
viralmetagenome:a7c4862ab986a75bcf0b	train	23066
viralmetagenome:5b57f1dbfd76c3c8e495	train	23067
viralmetagenome:a5eadf6ea12b566a3124	train	23068
viralmetagenome:2f3d58749691838ef9ad	train	23069
viralmetagenome:1527a9cceaf4a8c721bf	train	23070
viralmetagenome:c128f2332aa42d720de7	train	23071
viralmetagenome:c1939a3eb88980ad0fcf	train	23072
viralmetagenome:e454195c5910821da22c	train	23073
viralmetagenome:b23198916e5523ef24da	train	23074
viralmetagenome:57d0ce925e2bf497f6f1	train	23075
viralmetagenome:d107ff8bf7de221fa707	train	23076
viralmetagenome:9999ccfd27e48d63b4c7	train	23077
viralmetagenome:387926a67c7cc08bc1de	train	23078
viralmetagenome:a74bde307d2bf6a2359b	train	23079
viralmetagenome:52825e0941fa3b1c18fe	train	23080
viralmetagenome:08648e641b2a96d7756a	train	23081
viralmetagenome:306d46905082f9673542	train	23082
viralmetagenome:a7c4e35e01bcc6c2cea2	train	23083
viralmetagenome:c4c8dd6f4d290367ca71	train	23084
viralmetagenome:ea82f949a50ff18f1b12	train	23085
viralmetagenome:2c58171cded5930503b9	train	23086
viralmetagenome:9b07cbd008b0e6c5ade8	train	23087
viralmetagenome:218ea9c09511ecc33c30	train	23088
viralmetagenome:855ef171a5a8fdd64c08	train	23089
viralmetagenome:f83fde8d303edbf483cf	train	23090
viralmetagenome:63f4a256be5fa28068b3	train	23091
viralmetagenome:e12cfa674402796feaed	train	23092
viralmetagenome:676c119b9add2988160d	train	23093
viralmetagenome:4bcb497425de119de8dc	train	23094
viralmetagenome:75024988dce458b40696	train	23095
viralmetagenome:cefc1c16aa7d58feda7b	train	23096
viralmetagenome:40f26e862f818b38f7a7	train	23097
viralmetagenome:1326f605dc2578b4498f	train	23098
viralmetagenome:182bd6bd81bffb824541	train	23099
viralmetagenome:e8c5ee462e5230a2aa36	train	23100
viralmetagenome:c0e0d28aace91055f17e	train	23101
viralmetagenome:e61f6997804d378b3808	train	23102
viralmetagenome:fa44ba8dbba02d817918	train	23103
viralmetagenome:82885ebccb78d8e57028	train	23104
viralmetagenome:c98614877a24bae7d31d	train	23105
viralmetagenome:9aa2e2d7dbe437d4bf61	train	23106
viralmetagenome:096afc042c16eeaa5a0e	train	23107
viralmetagenome:d66ffb22ed6cf839e99a	train	23108
viralmetagenome:f6befd2af7045f177f31	train	23109
viralmetagenome:010ad9fa8f73757f6589	train	23110
viralmetagenome:12eb55005ad2c1d97c5e	train	23111
viralmetagenome:b03bf05c1574163d064e	test	23112
viralmetagenome:fe9741fdcf00224add2f	test	23113
viralmetagenome:e4ad573c9da675348f13	test	23114
viralmetagenome:6d6bb499f8d9b6616ce8	test	23115
viralmetagenome:07246792cb4bb695ddd5	test	23116
viralmetagenome:5a7d9ce80e89a7c86ca0	test	23117
viralmetagenome:e916721fdd9f5c95c3bd	test	23118
viralmetagenome:fa8aa94435db5414328e	test	23119
viralmetagenome:128d9a2659695336365b	test	23120
viralmetagenome:f9e40499be3409528fc3	test	23121
viralmetagenome:20544a654ff7a1401556	test	23122
viralmetagenome:268b3a84c60111297f88	test	23123
viralmetagenome:2968635a40c70bf192d3	test	23124
viralmetagenome:1215b27420620a94e5e9	test	23125
viralmetagenome:b453af4d131d4920d037	test	23126
viralmetagenome:d75904ed010764753f00	test	23127
viralmetagenome:765b33dec56cdedcccc7	test	23128
viralmetagenome:5a9e4bb2ef0b1ca71a17	test	23129
viralmetagenome:e24ab9555dfb3f4123c0	test	23130
viralmetagenome:b10bc996a097d8f5c8c8	test	23131
viralmetagenome:3e132360f49108daa188	test	23132
viralmetagenome:9238b72d90f7fb0d15af	test	23133
viralmetagenome:2f7858d0cb5d1ca7e7ca	test	23134
viralmetagenome:45a9da94724f5c239330	test	23135
viralmetagenome:613422271925fd51f2bd	test	23136
viralmetagenome:bdc6254b0691871f59ec	test	23137
viralmetagenome:a3103239f63a8bc05ba2	test	23138
viralmetagenome:99b3a76c963f399805ff	test	23139
viralmetagenome:4159b6fa6f6b803562cc	test	23140
viralmetagenome:6612c1d90ec566be2cff	test	23141
viralmetagenome:7dbf373dabd0e904f2b4	test	23142
viralmetagenome:7057bfa36e275c49e64e	test	23143
viralmetagenome:449e3fbc8ff6cdb5e0c5	test	23144
viralmetagenome:4fdaae56c64f100657c4	test	23145
viralmetagenome:128df76f3cf800c2c535	test	23146
viralmetagenome:4aaa1b39041f2e4aa0a7	test	23147
viralmetagenome:b833357ac34a7e563bed	test	23148
viralmetagenome:e0ee546c382490a8b793	test	23149
viralmetagenome:73b99ec04542b66a425f	test	23150
viralmetagenome:c499ab866c9136efb68d	test	23151
viralmetagenome:c108997e76a44a4ed5f3	test	23152
viralmetagenome:88f43e6d785fdb26c771	test	23153
viralmetagenome:089e3a55e4fce7cf713d	test	23154
viralmetagenome:3014612bc8fde955211c	test	23155
viralmetagenome:81da7c8d691d4dcf0666	test	23156
viralmetagenome:d761df6c75dc628a66ac	test	23157
viralmetagenome:bf6dbc02d185f58ed646	test	23158
viralmetagenome:67bff769364232088eb4	test	23159
viralmetagenome:f1273c1baaf96a718306	test	23160
viralmetagenome:5618ed4a0aee651dba4e	test	23161
viralmetagenome:8a3b8152e95cd043b947	test	23162
viralmetagenome:9ba294f929bfc243c9f7	test	23163
viralmetagenome:ddd0915ae0183cb8d238	test	23164
viralmetagenome:91cd7c9e4e5c256f0066	test	23165
viralmetagenome:44ed26a94e0dd0d9c001	test	23166
viralmetagenome:dd2b7ccafb4dce770834	test	23167
viralmetagenome:56b69aa7f00594971bca	test	23168
viralmetagenome:0cb53c18186e8286e66f	test	23169
viralmetagenome:81527fd398b9a2760d05	test	23170
viralmetagenome:c9ce71bdff78a954e5d7	test	23171
viralmetagenome:37c3f3f8a10d4afdf985	test	23172
viralmetagenome:e708ba924f0758903e98	test	23173
viralmetagenome:e77ae98f2630d2fe6804	test	23174
viralmetagenome:c74d0bde1d9b4e575b6f	test	23175
viralmetagenome:f561f7f5a15727418903	test	23176
viralmetagenome:91d4dabb044131dea5c6	test	23177
viralmetagenome:6d8c0641a776ca92a54f	test	23178
viralmetagenome:c26a84194b75dbdc5447	test	23179
viralmetagenome:77f1c6c42d88a75fc895	test	23180
viralmetagenome:72e406db0a4555427e41	test	23181
viralmetagenome:a01693dc3711cac697bd	test	23182
viralmetagenome:dc1e1b6b1f5f5d51c76a	test	23183
viralmetagenome:25c0f7ca7aa42d8ab3da	test	23184
viralmetagenome:895079b15300b66dba91	test	23185
viralmetagenome:c26856bccc140d0baf5e	test	23186
viralmetagenome:51ebe613ab1bfe8788d9	test	23187
viralmetagenome:ed742f3a372b4fe6a7ca	test	23188
viralmetagenome:34bb1742c32045025f29	test	23189
viralmetagenome:ff4830ef695925e17f11	test	23190
viralmetagenome:cb812edc5b8c8b8a3ed1	test	23191
viralmetagenome:5bffdf74310e5f75e11b	test	23192
viralmetagenome:cc7aae1d3c0d7c91984b	test	23193
viralmetagenome:a80a7987d85db72f8d4f	test	23194
viralmetagenome:3d3423eb50abefa2e27f	test	23195
viralmetagenome:0d52c361cdb4bdb8cc6a	test	23196
viralmetagenome:4ac7b5e4a8ccb01fa64e	test	23197
viralmetagenome:822ee15f11ac37ca098a	test	23198
viralmetagenome:9e1cea5fc396ca20e119	test	23199
viralmetagenome:a69edfaf67746249b76c	test	23200
viralmetagenome:f1bb7f581ff6be67c0d9	test	23201
viralmetagenome:77455b886573f7163a38	test	23202
viralmetagenome:37e148adaefcf14b8489	test	23203
viralmetagenome:3d3c8e4f4c8de78d01ec	test	23204
viralmetagenome:189aef079de63e99d4bb	test	23205
viralmetagenome:a9638895a62296de469b	test	23206
viralmetagenome:bc5975f72dee5a661029	test	23207
viralmetagenome:de2c456408d3bf0af461	test	23208
viralmetagenome:4d2d1a27c7aea06bd096	test	23209
viralmetagenome:e227496603b76414fec1	test	23210
viralmetagenome:c5141b2d817f78b827fe	test	23211
viralmetagenome:77556c7e62401731638b	test	23212
viralmetagenome:fe148840f5072f6ecd28	test	23213
viralmetagenome:1fe1430ef93dbf754897	test	23214
viralmetagenome:430f7ece1c74e92b96c7	test	23215
viralmetagenome:422b670de1dd4e499115	test	23216
viralmetagenome:f46a5e36d9cfacaff580	test	23217
viralmetagenome:b374b2a2cfab57f74c47	test	23218
viralmetagenome:716e05674edaa33b23d8	test	23219
viralmetagenome:d6cae3eca291606ea23f	test	23220
viralmetagenome:44b6d496f3fe553ad1cb	test	23221
viralmetagenome:bad55dd5268fbb563410	test	23222
viralmetagenome:79cf5d113c8e583094f1	test	23223
viralmetagenome:9d2a3c02b28453c8154b	test	23224
viralmetagenome:d7bcef4858f744b9d7a0	test	23225
viralmetagenome:c421cac0f560303fea47	test	23226
viralmetagenome:07d6973bfc2e7f7d2584	test	23227
viralmetagenome:81830cda0a2ce1bedeb9	test	23228
viralmetagenome:35dc773b82ec1d8583db	test	23229
viralmetagenome:2daa20849c992b125a8c	test	23230
viralmetagenome:c71c534e82b2b27e8f46	test	23231
viralmetagenome:769f8db11e2bdbc53219	test	23232
viralmetagenome:473b870b199f02b0adce	test	23233
viralmetagenome:6dbaff76c03dec08d7f5	test	23234
viralmetagenome:e9fd34d7222e59e0328e	test	23235
viralmetagenome:41b816bcfa086d100c89	test	23236
viralmetagenome:51ad428079aa19fd7d86	test	23237
viralmetagenome:7beee43a8fd9b2ab4a14	test	23238
viralmetagenome:b163abbbd5a79ad35b03	test	23239
viralmetagenome:c82234ef6c5f8c0ecae1	test	23240
viralmetagenome:3631be562779b85b9e43	test	23241
viralmetagenome:a1b6a4c1663a93e006e6	test	23242
viralmetagenome:abe25c8735ced94e6181	test	23243
viralmetagenome:62d6fc2d4fa7900fb609	test	23244
viralmetagenome:89cf5b75ac9b8296d671	test	23245
viralmetagenome:90a24a43a1573bf05155	test	23246
viralmetagenome:a99a3c0caef20471910e	test	23247
viralmetagenome:5b8c2a4535b09c26e63a	test	23248
viralmetagenome:9014cc28894f132dd4fd	test	23249
viralmetagenome:c317261541fdd6e57de1	test	23250
viralmetagenome:9760a174f9eb10fd989f	test	23251
viralmetagenome:fdad55ccfbed1821e1d4	test	23252
viralmetagenome:7c83d41d8d6bbc832bff	test	23253
viralmetagenome:9f920504f64e5adf6c36	test	23254
viralmetagenome:181395cf4a44851cc363	test	23255
viralmetagenome:01a8814a89d470afde84	test	23256
viralmetagenome:3e590f168b0b8b4c5571	test	23257
viralmetagenome:0c1e6d0051da84619a5c	test	23258
viralmetagenome:90d7308fa843c5070f1e	test	23259
viralmetagenome:236a9c276d8967301efc	test	23260
viralmetagenome:4e7d636d8a67847c98a9	test	23261
viralmetagenome:e999dd234c4d7a0f53aa	test	23262
viralmetagenome:1fb9f29e96ebef9cea9a	test	23263
viralmetagenome:e11fe318cadc066e2bc9	test	23264
viralmetagenome:8809e7d2eef4f3230f4f	test	23265
viralmetagenome:8cdb6509b844b0782b45	test	23266
viralmetagenome:4696e9bfd036bab06392	test	23267
viralmetagenome:7a70a78acf232aba1499	test	23268
viralmetagenome:c1966512446bb070fd5f	test	23269
viralmetagenome:be4535baf7d159dea5d1	test	23270
viralmetagenome:1312130dd49d1acc8c6c	test	23271
viralmetagenome:28a612aa51e483221fb7	test	23272
viralmetagenome:df012d37dba60500992d	test	23273
viralmetagenome:bf8b7e505fcab7bc89ec	test	23274
viralmetagenome:feaa262cd7afabeb3e20	test	23275
viralmetagenome:f8d70f75709f69ee0fc2	test	23276
viralmetagenome:4368111b22b44edc5492	test	23277
viralmetagenome:bbe5b641ea43bee9fc14	test	23278
viralmetagenome:c9c87618f34edd87d42c	test	23279
viralmetagenome:96af48f9f575161e3b0c	test	23280
viralmetagenome:bad846197fb9424d584d	test	23281
viralmetagenome:7ee46956cb452a0970b7	test	23282
viralmetagenome:60c9b8af0c9bb67f0f81	test	23283
viralmetagenome:5b44475a744521e5bdee	test	23284
viralmetagenome:6d79555b060f129a31a7	test	23285
viralmetagenome:c5f7381060bc98ed5e4f	test	23286
viralmetagenome:731feb9b3ca1a2918df4	test	23287
viralmetagenome:c26df4d5ec75d9191254	test	23288
viralmetagenome:b07494d6449306ab12f6	test	23289
viralmetagenome:fd5f1a1dfe272862cb54	test	23290
viralmetagenome:59662d448c44c279cec1	test	23291
viralmetagenome:4d7bec33966c3481533a	test	23292
viralmetagenome:0096c63edd84303be8a4	test	23293
viralmetagenome:9b7d245e5483bf11f96c	test	23294
viralmetagenome:ebcd06568ad51447e16d	test	23295
viralmetagenome:ab2dc1a2ef41ffe50cd2	test	23296
viralmetagenome:232e0b3d7ded4beca4b4	test	23297
viralmetagenome:ed489e8bf49b9792060b	test	23298
viralmetagenome:54223a1e9f98579d61fd	test	23299
viralmetagenome:ee428f2a17260a2d87ee	test	23300
viralmetagenome:0d346deaa1010a07a284	test	23301
viralmetagenome:b0bd9221e7b099976e45	test	23302
viralmetagenome:b35c51cc94bf5182c8b1	test	23303
viralmetagenome:5cee79ab9b2789388e1a	test	23304
viralmetagenome:f4ea6bed84983cf8bb0b	test	23305
viralmetagenome:85be0db3a8727a0ccd45	test	23306
viralmetagenome:f1bb6949d34b9f4ea708	test	23307
viralmetagenome:720fb9483141eed5c761	test	23308
viralmetagenome:149147ab73ac5099099e	test	23309
viralmetagenome:03b3ff6757d7b50459f7	test	23310
viralmetagenome:0bf90fd305d94788ba20	test	23311
viralmetagenome:b63652bf90744022fbaa	test	23312
viralmetagenome:3ef7398a987e6ee5cceb	test	23313
viralmetagenome:fd231488ddf564daff62	test	23314
viralmetagenome:cc7379222db678a7fdb6	test	23315
viralmetagenome:e18f1f3a58b6f0e9d6c6	test	23316
viralmetagenome:280148add534009b4af2	test	23317
viralmetagenome:1e525a71edf832d2e386	test	23318
viralmetagenome:b327a4e00c0f589952b8	test	23319
viralmetagenome:1a6763670be0c5b30023	test	23320
viralmetagenome:d975a94204ee1b502eb0	test	23321
viralmetagenome:e56c1d166b3890946d4b	test	23322
viralmetagenome:e9083fd86bf355077791	test	23323
viralmetagenome:21ff9f89d6f2268295a6	test	23324
viralmetagenome:f91d2e46e0343f2291b8	test	23325
viralmetagenome:7116c1e72e20dd278aef	test	23326
viralmetagenome:73e4887bf4664ca3d68e	test	23327
viralmetagenome:62d623d6acc68ccd81bd	test	23328
viralmetagenome:5f8d9c69c1d5f4035440	test	23329
viralmetagenome:d28be7d6ff3d0492718a	test	23330
viralmetagenome:75459688b3b6a945995d	test	23331
viralmetagenome:3602a604044ad415d2f7	test	23332
viralmetagenome:71f7daabf8a5f6a843e1	test	23333
viralmetagenome:1af487d0b453e2e6f89e	test	23334
viralmetagenome:526159def3cacc374a12	test	23335
viralmetagenome:5b08efc280ccce19f46c	test	23336
viralmetagenome:d5a067b1c03b0f69e3cf	test	23337
viralmetagenome:ed1d3cc9be4a791999dd	test	23338
viralmetagenome:dedfcefa7ec1d4039b8f	test	23339
viralmetagenome:acf0b2c181354ead5914	test	23340
viralmetagenome:a16f3ddc6037f3f2008c	test	23341
viralmetagenome:28b68bafd7109cca3feb	test	23342
viralmetagenome:7c9f0ad6d4c3fdcd77d2	test	23343
viralmetagenome:9311fbe6feee76a09ba1	test	23344
viralmetagenome:b2b3565dc7b614319f3e	test	23345
viralmetagenome:e7ae8607b1bfe01c94f5	test	23346
viralmetagenome:4d76d08c4b09f7e3e6f0	test	23347
viralmetagenome:45d0ef7066c75f1e97c9	test	23348
viralmetagenome:f2245cb0fe5dd98b641e	test	23349
viralmetagenome:05cd82bb7aa398348970	test	23350
viralmetagenome:5606f7d6a8cf434a69b6	test	23351
viralmetagenome:fddbbc08deb5627614aa	test	23352
viralmetagenome:1eecdd70b008483aa7e6	test	23353
viralmetagenome:ca6f6e81a92e5dce7363	test	23354
viralmetagenome:fded3a1e78b5abe4452a	test	23355
viralmetagenome:501f484bcf7be3a753e3	test	23356
viralmetagenome:a378ee3e525fc04646a6	test	23357
viralmetagenome:599418a8df0405fe219b	test	23358
viralmetagenome:5b5107df0fcc60a97853	test	23359
viralmetagenome:62fb16ad73febf9d3273	test	23360
viralmetagenome:545386b32d7157b81f62	test	23361
viralmetagenome:c251213045c12f09f690	test	23362
viralmetagenome:fde26cf5f54e828736c3	test	23363
viralmetagenome:4ed018043b88d843a467	test	23364
viralmetagenome:ef1a4a88c5ff01721b66	test	23365
viralmetagenome:0155780f32656ba60629	test	23366
viralmetagenome:163dccf6bd7c7bbc022d	test	23367
viralmetagenome:f0e0e1837c880de5b78c	test	23368
viralmetagenome:086bab6a07d1d2cdce8a	test	23369
viralmetagenome:d85282c85ba36653a207	test	23370
viralmetagenome:e5e54a328b7f19f19336	test	23371
viralmetagenome:0045340a762911298e13	test	23372
viralmetagenome:6d734feff97c569b16e0	test	23373
viralmetagenome:bf3d54724b34b84c34fa	test	23374
viralmetagenome:c8ef6a389f9dd77be8b3	test	23375
viralmetagenome:6ec658ff50d48a389f4e	test	23376
viralmetagenome:de3faa2c72db23728e8f	test	23377
viralmetagenome:f4c16d55b6e2861614b1	test	23378
viralmetagenome:1af3289368865adc9e83	test	23379
viralmetagenome:542e122a2635e5bb2afd	test	23380
viralmetagenome:21577971f3a52bfe0a85	test	23381
viralmetagenome:5fe2fe3b5ce4f0ca9fc2	test	23382
viralmetagenome:525352dba663c6d6df36	test	23383
viralmetagenome:94cea1649d09a6927e5c	test	23384
viralmetagenome:378f164b53a9c2076cbf	test	23385
viralmetagenome:420a6d58f3a8211211c5	test	23386
viralmetagenome:b9aa26891a0fd17a4857	test	23387
viralmetagenome:6d16f7bd42ba2cd5b7ee	test	23388
viralmetagenome:47495e7585bf538536b1	test	23389
viralmetagenome:809671ad8184bcf0dcbb	test	23390
viralmetagenome:49b2daeeb48fd740ec66	test	23391
viralmetagenome:ec8e681d3e179db6ff63	test	23392
viralmetagenome:834e604a2906057bcc83	test	23393
viralmetagenome:ac4eff42f247fdd68453	test	23394
viralmetagenome:2d32e1f9f2b00723bdcd	test	23395
viralmetagenome:c8e7dabc06f340236527	test	23396
viralmetagenome:6f211a402db5bfdc0e39	test	23397
viralmetagenome:25fc172c353aaf97bc31	test	23398
viralmetagenome:996d2c131e835c32a979	test	23399
viralmetagenome:28c812b18d3d28f510c1	test	23400
viralmetagenome:6068ef4050cf86502acd	test	23401
viralmetagenome:9830a7a312bcda714b70	test	23402
viralmetagenome:c3e6e331657bfbd4c139	test	23403
viralmetagenome:3a551d48847ed49aa2b4	test	23404
viralmetagenome:a7a43a4fd43e3450fc14	test	23405
viralmetagenome:c7b7964b8ae81ede3325	test	23406
viralmetagenome:38e0c34f966cf41067cc	test	23407
viralmetagenome:9d72431066ac5985b440	test	23408
viralmetagenome:c6d0b4b7b723a14cd209	test	23409
viralmetagenome:8f67686358af86057a06	test	23410
viralmetagenome:679158583933c2a0f403	test	23411
viralmetagenome:07abbe6b6091fc8b52f7	test	23412
viralmetagenome:fb509fe8ad047d9c6b1f	test	23413
viralmetagenome:4c2e3c7fbbf982092009	test	23414
viralmetagenome:f3e998b9bb117a2fe33b	test	23415
viralmetagenome:7e48518f7a2e7076b6b8	test	23416
viralmetagenome:d85315c670575cede0f1	test	23417
viralmetagenome:7bbd41d25120973bdcf6	test	23418
viralmetagenome:54636468a26ec11ca21d	test	23419
viralmetagenome:c0072de25c7250e51581	test	23420
viralmetagenome:0951e68ff104b6972591	test	23421
viralmetagenome:addd47e67d4749c7bd4f	test	23422
viralmetagenome:baccee24092fffbde2bd	test	23423
viralmetagenome:bfa8e2d5b2a4ebd6c47f	test	23424
viralmetagenome:72474affe181c06b441c	test	23425
viralmetagenome:a8453a5103d960e2def2	test	23426
viralmetagenome:8f8eeda2fe43f5cfa683	test	23427
viralmetagenome:1636726cce4262533606	test	23428
viralmetagenome:01de52b6c165fc5171f9	test	23429
viralmetagenome:ceb8e350270d8dfcc044	test	23430
viralmetagenome:558735b400264c75d1aa	test	23431
viralmetagenome:76d0f5517142370eb793	test	23432
viralmetagenome:e0e0c60937f38925d93d	test	23433
viralmetagenome:c0e8c67cd883f3279149	test	23434
viralmetagenome:6f60c5ae982b1dbdb722	test	23435
viralmetagenome:b1f2a22eb94704d4cad0	test	23436
viralmetagenome:a3f4d3d4e655fff54b0e	test	23437
viralmetagenome:22399eed3bed6dcee6e5	test	23438
viralmetagenome:05dcea808132bb473785	test	23439
viralmetagenome:61d2118c3997948afa8d	test	23440
viralmetagenome:ffba880198cac40a0826	test	23441
viralmetagenome:9c77a03271039def221a	test	23442
viralmetagenome:25c2a20e49ee905f76a7	test	23443
viralmetagenome:a620b214ba4d7a3f6743	test	23444
viralmetagenome:2a81abc787d9c9f0c969	test	23445
viralmetagenome:f86cc8c7a8e9297ba971	test	23446
viralmetagenome:224e255bae530b3fc704	test	23447
viralmetagenome:37d500559b644a8a98c0	test	23448
viralmetagenome:68456411a991a663e18c	test	23449
viralmetagenome:a851e737fc30b7d1cf6b	test	23450
viralmetagenome:d5de118567f8d247178c	test	23451
viralmetagenome:753a967594e86cef0e15	test	23452
viralmetagenome:6107a1a6ebe5c4882e8a	test	23453
viralmetagenome:2a51c87a7f3b152c3dfd	test	23454
viralmetagenome:a9627f12724c54167be5	test	23455
viralmetagenome:3693947ca66545f0b8d0	test	23456
viralmetagenome:9a04c66ef5898a1dd8b7	test	23457
viralmetagenome:d345120a571768d45e4c	test	23458
viralmetagenome:26e10fd62f9037a6e429	test	23459
viralmetagenome:d7b16d2907877feba7c9	test	23460
viralmetagenome:785dd38cbc25fc590e1e	test	23461
viralmetagenome:d8202cfda902bcce1ded	test	23462
viralmetagenome:d1176909075dab128ae2	test	23463
viralmetagenome:ae0ff55cbc1a261fcfce	test	23464
viralmetagenome:cca7dd8a55d0f61e4780	test	23465
viralmetagenome:f0b29edc79df9a848fe7	test	23466
viralmetagenome:402378ea20675a499b99	test	23467
viralmetagenome:ab0030e60c8c2e2a0f85	test	23468
viralmetagenome:f49b85315b3777f270ce	test	23469
viralmetagenome:78b8a19320d47ed118a8	test	23470
viralmetagenome:c4f96b054e6eec10d07c	test	23471
viralmetagenome:614a4806fdcd0ab409f2	test	23472
viralmetagenome:09e18efa800fa938166f	test	23473
viralmetagenome:9bd31370d67d52062d5c	test	23474
viralmetagenome:d4d75198f75b1794a3de	test	23475
viralmetagenome:d34ec8969885c887fef3	test	23476
viralmetagenome:87b5703116f2f3ac331b	test	23477
viralmetagenome:b309d2906c5391a04776	test	23478
viralmetagenome:f87581f7856ea8108824	test	23479
viralmetagenome:e93658f59472f1820454	test	23480
viralmetagenome:d4bb947f0a1cb0ba5bb2	test	23481
viralmetagenome:1dfec7517989205bb2c3	test	23482
viralmetagenome:20af4e5f7d3aa07d3a96	test	23483
viralmetagenome:612de2b2fbd3ff25c2d8	test	23484
viralmetagenome:cb660eb53efe66000356	test	23485
viralmetagenome:940a2e8e00e63dc93c96	test	23486
viralmetagenome:7e7ff4b7892b9ffd002c	test	23487
viralmetagenome:80f2f3789ff65bbef5cd	test	23488
viralmetagenome:4a5c5b77f83f7d9d839d	test	23489
viralmetagenome:0ec9abc440b5e859d48c	test	23490
viralmetagenome:55d9769468ffffdbc008	test	23491
viralmetagenome:69af4b715bc03cbc2b40	test	23492
viralmetagenome:f3495bd54638116e74bc	test	23493
viralmetagenome:967f95c3e41f5e086a71	test	23494
viralmetagenome:3475b8209e2b2dba047f	test	23495
viralmetagenome:b6eed950507932442652	test	23496
viralmetagenome:0d2c90b6f953c60344a8	test	23497
viralmetagenome:2dd98f5425b722e08589	test	23498
viralmetagenome:65787a9243c07e18c790	test	23499
viralmetagenome:7396fe1b44c8459f3e56	test	23500
viralmetagenome:994cb678bdc2bf9b8193	test	23501
viralmetagenome:63c9cc13f79713d66b43	test	23502
viralmetagenome:2081dcbc99059ae97909	test	23503
viralmetagenome:1dfc2c424a6954373d20	test	23504
viralmetagenome:a486edca1260242d25f2	test	23505
viralmetagenome:d100c02bad44f97919a8	test	23506
viralmetagenome:473e541ede8910f3f47e	test	23507
viralmetagenome:14a61c6c3b8de3fc341d	test	23508
viralmetagenome:758241c3041f620771ab	test	23509
viralmetagenome:bc523f0fcf97e7043182	test	23510
viralmetagenome:55c04b18ebe958eef709	test	23511
viralmetagenome:3f9b678eee8ba70b7dcb	test	23512
viralmetagenome:caa61843e8cabb2aa2ef	test	23513
viralmetagenome:a449a4b778651c5beea2	test	23514
viralmetagenome:87a7ed9857948841493b	test	23515
viralmetagenome:3e3177d8b8beeae34095	test	23516
viralmetagenome:4089b220315bf08e5ded	test	23517
viralmetagenome:ee7196ea0d831da9dabe	test	23518
viralmetagenome:b0c69ef86d2b458c340b	test	23519
viralmetagenome:6aa747220890aaad86f2	test	23520
viralmetagenome:cf113c3cf7a027a5f96e	test	23521
viralmetagenome:915e4ae701fd723a4d17	test	23522
viralmetagenome:5542f7402ee2791ac6a5	test	23523
viralmetagenome:6d6e4f1d4f02d31e9eef	test	23524
viralmetagenome:cc16f82bd7f8dceef6c1	test	23525
viralmetagenome:e5a4a3e725eb33162e97	test	23526
viralmetagenome:42528821836eb45ead7e	test	23527
viralmetagenome:93a907fe5ff463d85918	test	23528
viralmetagenome:a6b4ff25c41784eedd54	test	23529
viralmetagenome:79ef91408f34864745e5	test	23530
viralmetagenome:734cc917e91268cf8365	test	23531
viralmetagenome:44054698d9ad1eed39e8	test	23532
viralmetagenome:63b8f49f86bb341a2c62	test	23533
viralmetagenome:0d5232bfb78c616ab0b8	test	23534
viralmetagenome:2b0a88172953b7e5f74d	test	23535
viralmetagenome:72539ff06aeba7c07c22	test	23536
viralmetagenome:e45ad5374edc2a4d2047	test	23537
viralmetagenome:3386ab44a6c5e1e65a93	test	23538
viralmetagenome:0de25ce1b00d413c90da	test	23539
viralmetagenome:085d9f7804cdee52d0e0	test	23540
viralmetagenome:f1b9f92a198a32bb8d20	test	23541
viralmetagenome:16487ff946f2e67c57e4	test	23542
viralmetagenome:a00792d9098137a7b54f	test	23543
viralmetagenome:7b46547613b625b72e45	test	23544
viralmetagenome:701b8a16a70b77a4105b	test	23545
viralmetagenome:d8ee54f86c0a5563b865	test	23546
viralmetagenome:8ce14061165edc2b59ae	test	23547
viralmetagenome:c32753785cfa38058c97	test	23548
viralmetagenome:2957f900e9ecf601ae8c	test	23549
viralmetagenome:af320e4733eab15c2ae2	test	23550
viralmetagenome:760e5eefc0228e871a6a	test	23551
viralmetagenome:49865133c59dd8057dc5	test	23552
viralmetagenome:96fae6bca6e6decb3ff2	test	23553
viralmetagenome:f4a6ddf1f90e37aaf2f5	test	23554
viralmetagenome:ef34d04313448be3b3aa	test	23555
viralmetagenome:29f51d6c2d707ffcc7fd	test	23556
viralmetagenome:b49398217259330a0023	test	23557
viralmetagenome:4558dfc85d901ec427a1	test	23558
viralmetagenome:1b29d23bf57b2e6155c1	test	23559
viralmetagenome:fa383a51cf988500995a	test	23560
viralmetagenome:404d779afdb5250aa929	test	23561
viralmetagenome:0ea1a2de7f6b54f33577	test	23562
viralmetagenome:b0ea8dc781b1ee65db52	test	23563
viralmetagenome:463eadd7118117cad30c	test	23564
viralmetagenome:2091bac92989a3ea907f	test	23565
viralmetagenome:09c6add01509b0041d26	test	23566
viralmetagenome:b51b963a1628f96c99c6	test	23567
viralmetagenome:c029cc00265132a1812d	test	23568
viralmetagenome:607fe08793bddfbc7254	test	23569
viralmetagenome:c7cba946c28c3ab785f1	test	23570
viralmetagenome:2379400c7284dfe16a69	test	23571
viralmetagenome:fff4f5918a6096625cde	test	23572
viralmetagenome:9caa9e0190ac4f65b307	test	23573
viralmetagenome:88a8eb952bb31efd70ee	test	23574
viralmetagenome:53ea64af9d2463b78e2a	test	23575
viralmetagenome:cb15151e9fe6e39c6549	test	23576
viralmetagenome:0344fc3ef771ef01acaa	test	23577
viralmetagenome:297e1362e3330aa3ac26	test	23578
viralmetagenome:b4576a5cfb10dbd375eb	test	23579
viralmetagenome:1fdd362e8dbb5d7bf70d	test	23580
viralmetagenome:44b0c2baa4ba4e4d4de7	test	23581
viralmetagenome:48416a97839cd29e89e6	test	23582
viralmetagenome:0902b32f33283b26ab7a	test	23583
viralmetagenome:5ec400aa9efce0eb32a3	test	23584
viralmetagenome:5ee0c1406f148c27fb4a	test	23585
viralmetagenome:c33f926765093bc85a22	test	23586
viralmetagenome:b2cacfab7d4b5c03467c	test	23587
viralmetagenome:6892cf5815426cb3b06d	test	23588
viralmetagenome:80d4cd9a2f15d7627660	test	23589
viralmetagenome:cd3cef57053d70dd0b2a	test	23590
viralmetagenome:0f1f11f1ec4b6bda9a45	test	23591
viralmetagenome:e610165b0f8d1c6d23e2	test	23592
viralmetagenome:eafb49dfef83c646258c	test	23593
viralmetagenome:896624aa66a1566c0a9b	test	23594
viralmetagenome:12d3709f03c9381358ac	test	23595
viralmetagenome:8913bd858d0910a3a494	test	23596
viralmetagenome:35bfd3847fff92d8e118	test	23597
viralmetagenome:8ccbeb25556446e73f5e	test	23598
viralmetagenome:4c17a1cc1d0b77be6140	test	23599
viralmetagenome:d6e673a3cae1a747882a	test	23600
viralmetagenome:207b28d1dcf5cf966df0	test	23601
viralmetagenome:d091542d7cc99a60fcd9	test	23602
viralmetagenome:bbf19abe57f5973d72d7	test	23603
viralmetagenome:8656b058797a8b911072	test	23604
viralmetagenome:b8640fbf083d6061cf49	test	23605
viralmetagenome:d8b0b45fbb1f8b3302c5	test	23606
viralmetagenome:83bbf14052f70dfd0478	test	23607
viralmetagenome:25345d289e7c301cb88c	test	23608
viralmetagenome:f51cd8ccbf167fef9312	test	23609
viralmetagenome:5d66945ee78ae270da05	test	23610
viralmetagenome:caddcdc7710a2665aaf9	test	23611
viralmetagenome:e899cb160f301a5e031b	test	23612
viralmetagenome:a9c9c1d542dca30a0577	test	23613
viralmetagenome:e20c7e9f14c4206fca19	test	23614
viralmetagenome:b469558cd87e060450dc	test	23615
viralmetagenome:626d5ee938fd527be53c	test	23616
viralmetagenome:43c1feff37b60771f44b	test	23617
viralmetagenome:88c17c84c5d5fc278cc4	test	23618
viralmetagenome:849be11f896d68b82454	test	23619
viralmetagenome:f38dcabedef5218f8133	test	23620
viralmetagenome:3553afd38ac770610d52	test	23621
viralmetagenome:bdf306716211aa9a6494	test	23622
viralmetagenome:d25d4533719b41de3957	test	23623
viralmetagenome:5e2196d7bb98bc75b0e8	test	23624
viralmetagenome:496267aede287444703c	test	23625
viralmetagenome:cf7178c9871a89584970	test	23626
viralmetagenome:d93cfdb5b8be432435f2	test	23627
viralmetagenome:7fe8230e5f4b4e9e0c68	test	23628
viralmetagenome:bd4974411dd0103ef8f5	test	23629
viralmetagenome:3c61cca28b5d6250d2a3	test	23630
viralmetagenome:aa2265c7dead66182f16	test	23631
viralmetagenome:f9e323c7c338e8c20c74	test	23632
viralmetagenome:ad0d3d3a07c506e0e0fb	test	23633
viralmetagenome:c1303803094594adb983	test	23634
viralmetagenome:7d04db379b5fe6a0b52e	test	23635
viralmetagenome:8da7292b810892288885	test	23636
viralmetagenome:054d08938cd0b9d2e67b	test	23637
viralmetagenome:405d0e7e6ec3b12ab4da	test	23638
viralmetagenome:7baf4152687dcbd3db10	test	23639
viralmetagenome:f4541d49889bab6a9f01	test	23640
viralmetagenome:e123503a88876e88f0a2	test	23641
viralmetagenome:ba03ffc1db70c731ec75	test	23642
viralmetagenome:2728abc27e18d446b698	test	23643
viralmetagenome:9b8f1e6f99eb004e9c5f	test	23644
viralmetagenome:57d79f3abc6c7813dd3c	test	23645
viralmetagenome:856d180821e78d165ef0	test	23646
viralmetagenome:b9688f50464001288794	test	23647
viralmetagenome:9a25c5c26b652a455c36	test	23648
viralmetagenome:ac073769072ecf195338	test	23649
viralmetagenome:cd40b0828b6938cdfc02	test	23650
viralmetagenome:c27ea221da6dffa29a4a	test	23651
viralmetagenome:912170e3e7af305e198f	test	23652
viralmetagenome:6de315a1713c29b88ecf	test	23653
viralmetagenome:dfa5b19f9e8182f83ccd	test	23654
viralmetagenome:1d3f9ff1b1f57e9697ce	test	23655
viralmetagenome:aea0cebb346d2edf0bd2	test	23656
viralmetagenome:f2901483f342a6a14cba	test	23657
viralmetagenome:857159c5d3d8c0c4296f	test	23658
viralmetagenome:bd12acf922a10d69e77a	test	23659
viralmetagenome:fabc592b88ce964e2e20	test	23660
viralmetagenome:4b71f7dcedbf7e05a168	test	23661
viralmetagenome:18a6e186fafcceb970d0	test	23662
viralmetagenome:92ed420c65a030375e0e	test	23663
viralmetagenome:a5b1d47cbbc200f8eb36	test	23664
viralmetagenome:1d05bb49bd1050161f90	test	23665
viralmetagenome:6446c242e88877c5920c	test	23666
viralmetagenome:6c695a3c855a7a9fdca7	test	23667
viralmetagenome:835dabc7fc7ab8358edd	test	23668
viralmetagenome:0541b4369ddeba02ee78	test	23669
viralmetagenome:7b00dd76ba3a9a65e42a	test	23670
viralmetagenome:728d571a14d03db280e3	test	23671
viralmetagenome:694fc9db30f42d4531a5	test	23672
viralmetagenome:93d6638746f9d6cb389e	test	23673
viralmetagenome:7758c9b52d4f8c7c4f23	test	23674
viralmetagenome:788bea2cff8c0afa1f43	test	23675
viralmetagenome:8d72e20e7aae07d58a1a	test	23676
viralmetagenome:36efe28fd4bef4b31cc8	test	23677
viralmetagenome:722d0a21fcd99593cd68	test	23678
viralmetagenome:232daae7f44c80a961cc	test	23679
viralmetagenome:44a6f61565e6c7c24691	test	23680
viralmetagenome:8205356d4ad49ef4537e	test	23681
viralmetagenome:8f3d83e06fee201f72e5	test	23682
viralmetagenome:f22e1aa0e982f8e3387b	test	23683
viralmetagenome:172927c774cee33f72d6	test	23684
viralmetagenome:56e4a39cf01909f7c77e	test	23685
viralmetagenome:3344336b6cb138b941b6	test	23686
viralmetagenome:e7f34ade46ca7d031a8f	test	23687
viralmetagenome:24b36d1c4798a8ef1581	test	23688
viralmetagenome:256890eb01fa5de87a94	test	23689
viralmetagenome:a0b70c27ac1a73ae9b7b	test	23690
viralmetagenome:c3bd4daef436b287b320	test	23691
viralmetagenome:c89a7f566c639439301f	test	23692
viralmetagenome:b588a4ea802355f3a619	test	23693
viralmetagenome:dd13d81a530ddace29c5	test	23694
viralmetagenome:0c60fa0b86e6845afbb0	test	23695
viralmetagenome:2fce323ae866bc8375b3	test	23696
viralmetagenome:519dcd957cc482638e3c	test	23697
viralmetagenome:d9313607992537edfc10	test	23698
viralmetagenome:36ebaa5c16efd0dfdae0	test	23699
viralmetagenome:efe23e883c98347a0ad7	test	23700
viralmetagenome:2142db37e562466a31b6	test	23701
viralmetagenome:8b3293bd2e13fdf3440a	test	23702
viralmetagenome:39e17de38d2dae948ea2	test	23703
viralmetagenome:d3a5d311d4b273e7a2d1	test	23704
viralmetagenome:121232f0439e80ff4fce	test	23705
viralmetagenome:a7f6e1a3229e03102e1b	test	23706
viralmetagenome:467a29e845e0ae1210dc	test	23707
viralmetagenome:a6b2c6dddb121ba187e3	test	23708
viralmetagenome:57a298d37f5d2d5f2147	test	23709
viralmetagenome:2dcc3c4b183c89dc791e	test	23710
viralmetagenome:3cf36c68a7da0bf7085f	test	23711
viralmetagenome:0d86ad3d42bb069ea62f	test	23712
viralmetagenome:8a4485740df4a9b9438f	test	23713
viralmetagenome:8d48a372f9e24eeb0682	test	23714
viralmetagenome:519e2defcf38e0a1a3fc	test	23715
viralmetagenome:c78a1c49bc786522c220	test	23716
viralmetagenome:7ae4de8191f4a5131451	test	23717
viralmetagenome:3ca771f845b24861acf8	test	23718
viralmetagenome:a2d43ed738d044299f9a	test	23719
viralmetagenome:fefa25492358b944b59f	test	23720
viralmetagenome:4a797d18b9e6ed895cde	test	23721
viralmetagenome:74fe2df30bcce835d0de	test	23722
viralmetagenome:07f3ac85fb32d3924a82	test	23723
viralmetagenome:a8364978e499b806e6ad	test	23724
viralmetagenome:04edfb8e43cd4d6166cd	test	23725
viralmetagenome:046403f9e8bf144b1543	test	23726
viralmetagenome:1ac3246a1184ed7c3d69	test	23727
viralmetagenome:5dfdb816d0ec3a8c6e68	test	23728
viralmetagenome:53ec5470561c56327209	test	23729
viralmetagenome:0d8fd5fa5e91f49b456c	test	23730
viralmetagenome:09dbee48b7d2b2adf5c0	test	23731
viralmetagenome:39aac8aecf48642382fa	test	23732
viralmetagenome:0e63a4a7e4cb170e3c59	test	23733
viralmetagenome:dc749fcd777ec174a7d1	test	23734
viralmetagenome:3bfed452815c4aa5af5b	test	23735
viralmetagenome:9cbb924a0c6afd8fdf4c	test	23736
viralmetagenome:0fb5f356f3d9e58af71a	test	23737
viralmetagenome:31af142109e5c06ea69b	test	23738
viralmetagenome:1ce1410f8189c348dc41	test	23739
viralmetagenome:9dfca15a9b6028908ac2	test	23740
viralmetagenome:70158e846c9f0f22742a	test	23741
viralmetagenome:928eaf3f03b76fc41fc9	test	23742
viralmetagenome:a0c9aa8cdf17f0388f9d	test	23743
viralmetagenome:d443d824f7f48e95de13	test	23744
viralmetagenome:a6b6105c155de1e94107	test	23745
viralmetagenome:8382d67b5f65d2b83e5e	test	23746
viralmetagenome:61f2a7f4dd04dde0abee	test	23747
viralmetagenome:49ffbe1b8fbc318cba30	test	23748
viralmetagenome:70fc1604fd3a9a383938	test	23749
viralmetagenome:6a11e1d67194d25fc532	test	23750
viralmetagenome:ae029fc3535180bd2829	test	23751
viralmetagenome:121dd6fbe4c2dedbac9f	test	23752
viralmetagenome:e929103cd8c021b10d22	test	23753
viralmetagenome:2a3e09b6e3193ce4d688	test	23754
viralmetagenome:b3ca264a760e5f3bf5b7	test	23755
viralmetagenome:8ec277ac0f84500cb6da	test	23756
viralmetagenome:30a3c69067bf06e9d806	test	23757
viralmetagenome:85839c5f05cbee413897	test	23758
viralmetagenome:2884e93d5983cc2c8f26	test	23759
viralmetagenome:aee7d395a84f92bc9c95	test	23760
viralmetagenome:445c44bca5fd97c4da8a	test	23761
viralmetagenome:9ce45c0263ceebc8d696	test	23762
viralmetagenome:5af66d049c78c39442cd	test	23763
viralmetagenome:9290131e92dd5ecdab38	test	23764
viralmetagenome:8247d375adb056065c72	test	23765
viralmetagenome:3e9f027766a0821b6a2d	test	23766
viralmetagenome:cf25c2fbd50f871f867c	test	23767
viralmetagenome:796089b2cf9dc2b4bd93	test	23768
viralmetagenome:011e33f35b0b87497b5a	test	23769
viralmetagenome:7cd95a8e3782c3605680	test	23770
viralmetagenome:ef88fd5e7fd5f2ab1300	test	23771
viralmetagenome:f7d70c6d32110bd4b068	test	23772
viralmetagenome:fbbe03696e448e4a523d	test	23773
viralmetagenome:010fc0ef7c0bc96fa08c	test	23774
viralmetagenome:f3865016f6ac9cc782e5	test	23775
viralmetagenome:e78e1be4109546dc9712	test	23776
viralmetagenome:83948ab8d4f5372700df	test	23777
viralmetagenome:7f7d82a59e6a6170519b	test	23778
viralmetagenome:9de0c45b590128eb986b	test	23779
viralmetagenome:460dbbcf0350ce39e3b4	test	23780
viralmetagenome:af2cb85bae7498173432	test	23781
viralmetagenome:a3c18e9ec82254f2c965	test	23782
viralmetagenome:1174d4563247a8417d43	test	23783
viralmetagenome:ebc553b85dacd0f16915	test	23784
viralmetagenome:d76c62631ff77d81eb52	test	23785
viralmetagenome:0113d3ef9d70b381ea2c	test	23786
viralmetagenome:7fd837fd8f76f1682274	test	23787
viralmetagenome:25770a893d8cb7e09bd3	test	23788
viralmetagenome:11d9559487deca91fd63	test	23789
viralmetagenome:c98defcc4a8b4e46f1f2	test	23790
viralmetagenome:ad5a674af3f4ed876af2	test	23791
viralmetagenome:484775dc55bf4ff1605b	test	23792
viralmetagenome:dc396e8ec665b5b99100	test	23793
viralmetagenome:ae553c647cfa2906d118	test	23794
viralmetagenome:6505e5dc4b2fcc8d2761	test	23795
viralmetagenome:edcdde61cb148e6e2820	test	23796
viralmetagenome:55020778ee36f7a772aa	test	23797
viralmetagenome:b92b2871ced80cb081fc	test	23798
viralmetagenome:f8b8c2e97c4e2e00106b	test	23799
viralmetagenome:b73039a00f6376132c0b	test	23800
viralmetagenome:52d2bdbe75538b792db6	test	23801
viralmetagenome:2b1a313dfad70b612670	test	23802
viralmetagenome:027c1e0b41cc49b55020	test	23803
viralmetagenome:0d5ea1b055518a9c0827	test	23804
viralmetagenome:313b9afdf57ff2c3016f	test	23805
viralmetagenome:8c172e3490c46585246d	test	23806
viralmetagenome:fe59dfda42d729129687	test	23807
viralmetagenome:48755a1602ca5e1c2ed0	test	23808
viralmetagenome:714be8e40c8745fe09ac	test	23809
viralmetagenome:7603370153d475c124f4	test	23810
viralmetagenome:0cbc336e26b204e83c2e	test	23811
viralmetagenome:acc2a075aed5bba963a8	test	23812
viralmetagenome:56b62e641572044da4f6	test	23813
viralmetagenome:4b9f83c220500cdfb1d4	test	23814
viralmetagenome:5d9e91815189f8960b58	test	23815
viralmetagenome:6984e5f06bc3201aabba	test	23816
viralmetagenome:69be95cfe726da9762a8	test	23817
viralmetagenome:826f0b9167319f02d7b1	test	23818
viralmetagenome:fcf91d03b11d7203040d	test	23819
viralmetagenome:ad0c55887bbf458ca10b	test	23820
viralmetagenome:3f1625cc0721b8f0d3da	test	23821
viralmetagenome:b903dd27317985a68918	test	23822
viralmetagenome:8992c33ed1c7dcba4c97	test	23823
viralmetagenome:f21e443d340b9d40ad45	test	23824
viralmetagenome:623c601883741262fc4a	test	23825
viralmetagenome:9aa8916241f79bbc56ac	test	23826
viralmetagenome:0b4c70e336859ce3b09a	test	23827
viralmetagenome:1b151b8062a396b6f06a	test	23828
viralmetagenome:32d85d96bb80a6f49c87	test	23829
viralmetagenome:8619dc266a42d0e84f38	test	23830
viralmetagenome:47c198d00d3d040cfca8	test	23831
viralmetagenome:bc1ef7e7385796bf697a	test	23832
viralmetagenome:55e4ab6a32e01efc7a55	test	23833
viralmetagenome:aa619ea262b4ef0d0789	test	23834
viralmetagenome:8ef4feb06969d92ec90d	test	23835
viralmetagenome:9532d5506c8215b606f3	test	23836
viralmetagenome:12cac5a67ec0fabff306	test	23837
viralmetagenome:e951f901e074b1a1851e	test	23838
viralmetagenome:f71515588c2ef92c0635	test	23839
viralmetagenome:2ddaf551f3be7f522f25	test	23840
viralmetagenome:8072b8c547bf4806acd4	test	23841
viralmetagenome:ab93553912230bf3ed8e	test	23842
viralmetagenome:a2dc78af307dbdb8e4fa	test	23843
viralmetagenome:f4fac5a5e886c11a5cad	test	23844
viralmetagenome:7f5ff003ce5056a050bf	test	23845
viralmetagenome:30c291dfb40758ff12df	test	23846
viralmetagenome:374a89ac14e0845577c2	test	23847
viralmetagenome:3787ffaea9633df84952	test	23848
viralmetagenome:a31e97e53bc37ecb7cfb	test	23849
viralmetagenome:4d8c98c94491526033aa	test	23850
viralmetagenome:0448cdbcabbf881e505d	test	23851
viralmetagenome:56789156c76b1ebcbec3	test	23852
viralmetagenome:59de855df475d5ca18bd	test	23853
viralmetagenome:81783e0c8182245442d0	test	23854
viralmetagenome:6996891828ae45b19fd7	test	23855
viralmetagenome:2aa768a51bd0bd3c9bac	test	23856
viralmetagenome:610fed344a23cda0d7f3	test	23857
viralmetagenome:2d6fdf0a827612bf8490	test	23858
viralmetagenome:8c16a991f9069b25c14a	test	23859
viralmetagenome:45a46cf041591bd6366e	test	23860
viralmetagenome:c5f0c290b172cf69a636	test	23861
viralmetagenome:c547205464f48d50888e	test	23862
viralmetagenome:9fcd16ef3fdc4adef384	test	23863
viralmetagenome:4b719eed9402b34b6992	test	23864
viralmetagenome:bb1b8a035567595c6e92	test	23865
viralmetagenome:0e0194849fdcf4487b21	test	23866
viralmetagenome:012465e7c2ccb0cb26e7	test	23867
viralmetagenome:489650e6970fbd085bd9	test	23868
viralmetagenome:26d138e3aa7fd6f2f028	test	23869
viralmetagenome:c2e99d2fabf2b6ec85fd	test	23870
viralmetagenome:185ccc7ccee593793cd2	test	23871
viralmetagenome:c3e01ece03bdd2a19b84	test	23872
viralmetagenome:943da07e6705b8eb84ff	test	23873
viralmetagenome:90077ddc95417752697a	test	23874
viralmetagenome:5242d13d66fd8133356d	test	23875
viralmetagenome:caea3e49bd764ae5458d	test	23876
viralmetagenome:01737e60ef225b493a23	test	23877
viralmetagenome:dc759464f239489dedab	test	23878
viralmetagenome:5c9422efe60b52c5388e	test	23879
viralmetagenome:816b197e67ae72f07eb4	test	23880
viralmetagenome:c8d75822b21fcc746bc3	test	23881
viralmetagenome:f469525cbe6f722dcc8c	test	23882
viralmetagenome:6d8b1ff499673146777b	test	23883
viralmetagenome:24ae919e3f36294789fa	test	23884
viralmetagenome:c4b2b297f594faaf886d	test	23885
viralmetagenome:f455e3139d018ac23649	test	23886
viralmetagenome:d1509597b53c9a100219	test	23887
viralmetagenome:8fbc18833f922934e682	test	23888
viralmetagenome:35ae62e1dde266d11823	test	23889
viralmetagenome:8bb68f38ca014897824f	test	23890
viralmetagenome:ea77d39033a3842ab956	test	23891
viralmetagenome:6f3bb8b2836eb9ff6b43	test	23892
viralmetagenome:eedac34fcc3d6dfeb0fd	test	23893
viralmetagenome:b092a01d6795237a31ef	test	23894
viralmetagenome:b8c7828bd7fd8743adcd	test	23895
viralmetagenome:56c581720c0c68225776	test	23896
viralmetagenome:8ced49300fdbae2dbc00	test	23897
viralmetagenome:c078ccd6b65084529119	test	23898
viralmetagenome:ca1cee220a02a88dd415	test	23899
viralmetagenome:002238041f499ff0a014	test	23900
viralmetagenome:c97c941ccd17ece8591c	test	23901
viralmetagenome:7cc75b9898b1ea5cde70	test	23902
viralmetagenome:83cf1868da3533e4614e	test	23903
viralmetagenome:dd6ec2873ff685aa4a7d	test	23904
viralmetagenome:4e6f35023133f139984d	test	23905
viralmetagenome:84231396e098c311da29	test	23906
viralmetagenome:e9ba4951b501324fcdf2	test	23907
viralmetagenome:bf4fcf166e92a4b2b53a	test	23908
viralmetagenome:edc1de91773d602bfff6	test	23909
viralmetagenome:c65ccd482a332f71c617	test	23910
viralmetagenome:fa7d91060a8aa528f827	test	23911
viralmetagenome:930deedd0a175774f11a	test	23912
viralmetagenome:722c8cb0f2d03ae94aa6	test	23913
viralmetagenome:a46af1371af4db78c4d3	test	23914
viralmetagenome:cb1a65dd1ccdc00c2c93	test	23915
viralmetagenome:36eae38e2f3fd8542741	test	23916
viralmetagenome:05297a424f91a3627325	test	23917
viralmetagenome:95c4d86394c7e5ff3742	test	23918
viralmetagenome:75dbd306de9f8d90e525	test	23919
viralmetagenome:c694c2a6dd18ae5b0478	test	23920
viralmetagenome:9be5c3376ac0c6759ebc	test	23921
viralmetagenome:fe3779f85a8284cc0ac2	test	23922
viralmetagenome:bf69e99affc406f2f80c	test	23923
viralmetagenome:7e9f8f027d086cabcdf8	test	23924
viralmetagenome:0bc8bd2ce1869ba97333	test	23925
viralmetagenome:eebda28068eb5c45cf70	test	23926
viralmetagenome:2342d8e2142afd566f9f	test	23927
viralmetagenome:c8e74907979def9674ab	test	23928
viralmetagenome:cf3ca1fec167bdfdfbd7	test	23929
viralmetagenome:83f9e962b940a2c11789	test	23930
viralmetagenome:0812c7030897c2365c0e	test	23931
viralmetagenome:4cdd0754e707c8f4c28c	test	23932
viralmetagenome:21b5f7d5c5117d45735b	test	23933
viralmetagenome:cfae8ba7cc6f912fb150	test	23934
viralmetagenome:5a565c96e75dba840341	test	23935
viralmetagenome:7b0f61b350219e8c5aa4	test	23936
viralmetagenome:a5e5a55491a60d01e8b7	test	23937
viralmetagenome:1b8b276c1b49d4fd6574	test	23938
viralmetagenome:b8d863a5200e7812422e	test	23939
viralmetagenome:b43bfc661bf8ecbf45eb	test	23940
viralmetagenome:59a5b452f71d08e52e48	test	23941
viralmetagenome:24d32d6d4b6718ada305	test	23942
viralmetagenome:ffc7f6911348e3182a9c	test	23943
viralmetagenome:def01c31d66ddbccb212	test	23944
viralmetagenome:5e64d81dd07531f624c9	test	23945
viralmetagenome:92fbb09790af7af03cad	test	23946
viralmetagenome:389187002dba3e181222	test	23947
viralmetagenome:c45cb365e61fe6d8da91	test	23948
viralmetagenome:4200b1355fa29884cc6a	test	23949
viralmetagenome:8846ebdee52e7556f659	test	23950
viralmetagenome:efcebdcfc0f635a99210	test	23951
viralmetagenome:feeabd08de297d8c5d74	test	23952
viralmetagenome:042a138e741e9b6ec202	test	23953
viralmetagenome:bb1bbc6bdbac4a32af30	test	23954
viralmetagenome:451cbe835d316af0bb76	test	23955
viralmetagenome:0013194a040ac65a22b9	test	23956
viralmetagenome:8bdb27ec3b2999a3f5e8	test	23957
viralmetagenome:f1c3b1c27f8262eb89b9	test	23958
viralmetagenome:9d20e85af6f6a3f79240	test	23959
viralmetagenome:8524a5f217f9c81b9de4	test	23960
viralmetagenome:a0ef8f4394f5aba56cf4	test	23961
viralmetagenome:c815d47f4a7fb1ac06be	test	23962
viralmetagenome:accb374398f70747175c	test	23963
viralmetagenome:6e0f65dbc5bab1d2ad44	test	23964
viralmetagenome:cbab2fa1e988dab7dbd7	test	23965
viralmetagenome:25f23e6dadc9c790d904	test	23966
viralmetagenome:efa326ea81b60acab380	test	23967
viralmetagenome:98f7ae1e9f7c54ddd7f6	test	23968
viralmetagenome:150886c69a29bba9b1e3	test	23969
viralmetagenome:d298d3a0f5fcbe96b679	test	23970
viralmetagenome:fa4c025e46262a56bd57	test	23971
viralmetagenome:1dabf440f48c74652638	test	23972
viralmetagenome:ed322389214962d36bc3	test	23973
viralmetagenome:f26a8ca8ffb122fcfde6	test	23974
viralmetagenome:e1c49081111d9b5d679c	test	23975
viralmetagenome:1f9db59b41a9c6a842a9	test	23976
viralmetagenome:f2caef3d01f5b542abbb	test	23977
viralmetagenome:acbb276b8bf5caccf86b	test	23978
viralmetagenome:e63247ca564329164197	test	23979
viralmetagenome:9c767b3e7fd32c063468	test	23980
viralmetagenome:150e66eff0784f03c3c6	test	23981
viralmetagenome:0802fb03e9c6201df96c	test	23982
viralmetagenome:e6baa7e8d52fcb03fca6	test	23983
viralmetagenome:3aa17d736e1a3a879169	test	23984
viralmetagenome:98fd30ce41f40f61114a	test	23985
viralmetagenome:2671336898f63923d8a8	test	23986
viralmetagenome:fde7ccb95115e5679933	test	23987
viralmetagenome:3fb11a6dd12f4ba65a15	test	23988
viralmetagenome:1be5fe9fd2908e8116f6	test	23989
viralmetagenome:95e39f6db358d6eb0ad9	test	23990
viralmetagenome:7cb7d8f31306f1cb1085	test	23991
viralmetagenome:588f6b497efc65c9db81	test	23992
viralmetagenome:9093adcca85b87ad27a2	test	23993
viralmetagenome:8debc6cc1a4cc1a14d53	test	23994
viralmetagenome:fe3ed4a2e13591727514	test	23995
viralmetagenome:c8a0d7ab8687282f0bd9	test	23996
viralmetagenome:efdd290717c2c17c4d2a	test	23997
viralmetagenome:d2f81e694fbe48a71384	test	23998
viralmetagenome:35ee56aa760c6cf387e4	test	23999
viralmetagenome:2a4cca6ed672e1a96676	test	24000
viralmetagenome:0c785456f3e026c15814	test	24001
viralmetagenome:49d81db7ec4a9b66a1f1	test	24002
viralmetagenome:c52b548a5c409a8d4764	test	24003
viralmetagenome:e5cd61d097ab762a26a5	test	24004
viralmetagenome:7e65f40e583c6218791e	test	24005
viralmetagenome:dc7a3efbc0cc31fec822	test	24006
viralmetagenome:8dcf8a0846ecb0aee9a4	test	24007
viralmetagenome:7335bc2de11a055a8c65	test	24008
viralmetagenome:04cfd6c360574ae8c7c7	test	24009
viralmetagenome:430ddfd484b0fd9a75b8	test	24010
viralmetagenome:716ea99979fae924fd70	train	24011
viralmetagenome:c9222bd2f53a39d05b92	train	24012
viralmetagenome:dfb523dd6dda618cfdcb	train	24013
viralmetagenome:08071f63c3ede31f80d9	train	24014
viralmetagenome:3c9a686ddab422d60d27	train	24015
viralmetagenome:28be719d44806bdfd71a	train	24016
viralmetagenome:e7db047ba2330625f3f2	train	24017
viralmetagenome:e4ae0644cd42ded423ef	train	24018
viralmetagenome:01bfdc9945b85bb649ad	train	24019
viralmetagenome:cde9697bf21fb63b0820	train	24020
viralmetagenome:be0ee302381bd78db6da	train	24021
viralmetagenome:6348d9e46390befb564a	train	24022
viralmetagenome:1959906e7c9839ca148d	train	24023
viralmetagenome:a57c7072957a87d30011	train	24024
viralmetagenome:111114fe512b20904a89	train	24025
viralmetagenome:4e2151cc7003ba818e29	train	24026
viralmetagenome:476284a208a3d466d408	train	24027
viralmetagenome:57f535a9a0d8536725e7	train	24028
viralmetagenome:3ca201f38059ca9c0c39	train	24029
viralmetagenome:458d324c31024fe9ed77	train	24030
viralmetagenome:969142a35f35da0f03d8	train	24031
viralmetagenome:c82a9d4a06666b9defe9	train	24032
viralmetagenome:7fb49693f19cd0d2c0e1	train	24033
viralmetagenome:4423c35cbfbf450b6af2	train	24034
viralmetagenome:86073fb6d1cba33c66e7	train	24035
viralmetagenome:0d0293a7cef2085bed09	train	24036
viralmetagenome:4f1373ed17b6431242e5	train	24037
viralmetagenome:9e2cf8a173d07e8b1635	train	24038
viralmetagenome:4d77ba7634562c9bfafa	train	24039
viralmetagenome:038da611f563d6a14031	train	24040
viralmetagenome:055d9e0c38660c01af9a	train	24041
viralmetagenome:adee12dab7aafa3e967c	train	24042
viralmetagenome:622340544df632eaad38	train	24043
viralmetagenome:837b21ba462ebc1e86c0	train	24044
viralmetagenome:f301546330c68769da66	train	24045
viralmetagenome:05ee9d81dfb7f4266d68	train	24046
viralmetagenome:bac93c5336cfdb6c5543	train	24047
viralmetagenome:50a2079f0b47d88200c4	train	24048
viralmetagenome:352c93139d048c50c651	train	24049
viralmetagenome:a37cfcbc6bdc30c300c1	train	24050
viralmetagenome:f3afa7d73c967e0aa041	train	24051
viralmetagenome:6f4b79e37cffe51e8745	train	24052
viralmetagenome:5db4dff76885dcacd006	train	24053
viralmetagenome:1a80ac9548af0978aca1	train	24054
viralmetagenome:6d314a388cc172ee6969	train	24055
viralmetagenome:5c70b73f6977b5c0968c	train	24056
viralmetagenome:b5b9d442cd352d118354	train	24057
viralmetagenome:945ad3a17a35285efa7a	train	24058
viralmetagenome:22d7b3a23747da43d14c	train	24059
viralmetagenome:c5e4a4df7add37a8cd0e	train	24060
viralmetagenome:61c7efb49cc5c393343c	train	24061
viralmetagenome:b8575b9a49b1085d7eb1	train	24062
viralmetagenome:38ab537047264e0e095b	train	24063
viralmetagenome:216c64143891bf821f88	train	24064
viralmetagenome:34b2fffd1d366884ec1b	train	24065
viralmetagenome:bda6b3c3abd7cef7e889	train	24066
viralmetagenome:d6f5222c2708eaf9fe0f	train	24067
viralmetagenome:c49d3627c0c1fae7ad8e	train	24068
viralmetagenome:7e127626f65ff90c06e2	train	24069
viralmetagenome:648a5ea31c0125b00f54	train	24070
viralmetagenome:3e23217873f0da35943b	train	24071
viralmetagenome:ccf200ab49f35109c447	train	24072
viralmetagenome:eeb1918e2853e37ff950	train	24073
viralmetagenome:3ff3c2495257a6e9a5c2	train	24074
viralmetagenome:64e521df7e204612bfca	train	24075
viralmetagenome:9d0f69efcd73dffb25a9	train	24076
viralmetagenome:01f4deb62591f0636d0d	train	24077
viralmetagenome:8931704e993013a75019	train	24078
viralmetagenome:f5fb0934f24d286660bc	train	24079
viralmetagenome:f68f9c79a7ad9b56e058	train	24080
viralmetagenome:e39cf630e139fd8c6633	train	24081
viralmetagenome:18ed4ba3872b29f59af6	train	24082
viralmetagenome:253c44ed4dab97b3882c	train	24083
viralmetagenome:0654805b749b56483368	train	24084
viralmetagenome:52cd08b1482786393beb	train	24085
viralmetagenome:698cc9b0cf3a779e1f49	train	24086
viralmetagenome:8654077d6b4879191a9c	train	24087
viralmetagenome:999569ca91a134be6668	train	24088
viralmetagenome:3431c7655efddf00b3b4	train	24089
viralmetagenome:82b8d2f767058a8c11f3	train	24090
viralmetagenome:242d09b7d367a1757622	train	24091
viralmetagenome:aaf1073a4ef2d80244b6	train	24092
viralmetagenome:15aaa70966f4aa4bb276	train	24093
viralmetagenome:3f605ca53e1585e03960	train	24094
viralmetagenome:0e4a0b83bbec6175ca43	train	24095
viralmetagenome:cf709ebfa01e31a3b0d4	train	24096
viralmetagenome:2baa4a25814128058f39	train	24097
viralmetagenome:0a3353f8ff6b30b33461	train	24098
viralmetagenome:5e6d2e545e8fa2acea92	train	24099
viralmetagenome:dddb4458570d27f2ad84	train	24100
viralmetagenome:027c512bedd88dae80fd	train	24101
viralmetagenome:0f14c74e2783d3e8a609	train	24102
viralmetagenome:290d468b4476b34ee63e	train	24103
viralmetagenome:026944ad0a77a07b72e5	train	24104
viralmetagenome:0cb44c7053f54e19249b	train	24105
viralmetagenome:8a01ac62d340c0df422f	train	24106
viralmetagenome:4c3b5e5797e349a9a7cc	train	24107
viralmetagenome:ece0be7c7a9cf62c4118	test	24108
viralmetagenome:096be5f266883ca63eb8	train	24109
viralmetagenome:ef7fcbecbe0ce4dbbef9	train	24110
viralmetagenome:9431b85fec22855efd3a	train	24111
viralmetagenome:0e7265597e3fde048422	train	24112
viralmetagenome:6eb646612916c43bcd22	train	24113
viralmetagenome:217899f34ca83235b96a	train	24114
viralmetagenome:7cc0ae26b702d3dd1245	train	24115
viralmetagenome:8db099c6701b6c11a8f7	train	24116
viralmetagenome:c9be8389dc7469eccc2e	train	24117
viralmetagenome:831c2af98c0c151dce5a	train	24118
viralmetagenome:8b828517affaed5e7bcc	train	24119
viralmetagenome:b843ef2836eac747a06c	train	24120
viralmetagenome:2ffa209415417358fc00	train	24121
viralmetagenome:9385188bca0a474467fa	train	24122
viralmetagenome:397704246e35432a5f81	train	24123
viralmetagenome:dd1612000008501e47cb	train	24124
viralmetagenome:82f66f3ed2965d4bc16b	train	24125
viralmetagenome:24f91c0a4d8691d9d72f	train	24126
viralmetagenome:5b2b2f6f2d2a0dd16fc6	train	24127
viralmetagenome:e193844555c6485a4445	train	24128
viralmetagenome:807d3360dda4e2246d86	train	24129
viralmetagenome:9d7273e344623b60acdf	train	24130
viralmetagenome:55cd1623a2a216822ca8	train	24131
viralmetagenome:c8d6fd6c49d14114fdbd	train	24132
viralmetagenome:17b84543703428b13134	train	24133
viralmetagenome:2481bc4517ce64cb1f31	train	24134
viralmetagenome:8daafac1e8a5520e94c4	train	24135
viralmetagenome:d92fc82676a986b11312	train	24136
viralmetagenome:f34c630a8d015d30eeae	train	24137
viralmetagenome:6861e7a03d9cfdfebf80	train	24138
viralmetagenome:92a99af94adaafc011db	train	24139
viralmetagenome:09be4be39523c00034f3	train	24140
viralmetagenome:9f78258eea808783b08e	train	24141
viralmetagenome:301173e3a4fdb7cd6725	train	24142
viralmetagenome:58d4e789f1e740eb87bc	train	24143
viralmetagenome:a3532a82ea53f66f3d4a	train	24144
viralmetagenome:a0f5ff38586ec8b5d2f5	train	24145
viralmetagenome:06535f86c6f5464985c8	train	24146
viralmetagenome:37e316c0e6e3070893da	train	24147
viralmetagenome:00d0de76527cb8d6f893	train	24148
viralmetagenome:1465266a59b4b2de9aaf	train	24149
viralmetagenome:1607b3b9ed4aab558279	train	24150
viralmetagenome:a22f30bcfc5f8dc50d97	train	24151
viralmetagenome:d0305926c25a6a036fea	train	24152
viralmetagenome:66f3e5c0172cbd6533a3	train	24153
viralmetagenome:150cd484a4ab643b17da	train	24154
viralmetagenome:1f7f968ca9b0558fedee	train	24155
viralmetagenome:0d3df4c7183fa7324b1c	train	24156
viralmetagenome:6bea2e6074b736d7f171	train	24157
viralmetagenome:931d02a2dde77de8b11e	train	24158
viralmetagenome:b72cc73eced8128001d2	train	24159
viralmetagenome:91bfe3f4ebe6c6208817	train	24160
viralmetagenome:fe2b98efeacd86610c9e	train	24161
viralmetagenome:4e740a75a73944d6ea75	train	24162
viralmetagenome:ea37d7b35e364ee6adeb	train	24163
viralmetagenome:c749d118c5d5f8f48341	train	24164
viralmetagenome:a243afead6918cd4a66b	train	24165
viralmetagenome:751d001a0f5cbc12eaf3	train	24166
viralmetagenome:e5e6e848bf897481f06b	train	24167
viralmetagenome:7bc54ec3b0ba89d3e29a	train	24168
viralmetagenome:a9ff1eecb40b64708cb2	train	24169
viralmetagenome:6b0f1392861e948b73f3	train	24170
viralmetagenome:70b8b8a7a57f01a8675f	train	24171
viralmetagenome:d921bcd7bbfd0d996fee	train	24172
viralmetagenome:77606fa14692c7db02c2	train	24173
viralmetagenome:c3d2d5721229612ca8b0	train	24174
viralmetagenome:c71603bf693e339d439c	train	24175
viralmetagenome:57624e38138bce783e81	train	24176
viralmetagenome:159905960720ab8f545f	train	24177
viralmetagenome:832394360bc849d027ba	train	24178
viralmetagenome:e44b85cf5cbedb4f1658	train	24179
viralmetagenome:a7142480ed4233ee78cc	train	24180
viralmetagenome:89e57c61feac39f66767	train	24181
viralmetagenome:3c4aa0a8c125a90e1f53	train	24182
viralmetagenome:a37ffd2c2a5891ee2a55	train	24183
viralmetagenome:c8134ba2b05bf7961dfb	train	24184
viralmetagenome:f1bfb4e7f2c9257ecf2f	train	24185
viralmetagenome:9ecfab93f4619544db46	train	24186
viralmetagenome:f879a9388d7ee1aa67b0	train	24187
viralmetagenome:ae880ea4da39690f40cc	train	24188
viralmetagenome:a4a8fca075539b365017	train	24189
viralmetagenome:a99a046bd4269db28c34	train	24190
viralmetagenome:4539606d22ad38382a41	train	24191
viralmetagenome:0156e40a29c3e52f4350	train	24192
viralmetagenome:47850dfb0f7df32c7e2d	train	24193
viralmetagenome:aede8507f0a9b465155f	train	24194
viralmetagenome:0aafd0a8c31bc3785d9e	train	24195
viralmetagenome:07c06af7db69aa0f87be	train	24196
viralmetagenome:80343cedde618487b24d	train	24197
viralmetagenome:c99f3531076a6d49d688	train	24198
viralmetagenome:6990cdd0979391757dd2	train	24199
viralmetagenome:aeda58feb9bfbe1b13b0	train	24200
viralmetagenome:a444762f22950711e2cd	train	24201
viralmetagenome:371531914d4cd8fcd355	train	24202
viralmetagenome:098eeee000c5523f7f0c	train	24203
viralmetagenome:19e2725de9b548db855a	train	24204
viralmetagenome:44ebea28cfb35befc78b	train	24205
viralmetagenome:92b566e14169476f36e8	train	24206
viralmetagenome:11f4eec24b5200a7bfc2	train	24207
viralmetagenome:37ce77a1e1faa746c2ef	train	24208
viralmetagenome:c7430ff218006fe05a22	train	24209
viralmetagenome:aa5df0b7b8c9521b6538	train	24210
viralmetagenome:3ab7069e675003ac8ff1	train	24211
viralmetagenome:06a38b3ae42d130e86a1	train	24212
viralmetagenome:8d41ab2e55fdab26c660	train	24213
viralmetagenome:c3f80e6d8d9e6bab4e9d	train	24214
viralmetagenome:37876902becb4c6ec44a	train	24215
viralmetagenome:10e922a5a614095d2d9e	train	24216
viralmetagenome:5d01fe5197311a1a2501	train	24217
viralmetagenome:717f4a12d5a8c4aa33c7	train	24218
viralmetagenome:3e8e4a20a47de5f80835	train	24219
viralmetagenome:d6f862caebaefc029ba3	train	24220
viralmetagenome:e42f6f831a9a09fc2064	train	24221
viralmetagenome:63f1d52891a379d07464	train	24222
viralmetagenome:72cec24527850a10ef19	train	24223
viralmetagenome:d31ecc081cea9c59efba	train	24224
viralmetagenome:584b2136d9ebac0ff99d	train	24225
viralmetagenome:b9a11e84ee166302361a	train	24226
viralmetagenome:7230e28bf678721d4dc2	train	24227
viralmetagenome:2e6eb20489b44a682c88	train	24228
viralmetagenome:8e5bbae38263fb34be41	train	24229
viralmetagenome:a979c144ca5691251638	train	24230
viralmetagenome:2287a6e66a0467937fc2	train	24231
viralmetagenome:562ca1ad323ca392c82c	train	24232
viralmetagenome:1793128961e4b22699db	train	24233
viralmetagenome:d7ef24a5ce9c0c55a70b	train	24234
viralmetagenome:d8db0bf02ee1b8a47546	train	24235
viralmetagenome:e49ed48f3cf5759aa174	train	24236
viralmetagenome:ca5e856d2581d4f4ff11	train	24237
viralmetagenome:7c6cb44d516a433abcfc	train	24238
viralmetagenome:058f4068bd28cbd6bec0	train	24239
viralmetagenome:666a6dc7a514cc5e3e65	train	24240
viralmetagenome:68355413a449d5da2372	train	24241
viralmetagenome:e9cc672e7cdd37068a54	train	24242
viralmetagenome:1b1ad8beab1373cdb963	train	24243
viralmetagenome:d078970f8d9388c4d8d9	train	24244
viralmetagenome:5a445da9e6672a53a649	train	24245
viralmetagenome:16ce4eb62c7862627f8d	train	24246
viralmetagenome:ea5a70b7ebf42d685809	train	24247
viralmetagenome:9f66206706bb78a5fba6	train	24248
viralmetagenome:c62a110d3e911ebc139a	train	24249
viralmetagenome:5128c0e63eaa2c99f184	train	24250
viralmetagenome:073b2f0d0d52aea9e906	train	24251
viralmetagenome:c630dd9e889801d8bcbb	train	24252
viralmetagenome:a2c19fa517537074aade	train	24253
viralmetagenome:fad72dfd9eabe0d6ae99	train	24254
viralmetagenome:628e07cd210b41d39ae7	train	24255
viralmetagenome:99ab7d44a61477ff0895	train	24256
viralmetagenome:88b7954be135f0bbf6a0	train	24257
viralmetagenome:7de269ab55b2c9ef02d4	train	24258
viralmetagenome:ac15195f6564e448177e	train	24259
viralmetagenome:be14d99c0fcd35da8bcb	train	24260
viralmetagenome:7f3ad4165faf85ba2c09	train	24261
viralmetagenome:d4b353c638ff9ed3fcc6	train	24262
viralmetagenome:2e31b86dfc69dcbde383	train	24263
viralmetagenome:7fce9564a55394c9aa71	train	24264
viralmetagenome:401779cf098417441c7f	train	24265
viralmetagenome:ae9b0ed3f8003d69cd72	train	24266
viralmetagenome:cec4c21df90e60a94a8d	train	24267
viralmetagenome:932c5d82904fee23d4c9	train	24268
viralmetagenome:eec9bcf25bd67dd1799b	train	24269
viralmetagenome:b1f458584ce427dfd43e	train	24270
viralmetagenome:ae0d9df585c6cf0e03fd	train	24271
viralmetagenome:a5652dce432aff6a05b8	train	24272
viralmetagenome:462069f9b01ea6ada160	train	24273
viralmetagenome:b480f9b6614781350ee2	train	24274
viralmetagenome:5bd54168ba81ea30344d	train	24275
viralmetagenome:f01d0ff42c3b9b716fc4	train	24276
viralmetagenome:e167fba59125e19510cf	train	24277
viralmetagenome:754a6e65264d1fffdd12	train	24278
viralmetagenome:46b12248243b6da624c5	train	24279
viralmetagenome:c6ba787befcd4ec2b623	train	24280
viralmetagenome:e05d3344d325d3172efa	train	24281
viralmetagenome:e3a96540b24b54a667ec	train	24282
viralmetagenome:0faf117f696780b5c12d	train	24283
viralmetagenome:76fefe964d27409559dc	train	24284
viralmetagenome:6a7d1da53e2776e04420	train	24285
viralmetagenome:36f4cb8a38c8e0ca55e3	train	24286
viralmetagenome:7c3ab8f0f3da229edbe5	train	24287
viralmetagenome:4006421ed011fa38e315	train	24288
viralmetagenome:162dc5fbdf627199b8b5	train	24289
viralmetagenome:2d5c90265f67b7230d49	train	24290
viralmetagenome:bee3146af3f179d26d41	train	24291
viralmetagenome:afdeba9051da48d4a3a6	train	24292
viralmetagenome:e187bae9318568b57582	train	24293
viralmetagenome:008b912866d8b271649e	train	24294
viralmetagenome:d217e78792a95e955751	train	24295
viralmetagenome:10ca3d1a1b3f153736fb	train	24296
viralmetagenome:1973009ae2f17bd98806	train	24297
viralmetagenome:7c594b2b798fa49757dc	train	24298
viralmetagenome:b822d0a6b69318a34ac2	train	24299
viralmetagenome:e3e55df19d667c4e60d0	train	24300
viralmetagenome:54ad7ae7a85f4310e8b5	train	24301
viralmetagenome:1bf9934550c22369502c	train	24302
viralmetagenome:3d4991e7bb1e0032b5b7	train	24303
viralmetagenome:abc073c2ea1f579a0159	train	24304
viralmetagenome:e8fd5e3595ca8ac702e8	train	24305
viralmetagenome:e9ab1578fd991a8a181f	train	24306
viralmetagenome:83d46ecdc75dbbb3dca8	train	24307
viralmetagenome:bb9d7083698717cb14be	train	24308
viralmetagenome:7acd154263af7b827390	train	24309
viralmetagenome:6bfea1ea7b462990c64e	train	24310
viralmetagenome:012ff2e0145027800de0	train	24311
viralmetagenome:34d96f81c92d016594f0	train	24312
viralmetagenome:ea45c1fdde8bad98786d	train	24313
viralmetagenome:457ec864094ef6b08ca0	train	24314
viralmetagenome:0579a97b08887552ac57	train	24315
viralmetagenome:d03c5706cdb472ab5e0e	train	24316
viralmetagenome:91835b84ec7e963cf2ff	train	24317
viralmetagenome:26c72fbf66c079a5a358	train	24318
viralmetagenome:2c8a2a57e0a7cc9a8152	train	24319
viralmetagenome:b9f5aab31da9723cd608	train	24320
viralmetagenome:5883f21e7f9622427d7a	train	24321
viralmetagenome:daac71d25b9340ce6122	train	24322
viralmetagenome:bed3d1fbcf2b3adfe27a	train	24323
viralmetagenome:885e2c8e8dad3ed1f195	train	24324
viralmetagenome:67590c5c23f6e7031a92	train	24325
viralmetagenome:05b52734ed3cc25df690	train	24326
viralmetagenome:0c54c626e43c0fd8fd1f	train	24327
viralmetagenome:71d1c15c41bbac527c41	train	24328
viralmetagenome:f734c99cb6328aeac0ff	train	24329
viralmetagenome:f5e7269def206eaa0180	train	24330
viralmetagenome:a2021621b17a03a34a30	train	24331
viralmetagenome:5455203e6c77888cef8c	train	24332
viralmetagenome:e54e2f8872bdb84c3eb2	train	24333
viralmetagenome:869a717f5fe121c82ba8	train	24334
viralmetagenome:6b07eaa717a562db19ef	train	24335
viralmetagenome:35a78afaf3a304dceba3	train	24336
viralmetagenome:1da0eed8d9048f144736	train	24337
viralmetagenome:d122eaf37e51818024d0	train	24338
viralmetagenome:16b4a8e9b5b2c0f742be	train	24339
viralmetagenome:9051433c5f88e5a5fb5a	train	24340
viralmetagenome:d344fcab1e95f5156db1	train	24341
viralmetagenome:9608d012be813524b7ee	train	24342
viralmetagenome:76aa357af5218d874abc	train	24343
viralmetagenome:8fe61edcd46af1899fe8	train	24344
viralmetagenome:13e31632bb0f8da940ca	train	24345
viralmetagenome:d43cc89517cdd3c40282	train	24346
viralmetagenome:b2c727993dee89c5ed3d	train	24347
viralmetagenome:e14d5286d0285c1adef4	train	24348
viralmetagenome:4dd7d1371264964c195d	train	24349
viralmetagenome:5e337a60d25e6ea8ed1f	train	24350
viralmetagenome:76ad13ffe23cf4d516f1	train	24351
viralmetagenome:3a32e5b5f1da5f44b230	train	24352
viralmetagenome:9934ffacd0372a96326e	train	24353
viralmetagenome:48a896148cdfcda2b6b9	train	24354
viralmetagenome:c2fafa65e2140c63a5e2	train	24355
viralmetagenome:f9600f1b04d8a1e4dfac	train	24356
viralmetagenome:4626bc69605b428292e3	train	24357
viralmetagenome:99362b8eb50c2c9856b5	train	24358
viralmetagenome:320d0890ce4528fd8107	train	24359
viralmetagenome:f14742f189504152cbe4	train	24360
viralmetagenome:b6c14a1e663f856a810d	train	24361
viralmetagenome:bde279332b40a845c8af	train	24362
viralmetagenome:23bc628eae7955d4b4d7	train	24363
viralmetagenome:e3b577139208f9db3910	train	24364
viralmetagenome:75a799049c62d9d3c908	train	24365
viralmetagenome:d6c2b468a187a082aca5	train	24366
viralmetagenome:64a4c8b1f47649d4fe76	train	24367
viralmetagenome:57ceecbf0af30e76ed8a	train	24368
viralmetagenome:76645fd7eed6ce912d2c	train	24369
viralmetagenome:38538bb8afb201e588ad	train	24370
viralmetagenome:683fa76ea427ce97f3e5	train	24371
viralmetagenome:5efc96a423d5cde12673	train	24372
viralmetagenome:6119ce5e5c3ec829211e	train	24373
viralmetagenome:c2df3e2de90279d7230c	train	24374
viralmetagenome:71cf9315a34f5577a1fe	train	24375
viralmetagenome:1725f397c9563d7642f2	train	24376
viralmetagenome:f816c596ba45cbca7624	train	24377
viralmetagenome:2c5f1d3817cf5e45fa31	train	24378
viralmetagenome:2f3e36367a19643301aa	train	24379
viralmetagenome:a092446cc59c11c624f9	train	24380
viralmetagenome:52fd422c23dad1416a0b	train	24381
viralmetagenome:70605bd22c72bd887fe7	train	24382
viralmetagenome:d7fcf39a77290d253899	train	24383
viralmetagenome:cbf96420696daf918d23	train	24384
viralmetagenome:fe21139b3f611d6186ec	train	24385
viralmetagenome:b0b864bec82c960d23f5	train	24386
viralmetagenome:3a0b1cb9a2b8d07c5fa4	train	24387
viralmetagenome:f44f8f82bd73520ea169	train	24388
viralmetagenome:dfe6667280816e899c0b	train	24389
viralmetagenome:8d7cd8ac4f7dfd32ea0b	train	24390
viralmetagenome:bfd3f5fd88f0219a30d4	train	24391
viralmetagenome:c0dddba194f5c1ce2cdd	train	24392
viralmetagenome:5b73a65af202973362e0	train	24393
viralmetagenome:02ec6b93571ebe69bafa	train	24394
viralmetagenome:df158f603a7561dd390b	train	24395
viralmetagenome:1ff4b457231ff1c4cda4	train	24396
viralmetagenome:38bc123a9dabf16c4677	train	24397
viralmetagenome:b9e17078f0739008c5d2	train	24398
viralmetagenome:01c42e5cc5d62396ed60	train	24399
viralmetagenome:e65d17f2080cb98a221d	train	24400
viralmetagenome:1c2a4204f52008fb7ae3	train	24401
viralmetagenome:5b58d3a6c41ce00bad8e	train	24402
viralmetagenome:f7be5e14bb76428e18c3	train	24403
viralmetagenome:8624f426a396d543d988	train	24404
viralmetagenome:2c6aff1ab288c08cb429	train	24405
viralmetagenome:4cae8a999dca4451383e	train	24406
viralmetagenome:f6b2ffa6f5c565d4a50c	train	24407
viralmetagenome:978ef622713b0ad10d15	train	24408
viralmetagenome:09d6858d3728beb3b9ae	train	24409
viralmetagenome:1956dfb3b3e4afa9fb35	train	24410
viralmetagenome:5d8ff45891c56e057eea	train	24411
viralmetagenome:692818d0c4559c8e1d14	train	24412
viralmetagenome:85fab26ee6f0df8e01f5	train	24413
viralmetagenome:94bad974f3827b002913	train	24414
viralmetagenome:223010d3aee2b5204687	train	24415
viralmetagenome:16a86c9ed2f40c008c50	train	24416
viralmetagenome:2da1ac57f78ccf363764	train	24417
viralmetagenome:5b13a6d913f3cf7a8ffe	train	24418
viralmetagenome:9c670003872a5175326d	train	24419
viralmetagenome:2efd2c2f35787212f9ad	train	24420
viralmetagenome:2afa6467324a4acfecfb	train	24421
viralmetagenome:0e2f35a931e5d5f7b670	train	24422
viralmetagenome:059a9a260428a8eb451d	train	24423
viralmetagenome:28a1a8eb5cfb5fa3f694	train	24424
viralmetagenome:54a05c72bc7087ea366b	train	24425
viralmetagenome:6e2bfb654df8dd06c963	train	24426
viralmetagenome:e303ad17aa99c90e74a3	train	24427
viralmetagenome:1d1764a837c133a9f4dc	train	24428
viralmetagenome:257add2b7a2e30076acd	train	24429
viralmetagenome:7029e3c22f549064c23d	train	24430
viralmetagenome:bb5b3f37618008711dd4	train	24431
viralmetagenome:8d8b2fb117ad08edc05c	train	24432
viralmetagenome:8a397b7fb19c63646460	train	24433
viralmetagenome:f111f024472158e582e5	train	24434
viralmetagenome:9a88efb2ade61284be37	train	24435
viralmetagenome:2317ba52f045c201c0b3	train	24436
viralmetagenome:985c22b383058f66422e	train	24437
viralmetagenome:27e4022778ee9f3e5829	train	24438
viralmetagenome:be76f821da7f31e414b0	train	24439
viralmetagenome:3e2eab722ce6f189b8ee	train	24440
viralmetagenome:0d968dad1a293f7e3329	train	24441
viralmetagenome:225a95cf3e735ae8b46e	train	24442
viralmetagenome:bd593b328bd0d422391b	train	24443
viralmetagenome:551506e0e4e132130397	train	24444
viralmetagenome:910dc55256b720a63b65	train	24445
viralmetagenome:ec68c3e72be3926e8345	train	24446
viralmetagenome:2086e70a7498774ede66	train	24447
viralmetagenome:b6cdb49c892782b566ec	train	24448
viralmetagenome:1646e73922a7e1a37293	train	24449
viralmetagenome:0f443665752c7675326d	train	24450
viralmetagenome:1572c031884d9ee1bc58	train	24451
viralmetagenome:a31b3a437b9efb8e6aa0	train	24452
viralmetagenome:aeb475737a301dd98397	train	24453
viralmetagenome:9010dda8053a8c8e0220	train	24454
viralmetagenome:08bd3e55501ca7781da0	train	24455
viralmetagenome:adeb213f2b365fbc12ce	train	24456
viralmetagenome:781aebdbced628e521dc	train	24457
viralmetagenome:25a79f2e211463cf6aa5	train	24458
viralmetagenome:12e8f28212e89be6e67d	train	24459
viralmetagenome:9af2e228ba90ff9e5fad	train	24460
viralmetagenome:c9696003a14cf4f60a5a	train	24461
viralmetagenome:01d0962b116a14fd8992	train	24462
viralmetagenome:f9014ff54ee3fa177f0a	train	24463
viralmetagenome:28babcc42d2a1f7d5d3a	train	24464
viralmetagenome:8cdb17da1bb2a7e5ef7e	train	24465
viralmetagenome:cc40a2473199ad878b92	train	24466
viralmetagenome:b686e8e4e41f35f934c2	train	24467
viralmetagenome:46d58815c3cd0d60972d	train	24468
viralmetagenome:39864d17ccd6e4ee7516	train	24469
viralmetagenome:fe0264618820744388ec	train	24470
viralmetagenome:03f5f4642640a9cc8da1	train	24471
viralmetagenome:4529efe0cfe5c21612fe	train	24472
viralmetagenome:38005035b1f1f8371ffd	train	24473
viralmetagenome:b705374b0dfa1f00ef1c	train	24474
viralmetagenome:4b40b76b9f065ac03ba2	train	24475
viralmetagenome:cbc05e7ea855b2496eb3	train	24476
viralmetagenome:1fd36e4beb1989f77d15	train	24477
viralmetagenome:a64838c56bf873196e8d	train	24478
viralmetagenome:2e9683ff4d7065446d64	train	24479
viralmetagenome:66c9e868d48961bd153b	train	24480
viralmetagenome:f95ffa49577c54c8bb56	train	24481
viralmetagenome:ec17b5e855703849c496	train	24482
viralmetagenome:fe796a51f5a51373aae5	train	24483
viralmetagenome:58c8cf2435128a26d30b	train	24484
viralmetagenome:e26c2d512a28cb26a4f0	train	24485
viralmetagenome:3b813cf89f5861c3627b	train	24486
viralmetagenome:0b6da17132d3f0411e24	train	24487
viralmetagenome:fd9403f0fc4a021afdd1	train	24488
viralmetagenome:8d9a63ebd432db8ba6fc	train	24489
viralmetagenome:1c0d0c3800e21476541f	train	24490
viralmetagenome:ea6ec8c9a4f8e9d7be2e	train	24491
viralmetagenome:b8c83a65b69781aa9c6a	train	24492
viralmetagenome:7a4ee9b62beab8faf594	train	24493
viralmetagenome:6a2c0606a8c4afbaf5fb	train	24494
viralmetagenome:4fc9e760da3ea923538f	train	24495
viralmetagenome:97f9344f5b3e6197fa06	train	24496
viralmetagenome:41d5e8036ed0ee6398f7	train	24497
viralmetagenome:75a1f659d09671557e2b	train	24498
viralmetagenome:b509d952313b4a92ff8e	train	24499
viralmetagenome:d276b759aff6bf9f8713	train	24500
viralmetagenome:df5085441f4da82a4150	train	24501
viralmetagenome:1a4cee4645833ae3678d	train	24502
viralmetagenome:c28a31aefd14ddd72eb4	train	24503
viralmetagenome:1dd4004a9862508a37bd	train	24504
viralmetagenome:0c6c0d43c5017bc08c75	train	24505
viralmetagenome:c349e810981f7aa2be7a	train	24506
viralmetagenome:f4bfd87c6667502d5fb4	train	24507
viralmetagenome:8d9d391f9066b5182d80	train	24508
viralmetagenome:6fa7d9ea203adb270ef9	train	24509
viralmetagenome:74687a373020eae9c3ad	train	24510
viralmetagenome:1480f258917595368e40	train	24511
viralmetagenome:0aec0191602ab28796a0	train	24512
viralmetagenome:426dd73794b8a73ec99b	train	24513
viralmetagenome:4a0d96383a73ba2073a4	train	24514
viralmetagenome:d0eaec0fb18f9c8a1dd1	train	24515
viralmetagenome:662256056c55b3b96680	train	24516
viralmetagenome:9e42f84081ab149ae09b	train	24517
viralmetagenome:3542e9d048a4ed39dcff	train	24518
viralmetagenome:b7d8337cf982338ed75e	train	24519
viralmetagenome:8cd8ee6113cdb1350ee6	train	24520
viralmetagenome:ce700e8e8212add995e3	train	24521
viralmetagenome:48e438bbb0913d65f932	train	24522
viralmetagenome:7bf05979d050ee7608fe	train	24523
viralmetagenome:c7ff9c2d8badeae045fb	train	24524
viralmetagenome:77ad677f6910d2009e89	train	24525
viralmetagenome:9b883f88b4aa7d758b58	train	24526
viralmetagenome:5295e9331a38b1946a54	train	24527
viralmetagenome:96a295859902e751fbcd	train	24528
viralmetagenome:58da293b054f4db44da4	train	24529
viralmetagenome:a26e83a8867bd6c88073	train	24530
viralmetagenome:7d640451ff8bc1d682d2	train	24531
viralmetagenome:b361f874d60c76e5653b	train	24532
viralmetagenome:3c9ce49ae49e04e24f5c	train	24533
viralmetagenome:4981c0ee82c11e6b43ac	train	24534
viralmetagenome:d1ea5c56743a69068110	train	24535
viralmetagenome:b54203fbefb71c512908	train	24536
viralmetagenome:a97a23b680c033ec2bb2	train	24537
viralmetagenome:f54b8a569983a791b651	train	24538
viralmetagenome:6aa8ba0b56088266fc2c	train	24539
viralmetagenome:3abebab97ba63f98f4e8	train	24540
viralmetagenome:67a7711cc822cdbb34e1	train	24541
viralmetagenome:18366de387ca533f79c5	train	24542
viralmetagenome:4f0281034b23c621b33f	train	24543
viralmetagenome:9640575fccc2b981479d	train	24544
viralmetagenome:0d80a3f0733a37da0d8a	train	24545
viralmetagenome:9fd056b49f06e0000fd2	train	24546
viralmetagenome:03053240334521827ca3	train	24547
viralmetagenome:1b671fe556b94a10d310	train	24548
viralmetagenome:c0c65155213ac54c4193	train	24549
viralmetagenome:7be0a9bf51ae8e1aa065	train	24550
viralmetagenome:3050244888d0f586c3e0	train	24551
viralmetagenome:bb41e8190d2522f1b18c	train	24552
viralmetagenome:9f8b567372d5c6b6db52	train	24553
viralmetagenome:15d23a7a46785658da30	train	24554
viralmetagenome:d4f4fa130cdbcfffe85c	train	24555
viralmetagenome:0ec7b13c5149b0124c5c	train	24556
viralmetagenome:d97d1eb8740dcaa74991	train	24557
viralmetagenome:b74ef5900e8c139fd23d	train	24558
viralmetagenome:91a23b2d181b6b2f7694	train	24559
viralmetagenome:90997cec28d1d6995bcf	train	24560
viralmetagenome:2dc9fefc2788c6602d84	train	24561
viralmetagenome:3beee94d47d35731a5e0	train	24562
viralmetagenome:c841f4d4d3fb6106860f	train	24563
viralmetagenome:f1a8154c1f8b474f10be	train	24564
viralmetagenome:fd5f024851cbe1d73e31	train	24565
viralmetagenome:289210cd06513c650ba6	train	24566
viralmetagenome:5e75ed2e15939152dd20	train	24567
viralmetagenome:b1196720cdb65c3bc69e	train	24568
viralmetagenome:72ad262e760b18149c62	train	24569
viralmetagenome:a74d8c71e42ff7cf96f4	train	24570
viralmetagenome:540ace4cc764f09a2cd2	train	24571
viralmetagenome:9a6b3a1b31de327033c9	train	24572
viralmetagenome:082e1478efe5711c1646	train	24573
viralmetagenome:701823dff542b87a51c9	train	24574
viralmetagenome:509f907b40b28f2e82e3	train	24575
viralmetagenome:0c9d5a2e1ef61c3d212b	train	24576
viralmetagenome:425cb9f59bd8cce6afd5	train	24577
viralmetagenome:f4a9b4b1e68011fbf5e5	train	24578
viralmetagenome:d9310b15741ab1fff917	train	24579
viralmetagenome:4eeb8c0fd0abc2597d00	train	24580
viralmetagenome:7adfaf18686af1585d7b	train	24581
viralmetagenome:488d2629c68aaa05e4bf	train	24582
viralmetagenome:88495340bd79e5025687	train	24583
viralmetagenome:b71449ba40126f9e0ea5	train	24584
viralmetagenome:59d1bd177665254b4c51	train	24585
viralmetagenome:0b0762ec0acafecd21d6	train	24586
viralmetagenome:b9288863557867b4d3c2	train	24587
viralmetagenome:207fc4dd0ae3d08bcfc4	train	24588
viralmetagenome:847a08749fd4c71d9545	train	24589
viralmetagenome:d5642859e5e9ab6d4ab6	train	24590
viralmetagenome:00ed65e175379fb28d2d	train	24591
viralmetagenome:1e8269336db2e1c8674c	train	24592
viralmetagenome:241c91a3594b260c6439	train	24593
viralmetagenome:908b451f17fef23cc4a3	train	24594
viralmetagenome:7dd8a86e43f52bb971c5	train	24595
viralmetagenome:a50ec80b2718b106a4ab	train	24596
viralmetagenome:bb4ce614d5189103d29c	train	24597
viralmetagenome:c199fa456867e0d5dc4b	train	24598
viralmetagenome:fbcbb747a01aef901558	train	24599
viralmetagenome:8cd3ce86d98923d26360	train	24600
viralmetagenome:acb5fcc3c2a404db35ba	train	24601
viralmetagenome:17a06358ce2cc74f90e8	train	24602
viralmetagenome:5aca26ec980ac08123c0	train	24603
viralmetagenome:0b84b8e4e9db27e3fc3e	train	24604
viralmetagenome:e700fab1f8d8968aa11b	train	24605
viralmetagenome:ac17542f4aed8e01d567	train	24606
viralmetagenome:db99924a69d5f5ec9a5e	train	24607
viralmetagenome:376f32021ad877c25462	train	24608
viralmetagenome:f464d844b9df9b84b745	train	24609
viralmetagenome:4798b22c3f3c464bb735	train	24610
viralmetagenome:4c686956c702b938bb04	train	24611
viralmetagenome:f5e619e3db1c33476813	train	24612
viralmetagenome:e0e66388e7d82b450fc7	train	24613
viralmetagenome:2291192777217ba3ebc5	train	24614
viralmetagenome:a67c6835caf8456fd55b	train	24615
viralmetagenome:6c0235b6c02be77d7a62	train	24616
viralmetagenome:0030b06ce19c0168489b	train	24617
viralmetagenome:7b58d5de012f0d9e5fa0	train	24618
viralmetagenome:954fca912e372d073397	train	24619
viralmetagenome:e7bd39040bfed87bc173	train	24620
viralmetagenome:d89b109f428f3d697f1f	train	24621
viralmetagenome:8b5821e3808386246a83	train	24622
viralmetagenome:e5a484b0bba952885d7c	train	24623
viralmetagenome:acb80791a8aa7eed7b23	train	24624
viralmetagenome:41a26f7319a372e60609	train	24625
viralmetagenome:1b9e35d24ba8cef5f079	train	24626
viralmetagenome:8b926ea2b5f4c1767847	train	24627
viralmetagenome:5ad30d0dcbc7bf5dcc6a	train	24628
viralmetagenome:d208daab953a5b0694c3	train	24629
viralmetagenome:ba39fcb3c6142582ba4f	train	24630
viralmetagenome:3222bb806e57e71dec95	train	24631
viralmetagenome:de716bd9464210b33c04	train	24632
viralmetagenome:dabe1a398413c66d7f3e	train	24633
viralmetagenome:1e7eb6aeb0f3ca6a048e	train	24634
viralmetagenome:0a298cec81b1175ad5e6	train	24635
viralmetagenome:f013df34e747a569ab32	train	24636
viralmetagenome:e90fff745817a9951d0d	train	24637
viralmetagenome:905841d405ed6ddb623d	train	24638
viralmetagenome:f2b3f63cfeb717f63e79	train	24639
viralmetagenome:17b146c7f683ebc72f5a	train	24640
viralmetagenome:c811dc0dde7dd01aa36a	train	24641
viralmetagenome:24222754b63f507d3ea7	train	24642
viralmetagenome:96d8101ebb0dec0fa736	train	24643
viralmetagenome:b8a5c049d0eaf2304b84	train	24644
viralmetagenome:903a2226c981eae964f1	train	24645
viralmetagenome:d84cab2254f67aac659e	train	24646
viralmetagenome:564a9d3c980de1a57c3b	train	24647
viralmetagenome:852a0c0a22469740c95d	train	24648
viralmetagenome:80719a084c91b3aedb29	train	24649
viralmetagenome:5310af94fd87ec7844d9	train	24650
viralmetagenome:6ccf5ea84c2eb8084853	train	24651
viralmetagenome:a183ebbba9e303445e02	train	24652
viralmetagenome:baed1e09ed20ea92cbc6	train	24653
viralmetagenome:ad6d4b5bcf32930795e3	train	24654
viralmetagenome:cd03b12444b9aab817e7	train	24655
viralmetagenome:8f46435c9520c02e973f	train	24656
viralmetagenome:807bdd4646684b4b8dfd	train	24657
viralmetagenome:1e4f7b08e2b01234e817	train	24658
viralmetagenome:875f6c591e9628df8283	train	24659
viralmetagenome:6a4d73a1405022724f93	train	24660
viralmetagenome:f9c3c88ba64775416353	train	24661
viralmetagenome:a3642ba95e14d6d2f3c6	train	24662
viralmetagenome:13d6a9e76c92d1943793	train	24663
viralmetagenome:f175ae32adc3ddf56685	train	24664
viralmetagenome:c23546d47e72ddf88ab0	train	24665
viralmetagenome:56d20a58778da4cd748a	train	24666
viralmetagenome:5ac385612b33383c426a	train	24667
viralmetagenome:c585c2910454866221c3	train	24668
viralmetagenome:9f4f3119024e07261846	train	24669
viralmetagenome:3bcce5a49adf1289f8f9	train	24670
viralmetagenome:93c0261a10e930689038	train	24671
viralmetagenome:e8c8c2406d6cc40652a4	train	24672
viralmetagenome:4d9795ec718cbab6eb6e	train	24673
viralmetagenome:6ea7dafb74cd3bb9aa60	train	24674
viralmetagenome:6f4febb57c9720b3a173	train	24675
viralmetagenome:30e5d2183939ba20f827	train	24676
viralmetagenome:10b9460c7283db30caea	train	24677
viralmetagenome:6a00f3ffb34927950a87	train	24678
viralmetagenome:6a0236cb892423464a68	train	24679
viralmetagenome:af5a0a0e52d69ba6afb1	train	24680
viralmetagenome:65c08e86fe65eb843fef	train	24681
viralmetagenome:880b6fcb3d71979a21e3	train	24682
viralmetagenome:f1a30e5eab3ffcbc8424	train	24683
viralmetagenome:36688b6a5e33a13407ad	train	24684
viralmetagenome:05059f91fd986b1004ea	train	24685
viralmetagenome:b2a3f4ba5e749418e5ff	train	24686
viralmetagenome:7231ebf81c5d758b444a	train	24687
viralmetagenome:ec5cad37fa8577663120	train	24688
viralmetagenome:502cb4ac38da6c500740	train	24689
viralmetagenome:981f3b59eee564033a5f	train	24690
viralmetagenome:8b73095b9e576f82b04f	train	24691
viralmetagenome:de30f64633e0c8211f1e	train	24692
viralmetagenome:218b77843786aacacdbf	train	24693
viralmetagenome:7056910568d249a00637	train	24694
viralmetagenome:83258c5e52168d4f1397	train	24695
viralmetagenome:24b9143082003c801f6f	train	24696
viralmetagenome:0cfef848edffb62e0860	train	24697
viralmetagenome:3a69d3a750c58b1f8b05	train	24698
viralmetagenome:45832cbc5d6d901ec9b7	train	24699
viralmetagenome:e251b29d857e55c98146	train	24700
viralmetagenome:a3edce77f3baf72cff87	train	24701
viralmetagenome:364b9e0bb093e8dcde80	train	24702
viralmetagenome:5c53b941be10e5bf16ff	train	24703
viralmetagenome:4480e952790364820bdb	train	24704
viralmetagenome:553382b8d14e4b5aeaa6	train	24705
viralmetagenome:d0e81f0f77b56b9e8706	train	24706
viralmetagenome:c16dd45b6ffb51507ca2	train	24707
viralmetagenome:d5ff126721151fd641aa	train	24708
viralmetagenome:75dbc31366a21bc842a6	train	24709
viralmetagenome:86f386e5c64ef22d48ca	train	24710
viralmetagenome:84b7d6340ae563eb72fc	train	24711
viralmetagenome:e8ad17243c2c59262ebe	train	24712
viralmetagenome:0187431c021048d4e0ce	train	24713
viralmetagenome:c6df062359b179abcd0d	train	24714
viralmetagenome:6ebde46146abacc57d89	train	24715
viralmetagenome:473897e28848ac213778	train	24716
viralmetagenome:b49d555cdf127f232002	train	24717
viralmetagenome:926d1a6663dc824f2321	train	24718
viralmetagenome:2ff15428bdb94134bca6	train	24719
viralmetagenome:81c8c0b9d4668a2b8eb8	train	24720
viralmetagenome:aab4e8c90ed398ea3df9	train	24721
viralmetagenome:cdd02f33f8be6b648e10	train	24722
viralmetagenome:666268a4cc46aa047a72	train	24723
viralmetagenome:d49cb19f5fcd709d2bfd	train	24724
viralmetagenome:2874e620363ab8caae2d	train	24725
viralmetagenome:a8527eccd2b2369ed80b	train	24726
viralmetagenome:520b48c52dbc65736cf0	train	24727
viralmetagenome:b6b354a14e9832fb8775	train	24728
viralmetagenome:82b149bb2ecc42b8d415	train	24729
viralmetagenome:fbca92a76f1bcc094a60	train	24730
viralmetagenome:3b2a669d29d7006486b5	train	24731
viralmetagenome:af46267e36b255757336	train	24732
viralmetagenome:a90871ddaa602315c60a	train	24733
viralmetagenome:a131d9de6b047894c619	train	24734
viralmetagenome:9094c4207d40bad55158	train	24735
viralmetagenome:f9c418ed41a666d2cba8	train	24736
viralmetagenome:25e0533803890d7844e5	train	24737
viralmetagenome:677e5a365ce040c0d977	train	24738
viralmetagenome:845b90b2677dd6baa6d8	train	24739
viralmetagenome:6f655dc98b62f9417224	train	24740
viralmetagenome:fbaf5c9d4e0b04018298	train	24741
viralmetagenome:7f16c6e32c2ee79b365f	train	24742
viralmetagenome:5a81182ce2a5930f3b72	train	24743
viralmetagenome:27d367335da02c5a2198	train	24744
viralmetagenome:f1a95f36cdd47891a0ea	train	24745
viralmetagenome:003950949490c9e57d3d	train	24746
viralmetagenome:213c058e1369cf962921	train	24747
viralmetagenome:7117fd55147a9f6408a6	train	24748
viralmetagenome:f6a11a7455090c3c104f	train	24749
viralmetagenome:30ff3763d7fdb12551a7	train	24750
viralmetagenome:5e826377f1822c9544ab	train	24751
viralmetagenome:35b259606dfc938891ed	train	24752
viralmetagenome:3bae479c0900401fd052	train	24753
viralmetagenome:95eae3427cde973907a0	train	24754
viralmetagenome:a3a105c46ddf960c4cef	train	24755
viralmetagenome:c1a821dbc54b3791187c	train	24756
viralmetagenome:92d688e17857c3b95a54	train	24757
viralmetagenome:134ab942740a7c1dd860	train	24758
viralmetagenome:5c090f74409eaf244877	train	24759
viralmetagenome:35b4377c44feb065b6a5	train	24760
viralmetagenome:445eb50e1eef83b8599b	train	24761
viralmetagenome:e800d5d576040d12c52b	train	24762
viralmetagenome:18a5f27048c9634fe617	train	24763
viralmetagenome:79c2f3a942c515ce61f2	train	24764
viralmetagenome:b496ed9894942cff4390	train	24765
viralmetagenome:f085beb49bb3c28939c2	train	24766
viralmetagenome:6f4eb4a4a955df009f03	train	24767
viralmetagenome:9e1f265bf91f93c30b81	train	24768
viralmetagenome:e4da7b9671b65a233a22	train	24769
viralmetagenome:1f3796219a7da1e8e47f	train	24770
viralmetagenome:66264e904f8b7cfed02a	train	24771
viralmetagenome:db5ed070772eaf5088ec	train	24772
viralmetagenome:650bc7769efebca75f7d	train	24773
viralmetagenome:5dab710f098cc203bd58	train	24774
viralmetagenome:c2735d07d918070c9ed2	train	24775
viralmetagenome:bf9d0f1503c327eb18a8	train	24776
viralmetagenome:50f42b4eed7bc3b2b72e	train	24777
viralmetagenome:67bb92e4091c504801e8	train	24778
viralmetagenome:c3a6b8b14edaecf4ce6c	train	24779
viralmetagenome:2ae42133a85b2d5dea16	train	24780
viralmetagenome:675ca10f639249d8efa0	train	24781
viralmetagenome:3045fd4809c7b77286cc	train	24782
viralmetagenome:1ef8f3c347f670694f1c	train	24783
viralmetagenome:f483223dab46a61448d8	train	24784
viralmetagenome:d25ce96ff16ae7d7609d	train	24785
viralmetagenome:706ba4680d6006a37a6e	train	24786
viralmetagenome:b839c2ec472e334a43d4	train	24787
viralmetagenome:2b3398534e8cb5ea1048	train	24788
viralmetagenome:24cefac1c509c40c620f	train	24789
viralmetagenome:6efccf224693c7841889	train	24790
viralmetagenome:39b516c2730d38055b1d	train	24791
viralmetagenome:dc62cb573dc639c20498	train	24792
viralmetagenome:8bc3a2b78a48e83d8329	train	24793
viralmetagenome:7b5131adf5c760ceace4	train	24794
viralmetagenome:f8fac36bbb57080495ab	train	24795
viralmetagenome:06242475e9bfb0a7bc88	train	24796
viralmetagenome:fdfdf02a7ff582bbcb71	train	24797
viralmetagenome:8825a78b2b1ff969f649	train	24798
viralmetagenome:4d4c7212fca9b76e69a8	train	24799
viralmetagenome:2c3b04e5eaf4ec605479	train	24800
viralmetagenome:bafc4f6f805469ebdf58	train	24801
viralmetagenome:499665e6acef4b53175f	train	24802
viralmetagenome:ea3734974f89ee822b0e	train	24803
viralmetagenome:42e9bb212f13db1f7397	train	24804
viralmetagenome:479eec95a0e91cccb75f	train	24805
viralmetagenome:f6de54e932a35956c49a	train	24806
viralmetagenome:fa039f7c6be5677c6355	train	24807
viralmetagenome:3a7ea330f8d325d6d78b	train	24808
viralmetagenome:4cb032aa5a7b31f19756	train	24809
viralmetagenome:bd05f5f82ddd63324ee2	train	24810
viralmetagenome:a35dfcf32697ef9cf87a	train	24811
viralmetagenome:d20c32df32b9102d0b5f	train	24812
viralmetagenome:a79747114ea9eb4a06f9	train	24813
viralmetagenome:14e7a87f02f9f750f4b4	train	24814
viralmetagenome:987dd9e2b3fedd72b2b6	train	24815
viralmetagenome:5345930ddf41fe9becab	train	24816
viralmetagenome:f4b4acdbf7e052479bec	train	24817
viralmetagenome:3527744f8ed42ff41750	train	24818
viralmetagenome:0ee7e3f797c1fb02fa65	train	24819
viralmetagenome:4e064a97514a56f297ad	train	24820
viralmetagenome:b555a7fdce19bbb3c86d	train	24821
viralmetagenome:6bfde2313642f3447d66	train	24822
viralmetagenome:4b84188fc47eb76f7fb1	train	24823
viralmetagenome:2ec4ab69038acd9def62	train	24824
viralmetagenome:c77be11950ed31cf4b39	train	24825
viralmetagenome:fd2aa7cee44c4a67be92	train	24826
viralmetagenome:4f633bc67934dff271f4	train	24827
viralmetagenome:19865da1f323ccf3afde	train	24828
viralmetagenome:b28478ebec55198cea76	train	24829
viralmetagenome:5017f4c8d782f186a599	train	24830
viralmetagenome:4b72b830b22165d80346	train	24831
viralmetagenome:67532ae0f66a30a36844	train	24832
viralmetagenome:bf48679c530df61c296f	train	24833
viralmetagenome:0e7fc4342a57fc968c56	train	24834
viralmetagenome:f6b39ea60fd10ed2e349	train	24835
viralmetagenome:67cdf5b7eed7c4f08f3c	train	24836
viralmetagenome:994ab304d5d527817ebf	train	24837
viralmetagenome:8968113df3e7429569fc	train	24838
viralmetagenome:d7f8b883a8dd2f14058b	train	24839
viralmetagenome:45d1ee1f06b78a043f13	train	24840
viralmetagenome:a5f9c60dde1eb7b3dfd3	train	24841
viralmetagenome:c0797665abac5b36f074	train	24842
viralmetagenome:bd08adfaf839d20495e9	train	24843
viralmetagenome:8c79534581550d108d44	train	24844
viralmetagenome:a2fec2f32965159c8aa7	train	24845
viralmetagenome:4f53eaf18d541d9b23d3	train	24846
viralmetagenome:672251e593a44b97cce3	train	24847
viralmetagenome:3eddb81fe5e7342a141a	train	24848
viralmetagenome:33a9947ef22458a9e6cb	train	24849
viralmetagenome:151126de5e5964c49155	train	24850
viralmetagenome:a5d477b10340235a7718	train	24851
viralmetagenome:976d3d2c5de2e27e0334	train	24852
viralmetagenome:abe4118879df83765c6a	train	24853
viralmetagenome:e45de2cedeb254ed9931	train	24854
viralmetagenome:0bf3cd93cb014f401929	train	24855
viralmetagenome:ba986ce8a561130109f8	train	24856
viralmetagenome:c634a31005f48b657935	train	24857
viralmetagenome:ff2e19f7600e41777980	train	24858
viralmetagenome:e3d096e20fc57997296d	train	24859
viralmetagenome:5703456b0677d6f315e6	train	24860
viralmetagenome:ba6948a731c9b5b878a7	train	24861
viralmetagenome:77119b6c4ac58aabea6b	train	24862
viralmetagenome:0fcab9331c3f7e9b6dee	train	24863
viralmetagenome:4eb8c3459c200def6bf4	train	24864
viralmetagenome:d01165d3c041e2833b8f	train	24865
viralmetagenome:b9b6ef8d12c15cece694	train	24866
viralmetagenome:ae725fec19117c9deffc	train	24867
viralmetagenome:6dcb15d3422d05105a53	train	24868
viralmetagenome:a063b3c7b66f3b211640	train	24869
viralmetagenome:434707853daf933b2f3b	train	24870
viralmetagenome:15ee7472e7f8907fd257	train	24871
viralmetagenome:7ac2e5e59aab9bc55730	train	24872
viralmetagenome:790cc868cbd34ffad164	train	24873
viralmetagenome:31bbbd49f29f372828ce	train	24874
viralmetagenome:779208399f0fbb041f94	train	24875
viralmetagenome:6bb66302101664cb6c7a	train	24876
viralmetagenome:374767b8d7385c839d3d	train	24877
viralmetagenome:29939f1caee7b72f17ef	train	24878
viralmetagenome:6b73f414dffdd9ed2424	train	24879
viralmetagenome:c7cb8e6c98c24bf1ddf5	train	24880
viralmetagenome:9de56a94ad0efc966e98	train	24881
viralmetagenome:dec782452ec8fc3a5bd0	train	24882
viralmetagenome:5c916d2bc26a4a607142	train	24883
viralmetagenome:6161765cf6281ace2e2e	train	24884
viralmetagenome:4abf786c67912fa95b4e	train	24885
viralmetagenome:46f249fb1fe9eb860673	train	24886
viralmetagenome:666a3c84e20b01eb14a5	train	24887
viralmetagenome:4b75d75fdc78d2d5baae	train	24888
viralmetagenome:6774c8805abc029e9fb6	train	24889
viralmetagenome:eb4ca965962b7405ef71	train	24890
viralmetagenome:4e04581dc56bc28e9fba	train	24891
viralmetagenome:c3570d675626fd19b524	train	24892
viralmetagenome:7d130863d885ce5c7356	train	24893
viralmetagenome:f10ea42676dd4ab2e510	train	24894
viralmetagenome:7a380bf6e133baeaa731	train	24895
viralmetagenome:ceee27fad06850f8440b	train	24896
viralmetagenome:9c8400abf75f965c62a1	train	24897
viralmetagenome:5360dc50708f94fa38e0	train	24898
viralmetagenome:89dff7115f7bbe3387bd	train	24899
viralmetagenome:1d9757583dd3b42f993c	train	24900
viralmetagenome:628166da5a3c6b0e12e1	train	24901
viralmetagenome:1b49746e209e06a1fb7c	train	24902
viralmetagenome:0e2f397785674da5c2cc	train	24903
viralmetagenome:87cdf9b2df7c75a3f78e	train	24904
viralmetagenome:430f6dfa1b1b0346ef8f	train	24905
viralmetagenome:316c66bc5a71d1529933	train	24906
viralmetagenome:fcd9ccd644c37e89268c	train	24907
viralmetagenome:88d886abcf18aa6769c8	train	24908
viralmetagenome:0fd06565e6c721554b06	train	24909
viralmetagenome:82c0a60865549e0596f6	train	24910
viralmetagenome:0518176508888c345e10	train	24911
viralmetagenome:463c3cac766835d8ed8c	train	24912
viralmetagenome:37c1ecec62458a0206a4	train	24913
viralmetagenome:3f5b2b2b853bf07c353f	train	24914
viralmetagenome:3d415be1d89fba0052ce	train	24915
viralmetagenome:b3fb6d8401bc3db6fa32	train	24916
viralmetagenome:24c0d76ca04444eff089	train	24917
viralmetagenome:a964b6b515b1939475a2	train	24918
viralmetagenome:a40360bf39dd9c4e03ef	train	24919
viralmetagenome:b2e4cd5a0a74d3049ed3	train	24920
viralmetagenome:18377fa82286141297f4	train	24921
viralmetagenome:e1beac8e4af65ef229b0	train	24922
viralmetagenome:5e06bbc1b33ff97a3e8b	train	24923
viralmetagenome:870d44a9025f7c4d42b8	train	24924
viralmetagenome:3dc05615517cda3ac5fd	train	24925
viralmetagenome:c13596f6c3c87eb15e51	train	24926
viralmetagenome:0657f5a4b09ab4c6d79e	train	24927
viralmetagenome:282ab28f6f6dcb763ce1	train	24928
viralmetagenome:b365d46c81362a72e9ac	train	24929
viralmetagenome:ea6a167bf644468414a9	train	24930
viralmetagenome:e1fb7bd6f52678d0fc80	train	24931
viralmetagenome:06dcec28b5ad49203c90	train	24932
viralmetagenome:da5aad9572ce48220bc9	train	24933
viralmetagenome:4fae8ae51fc0a1d6a970	train	24934
viralmetagenome:7f5d620db669815f84a2	train	24935
viralmetagenome:0c9f93dcc64a121aabbb	train	24936
viralmetagenome:2e90b01f58707915e450	train	24937
viralmetagenome:7a788947d47fc247cfcf	train	24938
viralmetagenome:78b451502ab6880e18b3	train	24939
viralmetagenome:8762fd166f5b00d1bf60	train	24940
viralmetagenome:ba0f600c40faf5b0686d	train	24941
viralmetagenome:53a81617d122f41cc7c4	train	24942
viralmetagenome:2f24343265fa5f715cad	train	24943
viralmetagenome:ff9e6a0f67783d80f34f	train	24944
viralmetagenome:d353b1f296fd57eea3b3	train	24945
viralmetagenome:7c8e1f5d9131b5cce69c	train	24946
viralmetagenome:3759000ed381213c1fb9	train	24947
viralmetagenome:a935cff0628d5dfa6fed	train	24948
viralmetagenome:c0709adf672356166de9	train	24949
viralmetagenome:7a2ac7bfed3c51f7d491	train	24950
viralmetagenome:2368c4233893f76d06a1	train	24951
viralmetagenome:fd52f1c2da8fbee0ee5e	train	24952
viralmetagenome:64fc000ce28c567ceb14	train	24953
viralmetagenome:b07d82fb0c6f1e735fec	train	24954
viralmetagenome:44bbde241bdabdc5a885	train	24955
viralmetagenome:d8bd5dd96ebf864b8ef4	train	24956
viralmetagenome:8bd8d5c87d8e9d892352	train	24957
viralmetagenome:0497e63d33c829a4188c	train	24958
viralmetagenome:59dce830acbdd2015a08	train	24959
viralmetagenome:a0162b3a0068c2347737	train	24960
viralmetagenome:be093ce87dda6010bdd8	train	24961
viralmetagenome:c9dcd74dfa2dd79f7076	train	24962
viralmetagenome:a7c61281a8146d614f5c	train	24963
viralmetagenome:4b900402c2a11fb47da1	train	24964
viralmetagenome:d7ae3f3f00b6799e6cf9	train	24965
viralmetagenome:090b14bac533e0867e5b	train	24966
viralmetagenome:a6544417f758816be1ec	train	24967
viralmetagenome:66eda713f1fe7f3746f2	train	24968
viralmetagenome:99a256cbcd576936aac1	train	24969
viralmetagenome:8139ee73f2b7888f8311	train	24970
viralmetagenome:52457d3a364cf06c4a25	train	24971
viralmetagenome:1908f49e962de7644d75	train	24972
viralmetagenome:41882e3d579060a38762	train	24973
viralmetagenome:cbe5d2aa488fdddc64c6	train	24974
viralmetagenome:bb8b01321c1661885922	train	24975
viralmetagenome:387f81d8c2956cd62440	train	24976
viralmetagenome:472f9196e5861d580729	train	24977
viralmetagenome:6a37a540cc407b14b471	train	24978
viralmetagenome:52a5a52343483414bf6a	train	24979
viralmetagenome:250054345bc7dc474fef	train	24980
viralmetagenome:81de6815a48aff2ad4bc	train	24981
viralmetagenome:066d91f0197ed424ae82	train	24982
viralmetagenome:e445fe78fa87667e7b06	train	24983
viralmetagenome:6306da4415d8d63a4680	train	24984
viralmetagenome:48e18ccd1b290e3e91aa	train	24985
viralmetagenome:8645a15d1a28da95b43b	train	24986
viralmetagenome:3124013c97e2d5e5cf8d	train	24987
viralmetagenome:6594dd0f3bd498df4fa5	train	24988
viralmetagenome:29f0a71d7cc1be52215f	train	24989
viralmetagenome:b4c55b454f2ee62f7383	train	24990
viralmetagenome:f95f054ec0642757d9ba	train	24991
viralmetagenome:6dc61cca88c21a0da740	train	24992
viralmetagenome:7345a5fb4b18865cded1	train	24993
viralmetagenome:72e9f52706d1aad9247b	train	24994
viralmetagenome:67eeb0a4cf692ea1663e	train	24995
viralmetagenome:3f2032362e6787879214	train	24996
viralmetagenome:f7581d60c71e59c77e62	train	24997
viralmetagenome:9d46d56810cf7f4b1eeb	train	24998
viralmetagenome:22f091271d0c511494bf	train	24999
viralmetagenome:60e33a364bda0ac483f3	train	25000
viralmetagenome:3f278140566e03782b61	train	25001
viralmetagenome:f5105d3ee313fa9d8162	train	25002
viralmetagenome:c9ee87fab5b3003fe4c4	train	25003
viralmetagenome:dcecdec7e12141e73b90	train	25004
viralmetagenome:82e706858b914a102129	train	25005
viralmetagenome:c2872127f3ebe2fd1401	train	25006
viralmetagenome:17376c31d00f1668e1cc	train	25007
viralmetagenome:9e4ed02eea4c46eaa91f	train	25008
viralmetagenome:f4dd7b436ce0fb002558	train	25009
viralmetagenome:e76412eea75355d69a3c	train	25010
viralmetagenome:26167c3c3ea0c90b2845	train	25011
viralmetagenome:9311e6d374ccb0df5545	train	25012
viralmetagenome:857ddd2f40bf8a22b736	train	25013
viralmetagenome:0fc848f13d38dfc8a66f	train	25014
viralmetagenome:f9efeb478c5ef6bcbb1c	train	25015
viralmetagenome:d95aeda87c060a43a9a6	train	25016
viralmetagenome:bdb5f195c7e0a8a68dbe	train	25017
viralmetagenome:06138f905eb3507bc7b2	train	25018
viralmetagenome:3af1321cd9a7ed9d96b4	train	25019
viralmetagenome:d86c996998545f58f7a0	train	25020
viralmetagenome:3781ae57bb10a3fad488	train	25021
viralmetagenome:4e1fe716e2413c2ab61e	train	25022
viralmetagenome:8bdd71517d796122cb5b	train	25023
viralmetagenome:4632c1462cbd7da85358	train	25024
viralmetagenome:371f1fbd44b13d422d46	train	25025
viralmetagenome:9fca907533490090a3be	train	25026
viralmetagenome:31ebb6e4b237b14882f0	train	25027
viralmetagenome:6a2b535af2baa4a666bb	train	25028
viralmetagenome:bc4abbecaca5973928d7	train	25029
viralmetagenome:9c9ac9bbe039f17ead5e	train	25030
viralmetagenome:d732f74af71e11205e68	train	25031
viralmetagenome:06fc607ab97aecf73221	train	25032
viralmetagenome:2591534837684080354c	train	25033
viralmetagenome:ccb42e468a1d49a25a48	train	25034
viralmetagenome:336285bb156ef38101f4	train	25035
viralmetagenome:78665b021c481e296292	train	25036
viralmetagenome:4c0b724afa06e7548876	train	25037
viralmetagenome:ffd85807023cc175eae2	train	25038
viralmetagenome:fdefd4510f30a0e5d125	train	25039
viralmetagenome:41607a9e2322c1b4195e	train	25040
viralmetagenome:8fc57303cf1d8ddfa955	train	25041
viralmetagenome:5c9b3e19e64097636164	train	25042
viralmetagenome:ff7916fa44d6694471b0	train	25043
viralmetagenome:75a8438cd0890785d125	train	25044
viralmetagenome:a272aa9a45e116041182	train	25045
viralmetagenome:35a7befa32fb41d617b3	train	25046
viralmetagenome:c2f2a21310de3a792a0c	train	25047
viralmetagenome:829c8efe24978ce40b4f	train	25048
viralmetagenome:17d2cc923eac3fbd4002	train	25049
viralmetagenome:911833e41af83794f22d	train	25050
viralmetagenome:d240ab9b8c28efe9b6fc	train	25051
viralmetagenome:763cb6885f2e8954da14	train	25052
viralmetagenome:6bb43b10e56f08c5dd56	train	25053
viralmetagenome:25f8bba737ffda781855	train	25054
viralmetagenome:a4a621eedbc4d837ce58	train	25055
viralmetagenome:6b4d18d7d189020b55d7	train	25056
viralmetagenome:4de4639b65b385b44e04	train	25057
viralmetagenome:1e09cfe343e716e697d1	train	25058
viralmetagenome:858f600c05dba1af63e6	train	25059
viralmetagenome:bf16b6c3ea969cf191bf	train	25060
viralmetagenome:6e7ac1d20cd0f3ab7b75	train	25061
viralmetagenome:f6103bf6c4ad5c7e20e2	train	25062
viralmetagenome:a6152573b4787dcf7039	train	25063
viralmetagenome:00411326ed04a5378564	train	25064
viralmetagenome:f31aa3fdd98fb30a8c7d	train	25065
viralmetagenome:9953f652f1ad3e7cbe4c	train	25066
viralmetagenome:afdc780832ae70ebf927	train	25067
viralmetagenome:be7eb9a5e044b42e0e84	train	25068
viralmetagenome:a080c66521db15f26a16	train	25069
viralmetagenome:52cfa9779306b528f84c	train	25070
viralmetagenome:eb0b2ffc4f67cdea6bac	train	25071
viralmetagenome:a1fad46d66b0777c249f	train	25072
viralmetagenome:f1edb040ff45e35170e5	train	25073
viralmetagenome:0a0d944151419015a443	train	25074
viralmetagenome:05624a1b32b2f02cfcce	train	25075
viralmetagenome:ee2f80496e88cd319161	train	25076
viralmetagenome:63523a28a8d819cc7754	train	25077
viralmetagenome:e4d16c11bdcf29644bca	train	25078
viralmetagenome:96e6e798d20182b7ffd4	train	25079
viralmetagenome:9e1859abc7b80e7c1f11	train	25080
viralmetagenome:e56bc8e28dccda4b7bde	train	25081
viralmetagenome:5507a66bd45729c10af3	train	25082
viralmetagenome:895f20341d5556e6617c	train	25083
viralmetagenome:6f0519067e834e49e599	train	25084
viralmetagenome:c7cbc220833eb2545cf0	train	25085
viralmetagenome:14a2ad3bc5ba42aff9dc	train	25086
viralmetagenome:246286ba78cacab9a31b	train	25087
viralmetagenome:3dcda71c3d29b0f9ff49	train	25088
viralmetagenome:1309313d5436d64adbe1	train	25089
viralmetagenome:6646ac8d775ee419ee73	train	25090
viralmetagenome:37894c4c3bf159119838	train	25091
viralmetagenome:20931983b28aa004b617	train	25092
viralmetagenome:f36cf2f3b1833e846231	train	25093
viralmetagenome:e1d3cee460cac18ddba8	train	25094
viralmetagenome:d02b772c0eaeb7cf043e	train	25095
viralmetagenome:61d106df65d678c2225c	train	25096
viralmetagenome:826f157beb4f2f79c3c3	train	25097
viralmetagenome:79c95785ccd06d434d10	train	25098
viralmetagenome:a0574debf16d504fc580	train	25099
viralmetagenome:0e4ab10dfab9579c9299	train	25100
viralmetagenome:090b153c197087205a65	train	25101
viralmetagenome:cd476a6d5edf3e8ce3db	train	25102
viralmetagenome:1028be8d3387affdfbaa	train	25103
viralmetagenome:2f0509f0a8120483fb8d	train	25104
viralmetagenome:e4b417eb00ee11c09bde	train	25105
viralmetagenome:25c9370ba154501d1549	train	25106
viralmetagenome:c507eaa123b855ac1ba4	train	25107
viralmetagenome:1e7cb5ff34f13e1065ca	train	25108
viralmetagenome:c2705e62c4993cb976a6	train	25109
viralmetagenome:453872f4db021eca3c8e	train	25110
viralmetagenome:327476db9495a6cacc92	train	25111
viralmetagenome:360c3a32f96dfe470b5f	train	25112
viralmetagenome:bf31932c438ddbee595e	train	25113
viralmetagenome:6c4f33d140a788524642	train	25114
viralmetagenome:1a37182b7d117c544eb1	train	25115
viralmetagenome:9834d31da7a552d6e74d	train	25116
viralmetagenome:2a813e60e40c028d03d7	train	25117
viralmetagenome:9b136066c9d1989d29b2	train	25118
viralmetagenome:45ecdd6ac1464db73cbf	train	25119
viralmetagenome:b527e3c0c4e4336bb6ae	train	25120
viralmetagenome:c0fdbc1233698153caf7	train	25121
viralmetagenome:cc287cf9919dd788e38c	train	25122
viralmetagenome:f45a2c868c6897a70702	train	25123
viralmetagenome:4a25a356025583fe01b5	train	25124
viralmetagenome:be4de31f9da986a1c82e	train	25125
viralmetagenome:68c626541f78188fd699	train	25126
viralmetagenome:85bf78a8a4bb5d405bb9	train	25127
viralmetagenome:9d3f5a745c4c3bd7cb69	train	25128
viralmetagenome:e47093582b031a6a24dd	train	25129
viralmetagenome:2a50f9390c51d7fcfaf6	train	25130
viralmetagenome:720e759fe92acf652afc	train	25131
viralmetagenome:77bc7dd3a630b7ded010	train	25132
viralmetagenome:b750d4b01a5cde57aec2	train	25133
viralmetagenome:ffc7a4af638426d2c5b1	train	25134
viralmetagenome:2d4163d4efe59c7d331a	train	25135
viralmetagenome:466c97837411d0b2c2bb	train	25136
viralmetagenome:b87e9d3bf3738783bf3c	train	25137
viralmetagenome:870dfdf03de05aaef4a7	train	25138
viralmetagenome:5bc30b7d642987b87aaa	train	25139
viralmetagenome:53d98a54807fb8da3800	train	25140
viralmetagenome:768ce27018ca5d4e9a1b	train	25141
viralmetagenome:6380fba05a26c3f09810	train	25142
viralmetagenome:5d73f2c939093aebeaa0	train	25143
viralmetagenome:a3bb4699ecd2957207a5	train	25144
viralmetagenome:2b8b69800d10fa86105f	train	25145
viralmetagenome:2ef059dfc7a99f9e0b35	train	25146
viralmetagenome:bc892f1abfebd9aad257	train	25147
viralmetagenome:14786273b39b61f8c8d8	train	25148
viralmetagenome:9ca55b541b81f3db2808	train	25149
viralmetagenome:1f364944cd1f5a52f9b3	train	25150
viralmetagenome:7b3462da84ec9f8b2526	train	25151
viralmetagenome:8d503d30e8756259bb05	train	25152
viralmetagenome:23965c156cd59b40d7e6	train	25153
viralmetagenome:4728b4ca1d1d339e9334	train	25154
viralmetagenome:308191f8dde62e789bbe	train	25155
viralmetagenome:eea562f5cd61a1d258e5	train	25156
viralmetagenome:e6aaf99af9883718d306	train	25157
viralmetagenome:ebdc7f99ab8c8863973b	train	25158
viralmetagenome:0938c74074a260849240	train	25159
viralmetagenome:0102d7d7e1badb43a587	train	25160
viralmetagenome:a4c178bd68cf13f5a2e5	train	25161
viralmetagenome:33da4b846d3c14524dba	train	25162
viralmetagenome:675c80f2a2ba5bfc3a34	train	25163
viralmetagenome:424845c1426c7f7f2ea6	train	25164
viralmetagenome:ce7ccd580186003307ae	train	25165
viralmetagenome:344eef77168e58985772	train	25166
viralmetagenome:df370d76a60609d51e75	train	25167
viralmetagenome:d9e8792883721d482d19	train	25168
viralmetagenome:f65fe97e54b16e2c462c	train	25169
viralmetagenome:f299e588d902ad8a2a93	train	25170
viralmetagenome:f8112bb3d14280a2232a	train	25171
viralmetagenome:09b754882c1ca8cf3e60	train	25172
viralmetagenome:131d4d017ecb123da744	train	25173
viralmetagenome:51cbe3c7e9bc22549fe1	train	25174
viralmetagenome:e398850f55eff053fafe	train	25175
viralmetagenome:2dc06fac7d8928a18a24	train	25176
viralmetagenome:bea781ebfda1edbe00ec	train	25177
viralmetagenome:91e067e7b4aeff086f96	train	25178
viralmetagenome:3e015eab262462587ad3	train	25179
viralmetagenome:d3d53c820507386a9d90	train	25180
viralmetagenome:ffca62a9ed100071c9e3	train	25181
viralmetagenome:0d704a7ee0ccbcee352c	train	25182
viralmetagenome:0869953516e678b3053a	train	25183
viralmetagenome:8a7c7dffc8390fd0a8fb	train	25184
viralmetagenome:2056cc73388f82f6c94a	train	25185
viralmetagenome:a4806c540d6c22359402	train	25186
viralmetagenome:b926180ab2dd4db0da6f	train	25187
viralmetagenome:f738b9a8d88b52fea0b0	train	25188
viralmetagenome:afcb90298138410fa204	train	25189
viralmetagenome:bbf555eb25f5e549e678	train	25190
viralmetagenome:4f62a869fdee9ac74b7a	train	25191
viralmetagenome:0ccb24a380b81f1e3340	train	25192
viralmetagenome:f8bdf047a003b4e156ea	train	25193
viralmetagenome:bba8764b319dd04a0c17	train	25194
viralmetagenome:168aa3fddb20c98be99a	train	25195
viralmetagenome:55d7eba69420a7c0671c	train	25196
viralmetagenome:676ff1e0ebf0b2b4cd40	train	25197
viralmetagenome:b354d13d6ed2eaa616ad	train	25198
viralmetagenome:dc768aa2b67758402781	train	25199
viralmetagenome:deee8c5f60f616903c38	train	25200
viralmetagenome:8fce221bc6bfb407b98d	train	25201
viralmetagenome:ebc2735a0a43b8bc3682	train	25202
viralmetagenome:e5d318c049528fa167b7	train	25203
viralmetagenome:07e4a6a71e989ee594f9	train	25204
viralmetagenome:9d21d6496c923c8d84a2	train	25205
viralmetagenome:56a76325a09e1ee12528	train	25206
viralmetagenome:8746920855ae961dbb3c	train	25207
viralmetagenome:02fd8dafe3cf320fa75c	train	25208
viralmetagenome:581603f750bf879cde2d	train	25209
viralmetagenome:7344316d2d4e0ccd9236	train	25210
viralmetagenome:d0d96de99869f1bfe8c7	train	25211
viralmetagenome:81893353b55adb599b78	train	25212
viralmetagenome:46d2746d3bb4e9d7fbf1	train	25213
viralmetagenome:90e2090036b4a549701d	train	25214
viralmetagenome:9fe7bf41d117d23aa4d3	train	25215
viralmetagenome:94db9cb0292af250c443	train	25216
viralmetagenome:dde3330df785b1998dcb	train	25217
viralmetagenome:a6d6facb4e8695b7bc98	train	25218
viralmetagenome:b659340f000473a7924f	train	25219
viralmetagenome:a2771e078acc6434a404	train	25220
viralmetagenome:8f4e6a035d1924cee6f8	train	25221
viralmetagenome:c18b09cfd7432883ad63	train	25222
viralmetagenome:5e6a369d1e815819d2ab	train	25223
viralmetagenome:424000eeefcc7588124b	train	25224
viralmetagenome:acd99a894477a47c992b	train	25225
viralmetagenome:8fd8a5f884bebac27ac4	train	25226
viralmetagenome:5408f6ab75a6f7a12b69	train	25227
viralmetagenome:f42fb5de36aa2e9e5dfc	train	25228
viralmetagenome:738feb270b9cb2fd6788	train	25229
viralmetagenome:449c2c9ef80e00df79ed	train	25230
viralmetagenome:9bc7302f6166214b3e68	train	25231
viralmetagenome:ed67e7f3b0eb18c9f66d	train	25232
viralmetagenome:187756c79d29a23e245a	train	25233
viralmetagenome:f151aa8cbe7a33d7c487	train	25234
viralmetagenome:f342e52709f41891bb06	train	25235
viralmetagenome:57725e5b6900ab22cbb6	train	25236
viralmetagenome:94041a33ef9e6d4a30a1	train	25237
viralmetagenome:6e924ec4c94d94fb3c2d	train	25238
viralmetagenome:bd4fa3a942cc1cf6b724	train	25239
viralmetagenome:d5a236200a6fb9dfd4a7	train	25240
viralmetagenome:23a0811d30124d10f327	train	25241
viralmetagenome:defb99a15c817526d975	train	25242
viralmetagenome:f457723eed9d04ad4d74	train	25243
viralmetagenome:164c40c73a8f144984d8	train	25244
viralmetagenome:a84d970c659f7e420b22	train	25245
viralmetagenome:b7f37acfcfe49ecf0b21	train	25246
viralmetagenome:a4ee0789007d77ae1f5a	train	25247
viralmetagenome:3eff45676961b0dee8b0	train	25248
viralmetagenome:8631d4c83caa92a8edb6	train	25249
viralmetagenome:82e453ab5f91d36fe7f4	train	25250
viralmetagenome:67371ef2349a054e2194	train	25251
viralmetagenome:307c12665a4131a30d54	train	25252
viralmetagenome:69dc6856bf8164cd5afb	train	25253
viralmetagenome:55c7d3365824dbf30b20	train	25254
viralmetagenome:e23d8c19934f44598a22	train	25255
viralmetagenome:0a25fa784b65ccd4911c	train	25256
viralmetagenome:8961b4e531fe56943685	train	25257
viralmetagenome:4dcc2c08cfea465a0f1d	train	25258
viralmetagenome:a333352fcabb94157637	train	25259
viralmetagenome:9be58f5d618730d03d4e	train	25260
viralmetagenome:4f56f379c0aa8efea5bc	train	25261
viralmetagenome:716348429ed3407d9c58	train	25262
viralmetagenome:e20d586c6659d20ed527	train	25263
viralmetagenome:fe6097e6cc6b3a8d3c61	train	25264
viralmetagenome:1dd819aed7351a3a32ec	train	25265
viralmetagenome:85e2f572fae1dadc7167	train	25266
viralmetagenome:bcf30f6e90f240f295a6	train	25267
viralmetagenome:5ac3e078d9ac0fef2ae2	train	25268
viralmetagenome:4296a6c4ceb16acf1fae	train	25269
viralmetagenome:d355041126de23449f85	train	25270
viralmetagenome:2ce32675c9933bd35610	train	25271
viralmetagenome:d2a5e68f21db4a82c9ee	train	25272
viralmetagenome:123c34ae3dd628cfa582	train	25273
viralmetagenome:a5a1bb70067083306766	train	25274
viralmetagenome:bd6ad061e2fdf1fbe50c	train	25275
viralmetagenome:b3c789d820e1cd25c125	train	25276
viralmetagenome:b0335f41d061a70c2dea	train	25277
viralmetagenome:bed7c6494fe1d48d3c4e	train	25278
viralmetagenome:b8b554846e654bd3ff85	train	25279
viralmetagenome:2164e8b4e480b89f0096	train	25280
viralmetagenome:9607adcee3051cd7beb4	train	25281
viralmetagenome:445bde6697e3b9817685	train	25282
viralmetagenome:c2dee46e85d1af5ea7e9	train	25283
viralmetagenome:095c7281c2a8a59039cd	train	25284
viralmetagenome:43be2ec0b34633793d48	train	25285
viralmetagenome:f8ec651fc34234c0181e	train	25286
viralmetagenome:535fde6a802515cb3ad7	train	25287
viralmetagenome:b59511bc2155831e387f	train	25288
viralmetagenome:7b422a5cf54a011434b3	train	25289
viralmetagenome:515651a3479a2260e3a2	train	25290
viralmetagenome:ef0880b6c614511f1444	train	25291
viralmetagenome:56d0d76a91eb242fbe41	train	25292
viralmetagenome:c3e96fa9ce6562e9b8e0	train	25293
viralmetagenome:5b895f02a4c34e4693ad	train	25294
viralmetagenome:bc3d4ba34d4d57aa649b	train	25295
viralmetagenome:db070518a686333011c9	train	25296
viralmetagenome:74956009c581f48b5a1b	train	25297
viralmetagenome:aab1e7fc0661d33b6463	train	25298
viralmetagenome:bb97069b96fbf9eb39c3	train	25299
viralmetagenome:abd9b7fd0e601ef901a4	train	25300
viralmetagenome:b90d9efed5c17ff275ef	train	25301
viralmetagenome:6570ce771984e52960bb	train	25302
viralmetagenome:2530dc0ac45021d39efb	train	25303
viralmetagenome:25d92411ef6be0c4583c	train	25304
viralmetagenome:b00fdaa9be6e436bac43	train	25305
viralmetagenome:e7d377c9df57aafc4d6b	train	25306
viralmetagenome:b589c2a8b0193520ea7a	train	25307
viralmetagenome:80db31e2a789e9c6cf76	train	25308
viralmetagenome:11c1601a7683b0dcdc15	train	25309
viralmetagenome:4a98ae5b13b0f2f92ca1	train	25310
viralmetagenome:08a0b9e45571d87cda83	train	25311
viralmetagenome:a020409de8a2efa8c58b	train	25312
viralmetagenome:2ce950a01e279c32c9fe	train	25313
viralmetagenome:49d6202bddb8d0a7506f	train	25314
viralmetagenome:c3a047da6bcc14c48b2f	train	25315
viralmetagenome:d7ccc402236a61b8673f	train	25316
viralmetagenome:64674b3db36849a0ee88	train	25317
viralmetagenome:629c3de26f015813bb92	train	25318
viralmetagenome:f924ba572578ccaf61ff	train	25319
viralmetagenome:ff711937c91627b22225	train	25320
viralmetagenome:98fb29e4ee1593c579fa	train	25321
viralmetagenome:b6ba114617a8bcf64d14	train	25322
viralmetagenome:c4fab9979fd0c93e18e7	train	25323
viralmetagenome:5fc27f3083cc5429743f	train	25324
viralmetagenome:434efd2dd6472f7fcb2e	train	25325
viralmetagenome:f0ce56a2aaf781a4e56c	train	25326
viralmetagenome:6caefcb4b7b3e6be6ce9	train	25327
viralmetagenome:05112260c706d0934eed	train	25328
viralmetagenome:43dee14375520a40dbc1	train	25329
viralmetagenome:315b656a3fff576c53aa	train	25330
viralmetagenome:c500618d98a385f9995f	train	25331
viralmetagenome:c3b75888eb4e5ae5eef7	train	25332
viralmetagenome:bce143fe47e281472fce	train	25333
viralmetagenome:1e5b951e8ac81f600001	train	25334
viralmetagenome:f4ec62fa9a814e111321	train	25335
viralmetagenome:7d725ac384edf0af559e	train	25336
viralmetagenome:3f4551cdbff3ebe47259	train	25337
viralmetagenome:ab34b98b5a35ef554c9a	train	25338
viralmetagenome:f94e7868d218d26a77ee	train	25339
viralmetagenome:b3cd86389fcb6fbcdf49	train	25340
viralmetagenome:863fd767f78b4ffcb225	train	25341
viralmetagenome:9d32d10ad712aa9ff278	train	25342
viralmetagenome:01036826be1b9da9ff8a	train	25343
viralmetagenome:c8e93f42125a3775a973	train	25344
viralmetagenome:5c7cf3cdb0647d427f75	train	25345
viralmetagenome:6faa9092143415546923	train	25346
viralmetagenome:b79258934ee78e3353fb	train	25347
viralmetagenome:6f92438baf7fdadd226b	train	25348
viralmetagenome:b39752252f190c5c2952	train	25349
viralmetagenome:d44d1c17a9654692c85e	train	25350
viralmetagenome:98f2ea0fd10cfea8059d	train	25351
viralmetagenome:d8722091b17f7c764070	train	25352
viralmetagenome:b72de9663db7709f1f38	train	25353
viralmetagenome:c1dc0087597cc00f42d7	train	25354
viralmetagenome:482c69874e45a39b0a3e	train	25355
viralmetagenome:dbb516e3faf33adb7709	train	25356
viralmetagenome:4d5388d2ee66cb4b509e	train	25357
viralmetagenome:55aaeb41d224f945012e	train	25358
viralmetagenome:3e87a942ad8945b745c5	train	25359
viralmetagenome:55946b3ee80d50b408b6	train	25360
viralmetagenome:873491aa41442c8095eb	train	25361
viralmetagenome:25d9df1d7252883c167b	train	25362
viralmetagenome:e0038d841243ff254198	train	25363
viralmetagenome:c15b24fc6e4dd18ca849	train	25364
viralmetagenome:56b0cf6c005c9fbddfc1	train	25365
viralmetagenome:ad7b089626f8f46bd9d3	train	25366
viralmetagenome:08561dac6341b403ce62	train	25367
viralmetagenome:e929a047b97f97c10209	train	25368
viralmetagenome:a0629b5cb8226c501855	train	25369
viralmetagenome:7149e8b6a3e9d028a155	train	25370
viralmetagenome:251537d729d8f13f8e92	train	25371
viralmetagenome:8575754976890a4449ef	train	25372
viralmetagenome:6376322dbdedac39d492	train	25373
viralmetagenome:03432fe689dc1e5843c8	train	25374
viralmetagenome:38e140618991abd4cfd1	train	25375
viralmetagenome:f53e73f30e86172f5cf3	train	25376
viralmetagenome:7d1f01c9f21039fed138	train	25377
viralmetagenome:5e0f40936b0db9dedfb5	train	25378
viralmetagenome:caba40ceda6f7ae0bbba	train	25379
viralmetagenome:e2ae8ddecc64f5d3a674	train	25380
viralmetagenome:c78ea1b59d4ecb221bd0	train	25381
viralmetagenome:72ccec23b3e77d103d61	train	25382
viralmetagenome:1721ba9f35b9f23a634d	train	25383
viralmetagenome:8ceadbd4fd93eefe6150	train	25384
viralmetagenome:b0861ce1947f11c79a63	train	25385
viralmetagenome:0f8718cb248e60824c6e	train	25386
viralmetagenome:c295ff47f6c5e595eb59	train	25387
viralmetagenome:8c91fd7416870a5b244b	train	25388
viralmetagenome:b0458af7237ef5046152	train	25389
viralmetagenome:1f3d9e8d39bbf7942cce	train	25390
viralmetagenome:52e161f65d7a9b23aabf	train	25391
viralmetagenome:86e8d5f1ff0968b9d198	train	25392
viralmetagenome:d06cff5d242e17f2e8b5	train	25393
viralmetagenome:f19f958ef679b3b6077a	train	25394
viralmetagenome:48765c6b22fe960f94bc	train	25395
viralmetagenome:57efa254fb5a06547436	train	25396
viralmetagenome:79342cd0589594cd3772	train	25397
viralmetagenome:c9cc5003ed765aa3d6e5	train	25398
viralmetagenome:8aaa71f07ef5ebdd38f9	train	25399
viralmetagenome:1734074bf47b88c2e40b	train	25400
viralmetagenome:1ddb1da93774167cc22a	train	25401
viralmetagenome:8451227bb6fe4335aa83	train	25402
viralmetagenome:48b2c3e8b11a638d3c04	train	25403
viralmetagenome:33f2e8adc17f77d08e77	train	25404
viralmetagenome:da23d4af3cd26576bac0	train	25405
viralmetagenome:a25f7396fc152fd4b797	train	25406
viralmetagenome:c8c3b800d76d2fd7f82d	train	25407
viralmetagenome:d57eea0fd481487417ac	train	25408
viralmetagenome:38641f6d31c11add4cf8	train	25409
viralmetagenome:6f6ce193241e8ce5fc95	train	25410
viralmetagenome:fd855af3a0e8ebe5a1cc	train	25411
viralmetagenome:9a5a984e72546f40a65c	train	25412
viralmetagenome:0e46c7af1f0bb9b931bc	train	25413
viralmetagenome:52e50e4b3e03e6bf13b2	train	25414
viralmetagenome:a17e4afbbad25739bfc0	train	25415
viralmetagenome:4a0a68ca8942725a3c69	train	25416
viralmetagenome:07f893fd7c25a2515ea5	train	25417
viralmetagenome:562111a13ca72c4a8524	train	25418
viralmetagenome:0e6bc4854cd540150119	train	25419
viralmetagenome:76a645bfcd66884563dd	train	25420
viralmetagenome:9416058b95bddc79740f	train	25421
viralmetagenome:3cdad8e8920dfb24b3c0	train	25422
viralmetagenome:0e47e65a029ffaf333cd	train	25423
viralmetagenome:505c4bdfe5b4f4c7dc2d	train	25424
viralmetagenome:6ace24d763c438fc88c8	train	25425
viralmetagenome:2fb31704d07746907457	train	25426
viralmetagenome:de70857a8838f6d5c986	train	25427
viralmetagenome:312440f5ace07cc8c5fd	train	25428
viralmetagenome:9fb0b5b58e847de3d61b	train	25429
viralmetagenome:58ada91254ba3be09bd6	train	25430
viralmetagenome:099fc856fc7584ed47e3	train	25431
viralmetagenome:8c842db1a49a6a3a86e2	train	25432
viralmetagenome:5aeb6fbe9ae3ec1ec52c	train	25433
viralmetagenome:13e5c79d72863c27717a	train	25434
viralmetagenome:737dfab704e0d704437a	train	25435
viralmetagenome:9e9d237dae1d1be2b06f	train	25436
viralmetagenome:3579e51557ae0d91b810	train	25437
viralmetagenome:5c97d6f8c86afd21a09d	train	25438
viralmetagenome:40029742bf8a5489db53	train	25439
viralmetagenome:8969f67ffdc4d803c63a	train	25440
viralmetagenome:f1f39e5da12c78c3ea09	train	25441
viralmetagenome:19c14fd1554f64f9797d	train	25442
viralmetagenome:c9f59b803763adf8d4c6	train	25443
viralmetagenome:76817f1d2dee92564913	train	25444
viralmetagenome:a87f58ac9ff795925702	train	25445
viralmetagenome:27b14d052c73ffb31154	train	25446
viralmetagenome:7638416ef96fec94d8dd	train	25447
viralmetagenome:78c33521a66188eabc18	train	25448
viralmetagenome:05e6b5bee170d8f8c110	train	25449
viralmetagenome:c1eaebfebc24d90950de	train	25450
viralmetagenome:a9e8833830ff31540b1d	train	25451
viralmetagenome:d9f93e0b462424b8d618	train	25452
viralmetagenome:3cc693c97b2fa3a9cb99	train	25453
viralmetagenome:f7a3daaf818b02cfbc2e	train	25454
viralmetagenome:d1627b1661c2e18aaa4f	train	25455
viralmetagenome:eb1af873698a817cbfec	train	25456
viralmetagenome:0c11a844673dbd5f5350	train	25457
viralmetagenome:386c78855f40261f5adb	train	25458
viralmetagenome:8f90353a79b9324dd91f	train	25459
viralmetagenome:8ca57dff235ef8547493	train	25460
viralmetagenome:3d9421a7c7629e7b9ddd	train	25461
viralmetagenome:91db137719c9b279582f	train	25462
viralmetagenome:836e8b493289c628547b	train	25463
viralmetagenome:5657289032000b70c250	train	25464
viralmetagenome:2a6cc2d9380a1236a63b	train	25465
viralmetagenome:0544222df7a293d737aa	train	25466
viralmetagenome:4dd69cf5c40558e5ddf8	train	25467
viralmetagenome:9d80481c8d874d933084	train	25468
viralmetagenome:ab3403f5921e49a187bd	train	25469
viralmetagenome:8fa6ace193058f1047e1	train	25470
viralmetagenome:fe7cf24826b10075773a	train	25471
viralmetagenome:57a7d47ec112d4b39f51	train	25472
viralmetagenome:8e82ed00dfa25ad71e36	train	25473
viralmetagenome:31a54928b65ff7216b71	train	25474
viralmetagenome:89024b7ea07f332bd852	train	25475
viralmetagenome:fab9249797c6f08d9938	train	25476
viralmetagenome:44952f639122fa130132	train	25477
viralmetagenome:12c7dc8e73391845fc86	train	25478
viralmetagenome:33978fbb09b97d31efa7	train	25479
viralmetagenome:6f4adbf1e88b357c95e6	train	25480
viralmetagenome:c8a6fb560901edf4fa87	train	25481
viralmetagenome:0b37ff7fd12939ba8b31	train	25482
viralmetagenome:ddae7e70af91a81824ab	train	25483
viralmetagenome:cdc36838d384aa20409f	train	25484
viralmetagenome:f35c1f9bc005701adabb	train	25485
viralmetagenome:13c88670f4088a7e37ba	train	25486
viralmetagenome:55118adc7d43e96bac83	train	25487
viralmetagenome:046a67f5c4b01fb0cc26	train	25488
viralmetagenome:556e4b881e9fd63e0051	train	25489
viralmetagenome:c6cdc7946c46adc82bea	train	25490
viralmetagenome:96723c742cebda93ba70	train	25491
viralmetagenome:17e1d7c32f0188c1c753	train	25492
viralmetagenome:7b7d4ecfd729cc9c6438	train	25493
viralmetagenome:9f5497f689af11a94f3c	train	25494
viralmetagenome:bc051ca9237e2e8d70f1	train	25495
viralmetagenome:e6e34fe55a9c3579fdf1	train	25496
viralmetagenome:fa79d9da14a9d8625f24	train	25497
viralmetagenome:e0262c2d9b2c02fb6cce	train	25498
viralmetagenome:c7ff07143f050f9d86bd	train	25499
viralmetagenome:4644d84b562ef2d86fd7	train	25500
viralmetagenome:73bf44b191e056dc5cff	train	25501
viralmetagenome:1d4ef1aed11cb8aae22a	train	25502
viralmetagenome:90d1158ff88f03cfd512	train	25503
viralmetagenome:5bb438a92667a9cba5c6	train	25504
viralmetagenome:524589f59c6673801258	train	25505
viralmetagenome:42e318c8b6a0ddacd3fa	train	25506
viralmetagenome:adec717566ca19e6ec6e	train	25507
viralmetagenome:99046af47781a118dd31	train	25508
viralmetagenome:f5624459847fbcf9b2b3	train	25509
viralmetagenome:47685f5123821ed34a48	train	25510
viralmetagenome:bf1cc07f1214b9a0694e	train	25511
viralmetagenome:fc508141ff9658165108	train	25512
viralmetagenome:3eec6b20cda0e9c4caa7	train	25513
viralmetagenome:65d9e929faf8e7be99ca	train	25514
viralmetagenome:2fdc5173ca5e39b55613	train	25515
viralmetagenome:eb5d629c5c93f279a2db	train	25516
viralmetagenome:a4aacb430ad04c9a676e	train	25517
viralmetagenome:d256166ee81b17342e34	train	25518
viralmetagenome:7b11ae7905ff266d339e	train	25519
viralmetagenome:5a2e71e632c145513514	train	25520
viralmetagenome:753f9d261387a119b245	train	25521
viralmetagenome:a6be1bde1773268fc344	train	25522
viralmetagenome:bfb48046651d36b8db08	train	25523
viralmetagenome:595bbd31f6448e22ecec	train	25524
viralmetagenome:8b382a9c9e03c02f797c	train	25525
viralmetagenome:33073c90e7f45ed61ccc	train	25526
viralmetagenome:ff17a81f1e460c9f00e0	train	25527
viralmetagenome:2c8b5152b4788e0e2783	train	25528
viralmetagenome:b0631af1ef53a041a7c7	train	25529
viralmetagenome:3d5953e078de833c6388	train	25530
viralmetagenome:25394f8f33db5f2327c6	train	25531
viralmetagenome:d02dc7f3868950d10e70	train	25532
viralmetagenome:f0f341497434ecb7649f	train	25533
viralmetagenome:bcea9464844df5e69258	train	25534
viralmetagenome:3b91973f113288661bf1	train	25535
viralmetagenome:c1e32799be1365ca1eda	train	25536
viralmetagenome:83b11a95f7b42964ec1d	train	25537
viralmetagenome:bafb0e24f1bf5439c238	train	25538
viralmetagenome:51495f75add27344394b	train	25539
viralmetagenome:960d55b49bb8d3916325	train	25540
viralmetagenome:796ade801e5e20d381b0	train	25541
viralmetagenome:781e923beb36272c3473	train	25542
viralmetagenome:3799a282d7dcfb322e6a	train	25543
viralmetagenome:04fcf48b6403f22353b5	train	25544
viralmetagenome:d230505627a1ecefac47	train	25545
viralmetagenome:a7339a7ebde3d4351e7e	train	25546
viralmetagenome:eb29eec4ae44d6742dcb	train	25547
viralmetagenome:adb271ec72f2c482d4aa	train	25548
viralmetagenome:1bab67ea3d392d99bf61	train	25549
viralmetagenome:282fed804a488a54e83d	train	25550
viralmetagenome:50ef2b6c2ee5142eb7d7	train	25551
viralmetagenome:786e6f12eff89e26428c	train	25552
viralmetagenome:71d6d74fd212655c29e9	train	25553
viralmetagenome:074f0326f19b7a5db91d	train	25554
viralmetagenome:d8c1e47fd1e1d3dc2d08	train	25555
viralmetagenome:2906b55dcdbef43aa6af	train	25556
viralmetagenome:602af0d1e21a371a408c	train	25557
viralmetagenome:d94cf9aef119ef110182	train	25558
viralmetagenome:a9c7c1aa3fb737d1259a	train	25559
viralmetagenome:43d9d6f55f803ef12f60	train	25560
viralmetagenome:c748993e9bd0d0746f8d	train	25561
viralmetagenome:ba1ad52a20d288ed72a8	train	25562
viralmetagenome:403486d5c1bf04bd00a7	train	25563
viralmetagenome:2791f40d1db163e2ad52	train	25564
viralmetagenome:15a40212e1e3d9928939	train	25565
viralmetagenome:6828101b5ec447b3ebc7	train	25566
viralmetagenome:ee9af0e14bf6642468f9	train	25567
viralmetagenome:eb8f25941bbe995c1598	train	25568
viralmetagenome:4283c30922a8e5a95229	train	25569
viralmetagenome:7d67aceba4272ebeca9c	train	25570
viralmetagenome:cc164eafca8a8860c02d	train	25571
viralmetagenome:909fee5687e1404e6aa5	train	25572
viralmetagenome:2c0937059128e2187738	train	25573
viralmetagenome:f1ba3abd1f759bf4e1a6	train	25574
viralmetagenome:4d8b2cc26957189c007e	train	25575
viralmetagenome:4d015dbea14e1be29b4a	train	25576
viralmetagenome:4f11a868f7d54ddd9803	train	25577
viralmetagenome:9e489400520a25f190b5	train	25578
viralmetagenome:622eaf3b2ee0a0725c21	train	25579
viralmetagenome:94d1cbb289165c79c5c9	train	25580
viralmetagenome:045fc907f54da5ba6ab7	train	25581
viralmetagenome:ea88e65a50627953945d	train	25582
viralmetagenome:c1180c94dc67ec4e162a	train	25583
viralmetagenome:2341d44cbeeae09bd13d	train	25584
viralmetagenome:23ec822067e8cd4fa839	train	25585
viralmetagenome:346e341d1d7dce4c5a3e	train	25586
viralmetagenome:d1d9c5383721a0d23142	train	25587
viralmetagenome:38f244e1ac0c287cca1b	train	25588
viralmetagenome:1a5b5876d43eb1e448f6	train	25589
viralmetagenome:0ed7d5d9b7f62f25748c	train	25590
viralmetagenome:ba506f202a377626d8f5	train	25591
viralmetagenome:436e1002f517d66b7d8e	train	25592
viralmetagenome:028a6f07db5648efb0aa	train	25593
viralmetagenome:ddc2ba3a3062109ad4c1	train	25594
viralmetagenome:a2b13e9d82dfbd07187a	train	25595
viralmetagenome:226328a7f5c47c70ad2d	train	25596
viralmetagenome:a10f1500691252005793	train	25597
viralmetagenome:93e9a532e68611ce5fa2	train	25598
viralmetagenome:32e933d33832d3932d33	train	25599
viralmetagenome:a1e68148f1c91692cbb9	train	25600
viralmetagenome:c0af7933855c735fff6f	train	25601
viralmetagenome:48021cc7b58aa23a1e4c	train	25602
viralmetagenome:521de4b292981835c50e	train	25603
viralmetagenome:122aaf1a7f4e15592685	train	25604
viralmetagenome:763d51ae579a3f142080	train	25605
viralmetagenome:26597a8dc94a1fc33bd9	train	25606
viralmetagenome:c18d69a1e591d97751dc	train	25607
viralmetagenome:2de62c0500836bb038d9	train	25608
viralmetagenome:2b7d176e95f1d62909db	train	25609
viralmetagenome:082f8bca525ddf6e035d	train	25610
viralmetagenome:3e58a4d97ce0a47eb013	train	25611
viralmetagenome:aa97e21b9f41dd68c0f7	train	25612
viralmetagenome:f535e398079b24396ef7	train	25613
viralmetagenome:cbfc369978e993b60383	train	25614
viralmetagenome:c487460c9d121fce1351	train	25615
viralmetagenome:1f2a7fa1cf88d00c6ed4	train	25616
viralmetagenome:ecdbd1c68f78cb7f905c	train	25617
viralmetagenome:a6cef6d0221ca9dca2ae	train	25618
viralmetagenome:b91459afd2c8c29a680c	train	25619
viralmetagenome:713a8c07061409a9ea3c	train	25620
viralmetagenome:ada7575aa74452cdc9a4	train	25621
viralmetagenome:a5838929a045d0b5367a	train	25622
viralmetagenome:825e889c6356cbc17063	train	25623
viralmetagenome:d142ff107e2af11d7a83	train	25624
viralmetagenome:7852e46a25eae477730c	train	25625
viralmetagenome:c95027be9caf06dbd526	train	25626
viralmetagenome:7c0bdb4ddb99cc187d0f	train	25627
viralmetagenome:26f9ff46f0e4283cc42e	train	25628
viralmetagenome:6e51f5d9b314eb531696	train	25629
viralmetagenome:6c5ef54e6910b10400b7	train	25630
viralmetagenome:f18906c289e2932de347	train	25631
viralmetagenome:e26d58a0e34d0da99838	train	25632
viralmetagenome:bcf30348a14673107629	train	25633
viralmetagenome:cdf32c66e5da4556a392	train	25634
viralmetagenome:2b7855d67dc1d412b019	train	25635
viralmetagenome:3a9ee564cd59a6f91bf2	train	25636
viralmetagenome:5480091e7f54131db428	train	25637
viralmetagenome:edbe50090fa32e83261b	train	25638
viralmetagenome:f2988a9a9dee6daf7fd8	train	25639
viralmetagenome:f0156e8b99513033ea16	train	25640
viralmetagenome:206d7f1585d5ce160546	train	25641
viralmetagenome:d0a0c0658c87c846b2e5	train	25642
viralmetagenome:d63088481ece860f9edb	train	25643
viralmetagenome:c919e1eb3d6379fa2173	train	25644
viralmetagenome:9f2665c1cc6c6fc42f4e	train	25645
viralmetagenome:5a7f59d61b8367674137	train	25646
viralmetagenome:bced3ef767a7601eb0e9	train	25647
viralmetagenome:84d62765f401ad56933a	train	25648
viralmetagenome:296f316efacedb1d7f61	train	25649
viralmetagenome:96fa73ac45d9bf871ef7	train	25650
viralmetagenome:7c76525c3c2125816034	train	25651
viralmetagenome:f249d47a639ccd46a9d3	train	25652
viralmetagenome:2baf57ba8f6c9d0249df	train	25653
viralmetagenome:e7d53765af8908ff00dd	train	25654
viralmetagenome:d58ac2cbdb136f70cd30	train	25655
viralmetagenome:7e526a922b880124d9f5	train	25656
viralmetagenome:ea4eff7c69d22d5b9d03	train	25657
viralmetagenome:7fb62a536afb874adadd	train	25658
viralmetagenome:c2155340be174ef85481	train	25659
viralmetagenome:c8cf5c3ded07ec0bb243	train	25660
viralmetagenome:98e457f5575fd614c022	train	25661
viralmetagenome:80f912b2f3f53ba704cb	train	25662
viralmetagenome:d4731d92234b2737ff77	train	25663
viralmetagenome:d3a3b21f07fb747b1ab8	train	25664
viralmetagenome:d0b6dbf21328785d6cf2	train	25665
viralmetagenome:c0a402fca0998bead81a	train	25666
viralmetagenome:bd929b7e1aa0c702c24c	train	25667
viralmetagenome:e4a2853a9a0b89ea2e58	train	25668
viralmetagenome:c0a950e0173cab050e4f	train	25669
viralmetagenome:16c70d60da41c8fa50d2	train	25670
viralmetagenome:8c8c1a12e27f259a3b9d	train	25671
viralmetagenome:ec5b999dd43c5ebe5935	train	25672
viralmetagenome:0343dfda7de57be271a8	train	25673
viralmetagenome:7da36c285853f57a3efd	train	25674
viralmetagenome:62da8376991ddb4d6b0a	train	25675
viralmetagenome:1eaf168448398f6d0fe8	train	25676
viralmetagenome:d576912b5a0b3b324efd	train	25677
viralmetagenome:648bb24237394595463a	train	25678
viralmetagenome:db59a949fc2497734649	train	25679
viralmetagenome:ef340eb60fd4d9c1cc43	train	25680
viralmetagenome:e8a905765e15e21bee2e	train	25681
viralmetagenome:ebfd28073df3f044b050	train	25682
viralmetagenome:72ff3a8fb421bf5b9b48	train	25683
viralmetagenome:449e5a222093da0c84e5	train	25684
viralmetagenome:cfc889d10582e25c2dec	train	25685
viralmetagenome:d47bd35840845815b407	train	25686
viralmetagenome:ded69de8770d50eb9735	train	25687
viralmetagenome:4ef2d9e633e7ca39589b	train	25688
viralmetagenome:2adb52bde0e237043d6b	train	25689
viralmetagenome:805ab6f2dfeff7e404a3	train	25690
viralmetagenome:d33037b556d94911b361	train	25691
viralmetagenome:4ca8e0634b659c665f26	train	25692
viralmetagenome:2a7bef4e7a91c29a922e	train	25693
viralmetagenome:2e4608d2327edbe43a1f	train	25694
viralmetagenome:fb0a4b1d60afab90edcc	train	25695
viralmetagenome:9e44f091b3f1192e794a	train	25696
viralmetagenome:cab4fe5ed8ba73ae21a7	train	25697
viralmetagenome:e266d6b0de171bc6e4cd	train	25698
viralmetagenome:4fe8c8a5c892c0346214	train	25699
viralmetagenome:5b25f462ccf7bf76db61	train	25700
viralmetagenome:14350aab616bacd5b162	train	25701
viralmetagenome:2de74e96d176d673b2a9	train	25702
viralmetagenome:3d8e424ad490eb3e01f5	train	25703
viralmetagenome:d90172a688c4220729d4	train	25704
viralmetagenome:28db6930e5664c99d047	train	25705
viralmetagenome:e388811544d1b0c1bff2	train	25706
viralmetagenome:c23937c166b81de2f826	train	25707
viralmetagenome:928300851be1af20fc2b	train	25708
viralmetagenome:23c7c368bb89ce6807fc	train	25709
viralmetagenome:08a26b758db85140c271	train	25710
viralmetagenome:e4f0ba7976e00ae6cf61	train	25711
viralmetagenome:0cff691a72d99ba0dd59	train	25712
viralmetagenome:3c00aad1a24783fbd625	train	25713
viralmetagenome:48a6ad86ece342f05fca	train	25714
viralmetagenome:a6a3c64c32fbcd4ede51	train	25715
viralmetagenome:c0832d0e3e9f8956fead	train	25716
viralmetagenome:8e6b9fba8b62f36aa519	train	25717
viralmetagenome:a78dce161a35559a9412	train	25718
viralmetagenome:4fa60276cfc4704a474e	train	25719
viralmetagenome:f26c64ec6422ad93a2eb	train	25720
viralmetagenome:bf33028c27dc83ed2c5a	train	25721
viralmetagenome:55ad043e83c0809e0b41	train	25722
viralmetagenome:a41d2323f8e064236959	train	25723
viralmetagenome:f49e8b244a9b912b8e9b	train	25724
viralmetagenome:f2dfc9858b9e3c34cb2e	train	25725
viralmetagenome:3606fc8e955ef1a0f36f	train	25726
viralmetagenome:17b2c88771a3986bc30a	train	25727
viralmetagenome:c622bed99f4427a6edcc	train	25728
viralmetagenome:9abb73d07bec066cb179	train	25729
viralmetagenome:d63a9f4c3ac2d7996b92	train	25730
viralmetagenome:5b8ba7d4637393a2e34a	train	25731
viralmetagenome:2d7abcd426c3cc2b7289	train	25732
viralmetagenome:1a91d7f0bfcad3243c41	train	25733
viralmetagenome:daafb645a4ddd462726c	train	25734
viralmetagenome:39b837682e0b6b6913fb	train	25735
viralmetagenome:eeb85e9202f4f674db73	train	25736
viralmetagenome:8eb1720280ac96046d12	train	25737
viralmetagenome:09944a56f92a7fc76a92	train	25738
viralmetagenome:8fd58866407d1752bc6a	train	25739
viralmetagenome:2ee8637fabc121b9cbe5	train	25740
viralmetagenome:a554b75c294edd50f1d5	train	25741
viralmetagenome:265359546125e48e6969	train	25742
viralmetagenome:0f346fa9c75bc65acc33	train	25743
viralmetagenome:3fcf7f85f93b8a6baee2	train	25744
viralmetagenome:424c7e12f92c213d0dc9	train	25745
viralmetagenome:008e16d21c38f8ec9c4d	train	25746
viralmetagenome:a3954515c920bab09f90	train	25747
viralmetagenome:6fef731dd9fa926e7f5a	train	25748
viralmetagenome:c42168b70a0d58044d69	train	25749
viralmetagenome:f543b5e3fd664446cfd1	train	25750
viralmetagenome:f710fbf24f86430e3b48	train	25751
viralmetagenome:5350669b65eecaa6909c	train	25752
viralmetagenome:2822d582dbdf412da1ac	train	25753
viralmetagenome:8cee0c098ed3b900c7f4	train	25754
viralmetagenome:8002b6f820afbb940b11	train	25755
viralmetagenome:5d70d53b1918930f83a0	train	25756
viralmetagenome:908a657becac0f89001b	train	25757
viralmetagenome:579b439dee454846c245	train	25758
viralmetagenome:b61927fec64789137b9e	train	25759
viralmetagenome:a0b5d7f34251cdc66c7c	train	25760
viralmetagenome:422e09e7b4a3170ed70b	train	25761
viralmetagenome:0a2f3687519a6280ff70	train	25762
viralmetagenome:c42a66603fe8b9883b6d	train	25763
viralmetagenome:56abf6e0dfcd53ee7193	train	25764
viralmetagenome:7a71fbea99ea8c097665	train	25765
viralmetagenome:f253b6721fbc3d000088	train	25766
viralmetagenome:d63a9e5f64dbe0b24c2a	train	25767
viralmetagenome:80eedac3acfedd46e81b	train	25768
viralmetagenome:abfc2b1cccac1de98db3	train	25769
viralmetagenome:91c703c40a542b121464	train	25770
viralmetagenome:5af3abc919fe75cbde1e	train	25771
viralmetagenome:2189fb5e7e2b6bf37d56	train	25772
viralmetagenome:d4ec5b4ee7f9f85cddeb	train	25773
viralmetagenome:469824e8f7876e2ce6cf	train	25774
viralmetagenome:349085f61aaf284f49ed	train	25775
viralmetagenome:994c79d46ef4e4eeb11a	train	25776
viralmetagenome:642b7f76459334a30a6f	train	25777
viralmetagenome:55ad8dab08d724298fb3	train	25778
viralmetagenome:0e86484e542345bb18b2	train	25779
viralmetagenome:2a1bc73d545c777e1525	train	25780
viralmetagenome:bf3f700ad870145d66e8	train	25781
viralmetagenome:11728baea81863775512	train	25782
viralmetagenome:f0e2c1dbaf08b2d92ac7	train	25783
viralmetagenome:c72fa6f25d3136a348c5	train	25784
viralmetagenome:0aeff87d263dc57775fe	train	25785
viralmetagenome:801f8f8f2b55153dee62	train	25786
viralmetagenome:ca84278fa2d7685265f9	train	25787
viralmetagenome:deb2f3ab440146905bc7	train	25788
viralmetagenome:0c67de58f2aca93ff35c	train	25789
viralmetagenome:f630c5dfe59bcdf9c9ad	train	25790
viralmetagenome:2d51edcd77c88e2c34b5	train	25791
viralmetagenome:7b63bd1501731df625ee	train	25792
viralmetagenome:7663f2dfba4274b2bdcd	train	25793
viralmetagenome:10447f356526a22e8fa1	train	25794
viralmetagenome:cc91402596291132d7af	train	25795
viralmetagenome:2e4bfacaa09e60e38220	train	25796
viralmetagenome:8bd2ccc50988485c4c6e	train	25797
viralmetagenome:e14f770a5b2f37e8e40a	train	25798
viralmetagenome:05a6ce92640aa2968700	train	25799
viralmetagenome:8d29478e8f48d2ae378d	train	25800
viralmetagenome:33f565230c9cd1c7101c	train	25801
viralmetagenome:437f5d704d10804d76b5	train	25802
viralmetagenome:83f94728f3135b7b0ac4	train	25803
viralmetagenome:67c82cc805b66cf69168	train	25804
viralmetagenome:4977531323fa143ba29a	train	25805
viralmetagenome:fe9fbd4f01da0e9e662e	train	25806
viralmetagenome:f0d7b05302564cc9fa2c	train	25807
viralmetagenome:a587b7f59fe7ea27ff0e	train	25808
viralmetagenome:e4a64f3abe1e14b089ae	train	25809
viralmetagenome:babbf66644c438bf4557	train	25810
viralmetagenome:a229fe59ab26749b167c	train	25811
viralmetagenome:091eb4f571823ff81b44	train	25812
viralmetagenome:42cf42362dd22071608c	train	25813
viralmetagenome:8f97ad685f03a22c3c09	train	25814
viralmetagenome:458553c55bf9231e0743	train	25815
viralmetagenome:d7ecbfb69c7504566f6f	train	25816
viralmetagenome:d5bee4e9e1757022c039	train	25817
viralmetagenome:3ea21b85e9bbc8715560	train	25818
viralmetagenome:b220906c871af7248fcc	train	25819
viralmetagenome:f66556780e91d2c8b720	train	25820
viralmetagenome:f827a730c462fb670c1b	train	25821
viralmetagenome:084f6b6a2e8b6fc0ecc1	train	25822
viralmetagenome:94590419c1432b8b88e3	train	25823
viralmetagenome:71058ff5d7c555a1a0ad	train	25824
viralmetagenome:e33581f47db28c2fa135	train	25825
viralmetagenome:79cab7966cd1a6afb24f	train	25826
viralmetagenome:becec2b76247f9dea9bb	train	25827
viralmetagenome:fdf910d07a5c85098378	train	25828
viralmetagenome:041cbb193695fe89a4f8	train	25829
viralmetagenome:3ba98dd08dfe98162a26	train	25830
viralmetagenome:c4fa30ca12fcf5e7fce0	train	25831
viralmetagenome:a5f7ad3083239ecc69ab	train	25832
viralmetagenome:356c42c5ff1897d9e0ee	train	25833
viralmetagenome:cb25fdf06f7cbacd6d32	train	25834
viralmetagenome:528893c51391a43b3957	train	25835
viralmetagenome:29288946835be717f773	train	25836
viralmetagenome:f813a760246ce734f595	train	25837
viralmetagenome:92d244f65d609e0fd31b	train	25838
viralmetagenome:bec5599f5875dfa066e5	train	25839
viralmetagenome:87ffcf4ddf7bb15c367a	train	25840
viralmetagenome:ce248f51b7f06621b72a	train	25841
viralmetagenome:e7e97ebbb2057b254e05	train	25842
viralmetagenome:527da8169311cbabf3b7	train	25843
viralmetagenome:76e0afa3ed313c7e7a07	train	25844
viralmetagenome:39507d3e9dd93a7eccff	train	25845
viralmetagenome:a20df524f8977988ef44	train	25846
viralmetagenome:c2b80563eedba52f3322	train	25847
viralmetagenome:9e9ac5a261337476822e	train	25848
viralmetagenome:4f977a86cc8b32d2fa5e	train	25849
viralmetagenome:80713cf23e959b627db2	train	25850
viralmetagenome:e7cd3b4dca506f57462a	train	25851
viralmetagenome:6fb4726d143bbcabaaf9	train	25852
viralmetagenome:104b4ab7cbcce35c0260	train	25853
viralmetagenome:4165a648bbdc04261706	train	25854
viralmetagenome:41117905a21654fd19ac	train	25855
viralmetagenome:32f535fdbdcdea8dfc57	train	25856
viralmetagenome:a508325afc72da0da1a3	train	25857
viralmetagenome:57d7c07b608495146ed5	train	25858
viralmetagenome:2c598088414b12210317	train	25859
viralmetagenome:14e0cd187d89aabaec26	train	25860
viralmetagenome:6c76b6a0efa4204f2fd3	train	25861
viralmetagenome:0bef5e8c7a0c15fd586c	train	25862
viralmetagenome:bcfccebdfeda2e0ff0e4	train	25863
viralmetagenome:383205c4b9b12a411f7c	train	25864
viralmetagenome:528bb5081fbd7d72c237	train	25865
viralmetagenome:f7d1fcba8fe94bdacfb5	train	25866
viralmetagenome:95dabd1a9364978e25ef	train	25867
viralmetagenome:04fbbb2dc156c603f1ff	train	25868
viralmetagenome:377833e04f200214b79a	train	25869
viralmetagenome:136a0f0c56349ee2fce7	train	25870
viralmetagenome:b89d7190f183d1351ef7	train	25871
viralmetagenome:0189fb8a5db72c4393e2	train	25872
viralmetagenome:eb984869d0aab2fbf1fe	train	25873
viralmetagenome:75960dca2b23ce626f88	train	25874
viralmetagenome:7dca53aaa6e84c6b5454	train	25875
viralmetagenome:58458e608c73d67e3f02	train	25876
viralmetagenome:dd3e1727c86eac1213b9	train	25877
viralmetagenome:618125886aae23e311c7	train	25878
viralmetagenome:976d6baf2fabeb3d3b61	train	25879
viralmetagenome:0d76c60b989b92e03e91	train	25880
viralmetagenome:fbf55f922d1bf438e132	train	25881
viralmetagenome:09a2155af2e161849bb2	train	25882
viralmetagenome:7274a41d0c3853d71ad4	train	25883
viralmetagenome:74a8192b28eff32e5415	train	25884
viralmetagenome:a637cd917d0e1032b592	train	25885
viralmetagenome:b9328e724e9166f70b4e	train	25886
viralmetagenome:61e9b098835a89b1b6aa	train	25887
viralmetagenome:8c3d77dba63c4d8ae91d	train	25888
viralmetagenome:6b1e63647c3db4dbc621	train	25889
viralmetagenome:124e5c843ff9540b4efa	train	25890
viralmetagenome:e1d21b1b5562ad143fd2	train	25891
viralmetagenome:597b6f6d980c2a4ecbcb	train	25892
viralmetagenome:b5074d6e83a6907b7ea8	train	25893
viralmetagenome:313529f37a3413098886	train	25894
viralmetagenome:387d998ddba3356f1cd2	train	25895
viralmetagenome:8fb398267c90531f2cc9	train	25896
viralmetagenome:f9eea34f4bad4ee3f159	train	25897
viralmetagenome:d7f5ca95a472f80cc3c6	train	25898
viralmetagenome:5da151e892a6ec0da775	train	25899
viralmetagenome:52baba6ccf5c131fb675	train	25900
viralmetagenome:c6ff3e6b61912710a80c	train	25901
viralmetagenome:fc208e7b9e2b2019f3ba	train	25902
viralmetagenome:b32cff7b85cf786af8b9	train	25903
viralmetagenome:ab993147ee89db622920	train	25904
viralmetagenome:9560b2ba399008292f03	train	25905
viralmetagenome:11e7e7788b33538e85f9	train	25906
viralmetagenome:af41c0db40fe00d6b80e	train	25907
viralmetagenome:80d282796a4dab1268fc	train	25908
viralmetagenome:a944673d715d0eb6ed50	train	25909
viralmetagenome:780277e1e10203dca703	train	25910
viralmetagenome:7eb2ee7f8872d0e040de	train	25911
viralmetagenome:62208c5cc1567603ffc7	train	25912
viralmetagenome:35aef0665d9771befb76	train	25913
viralmetagenome:a5e09d318fce87eb80d8	train	25914
viralmetagenome:9854e4ab6a7a0c7d2fbe	train	25915
viralmetagenome:735c5be1d91aeac6d5ee	train	25916
viralmetagenome:dce46d1f9284b540cb7c	train	25917
viralmetagenome:50921eb08ec265a9d6e6	train	25918
viralmetagenome:98fd61380c39c6fea8d6	train	25919
viralmetagenome:01cc00464d12663b3230	train	25920
viralmetagenome:d6a99b2d534631a2d881	train	25921
viralmetagenome:ed0642bc3046e9cb3639	train	25922
viralmetagenome:9999be8857c13625c00e	train	25923
viralmetagenome:40e5f4eda3e689ddbba0	train	25924
viralmetagenome:f4ba130cf2a83a975d44	train	25925
viralmetagenome:2cba73f86747a3490e36	train	25926
viralmetagenome:6cef55df7b9d7ca6ff77	train	25927
viralmetagenome:93bb308123f99338c666	train	25928
viralmetagenome:d5b2fd579aecb2bdba9a	train	25929
viralmetagenome:25dbbf7fa66a9d45eea2	train	25930
viralmetagenome:32af6dfdede10bcc0750	train	25931
viralmetagenome:72d9c553d06b075d0c4a	train	25932
viralmetagenome:79332ab716127b7ffc1d	train	25933
viralmetagenome:f15cf8effbabc433f7e8	train	25934
viralmetagenome:c3cdb234f3a0d2bd8ee6	train	25935
viralmetagenome:d9219023670438d08189	train	25936
viralmetagenome:8fab8ead6a41b36d26cd	train	25937
viralmetagenome:faef97b616e540587162	train	25938
viralmetagenome:fb53a847bc3f26a19dde	train	25939
viralmetagenome:ac68e40dc0ba93216360	train	25940
viralmetagenome:5f570e29122a8b4482ce	train	25941
viralmetagenome:9f5e8eadf1005956e2c0	train	25942
viralmetagenome:848f6a7f88e730c29441	train	25943
viralmetagenome:7feda8c940d223807145	train	25944
viralmetagenome:83caa715d20881e0c72e	train	25945
viralmetagenome:8ee5dea563d2c6b51c0d	train	25946
viralmetagenome:9fce007f30f384ad5404	train	25947
viralmetagenome:f37df61b59321ed69a00	train	25948
viralmetagenome:273f14387e276a24bcb3	train	25949
viralmetagenome:d1dd0e88de5712efcde8	train	25950
viralmetagenome:7241a99d1d595b7e32c8	train	25951
viralmetagenome:a566d49d08ba87721f2d	train	25952
viralmetagenome:e12500b17cb6c715f3c3	train	25953
viralmetagenome:d0a24fd5ce43adac2c49	train	25954
viralmetagenome:824903fc0dcd57a5cc51	train	25955
viralmetagenome:6cc8ade098bbbf69148b	train	25956
viralmetagenome:0b4788e66b123d8cbf3d	train	25957
viralmetagenome:533c9ca7ce64f37d7aaf	train	25958
viralmetagenome:d94641fb6212ae556de4	train	25959
viralmetagenome:da4b49abae8f5f6ccac0	train	25960
viralmetagenome:66e89d05788ff6ab2831	train	25961
viralmetagenome:5c20db321c77a72ad84a	train	25962
viralmetagenome:7a224fb552450a8ad404	train	25963
viralmetagenome:7a2435430db521687f15	train	25964
viralmetagenome:b6b8de6b01fc2eec4369	train	25965
viralmetagenome:a42c31b09ab9179c0f75	train	25966
viralmetagenome:cd2f435e3cd7aaafab39	train	25967
viralmetagenome:7ebd6bf08e033614792c	train	25968
viralmetagenome:546319d229a1cd90173d	train	25969
viralmetagenome:9a08a6432d52dad1d5c2	train	25970
viralmetagenome:5ca5e0fd5e784d2bcaf2	train	25971
viralmetagenome:31a7f2c88fc6d72899e8	train	25972
viralmetagenome:b789185babcd693575a1	train	25973
viralmetagenome:04bf35109efe02d9500a	train	25974
viralmetagenome:eb9bb0d97e34f64e702a	train	25975
viralmetagenome:e703277faf91b052d410	train	25976
viralmetagenome:77fa6aeaa5d1e613d007	train	25977
viralmetagenome:5a84208aea582a1e2073	train	25978
viralmetagenome:a2372283ec1053c011a9	train	25979
viralmetagenome:d303d7427a059835f647	train	25980
viralmetagenome:4039f29d9e5371518058	train	25981
viralmetagenome:3d0df3282c1a1c79342f	train	25982
viralmetagenome:10af259799d72b864cad	train	25983
viralmetagenome:dc6d831a151a95ce5f7f	train	25984
viralmetagenome:188b00da258e111e426c	train	25985
viralmetagenome:fdacdf300d96fcfbdfc2	train	25986
viralmetagenome:f8a2c88b7ac03628e8c1	train	25987
viralmetagenome:7b5f14b3c228df2627e4	train	25988
viralmetagenome:6b093cf481656c70208d	train	25989
viralmetagenome:8d3c6f48b6a5fb46895d	train	25990
viralmetagenome:0223df4359cd3cb3c080	train	25991
viralmetagenome:c88393aa7c9d32572df5	train	25992
viralmetagenome:e115cbdfee2f0ae15e33	train	25993
viralmetagenome:b66f81b6381f9aab8ce2	train	25994
viralmetagenome:5ec152ec0cf9bb5a8064	train	25995
viralmetagenome:e27b46a1d3f06ea6611e	train	25996
viralmetagenome:fe3d6ac94fb84121f4ab	train	25997
viralmetagenome:de7a583217c9ef2c5d69	train	25998
viralmetagenome:90bb2cc964dbf1ed4a0c	train	25999
viralmetagenome:3b4f9a832e9a73c42f7d	train	26000
viralmetagenome:9d4e883b16e3de1801f9	train	26001
viralmetagenome:847ee4b5bbaf7b36ca8b	train	26002
viralmetagenome:7ad2051c8cbd45e5b458	train	26003
viralmetagenome:6f74856074d0ffd65bfd	train	26004
viralmetagenome:62c7320960f46f3f8651	train	26005
viralmetagenome:3df7af644a23a50310e7	train	26006
viralmetagenome:53b1fc3e8920d29a228f	train	26007
viralmetagenome:3dde9fcaa3ba999670e7	train	26008
viralmetagenome:d64bdf435d6c44db1f95	train	26009
viralmetagenome:61f4e643ad90bda82102	train	26010
viralmetagenome:194330ef97d39d87ac8e	train	26011
viralmetagenome:4bf8fe08b48db69f9a96	train	26012
viralmetagenome:a6df0315e07dcebe0944	train	26013
viralmetagenome:29c471f99a277e18f3ff	train	26014
viralmetagenome:aa0fb591c4939b430219	train	26015
viralmetagenome:f195ef727478b97eddbc	train	26016
viralmetagenome:8cf2ee6f4fad36ace94c	train	26017
viralmetagenome:b79560b096991b7bb292	train	26018
viralmetagenome:566408b107f19b553634	train	26019
viralmetagenome:0bb19a63edc159ecb35d	train	26020
viralmetagenome:7a36c37131c6d592c796	train	26021
viralmetagenome:55b44c68490fa666a649	train	26022
viralmetagenome:4a6f6451f4a0864bdc65	train	26023
viralmetagenome:331f6feb5b4c4522f4ac	train	26024
viralmetagenome:0183dd7eb0b95d02a0b7	train	26025
viralmetagenome:093a21c3314967fb79ca	train	26026
viralmetagenome:73366770556d3ca7eb94	test	26027
viralmetagenome:e4c66051dc511ba4ed6a	test	26028
viralmetagenome:66f67a125a1f8aa10992	test	26029
viralmetagenome:90e4568614ea752fbf6a	test	26030
viralmetagenome:3ea812853077af74bfdf	test	26031
viralmetagenome:d4c62921a4a3759e2446	test	26032
viralmetagenome:65a68869ee7d359a0250	test	26033
viralmetagenome:89d3750176b2e212197e	test	26034
viralmetagenome:24887f27f6eff28f9234	test	26035
viralmetagenome:ad76813225fd8262f03e	test	26036
viralmetagenome:e308885f0b7cedc0b2ee	test	26037
viralmetagenome:bc600a845a766c0388d5	test	26038
viralmetagenome:971cc07b71f2bf52a62a	test	26039
viralmetagenome:871f56ac9bb0df0e7a0c	test	26040
viralmetagenome:69a08de1c5b50c0aea8f	test	26041
viralmetagenome:7ae9437ef9fec13cd799	test	26042
viralmetagenome:aa602632f856a59c7d07	test	26043
viralmetagenome:4c8f50dfca2fd3dfb138	test	26044
viralmetagenome:f7b06584148987c4b2a3	test	26045
viralmetagenome:1192a5078e6b09d26df5	test	26046
viralmetagenome:965174ceb9613389451d	test	26047
viralmetagenome:b305f3a635a4c126049a	test	26048
viralmetagenome:930a39e915c6541a0974	test	26049
viralmetagenome:93402feca581a779342c	test	26050
viralmetagenome:9f45787348038f8ae597	test	26051
viralmetagenome:285c38dd71334eaa4c12	test	26052
viralmetagenome:4817f44c2eaf0ade7caf	test	26053
viralmetagenome:c9c91a2bcab52b435ff2	test	26054
viralmetagenome:2a72cd43eb3d35cdb0a8	test	26055
viralmetagenome:851caf59bc1250905ebc	test	26056
viralmetagenome:1cd35e03d2e29a10d312	train	26057
viralmetagenome:97620b89ad5e7cb6a7d0	train	26058
viralmetagenome:3b6a20aa98066a23952e	train	26059
viralmetagenome:50492dfb40c868376044	train	26060
viralmetagenome:71ec6e568fd01143a50d	train	26061
viralmetagenome:94ef75ffca769b15ae5d	train	26062
viralmetagenome:6a86e3d56ccaaa4f8e99	train	26063
viralmetagenome:4121e3fd5a92536d8549	train	26064
viralmetagenome:1e2ea20fb98c92de1eab	train	26065
viralmetagenome:67af7359d0ce435be985	train	26066
viralmetagenome:58198c151b2367a55e07	train	26067
viralmetagenome:b7f1e80e05eeb43ecee2	train	26068
viralmetagenome:58ef3dac56b7c6b7862a	train	26069
viralmetagenome:aa2df84f3e8302d66151	train	26070
viralmetagenome:154e781b0f09d2d21267	train	26071
viralmetagenome:0ee8b56fa9afb27430c4	train	26072
viralmetagenome:637428b0b596b57a0f8f	train	26073
viralmetagenome:04a096eee4688a668886	train	26074
viralmetagenome:217dbdbe28b67310e92f	train	26075
viralmetagenome:ee1a374bf58e074e6e9e	train	26076
viralmetagenome:cb33e94e0133d0ff4f41	train	26077
viralmetagenome:4b4501a4e3454353f358	train	26078
viralmetagenome:837ba73655ae3a49fd2c	train	26079
viralmetagenome:07ab93fdd8a58a90490c	train	26080
viralmetagenome:7dcb35fab843f3e528e0	train	26081
viralmetagenome:3f0c46b1e3a341853a2c	train	26082
viralmetagenome:29f84d4c0534e2204406	train	26083
viralmetagenome:10d0a145b8251c5bbb1e	train	26084
viralmetagenome:0be032de08d2dcba57ee	train	26085
viralmetagenome:200e05fea960024ac2fb	train	26086
viralmetagenome:bff9a0fa73d23eccb3c5	train	26087
viralmetagenome:316633f31891cdee6e5d	train	26088
viralmetagenome:c9be39a95e8e373bcecd	train	26089
viralmetagenome:4010c7fc55d4ef912753	train	26090
viralmetagenome:e6923316331a70feec1c	train	26091
viralmetagenome:c24db51e05995cb572ad	train	26092
viralmetagenome:efe273333abcf39bf82e	train	26093
viralmetagenome:29bb5534eaa3920bed96	train	26094
viralmetagenome:1981f021c286e51c2c2c	train	26095
viralmetagenome:f68baeba70357860aecd	train	26096
viralmetagenome:a9ee6f458c93f19012b7	train	26097
viralmetagenome:6224033cd12c32d21e1d	train	26098
viralmetagenome:e0da9ef5dfc91dcd07dd	train	26099
viralmetagenome:dd62d366375aba1178b1	train	26100
viralmetagenome:a47ef08f44ca89e30b50	train	26101
viralmetagenome:562ae3060bc323fc431f	train	26102
viralmetagenome:d1f00c10a27acce4fc6a	train	26103
viralmetagenome:f2a7251717fccd86271a	train	26104
viralmetagenome:d5ddbff8fa84201ed53d	train	26105
viralmetagenome:0c1a0b1d9c2b42089735	train	26106
viralmetagenome:ee38054366b1094464b6	train	26107
viralmetagenome:a4a8775fb09a74baf003	train	26108
viralmetagenome:08d3d3ff57f95126d0a6	train	26109
viralmetagenome:c4049697d5108fbe50d5	train	26110
viralmetagenome:15333c093e7809019b6b	train	26111
viralmetagenome:84eeb3c79b6cb8f72d6c	train	26112
viralmetagenome:9cbe6eb93b9fa38a5135	test	26113
viralmetagenome:88411abdf17d36d3a12a	test	26114
viralmetagenome:352b2e0d040c863a16b2	test	26115
viralmetagenome:6bcf940634045c4f7fde	test	26116
viralmetagenome:1e9a8fe52d70ed71bdd6	test	26117
viralmetagenome:9b74909d34a41d705187	test	26118
viralmetagenome:a9a3f54c024c1ddfdcc6	test	26119
viralmetagenome:717d732509e67852c00e	test	26120
viralmetagenome:74728dc170c7044bd571	test	26121
viralmetagenome:26c2e2892c7ce4425c47	test	26122
viralmetagenome:6b2722c5360fc38dfba4	test	26123
viralmetagenome:b0868d1ee46160df6391	test	26124
viralmetagenome:4d27e8281dbcba565dbe	test	26125
viralmetagenome:ff9e10a6cf4e394486d5	test	26126
viralmetagenome:6f49db3e059c703be18a	test	26127
viralmetagenome:560335c5632dc79cb1f8	test	26128
viralmetagenome:6caa9c72cbb080beaf1e	test	26129
viralmetagenome:21d201899a97dcfb8c6c	test	26130
viralmetagenome:5c839fceb7d7f2948eea	test	26131
viralmetagenome:fa06e4075772ef402e1e	test	26132
viralmetagenome:a56bb642dd3951d940ad	test	26133
viralmetagenome:be4339e4c7edf0fbe6bb	test	26134
viralmetagenome:310c3e211b5499f78858	test	26135
viralmetagenome:f54a916b2b85805f182c	test	26136
viralmetagenome:b3e7855e71aef698b684	test	26137
viralmetagenome:18112a66a223744a8480	test	26138
viralmetagenome:dc9d215d316189f8b52f	test	26139
viralmetagenome:833dc1bf335b5a65ef6b	test	26140
viralmetagenome:a638d1e6d06d974d78d3	test	26141
viralmetagenome:9004c1ffc069c5c46b01	test	26142
viralmetagenome:8c476ea7c7c3898c0a5f	test	26143
viralmetagenome:dd2b641c0e997833f095	test	26144
viralmetagenome:c01a1f50a9987ddfc60e	test	26145
viralmetagenome:2c2b81b9b4d6a2f26b6b	test	26146
viralmetagenome:e3c3739e85705ed00eec	test	26147
viralmetagenome:ea220801ab44e1ddc842	test	26148
viralmetagenome:79c5fc6fed2d40a7795b	test	26149
viralmetagenome:0f0f2e7aef0f593b6c72	test	26150
viralmetagenome:4e4b34fb4d82a4450257	test	26151
viralmetagenome:e5d3d30c147f2860e666	test	26152
viralmetagenome:74466f0d6083197358af	test	26153
viralmetagenome:01a8cb96650fb4bcecb1	test	26154
viralmetagenome:866c94f52bf0dd613508	test	26155
viralmetagenome:58c1a9fd4dad79da2905	test	26156
viralmetagenome:37290d038ed2aa8f8c6e	test	26157
viralmetagenome:e1bd9060f8f13dd0e019	test	26158
viralmetagenome:09277e04908f33a9b51f	test	26159
viralmetagenome:5265a0117858fc7fcb4a	test	26160
viralmetagenome:3e16421234014d5fc0c9	test	26161
viralmetagenome:d67ff416669e892fddd6	test	26162
viralmetagenome:e0ffe5a1381535bff7dc	test	26163
viralmetagenome:f86ff649dae027424df9	test	26164
viralmetagenome:63ab65dfe109759d22d0	test	26165
viralmetagenome:32bd1e126b487d99925c	test	26166
viralmetagenome:4cef36ad3b97e922610d	test	26167
viralmetagenome:cf3dca847635c3eda25d	test	26168
viralmetagenome:284cfc03571e4e52d4db	test	26169
viralmetagenome:f81e96c08a9ba206ef95	test	26170
viralmetagenome:317561986baace4cf2c6	test	26171
viralmetagenome:351a3a1402ec4e6b2046	test	26172
viralmetagenome:961af318547c851f2722	test	26173
viralmetagenome:8e6cd732e57653295144	test	26174
viralmetagenome:5ebbc39c7065efe2e1db	test	26175
viralmetagenome:7ac2c43bd78cf9b0487b	test	26176
viralmetagenome:ac01426b38aa537829e7	test	26177
viralmetagenome:9fddceec652d80e16f84	test	26178
viralmetagenome:d65ce2805d5814dc2c73	test	26179
viralmetagenome:396bc1d0339d8ef561b7	test	26180
viralmetagenome:792b368aa9662db050c4	test	26181
viralmetagenome:85bc957a9c79432d9e54	test	26182
viralmetagenome:74ad660047ea39d3858c	train	26183
viralmetagenome:fc5db3a8ac910eb97b00	train	26184
viralmetagenome:9d7abe217baf42575713	train	26185
viralmetagenome:3f93b613008bf8077329	train	26186
viralmetagenome:942569cac36e572c5df9	train	26187
viralmetagenome:b6ecadd5536ed12c3c39	train	26188
viralmetagenome:3d101134cb3720e83fdd	train	26189
viralmetagenome:7f9054deb828a8c4afef	train	26190
viralmetagenome:5d74a95243e5ae6f53fb	train	26191
viralmetagenome:d206251e4580b6c3f8c8	train	26192
viralmetagenome:ba0d0b83d89c2cab334e	train	26193
viralmetagenome:2497081af297ab28f1dd	train	26194
viralmetagenome:02044fd500f2a0cfcd8f	train	26195
viralmetagenome:22000eebb75b0dac86db	train	26196
viralmetagenome:92d836ee0270f474a087	train	26197
viralmetagenome:fce99b950cbe65beeaf2	train	26198
viralmetagenome:0134195c89582e7ec219	train	26199
viralmetagenome:572d95681cc75197c95f	train	26200
viralmetagenome:812e1f3684172a871c43	train	26201
viralmetagenome:7974f5d20bff9b21dabd	train	26202
viralmetagenome:77a0400a03db57f4c5e1	train	26203
viralmetagenome:7eae4048b901e8159247	train	26204
viralmetagenome:cd09ffd71364882a7633	train	26205
viralmetagenome:33e19c19f9570b104549	train	26206
viralmetagenome:973b6228cf793d79c550	train	26207
viralmetagenome:cadbf1adf1c370671158	train	26208
viralmetagenome:9eefcba7c0e93d8c295c	train	26209
viralmetagenome:ca7f850d57419f6b572a	train	26210
viralmetagenome:064bb557867ddce79a53	train	26211
viralmetagenome:e21068e98d11878b29eb	test	26212
viralmetagenome:33b78e98ee04dd2b3428	test	26213
viralmetagenome:ce2fe58f5cee997205dc	test	26214
viralmetagenome:3fca11da2c15cb61bc57	test	26215
viralmetagenome:8fd8cc803759b8cfeb73	test	26216
viralmetagenome:76fa3cc59e4b311d7b2e	test	26217
viralmetagenome:59ed2d67d6cc7847b611	test	26218
viralmetagenome:52943d74c01446aa30c2	test	26219
viralmetagenome:f15344b37b17a23302ca	test	26220
viralmetagenome:dc866ad4d54032a13dae	test	26221
viralmetagenome:842bac203bfb3072d57b	test	26222
viralmetagenome:2c6b0cdcb67613832e91	test	26223
viralmetagenome:00d27f20e51319d54dcc	test	26224
viralmetagenome:d10a5f6c9971773558a6	test	26225
viralmetagenome:de57af3d424c6f581509	test	26226
viralmetagenome:c2984ac251db317cb3c9	test	26227
viralmetagenome:38135979e5445b26598c	test	26228
viralmetagenome:0cc8e4a773d8bb288238	test	26229
viralmetagenome:c4b03b9f7c80475ff2f7	test	26230
viralmetagenome:530d864f581ffe8b80e3	test	26231
viralmetagenome:29d3e124fc019fbc1c09	test	26232
viralmetagenome:8dedf3550a0920baf23a	test	26233
viralmetagenome:35ef4e37aa97be337267	test	26234
viralmetagenome:8f215e9a8b0870ee02cc	test	26235
viralmetagenome:6022e98f0248db330748	test	26236
viralmetagenome:cbe8acb5d50cfcbb4d35	test	26237
viralmetagenome:df613dc0930a41e31168	test	26238
viralmetagenome:14f97728cb9509e14b63	test	26239
viralmetagenome:82c02b54838a9ce88d70	test	26240
viralmetagenome:6ad1c4997d17b966747a	test	26241
viralmetagenome:f002fb92b90a19b2235b	test	26242
viralmetagenome:97d255f8e3eddf848ea3	test	26243
viralmetagenome:24302639c27944fdaf03	test	26244
viralmetagenome:ddffa7372691ea4bae7d	test	26245
viralmetagenome:ca003289fad0ab9e3578	test	26246
viralmetagenome:d9cb77f9de313f0d7e4b	test	26247
viralmetagenome:e2ee8120cc57baf4657e	test	26248
viralmetagenome:1183703d7413d986b748	test	26249
viralmetagenome:4a4d782f799d57ba6464	test	26250
viralmetagenome:59ee2829fd4bddb47dad	test	26251
viralmetagenome:0e6df94d9727ef3be34a	test	26252
viralmetagenome:c861f7a6bc2b8d4017c2	test	26253
viralmetagenome:1c32a057abbcc5999a15	test	26254
viralmetagenome:0bea7ec04dc0ea95557d	test	26255
viralmetagenome:f31d1926082c9d394136	test	26256
viralmetagenome:7983417d61ad8b0586dc	test	26257
viralmetagenome:ef7cfd870fa7298ccd39	test	26258
viralmetagenome:3c6f0f2026ed662f4fdd	test	26259
viralmetagenome:e8245cb52cb5756e642a	test	26260
viralmetagenome:5c1cb731ba3df911089d	test	26261
viralmetagenome:1a436a112e33eb5302c8	test	26262
viralmetagenome:12ab7a68d44ddfe5bc15	test	26263
viralmetagenome:419304adf742bbabd03f	test	26264
viralmetagenome:86262ae9e22029f1e337	test	26265
viralmetagenome:86ada3cf85e6adad4855	test	26266
viralmetagenome:2365395a8bfd0153c400	test	26267
viralmetagenome:6d09a06fe99595be9d2d	test	26268
viralmetagenome:ad7583ff9f882403197e	test	26269
viralmetagenome:6df5e10e2f2a9f6b8976	test	26270
viralmetagenome:cd65298c7ea0b6753f46	test	26271
viralmetagenome:e1cb641b6885354e737a	test	26272
viralmetagenome:2de47e25f12059c0a5bb	test	26273
viralmetagenome:a65bdcb215a94c48f15b	test	26274
viralmetagenome:548f84339ed07410641d	test	26275
viralmetagenome:9181a680a3008da13de2	test	26276
viralmetagenome:b7caf7d8828c049ac4aa	test	26277
viralmetagenome:a3ded76880472ef32bee	test	26278
viralmetagenome:bbddd4da67bb7ff34023	test	26279
viralmetagenome:82107f71f211b9e81393	test	26280
viralmetagenome:1ab3f2706608ad6c156a	test	26281
viralmetagenome:a9a266b0af84c81b3cbb	test	26282
viralmetagenome:50fe0b94b236e54e68ec	test	26283
viralmetagenome:3acbdd0e8228715e3a05	test	26284
viralmetagenome:4232344216d598b5c614	test	26285
viralmetagenome:677229aac8a32c68d454	test	26286
viralmetagenome:5907010523a7ca900eda	test	26287
viralmetagenome:3b06f4f29d50a8094e1a	test	26288
viralmetagenome:51e5623dac5c7dba4809	test	26289
viralmetagenome:00e14ef99b78520c3996	test	26290
viralmetagenome:432f117eb7245b54324f	test	26291
viralmetagenome:b4344f550ea072538f68	test	26292
viralmetagenome:78e18d45bea5fc761d3e	test	26293
viralmetagenome:6e90e6884952b34136f8	test	26294
viralmetagenome:2f052833f8c6fd83b5bc	test	26295
viralmetagenome:d8d3c7e50ac0269a52fd	test	26296
viralmetagenome:761bd31a7374974ec853	test	26297
viralmetagenome:5a80df9a5a7193506dba	test	26298
viralmetagenome:c1717b087b054a9b7f54	test	26299
viralmetagenome:ae13c3ef66a7c1f5dced	test	26300
viralmetagenome:f37ed22d775c4f63a1f8	test	26301
viralmetagenome:6f74c9e0eb5103b455cf	test	26302
viralmetagenome:51714e4b0752f174caeb	test	26303
viralmetagenome:978b7ec310568d0b39b0	test	26304
viralmetagenome:b7eb59796a0a32d92679	test	26305
viralmetagenome:66837ae6c9d45aec57bd	test	26306
viralmetagenome:50a288d5b1ef1e8d136c	test	26307
viralmetagenome:634faad6002f5e9e6d16	test	26308
viralmetagenome:8aee38109f999637f256	test	26309
viralmetagenome:2ba5aaa6910796ed3dde	test	26310
viralmetagenome:1505bfd81b0282d77520	test	26311
viralmetagenome:ed7ef879b89566bb2fbc	test	26312
viralmetagenome:04b9767af959d442ba49	test	26313
viralmetagenome:5e4fa018dd35b900a25c	test	26314
viralmetagenome:8d5ce05cb73279d168c4	test	26315
viralmetagenome:04a262edb50f8ad6170a	test	26316
viralmetagenome:73c2c7423e0e0b60dd27	test	26317
viralmetagenome:747d9c16eba8ad414921	test	26318
viralmetagenome:d7249320a99b16805f99	test	26319
viralmetagenome:5129776a10fe7b96fbf4	test	26320
viralmetagenome:a1e3592b42eadc35d5a5	test	26321
viralmetagenome:97bdbb45f54ff2588364	test	26322
viralmetagenome:d68b6aab9cf35ba1b223	test	26323
viralmetagenome:c7e0f357da918f472dc5	test	26324
viralmetagenome:65cb156a63aaddda7d43	test	26325
viralmetagenome:c36b7d832b13d21577bf	test	26326
viralmetagenome:6b1964d6f21187e57b88	test	26327
viralmetagenome:d53dc9a09375fe6ff1eb	test	26328
viralmetagenome:95ce3e69185dc802bbd3	test	26329
viralmetagenome:ad09f2395f9726ad5530	test	26330
viralmetagenome:7d01cf9b3ebecd4bba61	test	26331
viralmetagenome:5a5d1d04c05e13c01146	test	26332
viralmetagenome:7f6b5896a683d9e16974	test	26333
viralmetagenome:54d7d03137b2ac6a6458	test	26334
viralmetagenome:15326f0a87b38b3d8c76	test	26335
viralmetagenome:e7acf609a55461df8f93	test	26336
viralmetagenome:0e8c51913c5d3be188f5	test	26337
viralmetagenome:233511620313226a6ca2	test	26338
viralmetagenome:c737a3807879e05a0a8a	test	26339
viralmetagenome:f477519c68556749419b	test	26340
viralmetagenome:aa629b310c571315c096	test	26341
viralmetagenome:cde8236e6a9c8a781adf	test	26342
viralmetagenome:2956ce175f8e5ece0871	test	26343
viralmetagenome:0480224f7fa301ee46ba	test	26344
viralmetagenome:5b66d2095f87b62f40ab	test	26345
viralmetagenome:02f93a6a56ef5aeacc8e	test	26346
viralmetagenome:bc6f43192a9d2683dc0c	test	26347
viralmetagenome:1578d86165e65cd26cc8	test	26348
viralmetagenome:13054d48d953c9d40868	test	26349
viralmetagenome:4a051558120793b33eb0	test	26350
viralmetagenome:c6ece3e991cfe3915df4	test	26351
viralmetagenome:4b71a65bf6f315743dee	test	26352
viralmetagenome:229a7f0a58573494b1c2	test	26353
viralmetagenome:8205f69fcef494ca0243	test	26354
viralmetagenome:ebe7a1d37f094756706c	test	26355
viralmetagenome:7003d48191284870f217	test	26356
viralmetagenome:d146951aa0aeb29f4aca	test	26357
viralmetagenome:2f087c7f6691731f3521	test	26358
viralmetagenome:bdcf56d2d5327ac90105	test	26359
viralmetagenome:6c8ee8e25cd417b39c10	test	26360
viralmetagenome:dc61d611aef2a87bebc6	test	26361
viralmetagenome:c6498859d3cd2f32f533	test	26362
viralmetagenome:636271e24f9e48aa3e22	test	26363
viralmetagenome:c217b8764a6a8803e67e	test	26364
viralmetagenome:8733cccddd795b0e8475	test	26365
viralmetagenome:8dc0a24ce51984596b76	test	26366
viralmetagenome:68a3f33c0ada61e600a2	test	26367
viralmetagenome:3f8fc2908824686a1549	test	26368
viralmetagenome:853d5e65c2287aee1033	test	26369
viralmetagenome:0edabcf82af83d409cce	test	26370
viralmetagenome:d77509f488bebfd2b5c6	test	26371
viralmetagenome:cb9f4c0607babac8c86f	test	26372
viralmetagenome:45ec70bdd2094ecb56a4	test	26373
viralmetagenome:0454a2e5b3972116cab9	test	26374
viralmetagenome:bbe9356bbc7144e26b21	test	26375
viralmetagenome:0564821bb465ded777e5	test	26376
viralmetagenome:b8eea3ccb4cde2da536a	test	26377
viralmetagenome:d0ea2f1827ac6e68398d	test	26378
viralmetagenome:e9d44bfe7bdfba45407f	test	26379
viralmetagenome:6ef630a548910c029728	test	26380
viralmetagenome:c04e8c79b9534306a995	test	26381
viralmetagenome:941c497f32f237ffca4a	test	26382
viralmetagenome:32cb21bc3646ebc62e21	test	26383
viralmetagenome:7e7a64c56017932ceb98	test	26384
viralmetagenome:32a8bdc481ffdb18d766	test	26385
viralmetagenome:e3ecfa855c07a3a31b37	test	26386
viralmetagenome:162db6a16b72a639718a	test	26387
viralmetagenome:4d853507011004688725	test	26388
viralmetagenome:642ed55c6e042bd9e7dc	test	26389
viralmetagenome:cbea9e65ecb4bb848cb2	test	26390
viralmetagenome:095606d9eb3caf2d52d0	test	26391
viralmetagenome:86af03b6d7e35bd0c5a5	test	26392
viralmetagenome:170c2f0efd9e9631ac93	test	26393
viralmetagenome:9c94a2579f0b867d443d	test	26394
viralmetagenome:47e156d324f2c726ef54	test	26395
viralmetagenome:550ffdee1a01958cf8f1	test	26396
viralmetagenome:ff4a67f2cccc6045bb38	test	26397
viralmetagenome:8f8565ac97e09dc17091	test	26398
viralmetagenome:204997ac4f8fe50ffb08	test	26399
viralmetagenome:795531bf598d16b6b589	test	26400
viralmetagenome:a234d21ff81e79ff7497	test	26401
viralmetagenome:37facfd634cfa9db38ba	test	26402
viralmetagenome:49a76a5a72f1def5e281	test	26403
viralmetagenome:04b62a05a33ab0c005da	test	26404
viralmetagenome:482b7d561845f5dda86f	test	26405
viralmetagenome:627b4668806fba32c26e	test	26406
viralmetagenome:fb0f5cc0da05f8fd2ad9	test	26407
viralmetagenome:76ff868de42200775887	test	26408
viralmetagenome:1023c7ccb441f6eab717	test	26409
viralmetagenome:3c5655b3116ff6c7b3ce	test	26410
viralmetagenome:d2feb016202bdfc9ffef	test	26411
viralmetagenome:8c0446f97a6805370008	test	26412
viralmetagenome:11e4323ea1fb2cca9a15	test	26413
viralmetagenome:d852f85a90e0d366ff39	test	26414
viralmetagenome:7ffffd73fffe682c08b1	test	26415
viralmetagenome:d86ab88f00aca76fc612	test	26416
viralmetagenome:136177e33751e1b51c10	test	26417
viralmetagenome:398871cca582ebc0e97b	test	26418
viralmetagenome:836809f8190906b82a5f	test	26419
viralmetagenome:035502d9db8d55c47d18	test	26420
viralmetagenome:e58124bb6c59e09a9e5c	test	26421
viralmetagenome:81c875ac45aa7420d503	test	26422
viralmetagenome:a667c5010da3d94e24f2	test	26423
viralmetagenome:04056b3f5cd5841671f4	test	26424
viralmetagenome:9c8eb0fcbb3ed364ed35	test	26425
viralmetagenome:ae33698b00764ec96355	test	26426
viralmetagenome:b0632fdebe8f8355b004	test	26427
viralmetagenome:06e4cecaf1ecba09d1cc	test	26428
viralmetagenome:f9cfc5b77d12131185ad	test	26429
viralmetagenome:0efcf40c9a191aec7a14	test	26430
viralmetagenome:06b84e65ac808232d740	test	26431
viralmetagenome:66369704870f9a7a97a2	test	26432
viralmetagenome:fe8f24cd03529abe4014	test	26433
viralmetagenome:01590fd8542baf2f49b9	test	26434
viralmetagenome:35c8e7bd94d875f43388	test	26435
viralmetagenome:a74aaa84cd2d8a510bc1	test	26436
viralmetagenome:c80e36f09afc64891d2e	test	26437
viralmetagenome:67bab73adccbac5a8e42	test	26438
viralmetagenome:b6d5d88f2ef0fe0ea8d7	test	26439
viralmetagenome:a7d46bc55a939e6916fe	test	26440
viralmetagenome:20178fa438611fe77ffe	test	26441
viralmetagenome:c923941dc09706d3986b	test	26442
viralmetagenome:6dfb6bb3361c1e71a87a	test	26443
viralmetagenome:047a3e083382b7516931	test	26444
viralmetagenome:4e679b19117315380d80	test	26445
viralmetagenome:6ce312d3abb17295fbd4	test	26446
viralmetagenome:6db8b9d3c8fdd37e903b	test	26447
viralmetagenome:80855977dbb7ba52682e	test	26448
viralmetagenome:7106381525e991a40b0d	test	26449
viralmetagenome:0f75cfa6372630f92469	test	26450
viralmetagenome:863480b56ffe50c02930	test	26451
viralmetagenome:deef9fff71580c759d03	test	26452
viralmetagenome:8c823969c04ee10a72ab	test	26453
viralmetagenome:3a23f3dce5d6d505c7f9	test	26454
viralmetagenome:a856d1c093703bff7eee	test	26455
viralmetagenome:4093083b3a20c535edf5	test	26456
viralmetagenome:067f9860ab3a0cae7b07	test	26457
viralmetagenome:290f97a50be69b313be6	test	26458
viralmetagenome:c67174e6e469e66eebd1	test	26459
viralmetagenome:aeb43f9e9c1277bf229e	test	26460
viralmetagenome:f332e06c2027f62eb430	test	26461
viralmetagenome:c80f7b595ccd6e7f4bfb	test	26462
viralmetagenome:5e25164e570b36cda54c	test	26463
viralmetagenome:3f4ebc443d421a54f66e	test	26464
viralmetagenome:0611df2e1153ad633cdf	test	26465
viralmetagenome:eeb85dd65fd49b8f9de8	test	26466
viralmetagenome:f572c1d5348a0b3ee9eb	test	26467
viralmetagenome:4fdc79b8973efc04ff82	test	26468
viralmetagenome:13578f7da678f4c41fc1	test	26469
viralmetagenome:19d1d516bd71bf6f3bb1	test	26470
viralmetagenome:3d7352415dac37c76fec	test	26471
viralmetagenome:710c2c3c4148c0b427b0	test	26472
viralmetagenome:b83e6a78ec8fe04cbd84	test	26473
viralmetagenome:0b4bf9b168692fc5b77f	test	26474
viralmetagenome:4af4f4dd8dc3fd2db5b2	test	26475
viralmetagenome:1717216ca1e521791b19	test	26476
viralmetagenome:750c204145be222f5265	test	26477
viralmetagenome:5a7c28f6b0a08a333400	test	26478
viralmetagenome:4ed56b1356c38476fb38	test	26479
viralmetagenome:4350385bcca0df279a1c	test	26480
viralmetagenome:54a3aad11bd18373fa66	test	26481
viralmetagenome:14a951d79fe0f017dfb5	test	26482
viralmetagenome:fbd8a22184d2e5f34154	test	26483
viralmetagenome:b7f03540dec78c549348	test	26484
viralmetagenome:e119b5e7fbb11c46c3b2	test	26485
viralmetagenome:117b9e111cd7881af188	test	26486
viralmetagenome:92ffa43cab69a75235bc	test	26487
viralmetagenome:4289ee24b447c8804607	test	26488
viralmetagenome:7614e56ba9c822ded9c4	test	26489
viralmetagenome:377731b4e6e3e7e75c36	test	26490
viralmetagenome:87ecddb85cdca9a44777	test	26491
viralmetagenome:c32b037de9c324baecca	test	26492
viralmetagenome:1cf6f446421b6b999015	test	26493
viralmetagenome:5dbf07e0a4283233e43d	test	26494
viralmetagenome:7b54dbbd1d3e0f4c5885	test	26495
viralmetagenome:d81e2f3166f36f64ddf6	test	26496
viralmetagenome:ee07c29f124d89a0f258	test	26497
viralmetagenome:61efdcb053cd1c05f668	test	26498
viralmetagenome:1d059a7fac55ad4da70d	test	26499
viralmetagenome:bab65261a89435265ed8	test	26500
viralmetagenome:ab11167cb426d2be62e5	test	26501
viralmetagenome:00ba00d44c9806b2e6c0	test	26502
viralmetagenome:dc2cb313b138eb723d3f	test	26503
viralmetagenome:748415ca734caf53d1d7	test	26504
viralmetagenome:1b2a97380eeaee3a153f	test	26505
viralmetagenome:cf4a5209490d73ab8be1	test	26506
viralmetagenome:960f51be1ab889339ed3	test	26507
viralmetagenome:ab989768e5886db36f48	test	26508
viralmetagenome:d237a4633549ee17ae1c	test	26509
viralmetagenome:15324389cf08fcf8ba9c	test	26510
viralmetagenome:ccf492f1dc7722799697	test	26511
viralmetagenome:6f7fd6de21b3676f30f0	test	26512
viralmetagenome:896cdef5e8db9b10df47	test	26513
viralmetagenome:d489aacd0e83556ab344	test	26514
viralmetagenome:f01f3753d95487e3a1c1	test	26515
viralmetagenome:de69a47a53a954c45225	test	26516
viralmetagenome:e8cce69593a191e552bb	test	26517
viralmetagenome:df0830fba16f5d00975b	test	26518
viralmetagenome:94ce10eac6925647f131	test	26519
viralmetagenome:7fbef9262d29adb299ce	test	26520
viralmetagenome:f64a05850028eae020df	test	26521
viralmetagenome:4f091c72854540f77523	test	26522
viralmetagenome:c0940ee08d8559178218	test	26523
viralmetagenome:3f5f3d55138d7a7ab509	test	26524
viralmetagenome:2ad86fac1e16719baf0c	test	26525
viralmetagenome:b60785e903044abed320	test	26526
viralmetagenome:63378c966ad50f3317c9	test	26527
viralmetagenome:ac14d2c476e8abea16a9	test	26528
viralmetagenome:997dea55867f8ced3d47	test	26529
viralmetagenome:9dd06ea25e1462ce5579	test	26530
viralmetagenome:0c755f506a781de184a4	test	26531
viralmetagenome:3b02a18a46a2d2d4776c	test	26532
viralmetagenome:7b0ac4e59102301affb4	test	26533
viralmetagenome:d21e0c0ca78e5a085b22	test	26534
viralmetagenome:e1c3bcc8d86a223eee52	test	26535
viralmetagenome:09fff57b1950ca1f97bb	test	26536
viralmetagenome:2f4e8c0729beb5454e3a	test	26537
viralmetagenome:feeede22cddd78392a98	test	26538
viralmetagenome:824c2be89e61d1bdafd5	test	26539
viralmetagenome:df14bfd0077a899d0edd	test	26540
viralmetagenome:338073f246254999a7e0	test	26541
viralmetagenome:c775961a44ba437a9522	test	26542
viralmetagenome:cd23507eec038015ab68	test	26543
viralmetagenome:f24ee906beb0bbb8b8f7	test	26544
viralmetagenome:bef25446e463a88b7f3d	test	26545
viralmetagenome:0886fee0712064314fc4	test	26546
viralmetagenome:932166099be6d2770b91	test	26547
viralmetagenome:f8c7f966f44e4f94ec7a	test	26548
viralmetagenome:b063b969c1586916a3a2	test	26549
viralmetagenome:28ac9379542fc9066a59	test	26550
viralmetagenome:80e61daf0b90f185b325	test	26551
viralmetagenome:3d4d54876c5e8daab500	test	26552
viralmetagenome:ae868b73f3ddee3d8460	test	26553
viralmetagenome:2361c85497062a91f16b	test	26554
viralmetagenome:a1134bd082d73dca3e3a	test	26555
viralmetagenome:bad5dabb4b93b4535e5e	test	26556
viralmetagenome:1a90810ef32c1b4ab3ca	test	26557
viralmetagenome:e247006b3856f5a1a08c	test	26558
viralmetagenome:acec25c2738d9850c479	test	26559
viralmetagenome:13c7f412ee65a5cf0a4b	test	26560
viralmetagenome:e01eb9eab108bbe281a5	test	26561
viralmetagenome:56690e3cb046f77dc25f	test	26562
viralmetagenome:80e8a6478ef123147e37	test	26563
viralmetagenome:c91e27bc64ff7b558075	test	26564
viralmetagenome:f175cf890e2390e628f1	test	26565
viralmetagenome:4e455e49f2dfbe5f26da	test	26566
viralmetagenome:962c7d1071acb37e7001	test	26567
viralmetagenome:3c670e778ec0387208fc	test	26568
viralmetagenome:16c4e9906038202f8d1a	test	26569
viralmetagenome:0901fd6d179d14d3cf72	test	26570
viralmetagenome:eae52ab793420180f246	test	26571
viralmetagenome:2e62d53d4dcb1ff9e047	test	26572
viralmetagenome:6ee0b04a5fc3e2ea33f9	test	26573
viralmetagenome:45a065caade00f4cf6a9	test	26574
viralmetagenome:8a6c556b5130d515b4b7	test	26575
viralmetagenome:c5a88dae5e61f2547a1d	test	26576
viralmetagenome:f3ac3155f5593cf0dec0	test	26577
viralmetagenome:caeef4f0e5750feb8ff0	test	26578
viralmetagenome:2a53cba577e690ccbe2d	test	26579
viralmetagenome:5005fb9645c754e6027e	test	26580
viralmetagenome:890ebf2728653f133617	test	26581
viralmetagenome:1352d26452e9ad664af5	test	26582
viralmetagenome:0a32dddf9771294ba5a0	test	26583
viralmetagenome:50eaa42be83dc1179612	test	26584
viralmetagenome:4c17b273e3800228da1d	test	26585
viralmetagenome:bff65af69c3f31760ae2	test	26586
viralmetagenome:74bac35bdc39f9c652f3	test	26587
viralmetagenome:0abada998abc12d432be	test	26588
viralmetagenome:5349cb66ccc261661a65	test	26589
viralmetagenome:2f7dc25a16f5fa50e1ab	test	26590
viralmetagenome:bcd0ad830a01f0ab1d31	test	26591
viralmetagenome:dccc548d1fe15c310c62	test	26592
viralmetagenome:21059ee9c225ef465b11	test	26593
viralmetagenome:5ab443e2ea174c352785	test	26594
viralmetagenome:48fcdc12bb06adae0f67	test	26595
viralmetagenome:76ee915188c0fb793eb3	test	26596
viralmetagenome:f838dd1db3bb818d70e4	test	26597
viralmetagenome:7a88db3cefa14b1dc0c5	test	26598
viralmetagenome:92bbfb56fb0e8f3be069	test	26599
viralmetagenome:1a7015a18eb82117a21c	test	26600
viralmetagenome:5078a60d362cca3deaa0	test	26601
viralmetagenome:0de2372bb88eee3b15df	test	26602
viralmetagenome:43ad8ad2b848b05342f5	test	26603
viralmetagenome:dbf619c16f34d0b726ce	test	26604
viralmetagenome:a21b3d07340f7ef22c16	test	26605
viralmetagenome:067bcf0b113b0376f655	test	26606
viralmetagenome:c24d9ef2815781f7664c	test	26607
viralmetagenome:34883fde5228647ff1f9	test	26608
viralmetagenome:2bdf56199e6f1d940f45	test	26609
viralmetagenome:dbb19775c82bc5aafe6e	test	26610
viralmetagenome:4e4dcbd9a6858cd71f21	test	26611
viralmetagenome:49c5230ff7c982e59e77	test	26612
viralmetagenome:d8843bc16474a925243d	test	26613
viralmetagenome:deb01a9c657365bd22a1	test	26614
viralmetagenome:4c087305c620e72ad44c	test	26615
viralmetagenome:71fd032781cc70debca1	test	26616
viralmetagenome:2e4ad0a604611807e8eb	test	26617
viralmetagenome:174957cd16aa20f9eb4e	test	26618
viralmetagenome:239e922ed8286cc09c05	test	26619
viralmetagenome:21f2e9cff82cb72d47de	test	26620
viralmetagenome:38085b881c6d404a1664	test	26621
viralmetagenome:b1ad9e617a95a60813fe	test	26622
viralmetagenome:fed062116f6dce0fb847	test	26623
viralmetagenome:51556065f812a8a70daf	test	26624
viralmetagenome:f6bc27b0941601a23357	test	26625
viralmetagenome:fb897b181c6612b4be0d	test	26626
viralmetagenome:17c278e069b05f976426	test	26627
viralmetagenome:eb834e30b749294df818	test	26628
viralmetagenome:6caca00babafb38c6f39	test	26629
viralmetagenome:2604673a96b8ba3900c8	test	26630
viralmetagenome:ac45dab81c4215f0a864	test	26631
viralmetagenome:69996fadae132d570afd	test	26632
viralmetagenome:ea721c87de27d307d4b5	test	26633
viralmetagenome:432dfc6133f7f3b75bf3	test	26634
viralmetagenome:f9c37a0eb58ab2f95a77	test	26635
viralmetagenome:8a0490a00d844caf3f4d	test	26636
viralmetagenome:e1d229574633e424000f	test	26637
viralmetagenome:6aca93d047d395b323e7	test	26638
viralmetagenome:fa9cc703c0be68947ee1	test	26639
viralmetagenome:c47f467d74c1997279e9	test	26640
viralmetagenome:83519d70cc3955e91e4d	test	26641
viralmetagenome:6a51dfcd82a555dc2008	test	26642
viralmetagenome:ce7362436bcc20adb6f5	test	26643
viralmetagenome:c2e902cef5ead6021244	test	26644
viralmetagenome:0f84732c23b095e414c6	test	26645
viralmetagenome:c3d44ca1ddd8eb1353fc	test	26646
viralmetagenome:51dc75a004d9cadac1a5	test	26647
viralmetagenome:03ede4379c4cbcbdc739	test	26648
viralmetagenome:1aeac95d54d22f4a5362	test	26649
viralmetagenome:4701ea0d96e9e301590a	test	26650
viralmetagenome:aec8c4d5c02de729904f	test	26651
viralmetagenome:f20a2858538f42dad020	test	26652
viralmetagenome:29249af8d69da07dc41c	test	26653
viralmetagenome:00a7f9c652d9ecd61a92	test	26654
viralmetagenome:f91b77eb9275df673180	test	26655
viralmetagenome:ba20782ccc849e1ec746	test	26656
viralmetagenome:3cf4f2dd8d518f7cbfac	test	26657
viralmetagenome:27fb245afd78514e7f73	test	26658
viralmetagenome:73b3bd2c17eb2a318acd	test	26659
viralmetagenome:c390ff57a4d241f08afd	test	26660
viralmetagenome:a0aa52f8a3a2db10fbdb	test	26661
viralmetagenome:f05ef3e0db00da209128	test	26662
viralmetagenome:f46136443ba3aec4c997	test	26663
viralmetagenome:16ee058d11fea6a8a506	test	26664
viralmetagenome:db68f2756cd619955bfc	test	26665
viralmetagenome:6affb8d2efcbed83f260	test	26666
viralmetagenome:0beb12a473b720bb27c1	test	26667
viralmetagenome:1e37d7253812f3fdb0fb	test	26668
viralmetagenome:c3711cf3352a9e6e5d6e	test	26669
viralmetagenome:cb6cc80513c137f50371	test	26670
viralmetagenome:1747e523a25987ec64ca	test	26671
viralmetagenome:88cc4a731a5d3309e9f7	test	26672
viralmetagenome:c9cec5277b83514d6f2f	test	26673
viralmetagenome:8b022baa268db3ac80b2	test	26674
viralmetagenome:573df3734487ee59bf94	test	26675
viralmetagenome:419636c0b42f0d2b1e2d	test	26676
viralmetagenome:3c1a998b6de1cd506cfe	test	26677
viralmetagenome:273f3359cfaf72d32ff1	test	26678
viralmetagenome:6d7727332286f27fddb0	test	26679
viralmetagenome:a666091efbc493a6acd9	test	26680
viralmetagenome:d4c0ba531ecc32dd3c12	test	26681
viralmetagenome:4a80af17958deceeffef	test	26682
viralmetagenome:6842206e3efbaf2a5081	test	26683
viralmetagenome:5a152a0720bda72ae9e5	test	26684
viralmetagenome:8b27fb7ca5d534142312	test	26685
viralmetagenome:d10378d057815f9aa0c8	test	26686
viralmetagenome:0181bdd4af803ce6d216	test	26687
viralmetagenome:dcaf4441b96d7d8290bf	test	26688
viralmetagenome:8366fcf27eea15ba7a55	test	26689
viralmetagenome:386e291731003b489e45	test	26690
viralmetagenome:b570ed2367cca730ff00	test	26691
viralmetagenome:7dfee5518535658a4098	test	26692
viralmetagenome:793a9df717a7ef8fe71b	test	26693
viralmetagenome:e1a4f0c15429902de22f	test	26694
viralmetagenome:c081f12d50c2ae1b0387	test	26695
viralmetagenome:e36b8f2948b357386214	test	26696
viralmetagenome:6fc466b7fc2f797de011	test	26697
viralmetagenome:df2308d90d6e861794fd	test	26698
viralmetagenome:30afca941f635308f613	test	26699
viralmetagenome:24eb7155f99c87bbd023	test	26700
viralmetagenome:557b38b631c2160f5eb1	test	26701
viralmetagenome:500b43c41554ee74583b	test	26702
viralmetagenome:8313155a3165b4e00148	test	26703
viralmetagenome:c1d766ae96b3a2ac698a	test	26704
viralmetagenome:81f7dff152f7a01a3660	test	26705
viralmetagenome:3e838a027a588b36421d	test	26706
viralmetagenome:1d63715da7796b0d4d7e	test	26707
viralmetagenome:85223313bce370cd8efd	test	26708
viralmetagenome:13acdf71b90210696be0	test	26709
viralmetagenome:a46e28636fa22eb0caca	test	26710
viralmetagenome:2a1ce39a3b776038edff	test	26711
viralmetagenome:9eacf09979781fa8e586	test	26712
viralmetagenome:66e9c21b4be0836e1be2	test	26713
viralmetagenome:e660bebcdb24082c640c	test	26714
viralmetagenome:1d1e7332e82fa7e0fe12	test	26715
viralmetagenome:c37bf872d3b02d14b12c	test	26716
viralmetagenome:8c7c528d5ead48e82606	test	26717
viralmetagenome:5eb98f502794e5835554	test	26718
viralmetagenome:0abd15f92dfcf064f7db	test	26719
viralmetagenome:e231e3bba1653929ac25	test	26720
viralmetagenome:8e61934ab8d6422a0b88	test	26721
viralmetagenome:116d356587e463c1dc0b	test	26722
viralmetagenome:7450a57041996edc570e	test	26723
viralmetagenome:775d1cd55c72931d7eba	test	26724
viralmetagenome:5f6055d16c3fb99a3b51	test	26725
viralmetagenome:e4a1f28185497ab3f281	test	26726
viralmetagenome:549f3e1651aadf5cab8d	test	26727
viralmetagenome:1ceb186511312f6b33ba	test	26728
viralmetagenome:8e8652454752c7012433	test	26729
viralmetagenome:fa58bee4ecd1e961d80e	test	26730
viralmetagenome:350085740aa609ecad28	test	26731
viralmetagenome:1bc197a3c759705029a4	test	26732
viralmetagenome:358dc4c542be1bfc1b8b	test	26733
viralmetagenome:5f0cccc83382f98afcb4	test	26734
viralmetagenome:86d054b89399d4f07bc4	test	26735
viralmetagenome:3819e6204541d02d06a8	test	26736
viralmetagenome:1a8c530f752b1297e32f	test	26737
viralmetagenome:087f0347407679713f4a	test	26738
viralmetagenome:bdea9be4b0248370a8e3	test	26739
viralmetagenome:107487a0f6ad7b3b86ca	test	26740
viralmetagenome:11a5fe2639ae1473236b	test	26741
viralmetagenome:d6694addd9ab09293392	test	26742
viralmetagenome:dfcc821c2b239848117a	test	26743
viralmetagenome:f2edca27e76c51c58c5f	test	26744
viralmetagenome:8c18b8c6ef303de8d3ba	test	26745
viralmetagenome:ee5c698351e38aa4d29c	test	26746
viralmetagenome:8f6d9d0a274b5ea49a93	test	26747
viralmetagenome:6115d741ce3ce7d6db0f	test	26748
viralmetagenome:35206e5fd8bc7785301c	test	26749
viralmetagenome:465645f8cc6f4617ace8	test	26750
viralmetagenome:428b48d62f1c73255cec	test	26751
viralmetagenome:467896d0a41f567d3e55	test	26752
viralmetagenome:11b8095a73130b7a260b	test	26753
viralmetagenome:e36a8be44506dc9e6f58	test	26754
viralmetagenome:26e4fa200092ece87616	test	26755
viralmetagenome:accbdecb8cf22255222f	test	26756
viralmetagenome:1988009d6b51185fb1a5	test	26757
viralmetagenome:f61c7079fa5b6098700b	test	26758
viralmetagenome:b236ac9f51c4323eae2f	test	26759
viralmetagenome:a0f5d4dc3b022faa1596	test	26760
viralmetagenome:898182235a648af83b3b	test	26761
viralmetagenome:4f1b4711b6d97fa9308c	test	26762
viralmetagenome:7aeda027505cebc3112f	test	26763
viralmetagenome:619bc1f55e00b0d85163	test	26764
viralmetagenome:2f905675221fbb243495	test	26765
viralmetagenome:4dc72fa3adde4b4c93ac	test	26766
viralmetagenome:c058bdf49c50eb0a709d	test	26767
viralmetagenome:853c891551f6aa568dc1	test	26768
viralmetagenome:38e50a5cd83907ce50c0	test	26769
viralmetagenome:e9a1971b0cd21cf846c9	test	26770
viralmetagenome:5af00cd44892076f3966	test	26771
viralmetagenome:cbab863a1b31eb77777d	test	26772
viralmetagenome:80bf0b4b2f80b0636baa	test	26773
viralmetagenome:52bec9a299d0eec8b879	test	26774
viralmetagenome:e85aa111243f917e6d71	test	26775
viralmetagenome:f8b4f04fc013604dd610	test	26776
viralmetagenome:53c7eaef72161a5b2f6d	test	26777
viralmetagenome:f48151fa4a1e35930508	test	26778
viralmetagenome:c3372406010a9b7db294	test	26779
viralmetagenome:71f03b723e29f398e6d8	test	26780
viralmetagenome:ec8a702da2dfcd845a78	test	26781
viralmetagenome:61c3c0703c18fe9261af	test	26782
viralmetagenome:d2da3dd1459918309b0c	test	26783
viralmetagenome:dddf170a7742d06174e7	test	26784
viralmetagenome:7ba17d1d307aa8589806	test	26785
viralmetagenome:aca5ce58a83f37842560	test	26786
viralmetagenome:b5accd5bc7f5045cd793	test	26787
viralmetagenome:dfe00f485b3fa8296ed9	test	26788
viralmetagenome:c29f9c353ae620829ad4	test	26789
viralmetagenome:133e8d6141d03cf985e2	test	26790
viralmetagenome:a96f82a05b3919d9efe2	test	26791
viralmetagenome:fa48ac4b7eb6fae80b22	test	26792
viralmetagenome:14fcce2b13bbab91fd53	test	26793
viralmetagenome:fd0a6358fa5066c094ae	test	26794
viralmetagenome:fb224568de0ad50febc5	test	26795
viralmetagenome:c64e4060bfecd305e5ef	test	26796
viralmetagenome:45077159cca245d6a5da	test	26797
viralmetagenome:ab08e83ac251a2778354	test	26798
viralmetagenome:1517d58f15789db04152	test	26799
viralmetagenome:44b3f143b8b0fd2a6213	test	26800
viralmetagenome:bc49129ef2acc412719e	test	26801
viralmetagenome:1efaa30e5c187223679d	test	26802
viralmetagenome:6b41d6264517d95a3dab	test	26803
viralmetagenome:0fc91a89ab6151b74495	test	26804
viralmetagenome:29a58199d47dcfc4e625	test	26805
viralmetagenome:3cca990ea65d8dcb3c1f	test	26806
viralmetagenome:d51c6af60b6d9d4d7e06	test	26807
viralmetagenome:334579c7e1cdc5987e8a	test	26808
viralmetagenome:e902acc453c9921c7c1d	test	26809
viralmetagenome:df26ee01c8929cf0286e	test	26810
viralmetagenome:2e2317e6a2b7d52913c5	test	26811
viralmetagenome:555342e5527108955eb1	test	26812
viralmetagenome:475415dba3e2bd43bc04	test	26813
viralmetagenome:1955117d45054b45361a	test	26814
viralmetagenome:c99aad28ced2fe3638e4	test	26815
viralmetagenome:6934047bd026d7041acb	test	26816
viralmetagenome:745dbe43ceef4a4f585a	test	26817
viralmetagenome:ff814bc50682559e10a3	test	26818
viralmetagenome:df8845d5af512d39e2a4	test	26819
viralmetagenome:729195b08f55cc91a266	test	26820
viralmetagenome:2ad07ee1032fe81c7a49	test	26821
viralmetagenome:fa286a7c5248a110c45c	test	26822
viralmetagenome:01886b60574d47482baa	test	26823
viralmetagenome:71797917d70890c5780e	test	26824
viralmetagenome:ca1bf81d3b0eb2fe2c19	test	26825
viralmetagenome:7a79bfe6af1907aa1441	test	26826
viralmetagenome:9c6b37f59baa8722ab70	test	26827
viralmetagenome:6885637b09890add81bd	test	26828
viralmetagenome:499b4e79fd6486c424fa	test	26829
viralmetagenome:cf269eff317b07cdb876	test	26830
viralmetagenome:f06344decc872e272003	test	26831
viralmetagenome:3fdf5409c435ed70b272	test	26832
viralmetagenome:ad9298cbf4203808e534	test	26833
viralmetagenome:cdb12d8fc145690dc03a	test	26834
viralmetagenome:5f9aa9b5a34e0e7d8a78	test	26835
viralmetagenome:0ec4c9d346df7106675b	test	26836
viralmetagenome:3c5e8c05d699a89eb3c3	test	26837
viralmetagenome:d7f82dd7be30c2546604	test	26838
viralmetagenome:db7f37faeb43dc03e9a3	test	26839
viralmetagenome:ebe7f4931f9f969b9abe	test	26840
viralmetagenome:ffb3cb0daf7a45a0f66c	test	26841
viralmetagenome:2a4e3926aa96fdd35215	test	26842
viralmetagenome:bf6151d86ef7b0494c9f	test	26843
viralmetagenome:a273c411b59f3a440cfe	test	26844
viralmetagenome:ab93d6b2631a00411356	test	26845
viralmetagenome:ef574bd517b167c4d473	test	26846
viralmetagenome:6934f4c8f4332dc9ec63	test	26847
viralmetagenome:92684b43f6625e75edfb	test	26848
viralmetagenome:65d3bc24a209bed04e86	test	26849
viralmetagenome:8065c8337d40484867e2	test	26850
viralmetagenome:a974e82e5181bfdd1694	test	26851
viralmetagenome:e6921fe12fb7e8a7c60e	test	26852
viralmetagenome:5d1031b08bb42796173f	test	26853
viralmetagenome:0ae0b2cd86223501ab8c	test	26854
viralmetagenome:72ff5af38eb53d0bab2d	test	26855
viralmetagenome:36e267cb6280cd19c1e2	test	26856
viralmetagenome:cd5a7745365e9eee1aa2	test	26857
viralmetagenome:dee6a02563cb0fdc2697	test	26858
viralmetagenome:cd604f37179b434e80d5	test	26859
viralmetagenome:f276117dcd3dff7f4c33	test	26860
viralmetagenome:6d46dcb5d225499e0b74	test	26861
viralmetagenome:363eb26bf8060b7d2aaf	test	26862
viralmetagenome:6ef0480159552bf7c15d	test	26863
viralmetagenome:f2471984bae7060c842e	test	26864
viralmetagenome:df5dc13737c2307120fc	test	26865
viralmetagenome:ca3af9d352545723041a	test	26866
viralmetagenome:de5852b1634bcd28f416	test	26867
viralmetagenome:61332385c58be6bcc748	test	26868
viralmetagenome:721371f2085aba1f1f88	test	26869
viralmetagenome:f8485f3da4dc4ea3b95e	test	26870
viralmetagenome:c5a4e11132b193a27399	test	26871
viralmetagenome:90731d9e57a92b1f8420	test	26872
viralmetagenome:b0fa603aeefaf9dd1fde	test	26873
viralmetagenome:2d8c6898b22ab5005efe	test	26874
viralmetagenome:f69b7c9c9854c270a64b	test	26875
viralmetagenome:5fbf84d6ac9211680ee6	test	26876
viralmetagenome:9374481fd7afcba84809	test	26877
viralmetagenome:7a411584a6ea67f004c1	test	26878
viralmetagenome:890587c3dfe15a036f30	test	26879
viralmetagenome:40c8eb972a5d60cf3556	test	26880
viralmetagenome:9ec363aedba33b1d9ea5	test	26881
viralmetagenome:69c2098201c0e3d1f56b	test	26882
viralmetagenome:92a93292c1ac3d11c69b	test	26883
viralmetagenome:9e1a56fc636e3fdfd29e	test	26884
viralmetagenome:0fe53eb0813783c374e9	test	26885
viralmetagenome:8f2871bafcad940f0256	test	26886
viralmetagenome:1868698bb770965c8c0c	test	26887
viralmetagenome:c045647a1bd2154b4107	test	26888
viralmetagenome:d8a75d2a884124d8cb5c	test	26889
viralmetagenome:6e5e96f66f3e145df6ec	test	26890
viralmetagenome:a62a1ba6118cbbe42a19	test	26891
viralmetagenome:e0edeaa5e3d948491103	test	26892
viralmetagenome:a675c4df4b23ea7f5bc0	test	26893
viralmetagenome:f348ca2c676015cd42ce	test	26894
viralmetagenome:f033fcfb47d42f1067df	test	26895
viralmetagenome:19fc6f73dfa69360b52d	test	26896
viralmetagenome:b38a5029aeea2c0c1df4	test	26897
viralmetagenome:43ffd5ff754253ca6750	test	26898
viralmetagenome:f8f0ddaa256886ffd32f	test	26899
viralmetagenome:1028d7558be5d22c55ef	test	26900
viralmetagenome:1992f36d9ccdf87a9d11	test	26901
viralmetagenome:47d13c9e27037890fdc3	test	26902
viralmetagenome:735c1631510e86d5d22d	test	26903
viralmetagenome:c1e123910b9c9ccea8cd	test	26904
viralmetagenome:08ce4d225c751e23a54e	test	26905
viralmetagenome:8e90ee842c3510519c95	test	26906
viralmetagenome:c5f5ca6a9cae0beeb2f3	test	26907
viralmetagenome:f20c92693f12d13d077f	test	26908
viralmetagenome:c772a185faaaef7e5a20	test	26909
viralmetagenome:9042a96b9090465d8736	test	26910
viralmetagenome:a1c3549acfca749bcc85	test	26911
viralmetagenome:ed75c7d90443155016e6	test	26912
viralmetagenome:c552af539503cc7fa7ef	test	26913
viralmetagenome:5bbcaf32ebefb5769cac	test	26914
viralmetagenome:acaa64ca0cd264557feb	test	26915
viralmetagenome:3074f63d28eb98e1eba0	test	26916
viralmetagenome:2a0ee482af64c97e2d9a	test	26917
viralmetagenome:f60cbab73764600f64b5	test	26918
viralmetagenome:14576f781cad6b8e1e9a	test	26919
viralmetagenome:531340e8784af38e34d7	test	26920
viralmetagenome:1c7be16219656a5c5995	test	26921
viralmetagenome:9ab66eb2e395a67aa586	test	26922
viralmetagenome:ec67a509d1e3f75da91d	test	26923
viralmetagenome:52c7f6402338bf3fea44	test	26924
viralmetagenome:ea9e5a831f21dfea8488	test	26925
viralmetagenome:e5dbc365dc7e8f89d4b9	test	26926
viralmetagenome:e088879d19928f2827f1	test	26927
viralmetagenome:73ec1eb83573f04d96d6	test	26928
viralmetagenome:70fdb7e0139c2bec8765	test	26929
viralmetagenome:92584ef177ed20cc6337	test	26930
viralmetagenome:d2fc5ed6676e7e186fbe	test	26931
viralmetagenome:9672a588c2edd7e376a2	test	26932
viralmetagenome:a5006ecc129110e3cc2c	test	26933
viralmetagenome:884e2dfd9f5b15fa27ea	test	26934
viralmetagenome:bce097847dc9a831835a	test	26935
viralmetagenome:e215b1b68503db721b68	test	26936
viralmetagenome:af53baf9f2a2eae1bf9b	test	26937
viralmetagenome:084845d1bacf5bd8d874	test	26938
viralmetagenome:b243d2f846b9a99b5087	test	26939
viralmetagenome:fed7dc2a23ca778ce9e2	test	26940
viralmetagenome:ac306b9e1058be1a9403	test	26941
viralmetagenome:041d5bd02187fa331599	test	26942
viralmetagenome:ed174ab49085efcd1c9b	test	26943
viralmetagenome:6534f61f84d2b54f4acb	test	26944
viralmetagenome:fd564fe9aa4850dba995	test	26945
viralmetagenome:b5dc2b6d5afaa6be2d6a	test	26946
viralmetagenome:b5869a7b18e264911026	test	26947
viralmetagenome:5f282f6026740081a243	test	26948
viralmetagenome:e3333a706db0a5398242	test	26949
viralmetagenome:1f34183146774c8427bf	test	26950
viralmetagenome:7bf8eb657118d74c65b5	test	26951
viralmetagenome:8f1014b660cf77cbf0a3	test	26952
viralmetagenome:2bffcae992a08d77c802	test	26953
viralmetagenome:42bb6f92cf8fd137dec1	test	26954
viralmetagenome:9c4cd5a91f806922f4d7	test	26955
viralmetagenome:72270b1485e826b93637	test	26956
viralmetagenome:0bf121b2b0a186c2244d	test	26957
viralmetagenome:19a5c2437c386d0f41b0	test	26958
viralmetagenome:44a5ae6e8273996e40b1	test	26959
viralmetagenome:66045f8483344f9014bc	test	26960
viralmetagenome:427fd29b5c66efac5a32	test	26961
viralmetagenome:2ef66a1000403a3ecc69	test	26962
viralmetagenome:0fb296ab5d24088333a3	test	26963
viralmetagenome:2942cd80961fec173462	test	26964
viralmetagenome:687e627088ec8f0f1cba	test	26965
viralmetagenome:e6d28a39f537cb179c6b	test	26966
viralmetagenome:62a2c2fe9c00983b341e	test	26967
viralmetagenome:d97d0f5a93bade4edfc4	test	26968
viralmetagenome:36426041e9f18bcd5cee	test	26969
viralmetagenome:510ec6e2b0c0388ea455	test	26970
viralmetagenome:ff728561eb9694e41678	test	26971
viralmetagenome:a1c3b656a65c3f5605c9	test	26972
viralmetagenome:a015bb53cc86bd619572	test	26973
viralmetagenome:e83ca187f9d64af625fd	test	26974
viralmetagenome:24b3072689945ae7f332	test	26975
viralmetagenome:2bdf22f06feb7c7ac520	test	26976
viralmetagenome:b3796249f08c3fb4d9ee	test	26977
viralmetagenome:f672e3898c2d99f21c06	test	26978
viralmetagenome:2dca627a5e2e0deb1b28	test	26979
viralmetagenome:c377418165fa8ab6d80c	test	26980
viralmetagenome:48f3752c428ef921a812	test	26981
viralmetagenome:63b502de703c76fe314b	test	26982
viralmetagenome:d167c3c7025c17ac0059	test	26983
viralmetagenome:41fbb06a62888227a28d	test	26984
viralmetagenome:cacde8913414dda0d8d5	test	26985
viralmetagenome:bd2cb078de0e98cb5910	test	26986
viralmetagenome:2b85c1393f3e1aead8fe	test	26987
viralmetagenome:eced1c92d456dcac014e	test	26988
viralmetagenome:1a6d5140fab5bdb08f23	test	26989
viralmetagenome:17bb2071d655020259c9	test	26990
viralmetagenome:acb9bcc4ae381305e75b	test	26991
viralmetagenome:9571050d3d87d828a3c2	test	26992
viralmetagenome:c61843c847e76da44535	test	26993
viralmetagenome:3d8eead0ef1feab439ed	test	26994
viralmetagenome:24f60f1ce5b121a464b4	test	26995
viralmetagenome:811c0373f5c604de058d	test	26996
viralmetagenome:77f3a0960b13cbfbeda1	test	26997
viralmetagenome:d22cfc8e11f9aeb366aa	test	26998
viralmetagenome:3df82f14a91f8a013e12	test	26999
viralmetagenome:9442bfda8783cf4da9d7	test	27000
viralmetagenome:1347233f7227b378f532	test	27001
viralmetagenome:81fe6b77b98720b5e883	test	27002
viralmetagenome:df0e2f7b6fd06e299e04	test	27003
viralmetagenome:eb92b437a15509b5f148	test	27004
viralmetagenome:de3bfceaf31d82272472	test	27005
viralmetagenome:eb79f8b1fef341f28304	test	27006
viralmetagenome:481284533babf1366646	test	27007
viralmetagenome:988b359195157a9ab40f	test	27008
viralmetagenome:951e5a4c0d10830648ae	test	27009
viralmetagenome:fdcaa26170a112201f1e	test	27010
viralmetagenome:6d8e267d1db2b82e3af2	test	27011
viralmetagenome:c8ff49aaf754d447e240	test	27012
viralmetagenome:6a1383e0572577074cd9	test	27013
