workflow	dataset_id	process	bucket	task_type	task_instance	task_hash	sample_id	coverage	seed	scatter_id	chrom	start	end	interval_length_bp	contig_length_bp	has_str_region	reference_path	reference_size_bytes	planned_java_heap_mb	planned_hc_threads	feature_availability
gatk_synthetic_nextflow	gatk_synthetic_20samples_25scatters	HaplotypeCaller	GATK::HaplotypeCaller	HaplotypeCaller	sample_01.scatter_001	0c87ed8c3301609221e5718799a161d3881351da68bdf057595cd6e274e3618b	sample_01	10	10101	001	chr1	1	400000	400000	2000000	true	WORKFLOWS/gatk/data/hg38_synthetic.fa	7116698	3072	2	pre_launch
gatk_synthetic_nextflow	gatk_synthetic_20samples_25scatters	HaplotypeCaller	GATK::HaplotypeCaller	HaplotypeCaller	sample_01.scatter_002	c1bffbbce9c3d3a374708891354a851a9a6cbf405661bfd3983d5444cafa21ad	sample_01	10	10101	002	chr1	400001	800000	400000	2000000	true	WORKFLOWS/gatk/data/hg38_synthetic.fa	7116698	3072	2	pre_launch
gatk_synthetic_nextflow	gatk_synthetic_20samples_25scatters	HaplotypeCaller	GATK::HaplotypeCaller	HaplotypeCaller	sample_01.scatter_003	7c4a09c8f9d6e961a47ddb195832d6a595850a2cabbfdb39263e622915fb089f	sample_01	10	10101	003	chr1	800001	1200000	400000	2000000	true	WORKFLOWS/gatk/data/hg38_synthetic.fa	7116698	3072	2	pre_launch
gatk_synthetic_nextflow	gatk_synthetic_20samples_25scatters	HaplotypeCaller	GATK::HaplotypeCaller	HaplotypeCaller	sample_01.scatter_004	df2e8405c0193924092d36a2fae02d4f6476712da4b725152da8d92f5209a4c8	sample_01	10	10101	004	chr1	1200001	1600000	400000	2000000	true	WORKFLOWS/gatk/data/hg38_synthetic.fa	7116698	3072	2	pre_launch
gatk_synthetic_nextflow	gatk_synthetic_20samples_25scatters	HaplotypeCaller	GATK::HaplotypeCaller	HaplotypeCaller	sample_01.scatter_005	c363c56849863d955c1a673d67a18fb7466e57274f19425cdd7ec6beebb35db2	sample_01	10	10101	005	chr1	1600001	2000000	400000	2000000	true	WORKFLOWS/gatk/data/hg38_synthetic.fa	7116698	3072	2	pre_launch
gatk_synthetic_nextflow	gatk_synthetic_20samples_25scatters	HaplotypeCaller	GATK::HaplotypeCaller	HaplotypeCaller	sample_01.scatter_006	1fe0500f3cf641106ce585ee59d5005cf6a0658b7e5b4dbbcd645973cf301568	sample_01	10	10101	006	chr2	1	360000	360000	1800000	true	WORKFLOWS/gatk/data/hg38_synthetic.fa	7116698	3072	2	pre_launch
gatk_synthetic_nextflow	gatk_synthetic_20samples_25scatters	HaplotypeCaller	GATK::HaplotypeCaller	HaplotypeCaller	sample_01.scatter_007	7c2ddb83ec77b069a7d83fff1f19cea04d4335294ad68dbba891ed627d9bb2ad	sample_01	10	10101	007	chr2	360001	720000	360000	1800000	true	WORKFLOWS/gatk/data/hg38_synthetic.fa	7116698	3072	2	pre_launch
gatk_synthetic_nextflow	gatk_synthetic_20samples_25scatters	HaplotypeCaller	GATK::HaplotypeCaller	HaplotypeCaller	sample_01.scatter_008	9f6fc3a13d5d8ab32ffaed3194768d194f99d537dd047086a1e67a603857ad3b	sample_01	10	10101	008	chr2	720001	1080000	360000	1800000	true	WORKFLOWS/gatk/data/hg38_synthetic.fa	7116698	3072	2	pre_launch
gatk_synthetic_nextflow	gatk_synthetic_20samples_25scatters	HaplotypeCaller	GATK::HaplotypeCaller	HaplotypeCaller	sample_01.scatter_009	640752add0b6c28078f97191452bcfd1eb5d1bcec8ec953db8dc95849cb9d00c	sample_01	10	10101	009	chr2	1080001	1440000	360000	1800000	true	WORKFLOWS/gatk/data/hg38_synthetic.fa	7116698	3072	2	pre_launch
gatk_synthetic_nextflow	gatk_synthetic_20samples_25scatters	HaplotypeCaller	GATK::HaplotypeCaller	HaplotypeCaller	sample_01.scatter_010	8ffb3efe737cb6d9c37b6ba766ec0ccb42b01b82597c3e3f574030d9c8a86259	sample_01	10	10101	010	chr2	1440001	1800000	360000	1800000	true	WORKFLOWS/gatk/data/hg38_synthetic.fa	7116698	3072	2	pre_launch
gatk_synthetic_nextflow	gatk_synthetic_20samples_25scatters	HaplotypeCaller	GATK::HaplotypeCaller	HaplotypeCaller	sample_01.scatter_011	7e25e6ff19c530d76d0cfbfd0e1726eca75ed29f29f8c8ba4dc5c13b76010d5a	sample_01	10	10101	011	chr3	1	320000	320000	1600000	true	WORKFLOWS/gatk/data/hg38_synthetic.fa	7116698	3072	2	pre_launch
gatk_synthetic_nextflow	gatk_synthetic_20samples_25scatters	HaplotypeCaller	GATK::HaplotypeCaller	HaplotypeCaller	sample_01.scatter_012	ac619b9ab20ade9a1326826bbbffa8a0b8400ae707b958626c3a3cf95c413e56	sample_01	10	10101	012	chr3	320001	640000	320000	1600000	true	WORKFLOWS/gatk/data/hg38_synthetic.fa	7116698	3072	2	pre_launch
gatk_synthetic_nextflow	gatk_synthetic_20samples_25scatters	HaplotypeCaller	GATK::HaplotypeCaller	HaplotypeCaller	sample_01.scatter_013	dbc415fbce5229c77f9883abbf0872f424c8836b9d4324432f61cfd4a9bd7c13	sample_01	10	10101	013	chr3	640001	960000	320000	1600000	true	WORKFLOWS/gatk/data/hg38_synthetic.fa	7116698	3072	2	pre_launch
gatk_synthetic_nextflow	gatk_synthetic_20samples_25scatters	HaplotypeCaller	GATK::HaplotypeCaller	HaplotypeCaller	sample_01.scatter_014	50f9853863560c150bbb94de0e3ac9f4f7848f2cbece94bc809e8416ede4a499	sample_01	10	10101	014	chr3	960001	1280000	320000	1600000	true	WORKFLOWS/gatk/data/hg38_synthetic.fa	7116698	3072	2	pre_launch
gatk_synthetic_nextflow	gatk_synthetic_20samples_25scatters	HaplotypeCaller	GATK::HaplotypeCaller	HaplotypeCaller	sample_01.scatter_015	326918af396d18ef2864c81181f851ff014ad4e19b151a2a7a0ec141a92a5148	sample_01	10	10101	015	chr3	1280001	1600000	320000	1600000	true	WORKFLOWS/gatk/data/hg38_synthetic.fa	7116698	3072	2	pre_launch
gatk_synthetic_nextflow	gatk_synthetic_20samples_25scatters	HaplotypeCaller	GATK::HaplotypeCaller	HaplotypeCaller	sample_01.scatter_016	3e74d59020d9e927e30b65f85015394c12d2eea77e21945c4f6562362c34781d	sample_01	10	10101	016	chrX	1	240000	240000	1200000	true	WORKFLOWS/gatk/data/hg38_synthetic.fa	7116698	3072	2	pre_launch
gatk_synthetic_nextflow	gatk_synthetic_20samples_25scatters	HaplotypeCaller	GATK::HaplotypeCaller	HaplotypeCaller	sample_01.scatter_017	df67926a6bad0d83132855edcc133ffc98d1d0700bd07b3128a70e2daaf5182e	sample_01	10	10101	017	chrX	240001	480000	240000	1200000	true	WORKFLOWS/gatk/data/hg38_synthetic.fa	7116698	3072	2	pre_launch
gatk_synthetic_nextflow	gatk_synthetic_20samples_25scatters	HaplotypeCaller	GATK::HaplotypeCaller	HaplotypeCaller	sample_01.scatter_018	2fb575250ce1993c4793e6588a0f929b386c635b1df9ec25f715735ea2c4638f	sample_01	10	10101	018	chrX	480001	720000	240000	1200000	true	WORKFLOWS/gatk/data/hg38_synthetic.fa	7116698	3072	2	pre_launch
gatk_synthetic_nextflow	gatk_synthetic_20samples_25scatters	HaplotypeCaller	GATK::HaplotypeCaller	HaplotypeCaller	sample_01.scatter_019	66c6195feaea02ae61f22118b9bcc4ebce298317b66b7130778fe9c7b4f4273a	sample_01	10	10101	019	chrX	720001	960000	240000	1200000	true	WORKFLOWS/gatk/data/hg38_synthetic.fa	7116698	3072	2	pre_launch
gatk_synthetic_nextflow	gatk_synthetic_20samples_25scatters	HaplotypeCaller	GATK::HaplotypeCaller	HaplotypeCaller	sample_01.scatter_020	a102ae56a22478b3f71fbafd89f61275fc9a7b42c7fc7bee408a2028ebbbc7c4	sample_01	10	10101	020	chrX	960001	1200000	240000	1200000	true	WORKFLOWS/gatk/data/hg38_synthetic.fa	7116698	3072	2	pre_launch
gatk_synthetic_nextflow	gatk_synthetic_20samples_25scatters	HaplotypeCaller	GATK::HaplotypeCaller	HaplotypeCaller	sample_01.scatter_021	6d0215e8d4ed31d8c36a1854465e581f6a09dfab83f580ad641eeeadf99567c0	sample_01	10	10101	021	chrY	1	80000	80000	400000	true	WORKFLOWS/gatk/data/hg38_synthetic.fa	7116698	3072	2	pre_launch
gatk_synthetic_nextflow	gatk_synthetic_20samples_25scatters	HaplotypeCaller	GATK::HaplotypeCaller	HaplotypeCaller	sample_01.scatter_022	3ac269200304e37629355666c15bc20096bd5a8214824533f4804924836b5c48	sample_01	10	10101	022	chrY	80001	160000	80000	400000	true	WORKFLOWS/gatk/data/hg38_synthetic.fa	7116698	3072	2	pre_launch
gatk_synthetic_nextflow	gatk_synthetic_20samples_25scatters	HaplotypeCaller	GATK::HaplotypeCaller	HaplotypeCaller	sample_01.scatter_023	71cddf0a252905cc32fe60e463c420ae264d0a98019018dd44a55b0b33860431	sample_01	10	10101	023	chrY	160001	240000	80000	400000	true	WORKFLOWS/gatk/data/hg38_synthetic.fa	7116698	3072	2	pre_launch
gatk_synthetic_nextflow	gatk_synthetic_20samples_25scatters	HaplotypeCaller	GATK::HaplotypeCaller	HaplotypeCaller	sample_01.scatter_024	ce6cffb9cd7bb2c1b8c44c56a4947ecd3e42801d95af32233ac0fbbabb0d84cb	sample_01	10	10101	024	chrY	240001	320000	80000	400000	true	WORKFLOWS/gatk/data/hg38_synthetic.fa	7116698	3072	2	pre_launch
gatk_synthetic_nextflow	gatk_synthetic_20samples_25scatters	HaplotypeCaller	GATK::HaplotypeCaller	HaplotypeCaller	sample_01.scatter_025	4579ac2cb5da1f142d68b923e15b9a2883a3be87a810d7e71b7c1e6a82e44f33	sample_01	10	10101	025	chrY	320001	400000	80000	400000	true	WORKFLOWS/gatk/data/hg38_synthetic.fa	7116698	3072	2	pre_launch
gatk_synthetic_nextflow	gatk_synthetic_20samples_25scatters	HaplotypeCaller	GATK::HaplotypeCaller	HaplotypeCaller	sample_02.scatter_001	23b70dc33666f7094435f6655f16658d791de45ba30b6c29d3dabc0744d8b66b	sample_02	15	10102	001	chr1	1	400000	400000	2000000	true	WORKFLOWS/gatk/data/hg38_synthetic.fa	7116698	3072	2	pre_launch
gatk_synthetic_nextflow	gatk_synthetic_20samples_25scatters	HaplotypeCaller	GATK::HaplotypeCaller	HaplotypeCaller	sample_02.scatter_002	2430db61e9d273a3b4065f0602f25ab26e6094f26fd1752f70b1dde59a949f33	sample_02	15	10102	002	chr1	400001	800000	400000	2000000	true	WORKFLOWS/gatk/data/hg38_synthetic.fa	7116698	3072	2	pre_launch
gatk_synthetic_nextflow	gatk_synthetic_20samples_25scatters	HaplotypeCaller	GATK::HaplotypeCaller	HaplotypeCaller	sample_02.scatter_003	d82bc5f3a0ccd6b17621ebaf4ba932c0fc3974933efde3e8e091532a6088e60f	sample_02	15	10102	003	chr1	800001	1200000	400000	2000000	true	WORKFLOWS/gatk/data/hg38_synthetic.fa	7116698	3072	2	pre_launch
gatk_synthetic_nextflow	gatk_synthetic_20samples_25scatters	HaplotypeCaller	GATK::HaplotypeCaller	HaplotypeCaller	sample_02.scatter_004	e837c7f942dedf30bce9819ab9776fd606e284168d2cfcaca827e721b6349574	sample_02	15	10102	004	chr1	1200001	1600000	400000	2000000	true	WORKFLOWS/gatk/data/hg38_synthetic.fa	7116698	3072	2	pre_launch
gatk_synthetic_nextflow	gatk_synthetic_20samples_25scatters	HaplotypeCaller	GATK::HaplotypeCaller	HaplotypeCaller	sample_02.scatter_005	ed26d00fde76408144bf5d5744362fd9fd4e54cc9e39c9fa06a9cd1ca460a32a	sample_02	15	10102	005	chr1	1600001	2000000	400000	2000000	true	WORKFLOWS/gatk/data/hg38_synthetic.fa	7116698	3072	2	pre_launch
gatk_synthetic_nextflow	gatk_synthetic_20samples_25scatters	HaplotypeCaller	GATK::HaplotypeCaller	HaplotypeCaller	sample_02.scatter_006	e672d376222928d6d4f558ef4023b72c5feff2b286113a6b5748a790f0443f0e	sample_02	15	10102	006	chr2	1	360000	360000	1800000	true	WORKFLOWS/gatk/data/hg38_synthetic.fa	7116698	3072	2	pre_launch
gatk_synthetic_nextflow	gatk_synthetic_20samples_25scatters	HaplotypeCaller	GATK::HaplotypeCaller	HaplotypeCaller	sample_02.scatter_007	6b4a1ae8a996110ce4a06dd4179f99608b6e90072a48ebe4ead12bf1ecd9891c	sample_02	15	10102	007	chr2	360001	720000	360000	1800000	true	WORKFLOWS/gatk/data/hg38_synthetic.fa	7116698	3072	2	pre_launch
gatk_synthetic_nextflow	gatk_synthetic_20samples_25scatters	HaplotypeCaller	GATK::HaplotypeCaller	HaplotypeCaller	sample_02.scatter_008	93c984db6309c9324615fd695b6de1c96be4de0cc026db046bded72d33947c8c	sample_02	15	10102	008	chr2	720001	1080000	360000	1800000	true	WORKFLOWS/gatk/data/hg38_synthetic.fa	7116698	3072	2	pre_launch
gatk_synthetic_nextflow	gatk_synthetic_20samples_25scatters	HaplotypeCaller	GATK::HaplotypeCaller	HaplotypeCaller	sample_02.scatter_009	2766cc2d030e6fdc59a6f21f2b5469de2eee4f4f4f9d5d811fdb1f165044cd0a	sample_02	15	10102	009	chr2	1080001	1440000	360000	1800000	true	WORKFLOWS/gatk/data/hg38_synthetic.fa	7116698	3072	2	pre_launch
gatk_synthetic_nextflow	gatk_synthetic_20samples_25scatters	HaplotypeCaller	GATK::HaplotypeCaller	HaplotypeCaller	sample_02.scatter_010	c2da2e546c13efcb39c2f389246037b4006da5ae410e7dd49aeaabb7b465d813	sample_02	15	10102	010	chr2	1440001	1800000	360000	1800000	true	WORKFLOWS/gatk/data/hg38_synthetic.fa	7116698	3072	2	pre_launch
gatk_synthetic_nextflow	gatk_synthetic_20samples_25scatters	HaplotypeCaller	GATK::HaplotypeCaller	HaplotypeCaller	sample_02.scatter_011	e1be1040afcbe244f3f209b5673aaef6f0910e17423dc6080aa61275f67fe32c	sample_02	15	10102	011	chr3	1	320000	320000	1600000	true	WORKFLOWS/gatk/data/hg38_synthetic.fa	7116698	3072	2	pre_launch
gatk_synthetic_nextflow	gatk_synthetic_20samples_25scatters	HaplotypeCaller	GATK::HaplotypeCaller	HaplotypeCaller	sample_02.scatter_012	4ad918f39b453b1ce165106c7d1ed2d6394245b1367959dd5e3bd0c781a99304	sample_02	15	10102	012	chr3	320001	640000	320000	1600000	true	WORKFLOWS/gatk/data/hg38_synthetic.fa	7116698	3072	2	pre_launch
gatk_synthetic_nextflow	gatk_synthetic_20samples_25scatters	HaplotypeCaller	GATK::HaplotypeCaller	HaplotypeCaller	sample_02.scatter_013	d69bb6818ac42018aad33264f820bc6417d6737ac5ea5eee25b2992105c3cf90	sample_02	15	10102	013	chr3	640001	960000	320000	1600000	true	WORKFLOWS/gatk/data/hg38_synthetic.fa	7116698	3072	2	pre_launch
gatk_synthetic_nextflow	gatk_synthetic_20samples_25scatters	HaplotypeCaller	GATK::HaplotypeCaller	HaplotypeCaller	sample_02.scatter_014	1480e4b9ff377c9b1c482b50adae936c482e5136bf92f19d417e4547f49e05e4	sample_02	15	10102	014	chr3	960001	1280000	320000	1600000	true	WORKFLOWS/gatk/data/hg38_synthetic.fa	7116698	3072	2	pre_launch
gatk_synthetic_nextflow	gatk_synthetic_20samples_25scatters	HaplotypeCaller	GATK::HaplotypeCaller	HaplotypeCaller	sample_02.scatter_015	b40600a068f33b0a99c50b62234d145dd8b362f953d76c23058adc5619a11762	sample_02	15	10102	015	chr3	1280001	1600000	320000	1600000	true	WORKFLOWS/gatk/data/hg38_synthetic.fa	7116698	3072	2	pre_launch
gatk_synthetic_nextflow	gatk_synthetic_20samples_25scatters	HaplotypeCaller	GATK::HaplotypeCaller	HaplotypeCaller	sample_02.scatter_016	9b59f93a45e003e34af9867a3dedb729fe35675931fc351ee1d7f339f1efb836	sample_02	15	10102	016	chrX	1	240000	240000	1200000	true	WORKFLOWS/gatk/data/hg38_synthetic.fa	7116698	3072	2	pre_launch
gatk_synthetic_nextflow	gatk_synthetic_20samples_25scatters	HaplotypeCaller	GATK::HaplotypeCaller	HaplotypeCaller	sample_02.scatter_017	ef4804a8833b4fa432e485d1ca717b254a17c8fa877d5e0d8605a6a81480cbb1	sample_02	15	10102	017	chrX	240001	480000	240000	1200000	true	WORKFLOWS/gatk/data/hg38_synthetic.fa	7116698	3072	2	pre_launch
gatk_synthetic_nextflow	gatk_synthetic_20samples_25scatters	HaplotypeCaller	GATK::HaplotypeCaller	HaplotypeCaller	sample_02.scatter_018	99c1d68d72d4e028e4a24d112c25b708b3a07c65ea0ae96cd46f3ac010f63970	sample_02	15	10102	018	chrX	480001	720000	240000	1200000	true	WORKFLOWS/gatk/data/hg38_synthetic.fa	7116698	3072	2	pre_launch
gatk_synthetic_nextflow	gatk_synthetic_20samples_25scatters	HaplotypeCaller	GATK::HaplotypeCaller	HaplotypeCaller	sample_02.scatter_019	add85b3a1f2415300a81083f27749bebc171fd2f1b4ed4cfd5945d129f48c11e	sample_02	15	10102	019	chrX	720001	960000	240000	1200000	true	WORKFLOWS/gatk/data/hg38_synthetic.fa	7116698	3072	2	pre_launch
gatk_synthetic_nextflow	gatk_synthetic_20samples_25scatters	HaplotypeCaller	GATK::HaplotypeCaller	HaplotypeCaller	sample_02.scatter_020	792e01136100832edc531ab3ca677b0a8d257c284ec1c7ee90fe30db30113755	sample_02	15	10102	020	chrX	960001	1200000	240000	1200000	true	WORKFLOWS/gatk/data/hg38_synthetic.fa	7116698	3072	2	pre_launch
gatk_synthetic_nextflow	gatk_synthetic_20samples_25scatters	HaplotypeCaller	GATK::HaplotypeCaller	HaplotypeCaller	sample_02.scatter_021	ae344bfebfa3224a63ef9a4c97c2a6f36d0b7204b862d47398c3073477853c3f	sample_02	15	10102	021	chrY	1	80000	80000	400000	true	WORKFLOWS/gatk/data/hg38_synthetic.fa	7116698	3072	2	pre_launch
gatk_synthetic_nextflow	gatk_synthetic_20samples_25scatters	HaplotypeCaller	GATK::HaplotypeCaller	HaplotypeCaller	sample_02.scatter_022	5c31d3d0a07a13a4c3ecb37773e3f2d7772077a3850094fa624cc7f6ddcaade1	sample_02	15	10102	022	chrY	80001	160000	80000	400000	true	WORKFLOWS/gatk/data/hg38_synthetic.fa	7116698	3072	2	pre_launch
gatk_synthetic_nextflow	gatk_synthetic_20samples_25scatters	HaplotypeCaller	GATK::HaplotypeCaller	HaplotypeCaller	sample_02.scatter_023	783a42f320d35dc8d7b71ce29dc28604766804d8f58b7e99181c96aeaad76f21	sample_02	15	10102	023	chrY	160001	240000	80000	400000	true	WORKFLOWS/gatk/data/hg38_synthetic.fa	7116698	3072	2	pre_launch
gatk_synthetic_nextflow	gatk_synthetic_20samples_25scatters	HaplotypeCaller	GATK::HaplotypeCaller	HaplotypeCaller	sample_02.scatter_024	3239cdcc1630b229d3d121793b3c9f301bcf0b2e6441ff014dcbfbc7ae47ed1a	sample_02	15	10102	024	chrY	240001	320000	80000	400000	true	WORKFLOWS/gatk/data/hg38_synthetic.fa	7116698	3072	2	pre_launch
gatk_synthetic_nextflow	gatk_synthetic_20samples_25scatters	HaplotypeCaller	GATK::HaplotypeCaller	HaplotypeCaller	sample_02.scatter_025	a8ff118ae1b12fb8c14becb18f0a3e2e1241a32462294147ae4f73544d699b23	sample_02	15	10102	025	chrY	320001	400000	80000	400000	true	WORKFLOWS/gatk/data/hg38_synthetic.fa	7116698	3072	2	pre_launch
gatk_synthetic_nextflow	gatk_synthetic_20samples_25scatters	HaplotypeCaller	GATK::HaplotypeCaller	HaplotypeCaller	sample_03.scatter_001	050e3494941b77a244e48decf6f3afc1dd6aa58990eb4e67a41e39b0f0953952	sample_03	20	10103	001	chr1	1	400000	400000	2000000	true	WORKFLOWS/gatk/data/hg38_synthetic.fa	7116698	3072	2	pre_launch
gatk_synthetic_nextflow	gatk_synthetic_20samples_25scatters	HaplotypeCaller	GATK::HaplotypeCaller	HaplotypeCaller	sample_03.scatter_002	f5dd92428cae093bdc68eeb140e25d120079200c382552cee796295963c4a405	sample_03	20	10103	002	chr1	400001	800000	400000	2000000	true	WORKFLOWS/gatk/data/hg38_synthetic.fa	7116698	3072	2	pre_launch
gatk_synthetic_nextflow	gatk_synthetic_20samples_25scatters	HaplotypeCaller	GATK::HaplotypeCaller	HaplotypeCaller	sample_03.scatter_003	1806e66e3814d31052feeb0a6280f9c8c0125d3d4f3fd41c414fe48090806d47	sample_03	20	10103	003	chr1	800001	1200000	400000	2000000	true	WORKFLOWS/gatk/data/hg38_synthetic.fa	7116698	3072	2	pre_launch
gatk_synthetic_nextflow	gatk_synthetic_20samples_25scatters	HaplotypeCaller	GATK::HaplotypeCaller	HaplotypeCaller	sample_03.scatter_004	bc05e85b85ef11938b7d851d355b2bf9186315f003295de250f123a3c39b1e37	sample_03	20	10103	004	chr1	1200001	1600000	400000	2000000	true	WORKFLOWS/gatk/data/hg38_synthetic.fa	7116698	3072	2	pre_launch
gatk_synthetic_nextflow	gatk_synthetic_20samples_25scatters	HaplotypeCaller	GATK::HaplotypeCaller	HaplotypeCaller	sample_03.scatter_005	b4f6cf3689b7058e65b284fc7b18c8adb2dc82c4ec0ab64ccd804311d222cf1a	sample_03	20	10103	005	chr1	1600001	2000000	400000	2000000	true	WORKFLOWS/gatk/data/hg38_synthetic.fa	7116698	3072	2	pre_launch
gatk_synthetic_nextflow	gatk_synthetic_20samples_25scatters	HaplotypeCaller	GATK::HaplotypeCaller	HaplotypeCaller	sample_03.scatter_006	e22dac80f15703aa2bbb7ff0e0b3db10414e699e3280bbdf611bdd04b146639b	sample_03	20	10103	006	chr2	1	360000	360000	1800000	true	WORKFLOWS/gatk/data/hg38_synthetic.fa	7116698	3072	2	pre_launch
gatk_synthetic_nextflow	gatk_synthetic_20samples_25scatters	HaplotypeCaller	GATK::HaplotypeCaller	HaplotypeCaller	sample_03.scatter_007	dabe246d4c97c71f71b5b796fc4efa689fb66b0ffd77a133cd851bc1d95dc415	sample_03	20	10103	007	chr2	360001	720000	360000	1800000	true	WORKFLOWS/gatk/data/hg38_synthetic.fa	7116698	3072	2	pre_launch
gatk_synthetic_nextflow	gatk_synthetic_20samples_25scatters	HaplotypeCaller	GATK::HaplotypeCaller	HaplotypeCaller	sample_03.scatter_008	3148bb4022e9f88373a8ba74f773edd15218b517c930385cb537b130f5b793a6	sample_03	20	10103	008	chr2	720001	1080000	360000	1800000	true	WORKFLOWS/gatk/data/hg38_synthetic.fa	7116698	3072	2	pre_launch
gatk_synthetic_nextflow	gatk_synthetic_20samples_25scatters	HaplotypeCaller	GATK::HaplotypeCaller	HaplotypeCaller	sample_03.scatter_009	1b1f6a28835e251722220d0b7c0409eec40dcbcf582f25f2bdbdef036f861e6b	sample_03	20	10103	009	chr2	1080001	1440000	360000	1800000	true	WORKFLOWS/gatk/data/hg38_synthetic.fa	7116698	3072	2	pre_launch
gatk_synthetic_nextflow	gatk_synthetic_20samples_25scatters	HaplotypeCaller	GATK::HaplotypeCaller	HaplotypeCaller	sample_03.scatter_010	e74245fb6c9183329fe993704fee14e947f0528f4ea171d754b5ee83a93b3843	sample_03	20	10103	010	chr2	1440001	1800000	360000	1800000	true	WORKFLOWS/gatk/data/hg38_synthetic.fa	7116698	3072	2	pre_launch
gatk_synthetic_nextflow	gatk_synthetic_20samples_25scatters	HaplotypeCaller	GATK::HaplotypeCaller	HaplotypeCaller	sample_03.scatter_011	6fc1161e2301cd2dc8831255c0711a01fa1d2372e76d4e08cf8ba848b2ef4d4a	sample_03	20	10103	011	chr3	1	320000	320000	1600000	true	WORKFLOWS/gatk/data/hg38_synthetic.fa	7116698	3072	2	pre_launch
gatk_synthetic_nextflow	gatk_synthetic_20samples_25scatters	HaplotypeCaller	GATK::HaplotypeCaller	HaplotypeCaller	sample_03.scatter_012	8051872f008fe0cc69df370487ad494b240206d1980f44ca6fb0726a6209b066	sample_03	20	10103	012	chr3	320001	640000	320000	1600000	true	WORKFLOWS/gatk/data/hg38_synthetic.fa	7116698	3072	2	pre_launch
gatk_synthetic_nextflow	gatk_synthetic_20samples_25scatters	HaplotypeCaller	GATK::HaplotypeCaller	HaplotypeCaller	sample_03.scatter_013	154efee9b74b3f81d781e730431c1db9d2e1ff207e7454a0e8ca17b11b8802ac	sample_03	20	10103	013	chr3	640001	960000	320000	1600000	true	WORKFLOWS/gatk/data/hg38_synthetic.fa	7116698	3072	2	pre_launch
gatk_synthetic_nextflow	gatk_synthetic_20samples_25scatters	HaplotypeCaller	GATK::HaplotypeCaller	HaplotypeCaller	sample_03.scatter_014	e67d98087e7b719f4c6edd59cdc450a6952eb97714446e705a34f519a14b585e	sample_03	20	10103	014	chr3	960001	1280000	320000	1600000	true	WORKFLOWS/gatk/data/hg38_synthetic.fa	7116698	3072	2	pre_launch
gatk_synthetic_nextflow	gatk_synthetic_20samples_25scatters	HaplotypeCaller	GATK::HaplotypeCaller	HaplotypeCaller	sample_03.scatter_015	975436a6888ba1c081621c3fb4ff4cb6d9902e0be0bdc45866adbcdc12084f96	sample_03	20	10103	015	chr3	1280001	1600000	320000	1600000	true	WORKFLOWS/gatk/data/hg38_synthetic.fa	7116698	3072	2	pre_launch
gatk_synthetic_nextflow	gatk_synthetic_20samples_25scatters	HaplotypeCaller	GATK::HaplotypeCaller	HaplotypeCaller	sample_03.scatter_016	4175c40fa9ea7cee27e80f1ff2771b2a852ae2dd3e16cb38b0ca62a7118eabbc	sample_03	20	10103	016	chrX	1	240000	240000	1200000	true	WORKFLOWS/gatk/data/hg38_synthetic.fa	7116698	3072	2	pre_launch
gatk_synthetic_nextflow	gatk_synthetic_20samples_25scatters	HaplotypeCaller	GATK::HaplotypeCaller	HaplotypeCaller	sample_03.scatter_017	279fb7fbbb37771c07a1260c613c2336e10d95a9010459464ffab6bf8ad62b47	sample_03	20	10103	017	chrX	240001	480000	240000	1200000	true	WORKFLOWS/gatk/data/hg38_synthetic.fa	7116698	3072	2	pre_launch
gatk_synthetic_nextflow	gatk_synthetic_20samples_25scatters	HaplotypeCaller	GATK::HaplotypeCaller	HaplotypeCaller	sample_03.scatter_018	6a9786bd33b6171ea8b869ee70f685862d0ed7ed21a9183760ef9da93f4475a5	sample_03	20	10103	018	chrX	480001	720000	240000	1200000	true	WORKFLOWS/gatk/data/hg38_synthetic.fa	7116698	3072	2	pre_launch
gatk_synthetic_nextflow	gatk_synthetic_20samples_25scatters	HaplotypeCaller	GATK::HaplotypeCaller	HaplotypeCaller	sample_03.scatter_019	2b2c5cc9bf93db7c081a3eba6d7349741dd0bac68a943386b6b9adde2349d668	sample_03	20	10103	019	chrX	720001	960000	240000	1200000	true	WORKFLOWS/gatk/data/hg38_synthetic.fa	7116698	3072	2	pre_launch
gatk_synthetic_nextflow	gatk_synthetic_20samples_25scatters	HaplotypeCaller	GATK::HaplotypeCaller	HaplotypeCaller	sample_03.scatter_020	788f781e133515c440809ed856dec3c98a1b7721491567cc7c93e8cd9e52a5f3	sample_03	20	10103	020	chrX	960001	1200000	240000	1200000	true	WORKFLOWS/gatk/data/hg38_synthetic.fa	7116698	3072	2	pre_launch
gatk_synthetic_nextflow	gatk_synthetic_20samples_25scatters	HaplotypeCaller	GATK::HaplotypeCaller	HaplotypeCaller	sample_03.scatter_021	25d4883f782fda39073fc7e5c123c733512c642893ceaadd004994a11771cadb	sample_03	20	10103	021	chrY	1	80000	80000	400000	true	WORKFLOWS/gatk/data/hg38_synthetic.fa	7116698	3072	2	pre_launch
gatk_synthetic_nextflow	gatk_synthetic_20samples_25scatters	HaplotypeCaller	GATK::HaplotypeCaller	HaplotypeCaller	sample_03.scatter_022	269f4abf7714183dee17320352c38151591cdfea7b4654fcb26941c9c2870051	sample_03	20	10103	022	chrY	80001	160000	80000	400000	true	WORKFLOWS/gatk/data/hg38_synthetic.fa	7116698	3072	2	pre_launch
gatk_synthetic_nextflow	gatk_synthetic_20samples_25scatters	HaplotypeCaller	GATK::HaplotypeCaller	HaplotypeCaller	sample_03.scatter_023	0697826b099d9038ce62e8cc51363daaf47a72b1ff3d29f47a0f0f7b2495d2bc	sample_03	20	10103	023	chrY	160001	240000	80000	400000	true	WORKFLOWS/gatk/data/hg38_synthetic.fa	7116698	3072	2	pre_launch
gatk_synthetic_nextflow	gatk_synthetic_20samples_25scatters	HaplotypeCaller	GATK::HaplotypeCaller	HaplotypeCaller	sample_03.scatter_024	4e75298641c72e546e716a8f3575850a873dc5f19d18d94e3e87d73afe577025	sample_03	20	10103	024	chrY	240001	320000	80000	400000	true	WORKFLOWS/gatk/data/hg38_synthetic.fa	7116698	3072	2	pre_launch
gatk_synthetic_nextflow	gatk_synthetic_20samples_25scatters	HaplotypeCaller	GATK::HaplotypeCaller	HaplotypeCaller	sample_03.scatter_025	4e2d2abe7ddf2baf35fa9056acc86466fbffc97493f154fbbfe5583d56faa804	sample_03	20	10103	025	chrY	320001	400000	80000	400000	true	WORKFLOWS/gatk/data/hg38_synthetic.fa	7116698	3072	2	pre_launch
gatk_synthetic_nextflow	gatk_synthetic_20samples_25scatters	HaplotypeCaller	GATK::HaplotypeCaller	HaplotypeCaller	sample_04.scatter_001	98cd0fa96d0f48d51b8b76e72dea92b386e4071c76737cef02380ae60457c981	sample_04	25	10104	001	chr1	1	400000	400000	2000000	true	WORKFLOWS/gatk/data/hg38_synthetic.fa	7116698	3072	2	pre_launch
gatk_synthetic_nextflow	gatk_synthetic_20samples_25scatters	HaplotypeCaller	GATK::HaplotypeCaller	HaplotypeCaller	sample_04.scatter_002	1e1f05246271034cf246472d37a0aa31ee4527165aefc85868afe8f60b5561da	sample_04	25	10104	002	chr1	400001	800000	400000	2000000	true	WORKFLOWS/gatk/data/hg38_synthetic.fa	7116698	3072	2	pre_launch
gatk_synthetic_nextflow	gatk_synthetic_20samples_25scatters	HaplotypeCaller	GATK::HaplotypeCaller	HaplotypeCaller	sample_04.scatter_003	8be2dea95b9d264ce08efac8c279466e847256d87e7fc1913ed7a7fb1c1feceb	sample_04	25	10104	003	chr1	800001	1200000	400000	2000000	true	WORKFLOWS/gatk/data/hg38_synthetic.fa	7116698	3072	2	pre_launch
gatk_synthetic_nextflow	gatk_synthetic_20samples_25scatters	HaplotypeCaller	GATK::HaplotypeCaller	HaplotypeCaller	sample_04.scatter_004	dd6cd215842fd77b6a3d4a657936a243157fb7b62eaf2ef06cb95029bb1ddf27	sample_04	25	10104	004	chr1	1200001	1600000	400000	2000000	true	WORKFLOWS/gatk/data/hg38_synthetic.fa	7116698	3072	2	pre_launch
gatk_synthetic_nextflow	gatk_synthetic_20samples_25scatters	HaplotypeCaller	GATK::HaplotypeCaller	HaplotypeCaller	sample_04.scatter_005	f435d43f885b21f221b333106946b1ce40fe73c8997dd6a1cb3619170f7192aa	sample_04	25	10104	005	chr1	1600001	2000000	400000	2000000	true	WORKFLOWS/gatk/data/hg38_synthetic.fa	7116698	3072	2	pre_launch
gatk_synthetic_nextflow	gatk_synthetic_20samples_25scatters	HaplotypeCaller	GATK::HaplotypeCaller	HaplotypeCaller	sample_04.scatter_006	ff871388d89e01b411a15223bef9c1d99d6b26f9be0443e79ad827120f8d3c3d	sample_04	25	10104	006	chr2	1	360000	360000	1800000	true	WORKFLOWS/gatk/data/hg38_synthetic.fa	7116698	3072	2	pre_launch
gatk_synthetic_nextflow	gatk_synthetic_20samples_25scatters	HaplotypeCaller	GATK::HaplotypeCaller	HaplotypeCaller	sample_04.scatter_007	1f9032cda123e8582730f0c23a8f4250d3754a01983ff02086be8dbc320a1028	sample_04	25	10104	007	chr2	360001	720000	360000	1800000	true	WORKFLOWS/gatk/data/hg38_synthetic.fa	7116698	3072	2	pre_launch
gatk_synthetic_nextflow	gatk_synthetic_20samples_25scatters	HaplotypeCaller	GATK::HaplotypeCaller	HaplotypeCaller	sample_04.scatter_008	7eca198107da6046954bbdb94e61f44516fe3604d75376b1972ba3bec519c537	sample_04	25	10104	008	chr2	720001	1080000	360000	1800000	true	WORKFLOWS/gatk/data/hg38_synthetic.fa	7116698	3072	2	pre_launch
gatk_synthetic_nextflow	gatk_synthetic_20samples_25scatters	HaplotypeCaller	GATK::HaplotypeCaller	HaplotypeCaller	sample_04.scatter_009	2784c15ef571ac305ab175ebe023ff5fa0604d445d634790c0823eaaff282c6e	sample_04	25	10104	009	chr2	1080001	1440000	360000	1800000	true	WORKFLOWS/gatk/data/hg38_synthetic.fa	7116698	3072	2	pre_launch
gatk_synthetic_nextflow	gatk_synthetic_20samples_25scatters	HaplotypeCaller	GATK::HaplotypeCaller	HaplotypeCaller	sample_04.scatter_010	d2ae80a84792d94f08ec35adef8cbc75a37080571189dfa22b2af7f9487c509b	sample_04	25	10104	010	chr2	1440001	1800000	360000	1800000	true	WORKFLOWS/gatk/data/hg38_synthetic.fa	7116698	3072	2	pre_launch
gatk_synthetic_nextflow	gatk_synthetic_20samples_25scatters	HaplotypeCaller	GATK::HaplotypeCaller	HaplotypeCaller	sample_04.scatter_011	988efbfc8a14822db306e859c737583836c70162e80d886718d4b7f3d064bd5c	sample_04	25	10104	011	chr3	1	320000	320000	1600000	true	WORKFLOWS/gatk/data/hg38_synthetic.fa	7116698	3072	2	pre_launch
gatk_synthetic_nextflow	gatk_synthetic_20samples_25scatters	HaplotypeCaller	GATK::HaplotypeCaller	HaplotypeCaller	sample_04.scatter_012	ef2d9d140423e3914bbf5a323c8647e6f8af6fb6b21ddbe84c66b249fc62a4e5	sample_04	25	10104	012	chr3	320001	640000	320000	1600000	true	WORKFLOWS/gatk/data/hg38_synthetic.fa	7116698	3072	2	pre_launch
gatk_synthetic_nextflow	gatk_synthetic_20samples_25scatters	HaplotypeCaller	GATK::HaplotypeCaller	HaplotypeCaller	sample_04.scatter_013	4a31e37f26ea8382bc69526c982da7404d092980b15d5f053e4d0ed51ad58021	sample_04	25	10104	013	chr3	640001	960000	320000	1600000	true	WORKFLOWS/gatk/data/hg38_synthetic.fa	7116698	3072	2	pre_launch
gatk_synthetic_nextflow	gatk_synthetic_20samples_25scatters	HaplotypeCaller	GATK::HaplotypeCaller	HaplotypeCaller	sample_04.scatter_014	73a558af576625ce2645c0a48295f6849db9920e2ec39588861ee76e23aef149	sample_04	25	10104	014	chr3	960001	1280000	320000	1600000	true	WORKFLOWS/gatk/data/hg38_synthetic.fa	7116698	3072	2	pre_launch
gatk_synthetic_nextflow	gatk_synthetic_20samples_25scatters	HaplotypeCaller	GATK::HaplotypeCaller	HaplotypeCaller	sample_04.scatter_015	20696a855ef49383b031fe5ba138b589edeb1d92b23f31f56b9d89719a3a98a6	sample_04	25	10104	015	chr3	1280001	1600000	320000	1600000	true	WORKFLOWS/gatk/data/hg38_synthetic.fa	7116698	3072	2	pre_launch
gatk_synthetic_nextflow	gatk_synthetic_20samples_25scatters	HaplotypeCaller	GATK::HaplotypeCaller	HaplotypeCaller	sample_04.scatter_016	07edc9664fcb5354c52c1eac43fbec069ff5351815d56d024337a0f1260e261f	sample_04	25	10104	016	chrX	1	240000	240000	1200000	true	WORKFLOWS/gatk/data/hg38_synthetic.fa	7116698	3072	2	pre_launch
gatk_synthetic_nextflow	gatk_synthetic_20samples_25scatters	HaplotypeCaller	GATK::HaplotypeCaller	HaplotypeCaller	sample_04.scatter_017	05386fe2b4a9820467ac1dfa8ed95f4f67537de01c2b4a765e1ebe8f29919eef	sample_04	25	10104	017	chrX	240001	480000	240000	1200000	true	WORKFLOWS/gatk/data/hg38_synthetic.fa	7116698	3072	2	pre_launch
gatk_synthetic_nextflow	gatk_synthetic_20samples_25scatters	HaplotypeCaller	GATK::HaplotypeCaller	HaplotypeCaller	sample_04.scatter_018	688e05be592f5081cef195aa80ececd9d4d73c98121e7061ac9abd79b2d15608	sample_04	25	10104	018	chrX	480001	720000	240000	1200000	true	WORKFLOWS/gatk/data/hg38_synthetic.fa	7116698	3072	2	pre_launch
gatk_synthetic_nextflow	gatk_synthetic_20samples_25scatters	HaplotypeCaller	GATK::HaplotypeCaller	HaplotypeCaller	sample_04.scatter_019	4206549e754092a0f8c858de43f710b8fcc13cc70709b5837ef4d8c5ce01cbec	sample_04	25	10104	019	chrX	720001	960000	240000	1200000	true	WORKFLOWS/gatk/data/hg38_synthetic.fa	7116698	3072	2	pre_launch
gatk_synthetic_nextflow	gatk_synthetic_20samples_25scatters	HaplotypeCaller	GATK::HaplotypeCaller	HaplotypeCaller	sample_04.scatter_020	b7aad8ded0a1c54e23280febd7c1f36544e32fd9cf3ac43a0986cf69c7fd02a9	sample_04	25	10104	020	chrX	960001	1200000	240000	1200000	true	WORKFLOWS/gatk/data/hg38_synthetic.fa	7116698	3072	2	pre_launch
gatk_synthetic_nextflow	gatk_synthetic_20samples_25scatters	HaplotypeCaller	GATK::HaplotypeCaller	HaplotypeCaller	sample_04.scatter_021	b4f8a34bd2ebe07eebecc798af7bd3297cf54b8d9c24bc254d290f48011c19cf	sample_04	25	10104	021	chrY	1	80000	80000	400000	true	WORKFLOWS/gatk/data/hg38_synthetic.fa	7116698	3072	2	pre_launch
gatk_synthetic_nextflow	gatk_synthetic_20samples_25scatters	HaplotypeCaller	GATK::HaplotypeCaller	HaplotypeCaller	sample_04.scatter_022	bac063e607fffac8b7ec2ca42a53660125e25ca6092d1f3b9712ba966b9192b5	sample_04	25	10104	022	chrY	80001	160000	80000	400000	true	WORKFLOWS/gatk/data/hg38_synthetic.fa	7116698	3072	2	pre_launch
gatk_synthetic_nextflow	gatk_synthetic_20samples_25scatters	HaplotypeCaller	GATK::HaplotypeCaller	HaplotypeCaller	sample_04.scatter_023	d9b08cbbb1d1f8a20c95aa2e356856044ec3ba5c1976f3ceff296db939934a48	sample_04	25	10104	023	chrY	160001	240000	80000	400000	true	WORKFLOWS/gatk/data/hg38_synthetic.fa	7116698	3072	2	pre_launch
gatk_synthetic_nextflow	gatk_synthetic_20samples_25scatters	HaplotypeCaller	GATK::HaplotypeCaller	HaplotypeCaller	sample_04.scatter_024	4d9c9b38fa7be2be939b502de32dc1aca1186e3095980e9228a4e23f0cf4f7d5	sample_04	25	10104	024	chrY	240001	320000	80000	400000	true	WORKFLOWS/gatk/data/hg38_synthetic.fa	7116698	3072	2	pre_launch
gatk_synthetic_nextflow	gatk_synthetic_20samples_25scatters	HaplotypeCaller	GATK::HaplotypeCaller	HaplotypeCaller	sample_04.scatter_025	b3f069c303170e113f8b9f5cbbf7bc930d8b4a43598039b35788f9319a633cef	sample_04	25	10104	025	chrY	320001	400000	80000	400000	true	WORKFLOWS/gatk/data/hg38_synthetic.fa	7116698	3072	2	pre_launch
gatk_synthetic_nextflow	gatk_synthetic_20samples_25scatters	HaplotypeCaller	GATK::HaplotypeCaller	HaplotypeCaller	sample_05.scatter_001	e20f091048557024ebb4683bc5567de688e5be318a60b36a9549514fbbaf9591	sample_05	30	10105	001	chr1	1	400000	400000	2000000	true	WORKFLOWS/gatk/data/hg38_synthetic.fa	7116698	3072	2	pre_launch
gatk_synthetic_nextflow	gatk_synthetic_20samples_25scatters	HaplotypeCaller	GATK::HaplotypeCaller	HaplotypeCaller	sample_05.scatter_002	d1c11be0ae082f0d6186ccd85dbdc093a70d6eaaff7e6964f835e24a37c65552	sample_05	30	10105	002	chr1	400001	800000	400000	2000000	true	WORKFLOWS/gatk/data/hg38_synthetic.fa	7116698	3072	2	pre_launch
gatk_synthetic_nextflow	gatk_synthetic_20samples_25scatters	HaplotypeCaller	GATK::HaplotypeCaller	HaplotypeCaller	sample_05.scatter_003	7665f168844468e14113c3a3b0cee8d41fd74e88ff9a6295daae1ae8a422cffb	sample_05	30	10105	003	chr1	800001	1200000	400000	2000000	true	WORKFLOWS/gatk/data/hg38_synthetic.fa	7116698	3072	2	pre_launch
gatk_synthetic_nextflow	gatk_synthetic_20samples_25scatters	HaplotypeCaller	GATK::HaplotypeCaller	HaplotypeCaller	sample_05.scatter_004	4a51a0f4afd8af5b2a9288476bfddabf36b6d5162f76f65f20881b5dbcdb034d	sample_05	30	10105	004	chr1	1200001	1600000	400000	2000000	true	WORKFLOWS/gatk/data/hg38_synthetic.fa	7116698	3072	2	pre_launch
gatk_synthetic_nextflow	gatk_synthetic_20samples_25scatters	HaplotypeCaller	GATK::HaplotypeCaller	HaplotypeCaller	sample_05.scatter_005	703d3038a615ef3a5e061f68feff421436b3dd15fc401f86a2724e3a1d6e936d	sample_05	30	10105	005	chr1	1600001	2000000	400000	2000000	true	WORKFLOWS/gatk/data/hg38_synthetic.fa	7116698	3072	2	pre_launch
gatk_synthetic_nextflow	gatk_synthetic_20samples_25scatters	HaplotypeCaller	GATK::HaplotypeCaller	HaplotypeCaller	sample_05.scatter_006	4df2301d214b62a7b43a0b57c67a12ffbf53d0941916426bee8d6ef4ea83ec8e	sample_05	30	10105	006	chr2	1	360000	360000	1800000	true	WORKFLOWS/gatk/data/hg38_synthetic.fa	7116698	3072	2	pre_launch
gatk_synthetic_nextflow	gatk_synthetic_20samples_25scatters	HaplotypeCaller	GATK::HaplotypeCaller	HaplotypeCaller	sample_05.scatter_007	0de24ec0a954e48cf6a57c162536ef9173b5977387cf7dc3a77231afeb844a50	sample_05	30	10105	007	chr2	360001	720000	360000	1800000	true	WORKFLOWS/gatk/data/hg38_synthetic.fa	7116698	3072	2	pre_launch
gatk_synthetic_nextflow	gatk_synthetic_20samples_25scatters	HaplotypeCaller	GATK::HaplotypeCaller	HaplotypeCaller	sample_05.scatter_008	1bbb81973891d72c788abb616adbeabaedf80985e671b8c5a721bc5fba4e03e2	sample_05	30	10105	008	chr2	720001	1080000	360000	1800000	true	WORKFLOWS/gatk/data/hg38_synthetic.fa	7116698	3072	2	pre_launch
gatk_synthetic_nextflow	gatk_synthetic_20samples_25scatters	HaplotypeCaller	GATK::HaplotypeCaller	HaplotypeCaller	sample_05.scatter_009	9ebc5caf7029a9b5717d97d7f54488bb905394086cc8b013e9ad089e6de1dff8	sample_05	30	10105	009	chr2	1080001	1440000	360000	1800000	true	WORKFLOWS/gatk/data/hg38_synthetic.fa	7116698	3072	2	pre_launch
gatk_synthetic_nextflow	gatk_synthetic_20samples_25scatters	HaplotypeCaller	GATK::HaplotypeCaller	HaplotypeCaller	sample_05.scatter_010	0ea216c22e46958d71468b315739a67a80a3eecbd70b3366e8d49eb68d632f1c	sample_05	30	10105	010	chr2	1440001	1800000	360000	1800000	true	WORKFLOWS/gatk/data/hg38_synthetic.fa	7116698	3072	2	pre_launch
gatk_synthetic_nextflow	gatk_synthetic_20samples_25scatters	HaplotypeCaller	GATK::HaplotypeCaller	HaplotypeCaller	sample_05.scatter_011	4abe637365e3f74b41f148d5e3c7f238fd7620e691c96ebdca40a853875e545d	sample_05	30	10105	011	chr3	1	320000	320000	1600000	true	WORKFLOWS/gatk/data/hg38_synthetic.fa	7116698	3072	2	pre_launch
gatk_synthetic_nextflow	gatk_synthetic_20samples_25scatters	HaplotypeCaller	GATK::HaplotypeCaller	HaplotypeCaller	sample_05.scatter_012	4c1767b6d1dd4b9a418897f96ac4d44e0981d2db03ed27f8006523cea92463fc	sample_05	30	10105	012	chr3	320001	640000	320000	1600000	true	WORKFLOWS/gatk/data/hg38_synthetic.fa	7116698	3072	2	pre_launch
gatk_synthetic_nextflow	gatk_synthetic_20samples_25scatters	HaplotypeCaller	GATK::HaplotypeCaller	HaplotypeCaller	sample_05.scatter_013	bf35c979b8915ed1bf3c81ab8cde674b05ec3e5394206ea1dbe9495fd227fc7b	sample_05	30	10105	013	chr3	640001	960000	320000	1600000	true	WORKFLOWS/gatk/data/hg38_synthetic.fa	7116698	3072	2	pre_launch
gatk_synthetic_nextflow	gatk_synthetic_20samples_25scatters	HaplotypeCaller	GATK::HaplotypeCaller	HaplotypeCaller	sample_05.scatter_014	e5b1ef3f69f13b7b12a30eb4d4e1823af597166897720797c286c36abf049d58	sample_05	30	10105	014	chr3	960001	1280000	320000	1600000	true	WORKFLOWS/gatk/data/hg38_synthetic.fa	7116698	3072	2	pre_launch
gatk_synthetic_nextflow	gatk_synthetic_20samples_25scatters	HaplotypeCaller	GATK::HaplotypeCaller	HaplotypeCaller	sample_05.scatter_015	6f54fecdea2bc49ceb04d484ab026982175a53895e0c8d4c7581a49cc2fa150a	sample_05	30	10105	015	chr3	1280001	1600000	320000	1600000	true	WORKFLOWS/gatk/data/hg38_synthetic.fa	7116698	3072	2	pre_launch
gatk_synthetic_nextflow	gatk_synthetic_20samples_25scatters	HaplotypeCaller	GATK::HaplotypeCaller	HaplotypeCaller	sample_05.scatter_016	e56e35f903b579bc787ebf4438439bd3019717ee8a6647373d28c3f6c7eb5cd8	sample_05	30	10105	016	chrX	1	240000	240000	1200000	true	WORKFLOWS/gatk/data/hg38_synthetic.fa	7116698	3072	2	pre_launch
gatk_synthetic_nextflow	gatk_synthetic_20samples_25scatters	HaplotypeCaller	GATK::HaplotypeCaller	HaplotypeCaller	sample_05.scatter_017	8cf34b6e83671ed67c2f3e450bec576362506c4474ed66f5541b1bdab1257c24	sample_05	30	10105	017	chrX	240001	480000	240000	1200000	true	WORKFLOWS/gatk/data/hg38_synthetic.fa	7116698	3072	2	pre_launch
gatk_synthetic_nextflow	gatk_synthetic_20samples_25scatters	HaplotypeCaller	GATK::HaplotypeCaller	HaplotypeCaller	sample_05.scatter_018	88396454d9c9d3f078c3fc6ab8d8ae8764ce97de02b315a975274e245dbff8d5	sample_05	30	10105	018	chrX	480001	720000	240000	1200000	true	WORKFLOWS/gatk/data/hg38_synthetic.fa	7116698	3072	2	pre_launch
gatk_synthetic_nextflow	gatk_synthetic_20samples_25scatters	HaplotypeCaller	GATK::HaplotypeCaller	HaplotypeCaller	sample_05.scatter_019	0bafb44e8a2e8a6e1919446db0146db748aa79740812110afcbdcf04d22b300d	sample_05	30	10105	019	chrX	720001	960000	240000	1200000	true	WORKFLOWS/gatk/data/hg38_synthetic.fa	7116698	3072	2	pre_launch
gatk_synthetic_nextflow	gatk_synthetic_20samples_25scatters	HaplotypeCaller	GATK::HaplotypeCaller	HaplotypeCaller	sample_05.scatter_020	4b42ba8c861c028d549b809ca02a80b91d3e4851d76603a83dfd82fa9d5e1bb3	sample_05	30	10105	020	chrX	960001	1200000	240000	1200000	true	WORKFLOWS/gatk/data/hg38_synthetic.fa	7116698	3072	2	pre_launch
gatk_synthetic_nextflow	gatk_synthetic_20samples_25scatters	HaplotypeCaller	GATK::HaplotypeCaller	HaplotypeCaller	sample_05.scatter_021	7a7e0234d5ad405a6c875e98625e6fcd3b9757444ecea8fcf33123ece810a1ab	sample_05	30	10105	021	chrY	1	80000	80000	400000	true	WORKFLOWS/gatk/data/hg38_synthetic.fa	7116698	3072	2	pre_launch
gatk_synthetic_nextflow	gatk_synthetic_20samples_25scatters	HaplotypeCaller	GATK::HaplotypeCaller	HaplotypeCaller	sample_05.scatter_022	4a774602ab72a714fdff4c81c87a3d1d6ec4c17c788466318d779c3a78235254	sample_05	30	10105	022	chrY	80001	160000	80000	400000	true	WORKFLOWS/gatk/data/hg38_synthetic.fa	7116698	3072	2	pre_launch
gatk_synthetic_nextflow	gatk_synthetic_20samples_25scatters	HaplotypeCaller	GATK::HaplotypeCaller	HaplotypeCaller	sample_05.scatter_023	e57d21694a963723be69092ead658062b94c6ecaef1e941491a65c430d162fbc	sample_05	30	10105	023	chrY	160001	240000	80000	400000	true	WORKFLOWS/gatk/data/hg38_synthetic.fa	7116698	3072	2	pre_launch
gatk_synthetic_nextflow	gatk_synthetic_20samples_25scatters	HaplotypeCaller	GATK::HaplotypeCaller	HaplotypeCaller	sample_05.scatter_024	98b94e41928437c96039e5d87469a062c470983d8420bd37ee4356939840046b	sample_05	30	10105	024	chrY	240001	320000	80000	400000	true	WORKFLOWS/gatk/data/hg38_synthetic.fa	7116698	3072	2	pre_launch
gatk_synthetic_nextflow	gatk_synthetic_20samples_25scatters	HaplotypeCaller	GATK::HaplotypeCaller	HaplotypeCaller	sample_05.scatter_025	e2221800d4c85a23124519581f4eee6be057fcc53bd2d96f117fd90a25e035ff	sample_05	30	10105	025	chrY	320001	400000	80000	400000	true	WORKFLOWS/gatk/data/hg38_synthetic.fa	7116698	3072	2	pre_launch
gatk_synthetic_nextflow	gatk_synthetic_20samples_25scatters	HaplotypeCaller	GATK::HaplotypeCaller	HaplotypeCaller	sample_06.scatter_001	7207154f1af3e12e07e2a92e1504d412e01a0541d55cafdf7f807486263032a0	sample_06	35	10106	001	chr1	1	400000	400000	2000000	true	WORKFLOWS/gatk/data/hg38_synthetic.fa	7116698	3072	2	pre_launch
gatk_synthetic_nextflow	gatk_synthetic_20samples_25scatters	HaplotypeCaller	GATK::HaplotypeCaller	HaplotypeCaller	sample_06.scatter_002	6247519d8f43e2d854a22ac37cd4ccfcb959d5ece0df1d7df4456d2ddad2daa2	sample_06	35	10106	002	chr1	400001	800000	400000	2000000	true	WORKFLOWS/gatk/data/hg38_synthetic.fa	7116698	3072	2	pre_launch
gatk_synthetic_nextflow	gatk_synthetic_20samples_25scatters	HaplotypeCaller	GATK::HaplotypeCaller	HaplotypeCaller	sample_06.scatter_003	c0e8af831cd4c552686e4ed3f08928e544fe85788be1941ffde410c577be147f	sample_06	35	10106	003	chr1	800001	1200000	400000	2000000	true	WORKFLOWS/gatk/data/hg38_synthetic.fa	7116698	3072	2	pre_launch
gatk_synthetic_nextflow	gatk_synthetic_20samples_25scatters	HaplotypeCaller	GATK::HaplotypeCaller	HaplotypeCaller	sample_06.scatter_004	ab1b3deab53198e2f8faed6272cf30758d7a3f30624f667358f38f4c079d0d53	sample_06	35	10106	004	chr1	1200001	1600000	400000	2000000	true	WORKFLOWS/gatk/data/hg38_synthetic.fa	7116698	3072	2	pre_launch
gatk_synthetic_nextflow	gatk_synthetic_20samples_25scatters	HaplotypeCaller	GATK::HaplotypeCaller	HaplotypeCaller	sample_06.scatter_005	504ff4147f0745cc5aa2b51a03b08497062e7ace973dfda12eb4759227338304	sample_06	35	10106	005	chr1	1600001	2000000	400000	2000000	true	WORKFLOWS/gatk/data/hg38_synthetic.fa	7116698	3072	2	pre_launch
gatk_synthetic_nextflow	gatk_synthetic_20samples_25scatters	HaplotypeCaller	GATK::HaplotypeCaller	HaplotypeCaller	sample_06.scatter_006	5c31ec0f83311e97b231f367e4c1d1406f5ee308e9f544f44e90e60c9d2304b1	sample_06	35	10106	006	chr2	1	360000	360000	1800000	true	WORKFLOWS/gatk/data/hg38_synthetic.fa	7116698	3072	2	pre_launch
gatk_synthetic_nextflow	gatk_synthetic_20samples_25scatters	HaplotypeCaller	GATK::HaplotypeCaller	HaplotypeCaller	sample_06.scatter_007	225ab310bbdb1336ce53df99676ca4b4687d274f278034edaca90cfa07d72f35	sample_06	35	10106	007	chr2	360001	720000	360000	1800000	true	WORKFLOWS/gatk/data/hg38_synthetic.fa	7116698	3072	2	pre_launch
gatk_synthetic_nextflow	gatk_synthetic_20samples_25scatters	HaplotypeCaller	GATK::HaplotypeCaller	HaplotypeCaller	sample_06.scatter_008	f6cb3ef306aa44f3b869c10589a37e71827ec0070d65a93c539fd7dd4defe7fd	sample_06	35	10106	008	chr2	720001	1080000	360000	1800000	true	WORKFLOWS/gatk/data/hg38_synthetic.fa	7116698	3072	2	pre_launch
gatk_synthetic_nextflow	gatk_synthetic_20samples_25scatters	HaplotypeCaller	GATK::HaplotypeCaller	HaplotypeCaller	sample_06.scatter_009	39037b352d2fc6b6a47b1a4106c0de3ef13bb6ebc65105f9275b8edbc6b3bf42	sample_06	35	10106	009	chr2	1080001	1440000	360000	1800000	true	WORKFLOWS/gatk/data/hg38_synthetic.fa	7116698	3072	2	pre_launch
gatk_synthetic_nextflow	gatk_synthetic_20samples_25scatters	HaplotypeCaller	GATK::HaplotypeCaller	HaplotypeCaller	sample_06.scatter_010	cbc8860c4c51af8acb5aef8a89d69e8da385c4a12224c44fd674e75247314883	sample_06	35	10106	010	chr2	1440001	1800000	360000	1800000	true	WORKFLOWS/gatk/data/hg38_synthetic.fa	7116698	3072	2	pre_launch
gatk_synthetic_nextflow	gatk_synthetic_20samples_25scatters	HaplotypeCaller	GATK::HaplotypeCaller	HaplotypeCaller	sample_06.scatter_011	701f4f86d797cb648feef6ceb1ddc67c00fdaf6228b2efa06bcd7436d93b4ca4	sample_06	35	10106	011	chr3	1	320000	320000	1600000	true	WORKFLOWS/gatk/data/hg38_synthetic.fa	7116698	3072	2	pre_launch
gatk_synthetic_nextflow	gatk_synthetic_20samples_25scatters	HaplotypeCaller	GATK::HaplotypeCaller	HaplotypeCaller	sample_06.scatter_012	4c3d70d41306db1106938f3585175136ecf99e246046427832f6e5c56e6aa9c8	sample_06	35	10106	012	chr3	320001	640000	320000	1600000	true	WORKFLOWS/gatk/data/hg38_synthetic.fa	7116698	3072	2	pre_launch
gatk_synthetic_nextflow	gatk_synthetic_20samples_25scatters	HaplotypeCaller	GATK::HaplotypeCaller	HaplotypeCaller	sample_06.scatter_013	a4c280dc32bafdc2fff9997bac907d9f3fb332bd7a359dcde57769801d9ed8ef	sample_06	35	10106	013	chr3	640001	960000	320000	1600000	true	WORKFLOWS/gatk/data/hg38_synthetic.fa	7116698	3072	2	pre_launch
gatk_synthetic_nextflow	gatk_synthetic_20samples_25scatters	HaplotypeCaller	GATK::HaplotypeCaller	HaplotypeCaller	sample_06.scatter_014	b131831ca95681e175906a465d901054a832fdba9c4642739e807a8bcd79e2e3	sample_06	35	10106	014	chr3	960001	1280000	320000	1600000	true	WORKFLOWS/gatk/data/hg38_synthetic.fa	7116698	3072	2	pre_launch
gatk_synthetic_nextflow	gatk_synthetic_20samples_25scatters	HaplotypeCaller	GATK::HaplotypeCaller	HaplotypeCaller	sample_06.scatter_015	27f991113889933605b36a7ecf6f2b248ab4dc2aa120645dd671021f2d068dd4	sample_06	35	10106	015	chr3	1280001	1600000	320000	1600000	true	WORKFLOWS/gatk/data/hg38_synthetic.fa	7116698	3072	2	pre_launch
gatk_synthetic_nextflow	gatk_synthetic_20samples_25scatters	HaplotypeCaller	GATK::HaplotypeCaller	HaplotypeCaller	sample_06.scatter_016	bd6b179b905ca0efd1ec25b329325314a3e167bce686e9cdcefcd9a8bc67e21a	sample_06	35	10106	016	chrX	1	240000	240000	1200000	true	WORKFLOWS/gatk/data/hg38_synthetic.fa	7116698	3072	2	pre_launch
gatk_synthetic_nextflow	gatk_synthetic_20samples_25scatters	HaplotypeCaller	GATK::HaplotypeCaller	HaplotypeCaller	sample_06.scatter_017	de213714ae75a701f2d9cdaada4da8420d0c9513879cd79aee59afe0a9fed518	sample_06	35	10106	017	chrX	240001	480000	240000	1200000	true	WORKFLOWS/gatk/data/hg38_synthetic.fa	7116698	3072	2	pre_launch
gatk_synthetic_nextflow	gatk_synthetic_20samples_25scatters	HaplotypeCaller	GATK::HaplotypeCaller	HaplotypeCaller	sample_06.scatter_018	3fd29c11162335bb04d5379918c3489612ebe1e2948f2dfe33686b7131aaa584	sample_06	35	10106	018	chrX	480001	720000	240000	1200000	true	WORKFLOWS/gatk/data/hg38_synthetic.fa	7116698	3072	2	pre_launch
gatk_synthetic_nextflow	gatk_synthetic_20samples_25scatters	HaplotypeCaller	GATK::HaplotypeCaller	HaplotypeCaller	sample_06.scatter_019	cdd6917b5229f8160390ae0ddfda89ee511f7563b316522f67f45ec5f20cd860	sample_06	35	10106	019	chrX	720001	960000	240000	1200000	true	WORKFLOWS/gatk/data/hg38_synthetic.fa	7116698	3072	2	pre_launch
gatk_synthetic_nextflow	gatk_synthetic_20samples_25scatters	HaplotypeCaller	GATK::HaplotypeCaller	HaplotypeCaller	sample_06.scatter_020	c9363d76bf6aae98605e155b0788b8abcdabc7125cdca2f1105dade24b58761e	sample_06	35	10106	020	chrX	960001	1200000	240000	1200000	true	WORKFLOWS/gatk/data/hg38_synthetic.fa	7116698	3072	2	pre_launch
gatk_synthetic_nextflow	gatk_synthetic_20samples_25scatters	HaplotypeCaller	GATK::HaplotypeCaller	HaplotypeCaller	sample_06.scatter_021	64bd255993ccff0dc4ff5118e97188dd464ef39623c9fa062c65854381c3997b	sample_06	35	10106	021	chrY	1	80000	80000	400000	true	WORKFLOWS/gatk/data/hg38_synthetic.fa	7116698	3072	2	pre_launch
gatk_synthetic_nextflow	gatk_synthetic_20samples_25scatters	HaplotypeCaller	GATK::HaplotypeCaller	HaplotypeCaller	sample_06.scatter_022	a524dfa59820f1d641eef4074b1209a91ada1e9070e067c0fbdebc8699d0fe34	sample_06	35	10106	022	chrY	80001	160000	80000	400000	true	WORKFLOWS/gatk/data/hg38_synthetic.fa	7116698	3072	2	pre_launch
gatk_synthetic_nextflow	gatk_synthetic_20samples_25scatters	HaplotypeCaller	GATK::HaplotypeCaller	HaplotypeCaller	sample_06.scatter_023	03d731558770af8caceb29c450f48289594b30f5838e5997a4e97c54396e3fcf	sample_06	35	10106	023	chrY	160001	240000	80000	400000	true	WORKFLOWS/gatk/data/hg38_synthetic.fa	7116698	3072	2	pre_launch
gatk_synthetic_nextflow	gatk_synthetic_20samples_25scatters	HaplotypeCaller	GATK::HaplotypeCaller	HaplotypeCaller	sample_06.scatter_024	ccae8e23eff34756e294b0d0b318303e217aa786cb392b49794380e6a57802b7	sample_06	35	10106	024	chrY	240001	320000	80000	400000	true	WORKFLOWS/gatk/data/hg38_synthetic.fa	7116698	3072	2	pre_launch
gatk_synthetic_nextflow	gatk_synthetic_20samples_25scatters	HaplotypeCaller	GATK::HaplotypeCaller	HaplotypeCaller	sample_06.scatter_025	f931fac47e0e3550dd12be653916a9b68f57d86981a0dba375ac0be4d09b159e	sample_06	35	10106	025	chrY	320001	400000	80000	400000	true	WORKFLOWS/gatk/data/hg38_synthetic.fa	7116698	3072	2	pre_launch
gatk_synthetic_nextflow	gatk_synthetic_20samples_25scatters	HaplotypeCaller	GATK::HaplotypeCaller	HaplotypeCaller	sample_07.scatter_001	f76b7e08ab49140cafd87351f69e77e7b2d71cf713d397d87c5b88d59197610e	sample_07	40	10107	001	chr1	1	400000	400000	2000000	true	WORKFLOWS/gatk/data/hg38_synthetic.fa	7116698	3072	2	pre_launch
gatk_synthetic_nextflow	gatk_synthetic_20samples_25scatters	HaplotypeCaller	GATK::HaplotypeCaller	HaplotypeCaller	sample_07.scatter_002	573ff812b2ee812cd002d6ce82b0760f2f065f6593c57f8cff407b16be436ccb	sample_07	40	10107	002	chr1	400001	800000	400000	2000000	true	WORKFLOWS/gatk/data/hg38_synthetic.fa	7116698	3072	2	pre_launch
gatk_synthetic_nextflow	gatk_synthetic_20samples_25scatters	HaplotypeCaller	GATK::HaplotypeCaller	HaplotypeCaller	sample_07.scatter_003	4b1decc0539567586e076047a06f80be965ed24caa297ae8b11bac5f82c60197	sample_07	40	10107	003	chr1	800001	1200000	400000	2000000	true	WORKFLOWS/gatk/data/hg38_synthetic.fa	7116698	3072	2	pre_launch
gatk_synthetic_nextflow	gatk_synthetic_20samples_25scatters	HaplotypeCaller	GATK::HaplotypeCaller	HaplotypeCaller	sample_07.scatter_004	c46d74f7196041a6c98f1537d886b7453c6b6a11149e44ab6887aba947ecd31c	sample_07	40	10107	004	chr1	1200001	1600000	400000	2000000	true	WORKFLOWS/gatk/data/hg38_synthetic.fa	7116698	3072	2	pre_launch
gatk_synthetic_nextflow	gatk_synthetic_20samples_25scatters	HaplotypeCaller	GATK::HaplotypeCaller	HaplotypeCaller	sample_07.scatter_005	041aba1eff829e1ec3b37ab53744800fc683d38c5ca5c96f3448a80c6822b588	sample_07	40	10107	005	chr1	1600001	2000000	400000	2000000	true	WORKFLOWS/gatk/data/hg38_synthetic.fa	7116698	3072	2	pre_launch
gatk_synthetic_nextflow	gatk_synthetic_20samples_25scatters	HaplotypeCaller	GATK::HaplotypeCaller	HaplotypeCaller	sample_07.scatter_006	56a0fd45f608f57913e59e397cab63abeb9df404bd3ecb46249820434cec05ba	sample_07	40	10107	006	chr2	1	360000	360000	1800000	true	WORKFLOWS/gatk/data/hg38_synthetic.fa	7116698	3072	2	pre_launch
gatk_synthetic_nextflow	gatk_synthetic_20samples_25scatters	HaplotypeCaller	GATK::HaplotypeCaller	HaplotypeCaller	sample_07.scatter_007	4e63694b8bee8cf9f7f2db6bacbf949aceda6d9ab33c70e86be6880f6c137425	sample_07	40	10107	007	chr2	360001	720000	360000	1800000	true	WORKFLOWS/gatk/data/hg38_synthetic.fa	7116698	3072	2	pre_launch
gatk_synthetic_nextflow	gatk_synthetic_20samples_25scatters	HaplotypeCaller	GATK::HaplotypeCaller	HaplotypeCaller	sample_07.scatter_008	1eb153c81e11b6ef710fdfe5add1d0f1ed973980b170b4fc0ff56ac7683c13ec	sample_07	40	10107	008	chr2	720001	1080000	360000	1800000	true	WORKFLOWS/gatk/data/hg38_synthetic.fa	7116698	3072	2	pre_launch
gatk_synthetic_nextflow	gatk_synthetic_20samples_25scatters	HaplotypeCaller	GATK::HaplotypeCaller	HaplotypeCaller	sample_07.scatter_009	d441c97c9d2a99eac3f9ab995ee1f7314e4e3b0cf5068aa1b331246801999400	sample_07	40	10107	009	chr2	1080001	1440000	360000	1800000	true	WORKFLOWS/gatk/data/hg38_synthetic.fa	7116698	3072	2	pre_launch
gatk_synthetic_nextflow	gatk_synthetic_20samples_25scatters	HaplotypeCaller	GATK::HaplotypeCaller	HaplotypeCaller	sample_07.scatter_010	09e99ed27bb84fe4f8e2aff8ab3ace8ac2042e90fae20a10595d5a1a9f0b9446	sample_07	40	10107	010	chr2	1440001	1800000	360000	1800000	true	WORKFLOWS/gatk/data/hg38_synthetic.fa	7116698	3072	2	pre_launch
gatk_synthetic_nextflow	gatk_synthetic_20samples_25scatters	HaplotypeCaller	GATK::HaplotypeCaller	HaplotypeCaller	sample_07.scatter_011	e21ec183a94c1a350f685991ae80414c8a95c07622cc030af56de325e6be735d	sample_07	40	10107	011	chr3	1	320000	320000	1600000	true	WORKFLOWS/gatk/data/hg38_synthetic.fa	7116698	3072	2	pre_launch
gatk_synthetic_nextflow	gatk_synthetic_20samples_25scatters	HaplotypeCaller	GATK::HaplotypeCaller	HaplotypeCaller	sample_07.scatter_012	a134a5313658a1a5151f05da609912133afcae997cbf4db8aba8abfc2fcb5418	sample_07	40	10107	012	chr3	320001	640000	320000	1600000	true	WORKFLOWS/gatk/data/hg38_synthetic.fa	7116698	3072	2	pre_launch
gatk_synthetic_nextflow	gatk_synthetic_20samples_25scatters	HaplotypeCaller	GATK::HaplotypeCaller	HaplotypeCaller	sample_07.scatter_013	d51ce7c585c2c03d307ea82452d95d0716447ab20b0c96eeb60467de523d2a25	sample_07	40	10107	013	chr3	640001	960000	320000	1600000	true	WORKFLOWS/gatk/data/hg38_synthetic.fa	7116698	3072	2	pre_launch
gatk_synthetic_nextflow	gatk_synthetic_20samples_25scatters	HaplotypeCaller	GATK::HaplotypeCaller	HaplotypeCaller	sample_07.scatter_014	e67bd0214a7010d35d2192dfbf32ea29f4384628b40e4c644b44f36495a71e44	sample_07	40	10107	014	chr3	960001	1280000	320000	1600000	true	WORKFLOWS/gatk/data/hg38_synthetic.fa	7116698	3072	2	pre_launch
gatk_synthetic_nextflow	gatk_synthetic_20samples_25scatters	HaplotypeCaller	GATK::HaplotypeCaller	HaplotypeCaller	sample_07.scatter_015	b291a101e0c0df3a63088d98df0dad49707fb78164a299ab86cd87b4d7175a18	sample_07	40	10107	015	chr3	1280001	1600000	320000	1600000	true	WORKFLOWS/gatk/data/hg38_synthetic.fa	7116698	3072	2	pre_launch
gatk_synthetic_nextflow	gatk_synthetic_20samples_25scatters	HaplotypeCaller	GATK::HaplotypeCaller	HaplotypeCaller	sample_07.scatter_016	2b3acca95fa8efac7710b4f2934bc80a4aea1d3eb2168c4a182ac69974ad3410	sample_07	40	10107	016	chrX	1	240000	240000	1200000	true	WORKFLOWS/gatk/data/hg38_synthetic.fa	7116698	3072	2	pre_launch
gatk_synthetic_nextflow	gatk_synthetic_20samples_25scatters	HaplotypeCaller	GATK::HaplotypeCaller	HaplotypeCaller	sample_07.scatter_017	003bed0637f6783f0f05ee61dd0d980b64f6f0cc6a80eacff6c157c63474659e	sample_07	40	10107	017	chrX	240001	480000	240000	1200000	true	WORKFLOWS/gatk/data/hg38_synthetic.fa	7116698	3072	2	pre_launch
gatk_synthetic_nextflow	gatk_synthetic_20samples_25scatters	HaplotypeCaller	GATK::HaplotypeCaller	HaplotypeCaller	sample_07.scatter_018	d4bfc6104ffdd8c9f85e73fb044865c484d25bea4010d5ce5049e9dfb8fbe3c0	sample_07	40	10107	018	chrX	480001	720000	240000	1200000	true	WORKFLOWS/gatk/data/hg38_synthetic.fa	7116698	3072	2	pre_launch
gatk_synthetic_nextflow	gatk_synthetic_20samples_25scatters	HaplotypeCaller	GATK::HaplotypeCaller	HaplotypeCaller	sample_07.scatter_019	f0fd1d585f3fd9231b0b04584562049164c54387c0446ed00ed6d7f7fe10aa96	sample_07	40	10107	019	chrX	720001	960000	240000	1200000	true	WORKFLOWS/gatk/data/hg38_synthetic.fa	7116698	3072	2	pre_launch
gatk_synthetic_nextflow	gatk_synthetic_20samples_25scatters	HaplotypeCaller	GATK::HaplotypeCaller	HaplotypeCaller	sample_07.scatter_020	e8e602878cdf0d0114589985bda01c7e8991e85a6737029ec19fe0a8bcb8a65d	sample_07	40	10107	020	chrX	960001	1200000	240000	1200000	true	WORKFLOWS/gatk/data/hg38_synthetic.fa	7116698	3072	2	pre_launch
gatk_synthetic_nextflow	gatk_synthetic_20samples_25scatters	HaplotypeCaller	GATK::HaplotypeCaller	HaplotypeCaller	sample_07.scatter_021	666ca5f513028d397c55ecfc8da65c7c2aa7292deda4dc09e505225c901945ba	sample_07	40	10107	021	chrY	1	80000	80000	400000	true	WORKFLOWS/gatk/data/hg38_synthetic.fa	7116698	3072	2	pre_launch
gatk_synthetic_nextflow	gatk_synthetic_20samples_25scatters	HaplotypeCaller	GATK::HaplotypeCaller	HaplotypeCaller	sample_07.scatter_022	fb6c275e6e6a704864ee76e5fc71094463d88a72d4e468b2697d65ade87e0d0e	sample_07	40	10107	022	chrY	80001	160000	80000	400000	true	WORKFLOWS/gatk/data/hg38_synthetic.fa	7116698	3072	2	pre_launch
gatk_synthetic_nextflow	gatk_synthetic_20samples_25scatters	HaplotypeCaller	GATK::HaplotypeCaller	HaplotypeCaller	sample_07.scatter_023	1cf5784ad69ef81097c0fc19b51c8dff00bfc3134d27ac66bf0a224f9108e174	sample_07	40	10107	023	chrY	160001	240000	80000	400000	true	WORKFLOWS/gatk/data/hg38_synthetic.fa	7116698	3072	2	pre_launch
gatk_synthetic_nextflow	gatk_synthetic_20samples_25scatters	HaplotypeCaller	GATK::HaplotypeCaller	HaplotypeCaller	sample_07.scatter_024	508f70d3ecf1c0d457a89a1270edb0f96077d70327d0eaaff19482096a0da22f	sample_07	40	10107	024	chrY	240001	320000	80000	400000	true	WORKFLOWS/gatk/data/hg38_synthetic.fa	7116698	3072	2	pre_launch
gatk_synthetic_nextflow	gatk_synthetic_20samples_25scatters	HaplotypeCaller	GATK::HaplotypeCaller	HaplotypeCaller	sample_07.scatter_025	38f8b502169019fa73415d11c75d209eb0bdb0b44bf2b296c864254d5f58d0f0	sample_07	40	10107	025	chrY	320001	400000	80000	400000	true	WORKFLOWS/gatk/data/hg38_synthetic.fa	7116698	3072	2	pre_launch
gatk_synthetic_nextflow	gatk_synthetic_20samples_25scatters	HaplotypeCaller	GATK::HaplotypeCaller	HaplotypeCaller	sample_08.scatter_001	1a517c040af8be66756e4d956e1be4c1f8c73aa36fb2a5a0715668a7d911135f	sample_08	45	10108	001	chr1	1	400000	400000	2000000	true	WORKFLOWS/gatk/data/hg38_synthetic.fa	7116698	3072	2	pre_launch
gatk_synthetic_nextflow	gatk_synthetic_20samples_25scatters	HaplotypeCaller	GATK::HaplotypeCaller	HaplotypeCaller	sample_08.scatter_002	c13e8886e0ff5549818b805b8bb9aa2c2bf28ef3690ddd75102fdcf3498e6239	sample_08	45	10108	002	chr1	400001	800000	400000	2000000	true	WORKFLOWS/gatk/data/hg38_synthetic.fa	7116698	3072	2	pre_launch
gatk_synthetic_nextflow	gatk_synthetic_20samples_25scatters	HaplotypeCaller	GATK::HaplotypeCaller	HaplotypeCaller	sample_08.scatter_003	0f8f2c007aa586ece3140855cfac4299fc064b781efc215a97740833581425a6	sample_08	45	10108	003	chr1	800001	1200000	400000	2000000	true	WORKFLOWS/gatk/data/hg38_synthetic.fa	7116698	3072	2	pre_launch
gatk_synthetic_nextflow	gatk_synthetic_20samples_25scatters	HaplotypeCaller	GATK::HaplotypeCaller	HaplotypeCaller	sample_08.scatter_004	4bf0a22a7002601f42d2493c227ca3bfb2a458903b913c43794e80daf1e99c62	sample_08	45	10108	004	chr1	1200001	1600000	400000	2000000	true	WORKFLOWS/gatk/data/hg38_synthetic.fa	7116698	3072	2	pre_launch
gatk_synthetic_nextflow	gatk_synthetic_20samples_25scatters	HaplotypeCaller	GATK::HaplotypeCaller	HaplotypeCaller	sample_08.scatter_005	fda0ce76039156f8c0ea6f2d89a91ce93e2c17f8f9559129e692ce56010fbafe	sample_08	45	10108	005	chr1	1600001	2000000	400000	2000000	true	WORKFLOWS/gatk/data/hg38_synthetic.fa	7116698	3072	2	pre_launch
gatk_synthetic_nextflow	gatk_synthetic_20samples_25scatters	HaplotypeCaller	GATK::HaplotypeCaller	HaplotypeCaller	sample_08.scatter_006	54000021345f02001472a68b428bc544acde77aa6883de8819c0e98597d0b354	sample_08	45	10108	006	chr2	1	360000	360000	1800000	true	WORKFLOWS/gatk/data/hg38_synthetic.fa	7116698	3072	2	pre_launch
gatk_synthetic_nextflow	gatk_synthetic_20samples_25scatters	HaplotypeCaller	GATK::HaplotypeCaller	HaplotypeCaller	sample_08.scatter_007	981341a9b164f09a66e2e4ed9b453bed2c801209e5a464b55be49de1742078ff	sample_08	45	10108	007	chr2	360001	720000	360000	1800000	true	WORKFLOWS/gatk/data/hg38_synthetic.fa	7116698	3072	2	pre_launch
gatk_synthetic_nextflow	gatk_synthetic_20samples_25scatters	HaplotypeCaller	GATK::HaplotypeCaller	HaplotypeCaller	sample_08.scatter_008	d50624f57032fd82fe3db06fc445d579d3b37a7306d18a613f7d1dde11b27c77	sample_08	45	10108	008	chr2	720001	1080000	360000	1800000	true	WORKFLOWS/gatk/data/hg38_synthetic.fa	7116698	3072	2	pre_launch
gatk_synthetic_nextflow	gatk_synthetic_20samples_25scatters	HaplotypeCaller	GATK::HaplotypeCaller	HaplotypeCaller	sample_08.scatter_009	5a03b94dacc6f96ae6b48420f9dcf8984b026b1db319f617a01b60d0b415309f	sample_08	45	10108	009	chr2	1080001	1440000	360000	1800000	true	WORKFLOWS/gatk/data/hg38_synthetic.fa	7116698	3072	2	pre_launch
gatk_synthetic_nextflow	gatk_synthetic_20samples_25scatters	HaplotypeCaller	GATK::HaplotypeCaller	HaplotypeCaller	sample_08.scatter_010	cc6c63978a65880e2534dad6950bf23caa20abb2a6ac2672d14601c3cf5e606e	sample_08	45	10108	010	chr2	1440001	1800000	360000	1800000	true	WORKFLOWS/gatk/data/hg38_synthetic.fa	7116698	3072	2	pre_launch
gatk_synthetic_nextflow	gatk_synthetic_20samples_25scatters	HaplotypeCaller	GATK::HaplotypeCaller	HaplotypeCaller	sample_08.scatter_011	146ffe79ae503fc823d77e71caf44d4d5629ea6c83cf20ad0deed5b4d9994938	sample_08	45	10108	011	chr3	1	320000	320000	1600000	true	WORKFLOWS/gatk/data/hg38_synthetic.fa	7116698	3072	2	pre_launch
gatk_synthetic_nextflow	gatk_synthetic_20samples_25scatters	HaplotypeCaller	GATK::HaplotypeCaller	HaplotypeCaller	sample_08.scatter_012	534249f6cfd1bd75ac0ec68161fa97cf7660e7d9615d48c8a801154812dbfccf	sample_08	45	10108	012	chr3	320001	640000	320000	1600000	true	WORKFLOWS/gatk/data/hg38_synthetic.fa	7116698	3072	2	pre_launch
gatk_synthetic_nextflow	gatk_synthetic_20samples_25scatters	HaplotypeCaller	GATK::HaplotypeCaller	HaplotypeCaller	sample_08.scatter_013	c37782aad91c0f01f6f6e12f6d6486f50edbf0091f05aeb39d81a9952b5f5d9a	sample_08	45	10108	013	chr3	640001	960000	320000	1600000	true	WORKFLOWS/gatk/data/hg38_synthetic.fa	7116698	3072	2	pre_launch
gatk_synthetic_nextflow	gatk_synthetic_20samples_25scatters	HaplotypeCaller	GATK::HaplotypeCaller	HaplotypeCaller	sample_08.scatter_014	32808d30b7fb7fcaddda8bc1cad67e2297fb7255b6e4b6bc34dee6ac2ded2ac1	sample_08	45	10108	014	chr3	960001	1280000	320000	1600000	true	WORKFLOWS/gatk/data/hg38_synthetic.fa	7116698	3072	2	pre_launch
gatk_synthetic_nextflow	gatk_synthetic_20samples_25scatters	HaplotypeCaller	GATK::HaplotypeCaller	HaplotypeCaller	sample_08.scatter_015	efd57325aa5c3728e59b3fa95b1cf0193a3ea301fbb40271cd93883b8cb76a1b	sample_08	45	10108	015	chr3	1280001	1600000	320000	1600000	true	WORKFLOWS/gatk/data/hg38_synthetic.fa	7116698	3072	2	pre_launch
gatk_synthetic_nextflow	gatk_synthetic_20samples_25scatters	HaplotypeCaller	GATK::HaplotypeCaller	HaplotypeCaller	sample_08.scatter_016	8cedac236c6978a0a3ba85519c156777d94e4ae7857678de884fbc84e9fe15ba	sample_08	45	10108	016	chrX	1	240000	240000	1200000	true	WORKFLOWS/gatk/data/hg38_synthetic.fa	7116698	3072	2	pre_launch
gatk_synthetic_nextflow	gatk_synthetic_20samples_25scatters	HaplotypeCaller	GATK::HaplotypeCaller	HaplotypeCaller	sample_08.scatter_017	6449e18b7f4254904bcce8f99379142ba802cdcf897735ea5cfa3773612dcc0f	sample_08	45	10108	017	chrX	240001	480000	240000	1200000	true	WORKFLOWS/gatk/data/hg38_synthetic.fa	7116698	3072	2	pre_launch
gatk_synthetic_nextflow	gatk_synthetic_20samples_25scatters	HaplotypeCaller	GATK::HaplotypeCaller	HaplotypeCaller	sample_08.scatter_018	6829620d9cde388b36f0422bfa5545c38c0035e6ac0332a1e2dc903c381510ee	sample_08	45	10108	018	chrX	480001	720000	240000	1200000	true	WORKFLOWS/gatk/data/hg38_synthetic.fa	7116698	3072	2	pre_launch
gatk_synthetic_nextflow	gatk_synthetic_20samples_25scatters	HaplotypeCaller	GATK::HaplotypeCaller	HaplotypeCaller	sample_08.scatter_019	72f3193dcf104884b7e1e01fc3257cacc1da649ffc97db23c0618ad78fc17e5d	sample_08	45	10108	019	chrX	720001	960000	240000	1200000	true	WORKFLOWS/gatk/data/hg38_synthetic.fa	7116698	3072	2	pre_launch
gatk_synthetic_nextflow	gatk_synthetic_20samples_25scatters	HaplotypeCaller	GATK::HaplotypeCaller	HaplotypeCaller	sample_08.scatter_020	3ee46c97066b1ecbaffe824b8543440c0edf321c7ac89cdc821f5f4ad78d03d4	sample_08	45	10108	020	chrX	960001	1200000	240000	1200000	true	WORKFLOWS/gatk/data/hg38_synthetic.fa	7116698	3072	2	pre_launch
gatk_synthetic_nextflow	gatk_synthetic_20samples_25scatters	HaplotypeCaller	GATK::HaplotypeCaller	HaplotypeCaller	sample_08.scatter_021	1196b1e9bbbb432fa785cded6294cee8ababb13115be6e6ec344d872b34b06f8	sample_08	45	10108	021	chrY	1	80000	80000	400000	true	WORKFLOWS/gatk/data/hg38_synthetic.fa	7116698	3072	2	pre_launch
gatk_synthetic_nextflow	gatk_synthetic_20samples_25scatters	HaplotypeCaller	GATK::HaplotypeCaller	HaplotypeCaller	sample_08.scatter_022	921addeb0898ccf2f4b2adf29256219b7413af33730aa80f139d420710312176	sample_08	45	10108	022	chrY	80001	160000	80000	400000	true	WORKFLOWS/gatk/data/hg38_synthetic.fa	7116698	3072	2	pre_launch
gatk_synthetic_nextflow	gatk_synthetic_20samples_25scatters	HaplotypeCaller	GATK::HaplotypeCaller	HaplotypeCaller	sample_08.scatter_023	346b79c162cfed76ad5337322b363f2c1111b3d6df7e5863f1cba3a7a04374b8	sample_08	45	10108	023	chrY	160001	240000	80000	400000	true	WORKFLOWS/gatk/data/hg38_synthetic.fa	7116698	3072	2	pre_launch
gatk_synthetic_nextflow	gatk_synthetic_20samples_25scatters	HaplotypeCaller	GATK::HaplotypeCaller	HaplotypeCaller	sample_08.scatter_024	c063d67ccd36fd7d2b69ac9941cdd066760ff78f5939fdbd4a207de132e696be	sample_08	45	10108	024	chrY	240001	320000	80000	400000	true	WORKFLOWS/gatk/data/hg38_synthetic.fa	7116698	3072	2	pre_launch
gatk_synthetic_nextflow	gatk_synthetic_20samples_25scatters	HaplotypeCaller	GATK::HaplotypeCaller	HaplotypeCaller	sample_08.scatter_025	a66d18105fb2d54b3471ba81ac4db01adf6daa88e31a8fe262bcb6426bb1aba0	sample_08	45	10108	025	chrY	320001	400000	80000	400000	true	WORKFLOWS/gatk/data/hg38_synthetic.fa	7116698	3072	2	pre_launch
gatk_synthetic_nextflow	gatk_synthetic_20samples_25scatters	HaplotypeCaller	GATK::HaplotypeCaller	HaplotypeCaller	sample_09.scatter_001	da2a2d5148d5ef0e4041f352b7fb876282307c214c37586eaf1fbbdde95efae9	sample_09	50	10109	001	chr1	1	400000	400000	2000000	true	WORKFLOWS/gatk/data/hg38_synthetic.fa	7116698	3072	2	pre_launch
gatk_synthetic_nextflow	gatk_synthetic_20samples_25scatters	HaplotypeCaller	GATK::HaplotypeCaller	HaplotypeCaller	sample_09.scatter_002	adaf3b44d5954e21a4daffcc1fb2b6604eabca14cb104b4e0fa5e59ca243d248	sample_09	50	10109	002	chr1	400001	800000	400000	2000000	true	WORKFLOWS/gatk/data/hg38_synthetic.fa	7116698	3072	2	pre_launch
gatk_synthetic_nextflow	gatk_synthetic_20samples_25scatters	HaplotypeCaller	GATK::HaplotypeCaller	HaplotypeCaller	sample_09.scatter_003	baad06a3ed18619a9e0427076bfb26c1e7d1b80c7fe0d4a86049ed86d59dce5f	sample_09	50	10109	003	chr1	800001	1200000	400000	2000000	true	WORKFLOWS/gatk/data/hg38_synthetic.fa	7116698	3072	2	pre_launch
gatk_synthetic_nextflow	gatk_synthetic_20samples_25scatters	HaplotypeCaller	GATK::HaplotypeCaller	HaplotypeCaller	sample_09.scatter_004	8080a1b221c60a2fe6db051a0295148435e5c05847862396e52d950668b1731d	sample_09	50	10109	004	chr1	1200001	1600000	400000	2000000	true	WORKFLOWS/gatk/data/hg38_synthetic.fa	7116698	3072	2	pre_launch
gatk_synthetic_nextflow	gatk_synthetic_20samples_25scatters	HaplotypeCaller	GATK::HaplotypeCaller	HaplotypeCaller	sample_09.scatter_005	679aa2d461bfce06e1637a880d5025f0feb902ca517d86e6994f7a9b8c7388af	sample_09	50	10109	005	chr1	1600001	2000000	400000	2000000	true	WORKFLOWS/gatk/data/hg38_synthetic.fa	7116698	3072	2	pre_launch
gatk_synthetic_nextflow	gatk_synthetic_20samples_25scatters	HaplotypeCaller	GATK::HaplotypeCaller	HaplotypeCaller	sample_09.scatter_006	071edc8503b219e07abcdcdca16c1a8f07cb6c3e2a7328e72408e77f13188fb0	sample_09	50	10109	006	chr2	1	360000	360000	1800000	true	WORKFLOWS/gatk/data/hg38_synthetic.fa	7116698	3072	2	pre_launch
gatk_synthetic_nextflow	gatk_synthetic_20samples_25scatters	HaplotypeCaller	GATK::HaplotypeCaller	HaplotypeCaller	sample_09.scatter_007	362fd73f6aaa3b8493498646425a31bc43c1baf94e6476a73434f9e5538f16f3	sample_09	50	10109	007	chr2	360001	720000	360000	1800000	true	WORKFLOWS/gatk/data/hg38_synthetic.fa	7116698	3072	2	pre_launch
gatk_synthetic_nextflow	gatk_synthetic_20samples_25scatters	HaplotypeCaller	GATK::HaplotypeCaller	HaplotypeCaller	sample_09.scatter_008	ac5d80a08108cb187060009e9dee3947b05d07b3c6b4951ace5fe2b13bcad75c	sample_09	50	10109	008	chr2	720001	1080000	360000	1800000	true	WORKFLOWS/gatk/data/hg38_synthetic.fa	7116698	3072	2	pre_launch
gatk_synthetic_nextflow	gatk_synthetic_20samples_25scatters	HaplotypeCaller	GATK::HaplotypeCaller	HaplotypeCaller	sample_09.scatter_009	a0b1792cdd643217af97bd97599a308f609a68b770691c331c2cae2e3d2f6308	sample_09	50	10109	009	chr2	1080001	1440000	360000	1800000	true	WORKFLOWS/gatk/data/hg38_synthetic.fa	7116698	3072	2	pre_launch
gatk_synthetic_nextflow	gatk_synthetic_20samples_25scatters	HaplotypeCaller	GATK::HaplotypeCaller	HaplotypeCaller	sample_09.scatter_010	fdf7ebf72f8c15c997982e598f71a6accb9952956eefd748363fbacf68064905	sample_09	50	10109	010	chr2	1440001	1800000	360000	1800000	true	WORKFLOWS/gatk/data/hg38_synthetic.fa	7116698	3072	2	pre_launch
gatk_synthetic_nextflow	gatk_synthetic_20samples_25scatters	HaplotypeCaller	GATK::HaplotypeCaller	HaplotypeCaller	sample_09.scatter_011	58b316b172c1d51037206a80dc07c190a9e138556de7af2b945a1e3723cd562e	sample_09	50	10109	011	chr3	1	320000	320000	1600000	true	WORKFLOWS/gatk/data/hg38_synthetic.fa	7116698	3072	2	pre_launch
gatk_synthetic_nextflow	gatk_synthetic_20samples_25scatters	HaplotypeCaller	GATK::HaplotypeCaller	HaplotypeCaller	sample_09.scatter_012	8601d6d7923de639ec8fe747d5754145b424376f02c04089d5eac1f3404d44e6	sample_09	50	10109	012	chr3	320001	640000	320000	1600000	true	WORKFLOWS/gatk/data/hg38_synthetic.fa	7116698	3072	2	pre_launch
gatk_synthetic_nextflow	gatk_synthetic_20samples_25scatters	HaplotypeCaller	GATK::HaplotypeCaller	HaplotypeCaller	sample_09.scatter_013	c87a85091d2aee865d5eb9267ea98f354c5bacfdeef6ee38ccc15125250edf5d	sample_09	50	10109	013	chr3	640001	960000	320000	1600000	true	WORKFLOWS/gatk/data/hg38_synthetic.fa	7116698	3072	2	pre_launch
gatk_synthetic_nextflow	gatk_synthetic_20samples_25scatters	HaplotypeCaller	GATK::HaplotypeCaller	HaplotypeCaller	sample_09.scatter_014	ba55b956a55ca30e8ff0900e12998da20400e9513124baea38d38fc46fcf3bb7	sample_09	50	10109	014	chr3	960001	1280000	320000	1600000	true	WORKFLOWS/gatk/data/hg38_synthetic.fa	7116698	3072	2	pre_launch
gatk_synthetic_nextflow	gatk_synthetic_20samples_25scatters	HaplotypeCaller	GATK::HaplotypeCaller	HaplotypeCaller	sample_09.scatter_015	bb44fbe80d9d0bf415626df88bfb6f79c7b4430d8b2210eaf899362d9c94c865	sample_09	50	10109	015	chr3	1280001	1600000	320000	1600000	true	WORKFLOWS/gatk/data/hg38_synthetic.fa	7116698	3072	2	pre_launch
gatk_synthetic_nextflow	gatk_synthetic_20samples_25scatters	HaplotypeCaller	GATK::HaplotypeCaller	HaplotypeCaller	sample_09.scatter_016	b9119c8bfe826f98c238d1fa212cd200e34230010294fa7df336ba4d326a9c4a	sample_09	50	10109	016	chrX	1	240000	240000	1200000	true	WORKFLOWS/gatk/data/hg38_synthetic.fa	7116698	3072	2	pre_launch
gatk_synthetic_nextflow	gatk_synthetic_20samples_25scatters	HaplotypeCaller	GATK::HaplotypeCaller	HaplotypeCaller	sample_09.scatter_017	09b6f61fc566bc4825c9028c0bf752f39e2190b2450e9407a83ee9cc52285b39	sample_09	50	10109	017	chrX	240001	480000	240000	1200000	true	WORKFLOWS/gatk/data/hg38_synthetic.fa	7116698	3072	2	pre_launch
gatk_synthetic_nextflow	gatk_synthetic_20samples_25scatters	HaplotypeCaller	GATK::HaplotypeCaller	HaplotypeCaller	sample_09.scatter_018	ecee8bb0c0878c68b5ba3e706e47aac5cc5357e10083f7969413ab6ecb53f5b9	sample_09	50	10109	018	chrX	480001	720000	240000	1200000	true	WORKFLOWS/gatk/data/hg38_synthetic.fa	7116698	3072	2	pre_launch
gatk_synthetic_nextflow	gatk_synthetic_20samples_25scatters	HaplotypeCaller	GATK::HaplotypeCaller	HaplotypeCaller	sample_09.scatter_019	f7fee43a81262179097ba60daf4685e912f25009cc1215970e2abfacc8c822e1	sample_09	50	10109	019	chrX	720001	960000	240000	1200000	true	WORKFLOWS/gatk/data/hg38_synthetic.fa	7116698	3072	2	pre_launch
gatk_synthetic_nextflow	gatk_synthetic_20samples_25scatters	HaplotypeCaller	GATK::HaplotypeCaller	HaplotypeCaller	sample_09.scatter_020	3fb92480236e9d62741ebc4c731365463dd1a87e11486fefbd194232a35ff4ec	sample_09	50	10109	020	chrX	960001	1200000	240000	1200000	true	WORKFLOWS/gatk/data/hg38_synthetic.fa	7116698	3072	2	pre_launch
gatk_synthetic_nextflow	gatk_synthetic_20samples_25scatters	HaplotypeCaller	GATK::HaplotypeCaller	HaplotypeCaller	sample_09.scatter_021	b8148d0b868cbe49515c00af37fabf71587849c880b53e34520ba8855d1e266c	sample_09	50	10109	021	chrY	1	80000	80000	400000	true	WORKFLOWS/gatk/data/hg38_synthetic.fa	7116698	3072	2	pre_launch
gatk_synthetic_nextflow	gatk_synthetic_20samples_25scatters	HaplotypeCaller	GATK::HaplotypeCaller	HaplotypeCaller	sample_09.scatter_022	e90cd3509952b8b5c68e7ca65ffc4a293657d8964eb9e7b5a6182b70b2e29923	sample_09	50	10109	022	chrY	80001	160000	80000	400000	true	WORKFLOWS/gatk/data/hg38_synthetic.fa	7116698	3072	2	pre_launch
gatk_synthetic_nextflow	gatk_synthetic_20samples_25scatters	HaplotypeCaller	GATK::HaplotypeCaller	HaplotypeCaller	sample_09.scatter_023	a30a01164e5031e4947d25f8222ed7420a8a49827195f8c505a0a091d9997ea1	sample_09	50	10109	023	chrY	160001	240000	80000	400000	true	WORKFLOWS/gatk/data/hg38_synthetic.fa	7116698	3072	2	pre_launch
gatk_synthetic_nextflow	gatk_synthetic_20samples_25scatters	HaplotypeCaller	GATK::HaplotypeCaller	HaplotypeCaller	sample_09.scatter_024	b6446f4c80fea70262baa996f95b5fa1e730813f14388af7db49c58f880331dd	sample_09	50	10109	024	chrY	240001	320000	80000	400000	true	WORKFLOWS/gatk/data/hg38_synthetic.fa	7116698	3072	2	pre_launch
gatk_synthetic_nextflow	gatk_synthetic_20samples_25scatters	HaplotypeCaller	GATK::HaplotypeCaller	HaplotypeCaller	sample_09.scatter_025	e1a09e6e87d58356d954b67f19f702c380ea4e4168ec4174269f4abf97b1a229	sample_09	50	10109	025	chrY	320001	400000	80000	400000	true	WORKFLOWS/gatk/data/hg38_synthetic.fa	7116698	3072	2	pre_launch
gatk_synthetic_nextflow	gatk_synthetic_20samples_25scatters	HaplotypeCaller	GATK::HaplotypeCaller	HaplotypeCaller	sample_10.scatter_001	b069190946a04af9b795dc42dc8cee38b10b080afa26c601f5fe737aadb1e55e	sample_10	55	10110	001	chr1	1	400000	400000	2000000	true	WORKFLOWS/gatk/data/hg38_synthetic.fa	7116698	3072	2	pre_launch
gatk_synthetic_nextflow	gatk_synthetic_20samples_25scatters	HaplotypeCaller	GATK::HaplotypeCaller	HaplotypeCaller	sample_10.scatter_002	78bbeb8f19b7b8c604417fbd2aa2ed3b7ed09885a72db8a3541b770974be8325	sample_10	55	10110	002	chr1	400001	800000	400000	2000000	true	WORKFLOWS/gatk/data/hg38_synthetic.fa	7116698	3072	2	pre_launch
gatk_synthetic_nextflow	gatk_synthetic_20samples_25scatters	HaplotypeCaller	GATK::HaplotypeCaller	HaplotypeCaller	sample_10.scatter_003	108a5875330751aee6c354030d89c6219992b96cc8bce7339774f683e838a16f	sample_10	55	10110	003	chr1	800001	1200000	400000	2000000	true	WORKFLOWS/gatk/data/hg38_synthetic.fa	7116698	3072	2	pre_launch
gatk_synthetic_nextflow	gatk_synthetic_20samples_25scatters	HaplotypeCaller	GATK::HaplotypeCaller	HaplotypeCaller	sample_10.scatter_004	aa5b577dabe4da02a91dca9dac538cde160a7289a3cfd0ad3ff1076b5c67a791	sample_10	55	10110	004	chr1	1200001	1600000	400000	2000000	true	WORKFLOWS/gatk/data/hg38_synthetic.fa	7116698	3072	2	pre_launch
gatk_synthetic_nextflow	gatk_synthetic_20samples_25scatters	HaplotypeCaller	GATK::HaplotypeCaller	HaplotypeCaller	sample_10.scatter_005	ab00516c351600cef46764044ebc2227f2750d06c84d476292d06d4324926106	sample_10	55	10110	005	chr1	1600001	2000000	400000	2000000	true	WORKFLOWS/gatk/data/hg38_synthetic.fa	7116698	3072	2	pre_launch
gatk_synthetic_nextflow	gatk_synthetic_20samples_25scatters	HaplotypeCaller	GATK::HaplotypeCaller	HaplotypeCaller	sample_10.scatter_006	39bc43a2374bce71a561f7b1d4ef9d0b59f1ea56a647cd8da69184bc011362a9	sample_10	55	10110	006	chr2	1	360000	360000	1800000	true	WORKFLOWS/gatk/data/hg38_synthetic.fa	7116698	3072	2	pre_launch
gatk_synthetic_nextflow	gatk_synthetic_20samples_25scatters	HaplotypeCaller	GATK::HaplotypeCaller	HaplotypeCaller	sample_10.scatter_007	8cc8ebe4d677e6d841d1b09fd43e263f5c82e1412be771850a2bfdb57970168f	sample_10	55	10110	007	chr2	360001	720000	360000	1800000	true	WORKFLOWS/gatk/data/hg38_synthetic.fa	7116698	3072	2	pre_launch
gatk_synthetic_nextflow	gatk_synthetic_20samples_25scatters	HaplotypeCaller	GATK::HaplotypeCaller	HaplotypeCaller	sample_10.scatter_008	2ff7906624f8d695bbe56268a0ece5f9a78ae7d67ad243d6a7bb4219d45c35c2	sample_10	55	10110	008	chr2	720001	1080000	360000	1800000	true	WORKFLOWS/gatk/data/hg38_synthetic.fa	7116698	3072	2	pre_launch
gatk_synthetic_nextflow	gatk_synthetic_20samples_25scatters	HaplotypeCaller	GATK::HaplotypeCaller	HaplotypeCaller	sample_10.scatter_009	23c408aaa0a8fd25d853ee9779bcb084811dac4b8faf58daaf70206e9309897c	sample_10	55	10110	009	chr2	1080001	1440000	360000	1800000	true	WORKFLOWS/gatk/data/hg38_synthetic.fa	7116698	3072	2	pre_launch
gatk_synthetic_nextflow	gatk_synthetic_20samples_25scatters	HaplotypeCaller	GATK::HaplotypeCaller	HaplotypeCaller	sample_10.scatter_010	32bf903324a3cb792b47c06080df530b2863a39ec1df1c4865e1bbb2dc6baf07	sample_10	55	10110	010	chr2	1440001	1800000	360000	1800000	true	WORKFLOWS/gatk/data/hg38_synthetic.fa	7116698	3072	2	pre_launch
gatk_synthetic_nextflow	gatk_synthetic_20samples_25scatters	HaplotypeCaller	GATK::HaplotypeCaller	HaplotypeCaller	sample_10.scatter_011	5fdea642ff23b092eb1a2dd83700743deb431174d4399514f80e0ee7e3bb4ba5	sample_10	55	10110	011	chr3	1	320000	320000	1600000	true	WORKFLOWS/gatk/data/hg38_synthetic.fa	7116698	3072	2	pre_launch
gatk_synthetic_nextflow	gatk_synthetic_20samples_25scatters	HaplotypeCaller	GATK::HaplotypeCaller	HaplotypeCaller	sample_10.scatter_012	87cdddc1cdcda479fea52e4dd0746c4a98b554dd6e1c8729cff567c8ed7f22f3	sample_10	55	10110	012	chr3	320001	640000	320000	1600000	true	WORKFLOWS/gatk/data/hg38_synthetic.fa	7116698	3072	2	pre_launch
gatk_synthetic_nextflow	gatk_synthetic_20samples_25scatters	HaplotypeCaller	GATK::HaplotypeCaller	HaplotypeCaller	sample_10.scatter_013	15f7e4b471547db7f6451bf4774ba5420ff43367a420c313c87d250a7078e56d	sample_10	55	10110	013	chr3	640001	960000	320000	1600000	true	WORKFLOWS/gatk/data/hg38_synthetic.fa	7116698	3072	2	pre_launch
gatk_synthetic_nextflow	gatk_synthetic_20samples_25scatters	HaplotypeCaller	GATK::HaplotypeCaller	HaplotypeCaller	sample_10.scatter_014	3565d89c376b5a2a7818fb7eb5ece10366bf63d7692cf6727f18e27fcadb5156	sample_10	55	10110	014	chr3	960001	1280000	320000	1600000	true	WORKFLOWS/gatk/data/hg38_synthetic.fa	7116698	3072	2	pre_launch
gatk_synthetic_nextflow	gatk_synthetic_20samples_25scatters	HaplotypeCaller	GATK::HaplotypeCaller	HaplotypeCaller	sample_10.scatter_015	3d7b540835d2be73775528e3823bc6fed6ec26e12677af5f3865d83c2c22d302	sample_10	55	10110	015	chr3	1280001	1600000	320000	1600000	true	WORKFLOWS/gatk/data/hg38_synthetic.fa	7116698	3072	2	pre_launch
gatk_synthetic_nextflow	gatk_synthetic_20samples_25scatters	HaplotypeCaller	GATK::HaplotypeCaller	HaplotypeCaller	sample_10.scatter_016	7a8f51e68a9fc15a26219d06f941e32c74ffd70145db0b0b4212a7cb7d1b0596	sample_10	55	10110	016	chrX	1	240000	240000	1200000	true	WORKFLOWS/gatk/data/hg38_synthetic.fa	7116698	3072	2	pre_launch
gatk_synthetic_nextflow	gatk_synthetic_20samples_25scatters	HaplotypeCaller	GATK::HaplotypeCaller	HaplotypeCaller	sample_10.scatter_017	af5c6ffc124ff5b1db4dd857094e2d76a83c953a6bce53cbbd5b7b8ddf5847f6	sample_10	55	10110	017	chrX	240001	480000	240000	1200000	true	WORKFLOWS/gatk/data/hg38_synthetic.fa	7116698	3072	2	pre_launch
gatk_synthetic_nextflow	gatk_synthetic_20samples_25scatters	HaplotypeCaller	GATK::HaplotypeCaller	HaplotypeCaller	sample_10.scatter_018	9251a5e70522dacbfddaa655b6df1bf3e2e0f3fc911d38dd825df5e048330692	sample_10	55	10110	018	chrX	480001	720000	240000	1200000	true	WORKFLOWS/gatk/data/hg38_synthetic.fa	7116698	3072	2	pre_launch
gatk_synthetic_nextflow	gatk_synthetic_20samples_25scatters	HaplotypeCaller	GATK::HaplotypeCaller	HaplotypeCaller	sample_10.scatter_019	51c185fcc9f13de75e67ba2a8e2eecc798b5f9e7d98d3458e26dc943bd8e6028	sample_10	55	10110	019	chrX	720001	960000	240000	1200000	true	WORKFLOWS/gatk/data/hg38_synthetic.fa	7116698	3072	2	pre_launch
gatk_synthetic_nextflow	gatk_synthetic_20samples_25scatters	HaplotypeCaller	GATK::HaplotypeCaller	HaplotypeCaller	sample_10.scatter_020	9c4126511e55d66fffa3e0025d7ba168ccc74be4686a75d8859c4ad871987e18	sample_10	55	10110	020	chrX	960001	1200000	240000	1200000	true	WORKFLOWS/gatk/data/hg38_synthetic.fa	7116698	3072	2	pre_launch
gatk_synthetic_nextflow	gatk_synthetic_20samples_25scatters	HaplotypeCaller	GATK::HaplotypeCaller	HaplotypeCaller	sample_10.scatter_021	92f9b6a82107461377a87787f49d57dc4384e5c0547570da794001d77747795d	sample_10	55	10110	021	chrY	1	80000	80000	400000	true	WORKFLOWS/gatk/data/hg38_synthetic.fa	7116698	3072	2	pre_launch
gatk_synthetic_nextflow	gatk_synthetic_20samples_25scatters	HaplotypeCaller	GATK::HaplotypeCaller	HaplotypeCaller	sample_10.scatter_022	dc99d10fcb3d4a606caf5efc0d6b7dadccf56b758d8550744bb0af49d6b658ea	sample_10	55	10110	022	chrY	80001	160000	80000	400000	true	WORKFLOWS/gatk/data/hg38_synthetic.fa	7116698	3072	2	pre_launch
gatk_synthetic_nextflow	gatk_synthetic_20samples_25scatters	HaplotypeCaller	GATK::HaplotypeCaller	HaplotypeCaller	sample_10.scatter_023	5ca98323f5bb3df195d4e29a70cdf9c3a5e8dc6962963d02a2f8a224f84ace5a	sample_10	55	10110	023	chrY	160001	240000	80000	400000	true	WORKFLOWS/gatk/data/hg38_synthetic.fa	7116698	3072	2	pre_launch
gatk_synthetic_nextflow	gatk_synthetic_20samples_25scatters	HaplotypeCaller	GATK::HaplotypeCaller	HaplotypeCaller	sample_10.scatter_024	27f20d1868f6b84e2be1738533abab3956f68346fd3dce413b415bcbe3ae3b1b	sample_10	55	10110	024	chrY	240001	320000	80000	400000	true	WORKFLOWS/gatk/data/hg38_synthetic.fa	7116698	3072	2	pre_launch
gatk_synthetic_nextflow	gatk_synthetic_20samples_25scatters	HaplotypeCaller	GATK::HaplotypeCaller	HaplotypeCaller	sample_10.scatter_025	6bb657badfe31e1ff1e6392462e33a35ee554e3ffccff6cdde997ac9069980a2	sample_10	55	10110	025	chrY	320001	400000	80000	400000	true	WORKFLOWS/gatk/data/hg38_synthetic.fa	7116698	3072	2	pre_launch
gatk_synthetic_nextflow	gatk_synthetic_20samples_25scatters	HaplotypeCaller	GATK::HaplotypeCaller	HaplotypeCaller	sample_11.scatter_001	9f7efeaf853295b2737376fe6cb9f457923c266c2223b7915276814619179138	sample_11	60	10111	001	chr1	1	400000	400000	2000000	true	WORKFLOWS/gatk/data/hg38_synthetic.fa	7116698	3072	2	pre_launch
gatk_synthetic_nextflow	gatk_synthetic_20samples_25scatters	HaplotypeCaller	GATK::HaplotypeCaller	HaplotypeCaller	sample_11.scatter_002	5a6be9edc101301112cedc4de1807626aff1da09824374cc1f1302552ef9836d	sample_11	60	10111	002	chr1	400001	800000	400000	2000000	true	WORKFLOWS/gatk/data/hg38_synthetic.fa	7116698	3072	2	pre_launch
gatk_synthetic_nextflow	gatk_synthetic_20samples_25scatters	HaplotypeCaller	GATK::HaplotypeCaller	HaplotypeCaller	sample_11.scatter_003	1f6d0cea241aae60afb4a11f0b507b2703eb95861ec33fb279b3acd1d6b5b032	sample_11	60	10111	003	chr1	800001	1200000	400000	2000000	true	WORKFLOWS/gatk/data/hg38_synthetic.fa	7116698	3072	2	pre_launch
gatk_synthetic_nextflow	gatk_synthetic_20samples_25scatters	HaplotypeCaller	GATK::HaplotypeCaller	HaplotypeCaller	sample_11.scatter_004	a342c8c46be4a622d83d495e02e46b48697f6386f1cbe62ba858abf268fa467b	sample_11	60	10111	004	chr1	1200001	1600000	400000	2000000	true	WORKFLOWS/gatk/data/hg38_synthetic.fa	7116698	3072	2	pre_launch
gatk_synthetic_nextflow	gatk_synthetic_20samples_25scatters	HaplotypeCaller	GATK::HaplotypeCaller	HaplotypeCaller	sample_11.scatter_005	3a80b218d79437e68cfe08f34954dbd49a5049fda060f76db6e55542cd002f28	sample_11	60	10111	005	chr1	1600001	2000000	400000	2000000	true	WORKFLOWS/gatk/data/hg38_synthetic.fa	7116698	3072	2	pre_launch
gatk_synthetic_nextflow	gatk_synthetic_20samples_25scatters	HaplotypeCaller	GATK::HaplotypeCaller	HaplotypeCaller	sample_11.scatter_006	a176b121b19282cb8a8636c31c0db446c231ad878f86f12e92d510155293af09	sample_11	60	10111	006	chr2	1	360000	360000	1800000	true	WORKFLOWS/gatk/data/hg38_synthetic.fa	7116698	3072	2	pre_launch
gatk_synthetic_nextflow	gatk_synthetic_20samples_25scatters	HaplotypeCaller	GATK::HaplotypeCaller	HaplotypeCaller	sample_11.scatter_007	654196fe75dbabfbc0f555c317bd1649d338435362d9aab8fe222753a03c6839	sample_11	60	10111	007	chr2	360001	720000	360000	1800000	true	WORKFLOWS/gatk/data/hg38_synthetic.fa	7116698	3072	2	pre_launch
gatk_synthetic_nextflow	gatk_synthetic_20samples_25scatters	HaplotypeCaller	GATK::HaplotypeCaller	HaplotypeCaller	sample_11.scatter_008	80b948c3b94104bdf5145b4fefe720b932429066e93fe40cb7319aee80e66143	sample_11	60	10111	008	chr2	720001	1080000	360000	1800000	true	WORKFLOWS/gatk/data/hg38_synthetic.fa	7116698	3072	2	pre_launch
gatk_synthetic_nextflow	gatk_synthetic_20samples_25scatters	HaplotypeCaller	GATK::HaplotypeCaller	HaplotypeCaller	sample_11.scatter_009	059d8bfc5ab163fc162e8a6d1954a7cfee2ab4cfe0929841c19fa0464194c455	sample_11	60	10111	009	chr2	1080001	1440000	360000	1800000	true	WORKFLOWS/gatk/data/hg38_synthetic.fa	7116698	3072	2	pre_launch
gatk_synthetic_nextflow	gatk_synthetic_20samples_25scatters	HaplotypeCaller	GATK::HaplotypeCaller	HaplotypeCaller	sample_11.scatter_010	81896c57759d257641ea487a37f4e7cc3989df8f5646fada5606d21e03125f6b	sample_11	60	10111	010	chr2	1440001	1800000	360000	1800000	true	WORKFLOWS/gatk/data/hg38_synthetic.fa	7116698	3072	2	pre_launch
gatk_synthetic_nextflow	gatk_synthetic_20samples_25scatters	HaplotypeCaller	GATK::HaplotypeCaller	HaplotypeCaller	sample_11.scatter_011	27cfcbba96fd34424c13045940eb96be4c67aab81c7fec32c48ab895b5f4bead	sample_11	60	10111	011	chr3	1	320000	320000	1600000	true	WORKFLOWS/gatk/data/hg38_synthetic.fa	7116698	3072	2	pre_launch
gatk_synthetic_nextflow	gatk_synthetic_20samples_25scatters	HaplotypeCaller	GATK::HaplotypeCaller	HaplotypeCaller	sample_11.scatter_012	6dfb072082e44603ed4daa335e93966703b0e4648f1b0289d25b8bea65341152	sample_11	60	10111	012	chr3	320001	640000	320000	1600000	true	WORKFLOWS/gatk/data/hg38_synthetic.fa	7116698	3072	2	pre_launch
gatk_synthetic_nextflow	gatk_synthetic_20samples_25scatters	HaplotypeCaller	GATK::HaplotypeCaller	HaplotypeCaller	sample_11.scatter_013	7db12bcf251c15ea6b128fac2157fb2b24990be2ab02050093f2d640c5aff349	sample_11	60	10111	013	chr3	640001	960000	320000	1600000	true	WORKFLOWS/gatk/data/hg38_synthetic.fa	7116698	3072	2	pre_launch
gatk_synthetic_nextflow	gatk_synthetic_20samples_25scatters	HaplotypeCaller	GATK::HaplotypeCaller	HaplotypeCaller	sample_11.scatter_014	50d44c82826e689d1b30d24d20399ca01c0382ea16030029cd488436e3442072	sample_11	60	10111	014	chr3	960001	1280000	320000	1600000	true	WORKFLOWS/gatk/data/hg38_synthetic.fa	7116698	3072	2	pre_launch
gatk_synthetic_nextflow	gatk_synthetic_20samples_25scatters	HaplotypeCaller	GATK::HaplotypeCaller	HaplotypeCaller	sample_11.scatter_015	9eafe2f8ff2154c11d50c8070e2894cfde2eb3842287fe4ece9455e8a3de04ee	sample_11	60	10111	015	chr3	1280001	1600000	320000	1600000	true	WORKFLOWS/gatk/data/hg38_synthetic.fa	7116698	3072	2	pre_launch
gatk_synthetic_nextflow	gatk_synthetic_20samples_25scatters	HaplotypeCaller	GATK::HaplotypeCaller	HaplotypeCaller	sample_11.scatter_016	785fcad54302dbae8195e9204754306bb34f4f153d0467e240f12aa0e56217b7	sample_11	60	10111	016	chrX	1	240000	240000	1200000	true	WORKFLOWS/gatk/data/hg38_synthetic.fa	7116698	3072	2	pre_launch
gatk_synthetic_nextflow	gatk_synthetic_20samples_25scatters	HaplotypeCaller	GATK::HaplotypeCaller	HaplotypeCaller	sample_11.scatter_017	238b39a218bab03a2992a2e77a938d0c07f9eb54f813043fd31474a5d465b7af	sample_11	60	10111	017	chrX	240001	480000	240000	1200000	true	WORKFLOWS/gatk/data/hg38_synthetic.fa	7116698	3072	2	pre_launch
gatk_synthetic_nextflow	gatk_synthetic_20samples_25scatters	HaplotypeCaller	GATK::HaplotypeCaller	HaplotypeCaller	sample_11.scatter_018	0523c0dcfcf9befdd3b31c59d1bd827998742b408cbc58a937eebe6f7f102cdc	sample_11	60	10111	018	chrX	480001	720000	240000	1200000	true	WORKFLOWS/gatk/data/hg38_synthetic.fa	7116698	3072	2	pre_launch
gatk_synthetic_nextflow	gatk_synthetic_20samples_25scatters	HaplotypeCaller	GATK::HaplotypeCaller	HaplotypeCaller	sample_11.scatter_019	750a37d0b2494ba207865228793cd2939310ea40f6c3c794addfeb605cd29665	sample_11	60	10111	019	chrX	720001	960000	240000	1200000	true	WORKFLOWS/gatk/data/hg38_synthetic.fa	7116698	3072	2	pre_launch
gatk_synthetic_nextflow	gatk_synthetic_20samples_25scatters	HaplotypeCaller	GATK::HaplotypeCaller	HaplotypeCaller	sample_11.scatter_020	3d289b1150be79c7e57b32ebb2ee8e50873b49ac73aa70bb1a385a47b5c24218	sample_11	60	10111	020	chrX	960001	1200000	240000	1200000	true	WORKFLOWS/gatk/data/hg38_synthetic.fa	7116698	3072	2	pre_launch
gatk_synthetic_nextflow	gatk_synthetic_20samples_25scatters	HaplotypeCaller	GATK::HaplotypeCaller	HaplotypeCaller	sample_11.scatter_021	f04f4e6a4cd3fe651fa0ed34a11867ba627a81b2ffd2510e03c3c5bcb4b874a6	sample_11	60	10111	021	chrY	1	80000	80000	400000	true	WORKFLOWS/gatk/data/hg38_synthetic.fa	7116698	3072	2	pre_launch
gatk_synthetic_nextflow	gatk_synthetic_20samples_25scatters	HaplotypeCaller	GATK::HaplotypeCaller	HaplotypeCaller	sample_11.scatter_022	b4a2687bd890f3ef6c7be5527747854aab5ce1d397a7e4d79b2daba1662ceac3	sample_11	60	10111	022	chrY	80001	160000	80000	400000	true	WORKFLOWS/gatk/data/hg38_synthetic.fa	7116698	3072	2	pre_launch
gatk_synthetic_nextflow	gatk_synthetic_20samples_25scatters	HaplotypeCaller	GATK::HaplotypeCaller	HaplotypeCaller	sample_11.scatter_023	f76117fa1700e5ae2aea59c4d74a64191f64ed433f3ae26112c310c49d4f69f6	sample_11	60	10111	023	chrY	160001	240000	80000	400000	true	WORKFLOWS/gatk/data/hg38_synthetic.fa	7116698	3072	2	pre_launch
gatk_synthetic_nextflow	gatk_synthetic_20samples_25scatters	HaplotypeCaller	GATK::HaplotypeCaller	HaplotypeCaller	sample_11.scatter_024	7ea858866bb2110d79048d436761bcded4023bfd6a96bfc3c031999bd9006979	sample_11	60	10111	024	chrY	240001	320000	80000	400000	true	WORKFLOWS/gatk/data/hg38_synthetic.fa	7116698	3072	2	pre_launch
gatk_synthetic_nextflow	gatk_synthetic_20samples_25scatters	HaplotypeCaller	GATK::HaplotypeCaller	HaplotypeCaller	sample_11.scatter_025	0af3abae1b0080b65e745ab249c4b61b9a8659fddaf23598f0f234a1a3cefcf0	sample_11	60	10111	025	chrY	320001	400000	80000	400000	true	WORKFLOWS/gatk/data/hg38_synthetic.fa	7116698	3072	2	pre_launch
gatk_synthetic_nextflow	gatk_synthetic_20samples_25scatters	HaplotypeCaller	GATK::HaplotypeCaller	HaplotypeCaller	sample_12.scatter_001	0d29f4afba19b68136eac43c0d3aad2fc083c07dca9979262f97957fae55a5a6	sample_12	70	10112	001	chr1	1	400000	400000	2000000	true	WORKFLOWS/gatk/data/hg38_synthetic.fa	7116698	3072	2	pre_launch
gatk_synthetic_nextflow	gatk_synthetic_20samples_25scatters	HaplotypeCaller	GATK::HaplotypeCaller	HaplotypeCaller	sample_12.scatter_002	8be7d50f3e4404fc0bcbad7c9ad8555c37746bcd9d973176194519fe442c7c45	sample_12	70	10112	002	chr1	400001	800000	400000	2000000	true	WORKFLOWS/gatk/data/hg38_synthetic.fa	7116698	3072	2	pre_launch
gatk_synthetic_nextflow	gatk_synthetic_20samples_25scatters	HaplotypeCaller	GATK::HaplotypeCaller	HaplotypeCaller	sample_12.scatter_003	9560004acfb42f57a9d0caacc3621130388922d8f810da3ca398c5a6bf25cbd7	sample_12	70	10112	003	chr1	800001	1200000	400000	2000000	true	WORKFLOWS/gatk/data/hg38_synthetic.fa	7116698	3072	2	pre_launch
gatk_synthetic_nextflow	gatk_synthetic_20samples_25scatters	HaplotypeCaller	GATK::HaplotypeCaller	HaplotypeCaller	sample_12.scatter_004	007c06fa1ae09fca51e4dbbea49f6b99c5bc53aa9ff97c9a55f405d6e3c56d70	sample_12	70	10112	004	chr1	1200001	1600000	400000	2000000	true	WORKFLOWS/gatk/data/hg38_synthetic.fa	7116698	3072	2	pre_launch
gatk_synthetic_nextflow	gatk_synthetic_20samples_25scatters	HaplotypeCaller	GATK::HaplotypeCaller	HaplotypeCaller	sample_12.scatter_005	f2e8bde06045b462ad40fd9c2b5d5750a99e123e9e6bbf662458f52a763709b8	sample_12	70	10112	005	chr1	1600001	2000000	400000	2000000	true	WORKFLOWS/gatk/data/hg38_synthetic.fa	7116698	3072	2	pre_launch
gatk_synthetic_nextflow	gatk_synthetic_20samples_25scatters	HaplotypeCaller	GATK::HaplotypeCaller	HaplotypeCaller	sample_12.scatter_006	d18a26045f80b2f7bb35b09c9ddb7cc4f51557342b6702461ec04ccf75b6b9fb	sample_12	70	10112	006	chr2	1	360000	360000	1800000	true	WORKFLOWS/gatk/data/hg38_synthetic.fa	7116698	3072	2	pre_launch
gatk_synthetic_nextflow	gatk_synthetic_20samples_25scatters	HaplotypeCaller	GATK::HaplotypeCaller	HaplotypeCaller	sample_12.scatter_007	85b701b685d4201413bcb4112bcbdbcc11f9048856fa060adbc1b03bd7f6b271	sample_12	70	10112	007	chr2	360001	720000	360000	1800000	true	WORKFLOWS/gatk/data/hg38_synthetic.fa	7116698	3072	2	pre_launch
gatk_synthetic_nextflow	gatk_synthetic_20samples_25scatters	HaplotypeCaller	GATK::HaplotypeCaller	HaplotypeCaller	sample_12.scatter_008	1ac3ff53715ba5dec3e9a5aa4322738a761273e348a9b97f407ce9a4cad99a61	sample_12	70	10112	008	chr2	720001	1080000	360000	1800000	true	WORKFLOWS/gatk/data/hg38_synthetic.fa	7116698	3072	2	pre_launch
gatk_synthetic_nextflow	gatk_synthetic_20samples_25scatters	HaplotypeCaller	GATK::HaplotypeCaller	HaplotypeCaller	sample_12.scatter_009	d196fc86dfbf0e6597b413137214a8e8ec4625619dbab3f069038a7b05b2d85f	sample_12	70	10112	009	chr2	1080001	1440000	360000	1800000	true	WORKFLOWS/gatk/data/hg38_synthetic.fa	7116698	3072	2	pre_launch
gatk_synthetic_nextflow	gatk_synthetic_20samples_25scatters	HaplotypeCaller	GATK::HaplotypeCaller	HaplotypeCaller	sample_12.scatter_010	a3dffed159a4291de1529d0c0e37dfcff602e641c4b3866dd442a12e5137742d	sample_12	70	10112	010	chr2	1440001	1800000	360000	1800000	true	WORKFLOWS/gatk/data/hg38_synthetic.fa	7116698	3072	2	pre_launch
gatk_synthetic_nextflow	gatk_synthetic_20samples_25scatters	HaplotypeCaller	GATK::HaplotypeCaller	HaplotypeCaller	sample_12.scatter_011	8cf84ed9b6182537921d56f70690baaf3a48c9041478529fc0204abec1fce92e	sample_12	70	10112	011	chr3	1	320000	320000	1600000	true	WORKFLOWS/gatk/data/hg38_synthetic.fa	7116698	3072	2	pre_launch
gatk_synthetic_nextflow	gatk_synthetic_20samples_25scatters	HaplotypeCaller	GATK::HaplotypeCaller	HaplotypeCaller	sample_12.scatter_012	4267fce535591ff443196699423311139ad932dc2380d3f95f48f087835441d9	sample_12	70	10112	012	chr3	320001	640000	320000	1600000	true	WORKFLOWS/gatk/data/hg38_synthetic.fa	7116698	3072	2	pre_launch
gatk_synthetic_nextflow	gatk_synthetic_20samples_25scatters	HaplotypeCaller	GATK::HaplotypeCaller	HaplotypeCaller	sample_12.scatter_013	3513a64ae1f38ff5f4ccd704205e6a62308494fc6220e977ae6ec398c225446f	sample_12	70	10112	013	chr3	640001	960000	320000	1600000	true	WORKFLOWS/gatk/data/hg38_synthetic.fa	7116698	3072	2	pre_launch
gatk_synthetic_nextflow	gatk_synthetic_20samples_25scatters	HaplotypeCaller	GATK::HaplotypeCaller	HaplotypeCaller	sample_12.scatter_014	8b826008311e6a7cf46d07de2e6596b18a365c5a44846549a6aba9719584c866	sample_12	70	10112	014	chr3	960001	1280000	320000	1600000	true	WORKFLOWS/gatk/data/hg38_synthetic.fa	7116698	3072	2	pre_launch
gatk_synthetic_nextflow	gatk_synthetic_20samples_25scatters	HaplotypeCaller	GATK::HaplotypeCaller	HaplotypeCaller	sample_12.scatter_015	edc75779e98b5e483dada54ec79134204647be44b80faa472ba9095499b9bf45	sample_12	70	10112	015	chr3	1280001	1600000	320000	1600000	true	WORKFLOWS/gatk/data/hg38_synthetic.fa	7116698	3072	2	pre_launch
gatk_synthetic_nextflow	gatk_synthetic_20samples_25scatters	HaplotypeCaller	GATK::HaplotypeCaller	HaplotypeCaller	sample_12.scatter_016	ac0518fe5c0f681865125529dd72c27e1f287adeec692e5de5407600b7621349	sample_12	70	10112	016	chrX	1	240000	240000	1200000	true	WORKFLOWS/gatk/data/hg38_synthetic.fa	7116698	3072	2	pre_launch
gatk_synthetic_nextflow	gatk_synthetic_20samples_25scatters	HaplotypeCaller	GATK::HaplotypeCaller	HaplotypeCaller	sample_12.scatter_017	add98af5de296ee2dbd5d4b9d83dab88b338985651c30296e1836660a600367f	sample_12	70	10112	017	chrX	240001	480000	240000	1200000	true	WORKFLOWS/gatk/data/hg38_synthetic.fa	7116698	3072	2	pre_launch
gatk_synthetic_nextflow	gatk_synthetic_20samples_25scatters	HaplotypeCaller	GATK::HaplotypeCaller	HaplotypeCaller	sample_12.scatter_018	b0601f9d805546f2fc4f256d4ad3d756cfe1a66fdff9d4670ae728e1fd50f31d	sample_12	70	10112	018	chrX	480001	720000	240000	1200000	true	WORKFLOWS/gatk/data/hg38_synthetic.fa	7116698	3072	2	pre_launch
gatk_synthetic_nextflow	gatk_synthetic_20samples_25scatters	HaplotypeCaller	GATK::HaplotypeCaller	HaplotypeCaller	sample_12.scatter_019	ef954a5e60838715a95aa9803bde19ff0b0816eaf5dda0a679cc12409f616232	sample_12	70	10112	019	chrX	720001	960000	240000	1200000	true	WORKFLOWS/gatk/data/hg38_synthetic.fa	7116698	3072	2	pre_launch
gatk_synthetic_nextflow	gatk_synthetic_20samples_25scatters	HaplotypeCaller	GATK::HaplotypeCaller	HaplotypeCaller	sample_12.scatter_020	f58b5c23f861b488ac3288517e5f4c5df8c4420c98cd12bf384976fe63093ed1	sample_12	70	10112	020	chrX	960001	1200000	240000	1200000	true	WORKFLOWS/gatk/data/hg38_synthetic.fa	7116698	3072	2	pre_launch
gatk_synthetic_nextflow	gatk_synthetic_20samples_25scatters	HaplotypeCaller	GATK::HaplotypeCaller	HaplotypeCaller	sample_12.scatter_021	bfb8919daa678386d79e763e1af5ecd4b7db3b0c1cfa3890f7573b72cb628881	sample_12	70	10112	021	chrY	1	80000	80000	400000	true	WORKFLOWS/gatk/data/hg38_synthetic.fa	7116698	3072	2	pre_launch
gatk_synthetic_nextflow	gatk_synthetic_20samples_25scatters	HaplotypeCaller	GATK::HaplotypeCaller	HaplotypeCaller	sample_12.scatter_022	9605b08814a003f133d316598f96efea496ecb0fa0ffe266459713c35d425a6a	sample_12	70	10112	022	chrY	80001	160000	80000	400000	true	WORKFLOWS/gatk/data/hg38_synthetic.fa	7116698	3072	2	pre_launch
gatk_synthetic_nextflow	gatk_synthetic_20samples_25scatters	HaplotypeCaller	GATK::HaplotypeCaller	HaplotypeCaller	sample_12.scatter_023	32ecd34000e2efeaa9b2e7f2f73f87a62fd7f2dd0b8488b16869d7c6e75f035f	sample_12	70	10112	023	chrY	160001	240000	80000	400000	true	WORKFLOWS/gatk/data/hg38_synthetic.fa	7116698	3072	2	pre_launch
gatk_synthetic_nextflow	gatk_synthetic_20samples_25scatters	HaplotypeCaller	GATK::HaplotypeCaller	HaplotypeCaller	sample_12.scatter_024	1268a319c6aeb05f5847902b720d176c8c99355319fa96b3ed955ccecae22eaa	sample_12	70	10112	024	chrY	240001	320000	80000	400000	true	WORKFLOWS/gatk/data/hg38_synthetic.fa	7116698	3072	2	pre_launch
gatk_synthetic_nextflow	gatk_synthetic_20samples_25scatters	HaplotypeCaller	GATK::HaplotypeCaller	HaplotypeCaller	sample_12.scatter_025	fd0331a0f0ad3c385f007f91e6acca515395c53c589e8b8076621da46896607c	sample_12	70	10112	025	chrY	320001	400000	80000	400000	true	WORKFLOWS/gatk/data/hg38_synthetic.fa	7116698	3072	2	pre_launch
gatk_synthetic_nextflow	gatk_synthetic_20samples_25scatters	HaplotypeCaller	GATK::HaplotypeCaller	HaplotypeCaller	sample_13.scatter_001	213f4680cdc44591e57b3dfef029c113a666dfd43bc0e24ba235e5e5ceb9c492	sample_13	12	10113	001	chr1	1	400000	400000	2000000	true	WORKFLOWS/gatk/data/hg38_synthetic.fa	7116698	3072	2	pre_launch
gatk_synthetic_nextflow	gatk_synthetic_20samples_25scatters	HaplotypeCaller	GATK::HaplotypeCaller	HaplotypeCaller	sample_13.scatter_002	fc26e7fe3bfac265b9ca3362396880a45f2b9564531b717173f6ee92ae46ce4d	sample_13	12	10113	002	chr1	400001	800000	400000	2000000	true	WORKFLOWS/gatk/data/hg38_synthetic.fa	7116698	3072	2	pre_launch
gatk_synthetic_nextflow	gatk_synthetic_20samples_25scatters	HaplotypeCaller	GATK::HaplotypeCaller	HaplotypeCaller	sample_13.scatter_003	641ae49c752f6a1d8ed74cc38ecdb43899b3d2db2fdfb6f1a0c97ebd4e711476	sample_13	12	10113	003	chr1	800001	1200000	400000	2000000	true	WORKFLOWS/gatk/data/hg38_synthetic.fa	7116698	3072	2	pre_launch
gatk_synthetic_nextflow	gatk_synthetic_20samples_25scatters	HaplotypeCaller	GATK::HaplotypeCaller	HaplotypeCaller	sample_13.scatter_004	6deacecc40fecccadf4cd84c3eacef1fc27a1e9414a4b930228539df329a2067	sample_13	12	10113	004	chr1	1200001	1600000	400000	2000000	true	WORKFLOWS/gatk/data/hg38_synthetic.fa	7116698	3072	2	pre_launch
gatk_synthetic_nextflow	gatk_synthetic_20samples_25scatters	HaplotypeCaller	GATK::HaplotypeCaller	HaplotypeCaller	sample_13.scatter_005	12e0d53f4ad8837033e7257afa28036c40636753367ff1c34a9e1f99aa03167d	sample_13	12	10113	005	chr1	1600001	2000000	400000	2000000	true	WORKFLOWS/gatk/data/hg38_synthetic.fa	7116698	3072	2	pre_launch
gatk_synthetic_nextflow	gatk_synthetic_20samples_25scatters	HaplotypeCaller	GATK::HaplotypeCaller	HaplotypeCaller	sample_13.scatter_006	9facaca5954722bc63d335076badf770782a5a08c9d0f5e9ea04982d8f040fb8	sample_13	12	10113	006	chr2	1	360000	360000	1800000	true	WORKFLOWS/gatk/data/hg38_synthetic.fa	7116698	3072	2	pre_launch
gatk_synthetic_nextflow	gatk_synthetic_20samples_25scatters	HaplotypeCaller	GATK::HaplotypeCaller	HaplotypeCaller	sample_13.scatter_007	16c457851264489c5e16995c9a1d122d192ea1e04721d288b75930967275236b	sample_13	12	10113	007	chr2	360001	720000	360000	1800000	true	WORKFLOWS/gatk/data/hg38_synthetic.fa	7116698	3072	2	pre_launch
gatk_synthetic_nextflow	gatk_synthetic_20samples_25scatters	HaplotypeCaller	GATK::HaplotypeCaller	HaplotypeCaller	sample_13.scatter_008	d36902405262853f07d6c00d099fcdf8c4000a16d7659a7b4a5741582a5d61ce	sample_13	12	10113	008	chr2	720001	1080000	360000	1800000	true	WORKFLOWS/gatk/data/hg38_synthetic.fa	7116698	3072	2	pre_launch
gatk_synthetic_nextflow	gatk_synthetic_20samples_25scatters	HaplotypeCaller	GATK::HaplotypeCaller	HaplotypeCaller	sample_13.scatter_009	3bcdb38385e882d5d42047c444c3d65480cb0737524ad14f84d71ceec5ea1b9d	sample_13	12	10113	009	chr2	1080001	1440000	360000	1800000	true	WORKFLOWS/gatk/data/hg38_synthetic.fa	7116698	3072	2	pre_launch
gatk_synthetic_nextflow	gatk_synthetic_20samples_25scatters	HaplotypeCaller	GATK::HaplotypeCaller	HaplotypeCaller	sample_13.scatter_010	6f36238999dd384a4897a98b8b09b493600e95f8b004252584654ee499e76b32	sample_13	12	10113	010	chr2	1440001	1800000	360000	1800000	true	WORKFLOWS/gatk/data/hg38_synthetic.fa	7116698	3072	2	pre_launch
gatk_synthetic_nextflow	gatk_synthetic_20samples_25scatters	HaplotypeCaller	GATK::HaplotypeCaller	HaplotypeCaller	sample_13.scatter_011	0c10b10a1f3698b7f0f894e641e3ff67f33d4ef8c959ee16eb75031a1d44102c	sample_13	12	10113	011	chr3	1	320000	320000	1600000	true	WORKFLOWS/gatk/data/hg38_synthetic.fa	7116698	3072	2	pre_launch
gatk_synthetic_nextflow	gatk_synthetic_20samples_25scatters	HaplotypeCaller	GATK::HaplotypeCaller	HaplotypeCaller	sample_13.scatter_012	d9681abbcb471c0c414e461686bcfa9613974886a787cf69772276ae16c4eb0d	sample_13	12	10113	012	chr3	320001	640000	320000	1600000	true	WORKFLOWS/gatk/data/hg38_synthetic.fa	7116698	3072	2	pre_launch
gatk_synthetic_nextflow	gatk_synthetic_20samples_25scatters	HaplotypeCaller	GATK::HaplotypeCaller	HaplotypeCaller	sample_13.scatter_013	b8a4c39401e16d7fb4d88685b8c74f76bd7979cc0d15f838c0c21bc201e6299e	sample_13	12	10113	013	chr3	640001	960000	320000	1600000	true	WORKFLOWS/gatk/data/hg38_synthetic.fa	7116698	3072	2	pre_launch
gatk_synthetic_nextflow	gatk_synthetic_20samples_25scatters	HaplotypeCaller	GATK::HaplotypeCaller	HaplotypeCaller	sample_13.scatter_014	fca36a3fa6cc4403037f74e27fc66d15f37d5ccefa7b775b21a2ec1744bb2fac	sample_13	12	10113	014	chr3	960001	1280000	320000	1600000	true	WORKFLOWS/gatk/data/hg38_synthetic.fa	7116698	3072	2	pre_launch
gatk_synthetic_nextflow	gatk_synthetic_20samples_25scatters	HaplotypeCaller	GATK::HaplotypeCaller	HaplotypeCaller	sample_13.scatter_015	f6b598be525621a36aa155009380ddf02d96dcf26dc75477aa29cf812dcbe807	sample_13	12	10113	015	chr3	1280001	1600000	320000	1600000	true	WORKFLOWS/gatk/data/hg38_synthetic.fa	7116698	3072	2	pre_launch
gatk_synthetic_nextflow	gatk_synthetic_20samples_25scatters	HaplotypeCaller	GATK::HaplotypeCaller	HaplotypeCaller	sample_13.scatter_016	e96bf759d0529cdd03b84063072c62d1bc4717a353de04c1dd37ccbe501b9ff7	sample_13	12	10113	016	chrX	1	240000	240000	1200000	true	WORKFLOWS/gatk/data/hg38_synthetic.fa	7116698	3072	2	pre_launch
gatk_synthetic_nextflow	gatk_synthetic_20samples_25scatters	HaplotypeCaller	GATK::HaplotypeCaller	HaplotypeCaller	sample_13.scatter_017	93d0c197000a258313a1444b9d33087c2ff36b2cfbba8ee9540d6e4a7a4fdd53	sample_13	12	10113	017	chrX	240001	480000	240000	1200000	true	WORKFLOWS/gatk/data/hg38_synthetic.fa	7116698	3072	2	pre_launch
gatk_synthetic_nextflow	gatk_synthetic_20samples_25scatters	HaplotypeCaller	GATK::HaplotypeCaller	HaplotypeCaller	sample_13.scatter_018	2e01810aed76141e64add6a50412f749d03a348d6bdac88a05645503558cd6fc	sample_13	12	10113	018	chrX	480001	720000	240000	1200000	true	WORKFLOWS/gatk/data/hg38_synthetic.fa	7116698	3072	2	pre_launch
gatk_synthetic_nextflow	gatk_synthetic_20samples_25scatters	HaplotypeCaller	GATK::HaplotypeCaller	HaplotypeCaller	sample_13.scatter_019	4abe2761e3b4b9ac759f80b6db11fb3a87b9b821014e7db9409d7013074311a8	sample_13	12	10113	019	chrX	720001	960000	240000	1200000	true	WORKFLOWS/gatk/data/hg38_synthetic.fa	7116698	3072	2	pre_launch
gatk_synthetic_nextflow	gatk_synthetic_20samples_25scatters	HaplotypeCaller	GATK::HaplotypeCaller	HaplotypeCaller	sample_13.scatter_020	ed9a2a1231ca0cd9344fc21385fa4211f8ebf23e30492c3118a84644b79fd90d	sample_13	12	10113	020	chrX	960001	1200000	240000	1200000	true	WORKFLOWS/gatk/data/hg38_synthetic.fa	7116698	3072	2	pre_launch
gatk_synthetic_nextflow	gatk_synthetic_20samples_25scatters	HaplotypeCaller	GATK::HaplotypeCaller	HaplotypeCaller	sample_13.scatter_021	878e7c29b59a644c919d4421b33f0e68ecc7bc18b6b9e77e6d9d1aeed804ad10	sample_13	12	10113	021	chrY	1	80000	80000	400000	true	WORKFLOWS/gatk/data/hg38_synthetic.fa	7116698	3072	2	pre_launch
gatk_synthetic_nextflow	gatk_synthetic_20samples_25scatters	HaplotypeCaller	GATK::HaplotypeCaller	HaplotypeCaller	sample_13.scatter_022	36d12d3386d233ee0e6f62463dd4b4c839c40c401da527967c27607bedf66b08	sample_13	12	10113	022	chrY	80001	160000	80000	400000	true	WORKFLOWS/gatk/data/hg38_synthetic.fa	7116698	3072	2	pre_launch
gatk_synthetic_nextflow	gatk_synthetic_20samples_25scatters	HaplotypeCaller	GATK::HaplotypeCaller	HaplotypeCaller	sample_13.scatter_023	0c71c03fe0b5cbce456f694bc2c47aeea27fcf733d16e2073777be3c7ea4537c	sample_13	12	10113	023	chrY	160001	240000	80000	400000	true	WORKFLOWS/gatk/data/hg38_synthetic.fa	7116698	3072	2	pre_launch
gatk_synthetic_nextflow	gatk_synthetic_20samples_25scatters	HaplotypeCaller	GATK::HaplotypeCaller	HaplotypeCaller	sample_13.scatter_024	6544d7f81149e7ac5034e20b76c24c94e6ba97fab738189f7e5452cebe7dc956	sample_13	12	10113	024	chrY	240001	320000	80000	400000	true	WORKFLOWS/gatk/data/hg38_synthetic.fa	7116698	3072	2	pre_launch
gatk_synthetic_nextflow	gatk_synthetic_20samples_25scatters	HaplotypeCaller	GATK::HaplotypeCaller	HaplotypeCaller	sample_13.scatter_025	c473d277f386f0343bfd347439ce52b10f6e62c3d1281069a5271f1e62a329b4	sample_13	12	10113	025	chrY	320001	400000	80000	400000	true	WORKFLOWS/gatk/data/hg38_synthetic.fa	7116698	3072	2	pre_launch
gatk_synthetic_nextflow	gatk_synthetic_20samples_25scatters	HaplotypeCaller	GATK::HaplotypeCaller	HaplotypeCaller	sample_14.scatter_001	19b993ad517e92e492d99628176f2c2bef29eb5f5030d7ce0f7c2fde49be6dd6	sample_14	18	10114	001	chr1	1	400000	400000	2000000	true	WORKFLOWS/gatk/data/hg38_synthetic.fa	7116698	3072	2	pre_launch
gatk_synthetic_nextflow	gatk_synthetic_20samples_25scatters	HaplotypeCaller	GATK::HaplotypeCaller	HaplotypeCaller	sample_14.scatter_002	1816dafa2e6ae15c51aba8bd9f4006e9d12ca28cc318a9f7c646d12e9be6386b	sample_14	18	10114	002	chr1	400001	800000	400000	2000000	true	WORKFLOWS/gatk/data/hg38_synthetic.fa	7116698	3072	2	pre_launch
gatk_synthetic_nextflow	gatk_synthetic_20samples_25scatters	HaplotypeCaller	GATK::HaplotypeCaller	HaplotypeCaller	sample_14.scatter_003	b1c26740d39a96e517eedaef334e8ee8f01ae015cb9d8b7a21aec0db060b750a	sample_14	18	10114	003	chr1	800001	1200000	400000	2000000	true	WORKFLOWS/gatk/data/hg38_synthetic.fa	7116698	3072	2	pre_launch
gatk_synthetic_nextflow	gatk_synthetic_20samples_25scatters	HaplotypeCaller	GATK::HaplotypeCaller	HaplotypeCaller	sample_14.scatter_004	d2cd5a050863aa02ef75babff8d55004f7caf09580351cb34e25ff09874bb238	sample_14	18	10114	004	chr1	1200001	1600000	400000	2000000	true	WORKFLOWS/gatk/data/hg38_synthetic.fa	7116698	3072	2	pre_launch
gatk_synthetic_nextflow	gatk_synthetic_20samples_25scatters	HaplotypeCaller	GATK::HaplotypeCaller	HaplotypeCaller	sample_14.scatter_005	07e3dac8236faf29e4d3df820c572ba82d544bcb8dd5f5f5ab9a647ac1a8c8d4	sample_14	18	10114	005	chr1	1600001	2000000	400000	2000000	true	WORKFLOWS/gatk/data/hg38_synthetic.fa	7116698	3072	2	pre_launch
gatk_synthetic_nextflow	gatk_synthetic_20samples_25scatters	HaplotypeCaller	GATK::HaplotypeCaller	HaplotypeCaller	sample_14.scatter_006	03f483907097a6aff89fe6c973f23dc211d4bae5bf8e2b9359587d6bbe243956	sample_14	18	10114	006	chr2	1	360000	360000	1800000	true	WORKFLOWS/gatk/data/hg38_synthetic.fa	7116698	3072	2	pre_launch
gatk_synthetic_nextflow	gatk_synthetic_20samples_25scatters	HaplotypeCaller	GATK::HaplotypeCaller	HaplotypeCaller	sample_14.scatter_007	66edad37ffa8616c0e026c3d93128743c0e5926f110bda53cd625a5a385111e9	sample_14	18	10114	007	chr2	360001	720000	360000	1800000	true	WORKFLOWS/gatk/data/hg38_synthetic.fa	7116698	3072	2	pre_launch
gatk_synthetic_nextflow	gatk_synthetic_20samples_25scatters	HaplotypeCaller	GATK::HaplotypeCaller	HaplotypeCaller	sample_14.scatter_008	aa96adba6460eec2bbe2f3c7dfb22ec49fb941a8d043fc8e1746b26c2d70e7c9	sample_14	18	10114	008	chr2	720001	1080000	360000	1800000	true	WORKFLOWS/gatk/data/hg38_synthetic.fa	7116698	3072	2	pre_launch
gatk_synthetic_nextflow	gatk_synthetic_20samples_25scatters	HaplotypeCaller	GATK::HaplotypeCaller	HaplotypeCaller	sample_14.scatter_009	11dab4e8a1b127f3ed3563d7646c944bcc1d1dca2eae6a1d7cdad6b8a6b8b315	sample_14	18	10114	009	chr2	1080001	1440000	360000	1800000	true	WORKFLOWS/gatk/data/hg38_synthetic.fa	7116698	3072	2	pre_launch
gatk_synthetic_nextflow	gatk_synthetic_20samples_25scatters	HaplotypeCaller	GATK::HaplotypeCaller	HaplotypeCaller	sample_14.scatter_010	bdc2c2da94abedc9a526da75df37b52fce5ddd2cc2c0169b6694df6bbd686532	sample_14	18	10114	010	chr2	1440001	1800000	360000	1800000	true	WORKFLOWS/gatk/data/hg38_synthetic.fa	7116698	3072	2	pre_launch
gatk_synthetic_nextflow	gatk_synthetic_20samples_25scatters	HaplotypeCaller	GATK::HaplotypeCaller	HaplotypeCaller	sample_14.scatter_011	5827661e2b9e11ade2e15a2cdcc8ed0b4ad61825a9ecbdfd9fc35bb994c1baa7	sample_14	18	10114	011	chr3	1	320000	320000	1600000	true	WORKFLOWS/gatk/data/hg38_synthetic.fa	7116698	3072	2	pre_launch
gatk_synthetic_nextflow	gatk_synthetic_20samples_25scatters	HaplotypeCaller	GATK::HaplotypeCaller	HaplotypeCaller	sample_14.scatter_012	02c83e45e308b937cf8e9f3fe9cf201c6c61ce3e3b0f08127f1cc7204f6f2271	sample_14	18	10114	012	chr3	320001	640000	320000	1600000	true	WORKFLOWS/gatk/data/hg38_synthetic.fa	7116698	3072	2	pre_launch
gatk_synthetic_nextflow	gatk_synthetic_20samples_25scatters	HaplotypeCaller	GATK::HaplotypeCaller	HaplotypeCaller	sample_14.scatter_013	9ba2a252dd0e0335d7bf8bc3d890de9d68647f84c45c4486dc414d026cd0f98a	sample_14	18	10114	013	chr3	640001	960000	320000	1600000	true	WORKFLOWS/gatk/data/hg38_synthetic.fa	7116698	3072	2	pre_launch
gatk_synthetic_nextflow	gatk_synthetic_20samples_25scatters	HaplotypeCaller	GATK::HaplotypeCaller	HaplotypeCaller	sample_14.scatter_014	d175b5bb96c05d9214d3cc9a124e4a8eb307d8ad2a0a1f32b026f4b806a02e09	sample_14	18	10114	014	chr3	960001	1280000	320000	1600000	true	WORKFLOWS/gatk/data/hg38_synthetic.fa	7116698	3072	2	pre_launch
gatk_synthetic_nextflow	gatk_synthetic_20samples_25scatters	HaplotypeCaller	GATK::HaplotypeCaller	HaplotypeCaller	sample_14.scatter_015	1537d28754bcc32371682b8c460650c1714a7a6347b245d40b6d2ba84b22cfb0	sample_14	18	10114	015	chr3	1280001	1600000	320000	1600000	true	WORKFLOWS/gatk/data/hg38_synthetic.fa	7116698	3072	2	pre_launch
gatk_synthetic_nextflow	gatk_synthetic_20samples_25scatters	HaplotypeCaller	GATK::HaplotypeCaller	HaplotypeCaller	sample_14.scatter_016	8dc5e2d3304b559a233fb5609be819f51f16a7fa451950ff2016266cbae30f20	sample_14	18	10114	016	chrX	1	240000	240000	1200000	true	WORKFLOWS/gatk/data/hg38_synthetic.fa	7116698	3072	2	pre_launch
gatk_synthetic_nextflow	gatk_synthetic_20samples_25scatters	HaplotypeCaller	GATK::HaplotypeCaller	HaplotypeCaller	sample_14.scatter_017	7a50cd5d3d61985e685f6f1811b6e73da46ed08328b8e72b51d98c3729408d94	sample_14	18	10114	017	chrX	240001	480000	240000	1200000	true	WORKFLOWS/gatk/data/hg38_synthetic.fa	7116698	3072	2	pre_launch
gatk_synthetic_nextflow	gatk_synthetic_20samples_25scatters	HaplotypeCaller	GATK::HaplotypeCaller	HaplotypeCaller	sample_14.scatter_018	e8cd13041549db9a28f0c687f15f5694f74159363991f1f78d132d3dd737090f	sample_14	18	10114	018	chrX	480001	720000	240000	1200000	true	WORKFLOWS/gatk/data/hg38_synthetic.fa	7116698	3072	2	pre_launch
gatk_synthetic_nextflow	gatk_synthetic_20samples_25scatters	HaplotypeCaller	GATK::HaplotypeCaller	HaplotypeCaller	sample_14.scatter_019	061d419fea7d07e57dbd28c2d37424cb1b1e0bcd6ca83aa07ab040d243814285	sample_14	18	10114	019	chrX	720001	960000	240000	1200000	true	WORKFLOWS/gatk/data/hg38_synthetic.fa	7116698	3072	2	pre_launch
gatk_synthetic_nextflow	gatk_synthetic_20samples_25scatters	HaplotypeCaller	GATK::HaplotypeCaller	HaplotypeCaller	sample_14.scatter_020	b6a6853852b22ef3fae9f863c46c41fc5a298b93758f14d62fee457a9b1ddded	sample_14	18	10114	020	chrX	960001	1200000	240000	1200000	true	WORKFLOWS/gatk/data/hg38_synthetic.fa	7116698	3072	2	pre_launch
gatk_synthetic_nextflow	gatk_synthetic_20samples_25scatters	HaplotypeCaller	GATK::HaplotypeCaller	HaplotypeCaller	sample_14.scatter_021	cfc2853154416034e2acb00e9a26c6e60f79cd710a21a17434001ed48be57f98	sample_14	18	10114	021	chrY	1	80000	80000	400000	true	WORKFLOWS/gatk/data/hg38_synthetic.fa	7116698	3072	2	pre_launch
gatk_synthetic_nextflow	gatk_synthetic_20samples_25scatters	HaplotypeCaller	GATK::HaplotypeCaller	HaplotypeCaller	sample_14.scatter_022	6f76a29146c17aecd80701fc072fb69148271b86dbfd26230d4657223a9898c8	sample_14	18	10114	022	chrY	80001	160000	80000	400000	true	WORKFLOWS/gatk/data/hg38_synthetic.fa	7116698	3072	2	pre_launch
gatk_synthetic_nextflow	gatk_synthetic_20samples_25scatters	HaplotypeCaller	GATK::HaplotypeCaller	HaplotypeCaller	sample_14.scatter_023	4dccdcb80b1eb6acba0c00d480d6817ce5096ceecbd8432c0ee62e271086c3cb	sample_14	18	10114	023	chrY	160001	240000	80000	400000	true	WORKFLOWS/gatk/data/hg38_synthetic.fa	7116698	3072	2	pre_launch
gatk_synthetic_nextflow	gatk_synthetic_20samples_25scatters	HaplotypeCaller	GATK::HaplotypeCaller	HaplotypeCaller	sample_14.scatter_024	7a0b465e3df3471e54160f7c42c1213df194b1850c20fbca19840193af50a7b9	sample_14	18	10114	024	chrY	240001	320000	80000	400000	true	WORKFLOWS/gatk/data/hg38_synthetic.fa	7116698	3072	2	pre_launch
gatk_synthetic_nextflow	gatk_synthetic_20samples_25scatters	HaplotypeCaller	GATK::HaplotypeCaller	HaplotypeCaller	sample_14.scatter_025	560381dea8bee2c4a71d82850f5b391d112fef1b1f60f8f5e414d86dc76c25a4	sample_14	18	10114	025	chrY	320001	400000	80000	400000	true	WORKFLOWS/gatk/data/hg38_synthetic.fa	7116698	3072	2	pre_launch
gatk_synthetic_nextflow	gatk_synthetic_20samples_25scatters	HaplotypeCaller	GATK::HaplotypeCaller	HaplotypeCaller	sample_15.scatter_001	1f8d9adaa72fe10ccb7c3a5114371cfb49481297fd11daaf16b21a783fe9a895	sample_15	24	10115	001	chr1	1	400000	400000	2000000	true	WORKFLOWS/gatk/data/hg38_synthetic.fa	7116698	3072	2	pre_launch
gatk_synthetic_nextflow	gatk_synthetic_20samples_25scatters	HaplotypeCaller	GATK::HaplotypeCaller	HaplotypeCaller	sample_15.scatter_002	75851cebd36754eddcb1694e2abe3289a7e2c81784715febdff67a7637b87d8c	sample_15	24	10115	002	chr1	400001	800000	400000	2000000	true	WORKFLOWS/gatk/data/hg38_synthetic.fa	7116698	3072	2	pre_launch
gatk_synthetic_nextflow	gatk_synthetic_20samples_25scatters	HaplotypeCaller	GATK::HaplotypeCaller	HaplotypeCaller	sample_15.scatter_003	3358e8a10812a63cec9fa503e18fe09b819b82fa825be645b3ea753efaffe8ea	sample_15	24	10115	003	chr1	800001	1200000	400000	2000000	true	WORKFLOWS/gatk/data/hg38_synthetic.fa	7116698	3072	2	pre_launch
gatk_synthetic_nextflow	gatk_synthetic_20samples_25scatters	HaplotypeCaller	GATK::HaplotypeCaller	HaplotypeCaller	sample_15.scatter_004	9da8ed39d53c8b5d811e4fb04c47fb68831109abf25058a335727de344eaa162	sample_15	24	10115	004	chr1	1200001	1600000	400000	2000000	true	WORKFLOWS/gatk/data/hg38_synthetic.fa	7116698	3072	2	pre_launch
gatk_synthetic_nextflow	gatk_synthetic_20samples_25scatters	HaplotypeCaller	GATK::HaplotypeCaller	HaplotypeCaller	sample_15.scatter_005	167b252edff9514ce0cd54fa69b47b28cd87017cc46209e7734888f264610dd6	sample_15	24	10115	005	chr1	1600001	2000000	400000	2000000	true	WORKFLOWS/gatk/data/hg38_synthetic.fa	7116698	3072	2	pre_launch
gatk_synthetic_nextflow	gatk_synthetic_20samples_25scatters	HaplotypeCaller	GATK::HaplotypeCaller	HaplotypeCaller	sample_15.scatter_006	e7bb99cd991f0d5802e3ab7d734a6216c6f135da4f1b07359af5bb3eb470047d	sample_15	24	10115	006	chr2	1	360000	360000	1800000	true	WORKFLOWS/gatk/data/hg38_synthetic.fa	7116698	3072	2	pre_launch
gatk_synthetic_nextflow	gatk_synthetic_20samples_25scatters	HaplotypeCaller	GATK::HaplotypeCaller	HaplotypeCaller	sample_15.scatter_007	c1cc7e026d5449252991f8c1d3c601b3930f49523444961574a797afe8c82c03	sample_15	24	10115	007	chr2	360001	720000	360000	1800000	true	WORKFLOWS/gatk/data/hg38_synthetic.fa	7116698	3072	2	pre_launch
gatk_synthetic_nextflow	gatk_synthetic_20samples_25scatters	HaplotypeCaller	GATK::HaplotypeCaller	HaplotypeCaller	sample_15.scatter_008	bd840ad083b62db33deb81924301f44416d5aedccfb80e43c34994afd72c37a7	sample_15	24	10115	008	chr2	720001	1080000	360000	1800000	true	WORKFLOWS/gatk/data/hg38_synthetic.fa	7116698	3072	2	pre_launch
gatk_synthetic_nextflow	gatk_synthetic_20samples_25scatters	HaplotypeCaller	GATK::HaplotypeCaller	HaplotypeCaller	sample_15.scatter_009	ff555230255ca02d9bd096c5f74a34f340e916bd4199eefd384207b02d4547b9	sample_15	24	10115	009	chr2	1080001	1440000	360000	1800000	true	WORKFLOWS/gatk/data/hg38_synthetic.fa	7116698	3072	2	pre_launch
gatk_synthetic_nextflow	gatk_synthetic_20samples_25scatters	HaplotypeCaller	GATK::HaplotypeCaller	HaplotypeCaller	sample_15.scatter_010	42c3b2c5c3a46c441ee5a1ee4973f462235f96b8528485c3c4c50c9220a428cc	sample_15	24	10115	010	chr2	1440001	1800000	360000	1800000	true	WORKFLOWS/gatk/data/hg38_synthetic.fa	7116698	3072	2	pre_launch
gatk_synthetic_nextflow	gatk_synthetic_20samples_25scatters	HaplotypeCaller	GATK::HaplotypeCaller	HaplotypeCaller	sample_15.scatter_011	9dc20f81308b42a83d3aef8a1b8832a46b413dd0c5b8752dfab298be246fec0e	sample_15	24	10115	011	chr3	1	320000	320000	1600000	true	WORKFLOWS/gatk/data/hg38_synthetic.fa	7116698	3072	2	pre_launch
gatk_synthetic_nextflow	gatk_synthetic_20samples_25scatters	HaplotypeCaller	GATK::HaplotypeCaller	HaplotypeCaller	sample_15.scatter_012	a386c58353ac0f50511233621b42455d0a484de71d8e30af4a4570fa56d56da1	sample_15	24	10115	012	chr3	320001	640000	320000	1600000	true	WORKFLOWS/gatk/data/hg38_synthetic.fa	7116698	3072	2	pre_launch
gatk_synthetic_nextflow	gatk_synthetic_20samples_25scatters	HaplotypeCaller	GATK::HaplotypeCaller	HaplotypeCaller	sample_15.scatter_013	0b3b3437c63ffa78b80957d80a14f941f158311bda7e1fc7186aa9dc8b4e5baa	sample_15	24	10115	013	chr3	640001	960000	320000	1600000	true	WORKFLOWS/gatk/data/hg38_synthetic.fa	7116698	3072	2	pre_launch
gatk_synthetic_nextflow	gatk_synthetic_20samples_25scatters	HaplotypeCaller	GATK::HaplotypeCaller	HaplotypeCaller	sample_15.scatter_014	c724f15c3446bbe087f489150b7959eb745ea629bcce2483e907613908630e9e	sample_15	24	10115	014	chr3	960001	1280000	320000	1600000	true	WORKFLOWS/gatk/data/hg38_synthetic.fa	7116698	3072	2	pre_launch
gatk_synthetic_nextflow	gatk_synthetic_20samples_25scatters	HaplotypeCaller	GATK::HaplotypeCaller	HaplotypeCaller	sample_15.scatter_015	05fd9e2aec8eb4f544acb0bb2994da73f4312083c0a312522f57ed338011c8ba	sample_15	24	10115	015	chr3	1280001	1600000	320000	1600000	true	WORKFLOWS/gatk/data/hg38_synthetic.fa	7116698	3072	2	pre_launch
gatk_synthetic_nextflow	gatk_synthetic_20samples_25scatters	HaplotypeCaller	GATK::HaplotypeCaller	HaplotypeCaller	sample_15.scatter_016	4e0852f01d16160d841bdeecfd89daa3f0c7f82613b72479ae977af95e077526	sample_15	24	10115	016	chrX	1	240000	240000	1200000	true	WORKFLOWS/gatk/data/hg38_synthetic.fa	7116698	3072	2	pre_launch
gatk_synthetic_nextflow	gatk_synthetic_20samples_25scatters	HaplotypeCaller	GATK::HaplotypeCaller	HaplotypeCaller	sample_15.scatter_017	558b057a94d7975653136e78578b4e8e0537abc3f3dca215d3ba41ef6262003f	sample_15	24	10115	017	chrX	240001	480000	240000	1200000	true	WORKFLOWS/gatk/data/hg38_synthetic.fa	7116698	3072	2	pre_launch
gatk_synthetic_nextflow	gatk_synthetic_20samples_25scatters	HaplotypeCaller	GATK::HaplotypeCaller	HaplotypeCaller	sample_15.scatter_018	4a2f11c78500211337ca9cb4eb53de0a1d40a4d2476daa215b9e3d6bf92363ee	sample_15	24	10115	018	chrX	480001	720000	240000	1200000	true	WORKFLOWS/gatk/data/hg38_synthetic.fa	7116698	3072	2	pre_launch
gatk_synthetic_nextflow	gatk_synthetic_20samples_25scatters	HaplotypeCaller	GATK::HaplotypeCaller	HaplotypeCaller	sample_15.scatter_019	c434f3920ff006f4a7ba9e2b93986db8313b33bf184288678675bdf990a5e57d	sample_15	24	10115	019	chrX	720001	960000	240000	1200000	true	WORKFLOWS/gatk/data/hg38_synthetic.fa	7116698	3072	2	pre_launch
gatk_synthetic_nextflow	gatk_synthetic_20samples_25scatters	HaplotypeCaller	GATK::HaplotypeCaller	HaplotypeCaller	sample_15.scatter_020	fb8ecd945d8aed634cb9f0ef17a2ce5a319b421204ee6ea089b290f712c35430	sample_15	24	10115	020	chrX	960001	1200000	240000	1200000	true	WORKFLOWS/gatk/data/hg38_synthetic.fa	7116698	3072	2	pre_launch
gatk_synthetic_nextflow	gatk_synthetic_20samples_25scatters	HaplotypeCaller	GATK::HaplotypeCaller	HaplotypeCaller	sample_15.scatter_021	8d232cbc7ca6af49c93103dba49dbecd802b9ccd4322b80597d8edd818fbb10a	sample_15	24	10115	021	chrY	1	80000	80000	400000	true	WORKFLOWS/gatk/data/hg38_synthetic.fa	7116698	3072	2	pre_launch
gatk_synthetic_nextflow	gatk_synthetic_20samples_25scatters	HaplotypeCaller	GATK::HaplotypeCaller	HaplotypeCaller	sample_15.scatter_022	c8529bd1cfc914b073ef457e2d137d5ed4f92bb9912cf318b732657484920ce0	sample_15	24	10115	022	chrY	80001	160000	80000	400000	true	WORKFLOWS/gatk/data/hg38_synthetic.fa	7116698	3072	2	pre_launch
gatk_synthetic_nextflow	gatk_synthetic_20samples_25scatters	HaplotypeCaller	GATK::HaplotypeCaller	HaplotypeCaller	sample_15.scatter_023	f71df2b94624fd46e45f35701d9088908c0679df68a8ea3e7fb2ff5165e8810e	sample_15	24	10115	023	chrY	160001	240000	80000	400000	true	WORKFLOWS/gatk/data/hg38_synthetic.fa	7116698	3072	2	pre_launch
gatk_synthetic_nextflow	gatk_synthetic_20samples_25scatters	HaplotypeCaller	GATK::HaplotypeCaller	HaplotypeCaller	sample_15.scatter_024	5104c5a65d90605206d48bd2c2c1a8ce009d15aff150d637164bdf8222048330	sample_15	24	10115	024	chrY	240001	320000	80000	400000	true	WORKFLOWS/gatk/data/hg38_synthetic.fa	7116698	3072	2	pre_launch
gatk_synthetic_nextflow	gatk_synthetic_20samples_25scatters	HaplotypeCaller	GATK::HaplotypeCaller	HaplotypeCaller	sample_15.scatter_025	6164cce4eccdaea3c7dff5a5953e08c1e57bc6008772d9034f763424574559e0	sample_15	24	10115	025	chrY	320001	400000	80000	400000	true	WORKFLOWS/gatk/data/hg38_synthetic.fa	7116698	3072	2	pre_launch
gatk_synthetic_nextflow	gatk_synthetic_20samples_25scatters	HaplotypeCaller	GATK::HaplotypeCaller	HaplotypeCaller	sample_16.scatter_001	72555cf40e490cb28eb3c1d9aedf1f64c90a55748bcfa4192b4d3709a20f2e39	sample_16	32	10116	001	chr1	1	400000	400000	2000000	true	WORKFLOWS/gatk/data/hg38_synthetic.fa	7116698	3072	2	pre_launch
gatk_synthetic_nextflow	gatk_synthetic_20samples_25scatters	HaplotypeCaller	GATK::HaplotypeCaller	HaplotypeCaller	sample_16.scatter_002	64ba58537421324811a75224c7ae0fb48965e8d8f858a245b0d5ac3343c329a9	sample_16	32	10116	002	chr1	400001	800000	400000	2000000	true	WORKFLOWS/gatk/data/hg38_synthetic.fa	7116698	3072	2	pre_launch
gatk_synthetic_nextflow	gatk_synthetic_20samples_25scatters	HaplotypeCaller	GATK::HaplotypeCaller	HaplotypeCaller	sample_16.scatter_003	110d6a09bcf1213b877a0bc77e36d7a920b2edb96c7fd634edef66740c958a8b	sample_16	32	10116	003	chr1	800001	1200000	400000	2000000	true	WORKFLOWS/gatk/data/hg38_synthetic.fa	7116698	3072	2	pre_launch
gatk_synthetic_nextflow	gatk_synthetic_20samples_25scatters	HaplotypeCaller	GATK::HaplotypeCaller	HaplotypeCaller	sample_16.scatter_004	eebfc3574f0312c6d7f24e5692795f5719d5026f5ef02bf72101e11370c10797	sample_16	32	10116	004	chr1	1200001	1600000	400000	2000000	true	WORKFLOWS/gatk/data/hg38_synthetic.fa	7116698	3072	2	pre_launch
gatk_synthetic_nextflow	gatk_synthetic_20samples_25scatters	HaplotypeCaller	GATK::HaplotypeCaller	HaplotypeCaller	sample_16.scatter_005	8793d9042baa9ff8463d269a456e92fdc76a0f80577e7c996067213903a9f9e5	sample_16	32	10116	005	chr1	1600001	2000000	400000	2000000	true	WORKFLOWS/gatk/data/hg38_synthetic.fa	7116698	3072	2	pre_launch
gatk_synthetic_nextflow	gatk_synthetic_20samples_25scatters	HaplotypeCaller	GATK::HaplotypeCaller	HaplotypeCaller	sample_16.scatter_006	65a263f3b7dd17ba37369e635bf9f7e8a57f8922fe4c04edc476530f374a8e88	sample_16	32	10116	006	chr2	1	360000	360000	1800000	true	WORKFLOWS/gatk/data/hg38_synthetic.fa	7116698	3072	2	pre_launch
gatk_synthetic_nextflow	gatk_synthetic_20samples_25scatters	HaplotypeCaller	GATK::HaplotypeCaller	HaplotypeCaller	sample_16.scatter_007	2645769a699a0e254193c372cef37abeeb8b695ac1dd5ea3b24227869dcc029a	sample_16	32	10116	007	chr2	360001	720000	360000	1800000	true	WORKFLOWS/gatk/data/hg38_synthetic.fa	7116698	3072	2	pre_launch
gatk_synthetic_nextflow	gatk_synthetic_20samples_25scatters	HaplotypeCaller	GATK::HaplotypeCaller	HaplotypeCaller	sample_16.scatter_008	7b302887d02fdcd8bcaafd6d04573d23902dbf322d971e5db2937d9358915278	sample_16	32	10116	008	chr2	720001	1080000	360000	1800000	true	WORKFLOWS/gatk/data/hg38_synthetic.fa	7116698	3072	2	pre_launch
gatk_synthetic_nextflow	gatk_synthetic_20samples_25scatters	HaplotypeCaller	GATK::HaplotypeCaller	HaplotypeCaller	sample_16.scatter_009	b5435bd774190480dcc6742111636d3a643a7c16ee4e4d5a2ba7f23fd84506e6	sample_16	32	10116	009	chr2	1080001	1440000	360000	1800000	true	WORKFLOWS/gatk/data/hg38_synthetic.fa	7116698	3072	2	pre_launch
gatk_synthetic_nextflow	gatk_synthetic_20samples_25scatters	HaplotypeCaller	GATK::HaplotypeCaller	HaplotypeCaller	sample_16.scatter_010	9f8eb194bb8f852df27ffacbf683a3c7456f0d1c6a9ea9d0718e30ffd7b73a64	sample_16	32	10116	010	chr2	1440001	1800000	360000	1800000	true	WORKFLOWS/gatk/data/hg38_synthetic.fa	7116698	3072	2	pre_launch
gatk_synthetic_nextflow	gatk_synthetic_20samples_25scatters	HaplotypeCaller	GATK::HaplotypeCaller	HaplotypeCaller	sample_16.scatter_011	5fac7655eac43b083fd3202b38b7d841ea6b743d6f745b8608d56393e67af199	sample_16	32	10116	011	chr3	1	320000	320000	1600000	true	WORKFLOWS/gatk/data/hg38_synthetic.fa	7116698	3072	2	pre_launch
gatk_synthetic_nextflow	gatk_synthetic_20samples_25scatters	HaplotypeCaller	GATK::HaplotypeCaller	HaplotypeCaller	sample_16.scatter_012	3d99693ec2abc1c405581a92e275687bcb7df0d9c82fd2325ca0f781b6b8f0d7	sample_16	32	10116	012	chr3	320001	640000	320000	1600000	true	WORKFLOWS/gatk/data/hg38_synthetic.fa	7116698	3072	2	pre_launch
gatk_synthetic_nextflow	gatk_synthetic_20samples_25scatters	HaplotypeCaller	GATK::HaplotypeCaller	HaplotypeCaller	sample_16.scatter_013	6d2ca02e7e5d7c2a2284008f2ec0c35ca5d6eaa834781138456e041da8896678	sample_16	32	10116	013	chr3	640001	960000	320000	1600000	true	WORKFLOWS/gatk/data/hg38_synthetic.fa	7116698	3072	2	pre_launch
gatk_synthetic_nextflow	gatk_synthetic_20samples_25scatters	HaplotypeCaller	GATK::HaplotypeCaller	HaplotypeCaller	sample_16.scatter_014	adffb8608beb82ed3da64424eaf568cac55a2e64ec063cf8f008d5e31012c642	sample_16	32	10116	014	chr3	960001	1280000	320000	1600000	true	WORKFLOWS/gatk/data/hg38_synthetic.fa	7116698	3072	2	pre_launch
gatk_synthetic_nextflow	gatk_synthetic_20samples_25scatters	HaplotypeCaller	GATK::HaplotypeCaller	HaplotypeCaller	sample_16.scatter_015	4ad02a2f2510db59ae451c22be40e957ff0917c586be1c785a199bd376f41a2c	sample_16	32	10116	015	chr3	1280001	1600000	320000	1600000	true	WORKFLOWS/gatk/data/hg38_synthetic.fa	7116698	3072	2	pre_launch
gatk_synthetic_nextflow	gatk_synthetic_20samples_25scatters	HaplotypeCaller	GATK::HaplotypeCaller	HaplotypeCaller	sample_16.scatter_016	b6a68a19ea8ce5f239b84e04561a0113c3959cdbad7fe90e54a9be47cf426eb9	sample_16	32	10116	016	chrX	1	240000	240000	1200000	true	WORKFLOWS/gatk/data/hg38_synthetic.fa	7116698	3072	2	pre_launch
gatk_synthetic_nextflow	gatk_synthetic_20samples_25scatters	HaplotypeCaller	GATK::HaplotypeCaller	HaplotypeCaller	sample_16.scatter_017	4af6edb17708d93b77f125db7b020094ade451973c8f6c08d94251c99e5301a1	sample_16	32	10116	017	chrX	240001	480000	240000	1200000	true	WORKFLOWS/gatk/data/hg38_synthetic.fa	7116698	3072	2	pre_launch
gatk_synthetic_nextflow	gatk_synthetic_20samples_25scatters	HaplotypeCaller	GATK::HaplotypeCaller	HaplotypeCaller	sample_16.scatter_018	55c760bf6838e4bc281c1ebc552ebae86a5e3211253404a1a0f80e481d470c6d	sample_16	32	10116	018	chrX	480001	720000	240000	1200000	true	WORKFLOWS/gatk/data/hg38_synthetic.fa	7116698	3072	2	pre_launch
gatk_synthetic_nextflow	gatk_synthetic_20samples_25scatters	HaplotypeCaller	GATK::HaplotypeCaller	HaplotypeCaller	sample_16.scatter_019	44d0d73059bb1bc982b2fc029939b3c89944ec5af941faaf3bc6d8201f0790c0	sample_16	32	10116	019	chrX	720001	960000	240000	1200000	true	WORKFLOWS/gatk/data/hg38_synthetic.fa	7116698	3072	2	pre_launch
gatk_synthetic_nextflow	gatk_synthetic_20samples_25scatters	HaplotypeCaller	GATK::HaplotypeCaller	HaplotypeCaller	sample_16.scatter_020	6ae790bd1523b110af3d9fd283c07505bd37b1e13405b6ec7d4cb751faed5cb0	sample_16	32	10116	020	chrX	960001	1200000	240000	1200000	true	WORKFLOWS/gatk/data/hg38_synthetic.fa	7116698	3072	2	pre_launch
gatk_synthetic_nextflow	gatk_synthetic_20samples_25scatters	HaplotypeCaller	GATK::HaplotypeCaller	HaplotypeCaller	sample_16.scatter_021	2d959d0fefa558089108d38626b05a6a4e83295dfc993d292fe372c746a1401e	sample_16	32	10116	021	chrY	1	80000	80000	400000	true	WORKFLOWS/gatk/data/hg38_synthetic.fa	7116698	3072	2	pre_launch
gatk_synthetic_nextflow	gatk_synthetic_20samples_25scatters	HaplotypeCaller	GATK::HaplotypeCaller	HaplotypeCaller	sample_16.scatter_022	9fe3ad2c59858f46de4c554d41ca665d3be0ba6430add9906f17cc05b38851de	sample_16	32	10116	022	chrY	80001	160000	80000	400000	true	WORKFLOWS/gatk/data/hg38_synthetic.fa	7116698	3072	2	pre_launch
gatk_synthetic_nextflow	gatk_synthetic_20samples_25scatters	HaplotypeCaller	GATK::HaplotypeCaller	HaplotypeCaller	sample_16.scatter_023	12c2a4bb62cf8353c7e4bf3030bec8fe4204726f469bac0cc6d3e3c671bfaed5	sample_16	32	10116	023	chrY	160001	240000	80000	400000	true	WORKFLOWS/gatk/data/hg38_synthetic.fa	7116698	3072	2	pre_launch
gatk_synthetic_nextflow	gatk_synthetic_20samples_25scatters	HaplotypeCaller	GATK::HaplotypeCaller	HaplotypeCaller	sample_16.scatter_024	81549e57a06af74bc4f9681cafba08e46483d70465bef984fa8a7fba4aea0165	sample_16	32	10116	024	chrY	240001	320000	80000	400000	true	WORKFLOWS/gatk/data/hg38_synthetic.fa	7116698	3072	2	pre_launch
gatk_synthetic_nextflow	gatk_synthetic_20samples_25scatters	HaplotypeCaller	GATK::HaplotypeCaller	HaplotypeCaller	sample_16.scatter_025	f493a40ea8c903485cdd16549866c8eaf4a06b93d343af328f729324aa2944af	sample_16	32	10116	025	chrY	320001	400000	80000	400000	true	WORKFLOWS/gatk/data/hg38_synthetic.fa	7116698	3072	2	pre_launch
gatk_synthetic_nextflow	gatk_synthetic_20samples_25scatters	HaplotypeCaller	GATK::HaplotypeCaller	HaplotypeCaller	sample_17.scatter_001	4b2f214e637de0307dbd726a1262ddeb49f95a0edc625fb25fb497a79554d24a	sample_17	38	10117	001	chr1	1	400000	400000	2000000	true	WORKFLOWS/gatk/data/hg38_synthetic.fa	7116698	3072	2	pre_launch
gatk_synthetic_nextflow	gatk_synthetic_20samples_25scatters	HaplotypeCaller	GATK::HaplotypeCaller	HaplotypeCaller	sample_17.scatter_002	c16c0d41f2f3a2ddceb5d3396874c76e6713723a8501149a864c5be3d57019d3	sample_17	38	10117	002	chr1	400001	800000	400000	2000000	true	WORKFLOWS/gatk/data/hg38_synthetic.fa	7116698	3072	2	pre_launch
gatk_synthetic_nextflow	gatk_synthetic_20samples_25scatters	HaplotypeCaller	GATK::HaplotypeCaller	HaplotypeCaller	sample_17.scatter_003	42be337b34c52190333f11dfd936a4e929057978416320c53cd8e0fe74bcec59	sample_17	38	10117	003	chr1	800001	1200000	400000	2000000	true	WORKFLOWS/gatk/data/hg38_synthetic.fa	7116698	3072	2	pre_launch
gatk_synthetic_nextflow	gatk_synthetic_20samples_25scatters	HaplotypeCaller	GATK::HaplotypeCaller	HaplotypeCaller	sample_17.scatter_004	27bf98163c7b98ad20e330c5e236b9c0ef3b99c2696d094309d4ceef66ac5f4d	sample_17	38	10117	004	chr1	1200001	1600000	400000	2000000	true	WORKFLOWS/gatk/data/hg38_synthetic.fa	7116698	3072	2	pre_launch
gatk_synthetic_nextflow	gatk_synthetic_20samples_25scatters	HaplotypeCaller	GATK::HaplotypeCaller	HaplotypeCaller	sample_17.scatter_005	76ff03cb99dd3b8f4f026aeff2182ff915da89a5a62fd5468d0d657470d2f966	sample_17	38	10117	005	chr1	1600001	2000000	400000	2000000	true	WORKFLOWS/gatk/data/hg38_synthetic.fa	7116698	3072	2	pre_launch
gatk_synthetic_nextflow	gatk_synthetic_20samples_25scatters	HaplotypeCaller	GATK::HaplotypeCaller	HaplotypeCaller	sample_17.scatter_006	94ccb555b27f3f0590b6ea0b3e0dbe1a1b8882c48bcdbd19df662e2661b4a9b0	sample_17	38	10117	006	chr2	1	360000	360000	1800000	true	WORKFLOWS/gatk/data/hg38_synthetic.fa	7116698	3072	2	pre_launch
gatk_synthetic_nextflow	gatk_synthetic_20samples_25scatters	HaplotypeCaller	GATK::HaplotypeCaller	HaplotypeCaller	sample_17.scatter_007	42701f8f0097d6574dfea32fa16740b4009d5a8b042185148278b30517eaa822	sample_17	38	10117	007	chr2	360001	720000	360000	1800000	true	WORKFLOWS/gatk/data/hg38_synthetic.fa	7116698	3072	2	pre_launch
gatk_synthetic_nextflow	gatk_synthetic_20samples_25scatters	HaplotypeCaller	GATK::HaplotypeCaller	HaplotypeCaller	sample_17.scatter_008	f6268456d2c191e3206f7826e29337b35b2c998f48846960c8587bfc9256b641	sample_17	38	10117	008	chr2	720001	1080000	360000	1800000	true	WORKFLOWS/gatk/data/hg38_synthetic.fa	7116698	3072	2	pre_launch
gatk_synthetic_nextflow	gatk_synthetic_20samples_25scatters	HaplotypeCaller	GATK::HaplotypeCaller	HaplotypeCaller	sample_17.scatter_009	542b030203ac91f31009d414a940b1308ad39fb7dba4f1355bc3ec6079d84cb4	sample_17	38	10117	009	chr2	1080001	1440000	360000	1800000	true	WORKFLOWS/gatk/data/hg38_synthetic.fa	7116698	3072	2	pre_launch
gatk_synthetic_nextflow	gatk_synthetic_20samples_25scatters	HaplotypeCaller	GATK::HaplotypeCaller	HaplotypeCaller	sample_17.scatter_010	d3dd421e3b7f4052b009bd0b6c70a2291d40523dff7dce68d630cc882326ebb7	sample_17	38	10117	010	chr2	1440001	1800000	360000	1800000	true	WORKFLOWS/gatk/data/hg38_synthetic.fa	7116698	3072	2	pre_launch
gatk_synthetic_nextflow	gatk_synthetic_20samples_25scatters	HaplotypeCaller	GATK::HaplotypeCaller	HaplotypeCaller	sample_17.scatter_011	3eb3aad5cef872ce32bf227dab1267c604e27ce8e3b611d85bc47e4123e97018	sample_17	38	10117	011	chr3	1	320000	320000	1600000	true	WORKFLOWS/gatk/data/hg38_synthetic.fa	7116698	3072	2	pre_launch
gatk_synthetic_nextflow	gatk_synthetic_20samples_25scatters	HaplotypeCaller	GATK::HaplotypeCaller	HaplotypeCaller	sample_17.scatter_012	4b583ae7504c592c8a649bf2e7a569b3fca8a55894f0084daa24a76fae5ea9bf	sample_17	38	10117	012	chr3	320001	640000	320000	1600000	true	WORKFLOWS/gatk/data/hg38_synthetic.fa	7116698	3072	2	pre_launch
gatk_synthetic_nextflow	gatk_synthetic_20samples_25scatters	HaplotypeCaller	GATK::HaplotypeCaller	HaplotypeCaller	sample_17.scatter_013	632036c501d76fc7e0fb02103ad2648edc69f9dcebcc0d49431e1da2be1ba6b3	sample_17	38	10117	013	chr3	640001	960000	320000	1600000	true	WORKFLOWS/gatk/data/hg38_synthetic.fa	7116698	3072	2	pre_launch
gatk_synthetic_nextflow	gatk_synthetic_20samples_25scatters	HaplotypeCaller	GATK::HaplotypeCaller	HaplotypeCaller	sample_17.scatter_014	b77f6fd5dca599fe8c4cd585227790bf54889b339e46ef6c207aebad6be37a64	sample_17	38	10117	014	chr3	960001	1280000	320000	1600000	true	WORKFLOWS/gatk/data/hg38_synthetic.fa	7116698	3072	2	pre_launch
gatk_synthetic_nextflow	gatk_synthetic_20samples_25scatters	HaplotypeCaller	GATK::HaplotypeCaller	HaplotypeCaller	sample_17.scatter_015	a829c23fb3200b068ee394d086f3a94d63e24dcd8bd297ee90082d7ebb2b6a90	sample_17	38	10117	015	chr3	1280001	1600000	320000	1600000	true	WORKFLOWS/gatk/data/hg38_synthetic.fa	7116698	3072	2	pre_launch
gatk_synthetic_nextflow	gatk_synthetic_20samples_25scatters	HaplotypeCaller	GATK::HaplotypeCaller	HaplotypeCaller	sample_17.scatter_016	979aed4ac118f782cfed7863dab22027ce651f5f0ffd508ba47210cbfe2deafd	sample_17	38	10117	016	chrX	1	240000	240000	1200000	true	WORKFLOWS/gatk/data/hg38_synthetic.fa	7116698	3072	2	pre_launch
gatk_synthetic_nextflow	gatk_synthetic_20samples_25scatters	HaplotypeCaller	GATK::HaplotypeCaller	HaplotypeCaller	sample_17.scatter_017	767a66a7ef8d41e84fdfc8a6ef35b72f63bbdc79d7fe37b3f0c2ec6558d292b0	sample_17	38	10117	017	chrX	240001	480000	240000	1200000	true	WORKFLOWS/gatk/data/hg38_synthetic.fa	7116698	3072	2	pre_launch
gatk_synthetic_nextflow	gatk_synthetic_20samples_25scatters	HaplotypeCaller	GATK::HaplotypeCaller	HaplotypeCaller	sample_17.scatter_018	570c80a3a86e5147353bdaa81dee365519a7a9d5e9669ef0387ef98584ae6b32	sample_17	38	10117	018	chrX	480001	720000	240000	1200000	true	WORKFLOWS/gatk/data/hg38_synthetic.fa	7116698	3072	2	pre_launch
gatk_synthetic_nextflow	gatk_synthetic_20samples_25scatters	HaplotypeCaller	GATK::HaplotypeCaller	HaplotypeCaller	sample_17.scatter_019	ac81192391079137d854fcbeffca3edcc06f6e918cedd2cbe2014074909cddfb	sample_17	38	10117	019	chrX	720001	960000	240000	1200000	true	WORKFLOWS/gatk/data/hg38_synthetic.fa	7116698	3072	2	pre_launch
gatk_synthetic_nextflow	gatk_synthetic_20samples_25scatters	HaplotypeCaller	GATK::HaplotypeCaller	HaplotypeCaller	sample_17.scatter_020	1c85af5270785cb5b10d6ae01e07d8a5b166452ab529935235c3c66ccaf96d73	sample_17	38	10117	020	chrX	960001	1200000	240000	1200000	true	WORKFLOWS/gatk/data/hg38_synthetic.fa	7116698	3072	2	pre_launch
gatk_synthetic_nextflow	gatk_synthetic_20samples_25scatters	HaplotypeCaller	GATK::HaplotypeCaller	HaplotypeCaller	sample_17.scatter_021	46cb267066a665e75391cc72b42c8c8199960e8f70af356d9a3cb9e9f11a03ef	sample_17	38	10117	021	chrY	1	80000	80000	400000	true	WORKFLOWS/gatk/data/hg38_synthetic.fa	7116698	3072	2	pre_launch
gatk_synthetic_nextflow	gatk_synthetic_20samples_25scatters	HaplotypeCaller	GATK::HaplotypeCaller	HaplotypeCaller	sample_17.scatter_022	8de5efa92787a020990700cee06f6877b2202cc5022549214be53a255b2cf3fd	sample_17	38	10117	022	chrY	80001	160000	80000	400000	true	WORKFLOWS/gatk/data/hg38_synthetic.fa	7116698	3072	2	pre_launch
gatk_synthetic_nextflow	gatk_synthetic_20samples_25scatters	HaplotypeCaller	GATK::HaplotypeCaller	HaplotypeCaller	sample_17.scatter_023	69ddedf0d0f27ad1f6d144c4c509beb6e7ad294c74790f342fea895ae39eec17	sample_17	38	10117	023	chrY	160001	240000	80000	400000	true	WORKFLOWS/gatk/data/hg38_synthetic.fa	7116698	3072	2	pre_launch
gatk_synthetic_nextflow	gatk_synthetic_20samples_25scatters	HaplotypeCaller	GATK::HaplotypeCaller	HaplotypeCaller	sample_17.scatter_024	2f602a65bda229a2811ad811a0ee0e45393b28a2dd405f0fc5f401529d5ba57b	sample_17	38	10117	024	chrY	240001	320000	80000	400000	true	WORKFLOWS/gatk/data/hg38_synthetic.fa	7116698	3072	2	pre_launch
gatk_synthetic_nextflow	gatk_synthetic_20samples_25scatters	HaplotypeCaller	GATK::HaplotypeCaller	HaplotypeCaller	sample_17.scatter_025	e0e510912622265cf82ba868f498e591aefef7769fe5accc1dab81c7b4d930b4	sample_17	38	10117	025	chrY	320001	400000	80000	400000	true	WORKFLOWS/gatk/data/hg38_synthetic.fa	7116698	3072	2	pre_launch
gatk_synthetic_nextflow	gatk_synthetic_20samples_25scatters	HaplotypeCaller	GATK::HaplotypeCaller	HaplotypeCaller	sample_18.scatter_001	2fe53083b09ff93ac2d532bc3f753d359e95efdf055ecff41ae1efe70890ed7a	sample_18	48	10118	001	chr1	1	400000	400000	2000000	true	WORKFLOWS/gatk/data/hg38_synthetic.fa	7116698	3072	2	pre_launch
gatk_synthetic_nextflow	gatk_synthetic_20samples_25scatters	HaplotypeCaller	GATK::HaplotypeCaller	HaplotypeCaller	sample_18.scatter_002	8d7d496c238d29a730de3256859b870c97c1689b7bd5b229b9bf940320e28993	sample_18	48	10118	002	chr1	400001	800000	400000	2000000	true	WORKFLOWS/gatk/data/hg38_synthetic.fa	7116698	3072	2	pre_launch
gatk_synthetic_nextflow	gatk_synthetic_20samples_25scatters	HaplotypeCaller	GATK::HaplotypeCaller	HaplotypeCaller	sample_18.scatter_003	25f370dc1ca6358e513196d8d7953919cb5ce3e86b36f58688b0a42e008e89cb	sample_18	48	10118	003	chr1	800001	1200000	400000	2000000	true	WORKFLOWS/gatk/data/hg38_synthetic.fa	7116698	3072	2	pre_launch
gatk_synthetic_nextflow	gatk_synthetic_20samples_25scatters	HaplotypeCaller	GATK::HaplotypeCaller	HaplotypeCaller	sample_18.scatter_004	6250d1a08b284f4d8db9112cd71bf154cedd1b06b96d87c63d82d26a4878969f	sample_18	48	10118	004	chr1	1200001	1600000	400000	2000000	true	WORKFLOWS/gatk/data/hg38_synthetic.fa	7116698	3072	2	pre_launch
gatk_synthetic_nextflow	gatk_synthetic_20samples_25scatters	HaplotypeCaller	GATK::HaplotypeCaller	HaplotypeCaller	sample_18.scatter_005	95fca407b354067c900cc7e1019242b0f0be50fc65cee8a6ce5cd372f018692f	sample_18	48	10118	005	chr1	1600001	2000000	400000	2000000	true	WORKFLOWS/gatk/data/hg38_synthetic.fa	7116698	3072	2	pre_launch
gatk_synthetic_nextflow	gatk_synthetic_20samples_25scatters	HaplotypeCaller	GATK::HaplotypeCaller	HaplotypeCaller	sample_18.scatter_006	35616a4b295a74dfee266028df0d1dfe5068eabb0235b65d8e67e6c83c2cc7e5	sample_18	48	10118	006	chr2	1	360000	360000	1800000	true	WORKFLOWS/gatk/data/hg38_synthetic.fa	7116698	3072	2	pre_launch
gatk_synthetic_nextflow	gatk_synthetic_20samples_25scatters	HaplotypeCaller	GATK::HaplotypeCaller	HaplotypeCaller	sample_18.scatter_007	d63f3a419b0b4ee24a326ac89fdc1e978e3c25ad7f6920f40dae33d319e1b151	sample_18	48	10118	007	chr2	360001	720000	360000	1800000	true	WORKFLOWS/gatk/data/hg38_synthetic.fa	7116698	3072	2	pre_launch
gatk_synthetic_nextflow	gatk_synthetic_20samples_25scatters	HaplotypeCaller	GATK::HaplotypeCaller	HaplotypeCaller	sample_18.scatter_008	4d4d89cd86ae0941b8ab680816f527f935a81af97131da52f48f7a6df8a8ce16	sample_18	48	10118	008	chr2	720001	1080000	360000	1800000	true	WORKFLOWS/gatk/data/hg38_synthetic.fa	7116698	3072	2	pre_launch
gatk_synthetic_nextflow	gatk_synthetic_20samples_25scatters	HaplotypeCaller	GATK::HaplotypeCaller	HaplotypeCaller	sample_18.scatter_009	3e5ac6b6c808b19a45ad7e5132f8c8c089f541eb88dca5d4eb08883b928b90a1	sample_18	48	10118	009	chr2	1080001	1440000	360000	1800000	true	WORKFLOWS/gatk/data/hg38_synthetic.fa	7116698	3072	2	pre_launch
gatk_synthetic_nextflow	gatk_synthetic_20samples_25scatters	HaplotypeCaller	GATK::HaplotypeCaller	HaplotypeCaller	sample_18.scatter_010	55035f7ed2179a6bc04adb3f31d0739c61455e05dfd80cb43df9236b707e0445	sample_18	48	10118	010	chr2	1440001	1800000	360000	1800000	true	WORKFLOWS/gatk/data/hg38_synthetic.fa	7116698	3072	2	pre_launch
gatk_synthetic_nextflow	gatk_synthetic_20samples_25scatters	HaplotypeCaller	GATK::HaplotypeCaller	HaplotypeCaller	sample_18.scatter_011	188aa9c458cf47f8bd0eb9d8f6e8d722449850ed26e8522d038fd3bb8d369806	sample_18	48	10118	011	chr3	1	320000	320000	1600000	true	WORKFLOWS/gatk/data/hg38_synthetic.fa	7116698	3072	2	pre_launch
gatk_synthetic_nextflow	gatk_synthetic_20samples_25scatters	HaplotypeCaller	GATK::HaplotypeCaller	HaplotypeCaller	sample_18.scatter_012	593ef38c5a2785348ac7ca871e97d38affdfd13db5206ff38dca1ea7a133181b	sample_18	48	10118	012	chr3	320001	640000	320000	1600000	true	WORKFLOWS/gatk/data/hg38_synthetic.fa	7116698	3072	2	pre_launch
gatk_synthetic_nextflow	gatk_synthetic_20samples_25scatters	HaplotypeCaller	GATK::HaplotypeCaller	HaplotypeCaller	sample_18.scatter_013	023ab49a59a7b9d331b8e8a72eb4ebca1e8a13d286264690a197ba9e8e881250	sample_18	48	10118	013	chr3	640001	960000	320000	1600000	true	WORKFLOWS/gatk/data/hg38_synthetic.fa	7116698	3072	2	pre_launch
gatk_synthetic_nextflow	gatk_synthetic_20samples_25scatters	HaplotypeCaller	GATK::HaplotypeCaller	HaplotypeCaller	sample_18.scatter_014	e9153bba4191b6f4fb295653223bdb1a0b19f9c2ba8f81bb8051eb919804987d	sample_18	48	10118	014	chr3	960001	1280000	320000	1600000	true	WORKFLOWS/gatk/data/hg38_synthetic.fa	7116698	3072	2	pre_launch
gatk_synthetic_nextflow	gatk_synthetic_20samples_25scatters	HaplotypeCaller	GATK::HaplotypeCaller	HaplotypeCaller	sample_18.scatter_015	2c317ee40448badeac13f9df7bc08a5dd273aa3c585729a5e587dc0b689bf459	sample_18	48	10118	015	chr3	1280001	1600000	320000	1600000	true	WORKFLOWS/gatk/data/hg38_synthetic.fa	7116698	3072	2	pre_launch
gatk_synthetic_nextflow	gatk_synthetic_20samples_25scatters	HaplotypeCaller	GATK::HaplotypeCaller	HaplotypeCaller	sample_18.scatter_016	be10359082719b0fcdfb0bb5538cb22dd97cd232d06c7d8dc4a77fe071b02d44	sample_18	48	10118	016	chrX	1	240000	240000	1200000	true	WORKFLOWS/gatk/data/hg38_synthetic.fa	7116698	3072	2	pre_launch
gatk_synthetic_nextflow	gatk_synthetic_20samples_25scatters	HaplotypeCaller	GATK::HaplotypeCaller	HaplotypeCaller	sample_18.scatter_017	d1bfda56ee10de2e74a71b5ea8e079645274a1e5b0f9191c41c14d4d4b544ff2	sample_18	48	10118	017	chrX	240001	480000	240000	1200000	true	WORKFLOWS/gatk/data/hg38_synthetic.fa	7116698	3072	2	pre_launch
gatk_synthetic_nextflow	gatk_synthetic_20samples_25scatters	HaplotypeCaller	GATK::HaplotypeCaller	HaplotypeCaller	sample_18.scatter_018	36a0080884c94dca6c14f7ac7f818f00a7bda62d7450eba3a10fce8d81b7dd67	sample_18	48	10118	018	chrX	480001	720000	240000	1200000	true	WORKFLOWS/gatk/data/hg38_synthetic.fa	7116698	3072	2	pre_launch
gatk_synthetic_nextflow	gatk_synthetic_20samples_25scatters	HaplotypeCaller	GATK::HaplotypeCaller	HaplotypeCaller	sample_18.scatter_019	2ad9fb9dd7652165978f097a1622751e3fa861705f11d8e56d1f172d6105d16e	sample_18	48	10118	019	chrX	720001	960000	240000	1200000	true	WORKFLOWS/gatk/data/hg38_synthetic.fa	7116698	3072	2	pre_launch
gatk_synthetic_nextflow	gatk_synthetic_20samples_25scatters	HaplotypeCaller	GATK::HaplotypeCaller	HaplotypeCaller	sample_18.scatter_020	96f3a8fa526a418fc71405074e3327b66f23db310eb9450ce31d1069060865e5	sample_18	48	10118	020	chrX	960001	1200000	240000	1200000	true	WORKFLOWS/gatk/data/hg38_synthetic.fa	7116698	3072	2	pre_launch
gatk_synthetic_nextflow	gatk_synthetic_20samples_25scatters	HaplotypeCaller	GATK::HaplotypeCaller	HaplotypeCaller	sample_18.scatter_021	5ecfc3c78c4814233a92b9635f7a60800cfe98fc25ef85b6122fffbfafe10946	sample_18	48	10118	021	chrY	1	80000	80000	400000	true	WORKFLOWS/gatk/data/hg38_synthetic.fa	7116698	3072	2	pre_launch
gatk_synthetic_nextflow	gatk_synthetic_20samples_25scatters	HaplotypeCaller	GATK::HaplotypeCaller	HaplotypeCaller	sample_18.scatter_022	3a1cace0aaee2e794a691a41f709ed29d42a57fac333ed50f3728ccb3c37da03	sample_18	48	10118	022	chrY	80001	160000	80000	400000	true	WORKFLOWS/gatk/data/hg38_synthetic.fa	7116698	3072	2	pre_launch
gatk_synthetic_nextflow	gatk_synthetic_20samples_25scatters	HaplotypeCaller	GATK::HaplotypeCaller	HaplotypeCaller	sample_18.scatter_023	ef3d70c67f03451050d190565771d91dfd9250aa41c4f68410bcb4b428aebc9a	sample_18	48	10118	023	chrY	160001	240000	80000	400000	true	WORKFLOWS/gatk/data/hg38_synthetic.fa	7116698	3072	2	pre_launch
gatk_synthetic_nextflow	gatk_synthetic_20samples_25scatters	HaplotypeCaller	GATK::HaplotypeCaller	HaplotypeCaller	sample_18.scatter_024	e764ca1378c685cccbc7e44194b2e480f6313b26727966fc76157eee53c9ea25	sample_18	48	10118	024	chrY	240001	320000	80000	400000	true	WORKFLOWS/gatk/data/hg38_synthetic.fa	7116698	3072	2	pre_launch
gatk_synthetic_nextflow	gatk_synthetic_20samples_25scatters	HaplotypeCaller	GATK::HaplotypeCaller	HaplotypeCaller	sample_18.scatter_025	e4525bdf69ce35c9a586c448562e3a9e807f355208ac1e7241daa4f010e04d6d	sample_18	48	10118	025	chrY	320001	400000	80000	400000	true	WORKFLOWS/gatk/data/hg38_synthetic.fa	7116698	3072	2	pre_launch
gatk_synthetic_nextflow	gatk_synthetic_20samples_25scatters	HaplotypeCaller	GATK::HaplotypeCaller	HaplotypeCaller	sample_19.scatter_001	4b6b1c418cb44196cf8dc11cfed55cbcc1605387e53dc0e3e08d9f345f8ade7f	sample_19	58	10119	001	chr1	1	400000	400000	2000000	true	WORKFLOWS/gatk/data/hg38_synthetic.fa	7116698	3072	2	pre_launch
gatk_synthetic_nextflow	gatk_synthetic_20samples_25scatters	HaplotypeCaller	GATK::HaplotypeCaller	HaplotypeCaller	sample_19.scatter_002	bd73048e69fa2ce6d5a0d90816ea33ab3b0ed46e882860081ed3112cd398d4e6	sample_19	58	10119	002	chr1	400001	800000	400000	2000000	true	WORKFLOWS/gatk/data/hg38_synthetic.fa	7116698	3072	2	pre_launch
gatk_synthetic_nextflow	gatk_synthetic_20samples_25scatters	HaplotypeCaller	GATK::HaplotypeCaller	HaplotypeCaller	sample_19.scatter_003	b7834283160a42510278de9d42d94f43d3fc07f127840e90a14da79916e30426	sample_19	58	10119	003	chr1	800001	1200000	400000	2000000	true	WORKFLOWS/gatk/data/hg38_synthetic.fa	7116698	3072	2	pre_launch
gatk_synthetic_nextflow	gatk_synthetic_20samples_25scatters	HaplotypeCaller	GATK::HaplotypeCaller	HaplotypeCaller	sample_19.scatter_004	7d1b58245c8a6917a566780af2e0b32596da1b9f00dca830d98c9cc9e869eb33	sample_19	58	10119	004	chr1	1200001	1600000	400000	2000000	true	WORKFLOWS/gatk/data/hg38_synthetic.fa	7116698	3072	2	pre_launch
gatk_synthetic_nextflow	gatk_synthetic_20samples_25scatters	HaplotypeCaller	GATK::HaplotypeCaller	HaplotypeCaller	sample_19.scatter_005	29a444468adda4d1cfb4f9246dc9c7264feff6a290929c41a6c663f11edb7508	sample_19	58	10119	005	chr1	1600001	2000000	400000	2000000	true	WORKFLOWS/gatk/data/hg38_synthetic.fa	7116698	3072	2	pre_launch
gatk_synthetic_nextflow	gatk_synthetic_20samples_25scatters	HaplotypeCaller	GATK::HaplotypeCaller	HaplotypeCaller	sample_19.scatter_006	eec6756b227b31d14204d1ab14a7be394ac730caf43c6457abaa2b3102c3bef1	sample_19	58	10119	006	chr2	1	360000	360000	1800000	true	WORKFLOWS/gatk/data/hg38_synthetic.fa	7116698	3072	2	pre_launch
gatk_synthetic_nextflow	gatk_synthetic_20samples_25scatters	HaplotypeCaller	GATK::HaplotypeCaller	HaplotypeCaller	sample_19.scatter_007	26fd615e235eaf0483a7419221277f17fb9e2b307d55d54871cdc12a99ec562f	sample_19	58	10119	007	chr2	360001	720000	360000	1800000	true	WORKFLOWS/gatk/data/hg38_synthetic.fa	7116698	3072	2	pre_launch
gatk_synthetic_nextflow	gatk_synthetic_20samples_25scatters	HaplotypeCaller	GATK::HaplotypeCaller	HaplotypeCaller	sample_19.scatter_008	b4cfaa1a1a5b82c43f2b683ae3509b67bf1f2e10cd984bd556287f094a2bece6	sample_19	58	10119	008	chr2	720001	1080000	360000	1800000	true	WORKFLOWS/gatk/data/hg38_synthetic.fa	7116698	3072	2	pre_launch
gatk_synthetic_nextflow	gatk_synthetic_20samples_25scatters	HaplotypeCaller	GATK::HaplotypeCaller	HaplotypeCaller	sample_19.scatter_009	6ecb6ae03aba509bbf7e5c0741f90a1d85db3bf523c5e78ab06ae7af4694df22	sample_19	58	10119	009	chr2	1080001	1440000	360000	1800000	true	WORKFLOWS/gatk/data/hg38_synthetic.fa	7116698	3072	2	pre_launch
gatk_synthetic_nextflow	gatk_synthetic_20samples_25scatters	HaplotypeCaller	GATK::HaplotypeCaller	HaplotypeCaller	sample_19.scatter_010	9ebf872b5856aa494a04c2462add0a818a60a3098350d6d11cc7c018f34674db	sample_19	58	10119	010	chr2	1440001	1800000	360000	1800000	true	WORKFLOWS/gatk/data/hg38_synthetic.fa	7116698	3072	2	pre_launch
gatk_synthetic_nextflow	gatk_synthetic_20samples_25scatters	HaplotypeCaller	GATK::HaplotypeCaller	HaplotypeCaller	sample_19.scatter_011	aeef00cf464349fb73061e7f8615c53c6b0bbdbc28e058f3d5099d540de449d6	sample_19	58	10119	011	chr3	1	320000	320000	1600000	true	WORKFLOWS/gatk/data/hg38_synthetic.fa	7116698	3072	2	pre_launch
gatk_synthetic_nextflow	gatk_synthetic_20samples_25scatters	HaplotypeCaller	GATK::HaplotypeCaller	HaplotypeCaller	sample_19.scatter_012	828a8545a11287a164d301866d7d2a1848d672f672602af300077597821de219	sample_19	58	10119	012	chr3	320001	640000	320000	1600000	true	WORKFLOWS/gatk/data/hg38_synthetic.fa	7116698	3072	2	pre_launch
gatk_synthetic_nextflow	gatk_synthetic_20samples_25scatters	HaplotypeCaller	GATK::HaplotypeCaller	HaplotypeCaller	sample_19.scatter_013	dc98d30e90b293d1a9c7a0407a774567ce5fca4d8c0a8e175cd711d979a3b9c1	sample_19	58	10119	013	chr3	640001	960000	320000	1600000	true	WORKFLOWS/gatk/data/hg38_synthetic.fa	7116698	3072	2	pre_launch
gatk_synthetic_nextflow	gatk_synthetic_20samples_25scatters	HaplotypeCaller	GATK::HaplotypeCaller	HaplotypeCaller	sample_19.scatter_014	74334b08af64a4274844edbcc22dd4bd26d29b26593b5e62872ae5cbac9e6a07	sample_19	58	10119	014	chr3	960001	1280000	320000	1600000	true	WORKFLOWS/gatk/data/hg38_synthetic.fa	7116698	3072	2	pre_launch
gatk_synthetic_nextflow	gatk_synthetic_20samples_25scatters	HaplotypeCaller	GATK::HaplotypeCaller	HaplotypeCaller	sample_19.scatter_015	a39a5c61b3d6ce1a03bf0e5f804dcb99577e2ca8aa922b8a4c24f16e7f88eac7	sample_19	58	10119	015	chr3	1280001	1600000	320000	1600000	true	WORKFLOWS/gatk/data/hg38_synthetic.fa	7116698	3072	2	pre_launch
gatk_synthetic_nextflow	gatk_synthetic_20samples_25scatters	HaplotypeCaller	GATK::HaplotypeCaller	HaplotypeCaller	sample_19.scatter_016	6220f98fa44eb46d3e04e6d56039206a028ac2392ccf2b6e875c5c4b745a692a	sample_19	58	10119	016	chrX	1	240000	240000	1200000	true	WORKFLOWS/gatk/data/hg38_synthetic.fa	7116698	3072	2	pre_launch
gatk_synthetic_nextflow	gatk_synthetic_20samples_25scatters	HaplotypeCaller	GATK::HaplotypeCaller	HaplotypeCaller	sample_19.scatter_017	e00a3e8145c9e745c248859f42e4d41d9ec457529347229c5699c73410c50d67	sample_19	58	10119	017	chrX	240001	480000	240000	1200000	true	WORKFLOWS/gatk/data/hg38_synthetic.fa	7116698	3072	2	pre_launch
gatk_synthetic_nextflow	gatk_synthetic_20samples_25scatters	HaplotypeCaller	GATK::HaplotypeCaller	HaplotypeCaller	sample_19.scatter_018	80c124b75eae65464277c5948c53ee87beecc3cc04f46ac8311b565d17b04dd5	sample_19	58	10119	018	chrX	480001	720000	240000	1200000	true	WORKFLOWS/gatk/data/hg38_synthetic.fa	7116698	3072	2	pre_launch
gatk_synthetic_nextflow	gatk_synthetic_20samples_25scatters	HaplotypeCaller	GATK::HaplotypeCaller	HaplotypeCaller	sample_19.scatter_019	eca232055bad5b06011c57d6ff590f9e4a0dd13cfc72a3e8e02abfe61bfe844b	sample_19	58	10119	019	chrX	720001	960000	240000	1200000	true	WORKFLOWS/gatk/data/hg38_synthetic.fa	7116698	3072	2	pre_launch
gatk_synthetic_nextflow	gatk_synthetic_20samples_25scatters	HaplotypeCaller	GATK::HaplotypeCaller	HaplotypeCaller	sample_19.scatter_020	d8d173c9881e33d4a9d8ac499a9b402d1848c914eeeab1428b84f750e66eaf2d	sample_19	58	10119	020	chrX	960001	1200000	240000	1200000	true	WORKFLOWS/gatk/data/hg38_synthetic.fa	7116698	3072	2	pre_launch
gatk_synthetic_nextflow	gatk_synthetic_20samples_25scatters	HaplotypeCaller	GATK::HaplotypeCaller	HaplotypeCaller	sample_19.scatter_021	f284fa1956b753baa069fc4b0c295431084fa61b8023c00fd488efa640ebe6a6	sample_19	58	10119	021	chrY	1	80000	80000	400000	true	WORKFLOWS/gatk/data/hg38_synthetic.fa	7116698	3072	2	pre_launch
gatk_synthetic_nextflow	gatk_synthetic_20samples_25scatters	HaplotypeCaller	GATK::HaplotypeCaller	HaplotypeCaller	sample_19.scatter_022	4080bf1cc780ebc37c0354e30cad321a0b8c51d368f8db99e5fdebc09d31aa16	sample_19	58	10119	022	chrY	80001	160000	80000	400000	true	WORKFLOWS/gatk/data/hg38_synthetic.fa	7116698	3072	2	pre_launch
gatk_synthetic_nextflow	gatk_synthetic_20samples_25scatters	HaplotypeCaller	GATK::HaplotypeCaller	HaplotypeCaller	sample_19.scatter_023	6449244bdfb92b03d61c4a6817db22d8d69cd6ca1b3dfed8f8c7eb9f449d9a19	sample_19	58	10119	023	chrY	160001	240000	80000	400000	true	WORKFLOWS/gatk/data/hg38_synthetic.fa	7116698	3072	2	pre_launch
gatk_synthetic_nextflow	gatk_synthetic_20samples_25scatters	HaplotypeCaller	GATK::HaplotypeCaller	HaplotypeCaller	sample_19.scatter_024	b68f946ca2d421a869cf5f6f5993edfedca06dcd7c7bec1c94b513bae53ac890	sample_19	58	10119	024	chrY	240001	320000	80000	400000	true	WORKFLOWS/gatk/data/hg38_synthetic.fa	7116698	3072	2	pre_launch
gatk_synthetic_nextflow	gatk_synthetic_20samples_25scatters	HaplotypeCaller	GATK::HaplotypeCaller	HaplotypeCaller	sample_19.scatter_025	cc8046974a2bc1775f7fd645b3335b9c0be08af26b02bdfd2ca3a29b2be7877f	sample_19	58	10119	025	chrY	320001	400000	80000	400000	true	WORKFLOWS/gatk/data/hg38_synthetic.fa	7116698	3072	2	pre_launch
gatk_synthetic_nextflow	gatk_synthetic_20samples_25scatters	HaplotypeCaller	GATK::HaplotypeCaller	HaplotypeCaller	sample_20.scatter_001	ba76605e4dac4d20e2816fadbe9ea8cc2c1f529aee6e55b72983d3fe9fe196d3	sample_20	68	10120	001	chr1	1	400000	400000	2000000	true	WORKFLOWS/gatk/data/hg38_synthetic.fa	7116698	3072	2	pre_launch
gatk_synthetic_nextflow	gatk_synthetic_20samples_25scatters	HaplotypeCaller	GATK::HaplotypeCaller	HaplotypeCaller	sample_20.scatter_002	68ecfdf7fc596688a497cbe3bbcbf9bd40c2aaa9b56164a73ea75c8b92760e5a	sample_20	68	10120	002	chr1	400001	800000	400000	2000000	true	WORKFLOWS/gatk/data/hg38_synthetic.fa	7116698	3072	2	pre_launch
gatk_synthetic_nextflow	gatk_synthetic_20samples_25scatters	HaplotypeCaller	GATK::HaplotypeCaller	HaplotypeCaller	sample_20.scatter_003	5335b857d83005ca15a6c09598fb60430d55c449415cc51daf7c835d7474dc8d	sample_20	68	10120	003	chr1	800001	1200000	400000	2000000	true	WORKFLOWS/gatk/data/hg38_synthetic.fa	7116698	3072	2	pre_launch
gatk_synthetic_nextflow	gatk_synthetic_20samples_25scatters	HaplotypeCaller	GATK::HaplotypeCaller	HaplotypeCaller	sample_20.scatter_004	4df8ab0b81c99398de4a3eec60341084828f07fc86557268044f3c05bfdfc215	sample_20	68	10120	004	chr1	1200001	1600000	400000	2000000	true	WORKFLOWS/gatk/data/hg38_synthetic.fa	7116698	3072	2	pre_launch
gatk_synthetic_nextflow	gatk_synthetic_20samples_25scatters	HaplotypeCaller	GATK::HaplotypeCaller	HaplotypeCaller	sample_20.scatter_005	c8bf0af976651aafcb75aeefeb3728466399131fecc9dd05f7524a07f87e2673	sample_20	68	10120	005	chr1	1600001	2000000	400000	2000000	true	WORKFLOWS/gatk/data/hg38_synthetic.fa	7116698	3072	2	pre_launch
gatk_synthetic_nextflow	gatk_synthetic_20samples_25scatters	HaplotypeCaller	GATK::HaplotypeCaller	HaplotypeCaller	sample_20.scatter_006	735d3437eebeac3435c90acaa76896c353586ead10477d63ce498c299a9814b7	sample_20	68	10120	006	chr2	1	360000	360000	1800000	true	WORKFLOWS/gatk/data/hg38_synthetic.fa	7116698	3072	2	pre_launch
gatk_synthetic_nextflow	gatk_synthetic_20samples_25scatters	HaplotypeCaller	GATK::HaplotypeCaller	HaplotypeCaller	sample_20.scatter_007	f1945be5c8c51b44ff66da7e9e4b2e4a1c13740d51ca9eb7ef10a366e0020c1b	sample_20	68	10120	007	chr2	360001	720000	360000	1800000	true	WORKFLOWS/gatk/data/hg38_synthetic.fa	7116698	3072	2	pre_launch
gatk_synthetic_nextflow	gatk_synthetic_20samples_25scatters	HaplotypeCaller	GATK::HaplotypeCaller	HaplotypeCaller	sample_20.scatter_008	a9e7d20133f25437555a7120b3a74aa4d83d7cadf2e6e13acccbda4d2cd84e62	sample_20	68	10120	008	chr2	720001	1080000	360000	1800000	true	WORKFLOWS/gatk/data/hg38_synthetic.fa	7116698	3072	2	pre_launch
gatk_synthetic_nextflow	gatk_synthetic_20samples_25scatters	HaplotypeCaller	GATK::HaplotypeCaller	HaplotypeCaller	sample_20.scatter_009	46e18d71f4facfb7c89429e29df1ef10ef28b3cdd42a2ac12ebef0550c7ee92f	sample_20	68	10120	009	chr2	1080001	1440000	360000	1800000	true	WORKFLOWS/gatk/data/hg38_synthetic.fa	7116698	3072	2	pre_launch
gatk_synthetic_nextflow	gatk_synthetic_20samples_25scatters	HaplotypeCaller	GATK::HaplotypeCaller	HaplotypeCaller	sample_20.scatter_010	db618e43ca4bc28a897bd078d20cf43e2e05d6cb64d073e8d28bbfe7d3a2588e	sample_20	68	10120	010	chr2	1440001	1800000	360000	1800000	true	WORKFLOWS/gatk/data/hg38_synthetic.fa	7116698	3072	2	pre_launch
gatk_synthetic_nextflow	gatk_synthetic_20samples_25scatters	HaplotypeCaller	GATK::HaplotypeCaller	HaplotypeCaller	sample_20.scatter_011	4be6b74a59c9ffde26f4956048d738c267185f27a8793b7ecb5803ac995e76eb	sample_20	68	10120	011	chr3	1	320000	320000	1600000	true	WORKFLOWS/gatk/data/hg38_synthetic.fa	7116698	3072	2	pre_launch
gatk_synthetic_nextflow	gatk_synthetic_20samples_25scatters	HaplotypeCaller	GATK::HaplotypeCaller	HaplotypeCaller	sample_20.scatter_012	832ef184c3a1806bac7013626e3576b7b0238e49bab8b8838652b28c23c8dcf3	sample_20	68	10120	012	chr3	320001	640000	320000	1600000	true	WORKFLOWS/gatk/data/hg38_synthetic.fa	7116698	3072	2	pre_launch
gatk_synthetic_nextflow	gatk_synthetic_20samples_25scatters	HaplotypeCaller	GATK::HaplotypeCaller	HaplotypeCaller	sample_20.scatter_013	34c0cde82f0c0d7904b52db8c2f0513cee9382694f80ecd15da926b69cbd021c	sample_20	68	10120	013	chr3	640001	960000	320000	1600000	true	WORKFLOWS/gatk/data/hg38_synthetic.fa	7116698	3072	2	pre_launch
gatk_synthetic_nextflow	gatk_synthetic_20samples_25scatters	HaplotypeCaller	GATK::HaplotypeCaller	HaplotypeCaller	sample_20.scatter_014	c4068b19623d3c123d8a61060ea143ed017bab1010c6e61c8ca4dad8b6c6fef7	sample_20	68	10120	014	chr3	960001	1280000	320000	1600000	true	WORKFLOWS/gatk/data/hg38_synthetic.fa	7116698	3072	2	pre_launch
gatk_synthetic_nextflow	gatk_synthetic_20samples_25scatters	HaplotypeCaller	GATK::HaplotypeCaller	HaplotypeCaller	sample_20.scatter_015	bc8c4cdfbbd2315f7fe27139cd5f02c725b73ae58604b2c1ac9665896cd901dd	sample_20	68	10120	015	chr3	1280001	1600000	320000	1600000	true	WORKFLOWS/gatk/data/hg38_synthetic.fa	7116698	3072	2	pre_launch
gatk_synthetic_nextflow	gatk_synthetic_20samples_25scatters	HaplotypeCaller	GATK::HaplotypeCaller	HaplotypeCaller	sample_20.scatter_016	469381e128ffd9f9c081ff5521085f8a848a5a2494c14f28561a310c216f17a6	sample_20	68	10120	016	chrX	1	240000	240000	1200000	true	WORKFLOWS/gatk/data/hg38_synthetic.fa	7116698	3072	2	pre_launch
gatk_synthetic_nextflow	gatk_synthetic_20samples_25scatters	HaplotypeCaller	GATK::HaplotypeCaller	HaplotypeCaller	sample_20.scatter_017	2cdd7c13bc3f2bfa72e00d83f2bbd1b97da9c29c0f825f427a075f4add0a3736	sample_20	68	10120	017	chrX	240001	480000	240000	1200000	true	WORKFLOWS/gatk/data/hg38_synthetic.fa	7116698	3072	2	pre_launch
gatk_synthetic_nextflow	gatk_synthetic_20samples_25scatters	HaplotypeCaller	GATK::HaplotypeCaller	HaplotypeCaller	sample_20.scatter_018	4f7e90529c522dbbb70eadce913cb0ff54ac7c310aea147fccd013a65f213b4e	sample_20	68	10120	018	chrX	480001	720000	240000	1200000	true	WORKFLOWS/gatk/data/hg38_synthetic.fa	7116698	3072	2	pre_launch
gatk_synthetic_nextflow	gatk_synthetic_20samples_25scatters	HaplotypeCaller	GATK::HaplotypeCaller	HaplotypeCaller	sample_20.scatter_019	70878ff85e3dc72eeb72f6438412a2b9ff8332829b509e144947c0fa413470f1	sample_20	68	10120	019	chrX	720001	960000	240000	1200000	true	WORKFLOWS/gatk/data/hg38_synthetic.fa	7116698	3072	2	pre_launch
gatk_synthetic_nextflow	gatk_synthetic_20samples_25scatters	HaplotypeCaller	GATK::HaplotypeCaller	HaplotypeCaller	sample_20.scatter_020	03c866dc49489579bb7a7576f91b59f43c1613b82ff37f43b2817704026e153a	sample_20	68	10120	020	chrX	960001	1200000	240000	1200000	true	WORKFLOWS/gatk/data/hg38_synthetic.fa	7116698	3072	2	pre_launch
gatk_synthetic_nextflow	gatk_synthetic_20samples_25scatters	HaplotypeCaller	GATK::HaplotypeCaller	HaplotypeCaller	sample_20.scatter_021	89a96029399d9161b2deb8030890b263d70d68d0aa200572fabf0c1c39490560	sample_20	68	10120	021	chrY	1	80000	80000	400000	true	WORKFLOWS/gatk/data/hg38_synthetic.fa	7116698	3072	2	pre_launch
gatk_synthetic_nextflow	gatk_synthetic_20samples_25scatters	HaplotypeCaller	GATK::HaplotypeCaller	HaplotypeCaller	sample_20.scatter_022	f515f3250177cbfcf5d212110e411aca6574d9c1c8eac26fb0688aab1ea89804	sample_20	68	10120	022	chrY	80001	160000	80000	400000	true	WORKFLOWS/gatk/data/hg38_synthetic.fa	7116698	3072	2	pre_launch
gatk_synthetic_nextflow	gatk_synthetic_20samples_25scatters	HaplotypeCaller	GATK::HaplotypeCaller	HaplotypeCaller	sample_20.scatter_023	2f73d3491009423f0d293a7921ce56ac4aa7ebf292c5262fcbc998fba6b44869	sample_20	68	10120	023	chrY	160001	240000	80000	400000	true	WORKFLOWS/gatk/data/hg38_synthetic.fa	7116698	3072	2	pre_launch
gatk_synthetic_nextflow	gatk_synthetic_20samples_25scatters	HaplotypeCaller	GATK::HaplotypeCaller	HaplotypeCaller	sample_20.scatter_024	c3b00224ff223e20c6f1c4b044b96109048636afd70a1aa82b1f3def4a890062	sample_20	68	10120	024	chrY	240001	320000	80000	400000	true	WORKFLOWS/gatk/data/hg38_synthetic.fa	7116698	3072	2	pre_launch
gatk_synthetic_nextflow	gatk_synthetic_20samples_25scatters	HaplotypeCaller	GATK::HaplotypeCaller	HaplotypeCaller	sample_20.scatter_025	3991d7edc4c3fc20176161c4c0f2655b9c34204689776e67c24afae95b55d0d3	sample_20	68	10120	025	chrY	320001	400000	80000	400000	true	WORKFLOWS/gatk/data/hg38_synthetic.fa	7116698	3072	2	pre_launch
