logical_task_id	role	replay_position
seqinspector:373e398b621adc86b7c4	train	27514
seqinspector:d24a4eecedd7bd08030d	train	27515
seqinspector:b5ca921c987a488eb364	train	27516
seqinspector:145be2ba0691005c4671	train	27517
seqinspector:8ebbfd1f5fc70a5c423e	train	27518
seqinspector:a20c6e489a0d8a38ad14	train	27519
seqinspector:f6268017ed48bc69cd75	train	27520
seqinspector:d6aa8529e194972184db	train	27521
seqinspector:f672fbc5d6b35a4c86de	train	27522
seqinspector:7fed655d0e24d7b45e38	train	27523
seqinspector:02a4b6358c5aefa3d676	train	27524
seqinspector:3da7604511f6dc9df6d8	train	27525
seqinspector:e72bb1314abceee0a1fd	train	27526
seqinspector:acb4728cd4c48023355a	train	27527
seqinspector:216cbe8046c16d512a9c	train	27528
seqinspector:60de47b7daac70c38c7d	train	27529
seqinspector:c7b522b73473e68bc63f	train	27530
seqinspector:df46ac33b49414635d3c	train	27531
seqinspector:d39581c60f55e0882100	train	27532
seqinspector:c164fe5d8088c65301b7	train	27533
seqinspector:26eb7c6e682d4450540f	train	27534
seqinspector:39a05324f112eb0ec90b	train	27535
seqinspector:91e4d3672f75146edfc3	train	27536
seqinspector:1aa5311da58c6be1d56d	train	27537
seqinspector:f90eb429f0bd94de3bb2	train	27538
seqinspector:466940ebf458fa793016	train	27539
seqinspector:07d49bf190659e7a9a17	train	27540
seqinspector:87393878029683c8ac85	train	27541
seqinspector:2008bf0b70e7d530dddc	train	27542
seqinspector:bb59b89551686ae38f68	train	27543
seqinspector:143d781d36dbaae118aa	train	27544
seqinspector:1bb699ba1f707dd0bcf2	train	27545
seqinspector:661c61bcb39934ff2da3	train	27546
seqinspector:357ff089a0253c6cb18d	train	27547
seqinspector:8ebcda3738c9c3b5cebc	train	27548
seqinspector:813255bd7dab948740c5	train	27549
seqinspector:5be934e643014f3d4a02	train	27550
seqinspector:433ef0811ff2949c18c8	train	27551
seqinspector:d1c0d024c16932d049a2	train	27552
seqinspector:146a3f6fb232afada9d6	train	27553
seqinspector:0a992e5f863ed9dea05c	train	27554
seqinspector:bd51281941125652a52b	train	27555
seqinspector:e59d0a744cf6ef2c6d29	train	27556
seqinspector:eb9ef858b1076f557acc	train	27557
seqinspector:aa9ed3b393e0bba2dbef	train	27558
seqinspector:5952957da4a41650ef21	train	27559
seqinspector:001bc4c0e7b8f14091e5	train	27560
seqinspector:10a2a6950fde29482cf7	train	27561
seqinspector:ced04186381aaa8aa76d	train	27562
seqinspector:efc031de6f20149f6421	train	27563
seqinspector:4673ceece5f7c3e8a0c8	train	27564
seqinspector:b436328e7bc4a3f6765b	train	27565
seqinspector:d46c490c26e5abd5c857	train	27566
seqinspector:df558271fc13b8ff7330	train	27567
seqinspector:6a74431fec31516f7962	train	27568
seqinspector:f5ca46cfa56cb43149fc	train	27569
seqinspector:81298ce0757185a6efb6	train	27570
seqinspector:ae7892ab975946f7a333	train	27571
seqinspector:46a95e6cdc5c00c9bae1	train	27572
seqinspector:0450f8d00a70312c333f	train	27573
seqinspector:38066456b08caf97bd13	train	27574
seqinspector:d02cc554c84d2f233e7c	train	27575
seqinspector:1a9d3ddeb81bf350fb0d	train	27576
seqinspector:e2aaac9c10f56e101249	train	27577
seqinspector:2028c60f0295a78cab98	train	27578
seqinspector:f1274a63b18abf72e784	train	27579
seqinspector:b9101b14492e593528b5	train	27580
seqinspector:bcff40b01d9620d04803	train	27581
seqinspector:56dfc76f6727e4f9e85c	train	27582
seqinspector:d32b898b769d835a5f50	train	27583
seqinspector:1e599186c42203505af1	train	27584
seqinspector:935e21bc20b09c45fac9	train	27585
seqinspector:3b98f10dbbc64e90ce7f	train	27586
seqinspector:767d3dfbefdc940ec6b2	train	27587
seqinspector:ff45d12102c99df6bcf7	train	27588
seqinspector:65d7ad9f5a2c89228ccd	train	27589
seqinspector:13e9b6df7cbff1daf644	train	27590
seqinspector:62f3b58c85a3011c4498	train	27591
seqinspector:0d2d1cd74ee7e28dd6c0	train	27592
seqinspector:c24f675929a3d785b88f	train	27593
seqinspector:06bf5c84ae408081dcfb	train	27594
seqinspector:b2c6ec58890fdffa4091	train	27595
seqinspector:837e5b83d6606b27a07c	train	27596
seqinspector:135fb210f5098f9d4dc8	train	27597
seqinspector:2c6f046fb58aa1d6760d	train	27598
seqinspector:1929b5ada40b8bb60d9c	train	27599
seqinspector:d9cac88a6ef77e3bc5c1	train	27600
seqinspector:34f87c57037ee29f9158	train	27601
seqinspector:f0b18b5ab5e5a322810b	train	27602
seqinspector:ebd5e358e8d47a1f8eda	train	27603
seqinspector:cedde5fb52b940c5ec6b	train	27604
seqinspector:f78c20d72fd8ce8730df	train	27605
seqinspector:2ce10a3bb45af18b0d1b	train	27606
seqinspector:2ffa06114fd67e0ea778	train	27607
seqinspector:663d5a4688613e3f744e	train	27608
seqinspector:9d08be666886f7bf667a	train	27609
seqinspector:f257de5ed5488859b13b	train	27610
seqinspector:8fabd897a91675911950	train	27611
seqinspector:99ca4f2dc9a48bbc4cf9	train	27612
seqinspector:fad9153e94311fc9b2ae	train	27613
seqinspector:9f14944e93ee864da606	train	27614
seqinspector:455832fcf9aca9bbafc3	train	27615
seqinspector:2252c70692929af1ec75	train	27616
seqinspector:60a7d212c09d3f9c11a1	train	27617
seqinspector:8bc0733a72e8ff28dae9	train	27618
seqinspector:d1932b05b02d20cdced3	train	27619
seqinspector:2f2aa4f964b71018cbc4	train	27620
seqinspector:97410ff7473070029e61	train	27621
seqinspector:9df10e6324119a550a1f	train	27622
seqinspector:f233f7e365ca350b5165	train	27623
seqinspector:8da8a9b0134a3c4e4f68	train	27624
seqinspector:8d9cb9f2c739eacf2679	train	27625
seqinspector:312cbe0375a21a09ff8b	train	27626
seqinspector:98f6e723f1c1a1f7cc8a	train	27627
seqinspector:22367b0494b1528b3a79	train	27628
seqinspector:85f12a2a507f9081f3e0	train	27629
seqinspector:690af2b937cb8c9fac8a	train	27630
seqinspector:37824342441d5d97b788	train	27631
seqinspector:2643bb4d35491133f8af	train	27632
seqinspector:a09ca173eceb97d4a325	train	27633
seqinspector:7d079f382320dd6273a6	train	27634
seqinspector:1385103f674c72461770	train	27635
seqinspector:b2c54ee2854fec798aef	train	27636
seqinspector:e4b98651590764d78e97	train	27637
seqinspector:42326d7098396afc8c1f	train	27638
seqinspector:e669bd0e6093e1761b9b	train	27639
seqinspector:bbf74b98873f1e8fb77e	train	27640
seqinspector:9691b9d6239f83e0576f	train	27641
seqinspector:7fde5070619172f98c6b	train	27642
seqinspector:e6b4e45e8e444e09ba3c	train	27643
seqinspector:457edc0bdb3840114529	train	27644
seqinspector:2ff0409555bc87b68304	train	27645
seqinspector:950a48fb5bfe8e9ee9c8	train	27646
seqinspector:2099b7b2acbf8e35174c	train	27647
seqinspector:d977156bf6c4f06ece5c	train	27648
seqinspector:ed4392b15e68cd88faf1	train	27649
seqinspector:c362fd93839af14b4438	train	27650
seqinspector:bc0a4036d28460a121a2	train	27651
seqinspector:4131ae2050f89204b698	train	27652
seqinspector:a6fb4738a06cf29286e5	train	27653
seqinspector:6fedb27d7e24d85c2fac	train	27654
seqinspector:a897a7d673a763ce5485	train	27655
seqinspector:4cb3d6a77c23af69cced	train	27656
seqinspector:a7c0b592a89c7bea085c	train	27657
seqinspector:bd5b1fae69453e402df2	train	27658
seqinspector:f7cd3485817189d9d234	train	27659
seqinspector:543f9dd3137add042071	train	27660
seqinspector:a19900ca840ac8685cbf	train	27661
seqinspector:a8943ba66ca68ad6f2bf	train	27662
seqinspector:d971236f7b30539400a0	train	27663
seqinspector:e45b29004ffbac8450c3	train	27664
seqinspector:bd57bc03b96ce785818e	train	27665
seqinspector:df9d92a20856bde2e3c8	train	27666
seqinspector:ec2097ce2487fcd2146c	train	27667
seqinspector:12adbe2eeb00e59ff0fd	train	27668
seqinspector:5acc25d3fed1ab04e25f	train	27669
seqinspector:5079b5958d583cfce95e	train	27670
seqinspector:cc4ac7b95d903df4e992	train	27671
seqinspector:b108163e85a5b77894f5	train	27672
seqinspector:7a848984dac040861148	train	27673
seqinspector:cd13c3895bbcd3f03b01	train	27674
seqinspector:818b3b36e670fbb9eca8	train	27675
seqinspector:753c53a2a08b548e48e0	train	27676
seqinspector:af6a3a0b6ac3396d60f8	train	27677
seqinspector:d0e03045100bb9eaa824	train	27678
seqinspector:c9eed391e5d1b396ce1a	train	27679
seqinspector:10c87799dc611c222a47	train	27680
seqinspector:a0a42af78d0a220a03fb	train	27681
seqinspector:47196a530e6c07ca1084	train	27682
seqinspector:3952477795e30ea3e988	train	27683
seqinspector:4e515f564bb3d1095799	train	27684
seqinspector:d4f395dc84684a874069	train	27685
seqinspector:3943fd9e33dcf9ff2184	train	27686
seqinspector:6eb37b120ff1c4270a3e	train	27687
seqinspector:437821a3d00120f87496	train	27688
seqinspector:2e94c6aedb194df8913e	train	27689
seqinspector:75cb36a8282d71664cff	train	27690
seqinspector:d31d54ef0444bb3e8e53	train	27691
seqinspector:88d91c59d6646cb78778	train	27692
seqinspector:b02fb0eec76289a483bf	train	27693
seqinspector:6fd1970bdb7972bb86ed	train	27694
seqinspector:7fcd6477667c69cc564d	train	27695
seqinspector:3761892574a2241aec4e	train	27696
seqinspector:116ceee0a92276f4a2e0	train	27697
seqinspector:1d0fdc04faef02ebb460	train	27698
seqinspector:5d444f54f5e2c835310c	train	27699
seqinspector:5dedb1c70bbb2377bdd6	train	27700
seqinspector:8f0565f74ce098571cd2	train	27701
seqinspector:ded8d581b5bfbf308e66	train	27702
seqinspector:30f9852f0ab734e2eab5	train	27703
seqinspector:dcbad566e6964647d07c	train	27704
seqinspector:d6028ef78fff1122396e	train	27705
seqinspector:8cc9547254d0fc90d51d	train	27706
seqinspector:71f1e6a7d4dd8f9ac7f4	train	27707
seqinspector:f3f5e6b395f1d7902519	train	27708
seqinspector:dce65b52af4072be0f63	train	27709
seqinspector:abdde14e53ec5f458e2b	train	27710
seqinspector:b5af88a9c19f70fa3bfd	train	27711
seqinspector:168967a030edbbde00ec	train	27712
seqinspector:d11a55da27659d70c94a	train	27713
seqinspector:ed5ff454489aeee4b891	train	27714
seqinspector:94981328d8bf7b8f2fcf	train	27715
seqinspector:8d48bf48b3b771477bcb	train	27716
seqinspector:75d22477468ce72faccc	train	27717
seqinspector:249513bfa4aa679f00a8	train	27718
seqinspector:7dc58b5a3f37adc58f37	train	27719
seqinspector:665a9ab3b9e642695307	train	27720
seqinspector:fcf6c87a8421ff615bcd	train	27721
seqinspector:34f518f912f3db80d247	train	27722
seqinspector:ca3db2b212e803e59c94	train	27723
seqinspector:19b0abf539638ac8ddcd	train	27724
seqinspector:5bf1cf77fab4975e9b1c	train	27725
seqinspector:b22425971423202376c7	train	27726
seqinspector:d4b559457e7fb6bb7447	train	27727
seqinspector:0583f706b31afd79184e	train	27728
seqinspector:01f2385fcfb1c8780d50	train	27729
seqinspector:cf60f36d6b016b5f13f8	train	27730
seqinspector:ab639fcde67aac4bc9ce	train	27731
seqinspector:3d8c38f385de4d5ce26f	train	27732
seqinspector:80f2d7595d5cc4549b73	train	27733
seqinspector:421dcb4cd2bcbfb87529	train	27734
seqinspector:c136ed5860fbf82e33b5	train	27735
seqinspector:c6a7eda2a3c614e7685e	train	27736
seqinspector:c4609c7d1e8413e21df1	train	27737
seqinspector:0bd24748eca614a09009	train	27738
seqinspector:061654df4830a346fca9	train	27739
seqinspector:02f143f883a1d1c57ed3	train	27740
seqinspector:349f162b6a80114e99a0	train	27741
seqinspector:7df1126c26231841721f	train	27742
seqinspector:660bbb0ca83f1ba73931	train	27743
seqinspector:a67cd061e37aa26dce7a	train	27744
seqinspector:bfe022a1f31b37c08b5c	train	27745
seqinspector:f62632efc11e30be9206	train	27746
seqinspector:0f05500ec9399fb837c1	train	27747
seqinspector:25ac56f179cf503bd792	train	27748
seqinspector:3bb072f018ba51d44843	train	27749
seqinspector:49f58701cabafca0cce5	train	27750
seqinspector:66db23054addde46b12c	train	27751
seqinspector:ee1229e7c03a4236ba4f	train	27752
seqinspector:3ff25cb75e12625f71a4	train	27753
seqinspector:608239cb795e2a4a7d3a	train	27754
seqinspector:05b0d107bde54170e963	train	27755
seqinspector:26daf90315bbb6e2b081	train	27756
seqinspector:4f3f3f20b44563b3b64d	train	27757
seqinspector:350c0d52d5f803a5f4e6	train	27758
seqinspector:bca2abae93f16dfb6822	train	27759
seqinspector:6ed8e0f10d09d1034bfc	train	27760
seqinspector:e941a30571c1aeab6b3b	train	27761
seqinspector:52ce37432836a8ab381c	train	27762
seqinspector:3ae8dd8b167d64c56967	train	27763
seqinspector:be8ca0b583ddab1a635e	train	27764
seqinspector:b5894bc07b1193588d46	train	27765
seqinspector:51c7df4a572e3dc08024	train	27766
seqinspector:82d31ef11e33b258f1ba	train	27767
seqinspector:bdba8286f8e72b12621e	train	27768
seqinspector:a51f3dcd5c973caff667	train	27769
seqinspector:fc2b25f2f7492ace114a	train	27770
seqinspector:00e9e421bcc6832cf8f3	train	27771
seqinspector:d914d5284a0d5246dfde	train	27772
seqinspector:225b4154fac4890fbe9a	train	27773
seqinspector:ba3a169a2b9cbea87564	train	27774
seqinspector:31e691566bd6b0eabef1	train	27775
seqinspector:7e6a71ba97361d69a441	train	27776
seqinspector:7715e1132c4a4cbf51c8	train	27777
seqinspector:01633a989453025dcf09	train	27778
seqinspector:98ef7e08abbf84afc443	train	27779
seqinspector:0d9584825dae34ffb90b	train	27780
seqinspector:5bca3739b31c52d829a5	train	27781
seqinspector:5ea6a4277dbaffa8e487	train	27782
seqinspector:a97cd6f768f1cd2a9349	train	27783
seqinspector:5655675c3d56106631d0	train	27784
seqinspector:8aa87dc86090246e2ba8	train	27785
seqinspector:fd21817b6f2e4f1c18ff	train	27786
seqinspector:c4672b49b20e0ce68208	train	27787
seqinspector:2eab1cafcabf90845b79	train	27788
seqinspector:3720434621ff324b2949	train	27789
seqinspector:dafa8186e9e0a71e63f8	train	27790
seqinspector:5cd343f07f0cf3fd0259	train	27791
seqinspector:2a2d1cd07262b0bbb946	train	27792
seqinspector:c887aa9ef2d02a449f5c	train	27793
seqinspector:e8923eeb22c3463e70a4	train	27794
seqinspector:44cb35766bf3cdb5f16a	train	27795
seqinspector:0954d79f0fb255856281	train	27796
seqinspector:9a741a4a528ff49a8cf7	train	27797
seqinspector:49289f1e208c894590c8	train	27798
seqinspector:631f30803625bb669076	train	27799
seqinspector:9adcb2ad90270529490e	train	27800
seqinspector:cd502eaed6e1bcb3c350	train	27801
seqinspector:cd9cfe644cc031ea9de2	train	27802
seqinspector:cf58b3f3cb33bc9e9e88	train	27803
seqinspector:f91ffe69d9a918525394	train	27804
seqinspector:82bc9632f24886d1baab	train	27805
seqinspector:4c1e87878319bd3cc2cd	train	27806
seqinspector:edae0d6ef4165cbb5e02	train	27807
seqinspector:920fde650047fe14d4df	train	27808
seqinspector:6a431d81bd5ad418a0bb	train	27809
seqinspector:0e4a32a7ab4ba0afe839	train	27810
seqinspector:e6e9d75ba06af95bad59	train	27811
seqinspector:747223320dba849fe71b	train	27812
seqinspector:72a5d5d10132b055ed93	train	27813
seqinspector:c5a4404ce60d92bbd270	train	27814
seqinspector:38e24e05b6cab55c0af3	train	27815
seqinspector:d9db283619c93b13383f	train	27816
seqinspector:b13195919f5e43a57d84	train	27817
seqinspector:7d6c110a72b19bb8ce56	train	27818
seqinspector:0501cc4e806b7f623d4d	train	27819
seqinspector:9cd9e9199adbb8e2e108	train	27820
seqinspector:b03d138b86f6d51b8162	train	27821
seqinspector:9b943a1bee10a3e82e80	train	27822
seqinspector:07c8878efe9bb7682862	train	27823
seqinspector:f273483f5f5ff14ee0d9	train	27824
seqinspector:932709f31eaeb485ac1e	train	27825
seqinspector:3b1e0c412a5a37fb8223	train	27826
seqinspector:27d39c29a11c805f08bb	train	27827
seqinspector:8524f4acad8722dbe33e	train	27828
seqinspector:a27d47692ed1aafbd41f	train	27829
seqinspector:7eeabe630c51ff7bddba	train	27830
seqinspector:fd4321b5b532654e1c40	train	27831
seqinspector:0bf19a91aea125ddecb2	train	27832
seqinspector:29efbf325987bf1e0604	train	27833
seqinspector:0738190ad2701827a3ab	train	27834
seqinspector:1dc6b1b0b5f1b550429f	train	27835
seqinspector:03986fd8f28ef0875802	train	27836
seqinspector:6a25eb58f49124e44634	train	27837
seqinspector:32d1e8cef588cadc33b1	train	27838
seqinspector:e717e5a8a3389631dc4b	train	27839
seqinspector:c64592ee8ed1fffa4ea0	train	27840
seqinspector:d25f3a9898910b7d81db	train	27841
seqinspector:b24d860f8c89853a1dfb	train	27842
seqinspector:a6db78bce4a91f39a778	train	27843
seqinspector:2a382b28f8418e790445	train	27844
seqinspector:79e956ff1a59f7c3316f	train	27845
seqinspector:7d5ed49db6a0894a16b3	train	27846
seqinspector:9b8288a4102f76ca509a	train	27847
seqinspector:d28a8baba0be17d5cb62	train	27848
seqinspector:24d9947b368ea7a8601d	train	27849
seqinspector:1ce735d704a7099044d0	train	27850
seqinspector:2378a4e10c38f19f7a15	train	27851
seqinspector:cf3bde087645e70e83da	train	27852
seqinspector:6f7def94e6a69b4b4bc9	train	27853
seqinspector:43135dca377da6e89ea2	train	27854
seqinspector:b3b34306ec92e657192a	train	27855
seqinspector:aefee28b19cb4cd152d7	train	27856
seqinspector:b38684edb9f6dd9ba64d	train	27857
seqinspector:3da064ea952d477d1024	train	27858
seqinspector:fb785716394af608a2bb	train	27859
seqinspector:7a6300450daa225dbff5	train	27860
seqinspector:398a35df5ab329581f7f	train	27861
seqinspector:f87c3aeba6b3068b668e	train	27862
seqinspector:3bb22c78c541f5894470	train	27863
seqinspector:c5bec7a24305bcd1c4d1	train	27864
seqinspector:b4b40a1b89722d6aec1e	train	27865
seqinspector:678e8a206668e28295fc	train	27866
seqinspector:916a10c6c037ae1fdc44	train	27867
seqinspector:ec4431dc650a92d494e1	train	27868
seqinspector:a82dbb2ef196f246aced	train	27869
seqinspector:ce0f10bb07a8bcf044bc	train	27870
seqinspector:1b573a2295ced0bec723	train	27871
seqinspector:7549288ba5f37334a9d6	train	27872
seqinspector:b18f41d503d468301357	train	27873
seqinspector:eae85da7876b5330fee2	train	27874
seqinspector:ae3bacbcf00fe7c95d29	train	27875
seqinspector:c6a86862675af3435f99	train	27876
seqinspector:185ae98a5df6c7634ce6	train	27877
seqinspector:0c0b3442e5426cb53d16	train	27878
seqinspector:0dd29ace74073af5f6b3	train	27879
seqinspector:c520b48a53abf2d4cc58	train	27880
seqinspector:fe6b2d67a9e6f8098f49	train	27881
seqinspector:b76cb19f6393c037d216	train	27882
seqinspector:9e1b7ce75e68152a0476	train	27883
seqinspector:786fb4d3560202feeb53	train	27884
seqinspector:a9eb0394908ebf7d8e44	train	27885
seqinspector:a051ad466fcc52268e7b	train	27886
seqinspector:1be71d2104492314f611	train	27887
seqinspector:6f618487bbc596e08649	train	27888
seqinspector:767ea839fe62bc0bc3bd	train	27889
seqinspector:59ee023d52c0cd4aa19f	train	27890
seqinspector:76eb9976fea9f7181851	train	27891
seqinspector:5237458f592eee721864	train	27892
seqinspector:26dfa50af66736bfa6dc	train	27893
seqinspector:0aa3eb3d6b7ee95e9dd3	train	27894
seqinspector:10181e72cca23a04d8c2	train	27895
seqinspector:56452d65fa2982deeb14	train	27896
seqinspector:b378e44f508da9058bd1	train	27897
seqinspector:70dfb41fd9f0394c5f98	train	27898
seqinspector:0783eb27a7e6fffdd6c8	train	27899
seqinspector:2fe3a8168c8f035bb4bc	train	27900
seqinspector:3cc17646d01608ca31df	train	27901
seqinspector:6b252aaea30c8730710a	train	27902
seqinspector:4b31896f40e61aab5293	train	27903
seqinspector:e9c45f9a27800a2d4d47	train	27904
seqinspector:0d689e9c5f8d5cfce037	train	27905
seqinspector:eb529ce248f531b9b2ce	train	27906
seqinspector:ca0ccb0680360cf99383	train	27907
seqinspector:30e1db489d3179c135cd	train	27908
seqinspector:fc69d868cb91875761ec	train	27909
seqinspector:246bec82990d1a50fb10	train	27910
seqinspector:65ac7270b239f91d2f29	train	27911
seqinspector:5a4e7c4f480877bfc57e	train	27912
seqinspector:bb2fc1797955f8bdc0bf	train	27913
seqinspector:002ba6ada54abd8151af	train	27914
seqinspector:4c7c6d449f055222af2a	train	27915
seqinspector:373fd60853118e198bde	train	27916
seqinspector:e188a5594bedbb9fa4fb	train	27917
seqinspector:bb6fc82ebb50db5d293b	train	27918
seqinspector:7f6226542b701fb312b0	train	27919
seqinspector:bf93c04b326d7ec9ba86	train	27920
seqinspector:eecb391848b9b46ebd95	train	27921
seqinspector:34317d460baa333bda7d	train	27922
seqinspector:7e5fe14d37cedc005a76	train	27923
seqinspector:60abb233a238bf5ab65f	train	27924
seqinspector:63e99e6e4f1ff7a92d51	train	27925
seqinspector:758891533ef0e2312623	train	27926
seqinspector:96bb9ab1c046e1ccfc20	train	27927
seqinspector:8086749ec89e1f609610	train	27928
seqinspector:39e396472a979f325f17	train	27929
seqinspector:466d9674dc8ad66198a2	train	27930
seqinspector:bcc6ffbeffd130983274	train	27931
seqinspector:b6cb78706d29c0a1b20b	train	27932
seqinspector:f86f0f1cedf4cd3461c2	train	27933
seqinspector:5d46bcebcc88b1fb0a05	train	27934
seqinspector:cba3c96c69c74b379212	train	27935
seqinspector:db001b41adbaf4b9e2bf	train	27936
seqinspector:5576f7b0d17bc3f41956	train	27937
seqinspector:71882a460bf9e6ea3060	train	27938
seqinspector:21dc4e700b5a9c7fd26b	train	27939
seqinspector:dd595ab9b65094982e3f	train	27940
seqinspector:2fef2b1db93201c1100f	train	27941
seqinspector:3ff7280965280d088d4d	train	27942
seqinspector:2dd2d6b658c129e95407	train	27943
seqinspector:8a574dbd0e201ad809de	train	27944
seqinspector:be5b28aa48197cede48b	train	27945
seqinspector:4ddb0d149ba77700885c	train	27946
seqinspector:ca7380f3890b8b66ecdf	train	27947
seqinspector:83bb479c2ce77e7723ab	train	27948
seqinspector:1d0b184367e538d3e78a	train	27949
seqinspector:6f467322b636dadff6aa	train	27950
seqinspector:93b89a3406a76bb65771	train	27951
seqinspector:b11a8939180b6e0f0a62	train	27952
seqinspector:15a5c88a664ea8aac8f6	train	27953
seqinspector:642db9dae58a1f4df78f	train	27954
seqinspector:2fc6f06ff4b725f83011	train	27955
seqinspector:188f1834404c8fafe07f	train	27956
seqinspector:cea0cb95601f3b5a61f6	train	27957
seqinspector:f0da13ecaab4959488c1	train	27958
seqinspector:82369f5847fd655e106f	train	27959
seqinspector:2efc7a32be5b6271f82b	train	27960
seqinspector:f48f97ed3ae0a379ec77	train	27961
seqinspector:ba3793f3cf25f7de91fe	train	27962
seqinspector:1854629bbb57675b3072	train	27963
seqinspector:cc7fb006dfa2cbd6b479	train	27964
seqinspector:eebcaa1e32e7816c971f	train	27965
seqinspector:470c6d3da7c124df1011	train	27966
seqinspector:17679295378be94dd3c9	train	27967
seqinspector:af8b24f8f84789b8d8d5	train	27968
seqinspector:1e71910fa41f3507d52a	train	27969
seqinspector:993afef0d38c9d2c8e00	train	27970
seqinspector:a673f84e29db0f5a1779	train	27971
seqinspector:658c3bd7bc7db1d69318	train	27972
seqinspector:fb2bb223737f42e9ec90	train	27973
seqinspector:84adaf2a59933faecd9b	train	27974
seqinspector:0adbed6c0b39e6151c75	train	27975
seqinspector:8f71cfb5e9af40235491	train	27976
seqinspector:e72841494de3bde9da40	train	27977
seqinspector:5984033a5e3027ce0a73	train	27978
seqinspector:afabafee0f4f49aafd47	train	27979
seqinspector:c18c5c749a651887efc8	train	27980
seqinspector:3fb7cadedcc933717e6d	train	27981
seqinspector:66237117ae585f4f4d38	train	27982
seqinspector:69c5f411be48bd57b35d	train	27983
seqinspector:a53e845c276167b2e9f9	train	27984
seqinspector:5d42aed60a05331d0185	train	27985
seqinspector:301e55f6f7746a94a16d	train	27986
seqinspector:85c78c9f2c83f3508b47	train	27987
seqinspector:49691b49a9991e1553e5	train	27988
seqinspector:e1fffba1285ff407c591	train	27989
seqinspector:ae51becb5442527fa6c0	train	27990
seqinspector:dab2427c2eaab2f2f059	train	27991
seqinspector:30ee1693aec4ac1fc338	train	27992
seqinspector:ca50df323c6adde7e29a	train	27993
seqinspector:79161359d356ad855d04	train	27994
seqinspector:2951f219160a3ed936bb	train	27995
seqinspector:6830d23c1a59617f6e75	train	27996
seqinspector:541ab2fc44cc60c3b6de	train	27997
seqinspector:16a90e0c705bf23e9767	train	27998
seqinspector:40e2a0e9df1b7b6e597b	train	27999
seqinspector:f3a2a4830fea106348b5	train	28000
seqinspector:1c47251bc57abe9bfc48	train	28001
seqinspector:b357ed46eb087529ac41	train	28002
seqinspector:45066042f1faad15d518	train	28003
seqinspector:894f42508c348a28006d	train	28004
seqinspector:e8efead6b62732e5eae4	train	28005
seqinspector:b6585930e31230b124ac	train	28006
seqinspector:5195a0b872474c2dea20	train	28007
seqinspector:8993ad29a6e385772b62	train	28008
seqinspector:58eaeca9e605fb33710d	train	28009
seqinspector:819076e9c9c449ea7089	train	28010
seqinspector:8f04f0f4f6f0d063e615	train	28011
seqinspector:42998f8e12d0e12d5226	train	28012
seqinspector:84fbb5cd948e1aa810ea	train	28013
seqinspector:fcb0cfd5c20eccfea0ba	train	28014
seqinspector:d06823f0a31e69635aaa	train	28015
seqinspector:d6779bda99bf1b7c809d	train	28016
seqinspector:742453689f63596b43bc	train	28017
seqinspector:939330f8a0ccda258dc7	train	28018
seqinspector:88b93e4d1a61ee2491b9	train	28019
seqinspector:164b2da86754bda52c9a	train	28020
seqinspector:fea147fc623231f134d0	train	28021
seqinspector:79d7c0ee6f8446c7d497	train	28022
seqinspector:7d5ba9ae007e163dfc64	train	28023
seqinspector:03070f55a69e834306ff	train	28024
seqinspector:aafac4d989087167c32e	train	28025
seqinspector:a8eb8627c91ac5af40b6	train	28026
seqinspector:b7bbf8c4c6c691fa8206	train	28027
seqinspector:6b208ae4aacdeccc3cd2	train	28028
seqinspector:270b5e4fdeaa36439331	train	28029
seqinspector:3396eb9f1d58f1fe8773	train	28030
seqinspector:142e6b1e928dd894ec1c	train	28031
seqinspector:743eb94fa271528c0b16	train	28032
seqinspector:12c45ed4ba5eaddb1e4b	train	28033
seqinspector:17ad3bef5a3c23686a09	train	28034
seqinspector:6ff6dcc4a65eccf1fe81	train	28035
seqinspector:2d4c7266ed3116fb68df	train	28036
seqinspector:c0a134f53435bfbb6821	train	28037
seqinspector:35c90279515d370fce74	train	28038
seqinspector:c7da2ad9b4b3aa3cd8b4	train	28039
seqinspector:fd0e7ed4b6dc93fcfd30	train	28040
seqinspector:8385d47055265081f797	train	28041
seqinspector:7a8ee9e6c6fe7c884ab8	train	28042
seqinspector:91395053f34055fd32a0	train	28043
seqinspector:aa613e3f41aa9297b59a	train	28044
seqinspector:088184ca249ef23b8ebb	train	28045
seqinspector:eb37b89384794744c223	train	28046
seqinspector:e7860cd030188b60c234	train	28047
seqinspector:9fe58a87b887fb2b89d7	train	28048
seqinspector:e0e8b9a1049f119108cc	train	28049
seqinspector:0fa82aa6aa4efbae56b2	train	28050
seqinspector:f7d002c18296b9f3714b	train	28051
seqinspector:771522090c2b7ccce973	train	28052
seqinspector:029ff3b81377791ae446	train	28053
seqinspector:adb7cef1553ab516bb05	train	28054
seqinspector:869eb62fae41836719a6	train	28055
seqinspector:4c69de2e0f788ef08f5b	train	28056
seqinspector:33c549c244736b4f2afd	train	28057
seqinspector:36dd125642b55eaaeebe	train	28058
seqinspector:596d85cf15121ff10d89	train	28059
seqinspector:efc858ea642580238c72	train	28060
seqinspector:b77ef902a768f118fda5	train	28061
seqinspector:ebad2b1ee55759927f46	train	28062
seqinspector:dbdf5af0947ec41c0877	train	28063
seqinspector:c49d63ae838cadc1c7e7	train	28064
seqinspector:1d9f6d6013495b8e7e56	train	28065
seqinspector:592cc455f1c38baf6ccd	train	28066
seqinspector:fb1e3d1d470bdfca0e82	train	28067
seqinspector:ad76d0752f1fe2b103e8	train	28068
seqinspector:04d760bec5c1e0ba9b77	train	28069
seqinspector:08617d9b29b378279e57	train	28070
seqinspector:f9d8f0e6a2cde65277f9	train	28071
seqinspector:957dec16d165066f71ae	train	28072
seqinspector:5de8ca523afa5a883cb5	train	28073
seqinspector:98cfab4180f79dbc7bc5	train	28074
seqinspector:e210991e59b0c312bca6	train	28075
seqinspector:9d7fda993bd7391552cc	train	28076
seqinspector:b8346b04ddf9d5e9fa34	train	28077
seqinspector:9119e8070efb7bb200dd	train	28078
seqinspector:bc744603ca6d4ce0a1a2	train	28079
seqinspector:9e6676aad58be26d1b68	train	28080
seqinspector:15ad1a79a2e94b8c2d90	train	28081
seqinspector:b6a19b553b06cd24140a	train	28082
seqinspector:fa73417d5df36f244f47	train	28083
seqinspector:905beda1609dd8c0a960	train	28084
seqinspector:6950cf01b26513508688	train	28085
seqinspector:35f8d6d9c58970a2aee9	train	28086
seqinspector:db4293393d1058249aaf	train	28087
seqinspector:07555084c6da6a546501	train	28088
seqinspector:eb8bd5842742ffc63bb9	train	28089
seqinspector:057c4204dc452b5584a2	train	28090
seqinspector:2f6d9b091a8ce89b029b	train	28091
seqinspector:85d50ed7749767a81a31	train	28092
seqinspector:1c0c5d36522487126c3f	train	28093
seqinspector:75b71ab0e6abc889ff81	train	28094
seqinspector:cfa2d143e7fda803060e	train	28095
seqinspector:d7d83ca18a00918ac562	train	28096
seqinspector:b91fb00165318765e986	train	28097
seqinspector:d97b93be09546f44c2a7	train	28098
seqinspector:f18e7b7c2b0ca706efb2	train	28099
seqinspector:4432fc644f363b40f4e9	train	28100
seqinspector:72dfc73571040b3f50ac	train	28101
seqinspector:3878fa57e9824904c6a9	train	28102
seqinspector:5732e93c391a96c27e82	train	28103
seqinspector:ecda31a1848bf73fc0e5	train	28104
seqinspector:212036460879ef8f1ec3	train	28105
seqinspector:f7724067a6ce5d3582b7	train	28106
seqinspector:66d954e4dad6532fa86e	train	28107
seqinspector:9a58f186b25ce9f93947	train	28108
seqinspector:5bca20a04d5ecfbc209b	train	28109
seqinspector:101e236816b83e43aa3b	train	28110
seqinspector:3847f3b1df821906b940	train	28111
seqinspector:6bff0bbdd53828101c9a	train	28112
seqinspector:b6245cbca5022f3b4bff	train	28113
seqinspector:35de2fc99e4fd686bb14	train	28114
seqinspector:8252975bcce3cc2851e6	train	28115
seqinspector:ee5258cb8315a27ab22b	train	28116
seqinspector:42c2f6ce7edb364db144	train	28117
seqinspector:e23d1f172489f00046e0	train	28118
seqinspector:57cdf4edaaf724da4c56	train	28119
seqinspector:cb1aa20c446452f860b5	train	28120
seqinspector:7ef06c6d08e55071e5fd	train	28121
seqinspector:14d2c020da8642cb6c08	train	28122
seqinspector:4f4862edcee5c95e3330	train	28123
seqinspector:3e31e2505101c7ef3bae	train	28124
seqinspector:0d0c1170562ebf97c3d2	train	28125
seqinspector:7327b96a5662ce08497d	train	28126
seqinspector:4b4fc3d8a07908a60270	train	28127
seqinspector:8bae0689f682b8bbb673	train	28128
seqinspector:737f2df6b49bd5b669a6	train	28129
seqinspector:cea1fb0e69e712e8f45d	train	28130
seqinspector:95dbe29c5ab71a60d17e	train	28131
seqinspector:68fd90c3cd57b129f7b9	train	28132
seqinspector:df1fdb42027b33a951a5	train	28133
seqinspector:019a1a8d600f8ff878fa	train	28134
seqinspector:b3509b9ee7b2b02433d3	train	28135
seqinspector:173c76ff395f0ceb8df5	train	28136
seqinspector:d5431e2291496baac2d2	train	28137
seqinspector:9390cfce584ccf548d33	train	28138
seqinspector:e8051ae2173bd6caee04	train	28139
seqinspector:dff462eefed7aab26c9e	train	28140
seqinspector:4b40a3e8dbb2a98e3a8f	train	28141
seqinspector:8e80e2e88738cec498d5	train	28142
seqinspector:7aafe6dfbc14130708f0	train	28143
seqinspector:34436b19f33c810ca3cd	train	28144
seqinspector:b7a02861a789bdd46c92	train	28145
seqinspector:4bd01e95e32ecedb9493	train	28146
seqinspector:832aed540de6ffc79423	train	28147
seqinspector:2c654ecaca440fbf6f38	train	28148
seqinspector:4aa8098226bf7f9033e7	train	28149
seqinspector:5a2d70a7dacaf1dc00a6	train	28150
seqinspector:852ab9ba99e63c955036	train	28151
seqinspector:55f53bfd715465d0ccfd	train	28152
seqinspector:9fa935ce2d9e690aa0e1	train	28153
seqinspector:7692d1f2946400bd7a15	train	28154
seqinspector:43a2beb7f3c8c560f1bb	train	28155
seqinspector:e443b66a6e8b23b011e2	train	28156
seqinspector:88fd0ce52c910d4045e2	train	28157
seqinspector:6735386ea99ef51a8ae0	train	28158
seqinspector:32b5cedb2bb1975fc2ea	train	28159
seqinspector:d4002bc624474e178cd5	train	28160
seqinspector:ff560d234bddd2bd4d87	train	28161
seqinspector:84c750415f7b862ef93e	train	28162
seqinspector:e139338abc9b200264f6	train	28163
seqinspector:ad610168b0e6ef425b2b	train	28164
seqinspector:f7d3ac7026c00b0fd29b	train	28165
seqinspector:43af370c62fd4b53f327	train	28166
seqinspector:deae0e5603e5b117b60d	train	28167
seqinspector:08b4fe905ccaad7d36a1	train	28168
seqinspector:67ce863d8de5bb5aaaa8	train	28169
seqinspector:6879b2c456265893e842	train	28170
seqinspector:e3cf06913db5e98aca7d	train	28171
seqinspector:5337a0da99e1c68a987b	train	28172
seqinspector:1e7aed84735c75096a74	train	28173
seqinspector:0cc71a0d610897516a9c	train	28174
seqinspector:bf5b021b404ec591ffd1	train	28175
seqinspector:86bf6541ebc625098b76	train	28176
seqinspector:d9f2826ac809c29c816a	train	28177
seqinspector:4b12f8310712aeb0088c	train	28178
seqinspector:cc6b8f0e0458a6111406	train	28179
seqinspector:140972624ad049a4c869	train	28180
seqinspector:ce30f5554bebd96f6c57	train	28181
seqinspector:c80ef7d1b3f44bca17bd	train	28182
seqinspector:25e902e82906666ef9b0	train	28183
seqinspector:c788622bb68af6b1f24f	train	28184
seqinspector:6d80002a7e28a0f0339a	train	28185
seqinspector:e286d2afce6bb5b24406	train	28186
seqinspector:48df2e26ce11953b8d1b	train	28187
seqinspector:4eb7ea1bb2c577c05f56	train	28188
seqinspector:8a105b85b8bb3d99ab0e	train	28189
seqinspector:d25c8cc152d7feb9da14	train	28190
seqinspector:76f7d2fa89eb8a8b253a	train	28191
seqinspector:dc1e3ea3d291d83ba233	train	28192
seqinspector:9c9ae27e4b3ee18735a3	train	28193
seqinspector:d9effc82ecde457fe9f9	train	28194
seqinspector:6fbf032dd8065f3d947e	train	28195
seqinspector:20cb6df5050a018ae0d0	train	28196
seqinspector:417d9b67a9169d675da5	train	28197
seqinspector:e4ee31a663f5626c76ff	train	28198
seqinspector:835e754669fe16a5bd46	train	28199
seqinspector:9ef14459c7200dc10d17	train	28200
seqinspector:5be4098b9812db75c520	train	28201
seqinspector:ede638ed86c505a65748	train	28202
seqinspector:31045918556066d3f13d	train	28203
seqinspector:77fcc039e06c45a4d235	train	28204
seqinspector:9fccf19fd2b04b3a1c97	train	28205
seqinspector:2c188beaef5f44872c82	train	28206
seqinspector:034821a51f1a5a2b5683	train	28207
seqinspector:1befc8914677608555f7	train	28208
seqinspector:b6def2e1ae211de4449c	train	28209
seqinspector:ed6ff16c51538988e33e	train	28210
seqinspector:814b826e248fe958bb5d	train	28211
seqinspector:51880b8bf91eabd45ce7	train	28212
seqinspector:c09858a8f1f54f826cc6	train	28213
seqinspector:6115c8d3d0c2309ca25f	train	28214
seqinspector:5c74b77520f649505d40	train	28215
seqinspector:9a3b12275b915785e99b	train	28216
seqinspector:a4ddfb7d601443a21f00	train	28217
seqinspector:08bbad9906f5a5bb1eed	train	28218
seqinspector:20b6f508ed1aa5fc8a74	train	28219
seqinspector:9f6f4d85265ad4ff02b9	train	28220
seqinspector:7ffe1b43a1bc03418517	train	28221
seqinspector:4b8d538a40e7f40b6c02	train	28222
seqinspector:27b2558801ba92b09509	train	28223
seqinspector:0764818769a19324f005	train	28224
seqinspector:bdeb140b86377a84defd	train	28225
seqinspector:716b1ec1adea269a957f	train	28226
seqinspector:91efa8b766d2efbfecd4	train	28227
seqinspector:755666d2b97702b46983	train	28228
seqinspector:6db9fa85523849b32663	train	28229
seqinspector:32a58427344a9284a9cf	train	28230
seqinspector:bb72a2834d6609aa2dd7	train	28231
seqinspector:d600a130a4f97e35166f	train	28232
seqinspector:2d31864cf9c3305c02d0	train	28233
seqinspector:06a1b5348b7e23c54fd2	train	28234
seqinspector:765ec0cdc2a9f85b7dd6	train	28235
seqinspector:bca19a395b111d8ce85e	train	28236
seqinspector:2e6444cdf6e60ff3d843	train	28237
seqinspector:1691a1a13ca4a7cccd5b	train	28238
seqinspector:03bb18441bcb4a0cb229	train	28239
seqinspector:56a2f98dfd719a8a4af5	train	28240
seqinspector:479ae418f11fa69df9dd	train	28241
seqinspector:ee0c376dfba3b695962f	train	28242
seqinspector:cd2d87844c9ee8023221	train	28243
seqinspector:78fb3c2412777a0ad8a9	train	28244
seqinspector:1cb3c15526130522c95f	train	28245
seqinspector:0357e2cf5251c995b593	train	28246
seqinspector:42dff0e49e833f3c18b4	train	28247
seqinspector:0023e2c7fbff6f73d218	train	28248
seqinspector:3d1140bc325b7d266a84	train	28249
seqinspector:21811778dc6247dad0be	train	28250
seqinspector:5e9d4fed54e31380ac38	train	28251
seqinspector:8f3ebaae63e85c20c3e7	train	28252
seqinspector:cc674494e55234d24cee	train	28253
seqinspector:ad32e5b22a6e07db2547	train	28254
seqinspector:7dee5b3a218ad559de59	train	28255
seqinspector:580368bb75614cc5c744	train	28256
seqinspector:c1eb49e6bd80801b29dd	train	28257
seqinspector:e1e2e585939ee74b1209	train	28258
seqinspector:efa98d3036468e7c4bc2	train	28259
seqinspector:4de347e596701bcbb3f6	train	28260
seqinspector:17452ea077cd2e40a90c	train	28261
seqinspector:7285e39dece0959f2092	train	28262
seqinspector:ae96cf240dee2e5a493b	train	28263
seqinspector:9bd3909c85a78fdb3ffd	train	28264
seqinspector:edee72fb73263b65745e	train	28265
seqinspector:84f9c28e34fb6d8e455f	train	28266
seqinspector:2b9e2bf4ee4429f70407	train	28267
seqinspector:dc7bac10af27ef509347	train	28268
seqinspector:7c8501c88f802d7ebd31	train	28269
seqinspector:7fe915ddf324a49574fa	train	28270
seqinspector:480d7aa89a1472a0ad8e	train	28271
seqinspector:88ee227b9d347c04ba0d	train	28272
seqinspector:8e16ab474e8e1969a94e	train	28273
seqinspector:b072b157dc6b1cd9fa48	train	28274
seqinspector:2f548ceda7cd991d3245	train	28275
seqinspector:3c0fd1d9b99e99fe6b7b	train	28276
seqinspector:eac6007e1018edab4b43	train	28277
seqinspector:0a6804359295d09e6cb9	train	28278
seqinspector:8e1b2ab6b428eb087d20	train	28279
seqinspector:4617e159582baeb88bad	train	28280
seqinspector:39ba87abbe76d1e1505d	train	28281
seqinspector:df1f52ab7f91743d3a89	train	28282
seqinspector:95fba24181c914e42a6a	train	28283
seqinspector:a37923ac6223b06ed173	train	28284
seqinspector:a146fbf4142c55086034	train	28285
seqinspector:807d458ad5d59666f46d	train	28286
seqinspector:c475aa3eb2003cf6dcd6	train	28287
seqinspector:57e843eee432d1759867	train	28288
seqinspector:dbcadd940f95628d6099	train	28289
seqinspector:b1fa2a49aad02ef4b09d	train	28290
seqinspector:b18cca36f46427325f31	train	28291
seqinspector:e9bfcd13f258758805a6	train	28292
seqinspector:cdb10831553e017beccf	train	28293
seqinspector:74ccdb23f92213f4a332	train	28294
seqinspector:5d76d66056fe842322c0	train	28295
seqinspector:2408124353f28fee6937	train	28296
seqinspector:825ec60bbe6ea0a34cdc	train	28297
seqinspector:61ca4bb5e076e1b60bcf	train	28298
seqinspector:301d70fb4f14b94f4009	train	28299
seqinspector:2cb61e01559a0c8872e6	train	28300
seqinspector:d084b74caad24a71ed94	train	28301
seqinspector:afd2b0b7fdf8843d0857	train	28302
seqinspector:04ab0bf24562120ee10c	train	28303
seqinspector:622d0be33315e52354e0	train	28304
seqinspector:7a87f4719c626ea0767f	train	28305
seqinspector:fa628b1f9504f62bb17c	train	28306
seqinspector:0d2bf786b27703e282e0	train	28307
seqinspector:684d544a3ae460a98021	train	28308
seqinspector:6e0458ec2c02fa5f1e2e	train	28309
seqinspector:c311e4868236438db5e2	train	28310
seqinspector:5f323202f28dba996fa6	train	28311
seqinspector:1d5f2037dba23e657c6a	train	28312
seqinspector:8ce9bc982b3d875c2162	train	28313
seqinspector:1696857f60d0fd82c169	train	28314
seqinspector:80c64c255b41e54ff62b	train	28315
seqinspector:b3b20ee91e687e3c48da	train	28316
seqinspector:cd35e16dd32eaa16ab40	train	28317
seqinspector:32b68e1f8719e097ac5c	train	28318
seqinspector:556f8fde44affd30924b	train	28319
seqinspector:b84745deab381ea1ddf3	train	28320
seqinspector:ecf919590bc8a67a8fc9	train	28321
seqinspector:597f0873a94e90493871	train	28322
seqinspector:229e93ace815b18561fb	train	28323
seqinspector:9e8b35444204d693880a	train	28324
seqinspector:3ecc59bd2ce9964a9d15	train	28325
seqinspector:57e684296bf0f6a80134	train	28326
seqinspector:145e1ae83b295d92e26f	train	28327
seqinspector:600c342e4fbca7c87434	train	28328
seqinspector:4517010a2f79c6a5b234	train	28329
seqinspector:a47d661788486032eeaa	train	28330
seqinspector:e8438e671debe7510e16	train	28331
seqinspector:042fda1a6601a566955a	train	28332
seqinspector:538584ecbc27bd6affdc	train	28333
seqinspector:97aea1ac016c7cedd32f	train	28334
seqinspector:c47898fb75be84dd9437	train	28335
seqinspector:13556bbbe52b9cc43591	train	28336
seqinspector:460482501a95dfc99b5a	train	28337
seqinspector:f788775952610721884d	train	28338
seqinspector:61f2ec95fa93426a8300	train	28339
seqinspector:3088642818e2e1d6c6a3	train	28340
seqinspector:b6f654ddeefd074212b3	train	28341
seqinspector:b70b861f577bcd7eb010	train	28342
seqinspector:67998c60e9901f928a9d	train	28343
seqinspector:f5a06133552cf27da68a	train	28344
seqinspector:2181cb1e90a039438f44	train	28345
seqinspector:d30543d59724195be1c2	train	28346
seqinspector:d9261431fcde60611993	train	28347
seqinspector:dff180f38a85528127fb	train	28348
seqinspector:6e136b101258298aa55a	train	28349
seqinspector:23a2ef061e941c3b2889	train	28350
seqinspector:8302412e7fb1b05423f0	train	28351
seqinspector:e2b40266f5ec8b225767	train	28352
seqinspector:54ee1d32a0d015d22c75	train	28353
seqinspector:42f0ef66692378970fee	train	28354
seqinspector:702a78f67b04bfc24334	train	28355
seqinspector:95808895ff3ccf073f16	train	28356
seqinspector:958df63fa24c3356d6c0	train	28357
seqinspector:7b2a1706a19a169f4979	train	28358
seqinspector:72a62da259f915d9f290	train	28359
seqinspector:46690ac2bb1d91b81887	train	28360
seqinspector:a3698a03920fd9e1feeb	train	28361
seqinspector:96c9854ce9fb6fbea04e	train	28362
seqinspector:8b9e0dd437a26773cf1e	train	28363
seqinspector:d95e836abcf477d1f275	train	28364
seqinspector:974ea4bc644c601b7de1	train	28365
seqinspector:87f0166f24a3a1042089	train	28366
seqinspector:92f09bf55136fabcd930	train	28367
seqinspector:0c300e3b553ad9a12539	train	28368
seqinspector:2745bbbf4a8f0dd58865	train	28369
seqinspector:f3fd82524ebc6149f577	train	28370
seqinspector:4be403e881712a95f7f5	train	28371
seqinspector:91824b6c46f1d6010ba2	train	28372
seqinspector:0023ef9dc31e19d5cfeb	train	28373
seqinspector:cd9b708c87dcc02640ec	train	28374
seqinspector:341e84c44c61f1530eac	train	28375
seqinspector:7a61c50203c84513fd2a	train	28376
seqinspector:7681459d3ec2b9c2a29b	train	28377
seqinspector:f4baa0d41599195b9e2a	train	28378
seqinspector:bac816d283224e7a5559	train	28379
seqinspector:1d340e062b0a2454738d	train	28380
seqinspector:1a98680db25f7510ce06	train	28381
seqinspector:ca6d3451d84a7f0c9ef8	train	28382
seqinspector:e429467a1ecb1c8944fd	train	28383
seqinspector:bd9f8d4d2c687d616a14	train	28384
seqinspector:a8152f2b117006c67ce9	train	28385
seqinspector:41f26345492f877a58f4	train	28386
seqinspector:e7a9036c781828e80abc	train	28387
seqinspector:80523183b9dee95182bc	train	28388
seqinspector:0e07edfce00d90cdfd0b	train	28389
seqinspector:d937e38e57a1880bcffc	train	28390
seqinspector:3cdd23f52b09469b72ea	train	28391
seqinspector:8b27c03d4548b53906ad	train	28392
seqinspector:12a50e12fdd09d85d205	train	28393
seqinspector:cfa175464449ee301165	train	28394
seqinspector:5f04d141a4eaccc49892	train	28395
seqinspector:cf59689814fbfe68f776	train	28396
seqinspector:078aae4dd4851ccbb5d7	train	28397
seqinspector:1d150e952a45f44baf6b	train	28398
seqinspector:91181027b211b4732b76	train	28399
seqinspector:6498b9558d3cdd7b34d7	train	28400
seqinspector:3a34e8a75b8b783bf295	train	28401
seqinspector:099ae29d525642db17cb	train	28402
seqinspector:882bb9d87bf5d062d72d	train	28403
seqinspector:541a42369854158c2867	train	28404
seqinspector:1fba2ebd017c036f5df3	train	28405
seqinspector:b29436aab908d2f3efe7	train	28406
seqinspector:2f5444e261a7279ad9c6	train	28407
seqinspector:e44bda24bf39e7f4e50b	train	28408
seqinspector:b7c737d07cafc7dd525c	train	28409
seqinspector:68e4c48abd597fc67b8f	train	28410
seqinspector:97ea39472c5e645e1dd5	train	28411
seqinspector:2db0f39f535326017dad	train	28412
seqinspector:54960c5e6279a18f4b4e	train	28413
seqinspector:4a098c5765592e2302b0	train	28414
seqinspector:e0a83a500a4413ee7a09	train	28415
seqinspector:6a201872f81f60fc8fba	train	28416
seqinspector:5590e1db9234611411d7	train	28417
seqinspector:8fd973e7c4b43d56b93d	train	28418
seqinspector:90f9393900736ec8b5dc	train	28419
seqinspector:7764ff2fd2c46af72bc6	train	28420
seqinspector:9fee57d89a708bb821b3	train	28421
seqinspector:118da48db4bd7d6db869	train	28422
seqinspector:f7256e48e7fc84840958	train	28423
seqinspector:013aed60489b74d5bd37	train	28424
seqinspector:2c35d2be5faf704d70ec	train	28425
seqinspector:7117a230ad40e7e3e514	train	28426
seqinspector:c7e8fdb0c1dbc9d46ca2	train	28427
seqinspector:8f9cceb836a8d213145c	train	28428
seqinspector:c03b230ecfc32d8a5d15	train	28429
seqinspector:ba09a3e76b255834a4e2	train	28430
seqinspector:c60c17af5847b5b8b15b	train	28431
seqinspector:8f20fb00c5e42befaff0	train	28432
seqinspector:7f23693945b3db954ddb	train	28433
seqinspector:48431609e6a258c66444	train	28434
seqinspector:5de6c4db52f2ce80e12c	train	28435
seqinspector:4e9018098aaa593e15f3	train	28436
seqinspector:26a9622d70d0757ec70b	train	28437
seqinspector:946b472f0d801cfbef3a	train	28438
seqinspector:24366e97db9c13aac1fe	train	28439
seqinspector:3eebeab61445cf75deff	train	28440
seqinspector:efc2327ba21433884448	train	28441
seqinspector:655ab1977f075356a3e6	train	28442
seqinspector:889b934a0872bd50745d	train	28443
seqinspector:54b75213154d67e04469	train	28444
seqinspector:12255feade0c1f0e09a9	train	28445
seqinspector:fa12a872f10aabd08212	train	28446
seqinspector:2f72c489bfb125915fe9	train	28447
seqinspector:0fe8501899ce0a414de9	train	28448
seqinspector:12ddbb1d67736f247f2d	train	28449
seqinspector:0ccfc54a74678ea70095	train	28450
seqinspector:65806dc30b907c1b5d7d	train	28451
seqinspector:ed09ff0cce4504cf9727	train	28452
seqinspector:cb183fd589b23b97370a	train	28453
seqinspector:6332c510c922238406d8	train	28454
seqinspector:10f8e988c1b50f1745de	train	28455
seqinspector:4eedf97043099fbfb811	train	28456
seqinspector:51c04510d4f975cee7a5	train	28457
seqinspector:b8c94eb47d0862bbcb78	train	28458
seqinspector:293dceec9c403d159a3b	train	28459
seqinspector:70afddab018bb1588f2d	train	28460
seqinspector:5dd089503ac1098f30c7	train	28461
seqinspector:da0328d9bad527a41cb1	train	28462
seqinspector:0ebf2975da9332771fd8	train	28463
seqinspector:41445141f935eb47a829	train	28464
seqinspector:224462c216e6c55d7880	train	28465
seqinspector:021d7dcd2586a11015ef	train	28466
seqinspector:380f796db648e77737cd	train	28467
seqinspector:8e1853e0bdd9f3f6c5bd	train	28468
seqinspector:e71b49be2fa8bf0226bc	train	28469
seqinspector:4c535c29630dac8af84f	train	28470
seqinspector:22e971100d7e66fbaf9d	train	28471
seqinspector:40fc74567d48a72eef58	train	28472
seqinspector:f5e855af1e7f4a7bf96f	train	28473
seqinspector:1831070b481dd7b61659	train	28474
seqinspector:52da7514dfe0c063cfd8	train	28475
seqinspector:229d730c630b1dfd2897	train	28476
seqinspector:58a71f2613f72162c9af	train	28477
seqinspector:d66de9c9e09a05b1d851	train	28478
seqinspector:ee71605180780d26a471	train	28479
seqinspector:ae5d010b75bb7df3dc60	train	28480
seqinspector:f3c4f9d5c075c8985334	train	28481
seqinspector:42f1748a5811414862b0	train	28482
seqinspector:38d697f4c8fdbb67348c	train	28483
seqinspector:ea11e48780df484eddfa	train	28484
seqinspector:fd880dee0b587c7b0554	train	28485
seqinspector:4ddd3dc8106b0a09e175	train	28486
seqinspector:ecf5d03a96e65a7b1d58	train	28487
seqinspector:6b4c811fda7ca8536529	train	28488
seqinspector:6fa8192e1f17475f7ec1	train	28489
seqinspector:44a56e4a297d98026245	train	28490
seqinspector:86a9f1380d0e0526d91d	train	28491
seqinspector:f632ba8345d50f075646	train	28492
seqinspector:807d655c8460b789ccdd	train	28493
seqinspector:678b7c9244bd10b3ef17	train	28494
seqinspector:ed9fbd19fd228d2fd305	train	28495
seqinspector:fad74e5a4ad4e3af0d00	train	28496
seqinspector:6b7fdd3044e14ff65d10	train	28497
seqinspector:fe242c87331833eba1db	train	28498
seqinspector:e6e33dde23c3b94f6b66	train	28499
seqinspector:69f33497e32930973a1d	train	28500
seqinspector:d6e91487fea71e548bbd	train	28501
seqinspector:0f794cebb03e8f7af7da	train	28502
seqinspector:e5b833946ff9065e6dd1	train	28503
seqinspector:d2736ccb30e69999b850	train	28504
seqinspector:2b7f9e80a2bef477f4fc	train	28505
seqinspector:c8c10bef23ad722778dc	train	28506
seqinspector:a8b0df2611142f116bf8	train	28507
seqinspector:2f499705f70ed69ee59e	train	28508
seqinspector:7a73b304d938b053f64a	train	28509
seqinspector:0b64d25317ecba590fc4	train	28510
seqinspector:7c55a6cc2744c8dbbfb2	train	28511
seqinspector:04140cc23cfce2da9187	train	28512
seqinspector:9b56f810172c741a1524	train	28513
seqinspector:bda415b853ff49da04d1	train	28514
seqinspector:992ea80d5db1bb62c531	train	28515
seqinspector:b51bfd7ce3fddd613811	train	28516
seqinspector:2d9d091af3267ef6c0b9	train	28517
seqinspector:8da8cbf7733a2d480cb1	train	28518
seqinspector:ffeeeeb684056c5edc92	train	28519
seqinspector:dfc7d6e1bfae251a0f18	train	28520
seqinspector:3e79dcca86adf6b9bcbf	train	28521
seqinspector:758e852e9a8ff354aa0d	train	28522
seqinspector:d97d334afc5a351f994f	train	28523
seqinspector:d711a4b0e2e1f6fac104	train	28524
seqinspector:ce05d102c789324e2d10	train	28525
seqinspector:4a5bdf3bd71613b1365f	train	28526
seqinspector:abb085c02c4562c7ffe7	train	28527
seqinspector:ab062044d73c72672d90	train	28528
seqinspector:b81ce263c3649e3208dc	train	28529
seqinspector:0a02cd25c6c3f86bd907	train	28530
seqinspector:50e7a3f26dfa81924ae0	train	28531
seqinspector:4a72570d93843b96091b	train	28532
seqinspector:5ddf4f94d07b0f8402ea	train	28533
seqinspector:78829048e1fb6091c8dc	train	28534
seqinspector:0c112d6763c9c7f681d8	train	28535
seqinspector:2e25a4c7ce63852615f9	train	28536
seqinspector:8d357663ca3e422f5e64	train	28537
seqinspector:3e90e0f1f030f9c0dd0a	train	28538
seqinspector:ccf30aa20acdeb53d018	train	28539
seqinspector:6f54efabb3904c5c3f59	train	28540
seqinspector:ee6eaee7be9cf39a658c	train	28541
seqinspector:4131bd4fb0ce0cf0e30b	train	28542
seqinspector:c9215adadc9bf7d5b784	train	28543
seqinspector:c7b298a1ef62b9f27d34	train	28544
seqinspector:b841d7b9fffd04264415	train	28545
seqinspector:c02af95ff15dedad6362	train	28546
seqinspector:fd94528ad98db3cf5793	train	28547
seqinspector:fc482d3d1a19af10c7cb	train	28548
seqinspector:81d788f53a92aca56a52	train	28549
seqinspector:a7414ac311cb5da58900	train	28550
seqinspector:b3e0661c6ffd4d7f9474	train	28551
seqinspector:bc0a794330c83f6f3585	train	28552
seqinspector:4f24c6f57a963e55d14c	train	28553
seqinspector:d942b003fb418dedf937	train	28554
seqinspector:6e7684354f82bfc268ee	train	28555
seqinspector:141e2ea6daf68c59bca6	train	28556
seqinspector:1b3c3f6d9d924b6f02e4	train	28557
seqinspector:78415998997982fb7b1e	train	28558
seqinspector:e78b6176645615eb6dd9	train	28559
seqinspector:ff514cc1be606ecbfa5b	train	28560
seqinspector:93bba4338e51ec736351	train	28561
seqinspector:b4e45c4a25238a6fd70d	train	28562
seqinspector:ed2d97aaede67f692173	train	28563
seqinspector:2015a259376b59e0fc4f	train	28564
seqinspector:3099cb66ee73d7f02501	train	28565
seqinspector:abc072bc8822d132db86	train	28566
seqinspector:a80132ab20754726e190	train	28567
seqinspector:1258557ed3013fc58682	train	28568
seqinspector:f3f5cf6d867483fe8d97	train	28569
seqinspector:e9093c3164f964f2d60e	train	28570
seqinspector:05f8fd81aaf9583947dd	train	28571
seqinspector:141dc800acb314934e98	train	28572
seqinspector:6a3a9fbcae01ef8f26cd	train	28573
seqinspector:6e462c44b1c422fa443d	train	28574
seqinspector:6199dbab8f9ef4667614	train	28575
seqinspector:90ad3dc7d6da4e32c3ef	train	28576
seqinspector:8da6ddc0e7df3465fa9e	train	28577
seqinspector:74994905c072b431a833	train	28578
seqinspector:c0677bc1646f82fc7bbd	train	28579
seqinspector:aff44d720293e1f9e20c	train	28580
seqinspector:a7cf80d40fd570829487	train	28581
seqinspector:097cf89d69ab9d4494a9	train	28582
seqinspector:b72f8064fa3edf4f11ab	train	28583
seqinspector:9a88260265ca48022fb2	train	28584
seqinspector:c2b58974e82125dd8b61	train	28585
seqinspector:8888bb00d70affcd15fa	train	28586
seqinspector:129f02fa05e9133bd959	train	28587
seqinspector:5b647ec2e3747ebad6c9	train	28588
seqinspector:3147a4cc5a733946f20d	train	28589
seqinspector:78c160627575ca9241ea	train	28590
seqinspector:bf593df7a8475e73126c	train	28591
seqinspector:4df9ac48671cd2a1d53e	train	28592
seqinspector:147960a6579ece2e3651	train	28593
seqinspector:5f0a5d6e84e724191419	train	28594
seqinspector:d133f54c640a0f10750d	train	28595
seqinspector:d3d40162d48dbd9c300f	train	28596
seqinspector:e3ac903735175b9280cc	train	28597
seqinspector:6d8ccef860aa07f5e514	train	28598
seqinspector:bd85a7393e482376ae29	train	28599
seqinspector:d12d7683c6626d86d5d5	train	28600
seqinspector:1609f8f3865ea758d700	train	28601
seqinspector:25ddcbaf11421c302ebf	train	28602
seqinspector:f952a78bc99bd679b7d9	train	28603
seqinspector:74a85ddc2c7ed1ebfa71	train	28604
seqinspector:f7d49113d2b76dd9c28a	train	28605
seqinspector:62a2c7c160de4be266a8	train	28606
seqinspector:0d4648a9d99fdc4a2f48	train	28607
seqinspector:e5a3ffbfb5927bdff00c	train	28608
seqinspector:455d03570d8abc49e460	train	28609
seqinspector:ec325ea6ac908c5a2eac	train	28610
seqinspector:428cb1c288f345c58237	train	28611
seqinspector:96799831566fbb13f41d	train	28612
seqinspector:f378b5b25e87e7284abf	train	28613
seqinspector:8fc08157fd3eaccda827	train	28614
seqinspector:ee48bbd715219969839f	train	28615
seqinspector:b27074aeff664bf99b24	train	28616
seqinspector:540174e734f1e43ca886	train	28617
seqinspector:506ab59a3261e732b2f6	train	28618
seqinspector:3b75a394dec62fcfe63d	train	28619
seqinspector:73d3564a4392c6c45c78	train	28620
seqinspector:9d60170c01d58962ceb3	train	28621
seqinspector:0dc884045479c095473b	train	28622
seqinspector:abc96b2a5dc5345d317b	train	28623
seqinspector:62c3acd51e22d1764629	train	28624
seqinspector:504d54265d98ecd2a83f	train	28625
seqinspector:745922a32906d54f751a	train	28626
seqinspector:7aa6b18cc2c61de66dc7	train	28627
seqinspector:e721cb86db640824bbc6	train	28628
seqinspector:d08bba26c2bc3068908a	train	28629
seqinspector:48eedf5d37a10298da0c	train	28630
seqinspector:c9f31a07bc0722f9b738	train	28631
seqinspector:e4fd875d7584c1c83c3b	train	28632
seqinspector:8a7e9c3d46b037bcba34	train	28633
seqinspector:056f1c65b722a2c1a63e	train	28634
seqinspector:aee24210463051a268c7	train	28635
seqinspector:931843c655e3036c7db8	train	28636
seqinspector:afb9b162996b312512de	train	28637
seqinspector:11d1fc7047e3db195268	train	28638
seqinspector:315006899b2e07d327dc	train	28639
seqinspector:7c53d6929670172663ca	train	28640
seqinspector:b2e3aa4db4c8268e35b5	train	28641
seqinspector:4c8ec0b7c5f051bcadff	train	28642
seqinspector:c18655b233a1b2ac69fc	train	28643
seqinspector:bdcfceef2cde76d4a18b	train	28644
seqinspector:38089f9f706fbdb0d976	train	28645
seqinspector:d6028024df9beacacf28	train	28646
seqinspector:eaf52a83e5a1b5a9efe3	train	28647
seqinspector:7716a24efd701476f08c	train	28648
seqinspector:2c855c14a7dc14da1890	train	28649
seqinspector:94f4e8099a2796813fb8	train	28650
seqinspector:eb4f6bc2522e9c3ad45a	train	28651
seqinspector:2f422897c87993007773	train	28652
seqinspector:f142ab31c43febca20be	train	28653
seqinspector:e411e6ecd32eee500891	train	28654
seqinspector:58fb0f03deb094aa6f64	train	28655
seqinspector:6211a4262e269199eb7f	train	28656
seqinspector:44753ac5084c6cd51e85	train	28657
seqinspector:3f9f939489fb4bfbfd60	train	28658
seqinspector:83486b89420c790e1b2e	train	28659
seqinspector:b750250d1f88af09244c	train	28660
seqinspector:15d12107d537840973b5	train	28661
seqinspector:538ace3eee69ad443b70	train	28662
seqinspector:c39c633ae3d0ca5e056b	train	28663
seqinspector:88ac4c516456db0166dd	train	28664
seqinspector:aac8a8e34a641a008dee	train	28665
seqinspector:9d0c11511c44aff2f014	train	28666
seqinspector:e542e809b17f2ac08c07	train	28667
seqinspector:1b60d440f8d9d484036b	train	28668
seqinspector:1ead9ee910042520a16b	train	28669
seqinspector:ed81bcc63351501290a0	train	28670
seqinspector:d1d97b8d1b93de198b2c	train	28671
seqinspector:9cc9c8246a53d3d07b64	train	28672
seqinspector:7b7c0f2a9395e1cbbf1f	train	28673
seqinspector:77a5f9b825577642a91d	train	28674
seqinspector:6171b0193f6a69a13663	train	28675
seqinspector:09ee629e03be88907542	train	28676
seqinspector:fba015280c38d757ae68	train	28677
seqinspector:17c4ab756b785c3ef10e	train	28678
seqinspector:dfd14fc489f58659af20	train	28679
seqinspector:e850d0e5b554d0931e56	train	28680
seqinspector:16661e583ead0e544d08	train	28681
seqinspector:b3ed15ff809008a14f70	train	28682
seqinspector:5ca587b29da092d0e09f	train	28683
seqinspector:50df4a95f8afb2ce8863	train	28684
seqinspector:27d503eaa26bd3a69d6d	train	28685
seqinspector:cc8cb7d5699472ebcf12	train	28686
seqinspector:2e00c7c34421eb4a8686	train	28687
seqinspector:d4f61f6acf7e339a2018	train	28688
seqinspector:222c549ac6939e76f374	train	28689
seqinspector:d603415c8f1e79452840	train	28690
seqinspector:ecadd9d1652f3be536b8	train	28691
seqinspector:9c3fb2b5e13a98e9faca	train	28692
seqinspector:4d283186a2dbc18f7643	train	28693
seqinspector:24952cc2b1ccfdf73ca2	train	28694
seqinspector:2883f520d04f3cec37b7	train	28695
seqinspector:076d517e2e55de85cf86	train	28696
seqinspector:ce19c645d68b1a43472f	train	28697
seqinspector:1d88d98ac26efa737ace	train	28698
seqinspector:efa4e3343c41d9f77121	train	28699
seqinspector:067e78e55f59ec63fbcf	train	28700
seqinspector:bf98199c283327b5ed8e	train	28701
seqinspector:c96d700f8a1cc27c2b29	train	28702
seqinspector:6158ed636169bfeab84f	train	28703
seqinspector:b357742092b77a4168c0	train	28704
seqinspector:18122fe7f17fc398d2ac	train	28705
seqinspector:0389dd7a9c85d7f5d1e3	train	28706
seqinspector:56dfc405e3367824b40f	train	28707
seqinspector:24da9214502ccf460a74	train	28708
seqinspector:0d6b9ea8f5fa48e3e8ad	train	28709
seqinspector:97d553876af4dd8998a2	train	28710
seqinspector:ab3936b18b6fb7d854ad	train	28711
seqinspector:0775a6ac8fbc20032e64	train	28712
seqinspector:41871cc4cf3da71c5ca3	train	28713
seqinspector:21d31c483b03f093a648	train	28714
seqinspector:9323632d9cf3c38ae646	train	28715
seqinspector:dc46fc7042661a240c17	train	28716
seqinspector:c2b8a0df8da87cc3a068	train	28717
seqinspector:99708189f9066b8c5e44	train	28718
seqinspector:02a9288e9eaaae54c473	train	28719
seqinspector:a4840e00fd52abce43c4	train	28720
seqinspector:bc3ffcc9335e04878510	train	28721
seqinspector:f6d8e6778b70f7f92bfc	train	28722
seqinspector:163ae60dd20498aaf410	train	28723
seqinspector:3cdfbdfa0af1d2e24721	train	28724
seqinspector:fa7b6019b39c3f08941c	train	28725
seqinspector:04ef583736f7f428a980	train	28726
seqinspector:797da4a0f8e858385e30	train	28727
seqinspector:1f55746144cff531fa96	train	28728
seqinspector:bb3942e470bf59946144	train	28729
seqinspector:25c08ee0540582354cf2	train	28730
seqinspector:15e1d876c629e2a2bd20	train	28731
seqinspector:7aeee089e176d6294d1a	train	28732
seqinspector:19cd0480f4e7e5cb6179	train	28733
seqinspector:d5523b4460e41cb78c6c	train	28734
seqinspector:ddd89439024d694e05bf	train	28735
seqinspector:6a293aab1697dd9a788f	train	28736
seqinspector:8a6d4022e1c4214d0be8	train	28737
seqinspector:02b20449024378732b36	train	28738
seqinspector:a47ec7543e876f7eb34d	train	28739
seqinspector:2e44759f53938ce5309a	train	28740
seqinspector:d88facb4112614d26ca1	train	28741
seqinspector:9411f14927e2952bb027	train	28742
seqinspector:fe9b8d13e22b99153509	train	28743
seqinspector:7a41ce557ccaad285642	train	28744
seqinspector:d4ccdfbeb67cde3d0bf2	train	28745
seqinspector:5277c039e2689fd7b1a2	train	28746
seqinspector:66bcdf839987ace8e44f	train	28747
seqinspector:c6d2affa03c5053627a8	train	28748
seqinspector:0587effc80e3a970b2df	train	28749
seqinspector:a390972b52d99c8494c0	train	28750
seqinspector:348d736766cf9023beee	train	28751
seqinspector:cc9b6191f87c93c7e2d1	train	28752
seqinspector:63a85e07092a0983ecaa	train	28753
seqinspector:7f9cdac3bcbff6f2a30c	train	28754
seqinspector:45ab671578e522e67084	train	28755
seqinspector:d8be5dbdc66272bab21e	train	28756
seqinspector:333e6d5c8c94d71621ea	train	28757
seqinspector:cbc3256fafe6b172af1d	train	28758
seqinspector:3a5192d44619e6f6c028	train	28759
seqinspector:3c7fd9ef3349afe0d415	train	28760
seqinspector:dd7c0c5f69838918e51d	train	28761
seqinspector:3abcc4c892e3f2d82979	train	28762
seqinspector:4aff373d7f55aedd3d66	train	28763
seqinspector:dda118bf80331fbe1060	train	28764
seqinspector:183b3e340b08296c8787	train	28765
seqinspector:b4ddb2e2325053241cf7	train	28766
seqinspector:8097502a1e534d48ce18	train	28767
seqinspector:d77b374fc26373d1dc7b	train	28768
seqinspector:976311d81f3846618f06	train	28769
seqinspector:80185aa6c4d6e134fe44	train	28770
seqinspector:5461d9dede99a1b1ba63	train	28771
seqinspector:07d07f378f34d43e6757	train	28772
seqinspector:71c18f9d97b9e4ae17fe	train	28773
seqinspector:cec3266714c348af2ad9	train	28774
seqinspector:2f03dff77c58cc8cd02c	train	28775
seqinspector:495ea191d8b7a6d0d099	train	28776
seqinspector:ba9f6adafdcfff5580e0	train	28777
seqinspector:a674dece1a38feb5383f	train	28778
seqinspector:38fe65daad90f613356d	train	28779
seqinspector:9fa918f4599e5b57915c	train	28780
seqinspector:aa4818147a0c0209ae7d	train	28781
seqinspector:ff5a6a86fa8d9dfa7844	train	28782
seqinspector:a7b03cc986296b497e1a	train	28783
seqinspector:655b3f0c842917c48104	train	28784
seqinspector:f61485539abf24eac73d	train	28785
seqinspector:bc093ce0caadf2120499	train	28786
seqinspector:d6260f38bf94b931cf01	train	28787
seqinspector:b1e17ce679dc8d2957df	train	28788
seqinspector:e2337eaf75bb7ec436f0	train	28789
seqinspector:d12a479a76fec784fcdc	train	28790
seqinspector:58ae692293f6fbca2d8d	train	28791
seqinspector:35682d83e590c14b2e7a	train	28792
seqinspector:a1a8e16c3abbba3102cc	train	28793
seqinspector:09f3e28e62c8e0549533	train	28794
seqinspector:6fd0735660f7c73a81dc	train	28795
seqinspector:c7957a0c457744fc023b	train	28796
seqinspector:f844bcd787121a6d00c0	train	28797
seqinspector:e452543ab7228ef7d625	train	28798
seqinspector:c493edcc8b42693b4e14	train	28799
seqinspector:0c0e476206a8e5fce6f1	train	28800
seqinspector:aa35a0ad5042067b0507	train	28801
seqinspector:e9719653260a534a3371	train	28802
seqinspector:e67a7435d7068af26bd8	train	28803
seqinspector:2a49f5dee45fbd2b4ad3	train	28804
seqinspector:abfd0f951bff2575f1d9	train	28805
seqinspector:24da8f1647dc3c70d9bc	train	28806
seqinspector:e30dc034e2d689e6e9de	train	28807
seqinspector:e65a8b22f7ef4f206bc1	train	28808
seqinspector:6ae99b5848fe3d5bfd73	train	28809
seqinspector:1c8c23455aec75e61b81	train	28810
seqinspector:544717d66b300057688f	train	28811
seqinspector:779f5ad0c359899fdb6f	train	28812
seqinspector:0b198e7068721ea5f6e4	train	28813
seqinspector:eb483d10c0133bd11ba2	train	28814
seqinspector:9ffc0e20bd37e3f0ef60	train	28815
seqinspector:386cfb361c8567bfd6b0	train	28816
seqinspector:4503586c65ec6b0eee7c	train	28817
seqinspector:3cff6fc5691ec56c1f00	train	28818
seqinspector:31755633c2e74a59892e	train	28819
seqinspector:d395ed9bdff4cd2f10ac	train	28820
seqinspector:cf8e8af83d8d4468c84e	train	28821
seqinspector:9c528b22e2810016c6e1	train	28822
seqinspector:e8329166d6632fa91e1a	train	28823
seqinspector:b8e2242c2e27b4fbe416	train	28824
seqinspector:d35866626efcd51349a7	train	28825
seqinspector:037e5cc1b20e76b6a427	train	28826
seqinspector:fa1cf9e96c26774c1e47	train	28827
seqinspector:abd35cdb26e04f3683db	train	28828
seqinspector:83135426250051ab4458	train	28829
seqinspector:1cd672b157524f17f226	train	28830
seqinspector:7085628cdb4d5b1d240f	train	28831
seqinspector:feda43b23e9e567e5cb4	train	28832
seqinspector:19bc090636cf3ab96feb	train	28833
seqinspector:5a90b5fe394618361c04	train	28834
seqinspector:cb899b34fe9fef7876fa	train	28835
seqinspector:8c2ff0d8816fc130c8a8	train	28836
seqinspector:3c7e89647e12af5c88b3	train	28837
seqinspector:6fe7b2595a509d4f403f	train	28838
seqinspector:555600e1c9023b9d95f4	train	28839
seqinspector:9fd79585c43f1150b58f	train	28840
seqinspector:1c4cda7cd20817e0014c	train	28841
seqinspector:b518dd5877ebb0e9250a	train	28842
seqinspector:c0bacc3aa4317e3f09d0	train	28843
seqinspector:fd24344a3b3681875310	train	28844
seqinspector:8eabdd60c2538a7cbab7	train	28845
seqinspector:15f96667ee303a24df73	train	28846
seqinspector:3353e524aba09dda2afe	train	28847
seqinspector:66cadc8a55acbf93a381	train	28848
seqinspector:bb2cf242831d8f82e845	train	28849
seqinspector:7cf614585a0f737981e4	train	28850
seqinspector:036742dfc158d072eec9	train	28851
seqinspector:36dce34670d155aa5744	train	28852
seqinspector:f3d191a8ccdddc79ef4c	train	28853
seqinspector:7adc1a40caf58ef1ed18	train	28854
seqinspector:917e25127a5aa1e6f942	train	28855
seqinspector:f4d7336d2a693f817043	train	28856
seqinspector:925d272a5b70922892cc	train	28857
seqinspector:20babb54aeddfd7fa20a	train	28858
seqinspector:a3c51a0a72e2c318ffb5	train	28859
seqinspector:17a90754ed3f5617fb41	train	28860
seqinspector:e05482840cf7dfbdf238	train	28861
seqinspector:8bddb42cd11aa3c7e992	train	28862
seqinspector:466e78e2eee8282ff1db	train	28863
seqinspector:d3f90c8b83f2acabbfa6	train	28864
seqinspector:d61f31112d2bcd8c52a7	train	28865
seqinspector:047e69f7f52150425f24	train	28866
seqinspector:61578102fa314743eb83	train	28867
seqinspector:517f260735c199512fa1	train	28868
seqinspector:1485ba0bd4e45ae42dd4	train	28869
seqinspector:f796f928d6027b156365	train	28870
seqinspector:67648a9c639343506787	train	28871
seqinspector:82242481e36a4db8d143	train	28872
seqinspector:b0f1a7e788280836fd0a	train	28873
seqinspector:a1b09be6ea44c974a15c	train	28874
seqinspector:039a9540c04db9763a8d	train	28875
seqinspector:17491eaf2c3c3fc774bc	train	28876
seqinspector:f7c2fae30fcff42ec9a9	train	28877
seqinspector:e778d8943596cae5aa2f	train	28878
seqinspector:f96896672e3428ce2240	train	28879
seqinspector:9a78e96ebf9098f6fb2c	train	28880
seqinspector:67ba02e45134d1044461	train	28881
seqinspector:04066ad438a38d3edcf7	train	28882
seqinspector:f96b3843826620fc8275	train	28883
seqinspector:db5dfdf0c4840733d3cf	train	28884
seqinspector:13c013f247a22a43675a	train	28885
seqinspector:3dd89600e90fa28cd5a7	train	28886
seqinspector:5c46254ac49b375eb21a	train	28887
seqinspector:2d3c9a273024af1522f2	train	28888
seqinspector:eee7021818dbe190aef5	train	28889
seqinspector:628e91724594661c1002	train	28890
seqinspector:9deb6f56be7992601453	train	28891
seqinspector:cab6f7a95bf7e27865db	train	28892
seqinspector:90a6c9948218b87b9347	train	28893
seqinspector:e3d95a810a9a152e924c	train	28894
seqinspector:64be171fee6e15a7b101	train	28895
seqinspector:0315e60aa78cf279a040	train	28896
seqinspector:0a95056f108bec906206	train	28897
seqinspector:ce69c0bd5bf69747ad8a	train	28898
seqinspector:b32ce0cef98c0a299aa0	train	28899
seqinspector:900d51506869cb4b107e	train	28900
seqinspector:76a09e41fa0d38b35e50	train	28901
seqinspector:b243100d21e47e345e4d	train	28902
seqinspector:1984f4176bf7fa94b16f	train	28903
seqinspector:b4e92e4ecab43d5c94a0	train	28904
seqinspector:c7fce4d935ef3b6ada40	train	28905
seqinspector:3fcf1a6ca2bdd7575190	train	28906
seqinspector:0f524126cf62f401eabb	train	28907
seqinspector:9ccd89c10cc131dee94c	train	28908
seqinspector:b657f0a45f55f8a6727c	train	28909
seqinspector:60e40dd7c6bbee308eee	train	28910
seqinspector:91da89a236b3de7bde9d	train	28911
seqinspector:e321e30e1ca38f69f2e6	train	28912
seqinspector:fcfd61cae06dc4685aab	train	28913
seqinspector:8831eead7cfa18d2f66a	train	28914
seqinspector:dcf73a5b1b874905e13e	train	28915
seqinspector:feab0a3e0dc7fcf8d6f8	train	28916
seqinspector:1c6759d44f25f91a50e6	train	28917
seqinspector:f17f7e83ad10334f88e5	train	28918
seqinspector:2c1399ce9ef3a03eb295	train	28919
seqinspector:7808cbd67f7b023ef811	train	28920
seqinspector:ab9b5991b604cd4354d9	train	28921
seqinspector:9e8e68dca1b300552087	train	28922
seqinspector:3cc05c1042f6bfd8b5c5	train	28923
seqinspector:f0afb330baf510da553b	train	28924
seqinspector:0d18ae16b6d9b88d0a95	train	28925
seqinspector:fc7b603056d08bf716d6	train	28926
seqinspector:9dfd2d92fe5fc17805b2	train	28927
seqinspector:396f8d6ee63dc694cf2b	train	28928
seqinspector:9cbffcdba9409932e0c1	train	28929
seqinspector:b91799d852a739e5c58e	train	28930
seqinspector:bc574df0d167b7cb17bc	train	28931
seqinspector:a16b027d598387e58a3c	train	28932
seqinspector:c9ecf4bde5fa08dbb796	train	28933
seqinspector:7c6ce88996806bd05acf	train	28934
seqinspector:cca1003e2f4aa5c8d48b	train	28935
seqinspector:e65d6dbdbffd3630633c	train	28936
seqinspector:f7f2c5514073cba04ff1	train	28937
seqinspector:9bf815f58362927cfe96	train	28938
seqinspector:2af29596a016450722b9	train	28939
seqinspector:eecde431132d28f523f8	train	28940
seqinspector:6613600ba4b477cd7cbb	train	28941
seqinspector:3fca5cc4689b0583aa51	train	28942
seqinspector:ceb09580998db41ac1f2	train	28943
seqinspector:65d25c8a7275b5414da7	train	28944
seqinspector:7391cd4568ac5434c8f3	train	28945
seqinspector:41b786692978601b3ce2	train	28946
seqinspector:13dd21208a6dcd9790ae	train	28947
seqinspector:e71c3f40f2334dd42537	train	28948
seqinspector:5eca52a3c43b6f81be53	train	28949
seqinspector:f6884e320c9453762922	train	28950
seqinspector:06f68a61104a385deed3	train	28951
seqinspector:a46a6012c24650658fd6	train	28952
seqinspector:05c65e9851f5b7b247ce	train	28953
seqinspector:1a90c61f8c543a0ee532	train	28954
seqinspector:677566f7026bc2ff7f1c	train	28955
seqinspector:72549a1551cdb7d0ea65	train	28956
seqinspector:2f4edb406e3ff474cee7	train	28957
seqinspector:a2630bd4eae37deb0d08	train	28958
seqinspector:4b1ed1f2aacf86de1bba	train	28959
seqinspector:9c5ea1224d9a2d0a2791	train	28960
seqinspector:0629c905381785b58bc9	train	28961
seqinspector:e393ff6cf47588320c15	train	28962
seqinspector:e98009754f85ad5c274a	train	28963
seqinspector:ba98fbeb7535845bafe5	train	28964
seqinspector:634d7d3cec97e1f7ef0e	train	28965
seqinspector:1741cea88306ffd499f3	train	28966
seqinspector:90c55a750fcbd2282ea1	train	28967
seqinspector:5dbf5427d5e331b7da32	train	28968
seqinspector:048c52cb9472a0b4aa9d	train	28969
seqinspector:113c866572ac53533b06	train	28970
seqinspector:2d7fceba4011dcdc071c	train	28971
seqinspector:3a6e9d79388ded9ba762	train	28972
seqinspector:57b3f681b1a3f4cdde20	train	28973
seqinspector:d09505ae631e7035bc73	train	28974
seqinspector:0d8dfee6c368b529e43c	train	28975
seqinspector:7deed812998cb5075f7e	train	28976
seqinspector:e13759e029e93e311296	train	28977
seqinspector:cd621488999850042e0a	train	28978
seqinspector:e67ba920c4e5dc6046fa	train	28979
seqinspector:c816f251ac4d127156c3	train	28980
seqinspector:bab0ac41addf40536bf6	train	28981
seqinspector:fcdda13208449ca7c8b0	train	28982
seqinspector:b8d834ca2c8c2ea42e60	train	28983
seqinspector:a072a626f291c946ae1c	train	28984
seqinspector:d175637eaf22e5f01f4c	train	28985
seqinspector:825a7a761788c99e9410	train	28986
seqinspector:c65c9561c7ebd75784f2	train	28987
seqinspector:a18faf81bb25c922e691	train	28988
seqinspector:9dce15564b4d33b3a198	train	28989
seqinspector:67afc947b0c753066996	train	28990
seqinspector:04aa8037e85d41962c84	train	28991
seqinspector:603397d6fd4b7cdeb77d	train	28992
seqinspector:8d480fb39a1b5a44bf1c	train	28993
seqinspector:0c9750a9d403bff8321c	train	28994
seqinspector:834d300cd6857d274707	train	28995
seqinspector:a609e2b2df529675eea7	train	28996
seqinspector:c80e1588f181578ef3fd	train	28997
seqinspector:5dae9c0affcba302b6c9	train	28998
seqinspector:e051a1edbbb079594349	train	28999
seqinspector:bd9bdb7675007e326770	train	29000
seqinspector:219b9af293fd1ccba2cf	train	29001
seqinspector:53e34d7433c37039e7c3	train	29002
seqinspector:ab7cdafc296e674dfa8d	train	29003
seqinspector:feabbf8f5d16cb1924ad	train	29004
seqinspector:c87f4f0e0dab2bc19fae	train	29005
seqinspector:c25dbecdd6b3d98e7428	train	29006
seqinspector:113eed1fe104a77ab522	train	29007
seqinspector:4268c51747d093875994	train	29008
seqinspector:12c0a68b23b9b4a22b6d	train	29009
seqinspector:909987a2326a4a7aabd0	train	29010
seqinspector:07bd0fb95e7c2e479cb2	train	29011
seqinspector:1fc69c68e7d7ba048334	train	29012
seqinspector:485efed3a1cd82c23977	train	29013
seqinspector:d7ada18a7d8ce5c3f8fa	train	29014
seqinspector:170eb69cdf94ba4f5934	test	29015
seqinspector:2894ca4612e6f971f3c2	test	29016
seqinspector:4fe7b3d81f144be022bc	test	29017
seqinspector:f1367bc03aa3da8aef16	test	29018
seqinspector:775bcd969b448994bd65	test	29019
seqinspector:9d34689f34a6b75227c1	test	29020
seqinspector:c306f7ef97cb1d2e4d9c	test	29021
seqinspector:1da9e52bf33d91adadee	test	29022
seqinspector:e284f0c10f545dc9b095	test	29023
seqinspector:188d57de9e9f094bc849	test	29024
seqinspector:bda79120d45e3ff46d32	test	29025
seqinspector:70737e4c14e5236581bf	test	29026
seqinspector:cfe0da7f734e85f8f3c4	test	29027
seqinspector:a52236c5c83c6fb6e8b8	test	29028
seqinspector:7f7312155386afa09bb0	test	29029
seqinspector:373328f41cbc509c6051	test	29030
seqinspector:f06fee182b19c8674dcb	test	29031
seqinspector:1fbee1987d7773825977	test	29032
seqinspector:c53122e2d50adc6d93cc	test	29033
seqinspector:53cee04fdd0b86e5d761	test	29034
seqinspector:0914083aa801f25715f3	test	29035
seqinspector:f4c17b31bdb09948d21f	test	29036
seqinspector:f83f03f0d1227c50a2eb	test	29037
seqinspector:6b289034be1a4e3e9f78	test	29038
seqinspector:b4e15891ec7c360b99d3	test	29039
seqinspector:61b510acee2f059842a3	test	29040
seqinspector:63ff59d81dc1af51e72f	test	29041
seqinspector:4e86f491972a23231814	test	29042
seqinspector:12886437788e7b6dd75b	test	29043
seqinspector:e312edc3e57a0e98597b	test	29044
seqinspector:4c1a8dcfe3be05e405b4	test	29045
seqinspector:cf7f01119c36d0b0f31d	test	29046
seqinspector:1bc84106ba282f42d6e1	test	29047
seqinspector:9107a7e027d72847995d	test	29048
seqinspector:225881bcaf4527758457	test	29049
seqinspector:29750f84c13b941d138b	test	29050
seqinspector:0fdd0b22ae7795691354	test	29051
seqinspector:967c074379bdbc3e0fb2	test	29052
seqinspector:3dbd0096e1526261a7d5	test	29053
seqinspector:8de45defe87a5855f20b	test	29054
seqinspector:36c0f3ebdb1b9124e8cc	test	29055
seqinspector:cb7bcbbb942d27a0645c	test	29056
seqinspector:fbdefe937fcf1665108a	test	29057
seqinspector:05c7a2025095fe0ef1b9	test	29058
seqinspector:b12ad5a413068a1241be	test	29059
seqinspector:b05c6dedf975cc9c2df0	test	29060
seqinspector:fb9bdccba09a05579153	test	29061
seqinspector:f9b0b19819269216a20f	test	29062
seqinspector:d4d7765335204059e97d	test	29063
seqinspector:e32921a0c648affc47f9	test	29064
seqinspector:bb996c820bde877a534c	test	29065
seqinspector:f5c59d44af7cc838dd4c	test	29066
seqinspector:c7c811605ac5da6633df	test	29067
seqinspector:a7dd69947af4ee5c5f80	test	29068
seqinspector:fbcf255a97efd02b3204	test	29069
seqinspector:f725e1fcdf4647e903f6	test	29070
seqinspector:9323494cfa66ce226151	test	29071
seqinspector:a5c6d92235c86c84d61b	test	29072
seqinspector:42cf80536a01455500ac	test	29073
seqinspector:5bf68dbb57721e7d143b	test	29074
seqinspector:23aa2a20987884801cef	test	29075
seqinspector:a9b1cf589b751a0d106b	test	29076
seqinspector:de23208c2129c5ce06b1	test	29077
seqinspector:8e9151e5b3c8fb277612	test	29078
seqinspector:47b371bfb4ebc40ee012	test	29079
seqinspector:438ae84cb98d744dd8e3	test	29080
seqinspector:271eab89be5fa82129d3	test	29081
seqinspector:9c005bbf7931664a6606	test	29082
seqinspector:6eba512ea30ed58b9e83	test	29083
seqinspector:87fecfdc759282283f55	test	29084
seqinspector:ce6fabae41b4250945b5	test	29085
seqinspector:fac3313bc501d0a26ea5	test	29086
seqinspector:9b578d64a3cfc12f58ae	test	29087
seqinspector:efbde6f40acaaa96e144	test	29088
seqinspector:9fea837185b387f58460	test	29089
seqinspector:0e3a601988d9cfca3eff	test	29090
seqinspector:b98fc41335ff27fe2e5c	test	29091
seqinspector:9be11144961f56eb5722	test	29092
seqinspector:75cc92df33295b92b5cf	test	29093
seqinspector:bda90cefae3d07537b04	test	29094
seqinspector:2a23cf45e0c5f977b8d5	test	29095
seqinspector:52aa2ec7e2fa66934406	test	29096
seqinspector:0308a9ddc170a2e962c7	test	29097
seqinspector:e4c46ed97e50a145b15a	test	29098
seqinspector:1b53523d97d0cdc89c20	test	29099
seqinspector:af43476fb1d4774b3ef1	test	29100
seqinspector:af32e79dab56c525a1a3	test	29101
seqinspector:a3127461afb809a10967	test	29102
seqinspector:d2fb0279c707cfc1fb8e	test	29103
seqinspector:8d56975aac39e524fbe8	test	29104
seqinspector:61ff3a363aae5df692e2	test	29105
seqinspector:e5012ad1a41b591fcc70	test	29106
seqinspector:55b9f2c7fc8788d0b1c5	test	29107
seqinspector:65dc8fe952fe6a9d8f03	test	29108
seqinspector:7bc094ec574281042c25	test	29109
seqinspector:d99be81a482519e27950	test	29110
seqinspector:ae8b489d104bd1272601	test	29111
seqinspector:449f5904a8a58129747a	test	29112
seqinspector:1766250f332012a41ae6	test	29113
seqinspector:eed8cc85ddf1aff68495	test	29114
seqinspector:512c12ac2a5f32e23f5a	test	29115
seqinspector:d136f14b3da844b3a513	test	29116
seqinspector:9d61a46eebe643878590	test	29117
seqinspector:cb6dc16ebb7fd855258b	test	29118
seqinspector:df1dd7b0eb35581feffb	test	29119
seqinspector:e643ca127d2a1b89d6db	test	29120
seqinspector:18fb82ac423ae4219edb	test	29121
seqinspector:292a9ff8908ecfbbf92e	test	29122
seqinspector:0cfec38b986d233ccb28	test	29123
seqinspector:70db19a4dd1bd794cff8	test	29124
seqinspector:c906aa9171764565fc49	test	29125
seqinspector:e32bae90d3b3d5c8e557	test	29126
seqinspector:78c7c9c8b3ea0b0ff234	test	29127
seqinspector:23f7cb5e2c3b7343426d	test	29128
seqinspector:3f20aca11a660fd783ee	test	29129
seqinspector:852a6d1aa6f677d15a90	test	29130
seqinspector:fa96f85fb7589d928d6f	test	29131
seqinspector:4e2a2c69e6cfe1ac1d03	test	29132
seqinspector:7f44bcb60e638197536f	test	29133
seqinspector:a6c9d13a0c01fd1efdef	test	29134
seqinspector:266e9c45dbae14b170fd	test	29135
seqinspector:c486c6a5a7966e05bd17	test	29136
seqinspector:757b4220d7078a0ff90a	test	29137
seqinspector:24d143ccc1c9580642cf	test	29138
seqinspector:9cdbcca55038c4d1ef72	test	29139
seqinspector:f6b5325fcd4d7b75f845	test	29140
seqinspector:0b93b35b7c5d9bf12b9b	test	29141
seqinspector:3c41b0d8349fa01b2cf2	test	29142
seqinspector:c1347c1d09eac7ae149d	test	29143
seqinspector:0c712f5dbe2e09a06392	test	29144
seqinspector:41c4fd66425f9248391c	test	29145
seqinspector:64852cb01ed92d6533eb	test	29146
seqinspector:ac4acea774c8a6c02a5c	test	29147
seqinspector:3a0a83d129e1d6ad47cd	test	29148
seqinspector:cd533ccf3a502eead8df	test	29149
seqinspector:417525d5fb099d44107b	test	29150
seqinspector:76d20e225118c73cae9f	test	29151
seqinspector:a2e31c5e5ad9985a2df2	test	29152
seqinspector:f474e10a337b738f8ba9	test	29153
seqinspector:f7f65488f7296948ac17	test	29154
seqinspector:2fa44051ec42ae8e5ddf	test	29155
seqinspector:f40269fd5937a0f5b60d	test	29156
seqinspector:18eb59162993d6653d62	test	29157
seqinspector:2c7801350f83b3d3653f	test	29158
seqinspector:1b6d6ad4aad3b90e47e3	test	29159
seqinspector:e16de75f958dbaf51abe	test	29160
seqinspector:8fbc261438529ebf092f	test	29161
seqinspector:59ba7f05fed136acd518	test	29162
seqinspector:ad24dd428398d0fca3b9	test	29163
seqinspector:714d67b8d3f8af4780a0	test	29164
seqinspector:628bcb813dfd8d298d6f	test	29165
seqinspector:fbee01fdf165acd3ae67	test	29166
seqinspector:3a7d53dec1a75587b35b	test	29167
seqinspector:894118750716fdc80c2d	test	29168
seqinspector:42087e21411e947542fa	test	29169
seqinspector:d76fe9e689f8b4c5c469	test	29170
seqinspector:22f7c28fd5a5abaaecc3	test	29171
seqinspector:6ab68835e819556ca594	test	29172
seqinspector:58e72fbf7184a12b05a7	test	29173
seqinspector:f2c356d926514075a404	test	29174
seqinspector:f3d7bc47d107fd9390ce	test	29175
seqinspector:8b0c240c654de14885d6	test	29176
seqinspector:2a93d2ac45f6d86f15f0	test	29177
seqinspector:bc2ba1078266ed1ddf93	test	29178
seqinspector:417ddf6bc94c39fdcedd	test	29179
seqinspector:d1cb43b5fd13249024d2	test	29180
seqinspector:1b786a988fe891f84fdf	test	29181
seqinspector:f72214db5d62dbc3c3b3	test	29182
seqinspector:771f306692c66890f08e	test	29183
seqinspector:047a920d072c0e550562	test	29184
seqinspector:14bdc1291c1d8fe206fe	test	29185
seqinspector:90c0efe9d88a09d7f7f0	test	29186
seqinspector:55b6589dde8c601c1cff	test	29187
seqinspector:16509b16dee12dc8efa6	test	29188
seqinspector:fe2f2a03b314a80efe25	test	29189
seqinspector:9206d6e7820774a4a313	test	29190
seqinspector:66cc85e92e2f07c6ad3f	test	29191
seqinspector:9d88db557b5b24f45b35	test	29192
seqinspector:3229a418fcad21bba224	test	29193
seqinspector:d7b69512fdb562adaeb1	test	29194
seqinspector:87550e72b993f97e0b85	test	29195
seqinspector:94ea0bd436809eeb6278	test	29196
seqinspector:15d22fe11618dac37dff	test	29197
seqinspector:bc1498c2934a4a827e45	test	29198
seqinspector:f22c0cd5d1eff40983e4	test	29199
seqinspector:7de7b8ba732cc1bf6bbb	test	29200
seqinspector:9d1f584fefde09483766	test	29201
seqinspector:9ad419deb22f70b291aa	test	29202
seqinspector:dcbe70105f254742ce82	test	29203
seqinspector:6ce1fed4ec5f06f6b8b1	test	29204
seqinspector:9531b3bae5b24813d0e0	test	29205
seqinspector:01976e04ec315451a290	test	29206
seqinspector:b7a797f671cbec81321b	test	29207
seqinspector:c15a8e582a42d18da180	test	29208
seqinspector:82cda3b93f6e28f02c5c	test	29209
seqinspector:3b864f58d5bb1e9748b9	test	29210
seqinspector:c8ac752bf1ff5f021fb5	test	29211
seqinspector:13e1de64398f844106c3	test	29212
seqinspector:a286f1d179f8c7038789	test	29213
seqinspector:2287323374c6f84cfd34	test	29214
seqinspector:4447517fe2fd743666d9	test	29215
seqinspector:d162442ec71b1477dc90	test	29216
seqinspector:0c8d3f92d686bc31c13f	test	29217
seqinspector:b87402078449ce6a9e90	test	29218
seqinspector:62cf5a505fe4513f29f3	test	29219
seqinspector:28ae4bc66e8b969c722e	test	29220
seqinspector:2976823524c3afe3fb4a	test	29221
seqinspector:79adadf24e3117e71e69	test	29222
seqinspector:bba5d994b95d38168471	test	29223
seqinspector:9cf7ef2dcf46a6f6a38c	test	29224
seqinspector:2c1de372c5f26f792f67	test	29225
seqinspector:a01ac6e2b525ce9c916f	test	29226
seqinspector:7faa3a2da01a833f5c60	test	29227
seqinspector:8eea5e3e21b26645af76	test	29228
seqinspector:706cf432c4c8cd98075e	test	29229
seqinspector:51dbe6bd9acf631aaf3b	test	29230
seqinspector:beadcb5769957c92ffa3	test	29231
seqinspector:c65826b0752ca373adee	test	29232
seqinspector:24de344f925d3a5b4b41	test	29233
seqinspector:a2c5f5751d758716506a	test	29234
seqinspector:a96b33695ec15b9f94ef	test	29235
seqinspector:c8bc811cf7299f07f738	test	29236
seqinspector:1e624a71776ea1d6c968	test	29237
seqinspector:b641790aab0cb04c8d2a	test	29238
seqinspector:ac0a8114df7120dbcb37	test	29239
seqinspector:fa027e4d52287cc0d115	test	29240
seqinspector:58237254c306fbeef220	test	29241
seqinspector:c1c93496bf6522aef3da	test	29242
seqinspector:af7d06a2968e042237a4	test	29243
seqinspector:d5432744a38d78c89ba4	test	29244
seqinspector:aad9a30e7617a908dfc9	test	29245
seqinspector:2b407ffd3331873b4e25	test	29246
seqinspector:c68bfaf005cb6ce809a6	test	29247
seqinspector:7c560c749edf557c8dcf	test	29248
seqinspector:d6d67c91384659063fd9	test	29249
seqinspector:6774f7abae32e2a471d7	test	29250
seqinspector:42fea608fbbb18135f71	test	29251
seqinspector:83a440a38cc5b5bdf998	test	29252
seqinspector:362659322db1465f0237	test	29253
seqinspector:b29c9001b49077ad3d90	test	29254
seqinspector:5fa6a3e64892a4de0f00	test	29255
seqinspector:625cce005b0f89998218	test	29256
seqinspector:af7d30fa4bbbe9063e03	test	29257
seqinspector:9b06b87e70aad60df4e6	test	29258
seqinspector:cf959b9bdab479d6f537	test	29259
seqinspector:5cffb6e8ad8150714a2e	test	29260
seqinspector:94af3f0e523d66b21564	test	29261
seqinspector:8a54563e3538a17d4e01	test	29262
seqinspector:f73a6e2dde375b3a90d9	test	29263
seqinspector:75e0e6223eae3605f25a	test	29264
seqinspector:2e13b9fc2778d2f7ed17	test	29265
seqinspector:9fcce025e70ccd766c25	test	29266
seqinspector:3333fa9601023290a1cc	test	29267
seqinspector:ec844d3faee9449d1069	test	29268
seqinspector:7e5418c438f3e73142d2	test	29269
seqinspector:52ea910b4a7d93b2d9f9	test	29270
seqinspector:37319fef9e581c566f55	test	29271
seqinspector:abcd8bfc9eb8188c20a4	test	29272
seqinspector:f291b5dc639254051acb	test	29273
seqinspector:bd0a778589b13222ef89	test	29274
seqinspector:b421934b27f77add600d	test	29275
seqinspector:d21302fe7e7c9a3f0b63	test	29276
seqinspector:cf0197b6055b1cb91982	test	29277
seqinspector:5eba590ed9c295475264	test	29278
seqinspector:905fd30bef9a3bcb35b6	test	29279
seqinspector:4ebbe7a693a64b72ba82	test	29280
seqinspector:791279e7c039f76f19e2	test	29281
seqinspector:8167f0340326a2ec4bfa	test	29282
seqinspector:8fc636e4d23ed05ee3cd	test	29283
seqinspector:ab64dcf2fabf66f7c4ab	test	29284
seqinspector:320f0a18cdb9f08be4fe	test	29285
seqinspector:9cd81714da5f5144b1ca	test	29286
seqinspector:bc3549da63d6bd290ed6	test	29287
seqinspector:9d8d6c50857d1cd91031	test	29288
seqinspector:5a9a4f36d9a8bc624d4c	test	29289
seqinspector:0029a5bc132d238a91d0	test	29290
seqinspector:6add4e8cf50db419e495	test	29291
seqinspector:90cdbde3761778485905	test	29292
seqinspector:2d9567c74c5d1b48a5ed	test	29293
seqinspector:e7acead685a98141e197	test	29294
seqinspector:a16fdc8a5a45dc66f313	test	29295
seqinspector:fde26d45269b5c3947e9	test	29296
seqinspector:8a03f8a4691a579c0136	test	29297
seqinspector:68052661db5b82d2d690	test	29298
seqinspector:329cee9ce09c974c5dc6	test	29299
seqinspector:db842b3ed018c16b1423	test	29300
seqinspector:12f6ad2a41ffe2de1943	test	29301
seqinspector:839f460a83d8b9623e62	test	29302
seqinspector:5b5c7b8bef66706ed841	test	29303
seqinspector:ec45f18c6753a8c391ec	test	29304
seqinspector:cd15e1056e9829796e78	test	29305
seqinspector:768696f413b69d1e6b36	test	29306
seqinspector:7704d50ca0e7a7556fce	test	29307
seqinspector:839ecdfca2932b1b51ae	test	29308
seqinspector:8b3890cdbca0c4085769	test	29309
seqinspector:dc7388f4340febc05959	test	29310
seqinspector:e6e9d7b27f3477e5da28	test	29311
seqinspector:288e448517c15628c217	test	29312
seqinspector:269fde226935804e001e	test	29313
seqinspector:c13f64d119ad08334736	test	29314
seqinspector:83b7cc1946422f7e7963	test	29315
seqinspector:8a30e23a58ed2809673a	test	29316
seqinspector:f92aad68b4f9b8e23c6f	test	29317
seqinspector:9985b1b952f3d2db934f	test	29318
seqinspector:462244a3edbe6137afda	test	29319
seqinspector:b69335b83c6503ebbd30	test	29320
seqinspector:641bb4b0fbebfa757d87	test	29321
seqinspector:47a92bdfae0d177779ec	test	29322
seqinspector:649ca098fab7a80b60e8	test	29323
seqinspector:6ac9803cbc2573e93f8f	test	29324
seqinspector:3f836f655672d028d246	test	29325
seqinspector:e04f0a03af30631f42b4	test	29326
seqinspector:220a738c0623082b7e4f	test	29327
seqinspector:9ddd129a64e07d287174	test	29328
seqinspector:cb4d1f740fbb4799346d	test	29329
seqinspector:1f137f84f00eca88a1ff	test	29330
seqinspector:65899ec92da035d38936	test	29331
seqinspector:0182466b90175726d34b	test	29332
seqinspector:226bfefca0d57c922a17	test	29333
seqinspector:8f6fb3734334e25f0abc	test	29334
seqinspector:24822b95919d7540e7af	test	29335
seqinspector:7d42531380900ac9704e	test	29336
seqinspector:cc9a83ab38567ebf9155	test	29337
seqinspector:c241b7509878c34a0289	test	29338
seqinspector:a989a81ea9b886199977	test	29339
seqinspector:dcc83ad0cea31574434d	test	29340
seqinspector:89d7a801206ff62daf9d	test	29341
seqinspector:575c395747947bfe79dd	test	29342
seqinspector:fa51aa67e08afe7a70ae	test	29343
seqinspector:8614334c533fb485571a	test	29344
seqinspector:c940f02ea2c7f5420aab	test	29345
seqinspector:538c560b0fc4c16c01d0	test	29346
seqinspector:aa2c27ea889d0d7d737a	test	29347
seqinspector:6dc00a7d541e5bdcc18e	test	29348
seqinspector:fd6bcd85e8e71cb07dbf	test	29349
seqinspector:726cae156a9b24d69b6f	test	29350
seqinspector:293751531cd0f5a4b631	test	29351
seqinspector:b40df5dca081c00eb10b	test	29352
seqinspector:1e180a04f85ca0bc7a0f	test	29353
seqinspector:8379b7a13c3ff7fe3982	test	29354
seqinspector:6f2ed2d6dc7618bee17d	test	29355
seqinspector:932bfcb04d9fa3645297	test	29356
seqinspector:9fce4748f48ef3ce68d2	test	29357
seqinspector:dffadbcd091656e366dd	test	29358
seqinspector:2dfe82a0a9c1ca439b25	test	29359
seqinspector:2f5e0cc34d69eb07e138	test	29360
seqinspector:1b793d631c71a6d80033	test	29361
seqinspector:de56a9b25e90a2696adb	test	29362
seqinspector:3eaad039932a5b1c3195	test	29363
seqinspector:6530bda938c19ce87a19	test	29364
seqinspector:5601d9a919dd604d1e46	test	29365
seqinspector:f09c6890ca3ae6d1006d	test	29366
seqinspector:1dae50b2ead7c44ca0e9	test	29367
seqinspector:64dcc98d9410788e851b	test	29368
seqinspector:32f1051431f4a678789d	test	29369
seqinspector:7cfcb52e1bcf7e3d825a	test	29370
seqinspector:95a291381e1145379838	test	29371
seqinspector:33be605ac0ced158a4b0	test	29372
seqinspector:2bd2f07566c58c1ef3cd	test	29373
seqinspector:aa554ee5fe54c2a7a2b4	test	29374
seqinspector:77bfa9cdf3846ba0d4d0	test	29375
seqinspector:a3dacbad15bce9241cf3	test	29376
seqinspector:d0ab47fe612c70979515	test	29377
seqinspector:45fcbfb2ad16c2d93935	test	29378
seqinspector:48e2233660eb6e868d14	test	29379
seqinspector:633038b3610abe80073b	test	29380
seqinspector:e95d6e37154bd630406d	test	29381
seqinspector:ef5487d559a64ce28a21	test	29382
seqinspector:370651e9ce8ee0c86ccc	test	29383
seqinspector:6acd138adcfa410915f8	test	29384
seqinspector:90e661fcaf5705a64ec6	test	29385
seqinspector:2d22fdd36e01bc90416a	test	29386
seqinspector:36906061515bc1a82990	test	29387
seqinspector:2dd9a3cc5bf96f2f7a76	test	29388
seqinspector:0ef0b863f41ae9a4d28c	test	29389
seqinspector:6b12daf39d1aa9c418a9	test	29390
seqinspector:99ecc28583134015db1e	test	29391
seqinspector:7a82f056483e8b495fb8	test	29392
seqinspector:b418483a117fe4692535	test	29393
seqinspector:2b8d47f3d362ebe59778	test	29394
seqinspector:61e3679733d2d13eca5a	test	29395
seqinspector:91373906553291926ec4	test	29396
seqinspector:1384866ec00513598e14	test	29397
seqinspector:8ef1ea42fdf30474f900	test	29398
seqinspector:90794828c67f8121acb7	test	29399
seqinspector:3486970a74283acfe0a7	test	29400
seqinspector:7db622a1a05631e33ddd	test	29401
seqinspector:4c574a53daa6211601dd	test	29402
seqinspector:dacb17e4549ca68d97a3	test	29403
seqinspector:2e79ca3af7d40127f5e1	test	29404
seqinspector:252798beb7c7e39e0965	test	29405
seqinspector:1c4c0e66374776118288	test	29406
seqinspector:f29825fd28872a9c5a7d	test	29407
seqinspector:db50dcc657459487620e	test	29408
seqinspector:981719bbadb8dbdeb755	test	29409
seqinspector:9f3fde1b057e30ed168f	test	29410
seqinspector:e517bbd47b740d30f4a3	test	29411
seqinspector:0c3e4c848d51dab67d96	test	29412
seqinspector:495089ffec8484d8fd28	test	29413
seqinspector:b5fd3c5f9d8b2d38026c	test	29414
seqinspector:7d7db8b2f4b3bbab6607	test	29415
seqinspector:eb5345b5b17c29e3623a	test	29416
seqinspector:817d30505f6828382b63	test	29417
seqinspector:36a2f81b1a3e77cc4634	test	29418
seqinspector:66bb8010b20705dbd40d	test	29419
seqinspector:466191ecce6feddde0b6	test	29420
seqinspector:515346553edc0a1dbeb9	test	29421
seqinspector:d30283a05dbfa98d269f	test	29422
seqinspector:2b44d6c0cd4fb6b34b78	test	29423
seqinspector:5f0a39547cc065bb912a	test	29424
seqinspector:fc4ab1921a56cbcf9fdf	test	29425
seqinspector:6b05a4bdeeb8c23dc6c6	test	29426
seqinspector:490d0f117de1c9884403	test	29427
seqinspector:361a254a15a5294e6acd	test	29428
seqinspector:ed7939a012a007817ab2	test	29429
seqinspector:d94e5cb460c231c00d4b	test	29430
seqinspector:810d5a71aa3545bfbec1	test	29431
seqinspector:27213d46ea04bd8562f4	test	29432
seqinspector:8aa84de80ddc58e85c04	test	29433
seqinspector:4f311c56d5ef96956b97	test	29434
seqinspector:c2470f0cbb9bcf3d72ab	test	29435
seqinspector:8fa0789d781e6c742fef	test	29436
seqinspector:71cfcbc437886399f0d5	test	29437
seqinspector:b68b9cadc10f689647de	test	29438
seqinspector:28f9a004bc5496aee166	test	29439
seqinspector:b50e9a58142fe6b4d478	test	29440
seqinspector:d9ff4f134ed1e608dac3	test	29441
seqinspector:4027cea09c235e04849c	test	29442
seqinspector:2db35b7c2597f3581f53	test	29443
seqinspector:13e0504afc85d6c23a7d	test	29444
seqinspector:bfae9fc07b2a9a27614c	test	29445
seqinspector:35653401ea13b86cb71b	test	29446
seqinspector:d329e8df0a2404c9fde0	test	29447
seqinspector:74507390221ecaa474d6	test	29448
seqinspector:fdede09bd9f55078684e	test	29449
seqinspector:d3c55b134d141c7200cf	test	29450
seqinspector:599756ae44da8ea47bab	test	29451
seqinspector:d5373bb742a091d5243d	test	29452
seqinspector:37540935a0dcb67e0109	test	29453
seqinspector:02c2542c2a6215e66cf9	test	29454
seqinspector:1cdcd9f547af84422be1	test	29455
seqinspector:70844917eef07cae93b2	test	29456
seqinspector:24536ac31e4d22b32f67	test	29457
seqinspector:01e6c85967f2034aba7e	test	29458
seqinspector:c7b5250b775131278f6f	test	29459
seqinspector:5aa332b7fd681a3ac17a	test	29460
seqinspector:93df80f4963afbefe446	test	29461
seqinspector:910abe5ea6295a947d0e	test	29462
seqinspector:6db56aa44ba92b78c2fe	test	29463
seqinspector:04ebff068060f3c09266	test	29464
seqinspector:29073b479a3585c99ca8	test	29465
seqinspector:1d8b40f285f22cfb719c	test	29466
seqinspector:b14a56d5210ea8d78fe3	test	29467
seqinspector:b7abf7b8759b74b0b149	test	29468
seqinspector:450e9881f658a5767bb4	test	29469
seqinspector:1c10748089f775a595ba	test	29470
seqinspector:e56ec1b9159faf972a69	test	29471
seqinspector:05f5e3de0d515d6bc6fa	test	29472
seqinspector:4e3043c4e2a6971fe5f7	test	29473
seqinspector:039dd271620b1d311bee	test	29474
seqinspector:e8d4041cd11e39d7dc63	test	29475
seqinspector:b4ae26410bfa178577e5	test	29476
seqinspector:90dbbeef84d10701e27b	test	29477
seqinspector:d43a9949753904ecad72	test	29478
seqinspector:3d23accf7b31107d2142	test	29479
seqinspector:f9d2d06cb5b72ac2051e	test	29480
seqinspector:ee3d27732ce6d67dfa9c	test	29481
seqinspector:046dfb2a886c8023b91d	test	29482
seqinspector:ac8db9585cc163999b8e	test	29483
seqinspector:ef2e76ba2761547b3a12	test	29484
seqinspector:593c3e0a899ceee4a079	test	29485
seqinspector:cd12a7cc7fafb1cdcb6f	test	29486
seqinspector:fadcfc6b5495d88b2049	test	29487
seqinspector:4ae291a610f2cce6c5a7	test	29488
seqinspector:a33cc9f653dee1e734c6	test	29489
seqinspector:f53db39b3e14adb00ecb	test	29490
seqinspector:a9f8ad8c88caacf5522f	test	29491
seqinspector:f3c789848f22d540909c	test	29492
seqinspector:51791ae48aaa4798f697	test	29493
seqinspector:580085306cf8154dd496	test	29494
seqinspector:5b657850de15bf91a8dd	test	29495
seqinspector:0f015bc4bf8d3a201aca	test	29496
seqinspector:a4b2ae3c22a1e6dde2fc	test	29497
seqinspector:dad331f4bf9d370a1df6	test	29498
seqinspector:45dcdeb33e7ff1404d9a	test	29499
seqinspector:a275fdce5260ccc5c8bb	test	29500
seqinspector:9cde48f897ee799f8cb5	test	29501
seqinspector:f074009e2ed45102d7c9	test	29502
seqinspector:27fb56350ef6b4027692	test	29503
seqinspector:1eaec568526c332c2634	test	29504
seqinspector:1b4fa2e03c3ab9f6cea2	test	29505
seqinspector:01a96ab54b3976d46857	test	29506
seqinspector:2e5ae333ab3da2f80d65	test	29507
seqinspector:f8d08f7b6568b06f9a66	test	29508
seqinspector:41aec7e83964ea6b97a7	test	29509
seqinspector:6b5d2aa9e268c9637097	test	29510
seqinspector:2d3f0cae29a481af2a91	test	29511
seqinspector:0352e8ac94b6f5364f48	test	29512
seqinspector:c12b8b90d6df96fbec30	test	29513
seqinspector:afd3a9848a5d032b33fe	test	29514
seqinspector:e05b0cee2a30779dff23	test	29515
seqinspector:f2133b277e8a247e47e9	test	29516
seqinspector:0684cfc1989dfd40d508	test	29517
seqinspector:d82b908fafa8347e69ba	test	29518
seqinspector:00847ad16d03386cd3d0	test	29519
seqinspector:29d1caf72805aff963ea	test	29520
seqinspector:e2f84239ab2d5824a9f6	test	29521
seqinspector:c1972e7f9d2e361f6179	test	29522
seqinspector:c104a7cffe94b50c8db8	test	29523
seqinspector:649ffa312ab105805b88	test	29524
seqinspector:f24e3b3ebcb16bef3963	test	29525
seqinspector:1434433a970f5b39dd1b	test	29526
seqinspector:a0186770a45a925689b6	test	29527
seqinspector:8e2b0c88ab9c82f4edec	test	29528
seqinspector:359c9c0562badc89c345	test	29529
seqinspector:b882c305f228214b7f2d	test	29530
seqinspector:82cf1dfca360c004df93	test	29531
seqinspector:ce3bd32f44d4f9b5757f	test	29532
seqinspector:61cf77a3605c8671b918	test	29533
seqinspector:77f4cf609500eb769842	test	29534
seqinspector:73a117360ceba6dedda9	test	29535
seqinspector:3ea0731362bd11bb0191	test	29536
seqinspector:f4c6eff64fd14d7226a8	test	29537
seqinspector:26d296356554ac4890cf	test	29538
seqinspector:60f901a9f737f26408bd	test	29539
seqinspector:57a900fd076aa405ebf6	test	29540
seqinspector:8a17c2ddf78bd9e464b4	test	29541
seqinspector:0a99d3b71b4d35488531	test	29542
seqinspector:53e3e415aa0baaa9fd8c	test	29543
seqinspector:2a06708f58e6b3548226	test	29544
seqinspector:b251f251b64159fcf639	test	29545
seqinspector:d895dec379eeb16fd8da	test	29546
seqinspector:cb80393a5a5043a8d535	test	29547
seqinspector:5d23ab02e45f24554f85	test	29548
seqinspector:6fbd545b48a7adc8962e	test	29549
seqinspector:501cfd408f91b92d9ca6	test	29550
seqinspector:97bfd28ef6fe665bf1b4	test	29551
seqinspector:6dd4daf5ebbc2a4a614d	test	29552
seqinspector:c6694842ec9ea657c0bf	test	29553
seqinspector:1965e9a17db6a9f16642	test	29554
seqinspector:e168b8ca7104ee20aa1c	test	29555
seqinspector:bceefc904d6fecf623e6	test	29556
seqinspector:ac95ecb9b37404f7c9fe	test	29557
seqinspector:24394a3a6a552d338c0b	test	29558
seqinspector:23c511301686c50de3b8	test	29559
seqinspector:38868c60136f3de717d8	test	29560
seqinspector:3c467bb9010786ff637e	test	29561
seqinspector:7135671710481e55ba04	test	29562
seqinspector:a30a969d79bdfcff2bf2	test	29563
seqinspector:ab4a9572acc50f32cf72	test	29564
seqinspector:869317f277b29b43d647	test	29565
seqinspector:e5bf6c93a329d3f409db	test	29566
seqinspector:576c0b3b12df59dfbf99	test	29567
seqinspector:2f7d5f90f65dc72d6831	test	29568
seqinspector:3513aa0fb378e9a06141	test	29569
seqinspector:646afde168c8dabd0960	test	29570
seqinspector:d5067c54d551a4a2571c	test	29571
seqinspector:219dbf6ac1c72ec67626	test	29572
seqinspector:a5c3659a0431b1fe5cac	test	29573
seqinspector:ab4b746c363e194eeee7	test	29574
seqinspector:38dd0a8603236f08f57a	test	29575
seqinspector:08c53e7acc53c3f5f069	test	29576
seqinspector:3c374bdc5455e61d8d27	test	29577
seqinspector:86ffe9c573765c866b65	test	29578
seqinspector:9582379e7c0888f10f91	test	29579
seqinspector:c73814ae1bac00498653	test	29580
seqinspector:9b480430344788fa80b9	test	29581
seqinspector:dff76f355e4a6ecb067a	test	29582
seqinspector:b68acbf0cb127c7fafb8	test	29583
seqinspector:0b93ffbfc5d827259d7a	test	29584
seqinspector:ee861d6c3bb70ccf9c03	test	29585
seqinspector:9fe2e0290462069ff66d	test	29586
seqinspector:65a8b154a2fbb7fb9f30	test	29587
seqinspector:d04fba287c3601910d66	test	29588
seqinspector:45c54857388f69b3492e	test	29589
seqinspector:9cc8ec89bd038182d114	test	29590
seqinspector:15513422b143bde50b17	test	29591
seqinspector:e8461d52d769490808ba	test	29592
seqinspector:2366bf4de35493233bfc	test	29593
seqinspector:ad66ce5ad0deb1be7987	test	29594
seqinspector:5d17dd64d90eb7e7c357	test	29595
seqinspector:39393903e4466d6e6440	test	29596
seqinspector:d5955f24856e026a594e	test	29597
seqinspector:230b3d3aaf384be3d241	test	29598
seqinspector:739db73cff30b806f37f	test	29599
seqinspector:f614e23d108bd125be41	test	29600
seqinspector:969f25f04b52c027f6b2	test	29601
seqinspector:65aaafab6f3dc6c08a74	test	29602
seqinspector:ff5487647c10552d3dad	test	29603
seqinspector:7f7fe1f291a5e6bdb0d2	test	29604
seqinspector:ab65f91886b1cbf53923	test	29605
seqinspector:84dc54f7af1831d5c6a4	test	29606
seqinspector:93b0be266452d2d4f044	test	29607
seqinspector:987af631e8f72f2c5794	test	29608
seqinspector:2fbdf28aea2c67816652	test	29609
seqinspector:6d1b7a48fddd20f9bab4	test	29610
seqinspector:2c8859b7a135cc017212	test	29611
seqinspector:064bebd6ffeb2b4dfab8	test	29612
seqinspector:409855542a1b366c5214	test	29613
seqinspector:77b360793be04fe24a54	test	29614
seqinspector:524751470ab50d9ca108	test	29615
seqinspector:8963539446dbbf952fbb	test	29616
seqinspector:2312951d217d1407d9ec	test	29617
seqinspector:330705e0f41502261529	test	29618
seqinspector:2ea3b8687acba77602e0	test	29619
seqinspector:2b15fb59c1928e384491	test	29620
seqinspector:a1fb60dec732e58e91f9	test	29621
seqinspector:a77c649f1d50683a41f2	test	29622
seqinspector:9c89ed6ac081f1ac3995	test	29623
seqinspector:7ba3e8a008ba41f27347	test	29624
seqinspector:205e34e7aa6fe4bf34cc	test	29625
seqinspector:1e31481b2e0e39115fc0	test	29626
seqinspector:eb9c20f48123e521ddc6	test	29627
seqinspector:7b3fb8261fdb7990838d	test	29628
seqinspector:ee07be20ee4b18e137dc	test	29629
seqinspector:7cf9d81d09ad8768f78e	test	29630
seqinspector:5666d7d478006b47570a	test	29631
seqinspector:76097f42d8254d094ca1	test	29632
seqinspector:1cd0d5a33cb907f7fc66	test	29633
seqinspector:0574066f7adcf54e776c	test	29634
seqinspector:6617559c6ca92653d1a0	test	29635
seqinspector:c7b5e640851d4e8b965f	test	29636
seqinspector:4bc7acfa00d81adcbb98	test	29637
seqinspector:6eaf236dbb3686316e52	test	29638
seqinspector:11db8a8e9e7c4ba6f66a	test	29639
seqinspector:9ce2822d243425e0931b	test	29640
seqinspector:e32d2bf888d9de74bdb8	test	29641
seqinspector:7e8fbe33d760da2b8b20	test	29642
seqinspector:ce7f1d39f376641cc648	test	29643
seqinspector:a841d2ceba78a95b1a25	test	29644
seqinspector:ce2629749894098fcbdb	test	29645
seqinspector:a5f7b94ec7c64b39c066	test	29646
seqinspector:f04d15055ed0903b2d04	test	29647
seqinspector:6297f971434e9ee0489c	test	29648
seqinspector:6ac5da4279bd56ce3332	test	29649
seqinspector:26cea1a4b6786d432771	test	29650
seqinspector:68f5ad7790c364e646ce	test	29651
seqinspector:42a04bb6b226c4e77aca	test	29652
seqinspector:93ff963d297c8171b615	test	29653
seqinspector:d07f852263e74be62f84	test	29654
seqinspector:9a3e3dc39a7e15176ecb	test	29655
seqinspector:cbe0d78f6b50c1c98f17	test	29656
seqinspector:d6a29b5dabec2944cb0a	test	29657
seqinspector:eb628c7fa7ac18f9a19b	test	29658
seqinspector:4af9cbde086c15878fc9	test	29659
seqinspector:564ce01ca75ad48324d6	test	29660
seqinspector:46dfec84c0db58a8f07b	test	29661
seqinspector:1cf67f6d53db9f86e7ae	test	29662
seqinspector:cf3c2f56e956bfc37ec4	test	29663
seqinspector:8bea3cd4557f27d7b0c7	test	29664
seqinspector:e3ecc42218290a6e17f8	test	29665
seqinspector:f807d12ebb158be729ef	test	29666
seqinspector:ccf2e814f6674a6c6f78	test	29667
seqinspector:3b7476faeaabbaa484af	test	29668
seqinspector:ae8f3c573e3ff8f8239f	test	29669
seqinspector:9f54f8dbf781f4f4eb6f	test	29670
seqinspector:f0e24218a0173966b5b6	test	29671
seqinspector:aef012baa09180b26875	test	29672
seqinspector:00275db7025abb4cf7a3	test	29673
seqinspector:91c390706dda222ae6be	test	29674
seqinspector:0f5ecc0784ec414d7e7f	test	29675
seqinspector:37f8e9499b6c7115a3b9	test	29676
seqinspector:2df75ff14427531bde6f	test	29677
seqinspector:fc9abf012316ed62903a	test	29678
seqinspector:0d84cdfd75ab6e9994d7	test	29679
seqinspector:185514405a33d8bbf0b7	test	29680
seqinspector:3a2cafb9aa37fd3b7834	test	29681
seqinspector:b220196f286db73438a7	test	29682
seqinspector:3dfb52f2449ee5f199a2	test	29683
seqinspector:3baf12f681ab9680eaf0	test	29684
seqinspector:2f6b17952b51efb93eda	test	29685
seqinspector:f7628b8b7d83944ae451	test	29686
seqinspector:c5d9adad0ba3ae2ab499	test	29687
seqinspector:b353723a709970d31237	test	29688
seqinspector:9cffab7144833ab2e47f	test	29689
seqinspector:c27238007965f2224ba4	test	29690
seqinspector:b73a2b9a017332d3b184	test	29691
seqinspector:ffc5b4bd4d7b7218b1c1	test	29692
seqinspector:5f8f341d7d770df41fdd	test	29693
seqinspector:13a04a260a59da69499b	test	29694
seqinspector:f7c963955cc854d335d2	test	29695
seqinspector:4eb5eb30e9bd091fb6c8	test	29696
seqinspector:62c6d7907a37cf3fb38e	test	29697
seqinspector:a93614cd53382889b099	test	29698
seqinspector:a0b586278fb214596820	test	29699
seqinspector:16ba37e98a3fc2af9615	test	29700
seqinspector:71b5499b67f3248dfb9d	test	29701
seqinspector:5c4f284dd447def47fe1	test	29702
seqinspector:9b467e1f97d955c4fbe8	test	29703
seqinspector:b2861a16694e16e85813	test	29704
seqinspector:136a78b1562c3a457b96	test	29705
seqinspector:39df9e142d6ebec3de3d	test	29706
seqinspector:6ab5f8fa2a8b92b1f474	test	29707
seqinspector:e08edaa23674b53c1db9	test	29708
seqinspector:73e6d2ae6b7396adbeb0	test	29709
seqinspector:cbe7c79b26a6e875fc2e	test	29710
seqinspector:c1850216b36d46d4744d	test	29711
seqinspector:08d810ef86c301498bcc	test	29712
seqinspector:4a199327e87376ca59f1	test	29713
seqinspector:2daae0cb1e9d4ff6b80f	test	29714
seqinspector:10f8039366d305971ca2	test	29715
seqinspector:bbf71e7cd199f974bebe	test	29716
seqinspector:dd43e4ef3364f110cc1f	test	29717
seqinspector:d07cf4ba0d0514e2e474	test	29718
seqinspector:2d938252ef7d2b83d6b9	test	29719
seqinspector:974e801beb8ae923b03c	test	29720
seqinspector:286ed2bf66c5db36f655	test	29721
seqinspector:58cd44612e5063b16f72	test	29722
seqinspector:3740e6d6dffeeaa7d09c	test	29723
seqinspector:c88f463015a0ea9c85ba	test	29724
seqinspector:4b291421f24057581736	test	29725
seqinspector:de028b63693d817a23ad	test	29726
seqinspector:a8cabf5030a40f52988f	test	29727
seqinspector:2aafcac5acc57ae500d2	test	29728
seqinspector:1034b6950a430016a550	test	29729
seqinspector:53dcc88cc718f73e9d96	test	29730
seqinspector:e07b034680e90969f6c2	test	29731
seqinspector:a5febd767202057e761f	test	29732
seqinspector:e8be129e3d2e60de6429	test	29733
seqinspector:e9a3bb4f06d09ce7c746	test	29734
seqinspector:149c23df52885ce37b5a	test	29735
seqinspector:5f1334178c75734fa169	test	29736
seqinspector:474cdfeb3756c83d6b0a	test	29737
seqinspector:014219d7c1c547dea1c6	test	29738
seqinspector:4d9d53f5a888f831c758	test	29739
seqinspector:b9f15190c08082a0d067	test	29740
seqinspector:5c630e87457ea6cde306	test	29741
seqinspector:45d5fc05802094a0752b	test	29742
seqinspector:43081621ee2e0d98851a	test	29743
seqinspector:86590b06678fb83f7910	test	29744
seqinspector:a55a96bbf0200250a4be	test	29745
seqinspector:7877914527cc063e9a10	test	29746
seqinspector:f7a35840396746caf3c1	test	29747
seqinspector:f3f5c9b602d8cbb923b0	test	29748
seqinspector:9122cfe76497fd263a15	test	29749
seqinspector:3627118fac72ede93669	test	29750
seqinspector:deee68ebba4080e3ffe2	test	29751
seqinspector:edbe6b614941a2c442a1	test	29752
seqinspector:facd7ce1a247be5e4a3d	test	29753
seqinspector:c4aee6f96e4addf2e25e	test	29754
seqinspector:c5062ae6c2524bd5ff46	test	29755
seqinspector:2ed292d718a6c4785134	test	29756
seqinspector:a647d522cca30d8b99e5	test	29757
seqinspector:0ff8121e292fcb4cab57	test	29758
seqinspector:2cd81c132dbc90fd63e9	test	29759
seqinspector:38bddfa748e15dc88a00	test	29760
seqinspector:090b4bc1b7075ca1852b	test	29761
seqinspector:e8b1be4d402e0d38ae37	test	29762
seqinspector:b8f3e51e387037f7756f	test	29763
seqinspector:cefaca7bfa8e1e3b3cab	test	29764
seqinspector:31d860d62c6ff01c8c27	test	29765
seqinspector:7efa1bcd38b635e5bc63	test	29766
seqinspector:dc5148e6637703d13a86	test	29767
seqinspector:6c8008cb59c98c205698	test	29768
seqinspector:ac83d89f1ff22381b89b	test	29769
seqinspector:81584a75c1e3a7cc8152	test	29770
seqinspector:7c26356f3af6d1337b85	test	29771
seqinspector:7e4c483a035bc0c8c153	test	29772
seqinspector:20785122ff64a4cde2a5	test	29773
seqinspector:f4312ab2473a3e014625	test	29774
seqinspector:d0880ab3f1c8ef2a0eb8	test	29775
seqinspector:f92232624779e7d12678	test	29776
seqinspector:b50c6591ab058148f66e	test	29777
seqinspector:8ae806a4200b7cb7d1da	test	29778
seqinspector:faeb21576a7087f08815	test	29779
seqinspector:4131032ddf20e6b02b7f	test	29780
seqinspector:f379b6f6cbab7d18bd08	test	29781
seqinspector:0367d36f3cc80511977c	test	29782
seqinspector:d2fce3c855c1f279cf6b	test	29783
seqinspector:35aa65de60669aa2fe41	test	29784
seqinspector:26927763175cc8e3f4e3	test	29785
seqinspector:adba9c5782a6a4bd4451	test	29786
seqinspector:c94a9a7350e936f35b2f	test	29787
seqinspector:2201f1044e50800a72b5	test	29788
seqinspector:72e86a24d18c1a8cfee3	test	29789
seqinspector:fec4be40e1f4520493fc	test	29790
seqinspector:39ad1f3589b0eed2d5a4	test	29791
seqinspector:1bedd2a50797fa8dc7fa	test	29792
seqinspector:24373af172d78075d525	test	29793
seqinspector:4d610c5c46b9a3555d9f	test	29794
seqinspector:cb25757912baa2785e25	test	29795
seqinspector:60102e9e0969e3f5df78	test	29796
seqinspector:39440b5bcb34267f72bb	test	29797
seqinspector:631dd751e7b9649355d9	test	29798
seqinspector:73b6947e4f060f9dca4e	test	29799
seqinspector:69d30626b70713643007	test	29800
seqinspector:52e73987685c282e0dbf	test	29801
seqinspector:4127c067669f6ef4a73c	test	29802
seqinspector:c3f7a665be8968fd99c1	test	29803
seqinspector:9a7c842da6b1380183ad	test	29804
seqinspector:0de33363e6eaa5b87af1	test	29805
seqinspector:ec952b4856c4de0b690c	test	29806
seqinspector:e6301e550049f8ceac49	test	29807
seqinspector:8f056985570c41313f69	test	29808
seqinspector:5d7156feaff3cdf6c36d	test	29809
seqinspector:0ca301b827216ba75af7	test	29810
seqinspector:4535c73fc60c97039625	test	29811
seqinspector:3db1bdd6ee9a46a9677d	test	29812
seqinspector:cfdd9b49a99a1a9d6f00	test	29813
seqinspector:038cde7a7ad2f43433a8	test	29814
seqinspector:746a0b0d1829d67db054	test	29815
seqinspector:57b7a8e46951cc595470	test	29816
seqinspector:d798c281129ac7577d0f	test	29817
seqinspector:7400dbfa44eb4565150f	test	29818
seqinspector:cde86462c3159487255b	test	29819
seqinspector:6749f054fbb6180c8af8	test	29820
seqinspector:cdd71fa6c2a0dc83a29c	test	29821
seqinspector:27c0132026c4a6034b32	test	29822
seqinspector:d0e1042c75d8bd785726	test	29823
seqinspector:63f622b488a0dea46ecb	test	29824
seqinspector:7141596375b7841de9a7	test	29825
seqinspector:27fa0b07db0dc9bb6d23	test	29826
seqinspector:506638ea7d1f5b0b3d71	test	29827
seqinspector:59bb1da3577c457376d4	test	29828
seqinspector:a7394518d1eccc7103a2	test	29829
seqinspector:ffcda4aa8591fe7abc99	test	29830
seqinspector:4581ced4ff571dfcceef	test	29831
seqinspector:879011b103f9f80b98c2	test	29832
seqinspector:bea21e2950eaaa2a374c	test	29833
seqinspector:5f79aa53b44591816e73	test	29834
seqinspector:08950009ab1e72ed56cc	test	29835
seqinspector:38f8e7fc7452cf1d2d4a	test	29836
seqinspector:73b9b48c7f0f64458457	test	29837
seqinspector:c656c759eb753f783f94	test	29838
seqinspector:20e930e3470f88ca6b21	test	29839
seqinspector:7e8c0be58ca45f31f763	test	29840
seqinspector:30585971a24a66bddde6	test	29841
seqinspector:684e8117692b7b6f7076	test	29842
seqinspector:aff514ecad67518130e1	test	29843
seqinspector:13a9a35234839e8d0148	test	29844
seqinspector:ec3d1d76e5953d83cb8e	test	29845
seqinspector:21809267ec202c6879a9	test	29846
seqinspector:a2eaeced7f0f25c69dde	test	29847
seqinspector:b490b63681cfa2d2926b	test	29848
seqinspector:b5cb06c84bcc80037924	test	29849
seqinspector:63c7f00238790ef52d2c	test	29850
seqinspector:af8f51df022bbd2e4999	test	29851
seqinspector:482230ad978345c35359	test	29852
seqinspector:ba2a5de4f87cb769896a	test	29853
seqinspector:76e8033d9f3280a5da4b	test	29854
seqinspector:6cf7573cae75026eaead	test	29855
seqinspector:91910b26f846bf600402	test	29856
seqinspector:718895722f0ace6f538d	test	29857
seqinspector:07ce9647daef3dc31427	test	29858
seqinspector:a98a1b8ae76ec769f68f	test	29859
seqinspector:2d3a9014d3c8abd91af7	test	29860
seqinspector:2d9093380553369f0ff5	test	29861
seqinspector:ebb64d9ce411c2c72d33	test	29862
seqinspector:843c47f20a605dab4c77	test	29863
seqinspector:5c9730e9dd8e6ce69a5f	test	29864
seqinspector:d893d00e409925854cb7	test	29865
seqinspector:bd25db924ede5b60c685	test	29866
seqinspector:9c6514542622864c47a7	test	29867
seqinspector:ab4629bab597f5f03264	test	29868
seqinspector:ff87b0d87555e734b3d3	test	29869
seqinspector:038cb29660f0df393efb	test	29870
seqinspector:ccc6ca17c9b4df3536d3	test	29871
seqinspector:4720ec7d2b84a3380370	test	29872
seqinspector:bcaf658bd75da46ca670	test	29873
seqinspector:e79a56cbf96e3008a038	test	29874
seqinspector:24d91fe98d4a0d8275b3	test	29875
seqinspector:0d2591fb5d285cfc458b	test	29876
seqinspector:30b3ed5aa373a85842c0	test	29877
seqinspector:0e0daa7113e432679fbf	test	29878
seqinspector:ac4f19df303a37e76abb	test	29879
seqinspector:f929efb08ee55116c4bc	test	29880
seqinspector:765fbb6c63bac17bd391	test	29881
seqinspector:00aa9d1b70aa9e39d07c	test	29882
seqinspector:83c067482540c3b94f60	test	29883
seqinspector:e428a29f02adc93e9bf0	test	29884
seqinspector:a71958c2205a45206ab8	test	29885
seqinspector:6845dd7cdcebbbede35b	test	29886
seqinspector:95b1c986c7a388359572	test	29887
seqinspector:443b0ecfc48a857d1929	test	29888
seqinspector:e01944ec1b9e7b2e3877	test	29889
seqinspector:7cfa785bc09a38cc8ad1	test	29890
seqinspector:4744dd16f1babd121bfc	test	29891
seqinspector:658f214a0712e2db3ff7	test	29892
seqinspector:76c8ca1b6490253fc5cd	test	29893
seqinspector:988cbe4bc063626af6a1	test	29894
seqinspector:5b9292a4e382908c9cb2	test	29895
seqinspector:f099ed7b77d2e5fa76e4	test	29896
seqinspector:5f46e14d460cb3f0af84	test	29897
seqinspector:45220ee975f96046ae57	test	29898
seqinspector:6724a31b05dc6643379e	test	29899
seqinspector:81198eb4eafd2026d007	test	29900
seqinspector:faf7eae4d140864ef0fd	test	29901
seqinspector:4886714ea5e76ad51d20	test	29902
seqinspector:6d0119e4798d8b09ed18	test	29903
seqinspector:f4dcbc3887d656a150f5	test	29904
seqinspector:f0dc4119d5f5ff350cf8	test	29905
seqinspector:0ede2d2bbe8134bc6faa	test	29906
seqinspector:e63b4c81ee84d1260281	test	29907
seqinspector:fad82640219f09a65aeb	test	29908
seqinspector:e1c5b1bff044b36f37d0	test	29909
seqinspector:31a5d760a4e48c16ad33	test	29910
seqinspector:35a8913f3841b4be8247	test	29911
seqinspector:af2cee10112511076673	test	29912
seqinspector:4c56d3ea853a91775006	test	29913
seqinspector:acb960d41d62e2655573	test	29914
seqinspector:6f52bdde37e46242148a	test	29915
seqinspector:d0c1304be628f0a66207	test	29916
seqinspector:318809622f652e707cea	test	29917
seqinspector:7ea0a2ed5441ef583fc4	test	29918
seqinspector:32c6906783d86d187f1f	test	29919
seqinspector:f721430930e116d03492	test	29920
seqinspector:b13753d3acb1b5098282	test	29921
seqinspector:65b7a34d1eeb6fad2390	test	29922
seqinspector:c5c79fce99dbc8eb2a97	test	29923
seqinspector:4c7da74d6391d152d18a	test	29924
seqinspector:e89322728498096b228d	test	29925
seqinspector:7bea3cfc3814ef1cc5d7	test	29926
seqinspector:ded01ec4640bc370604b	test	29927
seqinspector:241da7fbf60b332ca4a6	test	29928
seqinspector:8d1a8eeaa5bf407dc172	test	29929
seqinspector:d3413b4927fc46d31bfa	test	29930
seqinspector:cfdf9fc1a84f4d54df0b	test	29931
seqinspector:77bd7160289d5e572afc	test	29932
seqinspector:0d88b77d144aa31c510b	test	29933
seqinspector:f3d0ed05ae44b1dc0209	test	29934
seqinspector:797ffd00d5a9d43615e0	test	29935
seqinspector:685a015159b169280527	test	29936
seqinspector:66144ef4a4fe92b27af2	test	29937
seqinspector:badfad4d9c2afa0cd078	test	29938
seqinspector:9a9b75ddb4fe8dac2a4d	test	29939
seqinspector:53acc71492aea0fe7f5c	test	29940
seqinspector:5dfcafddc280af028788	test	29941
seqinspector:61092e7e4b9b9dd0055a	test	29942
seqinspector:ef3af1733aaa14d2df32	test	29943
seqinspector:0d5adfd4a890c0365362	test	29944
seqinspector:8e1dbf0bd90b04ab76c5	test	29945
seqinspector:10b29969b2d869c9078c	test	29946
seqinspector:8a056dd1d240218e4a9e	test	29947
seqinspector:67cd487710298678b656	test	29948
seqinspector:70622c8c806ddacf60ae	test	29949
seqinspector:ac184de12813f11d03c0	test	29950
seqinspector:a94cf8c1c07656238f92	test	29951
seqinspector:0fc63495a1355f8e90ad	test	29952
seqinspector:7d36e105cb57880ceceb	test	29953
seqinspector:d3867e37037f3849b1b9	test	29954
seqinspector:b7bba22142669f35382c	test	29955
seqinspector:4090fdc2a341c266f1b6	test	29956
seqinspector:3962f058e4b4b13c6b12	test	29957
seqinspector:043c16556b7eea9a0544	test	29958
seqinspector:8785b965ec11d2469a1c	test	29959
seqinspector:8d5c909eda1ac23db392	test	29960
seqinspector:746bc4703db3ae78342e	test	29961
seqinspector:3f0148f9339760c4812a	test	29962
seqinspector:8432e415113005bbdfa1	test	29963
seqinspector:a4e950b6f2f613fbab7a	test	29964
seqinspector:0e5ce148f0ece004bb7a	test	29965
seqinspector:c8274665ebef29a487e7	test	29966
seqinspector:a35a2596f3fbf6a7a98e	test	29967
seqinspector:db132ef8df8e517f779a	test	29968
seqinspector:93d5d30fdf0508b0d71a	test	29969
seqinspector:6aafa154ac59a1c1acc5	test	29970
seqinspector:f8bec187d20577ca7f7d	test	29971
seqinspector:d3bd40ddb6b89dbf3344	test	29972
seqinspector:26ff5a877f87a18855b6	test	29973
seqinspector:2eaf01fe3218e993742e	test	29974
seqinspector:26e78dac680bdbf101f7	test	29975
seqinspector:eb0f76e1c236dffc2822	test	29976
seqinspector:544bab964b7fa29a569c	test	29977
seqinspector:58b0a079eed42eddd7fa	test	29978
seqinspector:5bffe96af395e2d54e4f	test	29979
seqinspector:6bf197c6febaf44895c9	test	29980
seqinspector:35970dfa7377a26737ab	test	29981
seqinspector:0d9f8baf6f90fb24ccec	test	29982
seqinspector:1f62beaadbd9e0cb1ff7	test	29983
seqinspector:597c03e0623390c84efd	test	29984
seqinspector:3f7d74a7ac123808c8c4	test	29985
seqinspector:af58f20a51eab06760fe	test	29986
seqinspector:ac1a2a75f752009a0c72	test	29987
seqinspector:6db1d7e89820eae4cb11	test	29988
seqinspector:2b69283cd0eadda16a2a	test	29989
seqinspector:dd12b4a9e6df8a482da7	test	29990
seqinspector:89a242508a303ec5fec1	test	29991
seqinspector:bb4acbe287f7ce1b9163	test	29992
seqinspector:4c010f3ad32a3541b786	test	29993
seqinspector:ad5fa873f6fc871ba697	test	29994
seqinspector:d739306332ca49c6c386	test	29995
seqinspector:21060d5c19c97ef02e8b	test	29996
seqinspector:c418d6a599327ea787ee	test	29997
seqinspector:ec9de33de93c43fe2ef2	test	29998
seqinspector:21005b452eddd1959471	test	29999
seqinspector:088d4dd0731d3ba59ff2	test	30000
seqinspector:cdf27b63329cb0e8cf6e	test	30001
seqinspector:d6ddcb282db280ea8c5b	test	30002
seqinspector:2e9e20612bddf496e397	test	30003
seqinspector:fb8e0405917406e722e7	test	30004
seqinspector:89f0af3485bc1597d37a	test	30005
seqinspector:18584967ec1e9593eb8f	test	30006
seqinspector:80ad06f11eac58c408e6	test	30007
seqinspector:6d032968368541fcc7b0	test	30008
seqinspector:f1dadf81666e18f9f9ad	test	30009
seqinspector:81920093d72a70868cef	test	30010
seqinspector:5899bdb7c27d48efec7e	test	30011
seqinspector:12fc4c6be52e08247be4	test	30012
seqinspector:638ebeb1670f87f75b50	test	30013
seqinspector:8bb6a1ffe24aa9818656	test	30014
seqinspector:972464386fc6912a2495	test	30015
seqinspector:b443d6ffdebeada86723	test	30016
seqinspector:eb6f05c7ed4f31066e09	test	30017
seqinspector:387035d1ef673418154b	test	30018
seqinspector:d8433853e1519020dc9e	test	30019
seqinspector:c0035279f7f5deeee2fb	test	30020
seqinspector:fb1d1f2e3f4002f79dee	test	30021
seqinspector:17025b66e1b38e5157b4	test	30022
seqinspector:fc31092e813ec6dbe8c2	test	30023
seqinspector:85f30e7e4f6e3aa94ce5	test	30024
seqinspector:0cc3dd3bb3d079b5c27b	test	30025
seqinspector:c93ee24c34c5eb65460d	test	30026
seqinspector:8640bcea59d54430dcd4	test	30027
seqinspector:d52d0b7c9309d1776f63	test	30028
seqinspector:732ead23f0b57fb7ee10	test	30029
seqinspector:1775aa7f1c7e3d1af80e	test	30030
seqinspector:0413f80c3b317ac85986	test	30031
seqinspector:116e0afa6d2b31127e67	test	30032
seqinspector:97305168d135f672fce5	test	30033
seqinspector:42ee2d1914f2e1a2effd	test	30034
seqinspector:09b96fa965afc1e83c18	test	30035
seqinspector:ce124dd51980372ff489	test	30036
seqinspector:0e04a803c142bfa55117	test	30037
seqinspector:21642876fe211fc0abe9	test	30038
seqinspector:1ed573ba75056d3740f6	test	30039
seqinspector:091747979fe37670b16d	test	30040
seqinspector:31caac4b67c6462241a8	test	30041
seqinspector:be552852743ee46b5e0e	test	30042
seqinspector:57832c2005f5652c202e	test	30043
seqinspector:048dd5515ca0bf57c7e7	test	30044
seqinspector:6cb03484b995993d3e38	test	30045
seqinspector:3ebc8f8095bc5dc4fcb7	test	30046
seqinspector:17cf6684a7a0e7877aeb	test	30047
seqinspector:62e9cac0571f004d8cf0	test	30048
seqinspector:8e7b74dd8f7be9b029e8	test	30049
seqinspector:2e4fde5acf5d904ed462	test	30050
seqinspector:cde201c5e45e2e2b989d	test	30051
seqinspector:eb2527324f9a63fde3c9	test	30052
seqinspector:2d043ff8583849fc743b	test	30053
seqinspector:5c8199fc0cfe9bc0551f	test	30054
seqinspector:fd1f5dc0186f98d7704b	test	30055
seqinspector:02c1570b276225b97ffa	test	30056
seqinspector:a61dddf7eed289d8a6b5	test	30057
seqinspector:fbb226b34543b885c442	test	30058
seqinspector:dac7d2106d38fb67f3ab	test	30059
seqinspector:ae15bd7e14e0f9f0e0b6	test	30060
seqinspector:c6cbf5f3c83d1de7965a	test	30061
seqinspector:f9ad8082c6b46e9ef9ef	test	30062
seqinspector:6b0f8dd38417358098c5	test	30063
seqinspector:1a319cec6b872f1eddbf	test	30064
seqinspector:7aee99b287d7b72bbc75	test	30065
seqinspector:aa6119648dd4d8734da3	test	30066
seqinspector:3afe168feb7994d0b846	test	30067
seqinspector:bf78e7503385c405cf8a	test	30068
seqinspector:bfa3c5dd8eadf1417280	test	30069
seqinspector:75d15826cc3490059059	test	30070
seqinspector:4fd50afa29a67a62d752	test	30071
seqinspector:c9c3a6dfb71b3cdf5c98	test	30072
seqinspector:0bb44a9c213ceeb0a466	test	30073
seqinspector:7a2249093cb06ea4b2a0	test	30074
seqinspector:eb61c15ec89c987930a2	test	30075
seqinspector:dc1e8ec0fed7f42da445	test	30076
seqinspector:09cd2818d041d3f26f98	test	30077
seqinspector:7e86d178ac3d56f1031d	test	30078
seqinspector:369c81b7c590250a802e	test	30079
seqinspector:1cc4bcfbc525b413364f	test	30080
seqinspector:1daf6acd4ffd3d3541da	test	30081
seqinspector:cb40632fa31b87a49612	test	30082
seqinspector:e6963e31ef630bac7e8c	test	30083
seqinspector:35668c9f527f8111be47	test	30084
seqinspector:6838a004623f199fd9d5	test	30085
seqinspector:28a4a4f8c5a922f033b4	test	30086
seqinspector:500b40cc8c9403b6818e	test	30087
seqinspector:3289bd93252e350516a5	test	30088
seqinspector:be913c8407de4d6b591a	test	30089
seqinspector:93443fbb312c6c3f46dd	test	30090
seqinspector:659e57cf1087de36f51d	test	30091
seqinspector:806ffb182c2b4b4e0977	test	30092
seqinspector:22fdfa5215c097075dc1	test	30093
seqinspector:a8481e704a3bb384df56	test	30094
seqinspector:bce8b05c6465c8c3010b	test	30095
seqinspector:fb09e4d960a2ba553490	test	30096
seqinspector:e997647c4538baee3a04	test	30097
seqinspector:6a3eb0601ba80edce27a	test	30098
seqinspector:e42b1eb0375811ec63cf	test	30099
seqinspector:3059a10e3e69318a612c	test	30100
seqinspector:931da30d60ffb8fbd977	test	30101
seqinspector:b79aca9a62839fdc3c07	test	30102
seqinspector:37e6a10dcce6d1669926	test	30103
seqinspector:6476ff2f98a20ebbbb85	test	30104
seqinspector:0c6b6e4e5d8a86bedc4c	test	30105
seqinspector:2593ea474f5d106e84d0	test	30106
seqinspector:443385229941dad1dc05	test	30107
seqinspector:b2cbd6df9a78bbbe43fd	test	30108
seqinspector:da95c96542472ca75c2a	test	30109
seqinspector:cf0eb719e97c4469fbc6	test	30110
seqinspector:1499eee34f46e1538a8b	test	30111
seqinspector:4435240e7aec641d5210	test	30112
seqinspector:760ceb9c83cb24f1169d	test	30113
seqinspector:0b8e25a8913d21c3a657	test	30114
seqinspector:ef7c6fa6ff46807c3cbf	test	30115
seqinspector:8148ebf569fb1627e5d9	test	30116
seqinspector:01c1e2b2b384dbc4cbd0	test	30117
seqinspector:e180ffdee789441a33a2	test	30118
seqinspector:cbe91bda3cb862ab75e0	test	30119
seqinspector:5f856f7573c98f7279de	test	30120
seqinspector:297173b16a9bf73a7140	test	30121
seqinspector:64657568fffbd261094f	test	30122
seqinspector:0a959bfec8b8b47d35f0	test	30123
seqinspector:d61bdf805d386ed7bf3e	test	30124
seqinspector:2e36131822b83058bc3a	test	30125
seqinspector:4a9f12346a407a2b1920	test	30126
seqinspector:ecdd2b05e50d1628d71d	test	30127
seqinspector:604226fd7bda46ff32b7	test	30128
seqinspector:a1630bcc9b60bbcc41e6	test	30129
seqinspector:9e3382b15165be509a9a	test	30130
seqinspector:dea14f6f6680faba6882	test	30131
seqinspector:99da77a58b5d3004dda9	test	30132
seqinspector:51ddcc70b0f7d818e4af	test	30133
seqinspector:863f3ba58ce06bb1436b	test	30134
seqinspector:68f995d8dbdbc04940b0	test	30135
seqinspector:3c55cd31039246b31d4c	test	30136
seqinspector:dc9ba5b768fdaba165aa	test	30137
seqinspector:d2096d1243d43360589b	test	30138
seqinspector:9f39dbae72bae2ec5621	test	30139
seqinspector:bc3b145dd3f5a49e0586	test	30140
seqinspector:5213e96252347a5001ce	test	30141
seqinspector:3e12c558cf1a66fe5e33	test	30142
seqinspector:3413e6efee7e9c9fa6d7	test	30143
seqinspector:b2265dc105f50c17b79a	test	30144
seqinspector:9dd7c09b5a4d3f80c3d3	test	30145
seqinspector:6f704654a82847ad01ea	test	30146
seqinspector:a4ac2180d4546333ca16	test	30147
seqinspector:201b1831de376cdb099f	test	30148
seqinspector:73fcea43b1860337532e	test	30149
seqinspector:8347b6cea89ce9c00c05	test	30150
seqinspector:96a2acdf5b03dc1cf082	test	30151
seqinspector:8ba3d6a49efc2e2752c6	test	30152
seqinspector:ff923e6c7dc9465ef2f1	test	30153
seqinspector:387d4d6bb37c81d58962	test	30154
seqinspector:72a3e451b8e8e6d2ccdb	test	30155
seqinspector:af6d01bf8ff79490b1ba	test	30156
seqinspector:56e37c3914cb0b83b857	test	30157
seqinspector:116cde8d382458a9634b	test	30158
seqinspector:564982e50fa07a4d839a	test	30159
seqinspector:f53a853bba3b9e44c065	test	30160
seqinspector:0cb90a1d50190809a8b7	test	30161
seqinspector:4a73601fc31ef7c46a70	test	30162
seqinspector:ac9f87b139616a985f87	test	30163
seqinspector:325c833849812b646554	test	30164
seqinspector:96614db084e7a056ee8d	test	30165
seqinspector:fcc52eae68032d6c9331	test	30166
seqinspector:a1f42126e52c0c662be4	test	30167
seqinspector:b08b941154a890bc75a8	test	30168
seqinspector:d153ee9219fd8746bff6	test	30169
seqinspector:5e684162692a85ba2dfc	test	30170
seqinspector:4f753f69374bf0c1943e	test	30171
seqinspector:12ee65600f0b086e74a4	test	30172
seqinspector:9b9437c436aa04da4ac4	test	30173
seqinspector:d09657d5d7c09e65ec84	test	30174
seqinspector:15703d9e31ee1f327d8b	test	30175
seqinspector:8dca205d04b7189f603d	test	30176
seqinspector:b21818ae80bc11e6221c	test	30177
seqinspector:8c1efa3a95b17e4f843b	test	30178
seqinspector:b990f422ef5609c55045	test	30179
seqinspector:694ec68586e3c62db7fa	test	30180
seqinspector:ca5a3c0934b1602fe7fc	test	30181
seqinspector:54409d549ba463a7d8a8	test	30182
seqinspector:e091729d6ff44ab94628	test	30183
seqinspector:987bffccda5490f92cc4	test	30184
seqinspector:cf3c3473c1a1b6f69bba	test	30185
seqinspector:cc79c6acd83ae3a21ba2	test	30186
seqinspector:d4a74f77e9e34e94572e	test	30187
seqinspector:1e96e2e477d06e53c3ff	test	30188
seqinspector:3b9fc8303534698e91f8	test	30189
seqinspector:b3ff46f5c2ab795e3221	test	30190
seqinspector:6f93a89f4fcc388714c0	test	30191
seqinspector:c17e1050f05ba63ef8d7	test	30192
seqinspector:08f951e115846a345166	test	30193
seqinspector:8afe93e4f091ca37239e	test	30194
seqinspector:6bfb5e0ac2c53e33c999	test	30195
seqinspector:021be2dd0367ce93718a	test	30196
seqinspector:0844435d3dd44ae5bf4a	test	30197
seqinspector:0ac0df900ae3cf209c8d	test	30198
seqinspector:746ba47264e45a118808	test	30199
seqinspector:3175d83a54cb592f5357	test	30200
seqinspector:54a6827aa2c27d23e54b	test	30201
seqinspector:5c73c0fa2292b886d3eb	test	30202
seqinspector:86a24469ba606fb51545	test	30203
seqinspector:ae2ffa7d098382f66803	test	30204
seqinspector:bd47c88a6382aba7cfe0	test	30205
seqinspector:5af463ed9a82b1904c0a	test	30206
seqinspector:ccd5cc70f2708188172c	test	30207
seqinspector:f5027c77e0a8263f83dc	test	30208
seqinspector:479eb57b7958f8a1fb6b	test	30209
seqinspector:e6cb6d925b3363a6b347	test	30210
seqinspector:04efde01433936c3dd47	test	30211
seqinspector:9299956732391ad37528	test	30212
seqinspector:b3c2af8c059102b221b8	test	30213
seqinspector:005242e9e2ce502b3b3f	test	30214
seqinspector:ce5fe8b96808da9e18e2	test	30215
seqinspector:3269c704e37f91593089	test	30216
seqinspector:48701e136e2338834722	test	30217
seqinspector:9692321891b7f33697a6	test	30218
seqinspector:9401a86f5ec73317383b	test	30219
seqinspector:07aac36a0b93d52ab415	test	30220
seqinspector:0c3c81155d65a9a20871	test	30221
seqinspector:64bbe7dc05c717cfa93f	test	30222
seqinspector:181bde36feee6a619666	test	30223
seqinspector:52748c172c16cfc265d2	test	30224
seqinspector:98b5ee3e92a756297442	test	30225
seqinspector:85c5ca7d270339bb80cb	test	30226
seqinspector:02bc98036caded214d5f	test	30227
seqinspector:9eb06df7fd0f7f77627f	test	30228
seqinspector:9f6281f7ebb02b889506	test	30229
seqinspector:f04bb4c494f4c871f859	test	30230
seqinspector:46e83d51ab57cdd3ccbc	test	30231
seqinspector:429363b4e330ee75d544	test	30232
seqinspector:63276ce16f56b0f190a2	test	30233
seqinspector:11d208dbe4fb77e89b11	test	30234
seqinspector:674e1f27b0adc52ed214	test	30235
seqinspector:e06810e7044e7e193175	test	30236
seqinspector:b6fc7f60ec22cc34c889	test	30237
seqinspector:5d9200b7288faf774e58	test	30238
seqinspector:c3b6fb0342f7da6bc172	test	30239
seqinspector:f474f9b56dc7d55bba7d	test	30240
seqinspector:0626247bf74fd3650430	test	30241
seqinspector:65a37977d2e0075ef569	test	30242
seqinspector:3f9825f3e9083ce45e84	test	30243
seqinspector:3a9b846b0bd7b42996d2	test	30244
seqinspector:76b5fde253abc53563f2	test	30245
seqinspector:c19dadedbd4710a6de08	test	30246
seqinspector:8f4fdd454612ab4757ad	test	30247
seqinspector:15f1e0e6cdd788a31c24	test	30248
seqinspector:bb4ecce38d1a4bc6b8d1	test	30249
seqinspector:e91827ee72f5c0a8865f	test	30250
seqinspector:2afa4927c2fb2658af06	test	30251
seqinspector:9012ceb7e55dd4aaf8e7	test	30252
seqinspector:4b9307816800c4af89f7	test	30253
seqinspector:ca7b0d9a9c53a8f85d2c	test	30254
seqinspector:52e588136982a0a2e66d	test	30255
seqinspector:2bda5f5e545108a8f8f1	test	30256
seqinspector:79d58a77389bda7ae0bf	test	30257
seqinspector:1a8661bdaeb41590c052	test	30258
seqinspector:bb142fa0c7365c99a944	test	30259
seqinspector:ff3d88ec50ddb98157f1	test	30260
seqinspector:ad429ef69314f6954fdb	test	30261
seqinspector:39d77f1fbbbfc80a8f7e	test	30262
seqinspector:8745f9131e3cb62dfc8e	test	30263
seqinspector:e5bacaf22cdb3d8cae3a	test	30264
seqinspector:444f246920c2e7896505	test	30265
seqinspector:ea8209e8046f11e76c2c	test	30266
seqinspector:17ecfd884a103765840b	test	30267
seqinspector:bec8f4aafd976d7e917e	test	30268
seqinspector:c73c051c96c42847f48d	test	30269
seqinspector:8b7704471b63fdc24ace	test	30270
seqinspector:3f794815fc7ed434d975	test	30271
seqinspector:24a1d74c4003366473c0	test	30272
seqinspector:6796c52c5ca8a44f9936	test	30273
seqinspector:d78aa4aaf2902079d0bc	test	30274
seqinspector:507e2a9e48ad9e37808d	test	30275
seqinspector:dff2932b7a81ce6bbab6	test	30276
seqinspector:2a972842993ba4a9ff0d	test	30277
seqinspector:59599e874bb07d889bf0	test	30278
seqinspector:0b67e89c783b3f3f0b5a	test	30279
seqinspector:8dfc1883c5b376e8217d	test	30280
seqinspector:2045b0f18af5c6ee7baa	test	30281
seqinspector:36f53a00adf660de45d1	test	30282
seqinspector:8e6c865df0009d9fab62	test	30283
seqinspector:1bb6f4cf7f0b7bcc4aaa	test	30284
seqinspector:a6c1a0c03210fd371a83	test	30285
seqinspector:87dff8d1345ed1041a5c	test	30286
seqinspector:eac0c94eb82eb6260223	test	30287
seqinspector:dbef30951b3cce5a53ec	test	30288
seqinspector:94373318841509237ead	test	30289
seqinspector:35ad341f8a7dd38d40e7	test	30290
seqinspector:4b05fe74f1db2a1bd478	test	30291
seqinspector:005f925ed7ce6aa1a970	test	30292
seqinspector:38b18267e96b963466ad	test	30293
seqinspector:4444290ec227a72589d9	test	30294
seqinspector:0ff7a6e6a91436224092	test	30295
seqinspector:79d5087334088745a37f	test	30296
seqinspector:5826bc36cf864ab22073	test	30297
seqinspector:f745b9006d478db6dfe0	test	30298
seqinspector:437ac46eca54bd65286c	test	30299
seqinspector:6d786653ee28d1870ed0	test	30300
seqinspector:6eeb3f2ed9c3c7d08618	test	30301
seqinspector:4bd2be10291602876456	test	30302
seqinspector:68d5bcba2e1bb55a86c6	test	30303
seqinspector:05fa9ce42a1df6c85da3	test	30304
seqinspector:06ac4aab41bbd2fe448e	test	30305
seqinspector:b702a739e9f819c8e97b	test	30306
seqinspector:d06d2b761ee1e463d055	test	30307
seqinspector:5848cf15cdab7721e2f4	test	30308
seqinspector:68570761853afbf280ed	test	30309
seqinspector:147bd5d623c82f37588c	test	30310
seqinspector:4d329d348cf79cb325da	test	30311
seqinspector:299fb0fabe1d11e8c78a	test	30312
seqinspector:9e24e86e8504bd709e5e	test	30313
seqinspector:df13d125363f0ea59785	test	30314
seqinspector:dfb9c350d4ed8de8a1d1	test	30315
seqinspector:535e6b8b1a435b48920e	test	30316
seqinspector:15d004dc78cf60219d7b	test	30317
seqinspector:57d829fe60195a780f53	test	30318
seqinspector:681bd30e7ba61cead44a	test	30319
seqinspector:e3d271a3ca89dce0949a	test	30320
seqinspector:dbb8bcc7fcb1cfad4576	test	30321
seqinspector:b76926734ef9bbae8ceb	test	30322
seqinspector:3502f127d62ed2581ead	test	30323
seqinspector:70fd38e5456b099c5c37	test	30324
seqinspector:de585946c547df47d73a	test	30325
seqinspector:d094829a5a3a6663d46e	test	30326
seqinspector:6334b7cc0725bab15f90	test	30327
seqinspector:d90b7d6bfa9423bb1739	test	30328
seqinspector:a41aa92c64126a241b3a	test	30329
seqinspector:3ff6a0a6f68569abb5eb	test	30330
seqinspector:79afe43f882ac8a97bce	test	30331
seqinspector:f3fd356690dffb06e23a	test	30332
seqinspector:bb28f7344b4b240c421d	test	30333
seqinspector:6af1fee2bcbcb6ab0437	test	30334
seqinspector:f926ab337754e946a284	test	30335
seqinspector:e1b67d000137f3d8df7f	test	30336
seqinspector:80c4356f792321707375	test	30337
seqinspector:bdd520f2798a636a867d	test	30338
seqinspector:956c076ceaa53848b04f	test	30339
seqinspector:bfb53a8a7b12b1201249	test	30340
seqinspector:a76551ecd4e43f0ca82a	test	30341
seqinspector:c33c01306a852fe3b5ee	test	30342
seqinspector:e04bd8e248d91d3e73ea	test	30343
seqinspector:fee90c3d51d063a63625	test	30344
seqinspector:19e3c64a7f460e6d959a	test	30345
seqinspector:fb12cc5f535bf2827a3b	test	30346
seqinspector:9b9273c051b9c9e40542	test	30347
seqinspector:a2d217f2f08b3b59f251	test	30348
seqinspector:f44fac079b6936cfc0ef	test	30349
seqinspector:34d24bd197ca93079e4b	test	30350
seqinspector:f824a11d73eddd27e993	test	30351
seqinspector:f865904383481ccbaa2e	test	30352
seqinspector:035d35b4953c98e4ebf7	test	30353
seqinspector:ca71b646c728e26bf6e9	test	30354
seqinspector:dbd64b7b8151483be53a	test	30355
seqinspector:81c0fb86698dccc7275a	test	30356
seqinspector:f138150ca6e0f9ce7aca	test	30357
seqinspector:4edb39944d865ee1182d	test	30358
seqinspector:b9f83a11160269fdd25c	test	30359
seqinspector:aa568d3fa35259c56621	test	30360
seqinspector:c54351ff82f565062adc	test	30361
seqinspector:55c39d14e126ab3e13df	test	30362
seqinspector:1693f2190adc40fd9ee3	test	30363
seqinspector:dbfe11fc07a5088a42ff	test	30364
seqinspector:8705ea58b3ac04aa65e4	test	30365
seqinspector:c2a14e94098a5fd9128d	test	30366
seqinspector:4fff578430cc87ba026a	test	30367
seqinspector:856a9e2c4e51f9840866	test	30368
seqinspector:237254b8dcf2ea19eba6	test	30369
seqinspector:77b61d6118f1fe574aca	test	30370
seqinspector:7d127243978459d42079	test	30371
seqinspector:678715eeb62358fdaabc	test	30372
seqinspector:c713f62ffa48846de38d	test	30373
seqinspector:b9fca52f74f91d5474c9	test	30374
seqinspector:55797da42d54e4262cf0	test	30375
seqinspector:9ffbb99b02e2e42d0489	test	30376
seqinspector:a6110b16859fb3166ca7	test	30377
seqinspector:945e192d307f7c73d2bc	test	30378
seqinspector:d3f1cb6597084545809e	test	30379
seqinspector:513134df5c3cd2a503e4	test	30380
seqinspector:12969fd5ea484758ee97	test	30381
seqinspector:b6ff53893d97e2f08ea5	test	30382
seqinspector:9467e6837a8391b761a8	test	30383
seqinspector:288308453315b238f667	test	30384
seqinspector:21f358ea4bd75366c68d	test	30385
seqinspector:a63cdea94abd353046d3	test	30386
seqinspector:40dc7473f722b79aed72	test	30387
seqinspector:5e3729cb563b854902d0	test	30388
seqinspector:ae9dfd59862a36692298	test	30389
seqinspector:54cfd5b0886aae465340	test	30390
seqinspector:8c3937732e04e7fff2e0	test	30391
seqinspector:36f8656b56fa85fcbc00	test	30392
seqinspector:018f4539db8f687788a5	test	30393
seqinspector:f023b8aace7112d4b77c	test	30394
seqinspector:ad15c3f7ed8e9154a1a1	test	30395
seqinspector:a94687b348afdf91c336	test	30396
seqinspector:25dba610262d0837a294	test	30397
seqinspector:457648bcd290ed7fefee	test	30398
seqinspector:71310ee02c340bb9765d	test	30399
seqinspector:e4cbd4b0dcd7c2819473	test	30400
seqinspector:819a434580d4d6b30fa1	test	30401
seqinspector:7f862f1fb96c737fbec8	test	30402
seqinspector:e4cc3ee345f870cd5772	test	30403
seqinspector:b34aca719f1eb198f991	test	30404
seqinspector:d1b57fb84d4ff73c7822	test	30405
seqinspector:b276a9888a21bf7606aa	test	30406
seqinspector:c06de89a8dbd03e8130c	test	30407
seqinspector:0ac880cbab7393906289	test	30408
seqinspector:0b26f470589cb80b6ea4	test	30409
seqinspector:cc8813b360b8ef50d184	test	30410
seqinspector:fd6e11594f16c28138a2	test	30411
seqinspector:d500d7d0d60153b13030	test	30412
seqinspector:291c280f5bab75d53202	test	30413
seqinspector:44bd26588b40d74cf181	test	30414
seqinspector:3c966adcbe0a2114f9ea	test	30415
seqinspector:9f2b60ce17538542421c	test	30416
seqinspector:3aca4926f6cfe9092d9d	test	30417
seqinspector:29e588489992766904ff	test	30418
seqinspector:196db1e464b2e194c12e	test	30419
seqinspector:b78e3d7f84a93889b39b	test	30420
seqinspector:42517f72873ec24676d9	test	30421
seqinspector:1988238eea7cd0c393f1	test	30422
seqinspector:4ef29658ead68c36ff57	test	30423
seqinspector:4ee64f558cba8e3b8332	test	30424
seqinspector:2771c978b576de7d1b6a	test	30425
seqinspector:36b9c9868674d9c485ce	test	30426
seqinspector:2e414e04e3be74fb89d6	test	30427
seqinspector:5de372984426bb2287b6	test	30428
seqinspector:fcf9a17a55bcc3b3f0e3	test	30429
seqinspector:808d0bafebc5468b5c95	test	30430
seqinspector:5ada25914ec4362ef137	test	30431
seqinspector:bf316e8c853b513d405c	test	30432
seqinspector:cddda2cd73ed8a9cb9f5	test	30433
seqinspector:8acd45da2b7b78ca4829	test	30434
seqinspector:9c92056e8bbe78f35aff	test	30435
seqinspector:a70cc55400a9a47c13f0	test	30436
seqinspector:6a7339dfd297154e3a24	test	30437
seqinspector:83e8de858e8e972e91a4	test	30438
seqinspector:d397d0ea74837ebeea23	test	30439
seqinspector:e4ef94e36d68879dc5f2	test	30440
seqinspector:d9aa8fd3fdcc4cd597a1	test	30441
seqinspector:4761b6cfa7ccb8d649c5	test	30442
seqinspector:e774c788bb964171789c	test	30443
seqinspector:b169c86c8b92783afa02	test	30444
seqinspector:eacd174fe1c82fa1d107	test	30445
seqinspector:6d5cfb708a970a9ccf5c	test	30446
seqinspector:27b7b75e4548e375c9fe	test	30447
seqinspector:f84c9eff60e1a54d641d	test	30448
seqinspector:2aa230979c4e8bf4a364	test	30449
seqinspector:69e9b3df724d5bb57342	test	30450
seqinspector:3e50b5daa7855528be14	test	30451
seqinspector:fef768b04dd1ef336cb6	test	30452
seqinspector:705c2e36a44cb90c38d8	test	30453
seqinspector:e2c35218e26ddf7e2ac2	test	30454
seqinspector:12c074dbde378deeda9f	test	30455
seqinspector:fcf1a8695c4eacda2fea	test	30456
seqinspector:734ca78e2c7507c2edf1	test	30457
seqinspector:1db27bc538bf59fa46b8	test	30458
seqinspector:53f0de6417f12714de0c	test	30459
seqinspector:84a09385b21c694a47d2	test	30460
seqinspector:a0f48c9dfb6fd9af0859	test	30461
seqinspector:0b436a08528cebdf14ad	test	30462
seqinspector:46f5063ca8a39fbe989d	test	30463
seqinspector:256bed60bbbe09d7886e	test	30464
seqinspector:5227a108dc2540c8a917	test	30465
seqinspector:8f9724f65086cc1d2acc	test	30466
seqinspector:7eb6947b04f2cc56bef1	test	30467
seqinspector:dd02738f81b886020ace	test	30468
seqinspector:61c79dd69fe01f1ecbd7	test	30469
seqinspector:ea8e360e90de45c8b6ed	test	30470
seqinspector:8f365dc0d2dffd4221d7	test	30471
seqinspector:50a9c2cab7dec780145e	test	30472
seqinspector:72d46b81e2a94e757dc5	test	30473
seqinspector:e7c650727020a6bb102f	test	30474
seqinspector:5653befeb5630f45807d	test	30475
seqinspector:4599b3da1593a03b6b17	test	30476
seqinspector:ed7aa7799ac0ad7e9f43	test	30477
seqinspector:b6c19364fd7319671de4	test	30478
seqinspector:5722e8d5be75c47ffe83	test	30479
seqinspector:d49b1de2d48bb70f13a9	test	30480
seqinspector:587a42cc28fcc6237b43	test	30481
seqinspector:7493fe0b5fbdc3211eaf	test	30482
seqinspector:8138b693adcc333446c8	test	30483
seqinspector:740a010208bac31782cf	test	30484
seqinspector:881a3e387fa32aadbb37	test	30485
seqinspector:96c61f2706c7986533d7	test	30486
seqinspector:420bad1ee3d2201f96b9	test	30487
seqinspector:762715b3462044f8526c	test	30488
seqinspector:6dbdb47841c4ee3a745d	test	30489
seqinspector:adb0c45c232563b601a1	test	30490
seqinspector:3502f1ad3cec65063dbc	test	30491
seqinspector:77aa86617b8a4a2d498e	test	30492
seqinspector:fe7c3392d9a5b671daf2	test	30493
seqinspector:7318f90532b1b098b163	test	30494
seqinspector:4852557c4e2b116823e4	test	30495
seqinspector:6faa0a3cf2b252a441b0	test	30496
seqinspector:d3c0dffabdf40ff07777	test	30497
seqinspector:2c62d524b27e47ac3804	test	30498
seqinspector:dee1c97d20ebd920e963	test	30499
seqinspector:e0993a7b3adf533944c6	test	30500
seqinspector:14da7cfbadc53cbe149b	test	30501
seqinspector:9e19d9ab1d8890ea2d65	test	30502
seqinspector:34c29c5efc369487e7f7	test	30503
seqinspector:fbd43151f975099de27b	test	30504
seqinspector:af10c731929228d8ef0d	test	30505
seqinspector:f2a13bdacef2e4901784	test	30506
seqinspector:78f3b089acd9de0cd2b5	test	30507
seqinspector:605efa08ff7ca38b8b8f	test	30508
seqinspector:64bed8956d797e201d72	test	30509
seqinspector:491229cc92b97b802cb3	test	30510
seqinspector:4401fc33e301ea67ee0a	test	30511
seqinspector:d5e9aaf2d94be3c87747	test	30512
seqinspector:14a6ed484d0720f59358	test	30513
seqinspector:5a44be727eb591c7dc4c	test	30514
seqinspector:f61d8dcc154e352a35ee	train	30515
seqinspector:b542016603b8b12121e2	train	30516
seqinspector:b0777959b9e8c584c760	train	30517
seqinspector:272a420f3af830617551	train	30518
seqinspector:a63fc2b83bd6a91373c1	train	30519
seqinspector:9240b59dd0bcc082aea0	train	30520
seqinspector:93dceba9977d5337202f	train	30521
seqinspector:03403962bba7c6c703af	train	30522
seqinspector:bbd92156249fc7b34ad3	train	30523
seqinspector:122ef782436600a6a54b	train	30524
seqinspector:cb49c7c6762514ebdc2d	train	30525
seqinspector:0ca6841fadcdb64ad505	train	30526
seqinspector:64c09abe67255608eafc	train	30527
seqinspector:703dc7f9bd650323e2e7	train	30528
seqinspector:17bedfb9c6e3bbb38970	train	30529
seqinspector:cb8e86e61fff9a763751	train	30530
seqinspector:d2f6ddbd540f03aa2f74	train	30531
seqinspector:2d45ae99cd68ad31f5ea	train	30532
seqinspector:d10d1e23ab3bc9feff1e	train	30533
seqinspector:a7e016d7e87736ba1eaa	train	30534
seqinspector:5e9fc07598fe1a23610c	train	30535
seqinspector:1f9df511cf297c9457f1	train	30536
seqinspector:e4baac254e8717b35834	train	30537
seqinspector:eab6de58cb559b2180a6	train	30538
seqinspector:56275d4328e1d74655f0	train	30539
seqinspector:04077a27ff6c966edec0	train	30540
seqinspector:96832d2982793c16c63d	train	30541
seqinspector:29f22626e2660f102aeb	train	30542
seqinspector:7e35e5f8e3e029ae1721	train	30543
seqinspector:78c1d4f74e4988912cad	train	30544
seqinspector:fbac60c4fe18c3b69ed8	train	30545
seqinspector:e0ffa48cdbcc3dfb267e	train	30546
seqinspector:d106f584c06294f4c283	train	30547
seqinspector:f96a0f68d2aaa45105a5	train	30548
seqinspector:6a02211c30ba313711b8	train	30549
seqinspector:c7ca22f33f79d2a82914	train	30550
seqinspector:b87559f65a70ee723053	train	30551
seqinspector:7c01c1748b282903d31b	train	30552
seqinspector:ef5cee2c710a1b03c289	train	30553
seqinspector:40fd21104197624517e0	train	30554
seqinspector:c2be2a195bbba9a07396	train	30555
seqinspector:9312f2a543132cf17191	train	30556
seqinspector:3f42ed8adf7b730e93e8	train	30557
seqinspector:ce84531748c7bac3a122	train	30558
seqinspector:c9d682c614402932d595	train	30559
seqinspector:9b8715299704015d7729	train	30560
seqinspector:784892254452f7eea86b	train	30561
seqinspector:979d685e95757beef4dd	train	30562
seqinspector:97ad6b955bc9b27bc8f6	train	30563
seqinspector:1a0c9747aeaa1931782a	train	30564
seqinspector:d221b8900e08573564f9	train	30565
seqinspector:fdb03fb96eccfad6cb8a	train	30566
seqinspector:b53c56da0b86280dceef	train	30567
seqinspector:85aba7b0380e4eb692f2	train	30568
seqinspector:45f83a864feff9617a6a	train	30569
seqinspector:160b8e9b426e016b46b1	train	30570
seqinspector:2a7f1ef7945d40fc7f14	train	30571
seqinspector:2c4f030368e17958118d	train	30572
seqinspector:025f355de8cc594d6377	train	30573
seqinspector:8e3c3a18f585fb3da322	train	30574
seqinspector:d97f897b0b32b14a7a13	train	30575
seqinspector:6985aa960764d9983e20	train	30576
seqinspector:122ac6439d9fc21237d6	train	30577
seqinspector:3be78d9f3e5486ed2b21	train	30578
seqinspector:908a81b33f923517df51	train	30579
seqinspector:7a9da89b8d6c61c55d2d	train	30580
seqinspector:17c54b2b9b8883e10d0c	train	30581
seqinspector:cdd185f4a841a96e12ce	train	30582
seqinspector:2625c75c728e7632b229	train	30583
seqinspector:4e3eafe442709759f0ae	train	30584
seqinspector:1356f3e0d12f07398338	train	30585
seqinspector:5e19d6abff8f4fc6f90c	train	30586
seqinspector:42a81efba859a4c90b6a	train	30587
seqinspector:f625862a81b320fc523e	train	30588
seqinspector:61c05d1c43c09d119ad5	train	30589
seqinspector:329bcfd85b2969fa7704	train	30590
seqinspector:df8a6ba6dd94902bf6bc	train	30591
seqinspector:2cd6d009e476af4c87da	train	30592
seqinspector:e6cb031e898d06545f1d	train	30593
seqinspector:7ed2a26eacea3f8be331	train	30594
seqinspector:508da7bdf957f0b91019	train	30595
seqinspector:9297cf6aefd6ef5da710	train	30596
seqinspector:25539ca813a2597f061f	train	30597
seqinspector:76be5bac54b04a608f94	train	30598
seqinspector:7d6574946d024a47ab12	train	30599
seqinspector:720708fd59fe8f8aff89	train	30600
seqinspector:eab2da2813fa660f66a1	train	30601
seqinspector:27e31fcf69b42826cb0f	train	30602
seqinspector:c2ef29e891d47367c0bd	train	30603
seqinspector:416386d27103d449c2a8	train	30604
seqinspector:2f1cdec379ef6311695a	train	30605
seqinspector:6cc84d43689edb0d32ed	train	30606
seqinspector:f454e7eab1ece2f3e404	train	30607
seqinspector:5f35483b4dea1f7fc027	train	30608
seqinspector:89a3de36a2b6de3da05a	train	30609
seqinspector:301baa8e5e4e31146755	train	30610
seqinspector:4cc1d467dea165480184	train	30611
seqinspector:2a9d473fd7933fdd1438	train	30612
seqinspector:8cefa30fb45f78cdc6a1	train	30613
seqinspector:2ffc9bcb31dc5d1e31df	train	30614
seqinspector:b86e65a70d0840e5088f	train	30615
seqinspector:893c5a6772ff102b5987	train	30616
seqinspector:5a66d58bfae2025ef4bd	train	30617
seqinspector:01d4ecbf2c88046d62d2	train	30618
seqinspector:875bce45af2502d2b3ee	train	30619
seqinspector:f4ffedeb8415f9c166fe	train	30620
seqinspector:f6a8bc3b6bbb67adeb0b	train	30621
seqinspector:9c4e44146a1cd630a947	train	30622
seqinspector:d9e000cc7d4fb13b3d16	train	30623
seqinspector:8d22ddf1d342ef2b9682	train	30624
seqinspector:deec568d00b5c57fd192	train	30625
seqinspector:93a02f1259a0d89cebf7	train	30626
seqinspector:52f308360f17a77d72c7	train	30627
seqinspector:5a63ec082ae37ac39b5d	train	30628
seqinspector:3df7a04cd7ae440b5b94	train	30629
seqinspector:5da41d1fccde26d267dc	train	30630
seqinspector:d47fe417d39b66fe7ed5	train	30631
seqinspector:841afb01dce95d28be56	train	30632
seqinspector:87f4038cf10df695fc12	train	30633
seqinspector:7f439dd35cd750917f09	train	30634
seqinspector:026bed8ad16416e3713e	train	30635
seqinspector:04937066e46598ed7f92	train	30636
seqinspector:67df7740a27c01d2049c	train	30637
seqinspector:81a46427c5cdb04d339a	train	30638
seqinspector:215b3b703e8f2898ccf7	train	30639
seqinspector:ce2a7452c8e1022c4be7	train	30640
seqinspector:b8b665ae42ce4fb42475	train	30641
seqinspector:d71597a9cb26ccdab52a	train	30642
seqinspector:25d7528e25e70ffe764c	train	30643
seqinspector:32c41fcd5159daf50c85	train	30644
seqinspector:e750f5a22709cfd62e39	train	30645
seqinspector:ccdd2b53440206a2c46a	train	30646
seqinspector:d4cc2626750b4649f8d9	train	30647
seqinspector:cbd6ba23a30a75d848a9	train	30648
seqinspector:92bff96906d5c7fa02f1	train	30649
seqinspector:8a9099223b229377f2a6	train	30650
seqinspector:ed48f4d5c5137c42d351	train	30651
seqinspector:0c27701fe824c83ec485	train	30652
seqinspector:74016dd6f0a9f6fef08e	train	30653
seqinspector:dbb7395c05c27711174a	train	30654
seqinspector:5216d63715c7d80cd849	train	30655
seqinspector:5a4c0cebdd062b2d3d6a	train	30656
seqinspector:e4253e096a2e0028865f	train	30657
seqinspector:5f254ee30ae51614c00f	train	30658
seqinspector:8fd94cac0bdfda8342b4	train	30659
seqinspector:e067418941fc15cdb584	train	30660
seqinspector:2dfb6c543cc7bb692957	train	30661
seqinspector:1de38d41b289673cc958	train	30662
seqinspector:1d6c3b201fe14e0e8a26	train	30663
seqinspector:883d9922fba0943ab229	train	30664
seqinspector:20614e06be1470c3fa6a	train	30665
seqinspector:546f550a5ac0cae5f49c	train	30666
seqinspector:0bfcc396a9931d8118ca	train	30667
seqinspector:02d4a52a67ccd3e8197d	train	30668
seqinspector:4891e3e52df7e0896916	train	30669
seqinspector:3b98501a5160dd28e6c1	train	30670
seqinspector:7ade86f7de9ea15f3cb3	train	30671
seqinspector:7235cbab71da84451d15	train	30672
seqinspector:d5694e91ca4704a0a137	train	30673
seqinspector:4090c3b4e758bc00193d	train	30674
seqinspector:e1de3f410d62b9d78367	train	30675
seqinspector:6d0a4fea060d11591f58	train	30676
seqinspector:8f8ec7f02d11ac246cf8	train	30677
seqinspector:cc4c98efc863591252d1	train	30678
seqinspector:aef246e94e80ee94fa04	train	30679
seqinspector:ca295f7a5bb5ba2e630f	train	30680
seqinspector:f756674c6d2af2ba65af	train	30681
seqinspector:343c0402908e6fa5d9fe	train	30682
seqinspector:5e31fc6f7abc624d4eff	train	30683
seqinspector:f0e97efbc58d56e5ceb6	train	30684
seqinspector:a0a638309cd453fc2706	train	30685
seqinspector:a95437be2390fe94e9fa	train	30686
seqinspector:e3864704726899421deb	train	30687
seqinspector:a1d14a9f6afe24a05439	train	30688
seqinspector:0dbdf442d745b26bf05a	train	30689
seqinspector:109a46a31819282e39ea	train	30690
seqinspector:ca2bc16d2112ce756e45	train	30691
seqinspector:adedec9e89a58dc86b5f	train	30692
seqinspector:b52d721ce5fc6238323a	train	30693
seqinspector:616c5e30af0ca33a3acf	train	30694
seqinspector:6ddc6a6f7155f1e03f2e	train	30695
seqinspector:e0d776032f237fbe6bb7	train	30696
seqinspector:e31bc35149d99ec7c45a	train	30697
seqinspector:c248974cd2ffa864352b	train	30698
seqinspector:646c2a592f9eff1aa818	train	30699
seqinspector:e23019b4b1b9ac31b44d	train	30700
seqinspector:6b919547d8cfdee48739	train	30701
seqinspector:861596dfbb7d62c765d0	train	30702
seqinspector:2fad06b2c4d10cd2aa1e	train	30703
seqinspector:ab8002e0177eb5b3189f	train	30704
seqinspector:2ec6104fed058d6de4a2	train	30705
seqinspector:d8fcda785937186a986b	train	30706
seqinspector:9b315c8a01c122fae5db	train	30707
seqinspector:2668bad6d9136f441b2e	train	30708
seqinspector:f88f61213097729ddc26	train	30709
seqinspector:532d041ada18de38469e	train	30710
seqinspector:6d9ffae08a95b0ad117f	train	30711
seqinspector:93bdd78452a58a7fffb3	train	30712
seqinspector:1e19091d90889bef84b0	train	30713
seqinspector:9c9549778d55d7eb3efa	train	30714
seqinspector:202a03f7f6861be6b8d9	train	30715
seqinspector:346b25dd07e4b3ab3aea	train	30716
seqinspector:c3e92d9a477802c1bb5f	train	30717
seqinspector:6ac2e4d2bf0c41860656	train	30718
seqinspector:c8a90389a9f781932110	train	30719
seqinspector:5540e9286a3ce7101c26	train	30720
seqinspector:692940a2279e6d727f08	train	30721
seqinspector:dfd8239bc2355410a83a	train	30722
seqinspector:e95d0ee6121911ef9027	train	30723
seqinspector:beae07a9c5aa485cfbbc	train	30724
seqinspector:7a12a70dc524d0e9a0e1	train	30725
seqinspector:d1e9a472363b09a08d81	train	30726
seqinspector:70e9d1db7b71c836c4dc	train	30727
seqinspector:e382bccf6f04b774e3dd	train	30728
seqinspector:604b083c1a50d9a8c9ad	train	30729
seqinspector:6ff77564a2298d1ed815	train	30730
seqinspector:6b6c14b2ab8ecf8778d1	train	30731
seqinspector:d747cb1576b689c88322	train	30732
seqinspector:b4eada664f8b60261045	train	30733
seqinspector:bb6cbf42466b5eb00b21	train	30734
seqinspector:e27d88e016e4849d123d	train	30735
seqinspector:6b9bd2a7d447eefcead8	train	30736
seqinspector:a9dcf0d9cd4407539113	train	30737
seqinspector:44789b4a3fbc8d1f5098	train	30738
seqinspector:4dd88ba85f1bd2832207	train	30739
seqinspector:084552c91ca314e847f8	train	30740
seqinspector:363bed064cb336e520c6	train	30741
seqinspector:ff82fcd0e090b9814406	train	30742
seqinspector:8785581a10fc06c79475	train	30743
seqinspector:4508d927da0211c17e2c	train	30744
seqinspector:7bac643ad05bef8ad591	train	30745
seqinspector:41c727f5c95eda896c92	train	30746
seqinspector:da3c2ede56653ebb379a	train	30747
seqinspector:1093c0f765daf6b0c358	train	30748
seqinspector:5de44f01e4da98ccd1c4	train	30749
seqinspector:2ffd338df09d542ad72a	train	30750
seqinspector:ed0f486e4aae093baeb2	train	30751
seqinspector:31bd3d0ca123572d343e	train	30752
seqinspector:b30d301fa44fcc2dca92	train	30753
seqinspector:d4ab7df5c9aab7034858	train	30754
seqinspector:acc984a8435efe8b7506	train	30755
seqinspector:c6db0292e40bee88f006	train	30756
seqinspector:7594debc84668fd21eb2	train	30757
seqinspector:e03e62a98baa643a650b	train	30758
seqinspector:32dabe828ba8a6bda713	train	30759
seqinspector:13a7e36272347d39ea2d	train	30760
seqinspector:eea44b56a9d0d091363d	train	30761
seqinspector:34e7ee7784483ff3454b	train	30762
seqinspector:68aedb2ae9d47ba4bd87	train	30763
seqinspector:9e0c536732f7a887e3b1	train	30764
seqinspector:a42f1b399cd23e42f0d0	train	30765
seqinspector:549d29ad44cc945285ae	train	30766
seqinspector:2c1bdd19adf59b2b427f	train	30767
seqinspector:2835770b83bf545b815f	train	30768
seqinspector:53295bb17e076816eedf	train	30769
seqinspector:408dcfd5316262ead2f4	train	30770
seqinspector:4f68c944f592a78b2ada	train	30771
seqinspector:6c784630ec6fbc23d222	train	30772
seqinspector:88e6b59151adbbd03287	train	30773
seqinspector:3252cfc1b88cb398c53a	train	30774
seqinspector:00928eef3f2ca9486d9a	train	30775
seqinspector:e420aca972c52b0db66e	train	30776
seqinspector:1fb4451071c865745771	train	30777
seqinspector:08bb4c0c31a680d3dea6	train	30778
seqinspector:ff009d55d46d1aed3829	train	30779
seqinspector:621ed50e74fbb0fa8481	train	30780
seqinspector:9fdec32dffbd35e0e128	train	30781
seqinspector:f324777ec72fed98f5b9	train	30782
seqinspector:d839e667028c8c211003	train	30783
seqinspector:0209ed29263f6d0795ef	train	30784
seqinspector:b971fdb4788aab9954df	train	30785
seqinspector:0d780b3ac21642d4a2bd	train	30786
seqinspector:e4a501ba9c78a465e8c1	train	30787
seqinspector:0a1a8f6cef56414868b9	train	30788
seqinspector:bc5832e759fdfb11fb27	train	30789
seqinspector:dfdc2c984aa365da8a67	train	30790
seqinspector:d7b39e0305c05ba4578a	train	30791
seqinspector:f775ef40de25210ad825	train	30792
seqinspector:7578cd43bf7dfc9ab26f	train	30793
seqinspector:daa631429e6982ff5543	train	30794
seqinspector:47602b7122e8d9e2ec8a	train	30795
seqinspector:f0b97a837ae799b81db0	train	30796
seqinspector:315bc241f8e75e457a6e	train	30797
seqinspector:03a4e7d66a25c7931dec	train	30798
seqinspector:3d36b2076aedb8db0de8	train	30799
seqinspector:89961c436898fd40fade	train	30800
seqinspector:328aea893aaafcbaea36	train	30801
seqinspector:fc8c5a1efa7de1a508a5	train	30802
seqinspector:66cc127c4db5a0351043	train	30803
seqinspector:1990601dc397d85b18bd	train	30804
seqinspector:4491d3d098784e2e2b22	train	30805
seqinspector:1c103d9fa3288c6d7ba8	train	30806
seqinspector:4065a8d74ab7b4b36d38	train	30807
seqinspector:c90ee56c0229c380c173	train	30808
seqinspector:3effdc455ab11edcad42	train	30809
seqinspector:b56e9fc782aaf81ab37d	train	30810
seqinspector:c8de0c11833ccc58935e	train	30811
seqinspector:69202bfe0b5ceaba9ccf	train	30812
seqinspector:c88df6c20793dd24fdc8	train	30813
seqinspector:af0db63618760144eff0	train	30814
seqinspector:706fdc301a7818c2574b	train	30815
seqinspector:07f3f7ffe7be01f2fd2d	train	30816
seqinspector:2e90a3a50930cc16b256	train	30817
seqinspector:f20f3a72e0dddb493c08	train	30818
seqinspector:22fb463645e13932a784	train	30819
seqinspector:0d23e73ac0e705525bcb	train	30820
seqinspector:088f922bf15187e5ac2a	train	30821
seqinspector:9e5629c5a870aa98baa9	train	30822
seqinspector:441ed51376429c12770f	train	30823
seqinspector:28c694a4a95fb9c56b22	train	30824
seqinspector:262adac0f293b339124d	train	30825
seqinspector:ae7508d6f524cd9a94e5	train	30826
seqinspector:4d5e48d471c49666a569	train	30827
seqinspector:be385e600a57c5c3af53	train	30828
seqinspector:79108c84578cf735c3a4	train	30829
seqinspector:2ba1a4dd652adb3a69cf	train	30830
seqinspector:1e24329381474c62499c	train	30831
seqinspector:e400db3eeab74496835f	train	30832
seqinspector:fa9c4b62e265d2899e54	train	30833
seqinspector:d9ef66aa40edfa72871f	train	30834
seqinspector:805b8f30d24ee6b9f878	train	30835
seqinspector:7ca6a74e66943ccb1856	train	30836
seqinspector:74ae684e2f77723536f0	train	30837
seqinspector:2887388b7968aa3dedda	train	30838
seqinspector:1221d56401bf7011cbd4	train	30839
seqinspector:de8cb71f142e79d49b81	train	30840
seqinspector:970269704f7f9189cf32	train	30841
seqinspector:c70511fe51ec24553109	train	30842
seqinspector:9118c45c854eddbbe3b1	train	30843
seqinspector:def1146375fcb062dc69	train	30844
seqinspector:62d9bb78fd019ca78672	train	30845
seqinspector:2b810e0dd06d97676466	train	30846
seqinspector:1c66dcda38f7ad1e9d88	train	30847
seqinspector:82f7c0acfad0ceccbafe	train	30848
seqinspector:96b3ec7898631c83a3b7	train	30849
seqinspector:5384f4b086f3f2bc75a7	train	30850
seqinspector:5137e6ced761eb2acb23	train	30851
seqinspector:e39e873f33d8dcbabfe6	train	30852
seqinspector:fcec7e1ed44edef372f9	train	30853
seqinspector:127cf750687310d24b1f	train	30854
seqinspector:45bd332294eca5f8c4b1	train	30855
seqinspector:8ef513df8844c7a374d4	train	30856
seqinspector:16cbaa0107b4b4be1a68	train	30857
seqinspector:534f9ad1f170d4f67ff5	train	30858
seqinspector:a832339acd5b360eba9a	train	30859
seqinspector:f1cb25094507941148c5	train	30860
seqinspector:6fc54d3c1f1dbc027258	train	30861
seqinspector:b2512e3c48593b7cba02	train	30862
seqinspector:d53a8df0b931d1fa5d24	train	30863
seqinspector:38f505540e1250b45882	train	30864
seqinspector:c9f38334b3d33fb913f8	train	30865
seqinspector:7e9f669c3b5d69181045	train	30866
seqinspector:518895876fcf3552c732	train	30867
seqinspector:f6fa0ea74fa644bd10ac	train	30868
seqinspector:0fff7e9865f31c6c42df	train	30869
seqinspector:cb37048ba7eb7bf85e2b	train	30870
seqinspector:9ce33805b10bd05a794b	train	30871
seqinspector:c87a96ac60195da020ae	train	30872
seqinspector:0380400a2694d5f2ea31	train	30873
seqinspector:23b0e753c8a5e835a722	train	30874
seqinspector:449da6b8c8f4d306217d	train	30875
seqinspector:62a2cdf4b8105c50973b	train	30876
seqinspector:11f42bca7d655ea66a05	train	30877
seqinspector:e97d1674fcd61dbaa2bc	train	30878
seqinspector:1a816320254c86bb0b14	train	30879
seqinspector:4f166c25e5fad9e57c10	train	30880
seqinspector:4119065fc5db143dca8a	train	30881
seqinspector:da99da299c2af5510d3a	train	30882
seqinspector:d0fb153b0c8370179601	train	30883
seqinspector:17a4ad97b28c34ad52e1	train	30884
seqinspector:5a57ae80134942bad3a5	train	30885
seqinspector:e057727013324e49db4f	train	30886
seqinspector:5bd42d325e4035364566	train	30887
seqinspector:c92af1a23284b952a914	train	30888
seqinspector:354963dd067aaf8c3d87	train	30889
seqinspector:e2bc38c80bbfb4428eaf	train	30890
seqinspector:dbda4610295fd63f18ce	train	30891
seqinspector:e7c74f333269ce830f8b	train	30892
seqinspector:d41c7bf4ed59f44c94cf	train	30893
seqinspector:b3cfc6162290adfbcdea	train	30894
seqinspector:de9efa118a743b385965	train	30895
seqinspector:58e7343245788678bfd2	train	30896
seqinspector:8afc2d7824236153f480	train	30897
seqinspector:27fd282ef1db4fb4becb	train	30898
seqinspector:dc5f2ef542f04e6714d8	train	30899
seqinspector:8298840a222c26494e7d	train	30900
seqinspector:b8c64f266b9b53b83702	train	30901
seqinspector:e7bdd078d31781ce4a08	train	30902
seqinspector:83348f137849b0c27db2	train	30903
seqinspector:b262758f8f68fcc77911	train	30904
seqinspector:5d7197e7bfeb45ec757f	train	30905
seqinspector:777b923a182117f86461	train	30906
seqinspector:82aaa17ca4c2ad61cc58	train	30907
seqinspector:2a67608bc38ac16579c4	train	30908
seqinspector:da2138c4275a8b1e30ae	train	30909
seqinspector:d820c3e57bb5cdec274b	train	30910
seqinspector:deb47b570548baccf457	train	30911
seqinspector:d3ed115effcd7823abad	train	30912
seqinspector:463bf177d1056ff57939	train	30913
seqinspector:9c7704447e49bcbbdab3	train	30914
seqinspector:543723b1baa56b5de2a3	train	30915
seqinspector:d19ec5b11eb3d9937ac7	train	30916
seqinspector:68ee0766d66bec208f22	train	30917
seqinspector:1e3704eabd596bebfdf3	train	30918
seqinspector:deb6ac60c822b94e3fd6	train	30919
seqinspector:c75b989b5c06744d55f7	train	30920
seqinspector:822b6fd3178a3c50e9e4	train	30921
seqinspector:be802a3dea6a7075fb5c	train	30922
seqinspector:cc5884a47338df1c2abd	train	30923
seqinspector:b24cb12a2d1a8b857ca1	train	30924
seqinspector:1ec923ad6ba628e9ab45	train	30925
seqinspector:5d9f9cff51ea16b494af	train	30926
seqinspector:83d3c4b6ebd102f60241	train	30927
seqinspector:7a6646f8460965fbf169	train	30928
seqinspector:58f121fdb65f1c8cb441	train	30929
seqinspector:56136dd7c3126fd151ea	train	30930
seqinspector:8265d0ad7cd2caceeed3	train	30931
seqinspector:7506a589256bc34ceb80	train	30932
seqinspector:4660aef4998755faea3b	train	30933
seqinspector:67eed41f81565b45691c	train	30934
seqinspector:d98937a467f2cceb0aa4	train	30935
seqinspector:e304729dc54671c20eaf	train	30936
seqinspector:f75db2c990bdefb13d5d	train	30937
seqinspector:4205335006d6c878a817	train	30938
seqinspector:68c80f1324d79c091609	train	30939
seqinspector:674dcd497774dbb321ab	train	30940
seqinspector:593e44b2b2975c462eaf	train	30941
seqinspector:355c901208bfeccc7c57	train	30942
seqinspector:fac73d56b2daed6460c2	train	30943
seqinspector:28b06be5e57faf55437e	train	30944
seqinspector:1102a219feff732e2b72	train	30945
seqinspector:606d9a4f93132c605cf8	train	30946
seqinspector:f35ac53e231d36483daf	train	30947
seqinspector:c5e2d62b386ce9af3f5c	train	30948
seqinspector:79137dad39330f886daa	train	30949
seqinspector:f65a953dd0a2de465d46	train	30950
seqinspector:9a23b56e5d3c9e1d5f27	train	30951
seqinspector:fa5710a13655768e8b83	train	30952
seqinspector:b2926dfb8753ab6602df	train	30953
seqinspector:0052d891c92c280ec07c	train	30954
seqinspector:b6cc1aa36069ef64d83f	train	30955
seqinspector:c83b19b2b1c66afdcedf	train	30956
seqinspector:f14d2fd29dc8ce1e4bef	train	30957
seqinspector:1eb0a41ed236d653f71c	train	30958
seqinspector:d57ec9380b01942dfe69	train	30959
seqinspector:920c1df444de65557d64	train	30960
seqinspector:1e3407efad2016bed411	train	30961
seqinspector:650cb6ec3f395e3a4e85	train	30962
seqinspector:22147e13f40b20f72dd6	train	30963
seqinspector:3a85ca33c9ad4a802018	train	30964
seqinspector:451c3dbeba3a0c6a89d8	train	30965
seqinspector:f7d8cc15dcfe19620c72	train	30966
seqinspector:a9c9b2c2221c6dc2dc76	train	30967
seqinspector:70fd13e5382a674b2657	train	30968
seqinspector:004cc5b777ea89c081a1	train	30969
seqinspector:895725c44ec9383c5b44	train	30970
seqinspector:b93d75bdf37ce002aad2	train	30971
seqinspector:6a3ed0279a0afc62e636	train	30972
seqinspector:7af56e415157fca7c1eb	train	30973
seqinspector:0e8c9b51081e9f8350a9	train	30974
seqinspector:f2d21c6729f1c26b4deb	train	30975
seqinspector:b0c11b144403bc639987	train	30976
seqinspector:139774a338bfd358a218	train	30977
seqinspector:feb3ff6609716a3a2f98	train	30978
seqinspector:262ef39c7b5b5939ea1d	train	30979
seqinspector:d2d1a8cb9ec50a642f47	train	30980
seqinspector:f7d6267e72dc879a9ca5	train	30981
seqinspector:849bdb6b66ebeb10c2ad	train	30982
seqinspector:db4de128dd8b603c3b4b	train	30983
seqinspector:d9389a4c156e15f2587e	train	30984
seqinspector:b4c0f3cdc89a1046f930	train	30985
seqinspector:698607ec16c5e28371b9	train	30986
seqinspector:c9a61d48d8595ec50ed7	train	30987
seqinspector:0cef08132c2218762de0	train	30988
seqinspector:455d97ad2a8ec6ae0052	train	30989
seqinspector:9a0bb0ba8796f7f570ff	train	30990
seqinspector:7617119f52c5fb9efdf6	train	30991
seqinspector:cfce8cf6ed196f2af63d	train	30992
seqinspector:73b70e377a8fdd5fb9fc	train	30993
seqinspector:371d6be873e31f40824f	train	30994
seqinspector:a890ca6807fcccedea1c	train	30995
seqinspector:50e83da0cab848d1fe0a	train	30996
seqinspector:77eea7a14b3fce6d523c	train	30997
seqinspector:a963c9edc3effe684939	train	30998
seqinspector:a6b26eeab2526eec2668	train	30999
seqinspector:62dfbbb2b4e5d1f16603	train	31000
seqinspector:e1245c74830bd253ccaa	train	31001
seqinspector:3a12ba6a113fa91a7655	train	31002
seqinspector:2b98a22eeb6a62947cef	train	31003
seqinspector:5f82607ebfd8e90189dd	train	31004
seqinspector:6cacb6cec1a03ad44a58	train	31005
seqinspector:1c00cd19ed79db8698fe	train	31006
seqinspector:917ac1ca185f68f73eee	train	31007
seqinspector:6daaa304db585426d44b	train	31008
seqinspector:6c1739e2b268dbbbf66f	train	31009
seqinspector:e8c2a53d20e7f924fbb3	train	31010
seqinspector:c7d47ca8e5389156d0b5	train	31011
seqinspector:f5f36d05ebc2d3713904	train	31012
seqinspector:d3ce4934aba9814386c9	train	31013
seqinspector:d1234a43d6ffe8793978	train	31014
seqinspector:3873dea39c196e802f45	train	31015
seqinspector:727f9878ecf16f09a132	train	31016
seqinspector:cef0976dde4c6f301c62	train	31017
seqinspector:0096d3ecfb8d943e55be	train	31018
seqinspector:9ef5169421e6e2fb767b	train	31019
seqinspector:e80db58f7806bc49c23c	train	31020
seqinspector:69a9e95cd70b654ed631	train	31021
seqinspector:8cd6c176bb431689094f	train	31022
seqinspector:daeab8d4517a96bf1aa6	train	31023
seqinspector:710b36f9ff7cd98071c6	train	31024
seqinspector:5701c8a40fca87728d55	train	31025
seqinspector:b16814fa2eeb2fd2d3c5	train	31026
seqinspector:4a806902c5b8cdd6fa39	train	31027
seqinspector:0a010cc08db069a49fb7	train	31028
seqinspector:54d240fe8b1c4aab5401	train	31029
seqinspector:85df903ec19ea7802af8	train	31030
seqinspector:67f04d6fedc7b8847bc4	train	31031
seqinspector:851d155dc50dcc16a774	train	31032
seqinspector:5b1801745714fae3b995	train	31033
seqinspector:3940c0fa6594bbae17eb	train	31034
seqinspector:45a4d81555cf22c4e576	train	31035
seqinspector:80c00c30515f72b5aec1	train	31036
seqinspector:b0d9a5066de86ad21dbf	train	31037
seqinspector:2dbb7d3cc7e75b114bf2	train	31038
seqinspector:2a57595d226413bdb4f3	train	31039
seqinspector:7cddbaff0b82d6823aa1	train	31040
seqinspector:0b6b1bab8199bb2fd626	train	31041
seqinspector:e0f3fe88cf8fd7af7a95	train	31042
seqinspector:828e67185070198f05df	train	31043
seqinspector:2d646565f75d03ff1925	train	31044
seqinspector:0cfe0386a9b0df53c366	train	31045
seqinspector:e56371483e8cb6b5be46	train	31046
seqinspector:fcb25421b54afb2a9859	train	31047
seqinspector:ecf6157774b69f152c3b	train	31048
seqinspector:5c32faf5fbd7c5446244	train	31049
seqinspector:04dddf17b2ecb5918e84	train	31050
seqinspector:c6c95a12083f1301f475	train	31051
seqinspector:b5199c13093c5584752b	train	31052
seqinspector:e7614a6768bd1b8377d9	train	31053
seqinspector:8d1471dbf038bac833a4	train	31054
seqinspector:3902ecc90f847ce452ae	train	31055
seqinspector:6714a8a806bb05647f1d	train	31056
seqinspector:00e6ec5fa443fe28a9f3	train	31057
seqinspector:bcab10a146028971f417	train	31058
seqinspector:718628ad407c86b85f3a	train	31059
seqinspector:518cf8d6f57a22cfd71a	train	31060
seqinspector:30194a32eed397672df5	train	31061
seqinspector:b706d257bdf03101bc86	train	31062
seqinspector:0a7c2af5d9ba35dc8136	train	31063
seqinspector:0765bc6dd500a1751cd9	train	31064
seqinspector:78f6f625cf4a2af4e424	train	31065
seqinspector:da72235c273057c2183f	train	31066
seqinspector:b70aaa56e3ae396f4689	train	31067
seqinspector:711d067a62bbc4840ccc	train	31068
seqinspector:7bdacb327c61637c05ba	train	31069
seqinspector:a89dbea24ca187eb23b5	train	31070
seqinspector:68add1d2d6ed6bc350ea	train	31071
seqinspector:6e5eb755da6fd17a54bc	train	31072
seqinspector:781a0b42bfbd87817d7e	train	31073
seqinspector:339f78a581d2e55355d9	train	31074
seqinspector:8c0f4c24765fcef52d59	train	31075
seqinspector:b0e13f75651657422439	train	31076
seqinspector:46f38eb63ee48e1269cf	train	31077
seqinspector:abc95d0005e1a01dd7f6	train	31078
seqinspector:117ff1e745211d4af86a	train	31079
seqinspector:2c7a07c7350f936046af	train	31080
seqinspector:e42d89f7a3a97f4cb3cc	train	31081
seqinspector:158df2b7cd9085536440	train	31082
seqinspector:fd6711bca6db76e1856a	train	31083
seqinspector:0532207a9ca475818ac9	train	31084
seqinspector:4b11c7e6e9cc0a08713e	train	31085
seqinspector:15e008e59745d7c730ce	train	31086
seqinspector:6caae350bd50e9168994	train	31087
seqinspector:1d458a5b3a5d8f937f3e	train	31088
seqinspector:730d63f4eae6e61863db	train	31089
seqinspector:162be5f0f1287a1d0df3	train	31090
seqinspector:6bd3647f51a1e141e62b	train	31091
seqinspector:6db4700ca4478bea9ec1	train	31092
seqinspector:832793f095193d6737bb	train	31093
seqinspector:10794eaa87f3c1588204	train	31094
seqinspector:3cff5d586491b19c422e	train	31095
seqinspector:9598195d4af8a9795364	train	31096
seqinspector:b6825174dc2035efbaa7	train	31097
seqinspector:bc44d7244e30b038477a	train	31098
seqinspector:8fad329fcc060ca72aa1	train	31099
seqinspector:2c8d80ece93b088673c1	train	31100
seqinspector:546ef6d02fe7831801d9	train	31101
seqinspector:7dbb746d04e77ffee6d5	train	31102
seqinspector:39584e4c4bf968e71230	train	31103
seqinspector:b2b01a999bda335b5dc3	train	31104
seqinspector:85394ec1a115a88a8aa1	train	31105
seqinspector:fc90eea69857c357ea78	train	31106
seqinspector:fb75752e6b831bca1cee	train	31107
seqinspector:6027fcc39130dc05f257	train	31108
seqinspector:87a1d227a84929d413f9	train	31109
seqinspector:26cb87eb8d74a7408b63	train	31110
seqinspector:e1319e2e6bee2b788e84	train	31111
seqinspector:437c2f97c21cb88c1e60	train	31112
seqinspector:e4c04cbb9405ac72f309	train	31113
seqinspector:5e6ecd0390e0c5989487	train	31114
seqinspector:b115e235c151c6d94f5b	train	31115
seqinspector:642b7ce5be41e28f8623	train	31116
seqinspector:8890497497362881c0c7	train	31117
seqinspector:4bcc56252310458f3ee1	train	31118
seqinspector:05413db12b268ceaaeb6	train	31119
seqinspector:e97a9afd7b710f8637de	train	31120
seqinspector:42cb0e1bd6acfca869a5	train	31121
seqinspector:be52053d1819ce619919	train	31122
seqinspector:d6bc1b689e599826f68e	train	31123
seqinspector:87011f401b43d21d7f56	train	31124
seqinspector:6b1e4691e58fe340f7de	train	31125
seqinspector:9ae1c54a5c3b531c4049	train	31126
seqinspector:5d24a6175d6032ba632d	train	31127
seqinspector:fe50413caee8f25afe3c	train	31128
seqinspector:5a947f8ede3ab9a257f4	train	31129
seqinspector:350a16c20817a8a0ab17	train	31130
seqinspector:4b9397b8ea5f8bc298d4	train	31131
seqinspector:983b708bce1ea135d868	train	31132
seqinspector:55c363a8a4a26fbeeeca	train	31133
seqinspector:e8413d5d3b5d7f5ae78c	train	31134
seqinspector:c28b445428bd5ac58842	train	31135
seqinspector:9f3150ce0afb2218617a	train	31136
seqinspector:04e274931f90c7bd38e3	train	31137
seqinspector:f6911930e372aad7b1b7	train	31138
seqinspector:4eb40db8ff16b7d43b03	train	31139
seqinspector:60a08b94b8cd19506af9	train	31140
seqinspector:9511a3560ac37c401b8c	train	31141
seqinspector:2bed36ceef5d16426966	train	31142
seqinspector:ba907050cff69bc103b7	train	31143
seqinspector:e8a3bf6d00c83b44446f	train	31144
seqinspector:3f0c17c574205e8b748b	train	31145
seqinspector:c8bd239e1627a945889a	train	31146
seqinspector:7c5ca6239eccfef059e9	train	31147
seqinspector:88543031b52f87526171	train	31148
seqinspector:426dbe9ff430708dd7e0	train	31149
seqinspector:e797e82edadb5e31ee40	train	31150
seqinspector:7fdcd39c483724888c51	train	31151
seqinspector:faa44504a524f812e37a	train	31152
seqinspector:299b82f5be9aa0934d75	train	31153
seqinspector:c4a154962fc3413d72ab	train	31154
seqinspector:b5589141660c88786165	train	31155
seqinspector:152262af1d52cdca5336	train	31156
seqinspector:8b4c048dc2e5fa9ce314	train	31157
seqinspector:ea33d2d9db4eb5a9fba6	train	31158
seqinspector:ae725c7db5b8c8c1dd16	train	31159
seqinspector:f26e847f85e1a5a7587b	train	31160
seqinspector:bff352e6b4994dff4d9a	train	31161
seqinspector:ddcbc6b0fc763da9efcc	train	31162
seqinspector:4449561e3f67a3a1410f	train	31163
seqinspector:3ccbcc5baec85d78c249	train	31164
seqinspector:7f1cced65893ecc0050f	train	31165
seqinspector:91f2cff31206050192fa	train	31166
seqinspector:efc6a62c49753f142266	train	31167
seqinspector:60314867a2851c14f548	train	31168
seqinspector:5883b8ec5ab7a76543ed	train	31169
seqinspector:9c355f0e0d7deb7bc715	train	31170
seqinspector:ce0ef47592a9d9e436cc	train	31171
seqinspector:e89b7f66ba43d01a2635	train	31172
seqinspector:c0d789a182915e943f63	train	31173
seqinspector:4ff25e4d88a8f7956daa	train	31174
seqinspector:0f1e5a3ae26d6ea9dd2b	train	31175
seqinspector:c8d47a6c3e86a0f58502	train	31176
seqinspector:b771b6afa6fe779c5470	train	31177
seqinspector:c10376fae68e42e751e6	train	31178
seqinspector:6f0083236246d8eb7f37	train	31179
seqinspector:71b8193c5b74de4fae9f	train	31180
seqinspector:f9348a14b6e7a8e39059	train	31181
seqinspector:735bb044916ffc89ae8b	train	31182
seqinspector:1e366d7fdece558edc29	train	31183
seqinspector:24f854029ee93734312a	train	31184
seqinspector:fcd836d7d9ea93a834eb	train	31185
seqinspector:0ebb914a7c0c7af6fe1f	train	31186
seqinspector:cf04aeda5896475b96d7	train	31187
seqinspector:eb4692cb4d278c4683ff	train	31188
seqinspector:4103fcca79affbaa75e1	train	31189
seqinspector:001ec317cb13dee29838	train	31190
seqinspector:2ae7d2efe5b17226b8a2	train	31191
seqinspector:f55508d84fe0a8ed4cbc	train	31192
seqinspector:32cec8b26d7c1bfdce91	train	31193
seqinspector:85cf14afb2a4691daaf5	train	31194
seqinspector:d46b681dce3ba899a332	train	31195
seqinspector:855964ad0ee9d76f7209	train	31196
seqinspector:2677e4eff8e4ea86e9ae	train	31197
seqinspector:d8c813875b9913c5ff91	train	31198
seqinspector:fb55f0d3310a34cbd2d0	train	31199
seqinspector:bca1dddb22a090527bf9	train	31200
seqinspector:57bfc5cc6d2a3fdb6eb5	train	31201
seqinspector:9e4a9bf01dbf27483919	train	31202
seqinspector:157e4010016e7f2c1ecc	train	31203
seqinspector:0a60cb856be50ffe5f3f	train	31204
seqinspector:653a38586a4f521bc30f	train	31205
seqinspector:234e2951640440fd5c48	train	31206
seqinspector:10bec7e5ed7fa0cfa56b	train	31207
seqinspector:3fa7f402544b4b045bc7	train	31208
seqinspector:365137693cf518683667	train	31209
seqinspector:a8b7fe0d5d8a64f57104	train	31210
seqinspector:ee7b7eb18b5e0e307616	train	31211
seqinspector:d611246cc46ce359eb44	train	31212
seqinspector:705ee2f52a6bb9446a20	train	31213
seqinspector:56fb504c984f4a3f5878	train	31214
seqinspector:391673c7b4736681572d	train	31215
seqinspector:7689212a454aa8fc2aac	train	31216
seqinspector:bcebcc70e0f7c92dd557	train	31217
seqinspector:d30a430ba3b13067cace	train	31218
seqinspector:b8dc9e9e85a73c165b36	train	31219
seqinspector:e59579168a8212ed927e	train	31220
seqinspector:6ef2c54fb196563bcbf0	train	31221
seqinspector:710faad9ee1b4407d017	train	31222
seqinspector:24103a20c446667753f3	train	31223
seqinspector:fe903cf236b7092a3d55	train	31224
seqinspector:f029548ef876b86ff32a	train	31225
seqinspector:e88dd858be8234ee6a8a	train	31226
seqinspector:d17dead953889138a52a	train	31227
seqinspector:4f02d35fab9657f118f7	train	31228
seqinspector:ab0ae43fe48bfd0d6532	train	31229
seqinspector:b4f59d16fdac4ec70f8f	train	31230
seqinspector:db9f3d34b5c729da3aa0	train	31231
seqinspector:a58103ed3967594cbd0c	train	31232
seqinspector:9ec4f918f5dfb0716132	train	31233
seqinspector:72146197dba9b53083cb	train	31234
seqinspector:b72d4d1023775907cf9e	train	31235
seqinspector:cd9cd353f04d5fe15a44	train	31236
seqinspector:3336e92fc451d40b5727	train	31237
seqinspector:0c8320130ddcc15e0a59	train	31238
seqinspector:f73db3a21b044e3a78f9	train	31239
seqinspector:213e786f545f34a52d15	train	31240
seqinspector:ad01d5ab2a84358503fe	train	31241
seqinspector:361a5f846ebb1b70154e	train	31242
seqinspector:a71afa0f5603d55e06f3	train	31243
seqinspector:d767fbfadb669f1ff6ad	train	31244
seqinspector:876b352b71ee8a920639	train	31245
seqinspector:32902f8fa25666192526	train	31246
seqinspector:6f14f0bee41fde34a6ad	train	31247
seqinspector:f9233ec89cbb362d1040	train	31248
seqinspector:0e9ef0b6f71ebd311765	train	31249
seqinspector:f809f297b2e5a8d203a8	train	31250
seqinspector:249397b775f6437806c9	train	31251
seqinspector:fc87c8ec0c44c86e1843	train	31252
seqinspector:7b37d21a62ef8d755fb4	train	31253
seqinspector:62c418714186ee559783	train	31254
seqinspector:04f1df6e529bcbd8f653	train	31255
seqinspector:df712ef3a31fd7df1c40	train	31256
seqinspector:4f51de5ce539a01c4c23	train	31257
seqinspector:c0319d0c20c6d4faa50a	train	31258
seqinspector:439038fb3480058842cd	train	31259
seqinspector:664d91489a585dbefe3b	train	31260
seqinspector:40fcda06a6bfc1e8a769	train	31261
seqinspector:5cdc916b596ef87b70b0	train	31262
seqinspector:0f92e2b926274e37eb21	train	31263
seqinspector:f9524a6bff9eae6cadc4	train	31264
seqinspector:3ce72ce62ed595e04345	train	31265
seqinspector:c38e7602b8f2227973d5	train	31266
seqinspector:305abea68da140f5250c	train	31267
seqinspector:2090da90eb03e20788d9	train	31268
seqinspector:0751ece6cf06e8d781ff	train	31269
seqinspector:3d3f60f4bf31ac99ef71	train	31270
seqinspector:ec3480d8e4448af3612c	train	31271
seqinspector:a65d885c20f345006687	train	31272
seqinspector:562e726456a69046e670	train	31273
seqinspector:7734313c722061e181fe	train	31274
seqinspector:2fa5deed8792635df5de	train	31275
seqinspector:e8869b53f173d498c0f3	train	31276
seqinspector:a64982e8173dcc23500f	train	31277
seqinspector:e5371528299c25a63158	train	31278
seqinspector:798482b4d4eebb66553d	train	31279
seqinspector:98a123526177d829dc61	train	31280
seqinspector:7f88a72d15b0d313df5c	train	31281
seqinspector:f29127c7659c0fe53d79	train	31282
seqinspector:a0319f2115a5bd50d4f4	train	31283
seqinspector:5a6ff48db51bfdb6d02d	train	31284
seqinspector:45b05fab580406a042df	train	31285
seqinspector:454ef08a1b6e9f320aeb	train	31286
seqinspector:e57955c207bf459b198f	train	31287
seqinspector:b1f11ad99b162bb34f4b	train	31288
seqinspector:cac279443e96fd3b9b90	train	31289
seqinspector:1a7a29d4d85aa7602bb2	train	31290
seqinspector:4680aff5c48240ea1f84	train	31291
seqinspector:be7dae54c7a98817b17b	train	31292
seqinspector:3484d1e335ecac6fdaa8	train	31293
seqinspector:7aa96310af1953f41977	train	31294
seqinspector:65be2574f2158d571d7c	train	31295
seqinspector:18e7224e75f0dc3270d5	train	31296
seqinspector:9630d7fefff66036d260	train	31297
seqinspector:55e5a95fcbe58431ccc3	train	31298
seqinspector:5d13a1d2b438893d0354	train	31299
seqinspector:521e863942358a59cd2e	train	31300
seqinspector:9e530aa3ed117155c749	train	31301
seqinspector:0c965b97f07191bf0341	train	31302
seqinspector:a506ac8fc6a8453f47ff	train	31303
seqinspector:efef6342c923f45bd9d6	train	31304
seqinspector:01eab7e182f3850527d8	train	31305
seqinspector:e21a272c758b0f048614	train	31306
seqinspector:11b72519d7baa8c11709	train	31307
seqinspector:db99c8f3735c71e025e7	train	31308
seqinspector:20243de47019368e35cb	train	31309
seqinspector:de7b171b5a4abcf2b90f	train	31310
seqinspector:1c0e71b6d342e8933168	train	31311
seqinspector:428119758164bf73ea0c	train	31312
seqinspector:73c888c58679eb3fa930	train	31313
seqinspector:03d873215760abea19b2	train	31314
seqinspector:073d5a99a46341c0dad1	train	31315
seqinspector:278c300816f4f7f022f6	train	31316
seqinspector:ef4c465d0ac5a7500cd8	train	31317
seqinspector:91d344a4ae8c7b9902fc	train	31318
seqinspector:71b3f2d9b8b94becadf9	train	31319
seqinspector:4d661aeaa9279f33307a	train	31320
seqinspector:4ba48b1eedb1f1006313	train	31321
seqinspector:d47f1e65c1224d3d3551	train	31322
seqinspector:bdb55fb7e00e2c8bf2cb	train	31323
seqinspector:02007d4a5e5372e4bec9	train	31324
seqinspector:e9ad62bc03c91661b3c0	train	31325
seqinspector:87222cfaf517fd312751	train	31326
seqinspector:d632ca9c30de09ef75fd	train	31327
seqinspector:1485285bbe0a04d3206c	train	31328
seqinspector:4d4d34895a335a721f9b	train	31329
seqinspector:0c82b54f7e6338509b78	train	31330
seqinspector:e9d5051f0c39d0acc73c	train	31331
seqinspector:b16f322afc9bec56e340	train	31332
seqinspector:954db481a3a1bde5ac03	train	31333
seqinspector:98d166366a6e8e2d3246	train	31334
seqinspector:294cc6850c739288864c	train	31335
seqinspector:e1216e7dd9e0f049ff1b	train	31336
seqinspector:2191bab2c42eedf79799	train	31337
seqinspector:7c86c2e98b3383a7e7e7	train	31338
seqinspector:2e7349bbd55a72bb5d04	train	31339
seqinspector:83203b55ca251bf4bc15	train	31340
seqinspector:0caafd36f263b78e9b51	train	31341
seqinspector:ec8d858dfdc8a6e83dfd	train	31342
seqinspector:d771a834517210d316df	train	31343
seqinspector:f60733f9cea86b4e16da	train	31344
seqinspector:1085480435605ffa2b12	train	31345
seqinspector:2fab82d70a9e3df67622	train	31346
seqinspector:971ba9724d97ea105eaf	train	31347
seqinspector:b3d4dc398412f098fdab	train	31348
seqinspector:a6ecae01251ac2d37d47	train	31349
seqinspector:2eacddf638bc064e7926	train	31350
seqinspector:8a6e966c3eb4fdfec07a	train	31351
seqinspector:055839756307896449ba	train	31352
seqinspector:daecda5a1afc63a06adf	train	31353
seqinspector:80ad00be3f8966bd6a19	train	31354
seqinspector:be937735ccfb45946e68	train	31355
seqinspector:50a61199bf9fb06d3000	train	31356
seqinspector:33b60065aac27bd24945	train	31357
seqinspector:6d0b8f14f7b75eca01e8	train	31358
seqinspector:6a1dcf5d770992ac56f0	train	31359
seqinspector:daf1d8354c3d888e493b	train	31360
seqinspector:06897d124db3c963c3d1	train	31361
seqinspector:4156f933cd37a2317a19	train	31362
seqinspector:05daf9b0b04fc8274307	train	31363
seqinspector:4fc83374af9ed1ead94c	train	31364
seqinspector:9ba70db4c5f30c50a293	train	31365
seqinspector:701d8638722f42ce7e1e	train	31366
seqinspector:8bef94a33fe04474dd72	train	31367
seqinspector:6da6824b5235c68962b5	train	31368
seqinspector:88707bbca50211081de1	train	31369
seqinspector:24b9af04c5c330cb278d	train	31370
seqinspector:465d5bb0633c980d165f	train	31371
seqinspector:0c8768ad0a7e52cdca02	train	31372
seqinspector:de0a2bc961e5b36af502	train	31373
seqinspector:a9556025905476164433	train	31374
seqinspector:95d8b307d7aa556c6557	train	31375
seqinspector:e11897f8ed32d45c0ad1	train	31376
seqinspector:74844e70b3247dd49033	train	31377
seqinspector:84ce1eceb0e09ebb448a	train	31378
seqinspector:d0ec91794fc197aa40a5	train	31379
seqinspector:d203c7ba0c98978980d1	train	31380
seqinspector:422a49287db2e70c391e	train	31381
seqinspector:d23db654ad427268d99d	train	31382
seqinspector:37acff9619c5faee925e	train	31383
seqinspector:2d7f2a077b52676a1b1a	train	31384
seqinspector:abbf558fea8a5d5c354f	train	31385
seqinspector:947704733f8d9755a53b	train	31386
seqinspector:83bda693819cc1c2f617	train	31387
seqinspector:fa420854e7d07ec7ee72	train	31388
seqinspector:fa8eecf97c13b04b481f	train	31389
seqinspector:81e2db82f6c4605773f0	train	31390
seqinspector:fac825757ae71384adab	train	31391
seqinspector:698504eaf5f610fb4221	train	31392
seqinspector:264debdea1e06fb64e2d	train	31393
seqinspector:2dd9c1b5729e9908533d	train	31394
seqinspector:b4c8cc242e7b244ff79a	train	31395
seqinspector:e48ee2b7853f849c5494	train	31396
seqinspector:97e4b560f9365bbc9c8c	train	31397
seqinspector:9f33195ffa0544fabb13	train	31398
seqinspector:bc99a0229b2243bec853	train	31399
seqinspector:c6789788cb4a1b62273d	train	31400
seqinspector:bb9bbbc4da0defb21caa	train	31401
seqinspector:62ef8cdcab7880d46a36	train	31402
seqinspector:918ce4d405521fec5820	train	31403
seqinspector:84abe6734c24e3ecbfac	train	31404
seqinspector:3944ca2c74656643cb6f	train	31405
seqinspector:296c0c07c5e0c3fbc11b	train	31406
seqinspector:64a488395a414ac09714	train	31407
seqinspector:de9f12c51b9d04537ab3	train	31408
seqinspector:725bebe79a3f902e78e1	train	31409
seqinspector:0835e573752a27561f89	train	31410
seqinspector:f4af7988a15477c9d491	train	31411
seqinspector:533be4703ce3fcb509fc	train	31412
seqinspector:81abf3bd149d6310a7f5	train	31413
seqinspector:1ee2a00736d1689268f3	train	31414
seqinspector:ad2d8315b90f472526d8	train	31415
seqinspector:fd07199b0ffb9c3ed752	train	31416
seqinspector:bfb32cc3793448da1ca5	train	31417
seqinspector:dcd75aa68ae68dbe36b7	train	31418
seqinspector:097918497654a6e688de	train	31419
seqinspector:6fcaf0959ab966160f82	train	31420
seqinspector:919454798954e42e2c24	train	31421
seqinspector:8b4a71541b3fe09bd75f	train	31422
seqinspector:dbbf7e80a18ca64a645a	train	31423
seqinspector:053805fe4455b111ee9e	train	31424
seqinspector:884d81cb6dec068e35de	train	31425
seqinspector:0933de5eac677eaf5dcc	train	31426
seqinspector:96396e659f2c43821d51	train	31427
seqinspector:81f9edb29caf94d76009	train	31428
seqinspector:a8754d22f1ec6526e11e	train	31429
seqinspector:60d40dab90078bd1dada	train	31430
seqinspector:05965fdcb83967618e92	train	31431
seqinspector:29ee962a59ebb272811c	train	31432
seqinspector:0671b5f4f03fcb42b13f	train	31433
seqinspector:b2797abc1128243eadf5	train	31434
seqinspector:eadb03d3931dec011ce9	train	31435
seqinspector:5df67e998266d0209788	train	31436
seqinspector:7b4b2a888ad854731296	train	31437
seqinspector:3d1c2d6c4bc110e4b403	train	31438
seqinspector:ff3aa67fdb09a950ae9c	train	31439
seqinspector:229735f9191d1b7ae646	train	31440
seqinspector:fc39cac5d3d2fab5eea2	train	31441
seqinspector:ed808e8c6bfd506b87da	train	31442
seqinspector:bda4456542685c333e83	train	31443
seqinspector:e6142f71465466ab8f6c	train	31444
seqinspector:0379b24bea7c1d641eb9	train	31445
seqinspector:036caf97ecfae5d952b1	train	31446
seqinspector:feeb75972ae21d8b73f1	train	31447
seqinspector:47471d746fd3a56bab18	train	31448
seqinspector:08c984276875198e2e46	train	31449
seqinspector:4a2afae7dcab1a97bb8e	train	31450
seqinspector:b15266fb7c2f50382984	train	31451
seqinspector:ed290dcc42dfca7e81c0	train	31452
seqinspector:e07cf6b968c1cabc452d	train	31453
seqinspector:6f1ee517ef35e74fb328	train	31454
seqinspector:822b262cbd2e98523679	train	31455
seqinspector:4bc7b0ab2993013ac54b	train	31456
seqinspector:4c196714c4c314a844b5	train	31457
seqinspector:848d7ff6f0b638b48ea6	train	31458
seqinspector:2d21b23a7f6474f18366	train	31459
seqinspector:25970421f3cae296a72a	train	31460
seqinspector:208d2f4e55c331da69bf	train	31461
seqinspector:accaa7067753832ba878	train	31462
seqinspector:7cd90d4fff92f4dedb65	train	31463
seqinspector:7a5df401f04d2d8cb677	train	31464
seqinspector:ae2706093f4ff7118df9	train	31465
seqinspector:b16fb77c556a7ba2d8ad	train	31466
seqinspector:3ec4da89b784d899a52a	train	31467
seqinspector:15ff27df6472bdf97c2c	train	31468
seqinspector:cdbf265d2c0949a28b6d	train	31469
seqinspector:dcf82ebaa581db95708e	train	31470
seqinspector:111d305ab0f82130a28c	train	31471
seqinspector:5d65a25b7ae3933db00c	train	31472
seqinspector:745adff0e3d49bd6986f	train	31473
seqinspector:e3bf059ae1f1acb654d0	train	31474
seqinspector:7f7e8a72ea20e4d4b079	train	31475
seqinspector:279b66aaa43c1cfc1313	train	31476
seqinspector:c9adbc2c071249158a36	train	31477
seqinspector:dbf63683b28000142329	train	31478
seqinspector:999cc28c6c6c7898c68d	train	31479
seqinspector:ad791a3130eca70d1aca	train	31480
seqinspector:9ae3b83604d35e3d22ef	train	31481
seqinspector:837aeffd404d6e352b7b	train	31482
seqinspector:e8fbc37147cd72dbcfbc	train	31483
seqinspector:82aca01cec414b8ffd7d	train	31484
seqinspector:ead5127b9a4697b78e99	train	31485
seqinspector:8719bc724f26fbb42dab	train	31486
seqinspector:8f833617ddfd78818407	train	31487
seqinspector:acb1f50c15a68baafec8	train	31488
seqinspector:7fcd03463111d2706a0b	train	31489
seqinspector:d187df3637f1cb03de9c	train	31490
seqinspector:bdc82be2086ec318d7cb	train	31491
seqinspector:eafbe69af5b6169b6c18	train	31492
seqinspector:98a847840bf6acdeb1fe	train	31493
seqinspector:e9a18b839367fb72262c	train	31494
seqinspector:d3ef92c5cd1ac1af7a01	train	31495
seqinspector:31dbe181f31f52008d82	train	31496
seqinspector:36752488f4cd17af8e8c	train	31497
seqinspector:a2cc541f07b166cad34d	train	31498
seqinspector:6151a5281f725f81a6b0	train	31499
seqinspector:49affc4f07f26e31d0ee	train	31500
seqinspector:4bbbf1401a5de6808926	train	31501
seqinspector:86776f7cd96758c623c1	train	31502
seqinspector:6b16588afdbead380121	train	31503
seqinspector:aae102b8637d9f7463cc	train	31504
seqinspector:a9bd918a413ee59b6941	train	31505
seqinspector:824ec08dd58ecf7f039b	train	31506
seqinspector:f5467e824a37e2080b96	train	31507
seqinspector:7a46e91a743eb15458fe	train	31508
seqinspector:ddbd500df2ba099cffee	train	31509
seqinspector:23a5d09ff2e8668d443f	train	31510
seqinspector:0e8ed7ee7b1c3a6ab0dc	train	31511
seqinspector:30a1ae41b8506d83e450	train	31512
seqinspector:4881db103c0e04a32c3d	train	31513
seqinspector:4019dc2eebaf23cc1e16	train	31514
seqinspector:b34a7c172ddec432a98f	train	31515
seqinspector:44fc20a62268bea18b74	train	31516
seqinspector:b18f97454c6b72406a53	train	31517
seqinspector:c53991caace37a12a0f7	train	31518
seqinspector:3dd60aebde36466a0440	train	31519
seqinspector:0e0982352a41428f1e63	train	31520
seqinspector:984773e99cf2b89d1ff0	train	31521
seqinspector:55f1f0d7218239a43002	train	31522
seqinspector:19c8664761f34662fad6	train	31523
seqinspector:b0a6020bd7e5059b5332	train	31524
seqinspector:087fe222e89c04ea5b63	train	31525
seqinspector:b3ebba03a3dfcc4d76f3	train	31526
seqinspector:67b96a0faebdbf510430	train	31527
seqinspector:ba07e711c9e87830f2a2	train	31528
seqinspector:bb60265faf17c7663beb	train	31529
seqinspector:16aa1592f3146fd3de45	train	31530
seqinspector:48391e772b138f57cd71	train	31531
seqinspector:7430ac017def7878dab9	train	31532
seqinspector:80a09ff3b02e1ea92e35	train	31533
seqinspector:6ad131231b276234750e	train	31534
seqinspector:e194fb9b4ab48bcb1a32	train	31535
seqinspector:f1c0fd33b384984226ee	train	31536
seqinspector:655158eaf6aaacad12c1	train	31537
seqinspector:6e6e075c6411bf0c5951	train	31538
seqinspector:343c94bce64c9f5d2d78	train	31539
seqinspector:4e6777dd6b5acaff5847	train	31540
seqinspector:75dea272e4051fab49ec	train	31541
seqinspector:51ff8fb4770cdbac847c	train	31542
seqinspector:e56506b1c9b4afe33b19	train	31543
seqinspector:108a831ced925032bd9e	train	31544
seqinspector:44d7c1cb2c0e039230ab	train	31545
seqinspector:b56255b78230614a9bf6	train	31546
seqinspector:dcb9ac904704f0bff021	train	31547
seqinspector:460a00b7dcbae2a0dfe3	train	31548
seqinspector:716f719a51fc5ff04e48	train	31549
seqinspector:48b38d3983c4d3b256ae	train	31550
seqinspector:d423684e689824dd81c5	train	31551
seqinspector:5a798aff62a36b1ae63a	train	31552
seqinspector:9b965a44408a52f7f7b7	train	31553
seqinspector:71a19a865184e37eea35	train	31554
seqinspector:019737b7ac115bf90607	train	31555
seqinspector:895328e40eede3b2f502	train	31556
seqinspector:990618104379ac1f98e7	train	31557
seqinspector:36c841070e6dbcb21523	train	31558
seqinspector:29180b1e37114e1d0d84	train	31559
seqinspector:e99e58090de8bb1eb528	train	31560
seqinspector:7152593b2eb31eaf77d2	train	31561
seqinspector:0f1cf75aa5cf1719421c	train	31562
seqinspector:1695927662c40f56eab6	train	31563
seqinspector:386858f87dc05f806c8a	train	31564
seqinspector:f04d8e4fc75d0ab586ef	train	31565
seqinspector:5269ea0a7ecbd88467b8	train	31566
seqinspector:da0fed21eab9b0efb6d4	train	31567
seqinspector:8d45676da989aa6c87b1	train	31568
seqinspector:4f4a9f08ca6555164760	train	31569
seqinspector:8e852205fce3320df147	train	31570
seqinspector:2cc6fa00d3659c225d1b	train	31571
seqinspector:c912a15049f13cc4bbaf	train	31572
seqinspector:3311b403e20d4ab4b053	train	31573
seqinspector:bb5950308c822f942959	train	31574
seqinspector:1492b6b34e145182e121	train	31575
seqinspector:7eb72d76e6e95a9889b1	train	31576
seqinspector:670f48bfe7facf5a8138	train	31577
seqinspector:ac592567e4f5dc46d4ef	train	31578
seqinspector:3809c5716673b145414e	train	31579
seqinspector:c5c727c7b71b8905ce02	train	31580
seqinspector:67e9fb9dc275281da2d4	train	31581
seqinspector:c7327288f0f267e7d142	train	31582
seqinspector:51e809b9f25f67d280ab	train	31583
seqinspector:95e16e67c307eb5caaaa	train	31584
seqinspector:7d47afa3b16dc34f3850	train	31585
seqinspector:ea906641c37a4949816e	train	31586
seqinspector:ec8eea5a394691dd861f	train	31587
seqinspector:bba28a1b0fb148cc8eb3	train	31588
seqinspector:c1fdbfcac5c5d1bd7db9	train	31589
seqinspector:1bd59efccddea6f952ed	train	31590
seqinspector:1f0ec27b810e4d8e6064	train	31591
seqinspector:735e0c7771d7740827b0	train	31592
seqinspector:146c300dffc5fbd6303b	train	31593
seqinspector:5b597bb5a0cad390e518	train	31594
seqinspector:600972bc1f6b26ff7103	train	31595
seqinspector:9d59103cb5dc9f49991d	train	31596
seqinspector:0ef1dc49813496ca50aa	train	31597
seqinspector:cbb1ad8c239f006548f6	train	31598
seqinspector:efc9dbc14ba835c4ddd8	train	31599
seqinspector:e1d1c53b99e07c74959a	train	31600
seqinspector:cac85ff2cc1c87aeec5b	train	31601
seqinspector:9ee4f038834453a9aa93	train	31602
seqinspector:602405fc721d213182c0	train	31603
seqinspector:e5b296a9eb4380713d1c	train	31604
seqinspector:99e83776ee329a33e083	train	31605
seqinspector:28c0b50e24825bc13643	train	31606
seqinspector:cf5d594bee83e9cedfd6	train	31607
seqinspector:2035d15ebae3ba416f3a	train	31608
seqinspector:e6df6d786dc8a3187c55	train	31609
seqinspector:3ca3b31eabc61701fb19	train	31610
seqinspector:9643ab49137d4d5b4070	train	31611
seqinspector:e7f4ff08652e0e557f97	train	31612
seqinspector:67d9b045abf91f607f65	train	31613
seqinspector:a70f1f4153be66602582	train	31614
seqinspector:814e6f250f3b3effc715	train	31615
seqinspector:276ecfaf0d9adae615cb	train	31616
seqinspector:43d545c67247870c34a8	train	31617
seqinspector:4a5be1377a265bf72fed	train	31618
seqinspector:6a34da60d97fce3da5e8	train	31619
seqinspector:56203a173ee8bd85a081	train	31620
seqinspector:9cf4acf02d366867d02a	train	31621
seqinspector:05e743e0fa46bbe37c3d	train	31622
seqinspector:7958ea9654b882adf04b	train	31623
seqinspector:abb5b9f9237ebfb3e95c	train	31624
seqinspector:7face0d48a5fc27c66fd	train	31625
seqinspector:57482d53e6f8c9a6d567	train	31626
seqinspector:8d204e9111a9883fac64	train	31627
seqinspector:44d6923057e30af9ef75	train	31628
seqinspector:62faa8d1008302e6e2d8	train	31629
seqinspector:516117804d6d875a6d0b	train	31630
seqinspector:49b2989c694253918979	train	31631
seqinspector:e951c8b67160213b1e93	train	31632
seqinspector:f5c02a9d7445c4268b5a	train	31633
seqinspector:f774b893751a4d8c2058	train	31634
seqinspector:eda230c1a52cfbb43fd2	train	31635
seqinspector:9334413a39936ef2957d	train	31636
seqinspector:cc37be2749e81bbaf90e	train	31637
seqinspector:40653bd2e916a4c68be0	train	31638
seqinspector:1b61a57a2327ccb73064	train	31639
seqinspector:82f74eb64e1b5552db2e	train	31640
seqinspector:9700ccef422aa0f27af4	train	31641
seqinspector:2ce43bc441263863db1a	train	31642
seqinspector:bace236a129196e35f76	train	31643
seqinspector:f65ef4cdc8a923f35d48	train	31644
seqinspector:a2fea57ddb565387b61e	train	31645
seqinspector:6eb6f1f6eebe61eafa22	train	31646
seqinspector:d448fa1a2b9c53a26e20	train	31647
seqinspector:5ff0aa609cd0103db717	train	31648
seqinspector:8b71ea11590b843a733c	train	31649
seqinspector:5ca8d36cd100534672de	train	31650
seqinspector:4a385e35cf82b92e0442	train	31651
seqinspector:754120131fd85f2ee90b	train	31652
seqinspector:fb2b045161a986ff0137	train	31653
seqinspector:9fb91bb08fce554df3b9	train	31654
seqinspector:9b48b21cec6d47767d29	train	31655
seqinspector:5ef61f3a3f5cd84d8db3	train	31656
seqinspector:96cf78bc8bfcf94e9ea9	train	31657
seqinspector:a394a4e5255721499598	train	31658
seqinspector:2bd20be3bd8fb380c548	train	31659
seqinspector:ba9e44191bb6b272b924	train	31660
seqinspector:152ce74a136267477a41	train	31661
seqinspector:fddbf4931e870b0ad74c	train	31662
seqinspector:18ff17524996d733ddf2	train	31663
seqinspector:e6b34bc1387bf3e7f9b9	train	31664
seqinspector:1f0c53550227a94920d9	train	31665
seqinspector:67a91ac1f3cb5eb78db0	train	31666
seqinspector:a832dd6aee8ecc058a1d	train	31667
seqinspector:1592cc3f4ea3e70b1536	train	31668
seqinspector:508ab83f12445e800541	train	31669
seqinspector:7d3a901c81092fa8afd7	train	31670
seqinspector:dcf53f965b7ff7ffba17	train	31671
seqinspector:602df49d08465dfaba98	train	31672
seqinspector:d175ded38a42746b979f	train	31673
seqinspector:8e2deda07436df7efec9	train	31674
seqinspector:81b9f7ed0d3cda2f47ae	train	31675
seqinspector:04f80daa3cc3d69934a6	train	31676
seqinspector:a070f9d9add3d78a44dc	train	31677
seqinspector:57e0c0476aa4e5b42b29	train	31678
seqinspector:41c6afbf141a72bd76c1	train	31679
seqinspector:432611d7882a8c07170f	train	31680
seqinspector:06533b0ec95310c455fd	train	31681
seqinspector:a40cce4fb82be75ada1b	train	31682
seqinspector:5342fff6061e420c8db4	train	31683
seqinspector:8884a63d56096a0b6224	train	31684
seqinspector:0b7857de672dc105ca34	train	31685
seqinspector:d38494b64507075b892c	train	31686
seqinspector:fa0c87d54dfd4ee9877e	train	31687
seqinspector:1d6397fdf6f5abc4e9ce	train	31688
seqinspector:7e52095f9af06f90e0f5	train	31689
seqinspector:3cdf788599bef16207c7	train	31690
seqinspector:df6e8251567691ce7119	train	31691
seqinspector:d55ab419f67422048687	train	31692
seqinspector:5c1e3d6e4c721ef4f205	train	31693
seqinspector:730a73fffc036d8bdb85	train	31694
seqinspector:d849ed9a33a4ab7d2c9f	train	31695
seqinspector:2be7a60d3d4968d57815	train	31696
seqinspector:39c43b18e1e1312fd883	train	31697
seqinspector:ecc2536661a962578a30	train	31698
seqinspector:76f0dd9dc878eec06719	train	31699
seqinspector:faec0bdf00d073a249b4	train	31700
seqinspector:69642a583ae90e43e480	train	31701
seqinspector:d4e3c5ec3990c7abcdcd	train	31702
seqinspector:4743d1ac4881713f72cb	train	31703
seqinspector:e02759256eb92388d6ad	train	31704
seqinspector:e47a0243b6e12b9b9893	train	31705
seqinspector:87def3b5eb44077442e7	train	31706
seqinspector:c3bdda25c2fde0087008	train	31707
seqinspector:e8f1a4b3650dbc528cf3	train	31708
seqinspector:1b7035eba62580efd73f	train	31709
seqinspector:35a92c2ef9917efabecd	train	31710
seqinspector:3929e496f4c0ea2bcca4	train	31711
seqinspector:15ca717a7732f3730a02	train	31712
seqinspector:40ea2b64792298aa1bd6	train	31713
seqinspector:c12b15abcdc6ea3f74a4	train	31714
seqinspector:99694c27d62abface4c3	train	31715
seqinspector:37496c2490dd03ac5425	train	31716
seqinspector:c7f89e37d0b650c60c86	train	31717
seqinspector:7f41a9ecf8bb88294ae0	train	31718
seqinspector:fcef61dc13653ea820de	train	31719
seqinspector:620bb4cb783767ea2138	train	31720
seqinspector:82dd9c059140834d9cbb	train	31721
seqinspector:c96202efbcb9ee874267	train	31722
seqinspector:e4fc422bdb93f42316ea	train	31723
seqinspector:877f3389e3402b2cc7df	train	31724
seqinspector:696c81c28b8e8fe491cb	train	31725
seqinspector:0ed7a36535d2828d2507	train	31726
seqinspector:45c09b0f59f27a822c5f	train	31727
seqinspector:871eaed8141a1039a111	train	31728
seqinspector:80a3f623c1df3bca703a	train	31729
seqinspector:9698c358ad2578b4552c	train	31730
seqinspector:98342c2369f0c2039323	train	31731
seqinspector:0d3eb86c1b886360956c	train	31732
seqinspector:34a53746d18b438e93e7	train	31733
seqinspector:485e689e68612f701108	train	31734
seqinspector:f45df8ceb34003edf15b	train	31735
seqinspector:20be3be85ca9435bc788	train	31736
seqinspector:ac58eae529d801b71f71	train	31737
seqinspector:3da46ac7b2986a943bac	train	31738
seqinspector:574d49ce524364f04974	train	31739
seqinspector:f9443970cdfa72816094	train	31740
seqinspector:9a07b574e271cc6c6f6c	train	31741
seqinspector:8bc4ec5ea450fb81df35	train	31742
seqinspector:435916ba59e232c2247f	train	31743
seqinspector:1021a17dea51ac895584	train	31744
seqinspector:4c111b421f9248eae22b	train	31745
seqinspector:9a444a0e15ccc3d66761	train	31746
seqinspector:7a770522b2bba8adb2ec	train	31747
seqinspector:8ab34b8a95c6bb13de00	train	31748
seqinspector:0b7aff42810aeb110df0	train	31749
seqinspector:08ff378192bda98f50e8	train	31750
seqinspector:812391799f9464ab41b9	train	31751
seqinspector:552b6b0fdc5b224ee7b1	train	31752
seqinspector:7e013069234a35cd6612	train	31753
seqinspector:ebec971d635ff4452408	train	31754
seqinspector:1f12779feee81001f8cc	train	31755
seqinspector:21173799548037fe456e	train	31756
seqinspector:9881bac3fce8a7466676	train	31757
seqinspector:e22fa8cc99e55b1ac336	train	31758
seqinspector:70b6031173226a03cfa3	train	31759
seqinspector:bd2f0f855fa7a91f7307	train	31760
seqinspector:1939e6756687c72174c2	train	31761
seqinspector:bee51157bfc16dd68c95	train	31762
seqinspector:0bbadc70bf4b3fd37772	train	31763
seqinspector:db8bd42c51d4873d00ca	train	31764
seqinspector:48eb388eb0ae0fd027ab	train	31765
seqinspector:c965454781dfa442cc94	train	31766
seqinspector:924d552815bc8d09e88b	train	31767
seqinspector:62462b577377ab8ffb5e	train	31768
seqinspector:d5514f4623d8c8014884	train	31769
seqinspector:d6c7f3ff6ffd1b402fa6	train	31770
seqinspector:d562d0df58afe5a4b628	train	31771
seqinspector:ede21d9aaed42b8165e0	train	31772
seqinspector:af6bdc02151f1cac0053	train	31773
seqinspector:224d57ad7477c709a330	train	31774
seqinspector:213253cd383f922356be	train	31775
seqinspector:81df6972597316802a6f	train	31776
seqinspector:e63d7768545a8111d153	train	31777
seqinspector:5acbff2c6618cceacd64	train	31778
seqinspector:ef72e4750cf4adbf44a4	train	31779
seqinspector:79f38cb54c337fa87cc8	train	31780
seqinspector:bbb2a1102dc313c12855	train	31781
seqinspector:1babda2e1bb6ca9b23d5	train	31782
seqinspector:4cc2df66107e21b37078	train	31783
seqinspector:5f669216b2e28d34b369	train	31784
seqinspector:a57d1ee044ec438fc80f	train	31785
seqinspector:f8ed2b089f815858644e	train	31786
seqinspector:aeb3a60779e2157be07d	train	31787
seqinspector:d92055bf8993451eab15	train	31788
seqinspector:9d268b9c8abd1ca28a0f	train	31789
seqinspector:3a1ee66bf9ead3890e49	train	31790
seqinspector:fa0504b0904a0e8c1fc1	train	31791
seqinspector:97662d034f161b3d009a	train	31792
seqinspector:5d93a5f71ec304f39886	train	31793
seqinspector:9f74c490f66a5f31949c	train	31794
seqinspector:1a87cba404b04ca58b63	train	31795
seqinspector:fa5c4cd251139212616b	train	31796
seqinspector:cc7dd30632308dedb36d	train	31797
seqinspector:878350e2389d80a05285	train	31798
seqinspector:8ef9da5b05f004a08e2d	train	31799
seqinspector:6a1e47f7ce43eb9cb4c7	train	31800
seqinspector:0f989b628ba53406e50c	train	31801
seqinspector:27edcab219b9cc8d9f85	train	31802
seqinspector:b9e7e2b0bd8147249ea3	train	31803
seqinspector:bb47d8c948bea2979eff	train	31804
seqinspector:7e3e915e383a5be8edf5	train	31805
seqinspector:edded4dc5a7138d59c22	train	31806
seqinspector:137a9e5c38ba4ad55d64	train	31807
seqinspector:c0f5aea0e279dfd69cd7	train	31808
seqinspector:f4d7eb961f14c6526136	train	31809
seqinspector:f4924bd6ec377ec1fc0c	train	31810
seqinspector:f2618109b1979d6c1fb6	train	31811
seqinspector:4ec7573a1b3a971fe45b	train	31812
seqinspector:62727aa3ad3da6a4c6b7	train	31813
seqinspector:389baffd8dbf86bc2e27	train	31814
seqinspector:95ad375f13dee069b75b	train	31815
seqinspector:2bca0f503ab6f9c97cf1	train	31816
seqinspector:72b2a22a0787ae23653f	train	31817
seqinspector:9f7a544b462b9d50eb17	train	31818
seqinspector:6eaa226e5f33c469df89	train	31819
seqinspector:b5d173bc1e68adbf795e	train	31820
seqinspector:939c70ff3bb967665b1e	train	31821
seqinspector:52ad1e97c5e83936598e	train	31822
seqinspector:693f12a39bf3f8b1c579	train	31823
seqinspector:ccb506ffbaa20d62a2e9	train	31824
seqinspector:6e8ca8695d71c02a7605	train	31825
seqinspector:d547efa1e1ef94eca459	train	31826
seqinspector:d405f4824e2c93aaa02c	train	31827
seqinspector:48b75a1f86e7dea153b5	train	31828
seqinspector:003fef785eef4f24aa99	train	31829
seqinspector:6849d2361f220ec3c116	train	31830
seqinspector:c1559cee6074e4c61d14	train	31831
seqinspector:d1cdf97a9bbb4f9a67e7	train	31832
seqinspector:865563757c498ae58574	train	31833
seqinspector:70dd202cf6877fee1f89	train	31834
seqinspector:65b9d5ca5b8d999b535d	train	31835
seqinspector:8d89f487d1cc60a470ad	train	31836
seqinspector:5027663c3c8b6c91f9ae	train	31837
seqinspector:b503627b3cae104b078b	train	31838
seqinspector:2ff9e5a7ae32df2b11d8	train	31839
seqinspector:722dbfbdb3111631ef0f	train	31840
seqinspector:18953b2f72bab398c258	train	31841
seqinspector:b849965704599f087ce1	train	31842
seqinspector:c2f47c8cbed70686f8c1	train	31843
seqinspector:c056e70ee9c1978e79cf	train	31844
seqinspector:9a0499b4031edfb2c9f9	train	31845
seqinspector:f024ac827a86fce3a9e5	train	31846
seqinspector:9f9443bd0c50f6233355	train	31847
seqinspector:1cd69e670560e07a758b	train	31848
seqinspector:6a849cadaa145f72a4e8	train	31849
seqinspector:014641d9303045cf0a4a	train	31850
seqinspector:403ece4ecfa200dae16f	train	31851
seqinspector:7e6a21f8a4602332c7ef	train	31852
seqinspector:a99e56d990ca4db596ee	train	31853
seqinspector:354bd3cb8e00e9a66eae	train	31854
seqinspector:0f6a0b35de00aeadb38c	train	31855
seqinspector:03d7a19edd796e1e8ba5	train	31856
seqinspector:ce916b8bda74fc75a248	train	31857
seqinspector:bc19969c9ceae4a775a6	train	31858
seqinspector:2d8ff8b3366d0ec57c5c	train	31859
seqinspector:fe0872b5a81edd46135d	train	31860
seqinspector:e87802cd8e04b6e0ec3e	train	31861
seqinspector:eb5e0f2074104d442300	train	31862
seqinspector:3539ceb65df86e2af2de	train	31863
seqinspector:4719d9f9aee16a3febbe	train	31864
seqinspector:1c0e2fa224d9addfee74	train	31865
seqinspector:2da22e7961d76e457194	train	31866
seqinspector:ae4f8b4677a94e47328d	train	31867
seqinspector:963f6bb06f77b2cd4b82	train	31868
seqinspector:1242ee4cebba5c2e487d	train	31869
seqinspector:ea984ea426b60229e98a	train	31870
seqinspector:aaead0e1a07f7dae56db	train	31871
seqinspector:b3994e3390c9bfaeba1a	train	31872
seqinspector:306d1d93355ab1c9180a	train	31873
seqinspector:43137d88001587892b4a	train	31874
seqinspector:17c777a2c208a8b44eaf	train	31875
seqinspector:7512289ce8a5fc7b7c93	train	31876
seqinspector:16a5c8978790b5478e3e	train	31877
seqinspector:3d0220b3cc6110ee2922	train	31878
seqinspector:9cf75fa939acd0515fde	train	31879
seqinspector:2d03ca9931025567b304	train	31880
seqinspector:d06c81218a9fc3a88f9d	train	31881
seqinspector:a8d0839eb032781aa85a	train	31882
seqinspector:eb9e8c25c08adbc515cb	train	31883
seqinspector:04d1bba380a49fd615a6	train	31884
seqinspector:cf672fd4154ee8bf7d12	train	31885
seqinspector:8ab42e558dba5ab31abb	train	31886
seqinspector:11312e8225c731c25517	train	31887
seqinspector:8790b5d7d3f84ac8789d	train	31888
seqinspector:fa0bb89dcf4616b904fe	train	31889
seqinspector:8c12b24f5d5e2231bd66	train	31890
seqinspector:bec75d68d97e6abf9ad6	train	31891
seqinspector:1f6c0c0391377f1ac6e7	train	31892
seqinspector:1f77c271a3c897cc9318	train	31893
seqinspector:292c5285cd652cc85109	train	31894
seqinspector:8e3cf2527173d34fd077	train	31895
seqinspector:7465adb80fa985839bb3	train	31896
seqinspector:b28979a983b45bb96945	train	31897
seqinspector:d6c720ebc48c86e1ea51	train	31898
seqinspector:c51db8e1311584b976f0	train	31899
seqinspector:a7a3136167c6bb1b0bb0	train	31900
seqinspector:d76900379a1ef6636d45	train	31901
seqinspector:393f1b4c5226eb53d281	train	31902
seqinspector:aebfea22280cfd66f09a	train	31903
seqinspector:0edbf58da0b653ac69a0	train	31904
seqinspector:990d4e9252aaa33c77ed	train	31905
seqinspector:7b49b33d589f68966be9	train	31906
seqinspector:4d8c83e01cf9ca9bd9e5	train	31907
seqinspector:b259e7147b0896505306	train	31908
seqinspector:77e9804d108d57d42c8b	train	31909
seqinspector:15fd512e23e9000049b0	train	31910
seqinspector:532bb07b7a9c09992311	train	31911
seqinspector:53e215826db757973b95	train	31912
seqinspector:99de9334b515843888c8	train	31913
seqinspector:19dd538bd62e064a49fa	train	31914
seqinspector:b73bd2c12c66c5fc3d56	train	31915
seqinspector:b1ac044a6b9bede9d8f5	train	31916
seqinspector:4a8e4c90b823316dca7a	train	31917
seqinspector:5e274654c6e801b96689	train	31918
seqinspector:9c287c0d1d2086df010b	train	31919
seqinspector:3163343d29e442329c83	train	31920
seqinspector:bf1d58dd317de9468560	train	31921
seqinspector:74e4de2a7d4b37700d81	train	31922
seqinspector:218089aebad6ac8c632b	train	31923
seqinspector:57ed33699f8ce8a3f6bb	train	31924
seqinspector:ba183b12107cb2f4a6e2	train	31925
seqinspector:f471ebb1911fcaedb35c	train	31926
seqinspector:a1dd3dc8101999bf8279	train	31927
seqinspector:6ad4ce6eb1b3e8405dd2	train	31928
seqinspector:c1ea988d221d44818e0d	train	31929
seqinspector:4150e5f9a8939e0738fd	train	31930
seqinspector:2b88c4782c18a0ecf2cf	train	31931
seqinspector:2c359075e6360a16d2d7	train	31932
seqinspector:ca568ff0a12c2789ba70	train	31933
seqinspector:2dce0b1af4ef1734714c	train	31934
seqinspector:f774c5b44636f58e4f6b	train	31935
seqinspector:dd75422cb9f7ca4c8c5b	train	31936
seqinspector:a2131bcaba27c814f8e9	train	31937
seqinspector:3d800c7747e3731760c6	train	31938
seqinspector:586e07f72b1f803e9fce	train	31939
seqinspector:ea328404445a70d5f795	train	31940
seqinspector:addc565b8c830785211a	train	31941
seqinspector:8c7858c715498da349b0	train	31942
seqinspector:aead2c949f4f0454eb9a	train	31943
seqinspector:0d560952f5ca73a58c0c	train	31944
seqinspector:ff2bd5c05c0b57393597	train	31945
seqinspector:59e8caf8d938022bb965	train	31946
seqinspector:2937e96d614cd76cfef9	train	31947
seqinspector:9d40e0d6a29a2716f525	train	31948
seqinspector:156b88031ffe0528303c	train	31949
seqinspector:5f109521133f28e85981	train	31950
seqinspector:d6ff83ec3c7cb6b4345f	train	31951
seqinspector:6c052377c9152b9d36b6	train	31952
seqinspector:f3dbbe1328f67e2a6773	train	31953
seqinspector:ca8905280e8175ad1684	train	31954
seqinspector:0644ab5a22f0a765a1a7	train	31955
seqinspector:1b6ce926eb651c5e988e	train	31956
seqinspector:7ad72d65addc5b499c05	train	31957
seqinspector:be42b78735025095906d	train	31958
seqinspector:7975d42a7fb00eb40920	train	31959
seqinspector:a79b2b85130d60f1463c	train	31960
seqinspector:ce7ddbf625025f659434	train	31961
seqinspector:6829173bd644e9ec2231	train	31962
seqinspector:2d1850fc88338cc0acd2	train	31963
seqinspector:104da85c5702a8b5f04e	train	31964
seqinspector:7948d34e99ca66c9c867	train	31965
seqinspector:03d942b1bca8866b0fa7	train	31966
seqinspector:61f171cb9bd5c192bb19	train	31967
seqinspector:3948117a4bb6934e5603	train	31968
seqinspector:c38982b259009cfb981b	train	31969
seqinspector:536a0d4cf9a501680ca6	train	31970
seqinspector:850a17367ca55237e5ad	train	31971
seqinspector:17c81eb3de169df65274	train	31972
seqinspector:92f2ffb70d2ceee319bd	train	31973
seqinspector:e3cf4c4b89db1141053d	train	31974
seqinspector:24a1ad91c19a0aadf549	train	31975
seqinspector:44dcd616d630920c6162	train	31976
seqinspector:793173d9c8b59fecdf37	train	31977
seqinspector:6804623faf04cf65b74f	train	31978
seqinspector:debe671bbdaac3eb83ff	train	31979
seqinspector:74027228eb5150ceaa05	train	31980
seqinspector:b3668b95949c3c4fc75c	train	31981
seqinspector:48f529e4e1aa5f2d1f1e	train	31982
seqinspector:5b3a07f175763c047924	train	31983
seqinspector:8bae20c7f20dcc6c7bfd	train	31984
seqinspector:b14a21fc44064f951a1a	train	31985
seqinspector:ea5986814f9c3a9b592d	train	31986
seqinspector:bfd67d0dc7c2e449a322	train	31987
seqinspector:244068f295549491b37c	train	31988
seqinspector:127ded8a0a41f8b0293f	train	31989
seqinspector:909baf2f795fc86f6525	train	31990
seqinspector:0f93b85c79ba1a509f0d	train	31991
seqinspector:6ad0b20adcbd1370bcba	train	31992
seqinspector:7d8c255a350db6751687	train	31993
seqinspector:23e5dce4511ffc074824	train	31994
seqinspector:0ab8ccbaf8dfc9a02c97	train	31995
seqinspector:5d547973874108ddac0a	train	31996
seqinspector:7d8a38ac030d21d82ec0	train	31997
seqinspector:25fbed1e5e5c1d88973b	train	31998
seqinspector:b1fe1157070a4726ae68	train	31999
seqinspector:5febf87cad26fe135bb8	train	32000
seqinspector:01393fb027a7bae9eb04	train	32001
seqinspector:74787ad46f2575c72f66	train	32002
seqinspector:8f8cbcafc59f663f7bad	train	32003
seqinspector:a203c50965c3d86c4772	train	32004
seqinspector:189cfa1ff10a3d022190	train	32005
seqinspector:1ff184ac4c85246b319f	train	32006
seqinspector:97ae9cd9d95146087716	train	32007
seqinspector:fc3be997988e4d3c4306	train	32008
seqinspector:1fd5f27ae66a2176950b	train	32009
seqinspector:2d3a9f807341965a68a2	train	32010
seqinspector:1f526ce36728e8bba52f	train	32011
seqinspector:aca402ccddff6c833599	train	32012
seqinspector:938323f65164ff3e835c	train	32013
seqinspector:b8990afdb037a4759217	train	32014
seqinspector:0c8f3343639d233e1a40	test	32015
seqinspector:1013f6e303e910ab5995	test	32016
seqinspector:471b07b916fea1242477	test	32017
seqinspector:2cc2ba9bbaebe42e1f91	test	32018
seqinspector:4926150de436631c419b	test	32019
seqinspector:154ea3b9c9056277bab0	test	32020
seqinspector:b183b5c221e966dffe28	test	32021
seqinspector:222b4ff87a9d38cbfe06	test	32022
seqinspector:a29cc35711c6549820eb	test	32023
seqinspector:dfc4fcd5bece36dfc5ab	test	32024
seqinspector:736f4287a70f441bc3fa	test	32025
seqinspector:87b01a28e8e3258deed3	test	32026
seqinspector:4037d273f9cc492a119b	test	32027
seqinspector:30a67861fa75275b3237	test	32028
seqinspector:6de6275a1c6fb36ea184	test	32029
seqinspector:33709f2ccc7a1a22e601	test	32030
seqinspector:959dc09abcd08301f34a	test	32031
seqinspector:7c8d0ba0db04a717274b	test	32032
seqinspector:f43e8ec5f57bab142b76	test	32033
seqinspector:3dbb9180530ff8771007	test	32034
seqinspector:ffa8c54d94a6e19bb576	test	32035
seqinspector:16d478d4f944638e2a4c	test	32036
seqinspector:b754724d73bbcbfe81c7	test	32037
seqinspector:2521fdaf53c89610b1c7	test	32038
seqinspector:3907245f986f995d3593	test	32039
seqinspector:3e6d802ab71f6ebd7b10	test	32040
seqinspector:df0462cb9d24eae4a41b	test	32041
seqinspector:34961550602cca57f425	test	32042
seqinspector:da21084c299c22eb2102	test	32043
seqinspector:6adb791b4245d3288565	test	32044
seqinspector:b59c562092e527d01a3a	test	32045
seqinspector:f9b277271bf8e0c907fb	test	32046
seqinspector:0007236f99f94d21e269	test	32047
seqinspector:1cbc6f403b4eca12712a	test	32048
seqinspector:f3dedfef14d2f6f55c71	test	32049
seqinspector:2d03c5753af27ed94a06	test	32050
seqinspector:2b4f9ad8dccf6f314b42	test	32051
seqinspector:2729176dd9b21001135e	test	32052
seqinspector:e5362ee9bed4f61a4178	test	32053
seqinspector:32112d855ce9713c3798	test	32054
seqinspector:b10beb266bbc6e08de01	test	32055
seqinspector:f3c7e66f0209fb86bbf3	test	32056
seqinspector:49b1d150b4889c26da19	test	32057
seqinspector:a563f05e614c2440c912	test	32058
seqinspector:21f33b9ccf9e24fe6d64	test	32059
seqinspector:3ffffcebc9efd2a1f8bf	test	32060
seqinspector:35564e29deb8d804a6fb	test	32061
seqinspector:48085d925eacb460d1d8	test	32062
seqinspector:ef6d498e43a5dd423f17	test	32063
seqinspector:9af6dc48c93b1f1d3b19	test	32064
seqinspector:05f88727ef1326d81d26	test	32065
seqinspector:4a216545a2388fd4da20	test	32066
seqinspector:0d4f15095681e455cb0f	test	32067
seqinspector:5013a785d8deab516d94	test	32068
seqinspector:3aa7cc89deab5852bde7	test	32069
seqinspector:74a5bfc3bbc58f64e268	test	32070
seqinspector:ff10aa8a9f6643e66627	test	32071
seqinspector:baa8882138b2cab33582	test	32072
seqinspector:8f1ea61a5956ddfc8857	test	32073
seqinspector:6c14a3cb0f1d3055d59a	test	32074
seqinspector:5386502a78b343108a04	test	32075
seqinspector:bbb8cf076465685d6322	test	32076
seqinspector:2aafb0ce8857f0ca1cdb	test	32077
seqinspector:5649cb0223ed2cccfdb0	test	32078
seqinspector:b95e9190b3aff8f576eb	test	32079
seqinspector:f4755db4764e14f5861f	test	32080
seqinspector:a3c880439f1977d531b9	test	32081
seqinspector:26de5eb56f4848f09c0c	test	32082
seqinspector:7faa16c5ff3221fdf980	test	32083
seqinspector:ca19cdf03d6d80ed3e15	test	32084
seqinspector:871bc09a0bce64d8d5ce	test	32085
seqinspector:16122c53352707e5f7dc	test	32086
seqinspector:6fcd964a5de8ba60e88e	test	32087
seqinspector:27a502b95639af2eae70	test	32088
seqinspector:6d7f3169f74f845c9810	test	32089
seqinspector:0c51bfe3d84a8cbc8dc8	test	32090
seqinspector:337a1855bd38bc8ff7fc	test	32091
seqinspector:79ab4621e70f3a1e02a4	test	32092
seqinspector:9ed1b17a91deaf5daed4	test	32093
seqinspector:122aaad465e59d9a270d	test	32094
seqinspector:75c97707a1caafbb805e	test	32095
seqinspector:77b67bcb44eb8a530160	test	32096
seqinspector:e2e0bca4f41aeff263ed	test	32097
seqinspector:d558a11d9c6ebb84a4b3	test	32098
seqinspector:9a7089be30ebca4c75f8	test	32099
seqinspector:74e86c40259008d567bd	test	32100
seqinspector:eb809fd7d49171dfce71	test	32101
seqinspector:06fb9c86c3e882c60169	test	32102
seqinspector:29ea8fe48507b356f83f	test	32103
seqinspector:1d797ed6871723da94d5	test	32104
seqinspector:1e26b75e5431b06bade1	test	32105
seqinspector:3259fe3939afa9bc204c	test	32106
seqinspector:eabdfe9e2c6d82a5429a	test	32107
seqinspector:b491cdd99c50fa411102	test	32108
seqinspector:d0f7e4e28590973d8ce8	test	32109
seqinspector:df1fe23b9d6f28c3bcd2	test	32110
seqinspector:956363ca9ea8f5cc703d	test	32111
seqinspector:2491d0f7120100ebdb7a	test	32112
seqinspector:33b6ababfe3d517e9e79	test	32113
seqinspector:46804c23b48ff05d400f	test	32114
seqinspector:d5ac5f68421448822572	test	32115
seqinspector:c437d8f32926d3aebac4	test	32116
seqinspector:9d712975d2ee33cf8946	test	32117
seqinspector:6bea3d224edb82ae40c0	test	32118
seqinspector:f86e3202f44688af5c20	test	32119
seqinspector:a86ea4f4a61572e697d6	test	32120
seqinspector:88fc6c08ec447b15e012	test	32121
seqinspector:1d928f069a40a1bca473	test	32122
seqinspector:518f7f9874a996d182a3	test	32123
seqinspector:48809a4b2c2a5d165cd8	test	32124
seqinspector:f270b821a4e9c8afd011	test	32125
seqinspector:83f1e9f261bf4c8f8e7b	test	32126
seqinspector:008b4648250340cf479e	test	32127
seqinspector:80c7bf06b4e1607962f2	test	32128
seqinspector:606341daec69b92eed1e	test	32129
seqinspector:8ce3e6c65f8c697c2454	test	32130
seqinspector:f007cee494a662f86e64	test	32131
seqinspector:27097dc37d3f2719a6d8	test	32132
seqinspector:6e332f368233c9f56ba5	test	32133
seqinspector:7716c1115215e8ab0180	test	32134
seqinspector:eea842ea71e67bf6603f	test	32135
seqinspector:0d39903e4aa67c49431a	test	32136
seqinspector:349d55917543ab085d8c	test	32137
seqinspector:c8b3da30bbba36d9bb56	test	32138
seqinspector:b982087204317b1d4e89	test	32139
seqinspector:f0f50da16b4cc6a7e292	test	32140
seqinspector:122e8ee59b42b10b0525	test	32141
seqinspector:eea8ef7f5f23cc1eb140	test	32142
seqinspector:f02fe449eb0221db568e	test	32143
seqinspector:ba3005dd8a8de9897cc2	test	32144
seqinspector:b2fbee8fb054b43f9007	test	32145
seqinspector:0f70cfb7e6cd04b0d335	test	32146
seqinspector:7a793531dc3fe2da1cfb	test	32147
seqinspector:916440775b6518e3ef20	test	32148
seqinspector:3b7796444c999b510b74	test	32149
seqinspector:748839585baa4d64df61	test	32150
seqinspector:a4471d211505f8fc1159	test	32151
seqinspector:c356216bd19e7f235357	test	32152
seqinspector:36c6f93e90053805c455	test	32153
seqinspector:716f7b4ba5d84f3633f2	test	32154
seqinspector:38cecace03974747918d	test	32155
seqinspector:1e86ab30c08a473606c0	test	32156
seqinspector:5f48a0a3941ce22f8158	test	32157
seqinspector:f0e1fe0b06e6f3f5ba7d	test	32158
seqinspector:61f04fae8dc26ffc09b7	test	32159
seqinspector:5f5bc8abef4cb1bfd992	test	32160
seqinspector:1f23103840b033c46e99	test	32161
seqinspector:dde24b233e264b04a477	test	32162
seqinspector:be968a546a5231d2dbc6	test	32163
seqinspector:eaa538f2ced9c739eb86	test	32164
seqinspector:4caae2ac5aca244015c5	test	32165
seqinspector:3c07b7befe41856bad96	test	32166
seqinspector:6de7934a0346961e845d	test	32167
seqinspector:19a994faa5b349b52634	test	32168
seqinspector:e8b2d6e6bf462a03ae37	test	32169
seqinspector:ecd0d59d3d58dd1ebadb	test	32170
seqinspector:145e6476fdf12361ea6b	test	32171
seqinspector:57bfd2ce7ec2c94cd680	test	32172
seqinspector:bf0370b95c040ed69baa	test	32173
seqinspector:02a541c5f52117e3ec1e	test	32174
seqinspector:0cde68feb8807709fc21	test	32175
seqinspector:c2aaeba1e7637c5336fd	test	32176
seqinspector:0f01f4d52f78fecde8e7	test	32177
seqinspector:90f1c36538e9bffd8625	test	32178
seqinspector:1d533ca285e04af9020b	test	32179
seqinspector:d4354e57375cc2298f68	test	32180
seqinspector:a58a9292a0f48327de6e	test	32181
seqinspector:4511f12de492e1f75d03	test	32182
seqinspector:3461f4f491c43e96f426	test	32183
seqinspector:b30ca09e78f55a43f97b	test	32184
seqinspector:8899c28eca1d062a21f1	test	32185
seqinspector:1be4bbf764dca4f1d1f8	test	32186
seqinspector:ac05e84c65ff10b6d77d	test	32187
seqinspector:0412701b27df156036c9	test	32188
seqinspector:edcc12258f540e9b4e62	test	32189
seqinspector:7fb34fe1042104770625	test	32190
seqinspector:b003543982916ace52a0	test	32191
seqinspector:43ed7368519a75ede7b4	test	32192
seqinspector:7ac21b3a58a8ccf0ab43	test	32193
seqinspector:96032fab00119de0abfb	test	32194
seqinspector:8d0da0e351a8e93e13e3	test	32195
seqinspector:2c7885aaf19f861b0626	test	32196
seqinspector:75b1db4f4f0e3b2b869f	test	32197
seqinspector:87b46a3e50ac54dd11f4	test	32198
seqinspector:cb2975e5bcd0457a040a	test	32199
seqinspector:59e6df710a21b2eb5f20	test	32200
seqinspector:4177e1a9d36dcc8c92d0	test	32201
seqinspector:a4f0deb6a14360aef130	test	32202
seqinspector:412f7fc8469aef9ca62e	test	32203
seqinspector:3642810c35eeb911d796	test	32204
seqinspector:5dc8a54f08f68e05081e	test	32205
seqinspector:ee53e21dc3bb694c5e83	test	32206
seqinspector:9a0096352ce0ca295f94	test	32207
seqinspector:6f57b22d7e928a947b84	test	32208
seqinspector:7d2822fd448ea5aff1f8	test	32209
seqinspector:7055f657beb114ec8140	test	32210
seqinspector:b8851400e529215c25e6	test	32211
seqinspector:f93c86a9f6e97d9bda71	test	32212
seqinspector:9fa85494fe6d120601f6	test	32213
seqinspector:ab803617d79597bf9d22	test	32214
seqinspector:599e35556109f6376278	test	32215
seqinspector:b3f9084ac73aed4fc0ce	test	32216
seqinspector:2bcea651cdeea8a3a5ae	test	32217
seqinspector:563ac94f09bfce4beb20	test	32218
seqinspector:2822e5795fdeb5498f99	test	32219
seqinspector:2953142af1e542393ac9	test	32220
seqinspector:a5ef25cc7271f2e61da0	test	32221
seqinspector:0bbe45d8cfa53fcc8fac	test	32222
seqinspector:45809ecefba75f94373b	test	32223
seqinspector:8b322cc21f9df9f2cb5e	test	32224
seqinspector:40290eb890ede24edb6b	test	32225
seqinspector:2ec03ecb5d83ee347fa1	test	32226
seqinspector:fc41a66c55838adeca6b	test	32227
seqinspector:c2119a0bd16ee17b52ae	test	32228
seqinspector:c57358c98cabb0238e09	test	32229
seqinspector:23b2b06a8298a13bc3b9	test	32230
seqinspector:31694ae810ad7ae98c43	test	32231
seqinspector:2ebb8dfaf146b481d65a	test	32232
seqinspector:48de8d5b12b96158efd5	test	32233
seqinspector:611233bd62e8bdbb969e	test	32234
seqinspector:62cdd2ef9fc4f85d7f3f	test	32235
seqinspector:debe65d410e74ac9c2d6	test	32236
seqinspector:639a67f31cd0b9e90dbb	test	32237
seqinspector:59468022f2a8ce4a57a6	test	32238
seqinspector:8617897e9e9260afd317	test	32239
seqinspector:8bee62b6c0aded64c21d	test	32240
seqinspector:a17bd4256a40778b688f	test	32241
seqinspector:03863fb8e07e7c8f080c	test	32242
seqinspector:29fb504e6e31e09c8c4f	test	32243
seqinspector:19dc4a69082007a4093c	test	32244
seqinspector:a4edabcc12f874687494	test	32245
seqinspector:81933c5229bd2abf1113	test	32246
seqinspector:8ebe7e8be11f6fa2144b	test	32247
seqinspector:8f1b1c03b9b8c2e8bb48	test	32248
seqinspector:e5a990387ff8beecba0f	test	32249
seqinspector:58df551d4bb314e1e766	test	32250
seqinspector:015e1ecf68a7ac059e8f	test	32251
seqinspector:625f3d8d5567a56ea423	test	32252
seqinspector:a42bf2574008ee43cb67	test	32253
seqinspector:16234f20484bb269d910	test	32254
seqinspector:7c9bebb75ceaaabf105d	test	32255
seqinspector:91c20e67e20931a1ac13	test	32256
seqinspector:fb0020beec222271dc54	test	32257
seqinspector:9dc9bbb45ee787a9a061	test	32258
seqinspector:106af05d54343f03a02b	test	32259
seqinspector:3fca88fa1e4d1356377c	test	32260
seqinspector:6795c070a1c34428ea79	test	32261
seqinspector:9e0c79121e8c00b69b86	test	32262
seqinspector:80fec0e2b4f089f8860b	test	32263
seqinspector:c13fe0100a71d3a32608	test	32264
seqinspector:9b01a1f2811ef9e32c3c	test	32265
seqinspector:00b55730300fcaa8ecef	test	32266
seqinspector:4c139bec815786d38497	test	32267
seqinspector:c153c1f4d60606d390d8	test	32268
seqinspector:4727327561d25b812376	test	32269
seqinspector:d2209b6cf3803de0c4c3	test	32270
seqinspector:2f0eb2c02ea73453e951	test	32271
seqinspector:1dabe4354f743f8a48b5	test	32272
seqinspector:c4161579d89dae7ef74f	test	32273
seqinspector:665b0d3603004a0d5c44	test	32274
seqinspector:819e768810ed05912326	test	32275
seqinspector:57d3c05d985dd4f5fe5b	test	32276
seqinspector:5b3d08bf89cea491eaee	test	32277
seqinspector:b45f74ff1d9e7df231c9	test	32278
seqinspector:ac4fe8da6971ca51c03b	test	32279
seqinspector:21212d125b2c0a9fa82c	test	32280
seqinspector:19b58648c4305b2a41aa	test	32281
seqinspector:77b7b7ec4c6f8480a01a	test	32282
seqinspector:b813badb2afc3ac63416	test	32283
seqinspector:ebaaaa850bc37326e341	test	32284
seqinspector:9c262732fbe2bddc7ce2	test	32285
seqinspector:71ca21840d4304b0b326	test	32286
seqinspector:754fe4a9202f66ac2e02	test	32287
seqinspector:9643596472b90ac0b995	test	32288
seqinspector:f20268d9ccc29bae0bde	test	32289
seqinspector:42e1836498c6a3c4707a	test	32290
seqinspector:d5ee94918b4f0979223b	test	32291
seqinspector:0b4493bc7eac4579c580	test	32292
seqinspector:c680d55554c284b8ad60	test	32293
seqinspector:939160328357f8b70e77	test	32294
seqinspector:07bc338c53f0f5ca30a8	test	32295
seqinspector:7893e4548f50e29962c8	test	32296
seqinspector:5f843e403668310a45bd	test	32297
seqinspector:7972bed05769f60f1fbb	test	32298
seqinspector:394dc2b12c72767dc470	test	32299
seqinspector:46a186b1a7896e57f5e9	test	32300
seqinspector:3e2a3070d33a21e5bef3	test	32301
seqinspector:cdb8259c39a218f73f14	test	32302
seqinspector:da6077fdc3bf83790d0d	test	32303
seqinspector:4c8a95e218a9d3ab774c	test	32304
seqinspector:aa9b634d88841f91d219	test	32305
seqinspector:23012e7f64302f1dd824	test	32306
seqinspector:4c0cbba3c6e9c9806070	test	32307
seqinspector:a79ffd4220540c155034	test	32308
seqinspector:d951aa5d873f30f682f3	test	32309
seqinspector:d890bef9a5e9bc87199f	test	32310
seqinspector:254856d1e588aec8fe90	test	32311
seqinspector:89a89d0a82b36e333ce1	test	32312
seqinspector:ac886f3aa6392a43b0c3	test	32313
seqinspector:a631a7b471cf845ba930	test	32314
seqinspector:0f8c3f2da8dc208ef6a6	test	32315
seqinspector:e622b7abc5c5f89d7a19	test	32316
seqinspector:14fd6ca24f27664abdc7	test	32317
seqinspector:522722157adcd1715865	test	32318
seqinspector:b645fb1e0e8222c0a7b8	test	32319
seqinspector:7db41db604aeb1de59cd	test	32320
seqinspector:9d04526a0379881c22bd	test	32321
seqinspector:f7bb8d615cc1b0b529c7	test	32322
seqinspector:509d44c607c19ef87cbe	test	32323
seqinspector:27ed271cdfe6cd6587c7	test	32324
seqinspector:26175fec7a70d44e6d6b	test	32325
seqinspector:52deb7c2b92b93389818	test	32326
seqinspector:dbb67e53c9dcacd78601	test	32327
seqinspector:14991f9ac6af22bdc939	test	32328
seqinspector:656ef1db4ff680c48e36	test	32329
seqinspector:9c18162a5f8e8dee1fe0	test	32330
seqinspector:d6f92487bee61ec17084	test	32331
seqinspector:d96319fddef4de4d9747	test	32332
seqinspector:b7a7c65870b62df3f863	test	32333
seqinspector:04a48918da959fb6dd5a	test	32334
seqinspector:551008228fe1158ef22d	test	32335
seqinspector:4f2e08803b97f259b2c5	test	32336
seqinspector:173e42430e7b17a5a718	test	32337
seqinspector:9c69999051fba19c702a	test	32338
seqinspector:cfeb8a75f187d0d59d3a	test	32339
seqinspector:935b014dd0988d217e1c	test	32340
seqinspector:aff614d53b8401338673	test	32341
seqinspector:eda149f68e6bf7b6b017	test	32342
seqinspector:5d461608abb710252c2a	test	32343
seqinspector:1af79e4bbc3efb7de7f3	test	32344
seqinspector:c9de7bae3df6a48d12ea	test	32345
seqinspector:2e00cf3155c79c335a9f	test	32346
seqinspector:6200e87e0431f2fee68f	test	32347
seqinspector:2affdc4c5c8d76da1b48	test	32348
seqinspector:dfcf8a5148fd3ce64952	test	32349
seqinspector:76c44a871e2772be39c2	test	32350
seqinspector:2ad6a9356dfb1da4366e	test	32351
seqinspector:c43a0b3e98b204d76bb4	test	32352
seqinspector:ff31e24e2f13aa8e57d7	test	32353
seqinspector:0478b13e6d2389448519	test	32354
seqinspector:7395835acf2f73d901ed	test	32355
seqinspector:3570d44a58a63264f199	test	32356
seqinspector:9a385ec49cef3ca6364d	test	32357
seqinspector:fd88391b6519e155ae01	test	32358
seqinspector:a921e9c31482ca43af6c	test	32359
seqinspector:946c9ac27f1ff4929f51	test	32360
seqinspector:02cc570d252773296214	test	32361
seqinspector:ddf14d05c063f3ed9d17	test	32362
seqinspector:59519c67e82715ecac93	test	32363
seqinspector:5121b747cee4f9156101	test	32364
seqinspector:2a14507f6349d15af6b7	test	32365
seqinspector:be2d1bef5e0d144a980e	test	32366
seqinspector:313c322a54996059a98f	test	32367
seqinspector:be90a58014d756bd739d	test	32368
seqinspector:d7d7090637a6284c2332	test	32369
seqinspector:45c92401645c8db10029	test	32370
seqinspector:98526be9d94ea038bf0e	test	32371
seqinspector:38ef9d3766cacb74659b	test	32372
seqinspector:809641f077c37819dd4f	test	32373
seqinspector:d14c725a654fc7e8470a	test	32374
seqinspector:764f74805bac2740a263	test	32375
seqinspector:719fde1cf107827d57f7	test	32376
seqinspector:fe655824561662369977	test	32377
seqinspector:1912ce0da81e2ade73d9	test	32378
seqinspector:6af81f77612d4db951bf	test	32379
seqinspector:53bbc3e2cf14ed55d193	test	32380
seqinspector:262ed225d7aa158338e0	test	32381
seqinspector:00218ce79376503ba7d0	test	32382
seqinspector:09fd7314418aa1297ca1	test	32383
seqinspector:128311e4932b22ee5a8b	test	32384
seqinspector:a694e50833c2e87e66a4	test	32385
seqinspector:124764ccd5394d04d4fd	test	32386
seqinspector:887f23f8ce1156dc3e75	test	32387
seqinspector:035275a20d8a5776bbc5	test	32388
seqinspector:9a6a882cc5bbba398fa9	test	32389
seqinspector:7412a5a48f8f438be9a1	test	32390
seqinspector:e926d1c4b212826853b6	test	32391
seqinspector:4987b3c11502e2a4e571	test	32392
seqinspector:673dcdafe2b3fe9a31e7	test	32393
seqinspector:5dbfc7d106ada3389d1f	test	32394
seqinspector:0c74327f84e7c29dc969	test	32395
seqinspector:834ac3cd59ad38727499	test	32396
seqinspector:8c4c21183bbd7d5f6b3d	test	32397
seqinspector:c9ee49cb696a37dba473	test	32398
seqinspector:4679c149e2e585d90bf0	test	32399
seqinspector:0ba80110c5789c698ca8	test	32400
seqinspector:ddd47cce734b4b482e19	test	32401
seqinspector:b880a6b559501f1ea46e	test	32402
seqinspector:786aeb5ec4c61a57ea83	test	32403
seqinspector:e8dbbf06868b0acf1b4c	test	32404
seqinspector:efbbc934e1ffe2ac9edf	test	32405
seqinspector:b1d5326b272b29061b0e	test	32406
seqinspector:872a0ac9727a39fa86f3	test	32407
seqinspector:01574ea37c276509027e	test	32408
seqinspector:90d769d581a96e9fe193	test	32409
seqinspector:1e514b687df521f68d2e	test	32410
seqinspector:a28baedb4d700cd09f5f	test	32411
seqinspector:d7ee2ef1935b46f5089f	test	32412
seqinspector:188a0ddc1ea1a363fbb2	test	32413
seqinspector:1b29c7d2ff782f1523b3	test	32414
seqinspector:a1ff4ccf2b05d4a16a67	test	32415
seqinspector:c7cc2ac661f9873c8e13	test	32416
seqinspector:40413dd56e1fa18f96dd	test	32417
seqinspector:67d2469ae7a266c0e4b2	test	32418
seqinspector:18389276b6a2a50cd885	test	32419
seqinspector:0b9aba49775ef6b6e610	test	32420
seqinspector:6976b41f5f9b6ba1006a	test	32421
seqinspector:7f7bcbd401fbf3fde0bc	test	32422
seqinspector:25adad0ec8870f23af10	test	32423
seqinspector:f558496389a71375a739	test	32424
seqinspector:e94cefc9b5a074039db6	test	32425
seqinspector:465123acfa6282726436	test	32426
seqinspector:97dc4e1f30414736f348	test	32427
seqinspector:beb3c78f29bdf4e97647	test	32428
seqinspector:f4272b3044f4f8d63d38	test	32429
seqinspector:4af6c8f56eee3e5c4101	test	32430
seqinspector:25435f16fab9b2821733	test	32431
seqinspector:a4d63fa6b56bb1d2bbc8	test	32432
seqinspector:86d504c5163f635a6181	test	32433
seqinspector:2be79a2d6c8cf7e81c78	test	32434
seqinspector:5fcc24544687f1bf6856	test	32435
seqinspector:024dda7b49ac2e5dd22b	test	32436
seqinspector:0873c57b99d6376cedb5	test	32437
seqinspector:b101c583a1d71f98bc31	test	32438
seqinspector:72d352a163b165021af3	test	32439
seqinspector:b9eb9a9a7e9bde8d458f	test	32440
seqinspector:9a692142f0becccda5e5	test	32441
seqinspector:899700805ea31e0cc245	test	32442
seqinspector:e1b363f6b01f8b84ef24	test	32443
seqinspector:59da75014ccd4edd9e8d	test	32444
seqinspector:e441c226ee058e2c089a	test	32445
seqinspector:09f7a0fa6c03142e9aa5	test	32446
seqinspector:ec716e7cbca1fa9f8132	test	32447
seqinspector:fef61aa6dc5c1aee1289	test	32448
seqinspector:ab8e2664e289a5293f4f	test	32449
seqinspector:5c2bd44ca75fb1158b92	test	32450
seqinspector:c137dda02db9da2dda47	test	32451
seqinspector:edd7daed0ff9c8281b04	test	32452
seqinspector:45f2e40fbd2feac81eb3	test	32453
seqinspector:7274ee856ec7607c8336	test	32454
seqinspector:b5e2b0d3f93deb0520e2	test	32455
seqinspector:e68320c6f56c04492ccf	test	32456
seqinspector:84e6af51c37745851802	test	32457
seqinspector:d4f958cd6a5b0582aa12	test	32458
seqinspector:084d6db7e040e3818a1a	test	32459
seqinspector:333d4bf8a321217073aa	test	32460
seqinspector:462cf90592643072a09f	test	32461
seqinspector:46a901f46ef914d8e6d3	test	32462
seqinspector:350b92f8c167fc814222	test	32463
seqinspector:7f0c724426aba1e5e952	test	32464
seqinspector:71179d006dbe4d811a65	test	32465
seqinspector:87036e85982c25956cbc	test	32466
seqinspector:a15cf301ee2b497fbf6d	test	32467
seqinspector:e70b83a15121543bbf36	test	32468
seqinspector:c7ad9f73217b7762c08c	test	32469
seqinspector:f25e26391072436538b6	test	32470
seqinspector:9b0f9ead2a18560b0b6e	test	32471
seqinspector:2c0f37d41b9a795ead31	test	32472
seqinspector:ee35e916c7779ce7c498	test	32473
seqinspector:47c92eaac334888688d8	test	32474
seqinspector:81b2f8a9cec109b2b1fe	test	32475
seqinspector:7b2bb31f2d33c3fc710a	test	32476
seqinspector:3c4e2fb47e40b816f200	test	32477
seqinspector:677b33fb7a2e3326c9d7	test	32478
seqinspector:f8bc8d4d3960c4881694	test	32479
seqinspector:734a9ba2c85a27ea86e3	test	32480
seqinspector:1b0ef99309c6df4c7c76	test	32481
seqinspector:a6aeb1ba4d224c951311	test	32482
seqinspector:6e380a1f1b7d671fad33	test	32483
seqinspector:b7c5fef358974c6e7944	test	32484
seqinspector:b266e3985fa726de270a	test	32485
seqinspector:b180dbc82ed37a53ad67	test	32486
seqinspector:99b9f35e7fad4fc7984c	test	32487
seqinspector:ff30f0567ea6e22f46b0	test	32488
seqinspector:358716b06f5ceb37a53c	test	32489
seqinspector:797f4c9aed9f27d518de	test	32490
seqinspector:760400dada6ac6348f48	test	32491
seqinspector:d82cf45fc45841a9512d	test	32492
seqinspector:1779b06186dcdf716350	test	32493
seqinspector:bb6c55b436122e7e63fd	test	32494
seqinspector:49f1599d28832102ab58	test	32495
seqinspector:23b18dbcdba69b237ad6	test	32496
seqinspector:97c1f24ec4004622783a	test	32497
seqinspector:0e3b3a9af18e35e12c62	test	32498
seqinspector:683c4e16207a9a912b2a	test	32499
seqinspector:e25f5409e862dcf3c2b9	test	32500
seqinspector:ae0f32d093160e91d950	test	32501
seqinspector:d1f318d4a1008a3e951d	test	32502
seqinspector:5a47a4398e68335084b4	test	32503
seqinspector:0009e22251a5cb371ed2	test	32504
seqinspector:e9a577362c0bd9aff4b8	test	32505
seqinspector:11a4747830c5201cdeac	test	32506
seqinspector:4bdf4a5b99461d5a5d37	test	32507
seqinspector:7ba5498c3914986166b0	test	32508
seqinspector:af4ced63c5e06b038730	test	32509
seqinspector:7ec59b99ee7681cb7cd9	test	32510
seqinspector:8d507d9667ed027a095c	test	32511
seqinspector:5d7d4e62c83bc211651a	test	32512
seqinspector:1ccb4eceaab41138ea25	test	32513
seqinspector:5c34d6373fc15f8bf99f	test	32514
seqinspector:1e4e22e50e518a4d6886	test	32515
seqinspector:de929697850ea040a794	test	32516
seqinspector:4df70c61a06f73fc7420	test	32517
seqinspector:be83caf7780df0b34e61	test	32518
seqinspector:3b6f55b439feacbdf0ed	test	32519
seqinspector:13399f287ca6d1db7b49	test	32520
seqinspector:46379a87fd7a575faa78	test	32521
seqinspector:b2e9037d82150e9f9f35	test	32522
seqinspector:ca515f147b6c59cf3807	test	32523
seqinspector:4bd5a5bc1645beca663e	test	32524
seqinspector:3440bc4c07a1e0db0cf9	test	32525
seqinspector:27651a19f047e9bdd7c4	test	32526
seqinspector:c5aa736fe509975ac93b	test	32527
seqinspector:6c9e3a40da6bfda2d284	test	32528
seqinspector:4138ab6c0956e2935960	test	32529
seqinspector:e197777ccb0324072676	test	32530
seqinspector:159108aac388628af806	test	32531
seqinspector:c7c2081409690f58bb10	test	32532
seqinspector:1e3b2ff57e32b8ede629	test	32533
seqinspector:178db574b705c40ceb7c	test	32534
seqinspector:c6ec5c13aaf9fc6ffab4	test	32535
seqinspector:b7b9113f46875c524ac4	test	32536
seqinspector:ddda9f65c4a764826ff3	test	32537
seqinspector:2b2687d764e71ceef0b7	test	32538
seqinspector:1dd3f8887131de669b0b	test	32539
seqinspector:ef6165c2286ddd7fb865	test	32540
seqinspector:9b4ee0c1d11809cbd35d	test	32541
seqinspector:5ab9568a3bd32657a7ee	test	32542
seqinspector:1ac1a0ae69b38ec5898c	test	32543
seqinspector:c328fcfc91f04a7d82bd	test	32544
seqinspector:5cf2e2bd4e5283ad87a5	test	32545
seqinspector:df34e5484a5940ccdbdd	test	32546
seqinspector:e31022eb13eca15c6d27	test	32547
seqinspector:8386a481fd7df099354e	test	32548
seqinspector:4bd047bb8d976af353a9	test	32549
seqinspector:aaf47b1792f87754c749	test	32550
seqinspector:e27d446a27c74faac8e5	test	32551
seqinspector:0d40375f96937186871e	test	32552
seqinspector:2b661a6ae9d4257269c8	test	32553
seqinspector:34be9c6ca3e63e3ef110	test	32554
seqinspector:ecfbe9fe554f9223aa87	test	32555
seqinspector:33460af6a0a32fc3b0ca	test	32556
seqinspector:a8759dab1e494211a213	test	32557
seqinspector:ef44cf7b5e30cf8ca7e0	test	32558
seqinspector:1a6c4c351ff21e963f73	test	32559
seqinspector:cee323e12547b912e716	test	32560
seqinspector:7bb03b771fdf44f376bc	test	32561
seqinspector:61a18dbb3e4d11130754	test	32562
seqinspector:d020cd392619b7838e01	test	32563
seqinspector:ef102b17ec7a53a342c0	test	32564
seqinspector:4f2b869bfa48d8cfd526	test	32565
seqinspector:a9fd9ee8d807af57a0c1	test	32566
seqinspector:4e2fb58ccf2e3c2f6f85	test	32567
seqinspector:5cb3289c8811e330834b	test	32568
seqinspector:8f15243c390dffbd243d	test	32569
seqinspector:f90ae485b36f36c230ea	test	32570
seqinspector:589d14d4df93738c6f47	test	32571
seqinspector:3dd1d7345cbe877bdf63	test	32572
seqinspector:fe37340808062408eb0a	test	32573
seqinspector:acfe45c65e880183cb48	test	32574
seqinspector:6af9fac041e60b3b67ff	test	32575
seqinspector:653a1467b5e4348b13a2	test	32576
seqinspector:7796d89c984d8f9a1431	test	32577
seqinspector:342a0cda5e9af904540d	test	32578
seqinspector:3edf26be6175e369bd05	test	32579
seqinspector:23863d518f6e417cb9ae	test	32580
seqinspector:f4a7773291be2166f50d	test	32581
seqinspector:916860e81213f8c1caee	test	32582
seqinspector:f7abcdfa779135d99c73	test	32583
seqinspector:84e98ae59358468847f5	test	32584
seqinspector:f2ddc053a8090e0a4030	test	32585
seqinspector:7f89bb4a79116c3ccc2b	test	32586
seqinspector:15b61d3de43234bb86f3	test	32587
seqinspector:b07eea2a47ae55dd308e	test	32588
seqinspector:d877f80b2652e9e27c46	test	32589
seqinspector:0bf0778f12413821ed99	test	32590
seqinspector:0bc343c09f0e41f21512	test	32591
seqinspector:38c22f03d9a9fe679fa5	test	32592
seqinspector:d527896685fdd5a579f1	test	32593
seqinspector:a75c917786374e41f619	test	32594
seqinspector:a677b3f1d88de365a609	test	32595
seqinspector:b5ac577237d25e91546e	test	32596
seqinspector:3b83995ea19d9bb40740	test	32597
seqinspector:ef73c42a4b4a35ca50c9	test	32598
seqinspector:5add562dad086396793c	test	32599
seqinspector:c09449d0f329df10921e	test	32600
seqinspector:696ab82c05538a0fe12a	test	32601
seqinspector:b7f04e10cb768a76fc06	test	32602
seqinspector:48988d7b2d89341dedff	test	32603
seqinspector:a9aa986edd71850fefc9	test	32604
seqinspector:c707e3e0174fe2e2c29f	test	32605
seqinspector:ba4e7ce290b19cf39ff7	test	32606
seqinspector:59fe5f51de4b2ad58e33	test	32607
seqinspector:af4d796dba85b371afb1	test	32608
seqinspector:f43a76e65b29422d4964	test	32609
seqinspector:50e4dda303eadb6482dd	test	32610
seqinspector:38f6a00bd12cd535f80d	test	32611
seqinspector:3593dbb3f6feecb1bda8	test	32612
seqinspector:1867e873feb4d31edd7c	test	32613
seqinspector:95356448772e559a339a	test	32614
seqinspector:b61f314abe43ff492615	test	32615
seqinspector:ff94395c981eaa6a51bb	test	32616
seqinspector:7fc8da668be7fefcfc13	test	32617
seqinspector:32a92bef7d218a46a949	test	32618
seqinspector:d755fac5818569822a9c	test	32619
seqinspector:2295f2c47982cb422d59	test	32620
seqinspector:ad62dfee2c5c4d6a1fe6	test	32621
seqinspector:61ab3c4a58a5975fe3b5	test	32622
seqinspector:63f5747c0896edecebcf	test	32623
seqinspector:106883f6ceed5d5d2255	test	32624
seqinspector:a0ac89ff97285f188dd9	test	32625
seqinspector:93bc3130bbf6450a2f10	test	32626
seqinspector:744a1e712239969bc357	test	32627
seqinspector:a099a267f734330cedf4	test	32628
seqinspector:bdf29ccf8269b3fa6a53	test	32629
seqinspector:f99188c3fe03c66a1b72	test	32630
seqinspector:7dd2f611353f163e0773	test	32631
seqinspector:e111c919a168f753495b	test	32632
seqinspector:b578b711ea79e5bd9757	test	32633
seqinspector:6a69f2bece015eaaca4d	test	32634
seqinspector:1fbfc189b801c5a88026	test	32635
seqinspector:71afe8917654b5084a37	test	32636
seqinspector:9ad4c68b983ce1e0f768	test	32637
seqinspector:f5de483f5401e20301e8	test	32638
seqinspector:dc76eba6904118aa4692	test	32639
seqinspector:491e3fa1e6d792d59293	test	32640
seqinspector:a0cecddaefea3f1f60a2	test	32641
seqinspector:e117ff57dc1e23d5f05d	test	32642
seqinspector:7115ee0907d1c333e0b3	test	32643
seqinspector:643c7b37e9c8704e378c	test	32644
seqinspector:b53f3009a45d8a1c4af8	test	32645
seqinspector:659d63f7c87f95d46d63	test	32646
seqinspector:a80f74cf50239d40ea89	test	32647
seqinspector:87c79aba5f453ae3a05d	test	32648
seqinspector:c2ecf9c6c4f9ca6caa01	test	32649
seqinspector:4c0a3b25407ddea40cbf	test	32650
seqinspector:6105fa619e2b93d40a7a	test	32651
seqinspector:edeff335f757e46235b7	test	32652
seqinspector:c77e67f02e68edb2c606	test	32653
seqinspector:a02de6b43e08e34b3404	test	32654
seqinspector:a7e5ab69f29abd9ad504	test	32655
seqinspector:9aa5ff5a06d938128563	test	32656
seqinspector:6d9291a82fb18cdb2ecc	test	32657
seqinspector:e3fb3468b05843e01b9a	test	32658
seqinspector:34d2a025cc65fe35cfc2	test	32659
seqinspector:2cdd632345639165f921	test	32660
seqinspector:a3f80c9468fe81913ace	test	32661
seqinspector:c68c5505e97ae90bfd7a	test	32662
seqinspector:d070e171984c3934a74d	test	32663
seqinspector:b3b17c5f0c3e300df170	test	32664
seqinspector:3d5e5de361fd0a18ecd0	test	32665
seqinspector:7374f2269441d30c56ee	test	32666
seqinspector:ecf56e5eedfffbecec75	test	32667
seqinspector:eb7969308ceaa6a3a1c1	test	32668
seqinspector:7bb46608bf6c0b76b0f6	test	32669
seqinspector:9ab3f62dc9ee03a67f3d	test	32670
seqinspector:c5b532d50c3c339bb089	test	32671
seqinspector:c887161ba5ea9a18dacf	test	32672
seqinspector:8f8875d7b19974496647	test	32673
seqinspector:24a9e137d76c46bcd2fa	test	32674
seqinspector:fffdb10ebf6b543e8e6c	test	32675
seqinspector:68e3f693041673301569	test	32676
seqinspector:71dff62da3c37eccac84	test	32677
seqinspector:18dc2ada14c6f3fa661f	test	32678
seqinspector:cc4f04754ef7cecc15af	test	32679
seqinspector:a9b13f1b7905e6a74219	test	32680
seqinspector:684442c2e1fabe7fa42b	test	32681
seqinspector:abcb9aec6f5294b360bb	test	32682
seqinspector:74f2e0aa71c79875ef49	test	32683
seqinspector:2b731fff1e2f9e1c1c2c	test	32684
seqinspector:f51d1d7807b97074acf5	test	32685
seqinspector:f332820518ddb3875113	test	32686
seqinspector:4a35c9f5a67a350b4887	test	32687
seqinspector:63da47476de58cc5ac94	test	32688
seqinspector:71399dcd4a04e463f416	test	32689
seqinspector:f60828bfb096342f743f	test	32690
seqinspector:c3fb2cda9c54232ff9c0	test	32691
seqinspector:cfd045e9b8fd3c1b7a92	test	32692
seqinspector:c6163402508082756779	test	32693
seqinspector:48a00191390cd93830bc	test	32694
seqinspector:3a453c8dbf20ec8991c6	test	32695
seqinspector:2dab9fcb02a76cb55b2d	test	32696
seqinspector:c9f7e9b29611828495b6	test	32697
seqinspector:b5dac3b1fa0c2c58caac	test	32698
seqinspector:94eb851fdccd4359ed54	test	32699
seqinspector:1eaca13a8132ff7685c4	test	32700
seqinspector:efc5845480982ff0619f	test	32701
seqinspector:139dc84823ab1d16dfda	test	32702
seqinspector:29e57fb288394c338bda	test	32703
seqinspector:3eb282d089ac8dc87ede	test	32704
seqinspector:f6825b39a0d6201a75eb	test	32705
seqinspector:fc3cddde18ad6df8eed0	test	32706
seqinspector:6991deccf0021fd29e84	test	32707
seqinspector:ecf8cb910792d6f1c787	test	32708
seqinspector:aef551a38a499072271a	test	32709
seqinspector:08ed1218ad1fd54ede72	test	32710
seqinspector:5917412ee0d9f93eb479	test	32711
seqinspector:ac54536b7c73a851ff99	test	32712
seqinspector:e6e4cac3050dfa3b8ae1	test	32713
seqinspector:ced8d03bbb936ed6bcd0	test	32714
seqinspector:9a8cec690bbd38cf7301	test	32715
seqinspector:46856066726909014c3b	test	32716
seqinspector:6113fbf5840c21465faf	test	32717
seqinspector:d002da15dd1cf6ea9c6f	test	32718
seqinspector:3fea47e523e2bacbd5dc	test	32719
seqinspector:d3ecdb18a296ccfb9eb5	test	32720
seqinspector:91f55697eef0bc035c70	test	32721
seqinspector:d0d492bb1ce6dee34575	test	32722
seqinspector:ddda93baa62136e3ce7f	test	32723
seqinspector:3b416abcf8badb27b650	test	32724
seqinspector:fb16d1ffde8fb5eb5850	test	32725
seqinspector:eb0183411177652ce813	test	32726
seqinspector:f8a06311361f47fa7a60	test	32727
seqinspector:d46e568f4b7795049705	test	32728
seqinspector:69ad4ed2a8e0a89ed263	test	32729
seqinspector:b1b8b521d886e858e86e	test	32730
seqinspector:e827e0f4c05a43a7c0cc	test	32731
seqinspector:b12f5fcf0ae196959936	test	32732
seqinspector:bc6d8578e48c6b7d29f6	test	32733
seqinspector:aae731d868235fb9e232	test	32734
seqinspector:f4b79c4ca98334b6c9f0	test	32735
seqinspector:468cefab889c5fbe927d	test	32736
seqinspector:5da63be357617e050ef5	test	32737
seqinspector:eb9e1442073edbde25f0	test	32738
seqinspector:f21f6d2b5c234580ab04	test	32739
seqinspector:e36082b8de63439585b5	test	32740
seqinspector:49e995d8290a15f6d037	test	32741
seqinspector:68e4e85ff909bf904c01	test	32742
seqinspector:7c9242fb6032a5a2f7c4	test	32743
seqinspector:5dec2f8f084a8e3e632b	test	32744
seqinspector:f96c79d23aed7bed5fa3	test	32745
seqinspector:e9a5fb693258e8fd409d	test	32746
seqinspector:2dbc764c5344742b38a3	test	32747
seqinspector:87d82f0f32197678d018	test	32748
seqinspector:4660fa134c4b11333c47	test	32749
seqinspector:11fa38866721119278cd	test	32750
seqinspector:7f2d20e4d2d49395222a	test	32751
seqinspector:f96d94d8bffb5400b086	test	32752
seqinspector:9bdb1f3521e0aab25302	test	32753
seqinspector:d0c2c7220381cd9a573e	test	32754
seqinspector:4079017935ff8a4f9a5b	test	32755
seqinspector:717b1b614b0370397094	test	32756
seqinspector:20b352f4e9507e26ccc9	test	32757
seqinspector:9ad4ad1201294fa9c012	test	32758
seqinspector:22c3f5e6b8dcc602cdfe	test	32759
seqinspector:8b410b715956717a8ab2	test	32760
seqinspector:380f76e5d2821fe7ea48	test	32761
seqinspector:3de2a674d8d6861cc4ac	test	32762
seqinspector:140e6c4e9d6003ceecf0	test	32763
seqinspector:ed21d3ec3dab0d575d23	test	32764
seqinspector:55c79a2db7f2c4c283e2	test	32765
seqinspector:bd106daa1bad6c7b956b	test	32766
seqinspector:141637f7539be2a74652	test	32767
seqinspector:a0efe2ff25c4a7eccc09	test	32768
seqinspector:a8eab406bfb044dead53	test	32769
seqinspector:e4307a0fc1f772651bb7	test	32770
seqinspector:85c6461fa238f6f3dc6f	test	32771
seqinspector:5f7b19567d6181539c06	test	32772
seqinspector:fb03d25416b5a95be5ca	test	32773
seqinspector:38470b178f82cb77b420	test	32774
seqinspector:535d7b7def973854687b	test	32775
seqinspector:91468893edb56d9d4672	test	32776
seqinspector:f07e1314de5533c1ece5	test	32777
seqinspector:dc1ee6ec02514e768970	test	32778
seqinspector:4666ba521176da5551ff	test	32779
seqinspector:c7e513906786dbfd13af	test	32780
seqinspector:1e94b6035fefe7b854cb	test	32781
seqinspector:41916b03a93c4465ce7c	test	32782
seqinspector:8f5e4be01035c0763ce7	test	32783
seqinspector:d8a0a8794b85ee784ab6	test	32784
seqinspector:41f3bfe0d7cb8a20d385	test	32785
seqinspector:e05a61de4ab179683a39	test	32786
seqinspector:de581323f96b66212347	test	32787
seqinspector:84a7029dbf35e896b028	test	32788
seqinspector:34a37a0ae734a95d5d87	test	32789
seqinspector:69ea2ac26219719ef780	test	32790
seqinspector:701162ad753e13d21adf	test	32791
seqinspector:f5b03e40fffc3289a6e9	test	32792
seqinspector:00fb034793f9f3fccc9c	test	32793
seqinspector:85cb6f77c69986e726a5	test	32794
seqinspector:95af8d8d48b268c6f795	test	32795
seqinspector:e49f20bd93e7d49af6d5	test	32796
seqinspector:fae429c7dee93fe6e2ff	test	32797
seqinspector:1dbfc9d36b8131ddd9d1	test	32798
seqinspector:f0daccd898a211f08b92	test	32799
seqinspector:5ad8c3b8846f65e89a8a	test	32800
seqinspector:dcb6705ba61492ad01e0	test	32801
seqinspector:36d08a9e4ad242839533	test	32802
seqinspector:eb6d6b616581c82e6d34	test	32803
seqinspector:1a545648647af6f99e36	test	32804
seqinspector:5a6d09cbb5c11b08960d	test	32805
seqinspector:adba77a98cbe6979ada1	test	32806
seqinspector:f72dd55181860c07b73c	test	32807
seqinspector:1e03ca66c6057f20d848	test	32808
seqinspector:735b1134f21419fd1ac5	test	32809
seqinspector:277349ef26516bcbb37d	test	32810
seqinspector:9d980ffcc7457723f4b9	test	32811
seqinspector:1c1f5765ec1b4815c15e	test	32812
seqinspector:9e0a33299086b47a0aa1	test	32813
seqinspector:f5f16310c3415d9a877d	test	32814
seqinspector:1a56fee980fc37efb9ba	test	32815
seqinspector:7f47d039b96dd0285d3f	test	32816
seqinspector:9ee6704879dca70924ec	test	32817
seqinspector:312de1bd51b118eb5bf5	test	32818
seqinspector:987ae1e3d36e01f0df05	test	32819
seqinspector:5611887ab3c96a7ea0e4	test	32820
seqinspector:746b6c0a9993c311ce96	test	32821
seqinspector:e09ad5970ff7e809de87	test	32822
seqinspector:c3ed7e0dad04949436d0	test	32823
seqinspector:665ef0ed09daedc6f800	test	32824
seqinspector:3ffe47eff4910b241fca	test	32825
seqinspector:c17fd69353a788e74329	test	32826
seqinspector:7e7dbae64ce5b2728c5c	test	32827
seqinspector:0d3d795a97290a2d984b	test	32828
seqinspector:14e35fa53140f45ac415	test	32829
seqinspector:104b525a64e1d727b3d5	test	32830
seqinspector:93c595e3a760a0c6c295	test	32831
seqinspector:227dcbdbc1e770764563	test	32832
seqinspector:8fc59c2447d5b6020c71	test	32833
seqinspector:6bc8a2128c396a7f322e	test	32834
seqinspector:7c4cb272ff499d7a12cc	test	32835
seqinspector:b2528a8cc6ebfedad776	test	32836
seqinspector:fbf9b6fd6cd0270b6530	test	32837
seqinspector:6da25ad0fa4bf0ab5bc7	test	32838
seqinspector:01c4d3363230409febca	test	32839
seqinspector:ce66f92e60ead232a498	test	32840
seqinspector:e2f5fbc9bb5def99852b	test	32841
seqinspector:3b52064aea19b7507e05	test	32842
seqinspector:e1a06d1cb8ea01eaacd7	test	32843
seqinspector:65a0115e4d98d10a0e71	test	32844
seqinspector:c205a189d5045e2b1271	test	32845
seqinspector:f73c3ce76e54d1691929	test	32846
seqinspector:67fac68524fa1d2a22b0	test	32847
seqinspector:15d1fad26b67a7600832	test	32848
seqinspector:6b787697a0ac2103022d	test	32849
seqinspector:5d85833da27ddb496aa3	test	32850
seqinspector:9c23d2e3581d02fbc7a0	test	32851
seqinspector:c1d766fafd6df612af2c	test	32852
seqinspector:461347c4310aa92c6d39	test	32853
seqinspector:479d126ed6d4f6456092	test	32854
seqinspector:84a275fcaadb4d37548f	test	32855
seqinspector:6f83cae9182bdc2ddf7b	test	32856
seqinspector:4970d93905f095ea3036	test	32857
seqinspector:f2e06736145425dbc1bd	test	32858
seqinspector:54c5d6176cbae842795f	test	32859
seqinspector:e661069b882871459a08	test	32860
seqinspector:f71b09bdf4642b8049c0	test	32861
seqinspector:0fe88d87487a76fc3ec2	test	32862
seqinspector:08c3123f8e455ef30ba2	test	32863
seqinspector:5eb20c25eea8e2e3e509	test	32864
seqinspector:a6daa40351d1271a0631	test	32865
seqinspector:27b0574485638790b86e	test	32866
seqinspector:edd5cb4cda5304fe6634	test	32867
seqinspector:7cd9dd6cb144dc43e457	test	32868
seqinspector:deaba860acabbfd8a60d	test	32869
seqinspector:47eb6985df5f2dcf710f	test	32870
seqinspector:7e5f8ed8c28c31f842b3	test	32871
seqinspector:422e9eeec1cb23f80d39	test	32872
seqinspector:087dd132994245987f92	test	32873
seqinspector:ffe7a56c86eef48d37b3	test	32874
seqinspector:fe7cd258cc8c6feb0069	test	32875
seqinspector:4b6882d2ba53896d2ced	test	32876
seqinspector:dd111c774db4c6c3d6dc	test	32877
seqinspector:6dec9dd9caab1fe046f2	test	32878
seqinspector:2771b8bdfbb9bd7c8314	test	32879
seqinspector:00e1d5e8e0109d95baf3	test	32880
seqinspector:1663e0122211aeea15ee	test	32881
seqinspector:5fcd37a9cfca4149077a	test	32882
seqinspector:c7e7d0491087fda80a91	test	32883
seqinspector:83ce85cda8dd964d1fbb	test	32884
seqinspector:41a0716cc58f8449dd6e	test	32885
seqinspector:ca59fc006569f474fc5a	test	32886
seqinspector:c830e98d3fb0e5fb4c52	test	32887
seqinspector:f5e94fadb51ebd06e286	test	32888
seqinspector:23c9494cb31fc45e93d0	test	32889
seqinspector:40c313886a006b3bb948	test	32890
seqinspector:7cd053955b1e15efd92c	test	32891
seqinspector:76e11a42b97368178e0f	test	32892
seqinspector:edd8ea6f82e8a66fdfaf	test	32893
seqinspector:463eca1dec4a2832f108	test	32894
seqinspector:513b628afe49da0d51f6	test	32895
seqinspector:b6ef413df00b7d0f167c	test	32896
seqinspector:7aafee154cbd64bd0b2b	test	32897
seqinspector:79da2599f34b1023477d	test	32898
seqinspector:e808effa07aafe7d186b	test	32899
seqinspector:90b77a120c81c69523d4	test	32900
seqinspector:e9158c741b26f85ab197	test	32901
seqinspector:913a566ece3502cbb3be	test	32902
seqinspector:38ed312dd50a1f2194e0	test	32903
seqinspector:8473640a1cd0f640a7ae	test	32904
seqinspector:0ed52ba3ddee69c88ac6	test	32905
seqinspector:f4b834c33e222cf938d1	test	32906
seqinspector:101819b0ebe074ca1962	test	32907
seqinspector:bfe78a2179118d214a2d	test	32908
seqinspector:a0644d3fae9c8c9de074	test	32909
seqinspector:3d4d2b71ea9ab89de600	test	32910
seqinspector:f0592e22e8ccf50421b7	test	32911
seqinspector:ac53360458184ad8d048	test	32912
seqinspector:6ddb26a9c0ea889b4c28	test	32913
seqinspector:188ff8a4b513b35e5839	test	32914
seqinspector:8bc38b3fcedabc0b4ded	test	32915
seqinspector:ad97dd810278f57acc69	test	32916
seqinspector:2a2369c2fd251702768c	test	32917
seqinspector:9c6964e23036cd30774e	test	32918
seqinspector:4365dcedb8868e986929	test	32919
seqinspector:eae05cd88b6452559b8f	test	32920
seqinspector:d456b21ff9f681d08817	test	32921
seqinspector:c3d3f2161d52438baaa3	test	32922
seqinspector:2b7722c2ebf6895a98b4	test	32923
seqinspector:e4142683ed4390c038ff	test	32924
seqinspector:dc27f7572a1e986295ee	test	32925
seqinspector:5e1ab1108cfd7104813f	test	32926
seqinspector:342c1ca55b4ebb1e32c9	test	32927
seqinspector:72d97ecb8e9b5c7b6db4	test	32928
seqinspector:2c5956c8d23e63ba4d7a	test	32929
seqinspector:ffaa05e0173048b52139	test	32930
seqinspector:a7476fc0a942dff12f61	test	32931
seqinspector:ab8af6f535cdef638b3d	test	32932
seqinspector:ccb76e5cd6c29167fb0a	test	32933
seqinspector:1d836e944ed6ccecd6da	test	32934
seqinspector:f5c8ac9ef6f99cd75c7b	test	32935
seqinspector:d86197efc209be62748d	test	32936
seqinspector:85b1f36352c9f998439c	test	32937
seqinspector:613f0e83b11c43440d36	test	32938
seqinspector:53cefe1527685cf7fd24	test	32939
seqinspector:a9207b8a284e2acb9d16	test	32940
seqinspector:1e3794041fc5d2fd5b13	test	32941
seqinspector:e08b99ded4e8ee82bb03	test	32942
seqinspector:85971086fd866e1335c1	test	32943
seqinspector:8e542ed44377a068422a	test	32944
seqinspector:2c80aa8b49a0d1657ba2	test	32945
seqinspector:13229fae649e1bc8b311	test	32946
seqinspector:c0415e6f7fc7894ac923	test	32947
seqinspector:008236d23666ca084358	test	32948
seqinspector:6dda3da0795af588d78b	test	32949
seqinspector:77fea153a0af7c35105e	test	32950
seqinspector:b96f77939771d7ca872b	test	32951
seqinspector:18f8e18ff165a6eb95d8	test	32952
seqinspector:43e9cc9a633349401b91	test	32953
seqinspector:9741a8f36b57e43ba7ea	test	32954
seqinspector:d147daff02eee3c704c8	test	32955
seqinspector:2de63c0c73f7758007e4	test	32956
seqinspector:b23a282ad446ea797389	test	32957
seqinspector:2f6dbd6b5b460a58b3f5	test	32958
seqinspector:eaed4e1efed9a2368d1b	test	32959
seqinspector:2aea8d1abeeef10e7fc5	test	32960
seqinspector:3b5fa60c5311c0703672	test	32961
seqinspector:ed6f3854ccfac5a2654b	test	32962
seqinspector:9a428dcb2d60f8b1aa16	test	32963
seqinspector:5370de89d324db4e06a4	test	32964
seqinspector:291ec1421eb9b8e87160	test	32965
seqinspector:96a3430a992bf950cc62	test	32966
seqinspector:a1ae6a3b093f58d6d3fb	test	32967
seqinspector:5ddb724d14020a93d488	test	32968
seqinspector:d63fc898b4fbd9f086ba	test	32969
seqinspector:2ced8e672b54f6253f3b	test	32970
seqinspector:522b91e7d7e1a24f542c	test	32971
seqinspector:cf38548089099e8ffbca	test	32972
seqinspector:3a9ba783019a4bf363f4	test	32973
seqinspector:438c85810b2e2f7c78a9	test	32974
seqinspector:212eeaeebeac04526ffc	test	32975
seqinspector:d0383e4127caadf71500	test	32976
seqinspector:a7e73ed135b23990be24	test	32977
seqinspector:1741967c534729da046f	test	32978
seqinspector:85e5d6769d0b23893fed	test	32979
seqinspector:f104326e0b96bd31b5cc	test	32980
seqinspector:fd0517c992b60afade69	test	32981
seqinspector:d683547a6ba280f09888	test	32982
seqinspector:cd30af3de80ebc51e6d9	test	32983
seqinspector:6aead43aead28eaed4ff	test	32984
seqinspector:a9c768c5f1c00a9c87f4	test	32985
seqinspector:053d7fe73e0436ee17f2	test	32986
seqinspector:0350cb02bd10e9517e1b	test	32987
seqinspector:00c15361bd18e6749127	test	32988
seqinspector:2f13d3a20ba3e1dba1af	test	32989
seqinspector:934f7d591b0f2eb0430d	test	32990
seqinspector:fe2b0e5851c9f7085cab	test	32991
seqinspector:10d8e03578c128dcd8a2	test	32992
seqinspector:3a37eb5b6a5a69fa5769	test	32993
seqinspector:755af84912c2330811be	test	32994
seqinspector:a6d826a52b8a2bba6ba6	test	32995
seqinspector:cc183be6cf380f395b8c	test	32996
seqinspector:4731a8c9717affe7ebd6	test	32997
seqinspector:ece1060ae6b78d91f6b7	test	32998
seqinspector:0e35518ab7a10d0c285d	test	32999
seqinspector:200520a9b74dce822f21	test	33000
seqinspector:f6a6e5adebe1aa43ffac	test	33001
seqinspector:146fd918986171b5e21f	test	33002
seqinspector:01d35261d107090ad2bd	test	33003
seqinspector:64d8ce6602e03fc05bbc	test	33004
seqinspector:6156738b5b2af4450188	test	33005
seqinspector:b00688858aae8689478a	test	33006
seqinspector:1dfd6e43421a5af50888	test	33007
seqinspector:8107ca3c723117051789	test	33008
seqinspector:c340b737915e6f0bea76	test	33009
seqinspector:990168ca8b2ce12fcbd9	test	33010
seqinspector:b289da411a91839cef23	test	33011
seqinspector:43030a47de16ce22ecba	test	33012
seqinspector:e27a0c46cf86e7964735	test	33013
seqinspector:45fecdd8a528d395f008	test	33014
seqinspector:4423e5b8d6081dfe6ef0	test	33015
seqinspector:854b201c0f948fb23e31	test	33016
seqinspector:973d96a9c17bb96c227c	test	33017
seqinspector:cb4e2072b623526b1c74	test	33018
seqinspector:37657d99a0fc701fc663	test	33019
seqinspector:fc1e0db13efbb8776f71	test	33020
seqinspector:51e4233d52c29346f59e	test	33021
seqinspector:e34fa2cbac95af93b24f	test	33022
seqinspector:5a99f277ef9c01d846cb	test	33023
seqinspector:5d0aab8e91d47cc51ba4	test	33024
seqinspector:3ddb78b0438564edf1ec	test	33025
seqinspector:69e9679fe79b32d9551f	test	33026
seqinspector:bdddcbcb73dc1b333113	test	33027
seqinspector:30b8bf8c196e3769b615	test	33028
seqinspector:cec7753d4673683512e3	test	33029
seqinspector:2670e5e67aad068b8180	test	33030
seqinspector:fbf2d35f8fc4d34727c8	test	33031
seqinspector:83a1ea1c1b347ddeeaea	test	33032
seqinspector:2260cb5712ceab962c2c	test	33033
seqinspector:57ecb7ef33ccca06fb0e	test	33034
seqinspector:f492da501179a75b773d	test	33035
seqinspector:bcdb10e4b76c177ebe28	test	33036
seqinspector:cc90388a6e5af4cb2f3c	test	33037
seqinspector:9610cf4fc9aa17b4b1a2	test	33038
seqinspector:1a1bdcac4f8d72ddaa31	test	33039
seqinspector:8fabb205f8e93d681024	test	33040
seqinspector:ce19af32d83b553ba136	test	33041
seqinspector:a19120922d0021024c3b	test	33042
seqinspector:01e520cc2d3ee938308a	test	33043
seqinspector:e8c56e782c6c194c6291	test	33044
seqinspector:6501e730d05620d5c3f6	test	33045
seqinspector:60c7d92ed97a61b11ee1	test	33046
seqinspector:9dbb6a5963d685cc99e5	test	33047
seqinspector:2658fc3f8f19ce0a40aa	test	33048
seqinspector:16fb124c49f77b61c5b7	test	33049
seqinspector:646a1cf571acecad0433	test	33050
seqinspector:18cbceda4401cf0bcc20	test	33051
seqinspector:9bafc21d583a94f91611	test	33052
seqinspector:67b0b332defbf8ac6c41	test	33053
seqinspector:b126ca052b9557cb3031	test	33054
seqinspector:180c4d1309d82d3e0972	test	33055
seqinspector:a95ba32da8e41c9ca061	test	33056
seqinspector:dd645de33daf0338239d	test	33057
seqinspector:79dd23f75dd3bce38ee6	test	33058
seqinspector:df5cc54afb5512160527	test	33059
seqinspector:2c75e95488589e54bc5f	test	33060
seqinspector:181cc12110384854484d	test	33061
seqinspector:d39944d3bd077eb0046a	test	33062
seqinspector:9a1e27dfd1aae378a0cb	test	33063
seqinspector:a2fad4099034a3154117	test	33064
seqinspector:494513de1282f5f572f8	test	33065
seqinspector:1b375c629c1d407756ec	test	33066
seqinspector:898f5abc0ebb8974d701	test	33067
seqinspector:bd55c3e1d63a2ca44f42	test	33068
seqinspector:9dc47f40d916269d4ac1	test	33069
seqinspector:7f19b41139756ee62a13	test	33070
seqinspector:3e31a5fc23435a827fce	test	33071
seqinspector:41b905d52f8600518c08	test	33072
seqinspector:4bcf0e4fb7b09ad9925e	test	33073
seqinspector:1383318b705059e77bf9	test	33074
seqinspector:cc016223e6085ef8c716	test	33075
seqinspector:c3da8e5df4702726d2fc	test	33076
seqinspector:b60fce419e2d839b55dc	test	33077
seqinspector:54249b63ac6f749ac5b6	test	33078
seqinspector:80ba208cc031d53d42d8	test	33079
seqinspector:8eac598a13ab3aac1595	test	33080
seqinspector:4fe70d96969e93997edc	test	33081
seqinspector:1c1a1398ad6d1a51de7d	test	33082
seqinspector:a2c0585dc5e2bb23add8	test	33083
seqinspector:473c5e34e419094327de	test	33084
seqinspector:f8c2945ca3ebe90640a5	test	33085
seqinspector:ecf5b9fab4f30d9ee3bc	test	33086
seqinspector:592e04fa6c0969746a44	test	33087
seqinspector:9aefcc2be21844c94566	test	33088
seqinspector:b04d40dcb3aee82a6b1c	test	33089
seqinspector:261d06405b2d7f59af87	test	33090
seqinspector:bf1b117cd41548af0210	test	33091
seqinspector:13666f5c11e9ffd7b99c	test	33092
seqinspector:4fd21d0046e1e4dd280d	test	33093
seqinspector:6e4c06788add0a1f3f90	test	33094
seqinspector:f73b87c1242587dd4dcd	test	33095
seqinspector:2b49862300be574b706a	test	33096
seqinspector:adf12582fef426e06e55	test	33097
seqinspector:491f5c2079eb0cdce757	test	33098
seqinspector:d622f8bca0c8736482d9	test	33099
seqinspector:c73bb16ac8c6dc1a1f92	test	33100
seqinspector:71f097dadecbae5b2131	test	33101
seqinspector:49926b6a173a6544a591	test	33102
seqinspector:8d9743d54213322eaf93	test	33103
seqinspector:c2ba1412b194a31e99cf	test	33104
seqinspector:2d972cb7d80bbd6d15dc	test	33105
seqinspector:f56847d18cc514362688	test	33106
seqinspector:9e21b76e6e453a7c85da	test	33107
seqinspector:5153ff408eba5b8b7af7	test	33108
seqinspector:57d99671e8d0abe7b899	test	33109
seqinspector:b92a9038612b5f3bf0fa	test	33110
seqinspector:1c7f08e6d783d9a15dd5	test	33111
seqinspector:029189db44a691eec201	test	33112
seqinspector:ff217fa53ab3f2cc4de0	test	33113
seqinspector:9695ba3d4fafe0ad0b23	test	33114
seqinspector:5503c54d13e7979d6a81	test	33115
seqinspector:4d9b4755dab3b7b6d454	test	33116
seqinspector:1d2de846699ea0363151	test	33117
seqinspector:e7cc4ff307d4fce625f3	test	33118
seqinspector:812afaa24f4df211a56e	test	33119
seqinspector:11159a4eff10aadca0df	test	33120
seqinspector:ae3cafd4f9e43d26c6e8	test	33121
seqinspector:3cfb294d109b0df3a610	test	33122
seqinspector:bdd7ff15f7dbebb17ef5	test	33123
seqinspector:d0bfd9504d75998b7aee	test	33124
seqinspector:a32c3f6adca4d452b4e0	test	33125
seqinspector:cc5a7a17aacf37381527	test	33126
seqinspector:a1c4c58a9c64ea8bd877	test	33127
seqinspector:0b20476596daa9c1ed1b	test	33128
seqinspector:9675ae66f55c5a4a427b	test	33129
seqinspector:c2514ae890e1b2399608	test	33130
seqinspector:3fe2554506a97ac4c2b1	test	33131
seqinspector:cdbe97499ea83a8f2c7b	test	33132
seqinspector:2720fbe3652af2f95e7e	test	33133
seqinspector:ec08ab95b5538a0fe5bc	test	33134
seqinspector:d447a43180e9ad9c8677	test	33135
seqinspector:a913ed4f1a724f7360a2	test	33136
seqinspector:3a141ee4f0c081081191	test	33137
seqinspector:02d76b230809174dbc6a	test	33138
seqinspector:64aba39c9aaf2be2139c	test	33139
seqinspector:7ebba3dfedf5e5904f84	test	33140
seqinspector:45057dd63ebb916fab6d	test	33141
seqinspector:c98ddb94057335000d1b	test	33142
seqinspector:62c9f8d2f086a3218b6d	test	33143
seqinspector:a94792e5c586fbd2231f	test	33144
seqinspector:88797601c0158f5d0173	test	33145
seqinspector:13b1bdd439e332b076f5	test	33146
seqinspector:a58ae0d52fbceee44b31	test	33147
seqinspector:c85d241a55dbc0dfbaf8	test	33148
seqinspector:25cdc9bab7c791e4dbe0	test	33149
seqinspector:106f207e9b35b937c6f8	test	33150
seqinspector:064a52e4d3d0666debd3	test	33151
seqinspector:4818e99c0819e5ebe91e	test	33152
seqinspector:995ebbcb1e226c2ce7ba	test	33153
seqinspector:ae7aa3835bb1c2244ff3	test	33154
seqinspector:717dcfe269d8ec7b1807	test	33155
seqinspector:5cfd729fdaffd583f229	test	33156
seqinspector:7fa6abe82d43658880ac	test	33157
seqinspector:49fe407011682c865632	test	33158
seqinspector:64a9d50c1e87b4458a97	test	33159
seqinspector:80dfe84377c50df88376	test	33160
seqinspector:3de9a92df5d04d966e32	test	33161
seqinspector:cfde886461aa1f601637	test	33162
seqinspector:171fc646d0fe27f7b076	test	33163
seqinspector:b9e1f88300256d01b0d8	test	33164
seqinspector:11ea1187a0e9c309627c	test	33165
seqinspector:5cbf21d63d8c1dfa7c8e	test	33166
seqinspector:5c4c02095a62bd37303b	test	33167
seqinspector:4e78183fc7643661ab28	test	33168
seqinspector:a9fe05393005deb547c5	test	33169
seqinspector:db8109a265bee3b1606b	test	33170
seqinspector:2fa65b0c7f9afc0311ee	test	33171
seqinspector:1e2c3526b796c351665c	test	33172
seqinspector:fb8f866432f4e2fc6224	test	33173
seqinspector:e4778da6cd647b67ca79	test	33174
seqinspector:23b31e37302ec3b8a096	test	33175
seqinspector:def00f654325b81406a9	test	33176
seqinspector:ac26543a79f6130ba6fa	test	33177
seqinspector:b0780c616c3692d223c4	test	33178
seqinspector:e644cae992426356e11f	test	33179
seqinspector:28c60743d79d888a4b8a	test	33180
seqinspector:97b51ce408fb636e9752	test	33181
seqinspector:934d70b04bab5ab6494f	test	33182
seqinspector:6c05b76d5c8551eb7b8f	test	33183
seqinspector:49856e620e03386021ad	test	33184
seqinspector:3619dd7fd1bc789a7bf8	test	33185
seqinspector:bacd83b890407b9278e7	test	33186
seqinspector:e677defd96adda27502d	test	33187
seqinspector:96b0722991ef352da4b5	test	33188
seqinspector:09a20779394620468db8	test	33189
seqinspector:e51f254b015f04ac95dc	test	33190
seqinspector:eac46cd4e688c6d28632	test	33191
seqinspector:578e53fbd556ad8b8ac2	test	33192
seqinspector:f9a8c62ef4f535a5d2dd	test	33193
seqinspector:58073b54606c1a1f6e1d	test	33194
seqinspector:b7d231c91f79dd44164b	test	33195
seqinspector:702f9826ce8d59e8ade3	test	33196
seqinspector:7c7b81fc7105f2d8e281	test	33197
seqinspector:0fd37eb751073b5bc21d	test	33198
seqinspector:0d1bcefdf36abad790c9	test	33199
seqinspector:a1b33083c8105c088940	test	33200
seqinspector:7c31cf72b653d69e3af7	test	33201
seqinspector:68143d292010c36e6610	test	33202
seqinspector:19f6c45a5d708209c2fe	test	33203
seqinspector:d65c9ec9c4211c29a407	test	33204
seqinspector:967ead5e045c185ed893	test	33205
seqinspector:0b8e48bf1bf3656ea8e1	test	33206
seqinspector:b99fd5cfc05ab8204724	test	33207
seqinspector:efa969b018a24981d5c0	test	33208
seqinspector:99be134426d4ccb58b43	test	33209
seqinspector:4f5f9fc5972eb7d071e4	test	33210
seqinspector:6530901756f7da6fd5fb	test	33211
seqinspector:1bb444ad2193dc58e6c2	test	33212
seqinspector:678c578d6b97e648b0de	test	33213
seqinspector:acf6f891c3495037bea4	test	33214
seqinspector:6cffbc4f8957068c3557	test	33215
seqinspector:22428fa4839a0bf2cf83	test	33216
seqinspector:f39ee7fee182ce12942b	test	33217
seqinspector:8bdb76647647482901a7	test	33218
seqinspector:09e848041a39fc17952b	test	33219
seqinspector:2f1ef3a16e6ba54d33c3	test	33220
seqinspector:89e20b5d49c014dc20c9	test	33221
seqinspector:4986fd56febe34b4366f	test	33222
seqinspector:103c2844f2fb02caf5dc	test	33223
seqinspector:06a5426979c6641c5dff	test	33224
seqinspector:62c1f52501f3577a7f8b	test	33225
seqinspector:00ed05e5c1c66a907bbb	test	33226
seqinspector:b9d3d9d6993266a8c17f	test	33227
seqinspector:637e96f51a8e7313e498	test	33228
seqinspector:e9161c7cc5271116b05b	test	33229
seqinspector:20436d952f327658967f	test	33230
seqinspector:37e059254eed62ef2efd	test	33231
seqinspector:b9cabe480f1dcdd9caee	test	33232
seqinspector:773443e8d46c2efc0b18	test	33233
seqinspector:18e9c79ce717b9483a20	test	33234
seqinspector:fa9bb5d1b06c897b82d5	test	33235
seqinspector:eb18c0a15e62aa3cefc7	test	33236
seqinspector:c40d2b83ac754b1aefa6	test	33237
seqinspector:c0d1c329bdc9d0e405a4	test	33238
seqinspector:0f1b5ba04ed464e263d6	test	33239
seqinspector:bfb050ca2dad03680a47	test	33240
seqinspector:6c6a036b101028039761	test	33241
seqinspector:9d2a4b0a418830dbd4e8	test	33242
seqinspector:b5be9ea6cd9ba7952545	test	33243
seqinspector:d35d43818a9f02f697ac	test	33244
seqinspector:2c8f32cc85a967a299c8	test	33245
seqinspector:f2f93805e8eadb8b798e	test	33246
seqinspector:78f2f7819ec9b16a470f	test	33247
seqinspector:8273b078a1d69053d98a	test	33248
seqinspector:70aae26cc64878d19a1d	test	33249
seqinspector:680cc69b0bd532c9def7	test	33250
seqinspector:c48537c4c10a6754b21a	test	33251
seqinspector:240d990ee693c4017963	test	33252
seqinspector:f6008e675fb6d56954e6	test	33253
seqinspector:15415ff4f4818e182ae7	test	33254
seqinspector:c3cdeb0dc6a8a5608f79	test	33255
seqinspector:09454b85b3e52b43991c	test	33256
seqinspector:a4f2b17cfafd6062109a	test	33257
seqinspector:f27117c3cb1d0cc1d1dd	test	33258
seqinspector:cdc57df5d9b7eb78b222	test	33259
seqinspector:11e821599b2227834e5b	test	33260
seqinspector:7ab890fb3f8fef5c707b	test	33261
seqinspector:4d4e5452422279aa0594	test	33262
seqinspector:8d92c9a1d1404ec60f3c	test	33263
seqinspector:ef4c2680bdc37b166c5b	test	33264
seqinspector:90b5a14685f90dde7d88	test	33265
seqinspector:88ee3171497729031a71	test	33266
seqinspector:523993ceb5525f9d166d	test	33267
seqinspector:767405d193f6b3f20852	test	33268
seqinspector:b1dc485c471a9bdfff62	test	33269
seqinspector:3528758c47bd9daa9e00	test	33270
seqinspector:c243ff997c4964408d37	test	33271
seqinspector:bd0cabc2214ed4027561	test	33272
seqinspector:c0a3af2d39dd80d81963	test	33273
seqinspector:99a7d6237b8a2829d3b1	test	33274
seqinspector:75f07450d159d71c0759	test	33275
seqinspector:5e00ea801a117e31a561	test	33276
seqinspector:13d289f2f491cc63d189	test	33277
seqinspector:0724b41cf8c94e1735a7	test	33278
seqinspector:32b10706a54197a4e5f0	test	33279
seqinspector:fcecf803b813c2663aeb	test	33280
seqinspector:6268e8d36f898611b85e	test	33281
seqinspector:42714b20e626eceeb08a	test	33282
seqinspector:e73c078d38fe827adffa	test	33283
seqinspector:53768627ff5139738b18	test	33284
seqinspector:b7c8999d57265a8f6070	test	33285
seqinspector:72f9e495b89664a523b4	test	33286
seqinspector:b7055223a7f5287f7107	test	33287
seqinspector:d11fc80b8eca2cb05fb1	test	33288
seqinspector:cdec15adc032bf05c39e	test	33289
seqinspector:43fa98abc231c6f69bb1	test	33290
seqinspector:610cbe24e468bfd8ce55	test	33291
seqinspector:2e55866536e9c096cf3b	test	33292
seqinspector:857a5a8eaffdca94f126	test	33293
seqinspector:d1eaa84751ec2bf78fc3	test	33294
seqinspector:663c9c429db2ef73c0e0	test	33295
seqinspector:5462512c7b372c9e3260	test	33296
seqinspector:3112c16bc4004d0516bd	test	33297
seqinspector:ec2706f85184e54ae430	test	33298
seqinspector:716ccb23fa0118805087	test	33299
seqinspector:f27fb2a2101db6c5090c	test	33300
seqinspector:55265e507e9d04b61d44	test	33301
seqinspector:f18ae2e7a394d393864f	test	33302
seqinspector:34b6982872d8c1726134	test	33303
seqinspector:ce8570254cd1cd114aab	test	33304
seqinspector:c5c126a54756e9844986	test	33305
seqinspector:c145339c54eff3d5c3c7	test	33306
seqinspector:0cf716eb355e625a6dae	test	33307
seqinspector:7cffbfcb9cbc10e2a6e8	test	33308
seqinspector:559e8a059debe9254dcb	test	33309
seqinspector:8c5c1fc393e320c1b6c6	test	33310
seqinspector:3f2861ce19fc962977c1	test	33311
seqinspector:7e7553d876fc58a0b94f	test	33312
seqinspector:e46597df42cefb2d764d	test	33313
seqinspector:62071e559cdd7eef65f3	test	33314
seqinspector:4f83045cd9990a4e7672	test	33315
seqinspector:6bfac7160288073622ca	test	33316
seqinspector:b4ab667ca178b346e41b	test	33317
seqinspector:95c7de7338450b4ca9a2	test	33318
seqinspector:1abaf0efeda49f64b019	test	33319
seqinspector:196df29a103a0e28d011	test	33320
seqinspector:b5a8a8187616c2a653c7	test	33321
seqinspector:0301e9d2d40963b38f47	test	33322
seqinspector:d1280588e07862236a0b	test	33323
seqinspector:859fc25ea2f3c640434f	test	33324
seqinspector:c064c875f1a2d592c878	test	33325
seqinspector:9521496af00a6528d0c8	test	33326
seqinspector:a281915c699f710f4229	test	33327
seqinspector:c2e5c121841271aa0477	test	33328
seqinspector:06e746c23a808af5349f	test	33329
seqinspector:d389cc0cd7c0d1aa9361	test	33330
seqinspector:289b5c0c26d16d73992f	test	33331
seqinspector:87251e463d802bdd2c3c	test	33332
seqinspector:c926abd54e585115ff1e	test	33333
seqinspector:f1e8a39699d1e0ed57ce	test	33334
seqinspector:8340b67168a00e0efd02	test	33335
seqinspector:fb7bcee86ffabbd10f66	test	33336
seqinspector:1d0a6eb16cbf39ebf237	test	33337
seqinspector:438887b197f703d71993	test	33338
seqinspector:b8e329513f0db18c6744	test	33339
seqinspector:d422ce223c8ca07d3584	test	33340
seqinspector:b1338945f552b7062cf4	test	33341
seqinspector:747e7fef12a73813676c	test	33342
seqinspector:40236a2841aa7d8e5d37	test	33343
seqinspector:79220dd7147ff1ccc1b9	test	33344
seqinspector:f024ae49a9b72cca7775	test	33345
seqinspector:b94144022e75a4505e51	test	33346
seqinspector:32f22c6d20220545f5eb	test	33347
seqinspector:420db8916f75793bdc3d	test	33348
seqinspector:0b5ff5e23855ca58e19c	test	33349
seqinspector:6214b015dbb465e7768c	test	33350
seqinspector:d9b0bb27d6099c8947af	test	33351
seqinspector:96ddb1714549279f90db	test	33352
seqinspector:bc2f684aa26891218d26	test	33353
seqinspector:8f4919950f42a65bfc9f	test	33354
seqinspector:9c5217165c58c85fcd49	test	33355
seqinspector:0dec07cb94ae79daa4bc	test	33356
seqinspector:5ce56b4e4f7be171d61a	test	33357
seqinspector:c8729296c6bf0c125af4	test	33358
seqinspector:d01269dea4ee21725b19	test	33359
seqinspector:d0790ceba2f49ee8ed1b	test	33360
seqinspector:3949f8d5ed871f246ba4	test	33361
seqinspector:d5e94e543855155bd867	test	33362
seqinspector:e66f9a42a892a1d02142	test	33363
seqinspector:e87e0a796c6d5da3ab8c	test	33364
seqinspector:076311857a2857465758	test	33365
seqinspector:708e6e5743244045ad29	test	33366
seqinspector:c9964c90ddcc7ac0626a	test	33367
seqinspector:c8228ca629f2454df88d	test	33368
seqinspector:b817715d610eae195bad	test	33369
seqinspector:2dbf5a87153a58b1f97e	test	33370
seqinspector:6455e38ff0da6f65706d	test	33371
seqinspector:41e1e7a871b00b1a6ef3	test	33372
seqinspector:a4688897c12478a7de15	test	33373
seqinspector:480428c9189e9b2fcac6	test	33374
seqinspector:4b38a66996d7cc998761	test	33375
seqinspector:d3fde8efa07c5324a847	test	33376
seqinspector:fd86efc9823e3e97487c	test	33377
seqinspector:e41b1391f1154e80df62	test	33378
seqinspector:3c706e7c295e8863927c	test	33379
seqinspector:b914499e7f0fdf053338	test	33380
seqinspector:e65479631bed6f173a9e	test	33381
seqinspector:f47826675cf669e9910a	test	33382
seqinspector:11449292d222a7d64e5c	test	33383
seqinspector:4ed40633ccbe6859439b	test	33384
seqinspector:c9438727fc97ef1447df	test	33385
seqinspector:e52c3f2171c49b652f66	test	33386
seqinspector:4c181eb4831345678211	test	33387
seqinspector:194fe75c4bce2b20d290	test	33388
seqinspector:6cacc3e68a14486fe4e6	test	33389
seqinspector:b3735ce657474b9f4fe9	test	33390
seqinspector:e7c99405c7bbfc93389c	test	33391
seqinspector:08476b3b317b21920217	test	33392
seqinspector:cc5d75bdb97f2fa6b847	test	33393
seqinspector:4914d0dde56860e788b5	test	33394
seqinspector:6df37f6b3d426fce220c	test	33395
seqinspector:c48031be2cb889082146	test	33396
seqinspector:0219d1ebfe24885b2f38	test	33397
seqinspector:33dcfb2dc3759ca90ab4	test	33398
seqinspector:83749fb69d97f26e454e	test	33399
seqinspector:f86908046e2a2b6fd53a	test	33400
seqinspector:f30064a676c70e559128	test	33401
seqinspector:91d31e6d9ec6618d9b01	test	33402
seqinspector:9ff00ed0cab09bbde186	test	33403
seqinspector:2efcb80bd146266bf225	test	33404
seqinspector:757bd447c4760a9b1166	test	33405
seqinspector:e4b88034e5b81571f248	test	33406
seqinspector:81c5f3ddb5b3680f203f	test	33407
seqinspector:52ddbf42c8d92a7f4beb	test	33408
seqinspector:369e2fe38a945377a00d	test	33409
seqinspector:2913f3fc4db983b4ca31	test	33410
seqinspector:65dae82ba6ec7637a644	test	33411
seqinspector:31609ab1e3f2149f3a58	test	33412
seqinspector:c4286c09737b63cb0ab5	test	33413
seqinspector:ca2ec12964c8c1e1e477	test	33414
seqinspector:55b08f1dc0a85d683498	test	33415
seqinspector:4017cd96a5cf90ef4480	test	33416
seqinspector:c7b5ee9fcfdee987eaf1	test	33417
seqinspector:85ef051812f3d304bc9f	test	33418
seqinspector:3c0df94448122027d231	test	33419
seqinspector:b4ef44bb6c303481e2da	test	33420
seqinspector:deeb3290b7fc4b7bf249	test	33421
seqinspector:52ee89b9b4d570e73f65	test	33422
seqinspector:bd4351590458e5546c47	test	33423
seqinspector:2b9b14dd8af29d17b559	test	33424
seqinspector:9cefc29e4b4f5850b1e9	test	33425
seqinspector:19e89f7315b50a3216df	test	33426
seqinspector:d1bb54bf82dc3f5c05ed	test	33427
seqinspector:7e9280e1185a19647537	test	33428
seqinspector:183853a4d598d0933323	test	33429
seqinspector:03aa402e8ff78c296112	test	33430
seqinspector:998dfbb6a662d266e8f4	test	33431
seqinspector:63538ea0ce96a4bc4417	test	33432
seqinspector:338be5432819339318db	test	33433
seqinspector:58a8640c31e16cd83084	test	33434
seqinspector:9c811090a399529a2cda	test	33435
seqinspector:cf2f5a63763169690b91	test	33436
seqinspector:521cb3024d12207bb1ac	test	33437
seqinspector:369213f1510f03a6b6e8	test	33438
seqinspector:f46045ab9c2758d75553	test	33439
seqinspector:9e6427a81f28278aa5ef	test	33440
seqinspector:fc05d68fb0705b1d1073	test	33441
seqinspector:9ada0670fe688ffa81a9	test	33442
seqinspector:cfaaf2ac6d78d61f11da	test	33443
seqinspector:5fe4c1c93c97c9d49be5	test	33444
seqinspector:f559b899b6a0e570fffc	test	33445
seqinspector:7a603012be2719d07e19	test	33446
seqinspector:9ec863bfb0ed265e164c	test	33447
seqinspector:3880e9b55b13eb2dd04e	test	33448
seqinspector:502babdbc22f1dc3035e	test	33449
seqinspector:5e1a10f01d9c61239695	test	33450
seqinspector:5d5de1501fa84fdd360a	test	33451
seqinspector:112863e7e34e3ee6275f	test	33452
seqinspector:528401b9e58c6c0f6fc3	test	33453
seqinspector:a15f05df662514a278c1	test	33454
seqinspector:2bc77f369dd92232f78f	test	33455
seqinspector:86efeb23c0391dc580ec	test	33456
seqinspector:af13c6942ad45377643f	test	33457
seqinspector:08169c1180585b628fdd	test	33458
seqinspector:86c65750ba5f82e0a639	test	33459
seqinspector:5792e4a3f0af6967c49f	test	33460
seqinspector:76c03bc10c3eefc9dfb5	test	33461
seqinspector:dc795bbef6db620acb5a	test	33462
seqinspector:3587a6c03d05731ae6bf	test	33463
seqinspector:e19c49d5a8223b9be0e0	test	33464
seqinspector:2c17545bb24f198fd8d8	test	33465
seqinspector:06bc96a5607d8cc2822a	test	33466
seqinspector:ec07b56c2a6fad35dcc4	test	33467
seqinspector:8e46d9f7191e3d0b7e16	test	33468
seqinspector:087f8099180491eb8ace	test	33469
seqinspector:e60ee536a9fcf1ff37fa	test	33470
seqinspector:d47ba09f82d467e4cd29	test	33471
seqinspector:f59b4aecadf5a7eef122	test	33472
seqinspector:f5bb0309bac5671bd320	test	33473
seqinspector:df0014abf310475170b3	test	33474
seqinspector:e0591ab76ae77ee48ea5	test	33475
seqinspector:aafab6e83752d6345fe1	test	33476
seqinspector:829ed5823b1474bd0d6b	test	33477
seqinspector:a75946462f4b5e86741b	test	33478
seqinspector:df303221ffd9de49037b	test	33479
seqinspector:d69905e4045bb844b83c	test	33480
seqinspector:db7ee3c98a29e73dc3e9	test	33481
seqinspector:aec0f5b50b6ba25255bf	test	33482
seqinspector:95e6727ff777f04b4098	test	33483
seqinspector:187aff8cd7918d8ec858	test	33484
seqinspector:3fcff5bd6607bf80f1f4	test	33485
seqinspector:8f928d561857766707ac	test	33486
seqinspector:27d6ec11d7aa353da360	test	33487
seqinspector:b1b316f102ba98baf99e	test	33488
seqinspector:02a0a8b6e2d26c5aef5f	test	33489
seqinspector:889e4cd5a7f9cbc59389	test	33490
seqinspector:234b8c8153d82afab297	test	33491
seqinspector:68bf4a1bb311d4d1950a	test	33492
seqinspector:b46c6491dbf5eb439e6e	test	33493
seqinspector:2f9ac4eb5f60954133e9	test	33494
seqinspector:b346e44b394e775ddfab	test	33495
seqinspector:03b25a65cdba8cb9a2f6	test	33496
seqinspector:8994f6d4042d7bf62cd7	test	33497
seqinspector:1e468430a22c86ae9799	test	33498
seqinspector:9e2217a24305361a19cb	test	33499
seqinspector:f4edab653174f0f103e8	test	33500
seqinspector:1fd7a7d96a8b48f363f6	test	33501
seqinspector:ebe5c234a62ca8733809	test	33502
seqinspector:1f7159345f222329971c	test	33503
seqinspector:69c0c65effb02a903b1c	test	33504
seqinspector:d3eb44d45354913ee45c	test	33505
seqinspector:7e8ca69d89e9be2ff8cb	test	33506
seqinspector:fa3019b7f990b45dedd8	test	33507
seqinspector:55c2cbb2ebfe1f3ff9e5	test	33508
seqinspector:9f81afc9f5087f4657f3	test	33509
seqinspector:91f7ee02659c1f1faa04	test	33510
seqinspector:560777f8d2b8b05e7b65	test	33511
seqinspector:2382fe362e76ff2c8cec	test	33512
seqinspector:09784e9c53b977ca3ea2	test	33513
seqinspector:421bc678e674888f2082	test	33514
