logical_task_id	role	replay_position
minimap2:b3ad08e7a8b6e7ae8727	train	12010
minimap2:7d731a2f7197d88fb105	train	12011
minimap2:31c7d051a39923b51dd3	train	12012
minimap2:2951145786a7ad42e95e	train	12013
minimap2:fa790ade1db92f60fd8d	train	12014
minimap2:8c8e0b0a82fc961d2954	train	12015
minimap2:b76192f7de587c3e8500	train	12016
minimap2:5c58e5ffa2d07f7ffc04	train	12017
minimap2:76efa8f8d0e08cf4f14c	train	12018
minimap2:7b3285094384ac0a0597	train	12019
minimap2:1401ad72e3c1f015999b	train	12020
minimap2:4e0e438d0e3715bd2387	train	12021
minimap2:58ffab26d8868a227d69	train	12022
minimap2:a8310c3c0fe5cca0ef60	train	12023
minimap2:0a18a1d999302892aa11	train	12024
minimap2:a8eb0fabfa68869e7512	train	12025
minimap2:85e69a595b6f599e545b	train	12026
minimap2:2add4f303ea0b7643351	train	12027
minimap2:9010b3f7031592a564a1	train	12028
minimap2:1478d31b96b3f00e19be	train	12029
minimap2:6f3397388329c520200f	train	12030
minimap2:107fe1cf1700132c3ffc	train	12031
minimap2:3bdecded58456fe9eff5	train	12032
minimap2:f2a9a2f0ccb7f4f0f3d3	train	12033
minimap2:e64a2cc1e8bc4cd86e98	train	12034
minimap2:90f5a117bd2866137020	train	12035
minimap2:f0307ec4adb3ded3584e	train	12036
minimap2:3c3dbedd8e22d5e15129	train	12037
minimap2:4773f4543e8b67cae9fa	train	12038
minimap2:567ebd51345bad6dcbd8	train	12039
minimap2:ed32907ed41e21a8b35d	train	12040
minimap2:e4d15feb31da0fbfbf55	train	12041
minimap2:86c931094fee2025c280	train	12042
minimap2:81d434598fb23ab50872	train	12043
minimap2:9e246ca3eb282f786a86	train	12044
minimap2:b2663c9cff834e226149	train	12045
minimap2:bf425c710dca63db79b9	train	12046
minimap2:fb8a4f920bb7e51230e1	train	12047
minimap2:ef525102b82674609129	train	12048
minimap2:af2cdfff3d281ba0f9fa	train	12049
minimap2:3921b176a9aad76b54fd	train	12050
minimap2:f4bd176559235838debe	train	12051
minimap2:e03e78960df1d56b5df3	train	12052
minimap2:6dc42325c1b746ca2241	train	12053
minimap2:5493f7a1af8b79a428fc	train	12054
minimap2:282679977a79b5c87bf8	train	12055
minimap2:a5c32fe01a9c8777f31b	train	12056
minimap2:76bd05eaef011fcef271	train	12057
minimap2:98d9e9afc2eb5acda647	train	12058
minimap2:ca589c22776314cd08a8	train	12059
minimap2:86332b9f1d5203164cbb	train	12060
minimap2:18f051faee032f477811	train	12061
minimap2:10da192a9ad9fe8f7dc6	train	12062
minimap2:a68392adf8f2181f8ea6	train	12063
minimap2:7f657114aa172afcaf90	train	12064
minimap2:1bb9d1c5463471217fe3	train	12065
minimap2:1c1ff74a992d4b0d9de5	train	12066
minimap2:a8d8476e44a9021f3976	train	12067
minimap2:115560caf53d90b7b93a	train	12068
minimap2:ab4e7b40fe9e79638842	train	12069
minimap2:b156298f15a4f2674845	train	12070
minimap2:f9253f098a6dbb3ff324	train	12071
minimap2:c9583e9c8f21d96c4cd6	train	12072
minimap2:703aa812265edf375a6e	train	12073
minimap2:bf38cace2823d3b6e252	train	12074
minimap2:5a193dbb0ce8cb46300d	train	12075
minimap2:e11b8b5057cb02390d4b	train	12076
minimap2:c596510394a6bcffc4b5	train	12077
minimap2:3cc876fe39f87bfcd663	train	12078
minimap2:59ef71a01e726eacac37	train	12079
minimap2:fe681ec2e8d82285bfcd	train	12080
minimap2:dc4cc7d339be25a3676b	train	12081
minimap2:fcf9f4273567e0b38356	train	12082
minimap2:caaedcc21c78b6ae1d91	train	12083
minimap2:b39c36dbbea800d2426f	train	12084
minimap2:5a18f68cb6e6e2caf239	train	12085
minimap2:48509942383b9c99c313	train	12086
minimap2:10ec42f42d44bcf2b9d2	train	12087
minimap2:2ac55910b1d0461d5c8c	train	12088
minimap2:345c454a52ece756a0d8	train	12089
minimap2:076d2b0c53b82ea48936	train	12090
minimap2:c45c3e080973784683b7	train	12091
minimap2:260d051ae82117c80789	train	12092
minimap2:a61372df726405fc73d1	train	12093
minimap2:55be23ab46e11c6decaa	train	12094
minimap2:335b62abafd25f82d9d1	train	12095
minimap2:971f07096a32c82f40ef	train	12096
minimap2:145cf53e4a2be3ecf40f	train	12097
minimap2:2ef722f945e587b3f7b6	train	12098
minimap2:7bf429fcfc6d29e7a260	train	12099
minimap2:dfdb3bcc61ceae23804a	train	12100
minimap2:6881373706de967518c3	train	12101
minimap2:ce527b1456ec23386780	train	12102
minimap2:ddd6f37ab9c9c09f1fda	train	12103
minimap2:5b709afcedbe223bfe96	train	12104
minimap2:efd058abc390b19670ef	train	12105
minimap2:6770d544bebcf11cbdf9	train	12106
minimap2:97dfd462aa8d42187b0e	train	12107
minimap2:badfa063ce0292e42b8b	train	12108
minimap2:92db5d54d2031d6ba379	train	12109
minimap2:0f4bed663b1cc3988dbe	train	12110
minimap2:fbb0580573ce3cee3ad9	train	12111
minimap2:d14c507260d5a708fa2e	train	12112
minimap2:5e1fc49ddd108ca7d394	train	12113
minimap2:d8be527065e88c7979b7	train	12114
minimap2:7a81f1b9ed9865433ab1	train	12115
minimap2:a144007c8a529384f7c2	train	12116
minimap2:face1b6aa3cfd3fb31d1	train	12117
minimap2:6431eab2e4e4767e15ff	train	12118
minimap2:33161e2c501354826b1e	train	12119
minimap2:5966439cd9645a1cc6b6	train	12120
minimap2:6c2940fc967ec7351937	train	12121
minimap2:60c565362fc263f84108	train	12122
minimap2:a1cc2a82f1589875f6fe	train	12123
minimap2:d12af9583d3c49f8177f	train	12124
minimap2:ebdad92f7c9e20c31fac	train	12125
minimap2:2a3ea4d4b2717f59ec28	train	12126
minimap2:fb9262c6711d39ba47d9	train	12127
minimap2:58fe4a5ad48d4b04d57b	train	12128
minimap2:c314fbcd9f2270893607	train	12129
minimap2:856f6c0e8dcdd8524970	train	12130
minimap2:0813918493aa44adb928	train	12131
minimap2:dcab6ede36990966c478	train	12132
minimap2:27ce583d2336c0388c6d	train	12133
minimap2:d6467e787c210f782306	train	12134
minimap2:71e7a1a87a0317d53841	train	12135
minimap2:802fc4b96f2390e535b8	train	12136
minimap2:28d847bb4dcfe57bd07b	train	12137
minimap2:931fd5e6f860d5fac6f2	train	12138
minimap2:df5e6f71f165943dfdf6	train	12139
minimap2:3bbf6b8d619deecfa125	train	12140
minimap2:a817e22b320fb7cf14a5	train	12141
minimap2:dbfe7c285607f19979bc	train	12142
minimap2:ec6d454345b5a726a9c8	train	12143
minimap2:70038249e62133464c66	train	12144
minimap2:b7799d67e5e9f58216b6	train	12145
minimap2:343a663c7d03229ac3fc	train	12146
minimap2:e9a0802a2771e39de57f	train	12147
minimap2:9e96842eeb6c8c744207	train	12148
minimap2:219a241704cd27b97fad	train	12149
minimap2:e9fef9e613ab523fccef	train	12150
minimap2:5d6854becdf171b329a9	train	12151
minimap2:8508e0766a28d8c1ca1f	train	12152
minimap2:9330d519b0a9918df22a	train	12153
minimap2:9b5b5faa7f1bc51d2e72	train	12154
minimap2:30384c9c318f056f4ea1	train	12155
minimap2:8732d9957870edab5393	train	12156
minimap2:d783750411c1eec9a64d	train	12157
minimap2:95fecc5e0ed0ce741815	train	12158
minimap2:4b05ae5c2b0f21de388a	train	12159
minimap2:af1ec9b691276811b270	train	12160
minimap2:aa22a78889bbc7b1b38d	train	12161
minimap2:2983df94c10afbb1f304	train	12162
minimap2:28bf206adcb4f78bb257	train	12163
minimap2:6ec3cf2fe4d2be174140	train	12164
minimap2:626667c38f244bdf4af9	train	12165
minimap2:8b4bd2a2e5add7f7b9ff	train	12166
minimap2:655d71fbc31649931507	train	12167
minimap2:7a6d48c510e2db9f1c1a	train	12168
minimap2:5f5620da8860e9c33250	train	12169
minimap2:1521f475c7cdd9205b71	train	12170
minimap2:0ffacc8d00bd629e558f	train	12171
minimap2:fa90267ea87205671b42	train	12172
minimap2:02ce2b45e3869ee08f15	train	12173
minimap2:25abc0a6bccbc8d8e10f	train	12174
minimap2:4eb85682905d485c090e	train	12175
minimap2:744b6f303173ae242caf	train	12176
minimap2:c5350448e88d6c478d9e	train	12177
minimap2:be822af15337e5c262cc	train	12178
minimap2:9e9f913d23513e2f0fe7	train	12179
minimap2:d44927b818dac7945ce6	train	12180
minimap2:8872d4e9845a5a489abb	train	12181
minimap2:c2e12e98fb8d5f044f0f	train	12182
minimap2:5f9c3792d7ddc04c9188	train	12183
minimap2:9ff78fe8fdef163ea6dd	train	12184
minimap2:e147f9fad9ae0f1a9a87	train	12185
minimap2:74daea7fdb1290732496	train	12186
minimap2:07f413e3d47e0e341d1f	train	12187
minimap2:ff16589fe2f501b7a416	train	12188
minimap2:5dc9f6e7ffc199ce3726	train	12189
minimap2:d24148e750c5a62acd27	train	12190
minimap2:1c977e4d6b0a4d90f4a7	train	12191
minimap2:70749be0092f91584c5a	train	12192
minimap2:349ba0fea0380bb53edf	train	12193
minimap2:c9a168ea4788987a39a8	train	12194
minimap2:e357ffbe4f9de9d1e39e	train	12195
minimap2:351e85a318e342d86842	train	12196
minimap2:599949b6e13c88d7e6c7	train	12197
minimap2:3ebf11045bdd8a6c65d2	train	12198
minimap2:f614b5818d509bba24a9	train	12199
minimap2:a7451655bf3ab7618ed1	train	12200
minimap2:4d38ec8bd391cde70c36	train	12201
minimap2:278f3aa8be58c949fb1c	train	12202
minimap2:692b26ea56f7e725ac17	train	12203
minimap2:4652340297567ce140d6	train	12204
minimap2:9a730ee5a11cfaaf7e04	train	12205
minimap2:82adf25a58cc85f6dd0b	train	12206
minimap2:c55eb0ddaf95a8eb30ab	train	12207
minimap2:e2d29f434840114d261c	train	12208
minimap2:7b4bfb4c4144641f8e5b	train	12209
minimap2:343dba28367ff3392140	train	12210
minimap2:317739794bb156056f79	train	12211
minimap2:d6c6f0f53248d33ce735	train	12212
minimap2:1f022b26a4e8454efd88	train	12213
minimap2:c1840fe5440b2400de31	train	12214
minimap2:08e1ff6202bb81217a08	train	12215
minimap2:a8db19f9b8e7f105de22	train	12216
minimap2:aa213200f39af530a7e1	train	12217
minimap2:94b3c828c65aa598a114	train	12218
minimap2:ce53428cc73208b522c5	train	12219
minimap2:145313200f31368ee941	train	12220
minimap2:9f1b534d238dbc0b10f2	train	12221
minimap2:d2e563f1ae270cc7029a	train	12222
minimap2:3b5647732fe7462917b3	train	12223
minimap2:91a0cccc70d61c8592ad	train	12224
minimap2:62c5197fb60946a83be2	train	12225
minimap2:bc9c3cb83cea35b8adaa	train	12226
minimap2:bc359764fee73407f7f6	train	12227
minimap2:81fbec9cbda945eeef7a	train	12228
minimap2:8d953a8643aecfded0fc	train	12229
minimap2:d9dc1ca3d60d04214c85	train	12230
minimap2:db744a6b2deddcd6416f	train	12231
minimap2:b9149a2cb2ae7563498b	train	12232
minimap2:ec55a64406a0a3cd6165	train	12233
minimap2:bc7f9672c7923aae7a80	train	12234
minimap2:d6c749fceb85b0124afd	train	12235
minimap2:a21314824775a1e3a1d4	train	12236
minimap2:0b3217de1e7191fc99b9	train	12237
minimap2:7be8913a0af92dc7a05c	train	12238
minimap2:babf16fe881d9b6bf6ab	train	12239
minimap2:7a0478e0fc3f7da70b94	train	12240
minimap2:dfbb63aa1a3fc6638ffc	train	12241
minimap2:e7bc7edc144537e9d470	train	12242
minimap2:53377c273f3777c7ccff	train	12243
minimap2:4456b9b6673c39b71e95	train	12244
minimap2:90d51e5421d351116bd1	train	12245
minimap2:a7ca54b5db75fdbd730f	train	12246
minimap2:e1bdaa72e9e7a7b80347	train	12247
minimap2:dabd19ee319c647f424e	train	12248
minimap2:47e4fa1f2422f8a99d64	train	12249
minimap2:ba4b745cf68564b95ba3	train	12250
minimap2:28c32ba8862f26f19725	train	12251
minimap2:92a72c554a85c7e51922	train	12252
minimap2:daadc09207a518dda735	train	12253
minimap2:61204b616c37766decba	train	12254
minimap2:af514a25c9a951416859	train	12255
minimap2:79aaf9638b106f758dec	train	12256
minimap2:c20f8517aa12cfc03ed6	train	12257
minimap2:153c8d1fba44d9c8ca3d	train	12258
minimap2:e3c392bd8499634cff8a	train	12259
minimap2:847cd810c720040e0ffb	train	12260
minimap2:388c064376adf8b3ce5c	train	12261
minimap2:21e85bf5db7dc7dee1f7	train	12262
minimap2:640e97ab4e58e91b7e9b	train	12263
minimap2:1448080917f8937788df	train	12264
minimap2:f9d01db16c5b6cfacd10	train	12265
minimap2:f5775b584d32428e4dc9	train	12266
minimap2:d99e52c30a401707fb50	train	12267
minimap2:5870cd814d5e58124ebd	train	12268
minimap2:814d77374e63616ce168	train	12269
minimap2:41df7248de7fdab70f9c	train	12270
minimap2:bb793c0f98f27ab4b351	train	12271
minimap2:52d48d2df13414d7e0f0	train	12272
minimap2:5599b5cfb37ffd35d72f	train	12273
minimap2:ac0c3fa3be0c42265a9a	train	12274
minimap2:6a4b8d6644e3e78bec52	train	12275
minimap2:df3a456596d2a5ede727	train	12276
minimap2:e56e8f5718b534eb3226	train	12277
minimap2:b7472063dd24266899fa	train	12278
minimap2:6b717d484229f4134616	train	12279
minimap2:fbce96c687ca826f0892	train	12280
minimap2:13ff2c32f9bd26383240	train	12281
minimap2:4ac27f3b8691a4b277d8	train	12282
minimap2:5afd1d89d2f965bf1da9	train	12283
minimap2:9505b554f3a28e6c5c4d	train	12284
minimap2:51cbca10095048b9f4b6	train	12285
minimap2:f8fd7b8d18f377335c20	train	12286
minimap2:02cfa48b6c0c664b3477	train	12287
minimap2:419222002536af4aa006	train	12288
minimap2:5344fa2771dde8a8c1ae	train	12289
minimap2:42b447630e07ce4ac9bd	train	12290
minimap2:9971ef3bf4fd3724ff1b	train	12291
minimap2:b300649180f5557c1385	train	12292
minimap2:505e1afb7dbf654cc31b	train	12293
minimap2:e9e489a655376e1f5494	train	12294
minimap2:d0f4384c40551118c69a	train	12295
minimap2:4e925e9f8b93e01ecc12	train	12296
minimap2:a5e4a7dce3070eea1e5c	train	12297
minimap2:1b9efabc340db647bc44	train	12298
minimap2:e7440f633d39d8e1a767	train	12299
minimap2:4df7893cf9b1cbccd79c	train	12300
minimap2:78085cd367c25690549b	train	12301
minimap2:51b56bb294996ea8a9bf	train	12302
minimap2:f612704f38a8dd7c2ccd	train	12303
minimap2:355cdc638e44e15402cd	train	12304
minimap2:35e270d93de30a80fe47	train	12305
minimap2:f73f0fd515424d93de5e	train	12306
minimap2:afb6bced8492b8ed2385	train	12307
minimap2:0dd40cde841324eefb3d	train	12308
minimap2:0a6d768c55fb667c65f3	train	12309
minimap2:1905dab8bd0ab90d0281	train	12310
minimap2:7b3a130ce58435c3bc55	train	12311
minimap2:f10e311733a7d101099c	train	12312
minimap2:aec41934fc71fe0bb772	train	12313
minimap2:d80bd9b41d8ebccbf8d7	train	12314
minimap2:a70591e8ddb15a480fed	train	12315
minimap2:d67bd5930c1425c85f94	train	12316
minimap2:f4a50d66d8fd16636a1a	train	12317
minimap2:7bad4c5efe2c50a736e0	train	12318
minimap2:e16d0d9dd5a890b0dd81	train	12319
minimap2:ab1541ec3b4e97603569	train	12320
minimap2:fb412cea9362c2e14d70	train	12321
minimap2:8a2489d19c9290f1a9b1	train	12322
minimap2:e771cc3ab5430a2f4fbd	train	12323
minimap2:9aaa38d7e97957e632c8	train	12324
minimap2:07686fadf952d58ac8ae	train	12325
minimap2:bac53149ffe9d828d4b5	train	12326
minimap2:39445c4fbbbef25e0cc3	train	12327
minimap2:4027a07754cbb2e68503	train	12328
minimap2:dcee4d054685564b9918	train	12329
minimap2:3c58dd14375ded959b0c	train	12330
minimap2:5733ece237a9fbf5c96b	train	12331
minimap2:b84c5516f9f2192ffde7	train	12332
minimap2:ca130568fcf66b64041d	train	12333
minimap2:6de54d7884bf7597aa3b	train	12334
minimap2:c21fef7e831a8a440d7c	train	12335
minimap2:79b9e2932991c6c19743	train	12336
minimap2:cd9f8608e443935a8ba4	train	12337
minimap2:d897327d54880f0f52e3	train	12338
minimap2:d2ea387b4137dfe5547a	train	12339
minimap2:303735dfb152862788a7	train	12340
minimap2:dc589f00293c359894d8	train	12341
minimap2:1e195f6d6b980ad6ffdd	train	12342
minimap2:2c8e5086941f923cd97b	train	12343
minimap2:b83b38844e577683569d	train	12344
minimap2:69afc07dcdd8ca7598c7	train	12345
minimap2:67f18f6f9e142e9efe6f	train	12346
minimap2:caf0029875c3c6f6d66a	train	12347
minimap2:939ab2d6c3dce6756c93	train	12348
minimap2:e54c4a0385022ef558f3	train	12349
minimap2:e1d744a6290109e9b52d	train	12350
minimap2:57d96756c7fa49cb8da0	train	12351
minimap2:308aa2b945573a4fe92f	train	12352
minimap2:eb82771763ec6acdc8c4	train	12353
minimap2:cc812c72ca1a93cc2d6c	train	12354
minimap2:6ec5d1cd021c55470fbf	train	12355
minimap2:3e33748a78cc4e4061f1	train	12356
minimap2:78bfb392b43206b283b2	train	12357
minimap2:201edfe7ee3e08b9ad06	train	12358
minimap2:5aba573d64981dea6713	train	12359
minimap2:f25ac160a790c7f5542b	train	12360
minimap2:4ed93e712cd80a6aa837	train	12361
minimap2:0c724f9f8a613c030fcf	train	12362
minimap2:1717b2596c8176c8918a	train	12363
minimap2:1d690ca2a85bc84301e2	train	12364
minimap2:9c652c38a98e95795f36	train	12365
minimap2:0037ad651df812a00464	train	12366
minimap2:4a1e833fe2a352c92d00	train	12367
minimap2:b2651e6028ebacc3bd0e	train	12368
minimap2:5bc5c290bb2c628ef613	train	12369
minimap2:38505c00f87d068d80f6	train	12370
minimap2:864013f7ca65601f523a	train	12371
minimap2:f63ae816459fce51e82a	train	12372
minimap2:78fdcbe0c944447ef03e	train	12373
minimap2:ad0cd5716a520924bff6	train	12374
minimap2:ec8121562b4f468bad9b	train	12375
minimap2:3656731c6f00ff99bbb7	train	12376
minimap2:82d3906b809e812e645a	train	12377
minimap2:6da83581e949c1a8c015	train	12378
minimap2:462a19b25e6a16d5a3a0	train	12379
minimap2:ff2546a90cdd4ea4316e	train	12380
minimap2:99eecea8b3fcc8ab2f7e	train	12381
minimap2:cef094140b5bd6aa273f	train	12382
minimap2:45bc1a18cac7719648e0	train	12383
minimap2:2c00f423593b215f5cf8	train	12384
minimap2:e006526a66585f55f09a	train	12385
minimap2:920d25c4adb3105c46a3	train	12386
minimap2:42cb4f080b7dca6f202a	train	12387
minimap2:a0f25030f44b48003475	train	12388
minimap2:913f3da326ebf17f3bc6	train	12389
minimap2:82daabbfb8c6a326d0b9	train	12390
minimap2:005873b51e7337a1dc6e	train	12391
minimap2:c3aa7c12bb8decc2e3c7	train	12392
minimap2:ac2685a2b08627a651c1	train	12393
minimap2:24dce025236da9c6cf22	train	12394
minimap2:b0cbcbdd7dbbc165cf50	train	12395
minimap2:968eac4cd7ccc3d11d4c	train	12396
minimap2:27ab6fe9a8cbfefb3540	train	12397
minimap2:acdf855577f7db9d9da8	train	12398
minimap2:744d669ad9a21086d7de	train	12399
minimap2:a8fb439b74ca07ab105f	train	12400
minimap2:6edcbc947243246f13fa	train	12401
minimap2:51e2d066b538c824f6f9	train	12402
minimap2:5e88238c34cf9d7142b6	train	12403
minimap2:d776fbe63753416a796a	train	12404
minimap2:028374feef1d24c4434f	train	12405
minimap2:39056fd305b07fc2b340	train	12406
minimap2:57ab8c64d0f446a11c59	train	12407
minimap2:fb9a1faf6799c108a60d	train	12408
minimap2:03274a2ab4ccb61a7dae	train	12409
minimap2:0cc4b81c4621e14ab269	train	12410
minimap2:8877864b88ac481a2700	train	12411
minimap2:964d27547833e33f11f0	train	12412
minimap2:2f1a75978c8f2ec4942a	train	12413
minimap2:b1cdaafa0962b7416c17	train	12414
minimap2:8026316da1c01383b65e	train	12415
minimap2:b7210c0f8dd0c00e4802	train	12416
minimap2:02f57dbd68a0c613e9cd	train	12417
minimap2:8cbd814241c056ace1ec	train	12418
minimap2:d2d49caac3909a76b232	train	12419
minimap2:07b8e778d3778ba372e3	train	12420
minimap2:8af2f013ef92f6ec9918	train	12421
minimap2:268915c332f8e9042955	train	12422
minimap2:84c3dda5c3fabd3be524	train	12423
minimap2:bad2e6fe6354bfaa497c	train	12424
minimap2:45c1cf2a95bb4c002048	train	12425
minimap2:22b136b9fb824217e2d8	train	12426
minimap2:47e2ce53b4750a9a67a6	train	12427
minimap2:5ad99fb55aa9e444225b	train	12428
minimap2:9fe1d48bc7b85008b5d8	train	12429
minimap2:9565960a8c06810af97b	train	12430
minimap2:51c0edc7287d31eead40	train	12431
minimap2:4b445dc0a0458c789eca	train	12432
minimap2:ae5a8a13fc15910ee3f9	train	12433
minimap2:4eee13d178d6da663008	train	12434
minimap2:93e00f98c0ce854a7877	train	12435
minimap2:6a32a30c2884454602e9	train	12436
minimap2:4f6d67907cdda4b01588	train	12437
minimap2:bd7a69015777d411c80a	train	12438
minimap2:436519bc7df5e21dd577	train	12439
minimap2:1b38e9ef07f161b1108b	train	12440
minimap2:6b3358ee22d21c06f897	train	12441
minimap2:06c9ec1e43627f0e76d1	train	12442
minimap2:309e956a138d3ffe46d5	train	12443
minimap2:4af8f76b4d5ac7b17527	train	12444
minimap2:b762d2628067d6ac8415	train	12445
minimap2:32d08dbd7a64ccb72abb	train	12446
minimap2:d99975320b10064f5d10	train	12447
minimap2:d000c6cf1208952abce7	train	12448
minimap2:22c95471b01164b860b3	train	12449
minimap2:93e739e7e81fdf34da9a	train	12450
minimap2:097f0f5240027cc9134e	train	12451
minimap2:5bed6a97c471781b929f	train	12452
minimap2:3c31a405b17878cdda19	train	12453
minimap2:36b2f74abc21596a5333	train	12454
minimap2:985835caa67414fb1315	train	12455
minimap2:809e2abb513766886322	train	12456
minimap2:295f89bc7fefded4997a	train	12457
minimap2:d2fa22bb39c3785d38aa	train	12458
minimap2:dfdb5a9deb65b3cd34c8	train	12459
minimap2:a6482113f0a332723484	train	12460
minimap2:834bb9582f234362e39a	train	12461
minimap2:5b1d74c6ce01d0908f3a	train	12462
minimap2:cb3f133213017f72e4c5	train	12463
minimap2:85c615b26002f6e5f544	train	12464
minimap2:bbc740a6aae21ac65b9b	train	12465
minimap2:6e66f0b01cfdc01ab8e4	train	12466
minimap2:709bd2f62004d0065274	train	12467
minimap2:de393f6de3de34548903	train	12468
minimap2:7b4421788da2aaa9b3fd	train	12469
minimap2:75e2d734eca84a774d38	train	12470
minimap2:c76c06e78af64a80dedf	train	12471
minimap2:6882075f8310aaf62d4b	train	12472
minimap2:09453bbdea0df60b1ff9	train	12473
minimap2:ae54ad39f04a15d2df3e	train	12474
minimap2:9e48cfae5aa030d78b92	train	12475
minimap2:9f0cd45302b0716a016c	train	12476
minimap2:05ec11793f02baf125cc	train	12477
minimap2:838db130db6ddf8a0a2a	train	12478
minimap2:95f858c0573ba8e48e93	train	12479
minimap2:30a53702efd615815885	train	12480
minimap2:fd625bdbddf53e2d2491	train	12481
minimap2:aabcd3a847d21bb50a8a	train	12482
minimap2:58c3881c705fd39e7e70	train	12483
minimap2:7e94c2dc573287eb7a26	train	12484
minimap2:eabb786f82d6ea96399b	train	12485
minimap2:6a0d79dd0ce8f1c48292	train	12486
minimap2:57020d301966528bdd91	train	12487
minimap2:a896b25bee81625f1a33	train	12488
minimap2:1407e2ff82f23cb3c783	train	12489
minimap2:1a1479ab8a2aacfb6c9d	train	12490
minimap2:71538e977682b911a5bb	train	12491
minimap2:16a487dfe9ff4e94f431	train	12492
minimap2:6391529cf868d54c635a	train	12493
minimap2:4a8d3cd6b759ba31108b	train	12494
minimap2:37138e26eb1f9cd134a6	train	12495
minimap2:a86c0bc1b7724e1839e5	train	12496
minimap2:89e5a48cd683fe7d87a1	train	12497
minimap2:976ca1cded905a69da65	train	12498
minimap2:5457193cc28bfd256dc8	train	12499
minimap2:be97f9c6a103b39bcec6	train	12500
minimap2:ed5f4dc9ff7aa6cb53a8	train	12501
minimap2:64f12f0144c55bf34317	train	12502
minimap2:42e2cfbb24d4a7f1111a	train	12503
minimap2:78605ff283856ec17886	train	12504
minimap2:3ed72432d293aac8797c	train	12505
minimap2:0516ca30e368a332818f	train	12506
minimap2:a16bd25992824dfb3a4d	train	12507
minimap2:cf0d0911f9ec3ce1662d	train	12508
minimap2:fbdd96deefb4c5efc428	train	12509
minimap2:6fccadd6bff46b497bf3	train	12510
minimap2:aaed64cb745f73db6d82	train	12511
minimap2:918677101df53b4f45aa	train	12512
minimap2:d0cfaef9b50b31244142	train	12513
minimap2:52a1f2e0158fbc99d425	train	12514
minimap2:79e4f72302613e79cb50	train	12515
minimap2:05bfec8a1b1ac9bff913	train	12516
minimap2:8681d73b26dcc43d90b8	train	12517
minimap2:fe36d348d2523ac6ea04	train	12518
minimap2:eb15787509e5ad0e4fab	train	12519
minimap2:b5c68ae89397920eb82d	train	12520
minimap2:99a9572b9bc7e32d679d	train	12521
minimap2:8daeb7e91efc3b231395	train	12522
minimap2:cbff970b82a28e2286d9	train	12523
minimap2:78ab90004085f7a8f592	train	12524
minimap2:00e095d07ba87b351bba	train	12525
minimap2:a2946661617c516c4122	train	12526
minimap2:8e1ea6ca3a3de8189b63	train	12527
minimap2:30d9f1ad734860fbf2b1	train	12528
minimap2:108f44ca31101d7e0058	train	12529
minimap2:9a4df3ea524769b5ba28	train	12530
minimap2:49847ef725713c6f9b02	train	12531
minimap2:cbc2fd6f521c8396eb8b	train	12532
minimap2:a4c6b5b14700d2f33a03	train	12533
minimap2:380ecb4168313e6ade59	train	12534
minimap2:62bab5d848616fdbd3b9	train	12535
minimap2:85d2724d72b4f4737c48	train	12536
minimap2:b7eb9d4b262cb071f3c5	train	12537
minimap2:884070435b2841251b1c	train	12538
minimap2:04a51da06758f42849c4	train	12539
minimap2:152ce4e3c65ca97c3b0e	train	12540
minimap2:627a79cf80a6e120fe3a	train	12541
minimap2:13b2decd16c4083515fb	train	12542
minimap2:2cb818692b1c11055fbe	train	12543
minimap2:8c10b982714dbf4a08a3	train	12544
minimap2:ea948cd24d2b14071ff9	train	12545
minimap2:49cccea03de72cffb7aa	train	12546
minimap2:962da378262766bd516e	train	12547
minimap2:3d0d4e550a475b0e510c	train	12548
minimap2:d2df5f8c5bace19a5a55	train	12549
minimap2:ce92532ff912c7851dd8	train	12550
minimap2:4a368006ad5e5ac9762b	train	12551
minimap2:beaf84aa3851b4016c6f	train	12552
minimap2:5041cac471334c7fb37c	train	12553
minimap2:a42c65cc4fbdfba5c418	train	12554
minimap2:e8bce80c7d41f6dd660b	train	12555
minimap2:f57ac63afc5ac3e1f859	train	12556
minimap2:e4caaf6948bc305aaac2	train	12557
minimap2:aa42bc64f823ab26b291	train	12558
minimap2:d630d1e388e3a9c0a36c	train	12559
minimap2:4c7a63526f46cc97bde6	train	12560
minimap2:24cd4a70c3203e5bf111	train	12561
minimap2:809605acfd45b9b7eb2e	train	12562
minimap2:9b2b65a1e65c1b6b15b3	train	12563
minimap2:cc64d944db764f306d20	train	12564
minimap2:2d662aa43318a5193179	train	12565
minimap2:bb571320f39517cfc31e	train	12566
minimap2:2de302afd81d52e82450	train	12567
minimap2:c544fc6a43459e4181c1	train	12568
minimap2:3c02dad7c266268cbe4b	train	12569
minimap2:6088794b473009d04289	train	12570
minimap2:b39af5ae8cd2af573491	train	12571
minimap2:d6d2fc11891704ff3a02	train	12572
minimap2:1343b483f659f3b67f09	train	12573
minimap2:ff81d0ed237c373f7ec8	train	12574
minimap2:d2e6f5c4ef5c35c12500	train	12575
minimap2:51dafd27f88cc63a55aa	train	12576
minimap2:83b1f853344cbb71c69b	train	12577
minimap2:08edd937718beb389f4b	train	12578
minimap2:5791ddb58a925f0d1757	train	12579
minimap2:21b832436669ad3702ff	train	12580
minimap2:1a6956a34aa5679ea6f9	train	12581
minimap2:41ece2b9730a2e322001	train	12582
minimap2:15153cc8ca1b9f6643d9	train	12583
minimap2:4615b24a31c0ed07b064	train	12584
minimap2:c0bf89951aedb4458ad1	train	12585
minimap2:34bd1ec459d37053b03f	train	12586
minimap2:011df06df75cb4f1d5d2	train	12587
minimap2:67e28fdaeaa5c5eb2f21	train	12588
minimap2:3abaf60ff46e324d32a8	train	12589
minimap2:e2748fe5cb9cae4d8e47	train	12590
minimap2:2cf980fe7a37d0866cf7	train	12591
minimap2:0d4e1870ac8206577e7b	train	12592
minimap2:0f9c51d7f062ffa608b4	train	12593
minimap2:d3b50217cfa8da124eb9	train	12594
minimap2:d8c7b551ed0d198ffb53	train	12595
minimap2:42756b1f996109810a8c	train	12596
minimap2:4ca8a1e20cd39a9c0f5a	train	12597
minimap2:042bfc7cf311cb235f21	train	12598
minimap2:fb2cb667007581d3eff1	train	12599
minimap2:223b9224ade3353b7f3a	train	12600
minimap2:6ac162efe28beabf0656	train	12601
minimap2:bff3e7fb92c1184de0c7	train	12602
minimap2:5c6d4019ddfb3b78df49	train	12603
minimap2:463e7a23d6ee7a9127f4	train	12604
minimap2:9cffa53d0c9f6193002b	train	12605
minimap2:fff0d5914018a67f9b2c	train	12606
minimap2:86416c1fab8234fc46e9	train	12607
minimap2:b31661f87b1fa03ecf30	train	12608
minimap2:33b6b1e46c43ef7c9950	train	12609
minimap2:a7f84acbd1df14e09c8f	train	12610
minimap2:80471bd7f5ea7c8194c4	train	12611
minimap2:7b65ca5076b1d011fb9d	train	12612
minimap2:c624bc8a1c58cccf795a	train	12613
minimap2:ef80b2f9403c97d83f35	train	12614
minimap2:ccef065f353717592e3a	train	12615
minimap2:1d22aa6af81724f5f158	train	12616
minimap2:5f1e8d71b1fe9c1aeae3	train	12617
minimap2:0071a6af404aa68741cb	train	12618
minimap2:99365114c0e188516a0e	train	12619
minimap2:ab92b1cd9042ea8adcaa	train	12620
minimap2:7b4b419c81004953f575	train	12621
minimap2:8ff1b23da61512a3c7f8	train	12622
minimap2:fd2c76dc0004e16f3879	train	12623
minimap2:4d5433d5ac868a1985e7	train	12624
minimap2:b16a18a3e2778898fa84	train	12625
minimap2:8850d09c32f08af1c08c	train	12626
minimap2:be072aeb807c7d64fb3a	train	12627
minimap2:d94206739c7f8031a6fb	train	12628
minimap2:c408d5cb00e4d02fe78a	train	12629
minimap2:fb7067a6fec13dc43fdf	train	12630
minimap2:9d08fe7b169522ee99a3	train	12631
minimap2:8f80a2bc24adaf65bf86	train	12632
minimap2:80c764723a33c751e917	train	12633
minimap2:24f571503aeedce42df8	train	12634
minimap2:5c331625f37fa85593c6	train	12635
minimap2:ae7421fc7c8b2286a5a4	train	12636
minimap2:d1d7cbd6e0680024b63b	train	12637
minimap2:a3d273bd3cb9b8b1459d	train	12638
minimap2:280cdb9eb5f2c2082756	train	12639
minimap2:2d6ef36637de009b64d6	train	12640
minimap2:a83989872f6480846b28	train	12641
minimap2:fa4fb8fa618d970435f6	train	12642
minimap2:f3cd288a06141c6ec333	train	12643
minimap2:2aa59dd2cf4d80233e23	train	12644
minimap2:e13fc31ebc74565655eb	train	12645
minimap2:7ca84c6e4f9855964c27	train	12646
minimap2:df0a8b84b4b2f5e7f054	train	12647
minimap2:300f05f3d0358501f48c	train	12648
minimap2:fd89ec2a5b6164231b2e	train	12649
minimap2:1373eccde3c979e2382c	train	12650
minimap2:8a5e170d9652f587dd6b	train	12651
minimap2:f47b45ce22ab251e6b85	train	12652
minimap2:2e47b31ea1b9970c3add	train	12653
minimap2:d4c57ba4de8107316c24	train	12654
minimap2:25c1e83cb9477ddf98ef	train	12655
minimap2:42a1321dcb7b440d0f55	train	12656
minimap2:f594c707b821982963f6	train	12657
minimap2:7f340d98459102365196	train	12658
minimap2:4f9bfede9e2239a0e7fa	train	12659
minimap2:5a4588e275d1398b4ce6	train	12660
minimap2:b5000ac0b03b35bb3803	train	12661
minimap2:f2188776c2fbb860acb1	train	12662
minimap2:11f2e723b5c6fcd01556	train	12663
minimap2:417d0a0f8a8e375ee8a1	train	12664
minimap2:72b40ecce95c4aa7b95b	train	12665
minimap2:36fcdf10261e31230402	train	12666
minimap2:33aed209d0e6a1fe9f65	train	12667
minimap2:25c15e101784eca49980	train	12668
minimap2:ce6f8fd52eab0c98563d	train	12669
minimap2:c19516ea2b5fe963493a	train	12670
minimap2:c1381b96295a15a94a5b	train	12671
minimap2:7f6095ff79df48d0b25a	train	12672
minimap2:31285abbe4efbcadf994	train	12673
minimap2:4b6f86b171310b4eaebc	train	12674
minimap2:d6b97da0e0e33529f5d3	train	12675
minimap2:587ccfeca3a9798be919	train	12676
minimap2:341c27cce5ecdb4dacd9	train	12677
minimap2:1bf4a544f726a8938c6d	train	12678
minimap2:3e73e5439d9d68ec4276	train	12679
minimap2:f9307afac1011992d486	train	12680
minimap2:a249599a4886b8c1b68f	train	12681
minimap2:ab0853fa83ca10a12339	train	12682
minimap2:2f9f874d4a53c09d6b03	train	12683
minimap2:ad3ec2b894830fb4a248	train	12684
minimap2:3c8317abbfde1c4bbd0b	train	12685
minimap2:cd7cddf5e1434a496216	train	12686
minimap2:a4d8b87242eaf274b7bb	train	12687
minimap2:8cdfb26ea4201f46da7c	train	12688
minimap2:7f755e4d79b593df0de7	train	12689
minimap2:4707b916f8cef3ca1ba5	train	12690
minimap2:c1227648b559f6a3bc2e	train	12691
minimap2:813e9672021cf2830cbf	train	12692
minimap2:8ed667f1d42930cc37e7	train	12693
minimap2:0b21efef58a7466e144b	train	12694
minimap2:9f2d9eb999759af40eb1	train	12695
minimap2:11ff3911aa1ec88a8995	train	12696
minimap2:788a09d9f51edbd31bb8	train	12697
minimap2:19827d0d7a688b4e127f	train	12698
minimap2:fc12e8c813a1e85dbd28	train	12699
minimap2:8ad5d76b627683bb4601	train	12700
minimap2:7d263f6191d64270cd43	train	12701
minimap2:ebee4b7c79bdbaf4470c	train	12702
minimap2:f7bbab47ca69a719f0b6	train	12703
minimap2:6addec154339b8cfb71e	train	12704
minimap2:578de57dce00d281f390	train	12705
minimap2:1f9181bba2414f39db61	train	12706
minimap2:c1d9c119298e972649cf	train	12707
minimap2:5eac03fb78419d33e039	train	12708
minimap2:9565e9196621e605623b	train	12709
minimap2:21b110090b6291629629	train	12710
minimap2:cc8dfee78469417864d2	train	12711
minimap2:edaf4d4b961b10465c98	train	12712
minimap2:c0e1d0955e5ee84cb6cd	train	12713
minimap2:c2d98c0d7d539f5bc25a	train	12714
minimap2:69ae1e8c560867b4cf83	train	12715
minimap2:49e53a4b9c422c092600	train	12716
minimap2:d61a52723fe6791f3d17	train	12717
minimap2:599db9161691e271e015	train	12718
minimap2:ea576925a42769be82b8	train	12719
minimap2:da7b3a902552c3786e4d	train	12720
minimap2:f278d6207a38fcacaf30	train	12721
minimap2:84f04301a8d820236e9f	train	12722
minimap2:305489e99b839bd6586b	train	12723
minimap2:fd3173f4ea8bd43e8b0e	train	12724
minimap2:7f8cc2da9b2e82fdcad9	train	12725
minimap2:a9759466bc53b80dab64	train	12726
minimap2:5de6cf19f75772b8f180	train	12727
minimap2:92a8a8343d6b5f9db708	train	12728
minimap2:8a23bead7433945b95b9	train	12729
minimap2:ead676c8dd726c85a20a	train	12730
minimap2:40eedef9da193637d68f	train	12731
minimap2:385a77cd722ef40e4aed	train	12732
minimap2:fe01b96215f5f53f6d95	train	12733
minimap2:324dce766416946cdac3	train	12734
minimap2:56d71bf9b2121ed760d5	train	12735
minimap2:d1172772538de3165161	train	12736
minimap2:3fb5147ed9e13807fd11	train	12737
minimap2:467474152c25663137e8	train	12738
minimap2:97f95288721b5ea63790	train	12739
minimap2:acf979ed3c9efe4fd20e	train	12740
minimap2:c75c7196416afee6e013	train	12741
minimap2:b2f126d21c3f7695ca78	train	12742
minimap2:151ecc6726734fb3596b	train	12743
minimap2:adce0339b231447ac89d	train	12744
minimap2:3f3494743f7f49c704a8	train	12745
minimap2:a38d2a4d5aa8f36a89bc	train	12746
minimap2:7101fda39944ee49c5a1	train	12747
minimap2:478b0bf1ff43c7b869b5	train	12748
minimap2:06e05ce7a7a2e01cab9b	train	12749
minimap2:b5a27f5afb41b9dd6e72	train	12750
minimap2:b61a390c3b3cbb21934f	train	12751
minimap2:b3ad28767edacbe32038	train	12752
minimap2:328e1c9041a66b69e305	train	12753
minimap2:837ddfb4c7e082485de7	train	12754
minimap2:05d16f2100c6979758d1	train	12755
minimap2:20935f25b993f35c087c	train	12756
minimap2:f34500b117c7053c3d1e	train	12757
minimap2:041f62151e0f1651be19	train	12758
minimap2:cd4bc898d6940a6e3749	train	12759
minimap2:0ccbea3ca6103f6cb02c	train	12760
minimap2:258e996ada5dca227100	train	12761
minimap2:88040e64c8dd66a4eb7b	train	12762
minimap2:c3034091238c9a20cafd	train	12763
minimap2:89b72d873d1324d9c4ed	train	12764
minimap2:88025e9b73a446077b5f	train	12765
minimap2:2a88a273756b2fef4b0c	train	12766
minimap2:ba36c62874f5a1004f3c	train	12767
minimap2:15359bd19f7dfe9bc054	train	12768
minimap2:2728b29f5e45c7ddc510	train	12769
minimap2:b3b8ba1e7bc4cf4c7764	train	12770
minimap2:0a0e33b29d7ad4bdc515	train	12771
minimap2:0c93a14963096b4040fc	train	12772
minimap2:77709324ba4a130e1980	train	12773
minimap2:7514a9ae0f3ab931cf20	train	12774
minimap2:ca88cadc454e3aa14fd9	train	12775
minimap2:6a02ecf9b1e8485aa1d5	train	12776
minimap2:9ac706029d30983fbc65	train	12777
minimap2:57fb965d4400de7cf4a6	train	12778
minimap2:856597bcf8529c72b496	train	12779
minimap2:b56b494af6a231642ed4	train	12780
minimap2:11b7c5c6bf49e888c3af	train	12781
minimap2:7e766ae3eeb75ad26229	train	12782
minimap2:9d55bdd86257400e721e	train	12783
minimap2:1b04d05067284853c36f	train	12784
minimap2:a53d22130b69b59dab2b	train	12785
minimap2:a1be8efa213f1d29ef6c	train	12786
minimap2:8bd1c28c292490b03bd3	train	12787
minimap2:c28ac40fab952f887541	train	12788
minimap2:a4c3ee62dbda312296aa	train	12789
minimap2:5c3c4b0ba40c794f204e	train	12790
minimap2:2a03c99fd0df6137db24	train	12791
minimap2:507a45eaf398703baa49	train	12792
minimap2:b6098b395f479a13d1b5	train	12793
minimap2:ad1f86c06f547e40a9e1	train	12794
minimap2:b9292e4ae9e30f016bbf	train	12795
minimap2:673127d702fc536aa51b	train	12796
minimap2:de10d9f9361e410081d4	train	12797
minimap2:c7c9ea80686e5842ba3e	train	12798
minimap2:97d36a20ee88b63314c2	train	12799
minimap2:6fc870deacf39e0b410e	train	12800
minimap2:3193ee0efafcf82a1776	train	12801
minimap2:1aad75c078ba96c4e834	train	12802
minimap2:4795a132cff72122f075	train	12803
minimap2:e0e2a826c8a7172890e3	train	12804
minimap2:a6814b931211fd7d94e1	train	12805
minimap2:200d5f99984d1be2f0ed	train	12806
minimap2:2533d4636ed66bcdbffe	train	12807
minimap2:5984ae13a2f53175fc41	train	12808
minimap2:ef3b0252e8afaa95c374	train	12809
minimap2:e56d916c01f49b30d0d6	train	12810
minimap2:671983128622a1c62682	train	12811
minimap2:21020615db75d8321bdb	train	12812
minimap2:00b269a5fcda36468ae1	train	12813
minimap2:1c2e710322a0f024f4d5	train	12814
minimap2:a165aa3a0a748d5326b2	train	12815
minimap2:f9a84e3a634c83fc1bca	train	12816
minimap2:59e6b84c3991ac3e9341	train	12817
minimap2:29a3ab1f750799d92e12	train	12818
minimap2:e8fe9d00dcbd23d46384	train	12819
minimap2:fe779d30c30fa0d9eefe	train	12820
minimap2:cffb06acffd5d5e78327	train	12821
minimap2:1855ee7e315f2370e008	train	12822
minimap2:b2910af8d01f94fa67eb	train	12823
minimap2:3c56ab3e7834c0436c90	train	12824
minimap2:d9cbff52be81d7ab1256	train	12825
minimap2:48828afc7d612821bc09	train	12826
minimap2:c20bf0a11e9be843e64b	train	12827
minimap2:5e4094af01b353077553	train	12828
minimap2:74c2ee4a408504a90acf	train	12829
minimap2:2641019b66aa6ddf4df9	train	12830
minimap2:eecdf2b54b52b11e70cc	train	12831
minimap2:0ecb89f3f6005460ef63	train	12832
minimap2:f9582e4a9eab3ea82e5a	train	12833
minimap2:fd4a35ecb5951b380168	train	12834
minimap2:609222ae587913329bbd	train	12835
minimap2:4829d622fc5c1f7a6135	train	12836
minimap2:11b2c8ab1a8367582f4c	train	12837
minimap2:a7e002911dda8b47c026	train	12838
minimap2:c522c9b8dbcf6dd09338	train	12839
minimap2:7772cce4e6162c89d5d7	train	12840
minimap2:2594fe86a2a92cdbdfb1	train	12841
minimap2:68e4c1dc8cfff1e3d51b	train	12842
minimap2:41956a58749568afc36a	train	12843
minimap2:717e93269dd461b344c9	train	12844
minimap2:43ddcb643e4ed5feb090	train	12845
minimap2:d337741aa358333bd7c3	train	12846
minimap2:5b3743014a3dbe778054	train	12847
minimap2:b3bbb92d482c6093a79d	train	12848
minimap2:32fe5f25a9bedf8793e8	train	12849
minimap2:931f816c97f473ad741e	train	12850
minimap2:479bb4869d14216c47e9	train	12851
minimap2:c0e935cba625f01b1c51	train	12852
minimap2:3b742e9fbc1f8019cc5c	train	12853
minimap2:76467323488eaeb8ef4a	train	12854
minimap2:4784148ca72c5b94f3f5	train	12855
minimap2:21b2c8d4e4af8af0c484	train	12856
minimap2:6fee7a512b8ea6e5dcd2	train	12857
minimap2:d6dc39a340e734cd0a21	train	12858
minimap2:8864c3ffe89f2261f99a	train	12859
minimap2:9dff91cf5f3af0a6eb13	train	12860
minimap2:53444b84467e1d995efe	train	12861
minimap2:ed661a26cefe5c9d46d2	train	12862
minimap2:873e55cab19f95526c54	train	12863
minimap2:e436dd260424c2c08ed0	train	12864
minimap2:b96a9ee72b4f00e499d6	train	12865
minimap2:e83951c9b49d6a12f01d	train	12866
minimap2:32e4d8b9ba57d939e40a	train	12867
minimap2:4ee502b72e234e817013	train	12868
minimap2:e65d93aa1bf2313c16f6	train	12869
minimap2:c8595a5035ae53739c53	train	12870
minimap2:d90c18b6164bd1d12b01	train	12871
minimap2:8490395317889a95d87a	train	12872
minimap2:dd89dfa9c658f78370dc	train	12873
minimap2:e28de14c6f0b59305d05	train	12874
minimap2:8f506f4f3a5204983f7d	train	12875
minimap2:ff4cc5d0bb12560d3367	train	12876
minimap2:753cbe8419950d218abe	train	12877
minimap2:d49996b5f41163a30b6e	train	12878
minimap2:7107aa6dcfe9d72abc22	train	12879
minimap2:49e67540905513b45f7b	train	12880
minimap2:9a3e7e4898ce08c60904	train	12881
minimap2:c5964203546d7ebaf608	train	12882
minimap2:f459efb12a324d5087a5	train	12883
minimap2:74f7f7fa44b30b3e26ca	train	12884
minimap2:1e407e48aa3f022e93e8	train	12885
minimap2:5853b47f7b86571b392b	train	12886
minimap2:699b8bb7380fabbdee66	train	12887
minimap2:5e5cf3fdc34827b852e8	train	12888
minimap2:a5ae066939b6cfd9a3f1	train	12889
minimap2:033c5892213142330d58	train	12890
minimap2:1f59187a0a3dc8ce6f50	train	12891
minimap2:002609fc4ea7566bdce5	train	12892
minimap2:dd52531176caaf38eae2	train	12893
minimap2:02a3d8e6051d8ba09c6d	train	12894
minimap2:9b80c22988a5965fff76	train	12895
minimap2:5045eae355022b963062	train	12896
minimap2:474c8cce3393d6802348	train	12897
minimap2:2deb8aae7ae876a8e89b	train	12898
minimap2:62d892039186dce5ebc8	train	12899
minimap2:4c804c8b23aa32b22602	train	12900
minimap2:288cd87edcd043709e0f	train	12901
minimap2:6cc8cbdfe9e935d57d9b	train	12902
minimap2:9229f3125d4646bdaca0	train	12903
minimap2:717335a252e264626dba	train	12904
minimap2:59a536b7c0f79378ee9d	train	12905
minimap2:ae1fca0ce47acd1a8159	train	12906
minimap2:0758244a6c41838f1652	train	12907
minimap2:c7db3690aa798b267238	train	12908
minimap2:7ec877495b1cd30bcab5	train	12909
minimap2:08f45b5e08db51febd8d	train	12910
minimap2:f2c3a54461f226be403e	train	12911
minimap2:26cd7e8695f9af2bcc95	train	12912
minimap2:4d48e519a71baca18c12	train	12913
minimap2:f1c7e9c6082f120ecec6	train	12914
minimap2:94c02cbceda728f4b580	train	12915
minimap2:f50ada0ee5217629620c	train	12916
minimap2:2b92bbf9ee33ce82e560	train	12917
minimap2:7c15cea2d92c960fca43	train	12918
minimap2:e691c30a66344b660b5c	train	12919
minimap2:4a9696a6bdd75350aefe	train	12920
minimap2:7d6e51c28b22769fc0b2	train	12921
minimap2:366114afcbfa5fdbe208	train	12922
minimap2:00ef824daec31da0b558	train	12923
minimap2:a2c124dc447520950f33	train	12924
minimap2:d5b242dfb90b7213cc32	train	12925
minimap2:80b7d3cbbd23c5a3deb8	train	12926
minimap2:1443208f4ee22aa61411	train	12927
minimap2:adbb34bb88c65f17b1ce	train	12928
minimap2:031e678abda9982380db	train	12929
minimap2:e0d75095ada75de89d15	train	12930
minimap2:9245bbacae49ab96a518	train	12931
minimap2:7c1153e71c85a18bea0b	train	12932
minimap2:d8ef36026153e00f4dcc	train	12933
minimap2:acaf3046bf07b6b066fe	train	12934
minimap2:c24f6ff94d02269fbd6e	train	12935
minimap2:01b27aeded05ce4e1671	train	12936
minimap2:a81c3c2da0550c205140	train	12937
minimap2:98e91358db9eb881e58b	train	12938
minimap2:62741661b785954ce9cb	train	12939
minimap2:77dcefa9b83c269c18b4	train	12940
minimap2:19cbcfc17ced29b96ce6	train	12941
minimap2:be64fa08bd5ffab2fab1	train	12942
minimap2:87fb8c122c74a40cd6ff	train	12943
minimap2:68cce079587907299273	train	12944
minimap2:f465f726bac10a634806	train	12945
minimap2:6d76c2c5afb65a044b8d	train	12946
minimap2:28c55ff93d18c8f41604	train	12947
minimap2:caf42afa96e25fb71c81	train	12948
minimap2:057b3d4237acda0036e6	train	12949
minimap2:ac40b58e6153b150eaf2	train	12950
minimap2:279617573237b91551c9	train	12951
minimap2:7b84b1c439585be64438	train	12952
minimap2:4e4b9e79fe41834e959c	train	12953
minimap2:78502458c9c355865b6d	train	12954
minimap2:a62a879deff2aba727f6	train	12955
minimap2:11a61d19d206a925db66	train	12956
minimap2:1606af34d5a05052bb69	train	12957
minimap2:5534785dd339353f628d	train	12958
minimap2:ab8bf8757ac6bdaaf901	train	12959
minimap2:f0de30fa3c6a57f2ab6a	train	12960
minimap2:d518913c5210a9ead5c4	train	12961
minimap2:79fe130ea7b2d1f71f35	train	12962
minimap2:269eac5e5dd4fc120a3c	train	12963
minimap2:e73818844bf2994060d1	train	12964
minimap2:adbffe1ede8aa7a573c7	train	12965
minimap2:295c8b7bcfcb14728956	train	12966
minimap2:95801758907fe06b43f7	train	12967
minimap2:d3eb83d18121c458a2b5	train	12968
minimap2:11421c8277b9dcfd6be4	train	12969
minimap2:e924df9c7de8e63248e8	train	12970
minimap2:b6e3e1c6eb8b06e8c908	train	12971
minimap2:7c03233342a5bc272436	train	12972
minimap2:320dea3e179d07a041af	train	12973
minimap2:79941eaeac1837fb6661	train	12974
minimap2:1fcfef45fb28917f1849	train	12975
minimap2:cd7f11c7b026d072309d	train	12976
minimap2:3a8476a76b05807f313a	train	12977
minimap2:425d1f7d950d2a6616bf	train	12978
minimap2:7fa769e6174c5893f557	train	12979
minimap2:6be1f202b02802127c32	train	12980
minimap2:b5d2053bbe3303a922ab	train	12981
minimap2:2505a09b35738de49e46	train	12982
minimap2:aa7b69de75235845850e	train	12983
minimap2:e2f9d492227d533ff781	train	12984
minimap2:19255f1e44e78f33b5c4	train	12985
minimap2:a118bd0576b7fba8ae20	train	12986
minimap2:49a44e21df2a8676b3a3	train	12987
minimap2:c4dbc3e3d72281c9fe1a	train	12988
minimap2:ebf610a3370d189c6093	train	12989
minimap2:0c3a835d80eb6d55e6a4	train	12990
minimap2:390430c68763ab36cb95	train	12991
minimap2:5f832fc5b08c25c12e18	train	12992
minimap2:73f4b0990284d4bb86fd	train	12993
minimap2:4ff2997dae3140f78db3	train	12994
minimap2:673f746a6e6f69b360ad	train	12995
minimap2:5552fe0221efb6370f2e	train	12996
minimap2:af6ddbaf1a8a8b0c3ca5	train	12997
minimap2:da892f2760b00ca8bf35	train	12998
minimap2:7e6d1bbbbafa862918ef	train	12999
minimap2:9ebb9b60bca3ddf5d915	train	13000
minimap2:4b3c2cd38f7f2bf7176f	train	13001
minimap2:814b06d3ccd7ee0739d5	train	13002
minimap2:004e25b6e0121d34c37f	train	13003
minimap2:a96dc94eaeeb1806bef8	train	13004
minimap2:5fe140bcee62f5b4d7ac	train	13005
minimap2:047f88acdfc8fa504580	train	13006
minimap2:1d73825627caa0e72129	train	13007
minimap2:2e3e6e429e08e4ae4670	train	13008
minimap2:77678135f7eac93e05fc	train	13009
minimap2:4c684059cf97db0e1090	train	13010
minimap2:bb48f987fed474e1c0f8	train	13011
minimap2:52d0049704a7aab7fd08	train	13012
minimap2:8a899271e2a760fba252	train	13013
minimap2:864378cf8c9cafada2b0	train	13014
minimap2:d58184e59b1a50af4ba1	train	13015
minimap2:77513455482ededaab7b	train	13016
minimap2:9b7cca67ada0e4d63a60	train	13017
minimap2:6c175708f9cbb111329e	train	13018
minimap2:4eda2f524feb0582ff7f	train	13019
minimap2:f01c1654dae8fd43e2f9	train	13020
minimap2:d5515994fde11ec90494	train	13021
minimap2:cab4d7eb75ab6a73b42d	train	13022
minimap2:3f2ccb7204a16ad87d68	train	13023
minimap2:6c1fa9c4a9c659738382	train	13024
minimap2:967bcf4142c8c7bb6a1a	train	13025
minimap2:513361d5c813f52495d3	train	13026
minimap2:c4c1db412e608b528bbc	train	13027
minimap2:ccc656cbd9f0f4308a7e	train	13028
minimap2:f3284127ae93aa9f2785	train	13029
minimap2:2ae91a6de6652bf5d91a	train	13030
minimap2:e29fdae8afa0b684a13d	train	13031
minimap2:fa79457a0a5fa6481cf2	train	13032
minimap2:54c3966717099676b790	train	13033
minimap2:e9224638292b7d5670cb	train	13034
minimap2:d2fd81f76b0183a38c59	train	13035
minimap2:a5c0e2b725e5eda0c010	train	13036
minimap2:34d69a33524057001d04	train	13037
minimap2:4a0f389d11f650b7e140	train	13038
minimap2:bda28b1a67dde77744c6	train	13039
minimap2:1f2bf553b5965798d9c3	train	13040
minimap2:d4e9b876848e2d71b5db	train	13041
minimap2:21468a0367628b423ad8	train	13042
minimap2:2aab1effd660a3618f3d	train	13043
minimap2:7318a00ada58f98a9c8a	train	13044
minimap2:0689ed8ac4eb8372e7e6	train	13045
minimap2:89f8d7f184a0fc30f139	train	13046
minimap2:07c71aedfff724cc0356	train	13047
minimap2:51d9f736d9e5a3efee7b	train	13048
minimap2:9685bc1bf3e1b31848fe	train	13049
minimap2:bc9023f256e55b7dc110	train	13050
minimap2:78b72597b6806b8509d3	train	13051
minimap2:b43b4db01397716ca0fc	train	13052
minimap2:9dcf0368a2e6f1f4c3d9	train	13053
minimap2:9ac51f2e5813f83acb11	train	13054
minimap2:a5fa16f1365e1466c13d	train	13055
minimap2:48895bfb70ad488f6dfa	train	13056
minimap2:07f331f53d2d3878a42f	train	13057
minimap2:6fccbdd71c7e20e4f63d	train	13058
minimap2:5bc56bd2c8843929faff	train	13059
minimap2:345381693d2801ae0b73	train	13060
minimap2:1ca47a0f7aef6983b222	train	13061
minimap2:49d87b870b498c4db005	train	13062
minimap2:9ebc6e66427760c64aa7	train	13063
minimap2:6c0d63270772848e9a14	train	13064
minimap2:a250260466c7980e8e32	train	13065
minimap2:adc5832e246b7e34f83b	train	13066
minimap2:64a61c67e5e4d68d426c	train	13067
minimap2:288a660712c1c08470f6	train	13068
minimap2:c468cbc1ee7caa08339f	train	13069
minimap2:71aae23bb4381ec0149f	train	13070
minimap2:486a4a364d126b31ced3	train	13071
minimap2:a39e7c8f181699bc8c02	train	13072
minimap2:ecef4524552677d56966	train	13073
minimap2:175cdf85cff5625b1230	train	13074
minimap2:d6f7bbab7a81b1014e79	train	13075
minimap2:bd321d2bed871e469a19	train	13076
minimap2:a0014d1eed3d813fb5ba	train	13077
minimap2:d42ed4242fbb20932d6e	train	13078
minimap2:3d2f077c0ea48a1326a8	train	13079
minimap2:1f9d74973dba84d8d862	train	13080
minimap2:bdf2b5601178479e8cae	train	13081
minimap2:672ce7ce6d6bbbd70841	train	13082
minimap2:53f672465326c0e2dbb8	train	13083
minimap2:0d0428aea8b70c2206ef	train	13084
minimap2:0cfba36e6b82fa4fae64	train	13085
minimap2:5e691d799ee906241d30	train	13086
minimap2:6f0919a288a3b7b74ce3	train	13087
minimap2:44c52539d570517a2db8	train	13088
minimap2:d34b69408042064fbe45	train	13089
minimap2:7a0f76ae471813211ac1	train	13090
minimap2:e54a74879560e9775389	train	13091
minimap2:1c7a9dfd0ec29643a02e	train	13092
minimap2:0c06939a326e222137a0	train	13093
minimap2:8c027dd2dd64a9d72da6	train	13094
minimap2:5b586b5442c4178d79b4	train	13095
minimap2:844f91f05fa1ccffd131	train	13096
minimap2:77ae6d10d6ccbeba0b57	train	13097
minimap2:59b9404f1f8aeee01d03	train	13098
minimap2:8717f47b878b231135ed	train	13099
minimap2:717bb635dff15613a3fa	train	13100
minimap2:52eac4aff41a0da36a86	train	13101
minimap2:a3d830e18eb1d80ef8fa	train	13102
minimap2:4a6f798b030c724a9d42	train	13103
minimap2:f0e3fbf79a9633e8c800	train	13104
minimap2:a30d5686573e38f60130	train	13105
minimap2:2ec551cbbf0673feb973	train	13106
minimap2:ba8b03114ef0b23c1832	train	13107
minimap2:08c5d61e7d8cd18debf1	train	13108
minimap2:3d1df0faa0409a3ea7e5	train	13109
minimap2:f137cd49df584775eee4	train	13110
minimap2:9050e07aa7f082c4e536	train	13111
minimap2:a8d38588660e184e4d00	train	13112
minimap2:ff987f47dc99c9ec9b97	train	13113
minimap2:19de3a8bc49de679cfe3	train	13114
minimap2:c55bfad3d602d224d6a7	train	13115
minimap2:1c3fa07df22dfe80cd8d	train	13116
minimap2:ab3ab5635a18b11e9a02	train	13117
minimap2:eb225b06bf93306a0bc0	train	13118
minimap2:ff364ea1caef109c0f86	train	13119
minimap2:a3ce4508b0058d521cd0	train	13120
minimap2:2b592748411a7d19215e	train	13121
minimap2:3c646b7290b1ff49b0b7	train	13122
minimap2:9245fb2f6b9410caf66a	train	13123
minimap2:47a46477d005b586ee1a	train	13124
minimap2:e32f3e074d360c5ec681	train	13125
minimap2:00131e58b12866bbda55	train	13126
minimap2:30308aa67983848cebf3	train	13127
minimap2:b2c90d0bdae49b2dcac9	train	13128
minimap2:3e59701633445ad420b8	train	13129
minimap2:0ad1ee2ce30afaf1216a	train	13130
minimap2:d90ca524e2ee58a3a907	train	13131
minimap2:c75632c40e0de05fb3bd	train	13132
minimap2:233cc773053cb4420ebc	train	13133
minimap2:54b02248f0f99fd20255	train	13134
minimap2:029b6ca476097995e081	train	13135
minimap2:108f2c1d66bbd09f2dce	train	13136
minimap2:715431ba86b9516999d8	train	13137
minimap2:e5fb402f99dbe160413f	train	13138
minimap2:4672080a4f993dfbddaa	train	13139
minimap2:ea47303820387ae5bb42	train	13140
minimap2:f741000047a20cdf68cf	train	13141
minimap2:d451081268c236715952	train	13142
minimap2:ad6dfd1e6199d8a136a4	train	13143
minimap2:5d019592977102a07e11	train	13144
minimap2:3330c45e2fa2e7ca18e6	train	13145
minimap2:99a3f241ed4bc4e33fbc	train	13146
minimap2:5f341f886cda3767fae2	train	13147
minimap2:43693029b35216b25778	train	13148
minimap2:2ab6f5ffd4115283e0c9	train	13149
minimap2:e269d5966516e702b9b0	train	13150
minimap2:5ab2500d2c69ea13295f	train	13151
minimap2:1e0b3c31c6b148fce073	train	13152
minimap2:f1aa4c890723daccd40d	train	13153
minimap2:37747b0b599f58299391	train	13154
minimap2:9ed0b4e6150fd9b2e538	train	13155
minimap2:658970ab85abf8743de0	train	13156
minimap2:2f507b442f30cff9ad41	train	13157
minimap2:a317131dd35a812570d0	train	13158
minimap2:38dc7737b9b57ba77159	train	13159
minimap2:82e8680489a68733f7df	train	13160
minimap2:ffb131a3670877aa7e34	train	13161
minimap2:cf51f7366956e91cbb07	train	13162
minimap2:6872370c518a95f40df1	train	13163
minimap2:62280142bd8630d20c62	train	13164
minimap2:900f636a85f7de9e30c6	train	13165
minimap2:366fc0ed137378f3266e	train	13166
minimap2:dab69c49dbaed17cb7a9	train	13167
minimap2:b4636fea81ed8fd844d9	train	13168
minimap2:861c2b8c5e3f4cc4db35	train	13169
minimap2:b7f99ef5440116e946ff	train	13170
minimap2:48a3ea09e241ab7a2980	train	13171
minimap2:47fc20be8ec4aadba039	train	13172
minimap2:589d8c85b233a1c6b950	train	13173
minimap2:4f4fa6fb2ebea75e32e0	train	13174
minimap2:c769e6c7e45baf251d35	train	13175
minimap2:7ea756674a4aa26bf146	train	13176
minimap2:c912e6c6f1966c14ce04	train	13177
minimap2:7094e1ecb1eaa4ce3bea	train	13178
minimap2:c4996d5594b0979b8f55	train	13179
minimap2:88d50f8ce62531e4a95d	train	13180
minimap2:9f0550ac3b16054e23f3	train	13181
minimap2:87f9c6f6649cd21a9fb3	train	13182
minimap2:bf4d4b5fa501a2c54fb7	train	13183
minimap2:a331f6481fb9c29043fa	train	13184
minimap2:e3969eb269d883cdca3e	train	13185
minimap2:8798d5381092f0a54e63	train	13186
minimap2:a3db1905eb3defdaa2e9	train	13187
minimap2:9c6369dfe522530050be	train	13188
minimap2:9c980fa233d213829065	train	13189
minimap2:5c41d0d2bb74c4bbd6b1	train	13190
minimap2:1765253e96fd3eb33f80	train	13191
minimap2:d4bcdbfd8b88ff75c56a	train	13192
minimap2:3e97c52019236e0eddf2	train	13193
minimap2:e62b2d81735ebbf91d25	train	13194
minimap2:0c84282c874f5c2b35d1	train	13195
minimap2:1bbb5bb49473a54fb885	train	13196
minimap2:01774dc337a831b91003	train	13197
minimap2:ef6331c5180a73360b43	train	13198
minimap2:e9203f00b66cb60a0dc1	train	13199
minimap2:548309ac3abb0bd307b3	train	13200
minimap2:986f0af7f9860ecf07c1	train	13201
minimap2:7969663d6da966f7c6a4	train	13202
minimap2:cce484b5de6364eb44ba	train	13203
minimap2:56fead846ea84e5fd182	train	13204
minimap2:1ed11a3633cd630a36a8	train	13205
minimap2:780cbc725eb0a3006ae0	train	13206
minimap2:fe7e654d1b15c0cde5ba	train	13207
minimap2:b29ddc4284fcc68ded23	train	13208
minimap2:7d18feb7aba4c31489dc	train	13209
minimap2:5d735c41e4082d4edaf0	train	13210
minimap2:07a412fb0ba733169e52	train	13211
minimap2:c2ad1f9e03cab57b59ec	train	13212
minimap2:92f2e9126ffb72fe281b	train	13213
minimap2:7164a352fd4f4eb5a414	train	13214
minimap2:13597529ab500331ef09	train	13215
minimap2:26d0896c6159686320e3	train	13216
minimap2:3501852d80a9aa93d48d	train	13217
minimap2:9f01f851650f765d8476	train	13218
minimap2:905d600e7e16498ad4c1	train	13219
minimap2:74c82f78f85efcca9aa1	train	13220
minimap2:c7a546cb49a4c183856e	train	13221
minimap2:19813308ba82d59d8db4	train	13222
minimap2:c68f7ca7369b7017da29	train	13223
minimap2:7b51d8916c2ee3c90e29	train	13224
minimap2:085578f34404f27fdf7f	train	13225
minimap2:861d7fe518e65f64e90a	train	13226
minimap2:5aed7fb334cc9f74f9b8	train	13227
minimap2:c0013683fb258f13da8c	train	13228
minimap2:864416d67265bbd3f7cb	train	13229
minimap2:7440938f80baeca89f10	train	13230
minimap2:8beb591a31dc3f1e9a89	train	13231
minimap2:a4365a8ed79b1b4c511d	train	13232
minimap2:dedacad945d7ed49e8ea	train	13233
minimap2:2e8d058720a5c4216f70	train	13234
minimap2:bd9c7e50a3851f4fceed	train	13235
minimap2:b7033401ee0a369c6c12	train	13236
minimap2:bbc781de6327eaa977c0	train	13237
minimap2:940d683e1a05ca2ff156	train	13238
minimap2:c5002765e1494969bd57	train	13239
minimap2:e9a7652bf05daf4c662c	train	13240
minimap2:69df6ee2606cd1b879af	train	13241
minimap2:c81a61674ac0024547be	train	13242
minimap2:5a44c042253b37972658	train	13243
minimap2:ab7083ebd8b951c7f548	train	13244
minimap2:ac5c5e1cf7dda7bdcd71	train	13245
minimap2:ef72cabefb92b79c085f	train	13246
minimap2:3a8c22761dd7718d3421	train	13247
minimap2:eac877146e4999a6ac88	train	13248
minimap2:d7bad3f6416fc62d36b5	train	13249
minimap2:3beaa5a5a997aee88589	train	13250
minimap2:dc2168c379d40ac74fed	train	13251
minimap2:7e2a6ac56a69945043e4	train	13252
minimap2:cd4d3b1ea032638227d7	train	13253
minimap2:358c7f649a85eeddb243	train	13254
minimap2:f01098dc00a8fa0a014f	train	13255
minimap2:0cbf699af29f7d26dd99	train	13256
minimap2:65e6ef05bb1b4d06c5c2	train	13257
minimap2:afa8dc761bac375fcd15	train	13258
minimap2:b0578c909b8f31d5cad5	train	13259
minimap2:d0e651c34d4b91cd6ed7	train	13260
minimap2:9f6bfb2fdc8f3f854132	train	13261
minimap2:69ace09e47366771bc63	train	13262
minimap2:754169a225f4f4be0111	train	13263
minimap2:6b4c038e9f19cd405125	train	13264
minimap2:3da9d8045f993ec68804	train	13265
minimap2:43e5e9426052c852c3ac	train	13266
minimap2:4ac68abb4101ea7188aa	train	13267
minimap2:30afc76c85f54d2d0f25	train	13268
minimap2:bfef75dc8d08907684cf	train	13269
minimap2:f97716e04eec17ca7ef5	train	13270
minimap2:27e3541f970052b6e0a2	train	13271
minimap2:ae336f938e63383d7fd1	train	13272
minimap2:d9d895786bdb45b1c7ff	train	13273
minimap2:a85b934a158711a96666	train	13274
minimap2:9e1d0d3bbd8d33672af4	train	13275
minimap2:c85c112147843205da17	train	13276
minimap2:f81d481ab06ec4001ea8	train	13277
minimap2:5fb7192fd7f5dfbf7642	train	13278
minimap2:bd73e4635102f7c6efea	train	13279
minimap2:569c6c14ff2e88a55314	train	13280
minimap2:eaf802573f2aee342b54	train	13281
minimap2:fabaf3ae57f4ffefbd01	train	13282
minimap2:2c5b83118cb31cb4498b	train	13283
minimap2:6b6971623acf79e4476b	train	13284
minimap2:be501c370fb9be22a532	train	13285
minimap2:3b024dea6e834e8add09	test	13286
minimap2:e83add887a3388375187	test	13287
minimap2:9c693c66f5da1e18bcc0	test	13288
minimap2:0a03073dcb938eaddf5e	test	13289
minimap2:6a7fe98a3d34a7be2668	test	13290
minimap2:0c368514e89af9b177c4	test	13291
minimap2:2715b08e51ab408fdab0	test	13292
minimap2:97e66b2b28e8868b0617	test	13293
minimap2:77e9a15ce66173bf35f4	test	13294
minimap2:2f83e6c43bc7be3ece6d	test	13295
minimap2:1b8ddf6eb9546df73e14	test	13296
minimap2:388c26073e2ceb6bc024	test	13297
minimap2:edcd6fe41c0da6c600ec	test	13298
minimap2:5024f8da07d17994e472	test	13299
minimap2:0aed931b14430fc52823	test	13300
minimap2:f78da27d1467ce9926e1	test	13301
minimap2:e8cbd720ba8f9c18c2f9	test	13302
minimap2:0083ebd4cbbff25cdc03	test	13303
minimap2:950f587ce649fc1f7050	test	13304
minimap2:df9b8a43d8dbe081845b	test	13305
minimap2:237ca2b529827802b2e7	test	13306
minimap2:6ad91711c2f3b41f40cd	test	13307
minimap2:915410880f15e38a7f67	test	13308
minimap2:6854f07ead8922d47e5b	test	13309
minimap2:d45b698271f4b0c95b3e	test	13310
minimap2:0c9fd1378d287b0dae0e	test	13311
minimap2:e01578038015ef7d505c	test	13312
minimap2:cde84f48c64215464510	test	13313
minimap2:85a03af8d7425db5a911	test	13314
minimap2:7387872e03dc5612840f	test	13315
minimap2:dddeaf24a7e708ed4bc5	test	13316
minimap2:58a7c3968d9b18809f79	test	13317
minimap2:e169378ad2ba3421b537	test	13318
minimap2:23d61d390b1d0d3e6572	test	13319
minimap2:abbcbfe20e880838491a	test	13320
minimap2:cad16d93681197f7984a	test	13321
minimap2:9cfb3bb8e05f785e98aa	test	13322
minimap2:1a1193e9cebc9040e6e8	test	13323
minimap2:e2304bc20fcace138387	test	13324
minimap2:02919af7a2b042f144fb	test	13325
minimap2:ea5caf8a33f2dc29c7d8	test	13326
minimap2:7373c5da36ca469c807b	test	13327
minimap2:f2be37931c91d80b7cf6	test	13328
minimap2:3e813a8e2d81fb2c15f7	test	13329
minimap2:d6950faf72bf38e5cf39	test	13330
minimap2:f020c93fbc76370f5426	test	13331
minimap2:8d7a421c44b50f50d012	test	13332
minimap2:62064b0d61b42b83f469	test	13333
minimap2:8fd44914ff0fab3fe4f0	test	13334
minimap2:bac7430fe8181dfbeb8a	test	13335
minimap2:f83cf486aa3228ec69e2	test	13336
minimap2:aa8bd9da316a5a3ea98d	test	13337
minimap2:87bfb96b4735df3cf977	test	13338
minimap2:5b3e36f66897bba27d7c	test	13339
minimap2:57f51ee711b9bcc36f80	test	13340
minimap2:39fbf9112888f55b912b	test	13341
minimap2:8d60b03e47a54c0b7083	test	13342
minimap2:762ec54c7b3c9378dfd1	test	13343
minimap2:a38c37383bc3bbb55d0b	test	13344
minimap2:7198fca473926bd67e79	test	13345
minimap2:d78dc67bda9ac3b98014	test	13346
minimap2:4efdf8464bd55856f9f4	test	13347
minimap2:5174f80cee130c59ca96	test	13348
minimap2:8e972265ec8aca5bb1a6	test	13349
minimap2:fb13b6dc668ad3a6787b	test	13350
minimap2:7bc9a4621bd07d019a61	test	13351
minimap2:1c69ea75aaecfe32c8bb	test	13352
minimap2:1f377f0b81d20ab49208	test	13353
minimap2:baed3f8fafd9e5f8df70	test	13354
minimap2:4479bee4af4f2723ad9d	test	13355
minimap2:e11d983f99c93a565f88	test	13356
minimap2:bcb508f247d0a7da405e	test	13357
minimap2:522c82c881ff9bd82eaa	test	13358
minimap2:60c6152128ba5020d5bd	test	13359
minimap2:2bd29390806d31eaf922	test	13360
minimap2:3ee6fdb404c5d3fd4b0d	test	13361
minimap2:fd269b4edd68d7e5b138	test	13362
minimap2:344c4235fa8a56140b32	test	13363
minimap2:d3519792f80203f88dc2	test	13364
minimap2:74601a69f89562ce5eda	test	13365
minimap2:8c429b5a30f50460a91a	test	13366
minimap2:cb986e77845ba2451983	test	13367
minimap2:521688d1c8f2b3182c69	test	13368
minimap2:29159a6d6848138254be	test	13369
minimap2:e4a30c01a730e92b6ee9	test	13370
minimap2:b48c5ffbbb4e92d9117d	test	13371
minimap2:218ac3cf28b9e6ca5ad5	test	13372
minimap2:57729b4daae2029f72f8	test	13373
minimap2:449fc63c700a3ef2e9fb	test	13374
minimap2:06a1f43ab1383f4822ec	test	13375
minimap2:f5fa8e64370c45db29ec	test	13376
minimap2:059432bc5c1ea1aa08ab	test	13377
minimap2:0a763aba22abc34f5a80	test	13378
minimap2:81d84fab59704ef7edee	test	13379
minimap2:2a44bd5b2ce6fae53d14	test	13380
minimap2:44678c2465af722870a3	test	13381
minimap2:70125a5251ec791407ee	test	13382
minimap2:bd0d306ab64ac84a8d14	test	13383
minimap2:d5b0d7e500821b24f732	test	13384
minimap2:46487a3209f60f4c0a8b	test	13385
minimap2:c3a6cc1e4defc14d9123	test	13386
minimap2:a3ea0cbc830843b76b23	test	13387
minimap2:df007248e1b6f7bab517	test	13388
minimap2:9a64ba257de77173043c	test	13389
minimap2:e11e2e99aa7d4998c017	test	13390
minimap2:74d6d072009d77392278	test	13391
minimap2:690ca94200a12a359400	test	13392
minimap2:3ab13ac0d30440eee643	test	13393
minimap2:ecefee68ab2a9f16a3c2	test	13394
minimap2:bef067d64db10259c30d	test	13395
minimap2:2053a466e7806c56302a	test	13396
minimap2:c3e1a03e844515df4d97	test	13397
minimap2:79619553cfaea5d70bd1	test	13398
minimap2:539c9ddd1be454fd31df	test	13399
minimap2:1715c6e7c89964efd346	test	13400
minimap2:4a246c8c09a6ef86066f	test	13401
minimap2:158cdf1f9e146fc2d355	test	13402
minimap2:8446e43315386657a757	test	13403
minimap2:34f99f4727ddc0ed887b	test	13404
minimap2:5a256e73c9cda2711f8a	test	13405
minimap2:cad6198ac4c355f97f2e	test	13406
minimap2:adebed7ef191b5765851	test	13407
minimap2:dd1e511500bd22a73cbb	test	13408
minimap2:6d6431a7b7ab788ee897	test	13409
minimap2:8ae88b90e0c559df278e	test	13410
minimap2:f218ee7465eb629a44ae	test	13411
minimap2:f0dc098ecda17e1b9df1	test	13412
minimap2:4cca8cdb4deb91dc6d3b	test	13413
minimap2:d063ca750e6f78b9ccb7	test	13414
minimap2:7696d8a68eca0094cbe5	test	13415
minimap2:5d3aa44c226c0890c714	test	13416
minimap2:d17a7bc0b76236803973	test	13417
minimap2:4e5c45abf81ab2a5b148	test	13418
minimap2:de9ac38adddd6d59b734	test	13419
minimap2:a09fa240a3e21a769006	test	13420
minimap2:4644e00c6f5871931223	test	13421
minimap2:eca9b5125e330ccd11ca	test	13422
minimap2:d7a0ab132b72fbe2ea03	test	13423
minimap2:11d85edf5592cca5243d	test	13424
minimap2:cd14126b0aed9edf4392	test	13425
minimap2:5c7542e5fd2838a95e4a	test	13426
minimap2:9fd43638f99585b10eee	test	13427
minimap2:57a9b285d7069467cda3	test	13428
minimap2:1cfd4000df37f7423c6d	test	13429
minimap2:6610cddb387ceb7c2e5d	test	13430
minimap2:648c479bc88d91a9e64f	test	13431
minimap2:6466f31566a024e38766	test	13432
minimap2:5f83a3f5ac89ce8a2fac	test	13433
minimap2:37490ac3e1b94b50fc38	test	13434
minimap2:8822bce52909044cc335	test	13435
minimap2:66161953810141642e88	test	13436
minimap2:df2ea70c1b74207cf0fe	test	13437
minimap2:ea6a0cefdeda35ade7ee	test	13438
minimap2:cd04b9ecc0b94d6212ae	test	13439
minimap2:c4eabde30fd0c908848f	test	13440
minimap2:382718be599456385116	test	13441
minimap2:098429cab98fb169a926	test	13442
minimap2:4efbb63b2dc578bc3c9c	test	13443
minimap2:951dd9714ce020b9242f	test	13444
minimap2:c972b11c06fd72a3bdf0	test	13445
minimap2:b418bd8845d604dcc9ac	test	13446
minimap2:79f511029009d745c34c	test	13447
minimap2:6601a8d5068f03316233	test	13448
minimap2:9854ec6b02130389d0a5	test	13449
minimap2:d31a6f100dbce6353c00	test	13450
minimap2:b9f51826ea0e8e8d8cb0	test	13451
minimap2:75b42ad764c5fac7fba0	test	13452
minimap2:16db6bdd443b5f6e38ee	test	13453
minimap2:d838d9fb2a976b13e670	test	13454
minimap2:32b50dcb1360c28e84a6	test	13455
minimap2:33b11bbc15dfa53a367b	test	13456
minimap2:7a7ad9d667a889d83c81	test	13457
minimap2:376c61ffea3758c1f5f8	test	13458
minimap2:7191b0fa355935e4a3fc	test	13459
minimap2:f19765c26e7989a120d6	test	13460
minimap2:a7f18905177d9cb8e76d	test	13461
minimap2:cba72c58ccf68c804433	test	13462
minimap2:9043128385ee17c7bbd9	test	13463
minimap2:88ba741709bd429cbab6	test	13464
minimap2:0654cae9d5e3916ea650	test	13465
minimap2:76719a3cd84882253edf	test	13466
minimap2:c25616fa38aef6f4b2aa	test	13467
minimap2:00e5ace93516bd767354	test	13468
minimap2:2414fd907887fd9323a4	test	13469
minimap2:dac555913fa8fbd9cc35	test	13470
minimap2:41d8d11af6d27b66646f	test	13471
minimap2:f5a577331684405b01b4	test	13472
minimap2:ca175597b16b7bb83dd6	test	13473
minimap2:073060b1ad2117d0d8e1	test	13474
minimap2:651910374138f289080c	test	13475
minimap2:189ed936a479fe177b51	test	13476
minimap2:ab8908f7706e286c55de	test	13477
minimap2:6e633aa608284c6a7152	test	13478
minimap2:cc6a0277256c96b9004c	test	13479
minimap2:0aff84d87f7a94e54784	test	13480
minimap2:450ad7ea83eaea67b3f1	test	13481
minimap2:d407aa11637892482a39	test	13482
minimap2:f0c0f8658a2966e11691	test	13483
minimap2:ec517cee88290fad511c	test	13484
minimap2:e6ec6783b47b25ebd00e	test	13485
minimap2:13c83a552b568e0cc525	test	13486
minimap2:6acb36d71ab5e0529a68	test	13487
minimap2:c9fa4deb3582cc276ffb	test	13488
minimap2:58494b2e64bd3e6cdb22	test	13489
minimap2:6519be612792db07af13	test	13490
minimap2:9b32dcfe867f49b04fa7	test	13491
minimap2:c94792ea5ea1cdb867a3	test	13492
minimap2:bf8f382c268d54140bac	test	13493
minimap2:bf5248e73f8a491f81d3	test	13494
minimap2:94505399b660de7f9187	test	13495
minimap2:5143aca9b590264725e9	test	13496
minimap2:a58f3db4b5751c309cff	test	13497
minimap2:ed2784b16b0a41cca082	test	13498
minimap2:240e632b680c85e08c38	test	13499
minimap2:212e2f74bf6966d66e66	test	13500
minimap2:ef981370dd9071b2b8a7	test	13501
minimap2:d9aa88a70a4ce4f1a689	test	13502
minimap2:2555b5bcbf5794328c7f	test	13503
minimap2:9b2663ebee4ae83dde4f	test	13504
minimap2:e7e493c42b61c944da37	test	13505
minimap2:fa6e76e845c96db2e06a	test	13506
minimap2:fcf7878e7b903d91dcf4	test	13507
minimap2:bae392a8d69774a9018a	test	13508
minimap2:8efec67394bcbbfad274	test	13509
minimap2:79afefa64a1b9015e7cc	test	13510
minimap2:481fb3e867f583a1aeec	train	13511
minimap2:5fd685fa3c19fc4195c8	train	13512
minimap2:4095c22506cfe301a349	train	13513
minimap2:c71557c0bb80aebb31e2	train	13514
minimap2:4e24d1aa4899cde7d16c	train	13515
minimap2:25b08b4747e9fc00b272	train	13516
minimap2:8bf600680d5fe940fd33	train	13517
minimap2:a1a2d10274f77c82d922	train	13518
minimap2:aa23495657eebf165acb	train	13519
minimap2:8a2076f010ca9041f584	train	13520
minimap2:cffbd2ebc7b29969f237	train	13521
minimap2:55155826f73625b06d75	train	13522
minimap2:b9d0fe9e0506adfbf2bd	train	13523
minimap2:4a98407da312c75f748d	train	13524
minimap2:f4b91b7ebf5f132f2274	train	13525
minimap2:336a3d3735d812187be8	train	13526
minimap2:f44e435e164b8e472441	train	13527
minimap2:608984e85e7962687289	train	13528
minimap2:677cb8f9f1766bf12b35	train	13529
minimap2:814a1cccc9f6aa987476	train	13530
minimap2:3d14255489befd30a742	train	13531
minimap2:da5a4224dcbf00967805	train	13532
minimap2:38b871469b6d6701c0ff	train	13533
minimap2:1fadf52ac7cc229adfdf	train	13534
minimap2:7863c021d2a8f813677e	train	13535
minimap2:fd0e86be2980d8045cf2	train	13536
minimap2:f0e2ab1fdc518b23e3cc	train	13537
minimap2:88f4d09e8929e4fd1d7c	train	13538
minimap2:befa662da5456960f795	train	13539
minimap2:95ea855a01009ea4fc1e	train	13540
minimap2:ee22588458725bcf9483	train	13541
minimap2:6e2b44cd27a9b503a0c3	train	13542
minimap2:19c835ab42233e656905	train	13543
minimap2:1fcecc00134dd91eb77e	train	13544
minimap2:bb75c3c090c4f0fc9656	train	13545
minimap2:00a48220b8b0a1ffeb77	train	13546
minimap2:e236cf339f2d994e1c3d	train	13547
minimap2:d68e2eeec2aa0fdf4c68	train	13548
minimap2:439c49768324152de62c	train	13549
minimap2:cad60c5c35dc4e8bb4a7	train	13550
minimap2:78c3b2cc2cb8f80d189e	train	13551
minimap2:9f833b47bdeeca52c436	train	13552
minimap2:e6ca2e116c709ffee107	train	13553
minimap2:9e15098b1b8326248bf0	train	13554
minimap2:ddeab16cceff5708b772	train	13555
minimap2:395c1803c356a8502148	train	13556
minimap2:492e6bbb6efb5d292455	train	13557
minimap2:3ace6acde7cfdd017362	train	13558
minimap2:eec0a55fc23dc42e10b4	train	13559
minimap2:deccb77e4501cf7081c8	train	13560
minimap2:2ee36df379ca3562a56f	train	13561
minimap2:9a028046e00aff460955	train	13562
minimap2:dccd25acfa422bca000a	train	13563
minimap2:4afa19eca0cc31662648	train	13564
minimap2:2040af225cd1920bed8c	train	13565
minimap2:4082bdbd7db9093893a3	train	13566
minimap2:992cc2186988658d25b6	train	13567
minimap2:d634d97e463eae5a3101	train	13568
minimap2:73ba7aee5736916a9f9e	train	13569
minimap2:cecaae7a3ae8625ec513	train	13570
minimap2:2c1af25bdec4e161e2db	train	13571
minimap2:14c55c2fb77a04e0ab4b	train	13572
minimap2:459ae07ebf97530561c3	train	13573
minimap2:9c859df38026e560482a	train	13574
minimap2:34d7efda0e5d8ba6206e	train	13575
minimap2:c0bade3e3d7afba4ae2b	train	13576
minimap2:993de55c873b98189744	train	13577
minimap2:48295deea12a9f807b0f	train	13578
minimap2:625377b872b638f2c2c8	train	13579
minimap2:abe37fc81b5adb8a352d	train	13580
minimap2:9a47152b41d191a62319	train	13581
minimap2:66c4617132c70e0b1726	train	13582
minimap2:3664bd570b6f4d4ed24b	train	13583
minimap2:ed1a76ee28df06d9172c	train	13584
minimap2:47d0339f4c45b8a65bc9	train	13585
minimap2:b8666f14486966e69c64	train	13586
minimap2:4d7b8497b7b16c694637	train	13587
minimap2:7ebb48025b1a0b205bec	train	13588
minimap2:77e0e1a5821ff8b41dbb	train	13589
minimap2:fa9a9b3209ac6849c94e	train	13590
minimap2:a862ed36ff2424a69e27	train	13591
minimap2:08e18834517f4e8c1a91	train	13592
minimap2:b2120865abd0191150bf	train	13593
minimap2:f957bff1c16f09f97e55	train	13594
minimap2:567b15f8f12f97745d4f	train	13595
minimap2:219b796f34b94c2179ee	train	13596
minimap2:04188cd98b6316c31f7f	train	13597
minimap2:e8762defca4df0ebb79d	train	13598
minimap2:0459a0951b24fe94ad12	train	13599
minimap2:813d406056d057e5531e	train	13600
minimap2:a3d6454c9ec396eed22b	train	13601
minimap2:75a367c2e022ca08b50c	train	13602
minimap2:7faf6006d417c767a346	train	13603
minimap2:6e69a2bce735d5b80ce2	train	13604
minimap2:46fe4f24cc548c69789a	train	13605
minimap2:c7aa8b95a5a27526e1fe	train	13606
minimap2:548395b779ffca437219	train	13607
minimap2:e098d9c5c869d96faf77	train	13608
minimap2:3e03090429f14203497f	train	13609
minimap2:b75364b86fff81ef5379	train	13610
minimap2:e7b2cdd120b9e31e94e6	train	13611
minimap2:a0b5967d46ca81cd0499	train	13612
minimap2:03a0f0c001d9c2fbb116	train	13613
minimap2:36ea5a9d6e3ad7f00144	train	13614
minimap2:272290bc69b836feb65f	train	13615
minimap2:145746d303a206d7f738	train	13616
minimap2:beb46ea4b11df2d31f56	train	13617
minimap2:1e9871946d198e0716a2	train	13618
minimap2:21a4bce748712bba1a6b	train	13619
minimap2:f8f700ca0bfcb5d90daa	train	13620
minimap2:9eeae184f36b712583d5	train	13621
minimap2:7e81cd621380df507d88	train	13622
minimap2:47d5106d79525151b11e	train	13623
minimap2:b8d0f7f1847be4b5a0b7	train	13624
minimap2:ddeb986a31499bcc3b26	train	13625
minimap2:86e262de4f9c9c9ded76	train	13626
minimap2:f8ff716156698656af2f	train	13627
minimap2:b007138bd2d0c862a24d	train	13628
minimap2:6ef4f05508b47258b3cb	train	13629
minimap2:02d8739f83d24f51f8fc	train	13630
minimap2:a3c6de684f3c3ada533e	train	13631
minimap2:2b1499dfe3759e7b0e3c	train	13632
minimap2:33729978b460a8d1565f	train	13633
minimap2:054ba720064aa8766de6	train	13634
minimap2:82cc895a9e21842f85c8	train	13635
minimap2:fe3d93384e0f273689f2	train	13636
minimap2:61c5f45daa2d08131a87	train	13637
minimap2:3cc04c0b296a0077a59d	train	13638
minimap2:64e33d72b17ae67b0aa6	train	13639
minimap2:854db74375b8bede5e69	train	13640
minimap2:aca42ffbbf312d907484	train	13641
minimap2:cb71f96cc039d842a1c6	train	13642
minimap2:da578fd88e84254afe58	train	13643
minimap2:1765d6c6ca9cbad0ac99	train	13644
minimap2:93da9ac90c4627a1bdda	train	13645
minimap2:5c29f8b81f67d2c4aee7	train	13646
minimap2:c7698f892b045dda3d9b	train	13647
minimap2:8c6c9dc7a7892af4791c	train	13648
minimap2:40a8457804e5cb38e09e	train	13649
minimap2:d69f3e8aebcdcc4a0036	train	13650
minimap2:d8395cfb6136ad3caa82	train	13651
minimap2:0f5bbe998f16c590837e	train	13652
minimap2:a2efe02dbdd4e714914c	train	13653
minimap2:5ffe026a8fb9b6a5af23	train	13654
minimap2:9b80d69e5bf9e25f045b	train	13655
minimap2:b780cabe1c23359f2858	train	13656
minimap2:402d8545c64a6d2bc5d6	train	13657
minimap2:31723cd675423f72ccae	train	13658
minimap2:21991758d51696937943	train	13659
minimap2:abbd25506ef33d16d81c	train	13660
minimap2:9e6de057ccefb17b884f	train	13661
minimap2:48ca7019e784b8f56522	train	13662
minimap2:754df747de836ef759f9	train	13663
minimap2:08bd5e17c0fe3f6fb6c0	train	13664
minimap2:37be1f2cb432508d685c	train	13665
minimap2:9429615540cfc28e5e76	train	13666
minimap2:dd3685e055aaa8da2718	train	13667
minimap2:a1bab6d8f387d3ce7dcc	train	13668
minimap2:881aa1ab013a0d50d3c7	train	13669
minimap2:f77e58df8abc0b454bed	train	13670
minimap2:d9290bd5f0e29d3394bb	train	13671
minimap2:ecc4ab62c35b8585cf99	train	13672
minimap2:cf97abb460ba65f4d53f	train	13673
minimap2:f269d11faf0482760835	train	13674
minimap2:47a541c8d343a5ece274	train	13675
minimap2:8a056b19d73f7e422186	train	13676
minimap2:a49d8364f51c884f2e9e	train	13677
minimap2:a2f5bf9e4ddec5a1474c	train	13678
minimap2:9281158b8e839363d5d1	train	13679
minimap2:36f99d8244a3da9e4d9a	train	13680
minimap2:ca7eb45941343a33b8bf	train	13681
minimap2:bd641159083c1272eaab	train	13682
minimap2:1b4c0946bd3ec773d7dc	train	13683
minimap2:e0a599c5f1af77f51644	train	13684
minimap2:bfb172e9ca2c233861d9	train	13685
minimap2:499e093ec5f41bee30fd	train	13686
minimap2:e04125c664411263ea80	train	13687
minimap2:9ff5e158299bea2dcc9b	train	13688
minimap2:16180fce2618d7e8e87f	train	13689
minimap2:a56d4f59afa1780df874	train	13690
minimap2:b9557be5102aa7277fe4	train	13691
minimap2:63e2c7af4f539948fd24	train	13692
minimap2:68c7e9af490218221c4a	train	13693
minimap2:a78868055332692e7c45	train	13694
minimap2:88f984a0275c7954029b	train	13695
minimap2:720fe753bebf431ca707	train	13696
minimap2:374d8b1463827fbe6a9b	train	13697
minimap2:dafef3a48a4a9386016c	train	13698
minimap2:b0a44e3471d099a24a19	train	13699
minimap2:e0f103e281a3efeaf2e0	train	13700
minimap2:6b0d426364341129d759	train	13701
minimap2:73b230cc0ff1433c2012	train	13702
minimap2:aa83bf7424ba4b734b66	train	13703
minimap2:95d67d38f49427b87943	train	13704
minimap2:2833138b751beed65fd6	train	13705
minimap2:97dde828354711dadd0f	train	13706
minimap2:5729d894cc94041a7ff6	train	13707
minimap2:ad04d821f5b3a2e77cd7	train	13708
minimap2:1cfbd37e6c0970918b9f	train	13709
minimap2:6b246443805dac9d527a	train	13710
minimap2:f2a249aa95a2d890e4f3	train	13711
minimap2:d557a9daacf2bacd659d	train	13712
minimap2:95cc5429962c1d61417e	train	13713
minimap2:008257b0dcca096e741c	train	13714
minimap2:d35265f5e29425764bf8	train	13715
minimap2:efdde48e326dec30bd20	train	13716
minimap2:99c8704ec06414cecaba	train	13717
minimap2:3f7d88a7cd4d9d35a05d	train	13718
minimap2:fd66702684b877cbd75a	train	13719
minimap2:6e0140fcfc33762746f5	train	13720
minimap2:563e3d3f773bfcee0907	train	13721
minimap2:9dd9f54439a9b406619a	train	13722
minimap2:7d52bfc6e0d9f0e322e6	train	13723
minimap2:2045409eab416f22b36e	train	13724
minimap2:d018d5303fd16ff00b24	train	13725
minimap2:1642a480e0b1cc01302b	train	13726
minimap2:b279be8b53e670d74c74	train	13727
minimap2:a323e2f50b32f500323d	train	13728
minimap2:2658a9734e9eb11088d4	train	13729
minimap2:7fcff9db1ca295acb6c4	train	13730
minimap2:c0a049335fde595e0aba	train	13731
minimap2:9ef9d74609cda40d4560	train	13732
minimap2:65e757c2f489cd4b82bf	train	13733
minimap2:6638cde1813cded387a3	train	13734
minimap2:6fd8b5a64cdbd61758be	train	13735
minimap2:850ebbb6fca49266e5bc	train	13736
minimap2:3de8d71ef18393f50adb	train	13737
minimap2:93f3efdc35c184cb1b28	train	13738
minimap2:456725f640acbbcf674b	train	13739
minimap2:d1ac753ac021f59513f6	train	13740
minimap2:26b9218a2cb4ce7ee99d	train	13741
minimap2:4bb01040b9c33856d002	train	13742
minimap2:635d777d0583a6aa283f	train	13743
minimap2:771d891e6de794015299	train	13744
minimap2:6ae2c54747dce613a73a	train	13745
minimap2:cbbfa2fc8f0bb59f148a	train	13746
minimap2:1a17a943fede0bff2bfa	train	13747
minimap2:6eadf8f78f280920e10e	train	13748
minimap2:cb019e879d2b0de90e29	train	13749
minimap2:987085a0933a879208a0	train	13750
minimap2:db323b3e630697461929	train	13751
minimap2:2e0a85cc1d559220f688	train	13752
minimap2:8c85375647e7da548e78	train	13753
minimap2:c6e9a79c4a8caec5d127	train	13754
minimap2:ecc7ab8200784ca1d79a	train	13755
minimap2:9969a6145084656cfdba	train	13756
minimap2:3be27786d4266fc9bb7c	train	13757
minimap2:5a91bed184e408649d3d	train	13758
minimap2:2f00ea511049c97271fc	train	13759
minimap2:de32429d5f821420d1d1	train	13760
minimap2:0c4d92e81bec1af997ae	train	13761
minimap2:f3856e207e4374b43aa7	train	13762
minimap2:36cd7d02e72182da902e	train	13763
minimap2:eb59420601a9925b2078	train	13764
minimap2:fcc47a603744308add8f	train	13765
minimap2:fadc007eccc6a5dd1807	train	13766
minimap2:e22b64afef5066b7f7d5	train	13767
minimap2:a171999546f2315d2342	train	13768
minimap2:e0123193613984f8a74d	train	13769
minimap2:0797176b4bb992e95e4d	train	13770
minimap2:51881f275866d1c39399	train	13771
minimap2:00981d0f94b7340270c3	train	13772
minimap2:f6f25e40b5e8b5de9348	train	13773
minimap2:4c7a962aa263575b6cc3	train	13774
minimap2:a59f1c0edbe765ac2b4c	train	13775
minimap2:d1a3ea0b93224a0a5dec	train	13776
minimap2:26838527a89ef0c3aa08	train	13777
minimap2:14b7ed35963602d3766a	train	13778
minimap2:7335314d0cad42730df9	train	13779
minimap2:74b7892c2254e67d7f71	train	13780
minimap2:b4cbb47f184f121bd559	train	13781
minimap2:8ab1b0e758664fc422f2	train	13782
minimap2:60ef26b313a1b3ff5e69	train	13783
minimap2:50858e29b68f6da0bd36	train	13784
minimap2:05e7eb14f49245a3eb03	train	13785
minimap2:22a941e31f72467bbb30	train	13786
minimap2:f0098f6ac2993d0ee664	train	13787
minimap2:f63e1b53a9dc7724317a	train	13788
minimap2:23af068c783a5748213f	train	13789
minimap2:48a10fcf8498bd7b0e18	train	13790
minimap2:1ca63e17ab53deeb8f2c	train	13791
minimap2:4412e0a6740f46d20d6a	train	13792
minimap2:19da41a2cc077a956e1b	train	13793
minimap2:826502b4e117ac92aea3	train	13794
minimap2:32a89c52e61384eea77a	train	13795
minimap2:840918d262bb71502621	train	13796
minimap2:01877f5c4620ddc0977d	train	13797
minimap2:21580211799642d1297c	train	13798
minimap2:fb27ccff3edc2a8c831a	train	13799
minimap2:6b18579cc15829d00048	train	13800
minimap2:b3d53adbb3b39fd2401a	train	13801
minimap2:8233e6f7949c1312c20f	train	13802
minimap2:bed9ca10537ed5709bc0	train	13803
minimap2:b00373ed24f9fe63ed88	train	13804
minimap2:0032fd0129a9c4ae59c1	train	13805
minimap2:bbd051fe0848dd44361a	train	13806
minimap2:b7be20f04145b99d5cc4	train	13807
minimap2:b7fe0cb6b1c6da239c1e	train	13808
minimap2:dc16ddbd42b1b4701ad6	train	13809
minimap2:ccb3096d88e76dee6daf	train	13810
minimap2:9aef57e8788cd19a59de	train	13811
minimap2:8250fc2fa0c81e81c7e0	train	13812
minimap2:f7dbfe201ff26218731d	train	13813
minimap2:480c47f9eb48f6a32bf6	train	13814
minimap2:ad44cf483632d461f0af	train	13815
minimap2:856f35f448a88613e9ef	train	13816
minimap2:62c11a1b19f2623fb5a3	train	13817
minimap2:32595d7806ae573c7ea7	train	13818
minimap2:3983a6d3c109b529167f	train	13819
minimap2:5bd2fa3c641de7883ac8	train	13820
minimap2:c2232a3a072d1cb8e338	train	13821
minimap2:ac228d7ccd1d06f4b972	train	13822
minimap2:a690e99bf357e8b930f2	train	13823
minimap2:065aea055c4e612d31b4	train	13824
minimap2:bdd45c5a5eedec88b02d	train	13825
minimap2:6f44efb16f9344aae93c	train	13826
minimap2:71574bdb771730a6e612	train	13827
minimap2:8107e0f55aa28752afae	train	13828
minimap2:6825a292065c974a1254	train	13829
minimap2:3814899a2b098b227a5c	train	13830
minimap2:d8e307fe392b47fb6d87	train	13831
minimap2:cf94fadc28349f0db5af	train	13832
minimap2:40479b301ac6f0002616	train	13833
minimap2:df3c9ba15d7c17787968	train	13834
minimap2:8e6e6615c4baa94ad5d4	train	13835
minimap2:4acbc653788533d43980	train	13836
minimap2:2f8655c52f2e1c55ff1c	train	13837
minimap2:59765988486d4e83c801	train	13838
minimap2:e6e979dc2f5f51a59943	train	13839
minimap2:3f2749ca9535ea69603d	train	13840
minimap2:e1ab622d6971fcb4041e	train	13841
minimap2:f8253430b35087cde3de	train	13842
minimap2:f1168e5f2b4de8734bc2	train	13843
minimap2:8afe3cc0649afbf65778	train	13844
minimap2:d17c5453a01927dd594e	train	13845
minimap2:6e6f876948f2a37fa303	train	13846
minimap2:7cd64a0327d3376862a5	train	13847
minimap2:033a400728ffdbb63a85	train	13848
minimap2:a1a1396dac6db3143dd3	train	13849
minimap2:152a3fc170ecd540a32e	train	13850
minimap2:7ac32b9e5c132554252c	train	13851
minimap2:562eccdafdcd2d35acb2	train	13852
minimap2:6719ce019d8f967512ea	train	13853
minimap2:c9e11e1dffbb2f59c482	train	13854
minimap2:c5e3ede22c012657e705	train	13855
minimap2:4d42a701356eac1eb341	train	13856
minimap2:7672ddc76215a44462b2	train	13857
minimap2:c45c925e49c798549b99	train	13858
minimap2:b1d53749d49eb7e90251	train	13859
minimap2:7b61494629df8a5eb48b	train	13860
minimap2:844ae3aeee54e108238b	train	13861
minimap2:a8c3139dde73397a0d0c	train	13862
minimap2:ca9e8c842c04586149d1	train	13863
minimap2:136fc9c2ede288d56e49	train	13864
minimap2:b924a8a76c4d39942857	train	13865
minimap2:0eb886d36d6b40bcbf41	train	13866
minimap2:bb81f696f00eee75e5f1	train	13867
minimap2:e2e3ac586c3a1f74fdcb	train	13868
minimap2:c744d0193d56b8b5aefd	train	13869
minimap2:18e2952931a70a424ca2	train	13870
minimap2:980cf805a27e3c3ff4ca	train	13871
minimap2:79ffbd04fd82f122150d	train	13872
minimap2:481cb055c7af7c77a550	train	13873
minimap2:378d72ae5b01f15a1092	train	13874
minimap2:1165bde5e5dbf223d350	train	13875
minimap2:950a4af76ea9843bc62f	train	13876
minimap2:d496a816a4676b0f4dba	train	13877
minimap2:36cdf846b9952ab6e04d	train	13878
minimap2:53e88cbb734ae43d9576	train	13879
minimap2:19c9a506e873f5304801	train	13880
minimap2:da19c7d44e0d17f1a55f	train	13881
minimap2:89d2bbdd835bbf1d1be1	train	13882
minimap2:2804bf2605854bf4053c	train	13883
minimap2:7c2f5b2d02c1763ab9de	train	13884
minimap2:9d46fb55558e071038ab	train	13885
minimap2:3a2a3e9b0d038cdbb116	train	13886
minimap2:060220b115caebe83536	train	13887
minimap2:8234aa2197a6b1a6a14e	train	13888
minimap2:767115d8f3e0774ff4cd	train	13889
minimap2:a6e4580ab96f2e9ea7a7	train	13890
minimap2:9cf51e75b39849443c9d	train	13891
minimap2:a3e5f73b2e797b1660f6	train	13892
minimap2:835d1fbd85a0ab3ef0b7	train	13893
minimap2:456fbf07888479ad6df5	train	13894
minimap2:87feda7de18ac20cb65e	train	13895
minimap2:4335eb27ec5377fa30eb	train	13896
minimap2:954557b22c555d29a1ff	train	13897
minimap2:64243140696b329e7cc6	train	13898
minimap2:ad6ae387f8e3c1d0c963	train	13899
minimap2:b8f35c964fe91e429159	train	13900
minimap2:aaa4ecbb2911edd70e16	train	13901
minimap2:d30791b71098d8c5779d	train	13902
minimap2:39e03d9b63bbfa5c0906	train	13903
minimap2:b460dba497179c68149d	train	13904
minimap2:c077eb18577bfa3e13ad	train	13905
minimap2:d7b3dd01c2452fe17391	train	13906
minimap2:21c76fc5a2e6f5c586cf	train	13907
minimap2:bfbd6e9f1c3a2d1d4649	train	13908
minimap2:64221a9ae129a737076b	train	13909
minimap2:90a80c18bc9fdbf97629	train	13910
minimap2:7cd1c770b4e88d7cb30e	train	13911
minimap2:9417b8764e52886464e9	train	13912
minimap2:b71055fc010ad55ae200	train	13913
minimap2:358356f85dab378083b9	train	13914
minimap2:1e0444713e3ae16bdc54	train	13915
minimap2:3911d3cdcff0c0feea5c	train	13916
minimap2:18d37ff38fa00fef178f	train	13917
minimap2:0d5b26426947e4785028	train	13918
minimap2:a4ef88ccdd2e1a8fbe06	train	13919
minimap2:3608650ddd5b9ee801e2	train	13920
minimap2:23545d9bff109c22a242	train	13921
minimap2:f8aa7e1de2ab9eb26d9b	train	13922
minimap2:8adfc5ed99529ab19e23	train	13923
minimap2:8bb8465ead0eb09b0057	train	13924
minimap2:68a38979090f55d8c663	train	13925
minimap2:0791f3b45de99f20fa04	train	13926
minimap2:1da05ae053da91b6e509	train	13927
minimap2:42730d09542d55843acb	train	13928
minimap2:ea065be7860b446d8a17	train	13929
minimap2:7fb02bd6efb1cd3c7612	train	13930
minimap2:e06cfa9106d42d542091	train	13931
minimap2:7255338402147f760732	train	13932
minimap2:a705c47db28d42b5f56f	train	13933
minimap2:eb7d2b748259d1c3f41a	train	13934
minimap2:c266f5744f12fa816ffe	train	13935
minimap2:51dfc9143f8ff7b5eedf	train	13936
minimap2:aa005c44fd011a2bcebc	train	13937
minimap2:b539f51ed3fc09981361	train	13938
minimap2:d716ca25a48678c243e6	train	13939
minimap2:60c1cfb2feba172dd9e4	train	13940
minimap2:b816619a0f104fa990bf	train	13941
minimap2:5d42302b60f4f4c4f563	train	13942
minimap2:b923fc9e4a1bec27a863	train	13943
minimap2:1861ed723441904894f9	train	13944
minimap2:765183fbe2967e086f66	train	13945
minimap2:0cc072eab5f774222263	train	13946
minimap2:600addf880b72f6cb08e	train	13947
minimap2:6ed72a6c9a5cbb778678	train	13948
minimap2:7ea3dce666e4aec2cd4e	train	13949
minimap2:7833ed045ab4368a974d	train	13950
minimap2:48d1228bb0909a4f0d36	train	13951
minimap2:a0d766026ffa35ec76ea	train	13952
minimap2:53c74ae4f098abcb6e42	train	13953
minimap2:b289e0fc792f85bc9b38	train	13954
minimap2:b8273fabddd12c0772ba	train	13955
minimap2:e28219c34937145ac7d7	train	13956
minimap2:a3c483511c9c19084fbc	train	13957
minimap2:00c6d8b7bf3c12b87571	train	13958
minimap2:e48dc380526f29790260	train	13959
minimap2:8a17079b377658171566	train	13960
minimap2:04c5739e4d274040b946	train	13961
minimap2:e3fb9e5144892532f65b	train	13962
minimap2:a93630cfa81c41338b9d	train	13963
minimap2:e7b6f1b9128df51a59c2	train	13964
minimap2:98beeec6aa00befc3c86	train	13965
minimap2:4e87013dd9f421f44139	train	13966
minimap2:36b9f118ea3d2a94806c	train	13967
minimap2:8c4788eb81c899ff378a	train	13968
minimap2:0a3a0c4c43034a505916	train	13969
minimap2:a2903152f2834e6ae35f	train	13970
minimap2:71518bcb35f7f0668511	train	13971
minimap2:716b5038f96175995544	train	13972
minimap2:517d82b948fb7c01a07e	train	13973
minimap2:3b58ed360aba0714cdc6	train	13974
minimap2:ab024d42b6ed613b08da	train	13975
minimap2:375ff54d0597968b061e	train	13976
minimap2:e10b865f4a9c37a85669	train	13977
minimap2:f44acad3d56b342ae43e	train	13978
minimap2:07dc8024e1fa18ad3df2	train	13979
minimap2:e19d4578e0cd0e25b32d	train	13980
minimap2:3b87f58621985828f764	train	13981
minimap2:6ecc0041ea85b97b07dd	train	13982
minimap2:7d184e93ed10dcdde3d8	train	13983
minimap2:dafd2ede34b52befd407	train	13984
minimap2:7d48e331a4c09ccc73f0	train	13985
minimap2:43db837009f622c8f803	train	13986
minimap2:031abd6da1e0e06f04ff	train	13987
minimap2:0d7c65932a422ab340ed	train	13988
minimap2:280bed24fd240fab7a36	train	13989
minimap2:59b9999cde970dfd4481	train	13990
minimap2:2cae190ed29944786dcf	train	13991
minimap2:42aaf6ee2ad835157952	train	13992
minimap2:58a0c690b55115f55b8d	train	13993
minimap2:8dc4f9f6a210a7931d8b	train	13994
minimap2:879d7a0ca77ce2447f16	train	13995
minimap2:db408eeffabfba44810d	train	13996
minimap2:0b9664337d370e2d9496	train	13997
minimap2:5b712d1061d5fce558bd	train	13998
minimap2:496036146a14bfef305a	train	13999
minimap2:57244eef97324ff067fe	train	14000
minimap2:8032f606376bdb1a25e4	train	14001
minimap2:bc4a0377f08b1c64f722	train	14002
minimap2:c069c113538a61955530	train	14003
minimap2:b44a86d0c6ed249fc488	train	14004
minimap2:bee9e6ed1deeabf897a6	train	14005
minimap2:4a89e655ea35739f1d62	train	14006
minimap2:a697dc7af035cbfa4e23	train	14007
minimap2:159471855ae9f1a1b401	train	14008
minimap2:f457e729fe1ed7d5708c	train	14009
minimap2:97b3a77135a238e7a0fc	train	14010
minimap2:d47aeafd3482fa052db8	train	14011
minimap2:114060378724582c1348	train	14012
minimap2:255e6534a1f8ddf70c77	train	14013
minimap2:7c4ad63955f379793678	train	14014
minimap2:1c863a5ffb4353fdd64a	train	14015
minimap2:9ef7f8cb1136dfdd37a5	train	14016
minimap2:ebe28497779fac7494ba	train	14017
minimap2:aed5e4bc5df56c04ade7	train	14018
minimap2:a2735bba217a1b98f9a7	train	14019
minimap2:904d8111ed675deca5cf	train	14020
minimap2:d6d5c75e5154c9d37b7c	train	14021
minimap2:f0c47e4cf07751e12059	train	14022
minimap2:09f6f0c562a3f3762f14	train	14023
minimap2:fab635bcf2a82d55599d	train	14024
minimap2:58470dfdb8bf8e161958	train	14025
minimap2:c7acf708167cacb94951	train	14026
minimap2:a5ba80aa52784cf07c7a	train	14027
minimap2:09805f9a380106f48835	train	14028
minimap2:917a7a2936a5a3400330	train	14029
minimap2:87c4db39a4143811a63d	train	14030
minimap2:aca33a8b0ae50813ea24	train	14031
minimap2:4a06398b2b877e5171fb	train	14032
minimap2:5ff42bb6247e7fb95aad	train	14033
minimap2:c8f0b3eee0d124d87116	train	14034
minimap2:bb80a7e42397eb80b349	train	14035
minimap2:f7c4184f7fca6caf26d6	train	14036
minimap2:81527e64c1f399d9b6e8	train	14037
minimap2:8b1070c7ae25f8c7530b	train	14038
minimap2:5c5cfae07aaf54542e84	train	14039
minimap2:0b22085d63d33e3ca7d2	train	14040
minimap2:4b315b6f01aea44bfe09	train	14041
minimap2:2eb2885928f35ef8dca8	train	14042
minimap2:cf74dcd3c4248fcfbaa5	train	14043
minimap2:d0afdecdc9c1901e6406	train	14044
minimap2:700aa3f06aa0531e474f	train	14045
minimap2:187bf1fc2601f9c2ad4a	train	14046
minimap2:971d2dab469121bf8e35	train	14047
minimap2:d96622028f44c39de1b2	train	14048
minimap2:e4de7152b2a011cfaf57	train	14049
minimap2:e24562d2d80316ad817f	train	14050
minimap2:4eddb3c6fd4a03e225a5	train	14051
minimap2:6c5784df0f4504abaa6b	train	14052
minimap2:3b18191ebb789d3eb87e	train	14053
minimap2:6cf0094e2d77d70a7135	train	14054
minimap2:e2e2f9857949a63e791f	train	14055
minimap2:cd96d63ca4bbb30b82d0	train	14056
minimap2:d6a721c74754242976dd	train	14057
minimap2:3ef38c71f6fec791f544	train	14058
minimap2:6cd4f37c6d6483f811d7	train	14059
minimap2:3b37cbba640ed1cd78b2	train	14060
minimap2:8e99c06718e57a1dae21	train	14061
minimap2:e62bfabc74304ab824be	train	14062
minimap2:1b87623ad099c74632d3	train	14063
minimap2:79465434ae1ed1faceef	train	14064
minimap2:ddb98a0dd5760f42267a	train	14065
minimap2:1800a5e8cd86d1cfe0a3	train	14066
minimap2:032d9fc1b50784eee117	train	14067
minimap2:adab2e5a4656f557ef93	train	14068
minimap2:0fc844ae7f1cb80fd196	train	14069
minimap2:84be9c3746125a87d166	train	14070
minimap2:2bea70878541d4108509	train	14071
minimap2:49841b7e1fca4c97e57f	train	14072
minimap2:ef12ded1b42a741a44dd	train	14073
minimap2:782efbf0dfdbfba64429	train	14074
minimap2:aef8982c9862d02bb668	train	14075
minimap2:ef6a1fd31eb2bd388970	train	14076
minimap2:7aff320ee4b1c167d39b	train	14077
minimap2:9b94afc565f84124f371	train	14078
minimap2:19a6f21f351e2ce16d12	train	14079
minimap2:6b500e0929c5b4a72788	train	14080
minimap2:bc141d99e7b172b219df	train	14081
minimap2:d5cfd5fd462029de383e	train	14082
minimap2:21cf2f7d88db7e44cadc	train	14083
minimap2:8baff0d3d6054c525122	train	14084
minimap2:abd860453ae9267018d7	train	14085
minimap2:da0a25f3ed50899e6701	train	14086
minimap2:113505ac3aef7f1e1f02	train	14087
minimap2:16eb5f98b48cf212045e	train	14088
minimap2:51b41b367e5f5f3a1cfb	train	14089
minimap2:77a9f02d4e5a6fe7f3cf	train	14090
minimap2:673b82f476bd9200fdea	train	14091
minimap2:fc539c18c7f4099fc037	train	14092
minimap2:758aae8e07e02553c166	train	14093
minimap2:2cd20bda58f56a1bf2e6	train	14094
minimap2:dc6248f51d710f6e03e2	train	14095
minimap2:275038d52a964c22aded	train	14096
minimap2:5ca84647da323c30f5be	train	14097
minimap2:0e59fc495d01045eeebf	train	14098
minimap2:c3dd0bef5a0cb3238280	train	14099
minimap2:b0880ca1751e0ad24b2e	train	14100
minimap2:a4fa7f1a0b3722beec52	train	14101
minimap2:ac41d1df3997a4a7d3f8	train	14102
minimap2:66cf44a41c79d694c669	train	14103
minimap2:d88d9962422b561b2a41	train	14104
minimap2:68fc6de5e9716bec7046	train	14105
minimap2:97039fe7ad5487c5fe31	train	14106
minimap2:93a4414093be0e9d3b2a	train	14107
minimap2:63da5241fccb7bdf45b1	train	14108
minimap2:1d3bcbf46f9458e335e2	train	14109
minimap2:4d20007b96baa0f005de	train	14110
minimap2:9ad7d64aa0a6a4299e03	train	14111
minimap2:e8f841d4e64439054bfd	train	14112
minimap2:074c570a9e62ff5c9621	train	14113
minimap2:c3b391736f971f5f0432	train	14114
minimap2:3909d623728ff5e8d489	train	14115
minimap2:f4cc654b14c33613208f	train	14116
minimap2:97a49cbc1bbeca41ee48	train	14117
minimap2:e4abf8445bce57a405ee	train	14118
minimap2:dbb240e42c493cf2a15d	train	14119
minimap2:eaaedfb62857d1e9f518	train	14120
minimap2:8932e6701d3d5277ea2c	train	14121
minimap2:8b1782791e6887466e0f	train	14122
minimap2:18ac4a8998674325f969	train	14123
minimap2:95ec5becd310b2eabe2d	train	14124
minimap2:a9d35f4b9dc92e046bfd	train	14125
minimap2:2fb5d7d1bdb8d8b7ce41	train	14126
minimap2:a197fd36950cf3f97cb8	train	14127
minimap2:0904077918e098f8a073	train	14128
minimap2:65fcd70c9f36267f7ba5	train	14129
minimap2:0ed421044f4269f47133	train	14130
minimap2:3956ec9bfd44a19a247f	train	14131
minimap2:ee298c667a3a5a0a23ba	train	14132
minimap2:56d59e35b894f6fcc28a	train	14133
minimap2:fe05126a2ec332ef534b	train	14134
minimap2:2d6da241d719c1140437	train	14135
minimap2:2eab687a95e780492289	train	14136
minimap2:2a5a37dbfbd099b077b8	train	14137
minimap2:0178441a14d8f73364d0	train	14138
minimap2:7c7f03250df5c28a24cf	train	14139
minimap2:96764cfbb2efde8c27a9	train	14140
minimap2:72fa3effe3bc11e22f0f	train	14141
minimap2:0de1595c5ce8e12d6b5a	train	14142
minimap2:98d72dbe31130fbb9325	train	14143
minimap2:2f059c8a96401879303f	train	14144
minimap2:26b4d4208ba10729161b	train	14145
minimap2:54e22d5fb8f8a3433e91	train	14146
minimap2:ae848330bce842677a45	train	14147
minimap2:c7ca90f1a3369b0e3766	train	14148
minimap2:09eec763e9e16f8ab539	train	14149
minimap2:e965e9c6e90e167f4110	train	14150
minimap2:d499a7f4659353e559e9	train	14151
minimap2:6b31b45073406852ac6e	train	14152
minimap2:3182db9d81701d69c4b3	train	14153
minimap2:63691d4017f64e773414	train	14154
minimap2:e40f1b8302b3e94a5902	train	14155
minimap2:4a33619258b99bec2e59	train	14156
minimap2:8ceca3eaba0fae4479e1	train	14157
minimap2:3533c3341cbe95d274b3	train	14158
minimap2:1ef68ae649f1ee17ed1e	train	14159
minimap2:b5f5df07937a790c3ed6	train	14160
minimap2:4874b42eed528c9b78ac	train	14161
minimap2:482224a2e67d968ef771	train	14162
minimap2:2bc4f1bd31099d3a0bda	train	14163
minimap2:30ae479e9600ea0d2588	train	14164
minimap2:5196354f051c83e2de9f	train	14165
minimap2:05d3311b558e786d22c9	train	14166
minimap2:89d785a7337c83efc127	train	14167
minimap2:5166906e13136b16bf9d	train	14168
minimap2:b1857bcd7a4395aa9737	train	14169
minimap2:d3cba95bf264329b39a7	train	14170
minimap2:c5f18dcec94456265dfd	train	14171
minimap2:c132860494dfb5c149c1	train	14172
minimap2:74218f23d8d7e2a24b55	train	14173
minimap2:7ca41cf020ac5e947c12	train	14174
minimap2:8925aea445d90d77eea1	train	14175
minimap2:f957532b3de3beaf93d6	train	14176
minimap2:69bd9cbee977d888bebc	train	14177
minimap2:08c9d3b5b2416ceabecd	train	14178
minimap2:0f32821f58b465dac0b0	train	14179
minimap2:6dcedaee4014dc72ba36	train	14180
minimap2:ba69c57034ffba0c24d5	train	14181
minimap2:cb0ac0b7b78adb767c64	train	14182
minimap2:a28e07ff7822326667bd	train	14183
minimap2:b491a22891165fa03828	train	14184
minimap2:101ef6b8cd3a91e310f0	train	14185
minimap2:c4e5f5219cac2af69868	train	14186
minimap2:b15d7022d2decd0e8335	train	14187
minimap2:03285a561653c80e6a88	train	14188
minimap2:6426babfcc0e4d1a5798	train	14189
minimap2:f8d6e2041774067dc23c	train	14190
minimap2:e169ed6a09fec9a24ecf	train	14191
minimap2:5cc26f6a92a65f0d4429	train	14192
minimap2:72c17e303b20ebd45028	train	14193
minimap2:c51e80417c7b53fed620	train	14194
minimap2:a701b63531f436147004	train	14195
minimap2:d0d4388d906b4e79900a	train	14196
minimap2:d5632529e061e46ddcf3	train	14197
minimap2:c6253de81c678abd0e05	train	14198
minimap2:733e2f0d4a8e314dd3cc	train	14199
minimap2:30d54a68dd7279dba3e9	train	14200
minimap2:e01f93b6c936bb76b20f	train	14201
minimap2:e862e7907a440dec3380	train	14202
minimap2:e509b662f133a4c6207e	train	14203
minimap2:26dbabab9e56aafced7d	train	14204
minimap2:0cd932ef9ebab2296cae	train	14205
minimap2:4eab24c958d95cd23491	train	14206
minimap2:c2421135f8a2b75f0469	train	14207
minimap2:1ed9778cf1da5619a8b8	train	14208
minimap2:69a797799ed6b0e86edf	train	14209
minimap2:26d07c3b94cde0ccd645	train	14210
minimap2:e01630af0dd971288d69	train	14211
minimap2:bb9ad2bd25299b22e0d5	train	14212
minimap2:2cdcc668cf9ec6796f43	train	14213
minimap2:09feda62dd22a782a499	train	14214
minimap2:4e7f6af1eb96ea4ac846	train	14215
minimap2:4d194bb9b8a4e873036d	train	14216
minimap2:39f930c3867cccd044f4	train	14217
minimap2:133d49738e76fa5225c7	train	14218
minimap2:f806b1bb8c1d5773a4a6	train	14219
minimap2:59169c71d0cb09bfae0b	train	14220
minimap2:4fa0800bcb7397099844	train	14221
minimap2:191db677c6a7f2adf428	train	14222
minimap2:a4507948f0d4e0e17972	train	14223
minimap2:7baf53dee6c6ff5ef987	train	14224
minimap2:76b819124d8129b43977	train	14225
minimap2:9746305f5bc40dab4b62	train	14226
minimap2:c37cbdc616182b62231e	train	14227
minimap2:23c3af43004c308f6143	train	14228
minimap2:78f086ef8b681be3030c	train	14229
minimap2:c492986ae617b10a820a	train	14230
minimap2:3e7427a0dee8191a94e5	train	14231
minimap2:a5f2d1a8ce3b97c64b07	train	14232
minimap2:85e265403f5c3a7d0204	train	14233
minimap2:98f0dfceebfdea2ba500	train	14234
minimap2:1c1ea54ff69a1276cab5	train	14235
minimap2:9c2abf8fe82a2d33eb89	train	14236
minimap2:32f7b1880c793274b508	train	14237
minimap2:44a953387b25f88899c8	train	14238
minimap2:9624b38ecae70e61c761	train	14239
minimap2:a482ad24a9b1d654ebc0	train	14240
minimap2:9cd2fe91e13b816ade20	train	14241
minimap2:9905c3d28310a6717c3e	train	14242
minimap2:81831da851dc742a2aff	train	14243
minimap2:4a0f5cd3e8fae0ce3061	train	14244
minimap2:711be33e2016e3ad184b	train	14245
minimap2:8bf848e460926fe9c08d	train	14246
minimap2:7912bfef8a5bb36f23af	train	14247
minimap2:8f296face83c64e01a5c	train	14248
minimap2:836695c769a288afd180	train	14249
minimap2:b0f73b51e644c6ef648c	train	14250
minimap2:c44a56d97a9b5cad6fa1	train	14251
minimap2:3f65b4b32fc0186fb58b	train	14252
minimap2:6e8f935139c3eb4b4039	train	14253
minimap2:f1b88cf55f1cbc2cbabe	train	14254
minimap2:554b57e2436ad66f2ade	train	14255
minimap2:5b361533c544845bc3f4	train	14256
minimap2:3989d6c4d34008a31c16	train	14257
minimap2:45fb2dcbd6a1767b86f0	train	14258
minimap2:1b8c5fd309049a702f41	train	14259
minimap2:4f260985d0773b70cc1b	train	14260
minimap2:00198b1880396bfd0be2	train	14261
minimap2:d3438197348318386c43	train	14262
minimap2:626f2b7aa229d97bd801	train	14263
minimap2:2f2170451465ceb21564	train	14264
minimap2:3d2f4b42a5622f344634	train	14265
minimap2:394b18810be8a271d3b6	train	14266
minimap2:5b1d13acb01e261201cd	train	14267
minimap2:a410c085d315b63bcc05	train	14268
minimap2:ea017577af3b2bffe403	train	14269
minimap2:fa242e1d85fea2d16613	train	14270
minimap2:0f234af25fe6843c1083	train	14271
minimap2:9549679c1e2feab6b414	train	14272
minimap2:9373548c98016ce151ec	train	14273
minimap2:3f5e0982dd8881a2d603	train	14274
minimap2:228cf993b5e21756fcd1	train	14275
minimap2:d298adff5fde254e5921	train	14276
minimap2:a815bfc767ad7e453dc4	train	14277
minimap2:3e1ac8373ffa25815154	train	14278
minimap2:49efcbd9a5258906e4c1	train	14279
minimap2:a3d80ac678fc6b4040db	train	14280
minimap2:915071dada465b3d8815	train	14281
minimap2:d5543bd6396076fd73f2	train	14282
minimap2:3a3a2077eba2d65514e9	train	14283
minimap2:1709ed9d604a07b23fa3	train	14284
minimap2:5c3e18ad7f7307954b2b	train	14285
minimap2:bb15091aa24545427785	train	14286
minimap2:8fad1a070fd6dd532e05	train	14287
minimap2:ec6f287b16f4920ba70b	train	14288
minimap2:273500fd247ed3787394	train	14289
minimap2:182256d670443d0931b2	train	14290
minimap2:dc7ced1c4ab12d08d998	train	14291
minimap2:4c28a055fbc8f9bf4774	train	14292
minimap2:55e55b538e1ab76b9bfe	train	14293
minimap2:0b3ad9e71135c7f37d75	train	14294
minimap2:e121d7dd63b09a2ee686	train	14295
minimap2:f6dbdf1bb08cb0fa465c	train	14296
minimap2:738743a73514e1ac977d	train	14297
minimap2:e273cb51f22d4d6f3e39	train	14298
minimap2:bc09c53bb996a9d8e39e	train	14299
minimap2:63014f248c6bb742b8f8	train	14300
minimap2:b2a0d1191126bef9c6ce	train	14301
minimap2:1884eef04495e37f930a	train	14302
minimap2:1ef8da258a045ba07c73	train	14303
minimap2:21d865b2b8ad1c36ce4b	train	14304
minimap2:f89dd3382add066dcb99	train	14305
minimap2:f0f24a926ab80fc1806d	train	14306
minimap2:a9358e08bdc3a2d7c604	train	14307
minimap2:9defbe0868338ae45f78	train	14308
minimap2:33acdadc51d6588f4fb8	train	14309
minimap2:93b95bef628421705b3c	train	14310
minimap2:baa2bff7b89ed9e1fb27	train	14311
minimap2:828f7e54c00f018e7d7e	train	14312
minimap2:57f8a6923dc264a2f84e	train	14313
minimap2:ffa8a9be498e9e4c76de	train	14314
minimap2:abcc75b76b8598325f83	train	14315
minimap2:c93a23710c66db09b4a1	train	14316
minimap2:6b0c7e50a0bfd783b1b5	train	14317
minimap2:065fe2088cf75fa5f52c	train	14318
minimap2:3656ace557aee4320c3f	train	14319
minimap2:2dcc1821c9d8cd6438b1	train	14320
minimap2:0885995bb8ab79cc6e7e	train	14321
minimap2:6c909d5bcb0ced755f5e	train	14322
minimap2:13b86becf13af429b274	train	14323
minimap2:70151e327e042d5662f7	train	14324
minimap2:162310b59214e3910df9	train	14325
minimap2:e37736d8de87a11d5765	train	14326
minimap2:101b7550d131801e6ed5	train	14327
minimap2:92939d99f45392ff3b13	train	14328
minimap2:e5c7ac30b9b0a77ac679	train	14329
minimap2:bebecd3e897494859c0e	train	14330
minimap2:4eb546a8fd7ec35ff473	train	14331
minimap2:b7a5b0b36f052901476b	train	14332
minimap2:93cbf0f5f157b81e3c4b	train	14333
minimap2:cfc1eb3207d0f570e199	train	14334
minimap2:8ad66406bf56d269f7bb	train	14335
minimap2:e82b19871a553329ad3e	train	14336
minimap2:65a73ccf77fd3ed719ae	train	14337
minimap2:a95f251bc4810f1c6ed1	train	14338
minimap2:b672621d7fe11eec8871	train	14339
minimap2:eb17beda2f765ce786c4	train	14340
minimap2:c7e5e7d5bc9c7e2b5d40	train	14341
minimap2:ef7e2233c519fb34ff34	train	14342
minimap2:f77ecd6fa8b889d7bbc7	train	14343
minimap2:f23b396b4b28350d349f	train	14344
minimap2:5af25458229e9cba9e98	train	14345
minimap2:0b28fc16017e4c938795	train	14346
minimap2:c704a2f766d6f2f2a59e	train	14347
minimap2:67bb7bc051aa207b73fa	train	14348
minimap2:e94d7c1e709b17f50c73	train	14349
minimap2:154f1c9b42a7d51537ef	train	14350
minimap2:da8c44276583f2afd3af	train	14351
minimap2:1fe95d6f6d139ed33ab9	train	14352
minimap2:1a34e9d063bcce2a1f1c	train	14353
minimap2:8177c21b7fd3e528297e	train	14354
minimap2:dbc4432c022a9e9f4352	train	14355
minimap2:8d3e38e22a2d082dbf34	train	14356
minimap2:563b74c600b1df973700	train	14357
minimap2:36dfadcb96f3938f75dd	train	14358
minimap2:c3349cf2bae90aabc610	train	14359
minimap2:a03a07afb6e716652dcc	train	14360
minimap2:871513430500e1c05785	train	14361
minimap2:1e3acc43d6af00066ba9	train	14362
minimap2:0c0e58e6f2c5b8f0b50f	train	14363
minimap2:d53cb300e721da87e9fe	train	14364
minimap2:e21e127869814c554f5e	train	14365
minimap2:4622c37ac4166e7885bd	train	14366
minimap2:00d86fb98eeaabb6da3a	train	14367
minimap2:b7921c6f95f3142cc61e	train	14368
minimap2:913fae8068829b465bca	train	14369
minimap2:cd92028abca81f4802c7	train	14370
minimap2:b201e091007acf6da4a0	train	14371
minimap2:c49d499fab89455df8c6	train	14372
minimap2:390bea3724c745cf38a7	train	14373
minimap2:25abc7f27f2b5a385e98	train	14374
minimap2:845f6062eb0217a0a1e5	train	14375
minimap2:1a8e8e279b7ffdba407a	train	14376
minimap2:962b138c5b881f4fe2bf	train	14377
minimap2:c0369ae6c0828d71b4b9	train	14378
minimap2:591bd6108cbd1f5d4b04	train	14379
minimap2:eef7bb8bc9be5f8689d8	train	14380
minimap2:8310bd0fe657733a0a60	train	14381
minimap2:47d740d07ad072238c4b	train	14382
minimap2:1376e62bd7bb63a8218b	train	14383
minimap2:6ca6a0c748f76b3f38d9	train	14384
minimap2:9bafb5512699ebb85978	train	14385
minimap2:8f217c2c0bd2b886d763	train	14386
minimap2:b13158477ee395bbd6ff	train	14387
minimap2:85963b0851fe61c13fef	train	14388
minimap2:7840734a351ad1eafabb	train	14389
minimap2:3df7dbf69698de689db2	train	14390
minimap2:49c843beeac210e0cb5c	train	14391
minimap2:68e4aee6de9e8775a0b9	train	14392
minimap2:8135422f1796ef88e1ef	train	14393
minimap2:ddc763df267672e491d1	train	14394
minimap2:8e285e6564ab4a64bfe8	train	14395
minimap2:82ad750c86cc52919823	train	14396
minimap2:fdc56b3cdfaff3821290	train	14397
minimap2:9ead6bee3beb2de84c54	train	14398
minimap2:3a97141c5e3d291e7ed3	train	14399
minimap2:6c05d0e4fb2900a8d95d	train	14400
minimap2:a2a857b1832bda4877b0	train	14401
minimap2:a0b260ebb3eab598c334	train	14402
minimap2:0f17b6ba78e77b81986d	train	14403
minimap2:b33789d42900b42532bf	train	14404
minimap2:86026dbd9cccdb91f7ea	train	14405
minimap2:d44cbb17e349de9f813d	train	14406
minimap2:278ebfe93acd6ede88eb	train	14407
minimap2:3e4433dea4a8fa6fc13b	train	14408
minimap2:d5734fdfb16098fd752b	train	14409
minimap2:05d41ccc0c77366c21ab	train	14410
minimap2:673a4e40babeef22ceb8	train	14411
minimap2:dbe6ad85e74d2065a489	train	14412
minimap2:df04e19ecb310dd7f432	train	14413
minimap2:58c946f9d105dde8b6d8	train	14414
minimap2:f4f86cf2ca08546db761	train	14415
minimap2:e235817eb9754f26e121	train	14416
minimap2:67c388e6a8ae31b0db79	train	14417
minimap2:e88f040f1868c90ad8ce	train	14418
minimap2:2739961fbb0be7c79432	train	14419
minimap2:ba8c17b6d51a56be363b	train	14420
minimap2:14cdd2f538373846fdaf	train	14421
minimap2:548d83a6f6966c87e29a	train	14422
minimap2:f54fffca243fc6ea34a5	train	14423
minimap2:4a94082fd1d658c44cda	train	14424
minimap2:cda91dea2df21dd676e6	train	14425
minimap2:76f75eaf58694caf9c17	train	14426
minimap2:35096e09a3b493d9cd54	train	14427
minimap2:2dd7751a95e8d6d0ca24	train	14428
minimap2:524a4b496d7218b554a9	train	14429
minimap2:15ba8bb0b5f6ba8aff8b	train	14430
minimap2:764cd1224dc57838f619	train	14431
minimap2:702fdb498b31733b0a01	train	14432
minimap2:5e40ce0fcb2d4e60dc89	train	14433
minimap2:112b0eabda9821bb08a4	train	14434
minimap2:1e12fed6211d01641e14	train	14435
minimap2:cc37456137bf518c72a6	train	14436
minimap2:8ef7a955499f5a5eebfb	train	14437
minimap2:beb6de7978ea4fe1f039	train	14438
minimap2:3a6cd64d21c7e50ab938	train	14439
minimap2:8726929f9a47818c399a	train	14440
minimap2:569ec191d485418829d1	train	14441
minimap2:d0fb582dd0bbcc3b3786	train	14442
minimap2:02a1f052c618c5bc6c93	train	14443
minimap2:f382c81cb3fd7bf8e484	train	14444
minimap2:0a634e732a596cce1165	train	14445
minimap2:f6b97edb0e69da1007ba	train	14446
minimap2:173e6c12805fb8a705f0	train	14447
minimap2:77df87319d78e3603c51	train	14448
minimap2:323aaa5c66af2166db0e	train	14449
minimap2:eb796906543cf816a732	train	14450
minimap2:7d29bbb5285f6d8a65c2	train	14451
minimap2:cc0a78e7df9951c7a8e1	train	14452
minimap2:235d38875ab199b67700	train	14453
minimap2:c00556e4bf9365a157d0	train	14454
minimap2:0c5b23c23badf8c2cfbe	train	14455
minimap2:2aeaeaf18934da1a13d5	train	14456
minimap2:a9c01f63002953d9bf95	train	14457
minimap2:9f095f23b8eab00d30ba	train	14458
minimap2:8e639ca59222e115a753	train	14459
minimap2:4866fd71b7e04c1fc7d2	train	14460
minimap2:006d96ee069a19e6e751	train	14461
minimap2:6b55f933330a35ce2dc6	train	14462
minimap2:59f7a390194fd3689269	train	14463
minimap2:38fb75ce4c682936a2b9	train	14464
minimap2:a4636a2c79c87f63073a	train	14465
minimap2:9904655f7d31c57f7185	train	14466
minimap2:2431bbd261aed96f5f93	train	14467
minimap2:470acdd75449a39ec944	train	14468
minimap2:d6c79ac909e14cb74219	train	14469
minimap2:63eba81ae340f9ed04e0	train	14470
minimap2:4c8c53fac9f8d1f04f8e	train	14471
minimap2:16d4d9a43d556426a119	train	14472
minimap2:f5193093372dab1d1c12	train	14473
minimap2:f38b10d0645c314e804d	train	14474
minimap2:a2ff5b152e2303889c2f	train	14475
minimap2:6bacb3f8677e524b2a82	train	14476
minimap2:80e582ccfb1c99cc858f	train	14477
minimap2:e1f1b488482b65cd55d7	train	14478
minimap2:c109c151803a825b1bc2	train	14479
minimap2:349531bf69a777d51a79	train	14480
minimap2:49a842cfa50790f5b973	train	14481
minimap2:e1479a19cc8ab6ab4d64	train	14482
minimap2:4916a504346a40e6a115	train	14483
minimap2:542b7677ee7023b206ed	train	14484
minimap2:fc92b9bf8cbc7f8796c2	train	14485
minimap2:4d3f44d5fb2c350f03e1	train	14486
minimap2:ad4b7af9ef493b6f4a17	train	14487
minimap2:54359ea3fae00a1134e1	train	14488
minimap2:206357f5d6bd518601e4	train	14489
minimap2:63a0a87abf9d2d2dafde	train	14490
minimap2:ffdd8acc0ba8aab3caa3	train	14491
minimap2:1ec9dc14dc3beabb4ef7	train	14492
minimap2:61e890a566797caeb375	train	14493
minimap2:4fb78bb3e6e7ca009ca1	train	14494
minimap2:66efb9f513f35bbbcae6	train	14495
minimap2:b8a7ba3ac9fc7da6af93	train	14496
minimap2:63c182be9a239a95b2c4	train	14497
minimap2:97e4361c024580820d5c	train	14498
minimap2:8f69aaa22a86d6bc2fb8	train	14499
minimap2:d37eb942c3e7d698b4ce	train	14500
minimap2:80505734bd213e902f47	train	14501
minimap2:0d0935068243d0af0b8d	train	14502
minimap2:8fd9e8425d52ff320071	train	14503
minimap2:b11d3afffebbf065a94b	train	14504
minimap2:61a9376f75812748f996	train	14505
minimap2:0508eb7a28acbbee6a27	train	14506
minimap2:d234ccfdfe4602087477	train	14507
minimap2:7d5ad83a7c2533185934	train	14508
minimap2:43e11e41b348fe6801aa	train	14509
minimap2:4dba2bfcfc340e3ee3d0	train	14510
minimap2:87a23332f3daefb13314	train	14511
minimap2:3725376672c69c07eed3	train	14512
minimap2:d5f8c72b6a5346c61bd0	train	14513
minimap2:a8c2c8d9341faa25f96d	train	14514
minimap2:af2cfa884639bf38c60c	train	14515
minimap2:1b6a3c61fb1c76b818d4	train	14516
minimap2:ad1615fe110674f80e9f	train	14517
minimap2:0f6b615d755cf2ebe907	train	14518
minimap2:b9946dffbdc487ec90db	train	14519
minimap2:075ab7e95976edc80c49	train	14520
minimap2:22aac76ad56f7cdfb86e	train	14521
minimap2:91c0ae0c8e2d668ebe99	train	14522
minimap2:ac4227eeef58d036b7b9	train	14523
minimap2:0155b35df61e3bc4f600	train	14524
minimap2:59f5f675bb0d555a02a8	train	14525
minimap2:5245468a63b6e14baea1	train	14526
minimap2:0be39010e96ef72e82bc	train	14527
minimap2:18c6f497c6f56eecc160	train	14528
minimap2:406910062a0073d2cf4a	train	14529
minimap2:b775fba7337994442438	train	14530
minimap2:b45fed842e3c8e004b55	train	14531
minimap2:92961297103f24ab96e4	train	14532
minimap2:0ca752f8c3e4b3e44394	train	14533
minimap2:d6e72dfd352143748523	train	14534
minimap2:17e17b39bf467121a35b	train	14535
minimap2:1bce927d64e93f5f61c9	train	14536
minimap2:ed35fabe9f60a22cd4b6	train	14537
minimap2:b726ed7dc5e1942a03d6	train	14538
minimap2:855ff9ccb7953b6c608b	train	14539
minimap2:df757be5464a9c5defd1	train	14540
minimap2:f518ff17454380ba1c75	train	14541
minimap2:09386166587faf236f66	train	14542
minimap2:e2213077e5080032c739	train	14543
minimap2:25466b9fabd09d2925e7	train	14544
minimap2:7464cc7ba92e97f80c8f	train	14545
minimap2:4f636ac3cb04ad915063	train	14546
minimap2:3d5be599825864c2baa4	train	14547
minimap2:1e57e4c9587a5ab13752	train	14548
minimap2:f98d68bf7b60f3c6a97a	train	14549
minimap2:b9feedbf8a194aea264e	train	14550
minimap2:9d3a92704ac3a647ad78	train	14551
minimap2:f0a763a46866badbabb3	train	14552
minimap2:828af201e8a195d48586	train	14553
minimap2:f08238df84f26373d2cf	train	14554
minimap2:dea011960d633b7afda6	train	14555
minimap2:7783ecd43777b870e8d1	train	14556
minimap2:f812675de92e33ea9551	train	14557
minimap2:2daf1486ee5f5059f78c	train	14558
minimap2:46ab9a72a3d6a076c170	train	14559
minimap2:0ddbde366016648ae8db	train	14560
minimap2:653bc64de12f45734ba7	train	14561
minimap2:992f2544e4efa9f2ca68	train	14562
minimap2:e0ab6d0fd5d8537a0ffa	train	14563
minimap2:9945f616e92de8f1a87f	train	14564
minimap2:cfa033ca83d5354e3663	train	14565
minimap2:69664c5f9bfa0a5177ca	train	14566
minimap2:8058a282c515174a8fb5	train	14567
minimap2:492f9745c1ceabe9cd12	train	14568
minimap2:5a9be654d8502c55cf37	train	14569
minimap2:8c0455746550aecce95f	train	14570
minimap2:f501200ac5461fd6a233	train	14571
minimap2:9ad8bf757559eaf79188	train	14572
minimap2:503775b07e1d508112e7	train	14573
minimap2:ee6929e38fec2503272d	train	14574
minimap2:71e2de349d58b496434c	train	14575
minimap2:51d8152d2092c3b09c88	train	14576
minimap2:41c236d0bab2e43507dc	train	14577
minimap2:32555f3c0517ef00c14c	train	14578
minimap2:4a58b1652609a0f03ffe	train	14579
minimap2:0a50612ec7e839ff4024	train	14580
minimap2:26a2f0dad98c2c566aed	train	14581
minimap2:d217ff92642c9835709e	train	14582
minimap2:91930e7923e3c5f141a3	train	14583
minimap2:5042cd484beea9843fa3	train	14584
minimap2:5a3522a19e02ad42fe5e	train	14585
minimap2:a262cc28bbfb889943c1	train	14586
minimap2:929d15731971e49d42c3	train	14587
minimap2:c23d5cea1c469eb45d35	train	14588
minimap2:fc2418ba3558cdebd8f3	train	14589
minimap2:6e95b837a7a224790481	train	14590
minimap2:30993ca4461c9e852aab	train	14591
minimap2:3a5ae97526e3b07a6aee	train	14592
minimap2:76a3266deec1162cbe36	train	14593
minimap2:9b465233febedb0c6633	train	14594
minimap2:97ce2d31079e06425d45	train	14595
minimap2:e1973158f6f312ba9c16	train	14596
minimap2:443a92fb3a5aeba9160c	train	14597
minimap2:5437f49eeb5187bfaedb	train	14598
minimap2:5b9e39ba52f12256f144	train	14599
minimap2:649faf6e4f0d5afc86ba	train	14600
minimap2:5debc5b7af273a675a39	train	14601
minimap2:6033289703cb4796e91c	train	14602
minimap2:a3c12b48d093214a27c8	train	14603
minimap2:a293bd30ea0cc90c5aff	train	14604
minimap2:75d8a9637234f2500d83	train	14605
minimap2:7d2a959ed7a56d42659e	train	14606
minimap2:5a1854c8978857031cec	train	14607
minimap2:927a44a22505f3485cbe	train	14608
minimap2:2623308526a0809bb998	train	14609
minimap2:d7695524f6d8ace3a421	train	14610
minimap2:7df59dc043a80c8cf4c0	train	14611
minimap2:9d1a4c0f2095f8277a44	train	14612
minimap2:bdb8f5f94cc278e825e9	train	14613
minimap2:3c3557e197ea405d2db8	train	14614
minimap2:d08e7ac8d40dc0b5c737	train	14615
minimap2:836d42a87b9e3f52228b	train	14616
minimap2:2588346a3ac3ff281c5a	train	14617
minimap2:b261631639c82bd3ac89	train	14618
minimap2:87ac8befb76f3efb30df	train	14619
minimap2:ff6f47860ccd6ed2fb86	train	14620
minimap2:7e2aed2a31487d71ea25	train	14621
minimap2:347af873c4f4623b4935	train	14622
minimap2:6f24ee7ab09ddcd4bb1d	train	14623
minimap2:1567392e994783fa6c7b	train	14624
minimap2:5d2fb6bfd2a53bb92a77	train	14625
minimap2:713618bfb0d2142dfb24	train	14626
minimap2:e46c9c4b042385ae3312	train	14627
minimap2:aa41d202e2a9381c48ce	train	14628
minimap2:38bfec75bc3678c398e2	train	14629
minimap2:9587162d520e72ed1b37	train	14630
minimap2:1d25f807375f7777043b	train	14631
minimap2:546486f678b051b7305b	train	14632
minimap2:a69a793a6fb26ed5f7bd	train	14633
minimap2:0fa55498bc2b249428e5	train	14634
minimap2:8591a01bac28db88a15d	train	14635
minimap2:c8f5351215de600354fb	train	14636
minimap2:31c8d13b83331941768b	train	14637
minimap2:2131eed1c578fbdc7d39	train	14638
minimap2:05729359bf0aec172748	train	14639
minimap2:d4c95ccceddb8e76e405	train	14640
minimap2:33ecff87d4f988886c3f	train	14641
minimap2:6b97513e755e7925f993	train	14642
minimap2:faffe6ed7b62e280e597	train	14643
minimap2:c7b1eb4f72daddaeda53	train	14644
minimap2:e1e5d99e43ce63c97d0f	train	14645
minimap2:8239aba849bc17e9cd5a	train	14646
minimap2:95d2bd77f590f888cb47	train	14647
minimap2:3a4f5c43e563204b7d25	train	14648
minimap2:54320379e3a4549ec232	train	14649
minimap2:033d40c15633a4caca2f	train	14650
minimap2:b422b5b60ee2d2be5042	train	14651
minimap2:2695bfa15c2aa921eee8	train	14652
minimap2:87c2b601d737dda514eb	train	14653
minimap2:865e1a93343f69c486a0	train	14654
minimap2:71ee23d1a3be503244e5	train	14655
minimap2:8ee9b3ed9d547d298c5c	train	14656
minimap2:887e05f0493d1f074b8a	train	14657
minimap2:040168aba0046b5c897e	train	14658
minimap2:ef4a7b2de8c0457d438b	train	14659
minimap2:0a300b8ef96fb526abcc	train	14660
minimap2:88815aecf61cf8586d0c	train	14661
minimap2:0f326f6db82b8a4c0882	train	14662
minimap2:0ca5734b39e36bf98834	train	14663
minimap2:0b27192bd3e5673e6135	train	14664
minimap2:c1483e407e4e58efb06e	train	14665
minimap2:51bf32a310659d8b4ae9	train	14666
minimap2:9a6ea623cc8bd242ecde	train	14667
minimap2:3529bc75ed5154d9ddb3	train	14668
minimap2:ba9aa59f6d222163ed05	train	14669
minimap2:8689f79ba181ab72cbbb	train	14670
minimap2:ee33b7faa2ba9b300333	train	14671
minimap2:8ada1070dd094f63bd48	train	14672
minimap2:4684d8d04d54438d36ff	train	14673
minimap2:1ef5db03e79cc2324905	train	14674
minimap2:18e2a54eacda98bcdcc7	train	14675
minimap2:b02eaf9a0d3b7eeac221	train	14676
minimap2:53bf17827bf895d9d87e	train	14677
minimap2:4e0e3159e66c67dcd3fb	train	14678
minimap2:33c749f14b60612d798d	train	14679
minimap2:e727bb91cd6300edbd57	train	14680
minimap2:c6a9dad79c01c0598ed3	train	14681
minimap2:6f497ad06938706c3840	train	14682
minimap2:e55a205fcbc8a7aab04a	train	14683
minimap2:96ad026c318f0bb43632	train	14684
minimap2:4722bbb51a1a75f36aac	train	14685
minimap2:80667210f8b1b70cb187	train	14686
minimap2:ea5359237e08fd812276	train	14687
minimap2:f66ba8fa2c3626f9a89c	train	14688
minimap2:8ba3a0f49c3167bf91c1	train	14689
minimap2:44c3be07f489b4998a80	train	14690
minimap2:aa8ec91215850ae008d8	train	14691
minimap2:b961c950538461687661	train	14692
minimap2:52efa6bdd42db1264d31	train	14693
minimap2:894e366cfb195759ac5f	train	14694
minimap2:4d84f1da48c5e08f1f06	train	14695
minimap2:573c2c7e568b581420d8	train	14696
minimap2:1184ba807b2ad6b8b032	train	14697
minimap2:fd046c94dd02a4a7751b	train	14698
minimap2:228f6e179c13354d69db	train	14699
minimap2:9cc31e9fe332e04fd408	train	14700
minimap2:9f4f45b7e646d7a2abf3	train	14701
minimap2:1a0ab2687bac864f5cb3	test	14702
minimap2:2ef2b98709f902479923	test	14703
minimap2:ecdaaddc82cbf0a564c7	test	14704
minimap2:190d6d9316bfbdd94de1	test	14705
minimap2:b09450024c69b001054e	test	14706
minimap2:5d8dc6e733c63f3b94ca	test	14707
minimap2:074875f2925de3157573	test	14708
minimap2:ed1db4647f9ba9ee283b	test	14709
minimap2:21f241129fca05679c9f	test	14710
minimap2:583ecfceeb61df5fc167	test	14711
minimap2:e02300a9eda381c03ab4	test	14712
minimap2:fb64fda5bf15fc860713	test	14713
minimap2:49e352db8a7a764b3320	test	14714
minimap2:7045598b5f280cc058ed	test	14715
minimap2:3529fedae04a97403bec	test	14716
minimap2:e1a72ba80783a4d644fc	test	14717
minimap2:02b0a8b6f3b691cb73fa	test	14718
minimap2:0f8a1346d0f9ab874b62	test	14719
minimap2:6e788881b0fe991d6e21	test	14720
minimap2:86eb331565f3b9610b23	test	14721
minimap2:ecda10929b4022275a9e	test	14722
minimap2:095974f6cfa9cb637be1	test	14723
minimap2:81981dad56adc75270d3	test	14724
minimap2:e468075c648c0258f286	test	14725
minimap2:7195aa93265d4387b7bb	test	14726
minimap2:6070bd9565a70a4da214	test	14727
minimap2:55dcdba0e40d99db5f71	test	14728
minimap2:c961e12b2d9fc33ebc27	test	14729
minimap2:3292ecd0350db0eb2686	test	14730
minimap2:ad17da301e533c77fb6a	test	14731
minimap2:5bd7ab27ee2b0ef1ac06	test	14732
minimap2:4c7a82b207f5c449f761	test	14733
minimap2:dfa268730246de291180	train	14734
minimap2:884ccf306655672b0b54	train	14735
minimap2:5bee6e41a8103a0915ba	train	14736
minimap2:c37d3db774d5c41fdb7c	train	14737
minimap2:9ed09682fc4be3d0935a	train	14738
minimap2:93cd4ae38c04ecf44c54	train	14739
minimap2:6cacd3a7bdd523fb0ad6	train	14740
minimap2:822e16dfb60bdedc7487	train	14741
minimap2:151166208d6a32ca04c1	train	14742
minimap2:9739e7dad97fb2cf54e8	train	14743
minimap2:a3de888c1fd3b2a6b99c	train	14744
minimap2:17a5b4336e671546c5ec	train	14745
minimap2:e7b516e4c508f984603e	train	14746
minimap2:951c931b2ef2b35c235c	train	14747
minimap2:35b72d6d470924331c4a	train	14748
minimap2:72e92f2a064924e902af	train	14749
minimap2:8478a9e07f0a71ef5cd7	train	14750
minimap2:f49abbc5380a53b67902	test	14751
minimap2:76cb07cffdabd6404281	test	14752
minimap2:4782dd727bd7400777a5	test	14753
minimap2:208d39e704c39a34b6ac	test	14754
minimap2:841234a5b54298f43981	test	14755
minimap2:d6560b876301674a7ad2	test	14756
minimap2:777cb7ef93584456d3df	test	14757
minimap2:9ef14757a21f4720d084	test	14758
minimap2:7984790d04ae644e4364	test	14759
minimap2:322174141c9c6c0de4b7	test	14760
minimap2:56c2fb02793c7ba40f56	test	14761
minimap2:58efd154f8c3966cb94b	test	14762
minimap2:6f8ea4a964b42a665ac1	test	14763
minimap2:7454ab35cdd58766c303	test	14764
minimap2:3fc42a2117edd9a1fbd5	test	14765
minimap2:328c07e245361258d718	test	14766
minimap2:2d8ca12557711c6548ed	test	14767
minimap2:b3a79dd0f5f0eaf73b95	test	14768
minimap2:68596edf71f077a16c45	test	14769
minimap2:81006d424c7dd184b4d7	test	14770
minimap2:c2bf222f1e8a94e69465	test	14771
minimap2:555212b2472b1233f9d0	test	14772
minimap2:e6ace18018992caa621c	test	14773
minimap2:60afe79ff68f1d57644d	train	14774
minimap2:07372fef23e43dfb4dba	train	14775
minimap2:2ad889f58bfdf043616a	train	14776
minimap2:395344a175698964db80	train	14777
minimap2:f593807d381eee6a3858	train	14778
minimap2:5056bc6948c7a7279d6b	train	14779
minimap2:0f790301f989d0926ab0	train	14780
minimap2:dfe530a20d9f52e1175d	train	14781
minimap2:54ec423e9b761fe7a14e	train	14782
minimap2:d67cc65cdaa63868e8c2	train	14783
minimap2:cba9dcb89359495479bb	train	14784
minimap2:8d314795bcfef047bc3a	train	14785
minimap2:0275d5e7c25e86e32e62	train	14786
minimap2:6e7c559d4936babdc824	train	14787
minimap2:879e0e1c33725ae8df56	train	14788
minimap2:1a871d51373f77c614c4	train	14789
minimap2:a4618de37d05b47beef7	train	14790
minimap2:8d288d8b35c0747d5a34	train	14791
minimap2:774cc5cf918363f34376	test	14792
minimap2:e8c6f1fa55dd2b78a1a4	test	14793
minimap2:969acbc189554eca1a0b	test	14794
minimap2:61393a21dafa7fb9a946	test	14795
minimap2:5a1b3104af7a2c4f3670	test	14796
minimap2:e6c3d610a4e674f8ee80	test	14797
minimap2:03f0da46fb8a6d5c630b	test	14798
minimap2:8ce47aaac66146fc6430	test	14799
minimap2:19ccc8d318fdbd51c979	test	14800
minimap2:d51b39038c41d36dd231	test	14801
minimap2:24b6be06d02605292175	test	14802
minimap2:5e5907c947ea06b095ae	test	14803
minimap2:66957b6f97823b59158e	test	14804
minimap2:fa1d80e9676c06999272	test	14805
minimap2:f7387dc5fafc56d9fafd	test	14806
minimap2:d68ddf3fb4827257d749	test	14807
minimap2:784ddbd7eb6472e917c4	train	14808
minimap2:c9ef6ec163d7c265d169	train	14809
minimap2:19ea4fff9b0fd465def0	train	14810
minimap2:c2a0254f93f2a8831867	train	14811
minimap2:d71cb22a9c0296e461ca	train	14812
minimap2:aa8dc0315698e70b1de9	train	14813
minimap2:79db9808724282af8587	train	14814
minimap2:cc2202aa6dc7d530dddf	train	14815
minimap2:ecaab0d5042c8c210de0	train	14816
minimap2:8eb703ecedb9c394c59b	train	14817
minimap2:55cdd08402c6036e308e	test	14818
minimap2:fa7e7c38077c82d46f5c	test	14819
minimap2:0c759df331227499d5d7	test	14820
minimap2:bd7b0cf055389b58688a	test	14821
minimap2:05817a11f6a9f9779724	test	14822
minimap2:f4b574b1b985a78e5902	test	14823
minimap2:ec93b88e231ad7b6a2ab	test	14824
minimap2:40f8d75198f396ea758c	test	14825
minimap2:93fec6e1a57ba892d256	test	14826
minimap2:34aaa239b0e6a9e1f9ac	test	14827
minimap2:e80412c3ffd2b7ac5840	test	14828
minimap2:39442ebbfe996bb2c63e	test	14829
minimap2:40152828ee00315cf956	test	14830
minimap2:a1c21251f43402e125e2	test	14831
minimap2:beb78c35a564a26d36dc	test	14832
minimap2:5ebaeb2b45ae0a1935f2	test	14833
minimap2:ca320ad05905075b5f86	test	14834
minimap2:3a3e1ef218fac250a226	test	14835
minimap2:73dadef4596739044ab3	test	14836
minimap2:0e6c1d4bdcfe342d3fd2	test	14837
minimap2:4f1dfd47875e059f8d6c	test	14838
minimap2:87dc4202e12749700f75	test	14839
minimap2:8ba8f9479c5502acb993	test	14840
minimap2:06d7b14630c7e21079c9	test	14841
minimap2:d5b20e3d7af1e6bf2346	test	14842
minimap2:db77ffc025928f094643	test	14843
minimap2:0559362c0625d780bd8b	test	14844
minimap2:6984c911e3d6844aca81	test	14845
minimap2:e86a035962992eb56b18	test	14846
minimap2:1abec70101de23bd00f5	test	14847
minimap2:f6475751a8a32ba07f36	test	14848
minimap2:ab7f4bab5e5a0fa87b31	test	14849
minimap2:371ad106f77535f18108	test	14850
minimap2:318b0edfbfdfc9367106	test	14851
minimap2:9360221ff0e792b8241a	test	14852
minimap2:bc3beca307815c55ea30	test	14853
minimap2:d7f72711a2f62aa8d7af	test	14854
minimap2:161b9ae5e4f62b027d44	test	14855
minimap2:301a2242866e2d11b9da	test	14856
minimap2:264e62163789315bf831	test	14857
minimap2:ec3a2c27f58b440f8a01	test	14858
minimap2:913a9997333aa7e4785d	train	14859
minimap2:03bd8a8f0a3419237585	train	14860
minimap2:b3708197f6f133f4fbd3	train	14861
minimap2:82f4a70de0f19be5c14d	train	14862
minimap2:0d224aac49acd5ce1b4e	train	14863
minimap2:91d7deb3d0ef48b787d8	train	14864
minimap2:7e749368043ba6b2a336	train	14865
minimap2:261a9f7c91d6f72f7cf4	train	14866
minimap2:6cfa93f322eb88ed1981	train	14867
minimap2:525f29bd97f0bbf0667f	train	14868
minimap2:8946e63cbea7a065e7c0	train	14869
minimap2:9cd350250a3f6e4833c9	train	14870
minimap2:a127b580914080acda3a	train	14871
minimap2:c4475dc585e3fd955efd	train	14872
minimap2:dcf9780f01d96d0c7595	train	14873
minimap2:84ab845a54162d1b46d3	train	14874
minimap2:352143de9f1a821ff043	train	14875
minimap2:b24ebe3e1edf3dae8e56	train	14876
minimap2:83629e53cdc4d3d28c0a	train	14877
minimap2:8b9afa2ac335c756597d	train	14878
minimap2:f7877f2c78c32b2ea2f5	train	14879
minimap2:35992ab9849b9dbc5dbc	train	14880
minimap2:946317607a3f2f7fec81	train	14881
minimap2:72bc1823dc8f22e28ee2	train	14882
minimap2:86d129a35fa9107c7f9f	train	14883
minimap2:59580b72936f082f7dc6	train	14884
minimap2:1513e542d71c60f5b800	train	14885
minimap2:d5896f6fd4efd2cb8ba4	train	14886
minimap2:c47a4854d3e5c7fe4e89	train	14887
minimap2:50377e11fd0ef3a281de	train	14888
minimap2:80292f40e846347eaff1	train	14889
minimap2:b3de55b63c3365be1471	train	14890
minimap2:e0dc41feb3c341eb881f	train	14891
minimap2:0d2848e561c431dd2b01	train	14892
minimap2:9b3424443559c4f7ee6e	train	14893
minimap2:36f45d11712314625940	train	14894
minimap2:a377b1d2c76af5af77fa	train	14895
minimap2:2d6dcf5428c335ee68ef	train	14896
minimap2:7dbcdc46fed077645e88	train	14897
minimap2:ff79f1dd2ff3683aa5c8	test	14898
minimap2:d868507de0cc058ce2cc	test	14899
minimap2:63be8e2cdf35643a5e93	test	14900
minimap2:0e55070fa209617f3ca9	test	14901
minimap2:d13e985cfb96aedc7008	test	14902
minimap2:f73ee400797372e48f6f	test	14903
minimap2:6ff85c28874de13aa193	test	14904
minimap2:1ad53a47649e31c40b2d	test	14905
minimap2:e3d7a64c791ea5351e05	test	14906
minimap2:d1ba2a19c2c6b70229fc	test	14907
minimap2:6f6d428c621e483f04b8	test	14908
minimap2:d0ff0585e7f6770115dd	test	14909
minimap2:d82a1d494fa6084842f8	test	14910
minimap2:c73d91eb18de03e9739c	test	14911
minimap2:ff635d5d0b8c438eb940	test	14912
minimap2:0b213537907decde4a62	test	14913
minimap2:39457e6a36e83e8d1a95	test	14914
minimap2:1adb1fd442271684ce34	test	14915
minimap2:dfa35c1a1793a12d2b1f	test	14916
minimap2:79c73bef22efc7b1f3fe	test	14917
minimap2:a6453a86f10ca99502be	test	14918
minimap2:1c7d7266bb33c71bcf67	test	14919
minimap2:b36a78e19ba7b88860e4	test	14920
minimap2:5fcf3b93b60426b6ecef	test	14921
minimap2:d162d8c75dcc260ac275	test	14922
minimap2:4c27f7984bc1ace07b97	test	14923
minimap2:c671b4987eac82f61ec2	test	14924
minimap2:bd485090a86f815232d7	test	14925
minimap2:9ad01e383ba78d25d7bc	test	14926
minimap2:f4b9e98db65a0c131cd3	test	14927
minimap2:91da214c8e69142521f7	test	14928
minimap2:27a7f435e29905240771	test	14929
minimap2:6074a04a5e98e546d4a1	test	14930
minimap2:a9ba6e2b14d40c2285ef	test	14931
minimap2:3df0297b169268563e58	test	14932
minimap2:38a0071581ce322b04f3	test	14933
minimap2:ab35e8f4f20ff0064449	test	14934
minimap2:5d5ffdd7d5325aeb814a	test	14935
minimap2:735fc24fe6f5b2485efc	test	14936
minimap2:ff88e42bdd194b4c72ed	test	14937
minimap2:50cb2ff39eb0534cc0de	test	14938
minimap2:e13b0cb26a7fed60ac54	test	14939
minimap2:9a2f657daafa61ed6fcd	test	14940
minimap2:cc24f5ca76ae526dd588	test	14941
minimap2:716f1fd6c610f230e090	train	14942
minimap2:a16e2013f1762880e74b	train	14943
minimap2:b6b3c5c436ed4b3dda69	train	14944
minimap2:89710658ec630ee31d31	train	14945
minimap2:9900c2fe6e6d25ab8294	train	14946
minimap2:034337ab3b1ca5e1d3e0	train	14947
minimap2:0c7cacfcee5483b0fccf	train	14948
minimap2:419734489f650afde48e	train	14949
minimap2:c3bfff4f71fa63fc6cbc	train	14950
minimap2:9ee61cde8cb99d7dfe26	train	14951
minimap2:e003b3a4ca9af0080ced	train	14952
minimap2:1f0edc66b370bd0b3b46	train	14953
minimap2:a36aa587d6e615f0dbd7	train	14954
minimap2:86e00910030ba2779a78	train	14955
minimap2:90a5cd4c9e1d9ca4406a	train	14956
minimap2:f647692e6656d070f8c1	train	14957
minimap2:5f29a98b41d619101d62	train	14958
minimap2:0b23e35c64efc5c019c1	train	14959
minimap2:9ddcb5f14dd25d04b842	train	14960
minimap2:b9b0f857d472de5ca2b8	test	14961
minimap2:37d584469fcbf9a3a1d1	test	14962
minimap2:38684e9af13f260318ad	test	14963
minimap2:ad5deee1252ff2cd4f3c	test	14964
minimap2:cc75707de46fe74c5655	test	14965
minimap2:4bffbd6944d8900ace3a	test	14966
minimap2:945c468d36712a0d6492	test	14967
minimap2:c664c54de500ee619e5e	test	14968
minimap2:8ad4b8283257fb98bba7	test	14969
minimap2:4458c08463c75309e63c	test	14970
minimap2:eb67a1c9890922786b09	test	14971
minimap2:b3aa3c46bcdc7d5e27f5	test	14972
minimap2:211071271882cb563760	test	14973
minimap2:09e0e907745ba22936ac	test	14974
minimap2:40b3b2bed88626228881	test	14975
minimap2:bdf61d2767f2c8938c50	test	14976
minimap2:75b77aeb37730a47936b	test	14977
minimap2:31dd7313871522947f7a	test	14978
minimap2:3258c8d76dea3e6b17f7	test	14979
minimap2:563523152bd5541c36b3	test	14980
minimap2:00020e5e34a0b62ca309	test	14981
minimap2:89dc6a304228de0e0d5d	test	14982
minimap2:71e075329da5eee5b77e	test	14983
minimap2:4b06c3ebc28832c5bfd7	test	14984
minimap2:057702c9374869c43147	test	14985
minimap2:9f42cb7effcd21b82bb6	test	14986
minimap2:3616ba60952f3dc1b1e2	test	14987
minimap2:22757ef109c6bc8d9f37	test	14988
minimap2:65a8bf91c29b570cc173	test	14989
minimap2:a2a8cd92c408e144aaa4	test	14990
minimap2:5301b9ea41191771fa8d	test	14991
minimap2:20932d5ef12f9a7fe443	test	14992
minimap2:369716cbfbb78193a9af	test	14993
minimap2:d693b5a7ccf36f759ba2	test	14994
minimap2:2aebb338140f11e83ef4	test	14995
minimap2:6b2698d9faadbeee63c1	test	14996
minimap2:92d8eef7c08b53c03dab	test	14997
minimap2:5297e67c3e91242cf748	test	14998
minimap2:a4c61577cd8f6a1b1cf5	train	14999
minimap2:1101d37c49809a1a7044	train	15000
minimap2:2d71e9eb47cc3db231f7	train	15001
minimap2:c0be1df001b94dadd29c	train	15002
minimap2:596104a4144c9ef8a9a3	train	15003
minimap2:8b6489d60406e3740a4e	train	15004
minimap2:63ee6267819c4427c64d	train	15005
minimap2:bba70248157104256042	train	15006
minimap2:f051e23ccd3303102c69	train	15007
minimap2:84a93fe7c22cfb33a5d8	train	15008
minimap2:af12127826cd889ffa0b	train	15009
minimap2:6d3c0ccf8da682346526	train	15010
minimap2:9ce96539d9e7f387d5ba	train	15011
minimap2:70f1995f799085a6edc1	train	15012
minimap2:18df09a090bbab3bec95	train	15013
minimap2:09f2769a1003864f8a8e	train	15014
minimap2:080d134af765cb2a350c	test	15015
minimap2:b795322343207c5e52d7	test	15016
minimap2:d835ad3ef3b21ec7f090	test	15017
minimap2:a76540e3d53a66cfcb29	test	15018
minimap2:c94349588488a823b015	test	15019
minimap2:59a99d57902fe11a5b0c	test	15020
minimap2:37e4a0337a878e12a95a	test	15021
minimap2:8a83e67defae32692052	test	15022
minimap2:e701ee89fe0a55082bcf	test	15023
minimap2:0f83996c55464fd85298	test	15024
minimap2:f419a8da1d3eb2503801	test	15025
minimap2:ca14d8a41e691e98923a	test	15026
minimap2:cf8ab0995a916e294a5c	test	15027
minimap2:934f7323a7f9b3e61b82	test	15028
minimap2:02156ef86f2c1017e2da	test	15029
minimap2:53c5ef7023201be2daaf	train	15030
minimap2:125df24db18c77f42ea3	train	15031
minimap2:e2023bdf237af112c098	train	15032
minimap2:ba885fddc8489dcff152	train	15033
minimap2:8a904458c7b61a86665a	train	15034
minimap2:be2f0fcf7cc82646b51d	train	15035
minimap2:e48f80078a0e0662bf6e	train	15036
minimap2:069fcbcdc3d9acca3a30	train	15037
minimap2:828df49fe6da5c71f366	train	15038
minimap2:359f9fd250fe2ddf10bd	test	15039
minimap2:0a6dfadf8799be68b422	test	15040
minimap2:595ba84f2143e129438e	test	15041
minimap2:981374e5799e99640f7e	train	15042
minimap2:9171ec6d3abaac44066f	train	15043
minimap2:144821df8069b9deb1c1	train	15044
minimap2:b0e740f69ce806cb7bb2	train	15045
minimap2:c317e8111df6f1297a48	train	15046
minimap2:9c6a9cf789ee349e344a	train	15047
minimap2:982a626a80bf2bfdbacf	train	15048
minimap2:ec990acfa8eec163577a	train	15049
minimap2:5d20b5cdae5d2ad0e2f3	train	15050
minimap2:6006ecef82d427405ecf	train	15051
minimap2:5dbaca294d3149d6af12	train	15052
minimap2:67b201ceae4a8193d7dc	train	15053
minimap2:0930cc0a072b80ad6a15	train	15054
minimap2:2a9a1a0c57ca54298547	train	15055
minimap2:8e639ea5c2349e42deb7	train	15056
minimap2:09ccaade838e57c925d3	train	15057
minimap2:861d1568bb740b0065de	train	15058
minimap2:05fd32eaa62957483b64	train	15059
minimap2:5ff72c80b72e44093a54	train	15060
minimap2:658ae908c42df718e14f	train	15061
minimap2:ec3bd06381d78ad66caa	train	15062
minimap2:d045d9c0caa814e11045	train	15063
minimap2:65e1697dafc9e024405e	train	15064
minimap2:10c9a2e194af78ed96c1	train	15065
minimap2:97ce0f9b1c61f89d45f1	train	15066
minimap2:db55bb19472078ceac33	train	15067
minimap2:1fdadb8bba33b1509e02	train	15068
minimap2:aab5531dbd9b2e3e86f3	train	15069
minimap2:fec724718faeb8eb36fb	train	15070
minimap2:06c94d08820b0f6d3f37	train	15071
minimap2:d2afd0cb643249654e15	train	15072
minimap2:d55f72d9418641d2fb47	train	15073
minimap2:171a80333b779e016d18	train	15074
minimap2:c136920f3faa15e3a7a5	train	15075
minimap2:6ad7dd6421d340c635ca	test	15076
minimap2:047434fbb923130c724b	test	15077
minimap2:063e231672ec5c3d25ac	test	15078
minimap2:171043d344533c902487	test	15079
minimap2:7897a56bb17d878825d1	test	15080
minimap2:0a93d352022befd86722	test	15081
minimap2:f88e0c25a98adbe68d15	test	15082
minimap2:a3a2575683f30e52a746	test	15083
minimap2:bfd1a16fadc9ac583454	test	15084
minimap2:a1a005fc33fca0a5a8a9	test	15085
minimap2:f6e19426f8ac41305b45	test	15086
minimap2:f1c0147d9b3eb62ae8d2	test	15087
minimap2:1b47e0148d81bea5dd24	test	15088
minimap2:9d035b1fc5e53971a12f	train	15089
minimap2:bc06e63caaf671327e91	train	15090
minimap2:d6358b5f32fe2f90b153	train	15091
minimap2:223eb77dd71bd262d582	train	15092
minimap2:3f746771e6ada6ac420a	train	15093
minimap2:d64d66ed0e7ad1e77979	train	15094
minimap2:46f19eb775cb94c506fb	train	15095
minimap2:9e0f71999e9dd6d85880	train	15096
minimap2:21baa54a9b8b4e69392f	train	15097
minimap2:ff6e1ccc6f38d2a717e7	train	15098
minimap2:5a337faba97cfe901370	train	15099
minimap2:12b38a40114160a38026	train	15100
minimap2:058af21a3f45e50386d8	train	15101
minimap2:f6d8bb45d698bb636dfc	train	15102
minimap2:a3cb7a1833fde1586116	train	15103
minimap2:17955a0c6d05ec8c5e96	train	15104
minimap2:371d328d8798ff7fdf82	train	15105
minimap2:7fe422bb217e8decbeab	train	15106
minimap2:032c516bbbef73114bea	train	15107
minimap2:034700a39360d5a0fdb6	train	15108
minimap2:8919f4e8e9ce3c6dbf44	train	15109
minimap2:7bedd5f561d3981e427c	train	15110
minimap2:7582fadca010011fd6c6	train	15111
minimap2:7ea051d223c74424727f	train	15112
minimap2:615cd1c80ee9bad42dba	train	15113
minimap2:999c0afc0009fc971c7d	train	15114
minimap2:bf25db61a3d1469f0cbb	train	15115
minimap2:b384a9121b87178040b6	train	15116
minimap2:b089b635a80083f96074	train	15117
minimap2:8a43c4a1793fabcc6a30	train	15118
minimap2:3fbbf48061d584a5a878	train	15119
minimap2:2026ca988be29a025cd6	train	15120
minimap2:65e4f671ab1203e8d9ac	train	15121
minimap2:f136b0365104f232fe47	train	15122
minimap2:ed451992a2d99fe77e76	train	15123
minimap2:d9a85e65dc67a56eef5d	train	15124
minimap2:ffc50ca61417a4823df0	train	15125
minimap2:380d7239a649b5999c16	train	15126
minimap2:7ca8e3d0a02abb79e414	train	15127
minimap2:ea8909d77283657751d4	train	15128
minimap2:849a34688c0028805bfe	train	15129
minimap2:68a7eb4174c83d0c028a	train	15130
minimap2:aade1e97ca22bb698cd6	train	15131
minimap2:c6c33b235f1776eb7d56	train	15132
minimap2:65ebce7cca5e92b1c4f6	train	15133
minimap2:6e52cc280ce3612242cf	train	15134
minimap2:704bc0c794a1279accad	train	15135
minimap2:a282b11259a53ca4ca31	train	15136
minimap2:65cc36116e64678b1823	train	15137
minimap2:408ac8d469d99179e4b2	train	15138
minimap2:bb3b1bfd4fcf1c610975	train	15139
minimap2:33ce14d5b81841599074	train	15140
minimap2:3436c2ca82d9c5cfea20	train	15141
minimap2:483eacb31de4456a062a	train	15142
minimap2:e7039ef0240e3ecdcc92	train	15143
minimap2:12213a1849fa76d31d32	train	15144
minimap2:0030d573f2866ad5a505	train	15145
minimap2:3a800a0620cc7ff09676	train	15146
minimap2:d87f5b8e478dee2a276b	train	15147
minimap2:5b384b643fee2a56a1db	train	15148
minimap2:ed83bfbaa94eeb993de5	train	15149
minimap2:b30fcca3962f83c7eb89	train	15150
minimap2:74063e5db5f63c7f9872	train	15151
minimap2:aeb0c2b63fa27e7dc45c	train	15152
minimap2:7856ddede9538fa509e7	train	15153
minimap2:6eed83d7fee6ba1fc221	train	15154
minimap2:602889200249808b51b2	train	15155
minimap2:3cea23e531f0480a63da	train	15156
minimap2:404408915e112d799ac0	train	15157
minimap2:6070dea6f7b014609e9d	train	15158
minimap2:da2d703a28d95d235d1f	train	15159
minimap2:748c6ef0dd4af61fb3a6	train	15160
minimap2:24eb8d1cf086122423ea	train	15161
minimap2:c3c6c44809536e62955a	train	15162
minimap2:fe4c2f34676a7b71ec16	train	15163
minimap2:eb79202bc5bbf30ff2e3	train	15164
minimap2:b5c2a53cd1709e03f0a5	train	15165
minimap2:f40d76ccc8480b85bb17	train	15166
minimap2:45d0f79addd6792d4313	train	15167
minimap2:bbd9553a27ad73c49028	train	15168
minimap2:677b8d2f5b1b949df712	train	15169
minimap2:cfe561bed4d53c2c6ef1	train	15170
minimap2:621dea7941f7a372287f	train	15171
minimap2:e4d019f3a16e8171f700	train	15172
minimap2:fc7c2dff80d7ccf6624c	train	15173
minimap2:4fcaeececb7cd2f02c1a	train	15174
minimap2:1e662406a75d0dc0a5a8	train	15175
minimap2:7e37689a6fb8d28a89bb	train	15176
minimap2:c39a52447b208f509732	train	15177
minimap2:d28b0ae6669954bfc458	train	15178
minimap2:7fafbac4f3c22529851e	train	15179
minimap2:daafbd29a5ea3804e2f1	train	15180
minimap2:0130cba638835b68b14f	train	15181
minimap2:4f27174e0550f2cf37ed	train	15182
minimap2:1587f7285bbd2ce8e80f	train	15183
minimap2:685d8aad3582cef349f2	train	15184
minimap2:93746e38bea92cca606d	train	15185
minimap2:e2428b87b284a3bae099	train	15186
minimap2:1630442bcdccc179ea51	train	15187
minimap2:314ea0ec6239500da15f	train	15188
minimap2:a046fddbca8686cddc46	train	15189
minimap2:d275678d7bbe41d37293	train	15190
minimap2:314030e8a5d342250b1e	train	15191
minimap2:977d5e4163baa9a49ad3	train	15192
minimap2:7ca23bb6d19f9f9cbdfb	train	15193
minimap2:a5cf307acafc8771c028	train	15194
minimap2:811ea17726aeab24626e	train	15195
minimap2:4f34a0d7dabbf7bb27ff	train	15196
minimap2:9a993bca8fc72daae69b	train	15197
minimap2:947847a1d482f1a2f54d	train	15198
minimap2:9b2cc23171aa6c071649	train	15199
minimap2:66e0ff9859d89ae072a9	train	15200
minimap2:566a7cc71089fb57864f	train	15201
minimap2:99cf6b070a58f4037e90	train	15202
minimap2:3e62d0688feadf260113	train	15203
minimap2:2e38e1d8b00050374485	train	15204
minimap2:705710dfc75546a35b98	train	15205
minimap2:cff556290245acd8a5b9	train	15206
minimap2:34eb0c4f7ef94dba9c98	train	15207
minimap2:e4189213cad41bbc75fa	train	15208
minimap2:37cca5c50dbe604189a7	train	15209
minimap2:1132cf5f920e16cf1b29	train	15210
minimap2:7c84ca93873b4e4adb15	train	15211
minimap2:4ca8715290f0311e57d9	train	15212
minimap2:62bf20157caf897d6195	train	15213
minimap2:4e5606800d5f9db7e223	train	15214
minimap2:dec0a3ac6fd716140d9f	train	15215
minimap2:5f93c88b22600825c669	train	15216
minimap2:37fafb0290f9111dddc6	train	15217
minimap2:7873a7d342fd0c673488	train	15218
minimap2:e7b5975d65087e52ccfd	train	15219
minimap2:a03c5c60ef85940afc0f	train	15220
minimap2:e7a11f9da1e6933e9c44	train	15221
minimap2:17de18a3e27824f33d27	train	15222
minimap2:067df44fb01ab84948c0	train	15223
minimap2:56e06c6e998aa177950b	train	15224
minimap2:9e84719b2b89d48698d6	train	15225
minimap2:83f9ec5cb6f31e696f95	train	15226
minimap2:f80779fbb3931fb25ba8	train	15227
minimap2:4c09521577d6f3f10465	train	15228
minimap2:43d56b6e9bebc3bd08e8	train	15229
minimap2:9e2f33fc5f169f0cd9ac	train	15230
minimap2:dc2b12cde09b4d21dfc3	train	15231
minimap2:3cc0c64bf8599dfa9490	train	15232
minimap2:ca191abf265fa0ddb467	train	15233
minimap2:a06f24de79f23b533506	train	15234
minimap2:a6440275b9f12aa198a1	train	15235
minimap2:ce1576449959500abe07	train	15236
minimap2:66597a359b5cb8276875	train	15237
minimap2:dd75635f5c5f23adcd65	train	15238
minimap2:7522d0f9ae1d86dac65f	train	15239
minimap2:4402741992f22802fafb	train	15240
minimap2:28b0baffae53c6f8bf3b	train	15241
minimap2:41b5db8d7beee28df25c	train	15242
minimap2:fe4742bf04dddef4f0af	train	15243
minimap2:2d509cab07bd8589a4eb	train	15244
minimap2:06d7f74086f9e24cdbc2	train	15245
minimap2:903b1a647e6fdefdc933	train	15246
minimap2:a0777846cc2bcf89a299	train	15247
minimap2:69dfaa5e8297565fc268	train	15248
minimap2:64c9c2f86bc583cdf31d	train	15249
minimap2:d88de3089fe1de7ab1d5	train	15250
minimap2:e24722aa1adb724ef00e	train	15251
minimap2:0700d9461b8ace03ea8e	train	15252
minimap2:1d794d35c91bf6910d22	train	15253
minimap2:2e4c6b25df5d7b097279	train	15254
minimap2:77ab7cf2da45121341fa	train	15255
minimap2:3eec58b780ed83db047b	train	15256
minimap2:a79239ae212b201d8dc0	train	15257
minimap2:752bf969fc490bf7dbc3	train	15258
minimap2:3c03943984f245b09de0	train	15259
minimap2:135a9cc277d666b84f2f	train	15260
minimap2:ac936ccbc93f5f28409e	train	15261
minimap2:8b7546fe20dc874e3fdd	train	15262
minimap2:b1703b09124862d139e9	train	15263
minimap2:c2a318fae0615d0da00b	train	15264
minimap2:d5e77da9e46b4e4b26af	train	15265
minimap2:c0c385dd470c78504f8f	train	15266
minimap2:07e07a4f42294df5f5c8	train	15267
minimap2:e7eca8f26c3d3d656d10	train	15268
minimap2:5ca3b99ee27b668c48c0	train	15269
minimap2:42a01c9cf2a731df704f	train	15270
minimap2:697a1bad1a2b799cfa27	train	15271
minimap2:abe57348aac795c4d338	train	15272
minimap2:998a9658f43b32bb40ff	train	15273
minimap2:b957145fba278d58a00c	train	15274
minimap2:2bc3e0bdfa87cf89d1e4	train	15275
minimap2:0aa9cc1d0ec8a85ed70d	train	15276
minimap2:9d67f1532d6484bf653e	train	15277
minimap2:c98b4b6586b85fecd3ee	train	15278
minimap2:cf08b605ab8e28d18367	train	15279
minimap2:8128c3303b6f420110ce	train	15280
minimap2:76ade1b4605d6b6acef6	train	15281
minimap2:9c5bad8f02c4bb7b9fcb	train	15282
minimap2:a7c36ebbb0845dd628da	train	15283
minimap2:b175ae7a2789b0960e3e	train	15284
minimap2:9b86bbbed1f1c11b9c06	train	15285
minimap2:532a986132df16346586	train	15286
minimap2:ba7f43969086599370d7	train	15287
minimap2:c6d9d9be4575ed0f157f	train	15288
minimap2:e14a3ab6bad1a9fa5d11	train	15289
minimap2:32d5dd2e934261e2bd53	train	15290
minimap2:fd126811337bc2f6b45a	train	15291
minimap2:64f242a2bbb7e8f87ad4	train	15292
minimap2:5e426fd10d837e581b37	train	15293
minimap2:ce0435cc74fcadee7c51	train	15294
minimap2:2b23d4c27c3b271b3009	train	15295
minimap2:a9a5fbb0edc16cac46e9	train	15296
minimap2:449617fc3f1f6b746051	train	15297
minimap2:36fc0b707a7e49558261	train	15298
minimap2:343b6606c617d7f7316b	train	15299
minimap2:7459e1eff544a235b0d0	train	15300
minimap2:9e815394baf15e5193b2	train	15301
minimap2:bc474fb1d288f5fe277a	train	15302
minimap2:3c2512b36712d2755f5a	train	15303
minimap2:81b49985b45bb828026a	train	15304
minimap2:a3fe44ee371a0062fbd8	train	15305
minimap2:157748d674e901e0780a	train	15306
minimap2:4aaf90f8afa19a556d56	train	15307
minimap2:4f6e5ca4c6e165b03405	train	15308
minimap2:95a05fbe4aecb9195709	train	15309
minimap2:064a142250366c5f6869	train	15310
minimap2:61dad77e6cbc3725c927	train	15311
minimap2:fa55828ecef4257201a0	train	15312
minimap2:9b79225a41624c90f0fb	train	15313
minimap2:c2be8437531867ce323e	train	15314
minimap2:66dc6001db7a3941685f	train	15315
minimap2:dd3aac708911a6369f48	train	15316
minimap2:23f6760074fdddad43e7	train	15317
minimap2:a099be1807c624c4634a	train	15318
minimap2:8ddebb22400100f824e4	train	15319
minimap2:9f29543917ef57139998	train	15320
minimap2:a4f1a7cfe393f907fbd7	train	15321
minimap2:d216a0197796363f2157	train	15322
minimap2:bcc21f4356d27a9bc15a	train	15323
minimap2:99888160cd4044f1330f	train	15324
minimap2:0e95e0857471c2039352	train	15325
minimap2:055debf75837dd83378b	train	15326
minimap2:071e4981940ca5c90a83	train	15327
minimap2:57257cce64ac418069c9	train	15328
minimap2:65955a8d55e6e9bab037	train	15329
minimap2:9d5b6a15085e187156c8	train	15330
minimap2:6162d6deb94113b09ffe	train	15331
minimap2:121f25ecc6b9d8c10420	train	15332
minimap2:df8b4aeb5409f15c5bcc	train	15333
minimap2:e348402ff7bfae14a116	train	15334
minimap2:10be9836b7755164dd45	train	15335
minimap2:1152fdc2d4bccfcaa85b	train	15336
minimap2:63bae558a8f97d4a15e3	train	15337
minimap2:3c8629f9344209c100d3	train	15338
minimap2:7e811dba09819c383104	train	15339
minimap2:b3301aa72fe92967693f	train	15340
minimap2:0451b4c6fdf3f6d2f8a4	train	15341
minimap2:94cf1b12073925abf320	train	15342
minimap2:f45ed3a6acb130f9b3c5	train	15343
minimap2:ebd52afc757917a34692	train	15344
minimap2:13bb51870245e433950a	train	15345
minimap2:d41ba688aab41a727595	train	15346
minimap2:3525bb007bd00740b577	train	15347
minimap2:c8dd42cb7d53a78f9bac	train	15348
minimap2:4d4516f522e98099962a	train	15349
minimap2:c7fd46b49e0257471d98	train	15350
minimap2:dcc6a1e081d6e8ddfd7c	train	15351
minimap2:5c6e359a163cef10cc9c	train	15352
minimap2:6538974cfcd91cc1fa18	train	15353
minimap2:836e51b9de1eaadbd1e3	train	15354
minimap2:ee1227938ca06da2d03a	train	15355
minimap2:827e9c1d5e473df11cc0	train	15356
minimap2:8f05153df6a3e28b59cf	train	15357
minimap2:3b363340e74c7e8eaa5c	train	15358
minimap2:a0ffc8955bb68f40d67a	train	15359
minimap2:bb6b42871b3ab0ce18ac	train	15360
minimap2:029feeb49034d2a89bb4	train	15361
minimap2:1d9567ddcf5339a11867	train	15362
minimap2:3c9232d147776424591b	train	15363
minimap2:b326eeac7e3663289ed8	train	15364
minimap2:cec98e52f7877e71e8ef	train	15365
minimap2:4d0f8b6b582729a20ee4	train	15366
minimap2:78fe82a5de3dceae1738	train	15367
minimap2:5aa86f75bcecba500a55	train	15368
minimap2:20b2f5b088b1b1558d98	train	15369
minimap2:2be1d56ef33e4ddefc17	train	15370
minimap2:3ea197ec77d7d68b2c99	train	15371
minimap2:65dd7517a81589aa2860	train	15372
minimap2:701fee500e0bb978f7f8	train	15373
minimap2:b4708b56f52668339b2d	train	15374
minimap2:33dfc7845d528b0d796a	train	15375
minimap2:666d6493c29493a72810	train	15376
minimap2:0ef71bcad8d43441dc05	train	15377
minimap2:cdc18a2d6f087317b5ad	train	15378
minimap2:4fb7d08d14c887958017	train	15379
minimap2:9db9585f3e21e7294123	train	15380
minimap2:d403e7b08c0bceca0893	train	15381
minimap2:14c2e2cfbb191c3eac31	train	15382
minimap2:b672c09f12f69288b51b	train	15383
minimap2:d783173d3f79d309eb0e	train	15384
minimap2:f9e93210fb662bfcf7e8	train	15385
minimap2:f79bd0b588cedd44034b	train	15386
minimap2:b7aaf593a6e796e8d32f	train	15387
minimap2:3e5c1521772221918bd4	train	15388
minimap2:efeea2ca3ef869c17edd	train	15389
minimap2:2f565485eed64bc2a405	train	15390
minimap2:ce0e857675b1a01d4a6b	train	15391
minimap2:e1b186ec5ebfaf9fcc4b	train	15392
minimap2:7b7234dac1cf7ec2128a	train	15393
minimap2:ec998c025f009426d8ff	train	15394
minimap2:90c2c7c6ab5b7957f82b	train	15395
minimap2:e46a06a9c01fe3f4355c	train	15396
minimap2:f384d2e77f15c6d117c1	train	15397
minimap2:1b53c595e8ad3a525558	train	15398
minimap2:fe001c410d6efc684c40	train	15399
minimap2:fe677b422ae068aa8c43	train	15400
minimap2:0de0355631de7b8aff44	train	15401
minimap2:1414d5dde93501a9a790	train	15402
minimap2:6ca02a8714baf786bfd0	train	15403
minimap2:1343b50113b2a124d2f9	train	15404
minimap2:c0529e936a047b561b05	train	15405
minimap2:971b55def5c451271474	train	15406
minimap2:567706673aa67eaf1b20	train	15407
minimap2:835655b54cb216e232b2	train	15408
minimap2:dc6a129152d2b320a12a	train	15409
minimap2:c30dfc15872b6877768a	train	15410
minimap2:0f0b4d9ee4afb5e4f329	train	15411
minimap2:a237ecda7efbce55b2b7	train	15412
minimap2:86117c89ef7407bcfec9	train	15413
minimap2:d66a60f92f2389ca0e3c	train	15414
minimap2:9cd86e04ae6968fe20a5	train	15415
minimap2:d6e7b4b025e40fc577e7	train	15416
minimap2:63d8441fe12e142f0905	train	15417
minimap2:4404ca1c83f5dc508d32	train	15418
minimap2:a05f5b2f047a913b4a48	train	15419
minimap2:6087076ac2738429974f	train	15420
minimap2:09137883d45d88f1e646	train	15421
minimap2:340f1fd38350407beb75	train	15422
minimap2:843895d0210bf70964fe	train	15423
minimap2:37278d85c6501aa77d1f	train	15424
minimap2:2be60d2669f7310989a4	train	15425
minimap2:b94eadbbaf95649ecaed	train	15426
minimap2:214a589f8f797ad0e16f	train	15427
minimap2:207260d7a86b04eb7e65	train	15428
minimap2:787451ad6e3b00e495f5	train	15429
minimap2:a2118fde878228694742	train	15430
minimap2:146e4cd51779d6f0dea4	train	15431
minimap2:f2213e0016929165a325	train	15432
minimap2:407e9f82c9dc8e55d08d	train	15433
minimap2:cbfdb026d0ae9aff99a1	train	15434
minimap2:d09e50194fca8f4e1b8f	train	15435
minimap2:f4ae5454f1ba23cb4fb7	train	15436
minimap2:da7cd26d413a8fea8513	train	15437
minimap2:21848ed75e1022f30f30	train	15438
minimap2:d291e7ed5194a044d59b	train	15439
minimap2:df3a31b615f6ec1e39bd	train	15440
minimap2:b914f33086b29e5575d0	train	15441
minimap2:b83dae9009141bb95b3a	train	15442
minimap2:12265e17908af187abd5	train	15443
minimap2:d8c02d71a0b2a1bf14d0	train	15444
minimap2:e3b47ae8bd1a92729745	train	15445
minimap2:7a97625c38e44c9b16b7	train	15446
minimap2:493ecbf8b10648a7a2e2	train	15447
minimap2:732f9bfe428e0046a301	train	15448
minimap2:d273aac1aa263596c782	train	15449
minimap2:47672be47a45648ff8fd	train	15450
minimap2:5a82fc4d2b44a86d8fd0	train	15451
minimap2:3585efce046bfd6f2598	train	15452
minimap2:c1829eff8e4e65d6e71b	train	15453
minimap2:df76eabbfffaafcfa3ff	train	15454
minimap2:547490001f38536183a5	train	15455
minimap2:6e43d1a28375c0974021	train	15456
minimap2:d538f4e0f8a3ff27d8af	train	15457
minimap2:107715be7709451a15ea	train	15458
minimap2:145efdd0d190b13a9f8d	train	15459
minimap2:dda2eb201e990ce48825	train	15460
minimap2:107ed40e6bfd1c034458	train	15461
minimap2:3dbc84eed9895828d6b2	train	15462
minimap2:3c194160f4eec12a99f3	train	15463
minimap2:b0cabdde75dd044a3fe9	train	15464
minimap2:1d1692357d2d58771d89	train	15465
minimap2:5c410682d2a082189e46	train	15466
minimap2:f5d98f67469730af5413	train	15467
minimap2:4187ffa8b47a683bd6c5	train	15468
minimap2:1928f05846dba17a9730	train	15469
minimap2:bbe56620f0b0f7b97372	train	15470
minimap2:d8ca27d5febf7137cca9	train	15471
minimap2:2457a0ba8879ba151654	train	15472
minimap2:0293808ec40a1cc4a9f8	train	15473
minimap2:f0c5adc443e1b1df4e6d	train	15474
minimap2:a632180d3dc38d2c9e5e	train	15475
minimap2:4b49ab30554c3bd2e44b	train	15476
minimap2:79aafcb9c3a6560a423a	train	15477
minimap2:12a1ab7038f99192fdee	train	15478
minimap2:938d12a59412d53f9417	train	15479
minimap2:59872111a658bc28f798	train	15480
minimap2:44b908a1d31dfccbd722	train	15481
minimap2:1041b478a63ae1b133ac	train	15482
minimap2:83e73fe820ec9e012701	train	15483
minimap2:7c6a91f07015953c8726	train	15484
minimap2:53b5b5f573832a370c19	train	15485
minimap2:a6778c328eb8f0acaf3f	train	15486
minimap2:35a0acbd371ec95ad1b1	train	15487
minimap2:03157810d0f60c62fa05	train	15488
minimap2:c59e0d87561c9f75dfda	train	15489
minimap2:373f4e01de3b1612418f	train	15490
minimap2:f9d8243cdb1e1705872b	train	15491
minimap2:41e601eb29fdf10b926f	train	15492
minimap2:b3fbcb417829ce0c7288	train	15493
minimap2:964d2cab6676a75f0046	train	15494
minimap2:13582b37029f17d6f051	train	15495
minimap2:f8d9a0b4b9afd80e2005	train	15496
minimap2:b0a461a88946de4f060b	train	15497
minimap2:e8701db322f77f43c79a	train	15498
minimap2:9bcca424aa1bb7f75bfa	train	15499
minimap2:caaf601d29efd8fbc063	train	15500
minimap2:e6c9d7be53170bd7bcce	train	15501
minimap2:e857354baefefe36d85a	train	15502
minimap2:b649b6ed8d50cd8c8456	train	15503
minimap2:ce22a64994b933cc46e3	train	15504
minimap2:fd49aca6636adce35c78	train	15505
minimap2:ea37983c55b225a050e0	train	15506
minimap2:6446f588082d47519b0c	train	15507
minimap2:08f0dc1c05af35fbed73	train	15508
minimap2:6a881d74f45ec9850af2	train	15509
minimap2:5de42bdb27a863963feb	train	15510
minimap2:d67a07e5d5aadbc90650	train	15511
minimap2:9fb6ce6e54c02cc59155	train	15512
minimap2:ee5c8b528959ef6e27f6	train	15513
minimap2:bcdca7ee53933db9c61c	train	15514
minimap2:99cef31f64aa29ed34ff	train	15515
minimap2:9bd1c21fd9e0f28dd161	train	15516
minimap2:d637616b122b18488fe9	train	15517
minimap2:f909f8010f1704abf42c	train	15518
minimap2:35f2d2f7aacbb6acbed5	train	15519
minimap2:b747458c856d51d12c87	train	15520
minimap2:ef2b7a66406bcab3e2a9	train	15521
minimap2:aa2ce2e2313998ac169a	train	15522
minimap2:b6af249baf7083dc4877	train	15523
minimap2:3e80b7217416918f4502	train	15524
minimap2:9f80c3d36781dd0b1a79	train	15525
minimap2:91b48cf73c0db69bb0a0	train	15526
minimap2:dc9e2fc6e68b14338d6a	train	15527
minimap2:7621dd1e11d853067566	train	15528
minimap2:d8cadbc9fd714b69bca2	train	15529
minimap2:fb89f77cdd4a621e0e9a	train	15530
minimap2:4b5367aed27092a52f6e	train	15531
minimap2:44f512192382cde67bd4	train	15532
minimap2:203beac12e48c126591a	train	15533
minimap2:e3cc4bbd9a3931cbc7d9	train	15534
minimap2:ed875c7d1fc53b479480	train	15535
minimap2:e218fbd2ad9368784f6a	train	15536
minimap2:ec532b6ad9459a75c0c5	train	15537
minimap2:f377794a0a44744257d5	train	15538
minimap2:273ca03873bc7b5bbb02	train	15539
minimap2:2b0e1e33bc348c8eb9d1	train	15540
minimap2:0f43485b9adba24f588e	train	15541
minimap2:1133c77de6f556c82d61	train	15542
minimap2:07206961b3974ed77f17	train	15543
minimap2:46f47d58159cfba7eb54	train	15544
minimap2:a90ecda968f107d9e8d2	train	15545
minimap2:6e2bd52458b5889fa314	train	15546
minimap2:71ae0cea6d72309a0c96	train	15547
minimap2:0ddcb7df4f14eafa3feb	train	15548
minimap2:06573ef24c26c0415b56	train	15549
minimap2:1bc463c845f2804e5ad4	train	15550
minimap2:5c87a83daa7a105db5bb	train	15551
minimap2:652ac8dee928d6e32d7f	train	15552
minimap2:500bdb9065bd5a78e7e1	train	15553
minimap2:4687bf67cc22747966ae	train	15554
minimap2:198e9ab79fc9dc913a35	train	15555
minimap2:424b717ffe3527583f2d	train	15556
minimap2:85d021257de473596b85	train	15557
minimap2:75579212e2fa7ae6bbe9	train	15558
minimap2:69cdf294e4aa2a7911e6	train	15559
minimap2:ee77fae624f130933429	train	15560
minimap2:0d5173d6bd4a9c658c99	train	15561
minimap2:1f7e209d7c62e94a847f	train	15562
minimap2:747cec0cddd121f77317	train	15563
minimap2:da64dd6c7638efe6d433	train	15564
minimap2:32ad825051e7af544551	train	15565
minimap2:ad9f26cb1ed5bc969d05	train	15566
minimap2:d37715aaf5f1ecec859c	train	15567
minimap2:ec891bba4cce349c4959	train	15568
minimap2:ce84f1252518cf1975c4	train	15569
minimap2:e18a60950a80feb26072	train	15570
minimap2:e1cc4104b20c9d0be84c	train	15571
minimap2:e0faff3cc76247ba5c05	train	15572
minimap2:8e9455b350caa7f1bf32	train	15573
minimap2:d6566cf28c4744fece11	train	15574
minimap2:6a0cb374d57935232a38	train	15575
minimap2:2e8e290ea7624b82da31	train	15576
minimap2:b53fc93f6e3490563fa9	train	15577
minimap2:7e81cf700d0545f4ac5e	train	15578
minimap2:6efaa94543393ed372be	train	15579
minimap2:2b7acd1143b78544271e	train	15580
minimap2:8bd9ede01bc430ab2558	train	15581
minimap2:f499f3c151f28aa71e4b	train	15582
minimap2:e62dd5416e81834060f3	train	15583
minimap2:19bcf465eec25841f055	train	15584
minimap2:cfd340bca93b99124cb0	train	15585
minimap2:ee7589cbb011032161bd	train	15586
minimap2:53879e50a214d0ee048c	train	15587
minimap2:e5cc1cd6e1169bac0675	train	15588
minimap2:43caf965a572ba9ace48	train	15589
minimap2:f35c2f2c1074def57085	train	15590
minimap2:343a69fb1a3b571b1438	train	15591
minimap2:c0afce0b623c5a8f3fb0	train	15592
minimap2:f9c70eca45c6cd0a4ede	train	15593
minimap2:0716a8df858b72a416f6	train	15594
minimap2:0b1ca9bc4a95990e0bdc	train	15595
minimap2:85f94d1966c1a93a34e1	train	15596
minimap2:3c0e0e0ac587babc9857	train	15597
minimap2:f6f7a3a6c1b829eec98f	train	15598
minimap2:bcdc688a11846db296d6	train	15599
minimap2:f0a2b4c79f5c41599b22	train	15600
minimap2:f9c0c58618428a35eabe	train	15601
minimap2:12f0cce56cf7a2d5a251	train	15602
minimap2:e1d0e7742deb3e107e9c	train	15603
minimap2:44f8fd23dd39306f2351	train	15604
minimap2:51b98528fab487de0775	train	15605
minimap2:e09b37cd29fe73794e2f	train	15606
minimap2:f585a6a19d93fd4f4cd2	train	15607
minimap2:6493272a695a2ff9564b	train	15608
minimap2:309ad52242ecefa2c679	train	15609
minimap2:0a9d0cf8c770fb3d0da2	train	15610
minimap2:484c6561492e14637c75	train	15611
minimap2:be171be72001500642c4	train	15612
minimap2:58a2e87869b6fcae77af	train	15613
minimap2:a059fa8d32b8ff297810	train	15614
minimap2:85623dd4379422f7c654	train	15615
minimap2:3c80efb54b7866890071	train	15616
minimap2:0bfc0e32d75aca935901	train	15617
minimap2:77c174e2a20564a7d986	train	15618
minimap2:410033e2264b4df93616	train	15619
minimap2:5ab42e9135c9e37c0697	train	15620
minimap2:d8d62767aaf0669cdc42	train	15621
minimap2:689b78d16707a9803de3	train	15622
minimap2:38e1ba86e4591e03a661	train	15623
minimap2:4f06e8802f73ac45b24a	train	15624
minimap2:dd8d4b9f66d96959773c	train	15625
minimap2:d708f90be5fedc47a960	train	15626
minimap2:91927de531ea235dadf1	train	15627
minimap2:4de334cd544985cd4712	train	15628
minimap2:32b21fa6b47981526f7e	train	15629
minimap2:755166568db34375d37a	train	15630
minimap2:63e1e665b20a6d4bcc90	train	15631
minimap2:4705a0a0af1c652cbfa1	train	15632
minimap2:c97c2e176f7f6d9d41d4	train	15633
minimap2:6fc046caf196568165ca	train	15634
minimap2:59637f864edf47e7bdac	train	15635
minimap2:a74675d4d2508ce70d54	train	15636
minimap2:3073986fc9ebfa239186	train	15637
minimap2:592693635ca53adce336	train	15638
minimap2:4af7aba0f26122646d30	train	15639
minimap2:f754468e599e3c06f920	train	15640
minimap2:6bcab552e9860676644e	train	15641
minimap2:a396eb5bbd2bd971d01d	train	15642
minimap2:2e43a9c6bb216ebddc7e	train	15643
minimap2:9b5521ccd362e704e3ee	train	15644
minimap2:3a541ceafd21804db1a5	train	15645
minimap2:bac0c7afe31a34cdb611	train	15646
minimap2:a337b4840229aced7b79	train	15647
minimap2:c5da94b5da0651229945	train	15648
minimap2:84eb27f3d901e6f00b32	train	15649
minimap2:758c268b9d14b88774b9	train	15650
minimap2:d3590f66b09d659d6cf2	train	15651
minimap2:981779c316edc986f9ee	train	15652
minimap2:8ef6f1d5edfac2ac1757	train	15653
minimap2:28483abf0df384fb681c	train	15654
minimap2:e8f5f3db8969df3de609	train	15655
minimap2:ba33a0faf084abe3b76d	train	15656
minimap2:6fc90c11d8938f1af862	train	15657
minimap2:7be51efcfa04dc341881	train	15658
minimap2:cec74289ef0f47297123	train	15659
minimap2:92edfe633fdaa52fa65e	train	15660
minimap2:38af872f37ca1cfe6a6e	train	15661
minimap2:9b38ab2761662177d42b	train	15662
minimap2:a330f1232238c298e5e6	train	15663
minimap2:7b97bfff4c5d5e2d055d	train	15664
minimap2:9ac579571f0124ce5b12	train	15665
minimap2:25ed2263a4c02a45af85	train	15666
minimap2:8ee8144febb672367c46	train	15667
minimap2:1c90385a12ecae39914f	train	15668
minimap2:89735884e0b0fd40da46	train	15669
minimap2:16c924caa74e9bf7ef60	train	15670
minimap2:07bd8fed7c7c353a3609	train	15671
minimap2:a301faa3e31b5dbe10ce	train	15672
minimap2:931fbf20f0c57271547d	train	15673
minimap2:551cb6abf59ac7e0181b	train	15674
minimap2:cb44a4663e3fca00f5b3	train	15675
minimap2:dedcb38b2a2853ce2033	train	15676
minimap2:a3b19767456ce1f6cad2	train	15677
minimap2:f2c589a9cdf4a8653f45	train	15678
minimap2:c365e8559e2d37f1becf	train	15679
minimap2:6fd7a3563cb539ac0f18	train	15680
minimap2:04957fa084e4221c5dc0	train	15681
minimap2:599c375656619c18dced	train	15682
minimap2:4fbc7707e2aaf9dc9bc4	train	15683
minimap2:ee3293089901172bcd6e	train	15684
minimap2:248e013aaa139096e018	train	15685
minimap2:2320b4a8acda9cf98a2c	train	15686
minimap2:8a5d9213a1b13668a6a0	train	15687
minimap2:8d0fdc12b0737a84f4b6	train	15688
minimap2:bb0ff37228395b9a1d25	train	15689
minimap2:52dc70e15a2965bd44c1	train	15690
minimap2:0071c19ad926f6409f96	train	15691
minimap2:67933dc87b9c4cc2a9be	train	15692
minimap2:c9ffb2b63cd236d8884e	train	15693
minimap2:a27f5734704bc4dc6791	train	15694
minimap2:b8a978c36b86d5badc78	train	15695
minimap2:745d8500c2f580170f8d	train	15696
minimap2:854cf81dd7b5e2b8e573	train	15697
minimap2:f5ecd8a4b0cb43a95619	train	15698
minimap2:b12af0e2beeac1b0de78	train	15699
minimap2:144886cefd96422d47fb	train	15700
minimap2:1288fd4d8ca001496035	train	15701
minimap2:289a03a6cd2b84984b65	train	15702
minimap2:c79a9e93fc285f0ee869	train	15703
minimap2:01d71dfbef16b5b61a8a	train	15704
minimap2:97a4f68efecb2ea39d6c	train	15705
minimap2:63f4e922ebe7db903e28	train	15706
minimap2:85ac19054d9b269c7fab	train	15707
minimap2:e82d9bdef656f83cb038	train	15708
minimap2:859340a3df8fe3313a31	train	15709
minimap2:e4fe36683a7eb81634ad	train	15710
minimap2:1c33333801117b769f82	train	15711
minimap2:38fb791861904170acb4	train	15712
minimap2:bb500a4f21d20e4dc737	train	15713
minimap2:c84626c4833dd7b9d4a9	train	15714
minimap2:fc87953f957221d77a2b	train	15715
minimap2:4ab17be3eda9e4e28235	train	15716
minimap2:9770bf3acdd536e43d8f	train	15717
minimap2:cdd0dadd33e88ffe9641	train	15718
minimap2:19afa629b7fbfcb9e82f	train	15719
minimap2:0c7a3c6aef92664d5114	train	15720
minimap2:3a87ed518e071f23f4ed	train	15721
minimap2:679a90acc400c1be517b	train	15722
minimap2:8cdc87a55c180907ebc5	train	15723
minimap2:1f9671fec9618e088bb5	train	15724
minimap2:cc23bb4e3db2aa3b380d	train	15725
minimap2:fec312f59e80b6ff915e	train	15726
minimap2:439502348e9e40526936	train	15727
minimap2:db3159de5a8397ee53df	train	15728
minimap2:eec7d63f96ed79bdc17f	train	15729
minimap2:23373383494283b8f29f	train	15730
minimap2:3413d6fd2eaf1a96934e	train	15731
minimap2:b4f8b59269e6147eb8ac	train	15732
minimap2:84d2932c007f6ba11d5a	train	15733
minimap2:0917f31e01528c4a0fed	train	15734
minimap2:4528bbc56f796cc79b4d	train	15735
minimap2:acab4f48af7f8bd76997	train	15736
minimap2:df0a906f7041f46be692	train	15737
minimap2:11866945ebdd33698ee4	train	15738
minimap2:c877426573c686ca0887	train	15739
minimap2:3d5a9c7f56379711b353	train	15740
minimap2:f47d34c8e738d54ba5a0	train	15741
minimap2:17ce827cecd3787948a0	train	15742
minimap2:9deb1532d15382d1c872	train	15743
minimap2:02df62d0e9588037e722	train	15744
minimap2:1a409dcd6bc7dd157bf5	train	15745
minimap2:4a54613327a34ac56b73	train	15746
minimap2:9ff3d58048c1c21b8730	train	15747
minimap2:5ef086b1532ee768eb2e	train	15748
minimap2:f2e2552f036be5c6b614	train	15749
minimap2:abe35fec1b8db31e3431	train	15750
minimap2:c886d2b849aac5010078	train	15751
minimap2:93b2e5fa3dda6166318e	train	15752
minimap2:1036415b661936903496	train	15753
minimap2:92572f96f37815b866bb	train	15754
minimap2:1393cc8c92133c30c09d	train	15755
minimap2:3c70c32187d6e92a4455	train	15756
minimap2:fd2c351a51a3c7fd9c4c	train	15757
minimap2:644e302e36b99b21b9d4	train	15758
minimap2:bcc1db1e277e094c8f50	train	15759
minimap2:a1a2b5fead0190c50f18	train	15760
minimap2:1ac774ff26beb14c29a8	train	15761
minimap2:4aa065b95b0060f5b6aa	train	15762
minimap2:600fb8563412a3e953d0	train	15763
minimap2:d56e869aefa502215160	train	15764
minimap2:24a875e685953208de40	train	15765
minimap2:e8f7f77e1bdc8bc893c5	train	15766
minimap2:96aef95bed8fbe485c00	train	15767
minimap2:b55fb7d2b3ea55c51aca	train	15768
minimap2:d79be87ec318e1053d3e	train	15769
minimap2:1168737c36411c82cc82	train	15770
minimap2:9c335487025acfd82776	train	15771
minimap2:dc079588dff6157e1688	train	15772
minimap2:fe0bbd42a38c887917cf	train	15773
minimap2:1a6ea0dc6e023ed2f1a9	train	15774
minimap2:6fd8c25586bf96c31980	train	15775
minimap2:00e3a63530cddd70e7ca	train	15776
minimap2:af0ef72e911d5cc4d2ea	train	15777
minimap2:05441cc357f0954b3e5f	train	15778
minimap2:f9cdac1cd5202c869a59	train	15779
minimap2:5e35dcdaad6ade68d353	train	15780
minimap2:655dbda02907827c0405	train	15781
minimap2:25a7a9f166226cca9ad3	train	15782
minimap2:59bc309f22d2b916193f	train	15783
minimap2:054e95eec4a05984876a	train	15784
minimap2:df250c39efe37aaec5e7	train	15785
minimap2:f98f87ad83df39fa0d38	train	15786
minimap2:7b51ff89445205bba585	train	15787
minimap2:cfd82a96f7b660cc8d6d	train	15788
minimap2:d3ebd7e64e3504d3ddfb	train	15789
minimap2:b6ba852630e302b1c00a	train	15790
minimap2:3de65d388c9ad0a99d14	train	15791
minimap2:c9e1182c268e96055866	train	15792
minimap2:be9428215280e80e6d0c	train	15793
minimap2:60fa7b159d5599940a9e	train	15794
minimap2:72cc2c24e9a657205870	train	15795
minimap2:3e3689d39a2379458625	train	15796
minimap2:c0fc9e77231e18f1d69f	train	15797
minimap2:177c7a1a343bc0673ef9	train	15798
minimap2:b74f824168f79db01dae	train	15799
minimap2:be161ba9ef96456b5a68	train	15800
minimap2:4694631ccc3e8d95afaa	train	15801
minimap2:37f8c91e91581be0432e	train	15802
minimap2:857a28c17e37d7c70e71	train	15803
minimap2:a61c9d8a4f3bf869f138	train	15804
minimap2:e60baaab132da2ffc244	train	15805
minimap2:25215f4cf2053f05f22e	train	15806
minimap2:cfd16c196a8b4fc07bde	train	15807
minimap2:b70857904c6075cf460f	train	15808
minimap2:9ec7e50bffb28f22fbe6	train	15809
minimap2:e9850c447b4bce008c4d	train	15810
minimap2:820d88b7e52d0d6b50a8	train	15811
minimap2:4bc0ef706546988927aa	train	15812
minimap2:5be50b25fed6f30839c3	train	15813
minimap2:70d74631dd36984f9194	train	15814
minimap2:bdd9100e3bf9c7e739c8	train	15815
minimap2:74e7cf740c0f023ca288	train	15816
minimap2:c0aade42a4deaf1ebfca	train	15817
minimap2:59db1d7bbf77b6ed0df0	train	15818
minimap2:3818d05dedc524490d16	train	15819
minimap2:d83950958a85c3b10452	train	15820
minimap2:db1bb4470a6d8d9dc6b3	train	15821
minimap2:c25f3b341acf971d4345	train	15822
minimap2:8db3d72f23859c4443a4	train	15823
minimap2:ddfca61e34f894318980	train	15824
minimap2:e5843f138a3d2e240e0a	train	15825
minimap2:bd0420d6f0163dbeb0f2	train	15826
minimap2:07efb572f3302c5a02cd	train	15827
minimap2:7c9c5c47dad458ef0406	train	15828
minimap2:8b586c11e39379d28251	train	15829
minimap2:286501fa8036e160b86a	train	15830
minimap2:f0ad15fc3bf607302d96	train	15831
minimap2:b9c215a8513c1de5213f	train	15832
minimap2:ddaf63a27f3221cf27bd	train	15833
minimap2:e8a945cbe016a045a434	train	15834
minimap2:1da19811ec1e0f3c879b	train	15835
minimap2:d29846d76c43d25ae75c	train	15836
minimap2:421ce1ed51cd2b6e1a8c	train	15837
minimap2:d0a06004d6f1052837ca	train	15838
minimap2:463c38e833be402c9101	train	15839
minimap2:ed4eab04ad2f1379e1b2	train	15840
minimap2:2ff6868c5c990678f77a	train	15841
minimap2:3a468e9a43091d24c0c8	train	15842
minimap2:6c68448967327a467278	train	15843
minimap2:e46595b80a64ca27f37e	train	15844
minimap2:c05b20426d9be0b30b12	train	15845
minimap2:d3efa6d5894140e49a76	train	15846
minimap2:789885de9afa5b3c1c2c	train	15847
minimap2:4cc60af2008dabf9aefc	train	15848
minimap2:9135033574286fd2684d	train	15849
minimap2:c6e9935b3b8729812aea	train	15850
minimap2:57c2f4883041b404fd31	train	15851
minimap2:f107754534b725a92c58	train	15852
minimap2:e5e6af1088520d7ad4b9	train	15853
minimap2:074f161fd9ea60850fa4	train	15854
minimap2:ece47c584de2c939f375	train	15855
minimap2:7307f05e31119ba9c083	train	15856
minimap2:9858f28b7b46dd66afb7	train	15857
minimap2:abc2dadd61344bd3ea8a	train	15858
minimap2:7b3a0ee4a30e16c67ce3	train	15859
minimap2:2635865e39c46a64f696	train	15860
minimap2:5ed69b6d53cd1334ab55	train	15861
minimap2:5693ebcd9b249938e657	train	15862
minimap2:eaa92803721852548e6a	train	15863
minimap2:1f3c2df473d78cf4ad86	train	15864
minimap2:308e22b4c2733458e32e	train	15865
minimap2:e26ba2c805430f7bf71c	train	15866
minimap2:81545e9f2920aa7a7106	train	15867
minimap2:6283ee5c74f9aa099db6	train	15868
minimap2:b5e31df82b905fed02f7	train	15869
minimap2:fe2a9148a6e236e51bc8	train	15870
minimap2:71dbc1cb708ba61e8231	train	15871
minimap2:dabd34e49f9e01f74256	train	15872
minimap2:797baa71464629f11e1e	train	15873
minimap2:80510c098f1c01235ef7	train	15874
minimap2:c3ac8dcfaca3e8344828	train	15875
minimap2:dda9b562628a518f3e2b	train	15876
minimap2:ad0531abd126c98bf762	train	15877
minimap2:afa077e9f13ab79a623f	train	15878
minimap2:6bad9ce5ffe65db1e80b	train	15879
minimap2:7392a9811eff513d5f81	train	15880
minimap2:847454e17f57e67a2f10	train	15881
minimap2:4a95b2d2d3ccc2ba26ff	train	15882
minimap2:2254d0213e3d9b827a1f	train	15883
minimap2:b52f9a90334061a765ce	train	15884
minimap2:a26bab1be4ddfd2cd1e5	train	15885
minimap2:5a020fc4cd894ebc0e71	train	15886
minimap2:1d2b7cd7040b4c8c6249	train	15887
minimap2:874cba241e30855b0013	train	15888
minimap2:7afd36c1f919687b40f2	train	15889
minimap2:9b64ee6388fe753e0be9	train	15890
minimap2:a3e02799fa8491287b29	train	15891
minimap2:93b4ef2bf1c5b41dba13	train	15892
minimap2:55f4d041a0f880c66f8b	train	15893
minimap2:721d7d623f7e84fe5604	train	15894
minimap2:b2bd39c0bdcfcd42cd11	train	15895
minimap2:3aea82acc23526fffa75	train	15896
minimap2:003733283c7c3c438c6f	train	15897
minimap2:7319969b989af7495e79	train	15898
minimap2:013ed0e5e0fbdaa36253	train	15899
minimap2:5b5af6dc0d7ec377e75f	train	15900
minimap2:eb9c915455996e8b8647	train	15901
minimap2:41ecf4a8b2f2e1c89acd	train	15902
minimap2:02153350fa288a9369da	train	15903
minimap2:b5e3b62da7c821145fda	train	15904
minimap2:d61e3a2d1ef4f3e1aa87	train	15905
minimap2:b25b52ef720c1121c547	train	15906
minimap2:51a1191af0e9f98b0b90	train	15907
minimap2:6147fac64266400e6120	train	15908
minimap2:a5085b22eb5e34c3763a	train	15909
minimap2:39493db9b2fb52e95c35	train	15910
minimap2:782e5c4a263709253bd7	train	15911
minimap2:adbee8dae6fdfbe40bc7	train	15912
minimap2:2a21f0108ab248e8d987	train	15913
minimap2:914cd0dd8173c441734e	train	15914
minimap2:cc657c076c7f7a13f362	train	15915
minimap2:b087cab929b5271da39d	train	15916
minimap2:c1ca2d226b182a8883d0	train	15917
minimap2:e2d5f5e58ae20cf0c1de	train	15918
minimap2:66c76246af7d41ac68c5	train	15919
minimap2:fd468a2b5c403d283a39	train	15920
minimap2:face3be471c11d606596	train	15921
minimap2:63efc71c9d152c5dd1ea	train	15922
minimap2:dba96c3ecbc49ea52e20	train	15923
minimap2:4dd2b2b1e04e8bed65a2	train	15924
minimap2:dc3202a4e0693d196964	train	15925
minimap2:32b7a35dfc1f87950b82	train	15926
minimap2:bc2ce820e8799fb2eb74	train	15927
minimap2:d1db9e40c4b34b3d544b	train	15928
minimap2:c2345962f0f4e9a659eb	train	15929
minimap2:32c88f449e4d4fe79b30	train	15930
minimap2:cc849d6b37745c8bde36	train	15931
minimap2:1e3bdfc0afd198909045	train	15932
minimap2:0c09bb2d04162f9837c0	train	15933
minimap2:c14cb838fcb9e98fb055	train	15934
minimap2:6da4589f96db6ce226e9	train	15935
minimap2:a75ccd93ccfe345db620	train	15936
minimap2:27d04ed7b819068fa610	train	15937
minimap2:8aa2f7873cd76c42049d	train	15938
minimap2:055f03d1c410db2b3c28	train	15939
minimap2:ac8e2f6d252e6ee242eb	train	15940
minimap2:b3ff214d007f4e5e70c9	train	15941
minimap2:ecae4e71b5e3a5317ed5	train	15942
minimap2:df0548dc98a6f1208783	train	15943
minimap2:8f2cf1d8c0b2abed8df8	train	15944
minimap2:bad690ea39d9b8e489f5	train	15945
minimap2:65c6b5c9b43828dbf50d	train	15946
minimap2:bad88a7e282c1caea2e0	train	15947
minimap2:9f01a5b953c5b980101f	train	15948
minimap2:1b7de3acbec5b054069f	train	15949
minimap2:caff3f30ffd8f0e40d29	train	15950
minimap2:d13331da3a2348a22c5e	train	15951
minimap2:ed39ecf40b23f8ffbb0a	train	15952
minimap2:0bb9837cf3495f440634	train	15953
minimap2:f13f36628dd740cadbc5	train	15954
minimap2:f3835b55dbda0f00462d	train	15955
minimap2:cef85f8a6df5e6e0fc39	train	15956
minimap2:078859aebb497d83866a	train	15957
minimap2:1fe014d3a38327e54b7b	train	15958
minimap2:38b196ab95ab87fbb978	train	15959
minimap2:29d6e41b1e1ef4c2e166	train	15960
minimap2:6c97d016f631d0874696	train	15961
minimap2:dacb00d02adbe134c83a	train	15962
minimap2:260a7a3a2a4182e161e8	train	15963
minimap2:f89b7f656076bfd95b13	train	15964
minimap2:6a06c154d9d58cf3cae3	train	15965
minimap2:fb8ff2b8cf50c9c90b58	train	15966
minimap2:07f4887d9e81ed43842d	train	15967
minimap2:e5cb251cc53d0ee2a540	train	15968
minimap2:a058b1a2219df38ab753	train	15969
minimap2:72f8ebab63e3a387f8ea	train	15970
minimap2:2d82b44b6e02abf306c6	train	15971
minimap2:6e98e155b710ce74527c	train	15972
minimap2:b0f3a3edf5a5ec0738c6	train	15973
minimap2:c42e2931b38cc88369a6	train	15974
minimap2:730ad983337c2aed36fa	train	15975
minimap2:9ece71d0257a44da6f02	train	15976
minimap2:bb2b4d2cee0f1cd1805a	train	15977
minimap2:ff18bfe15e166201317a	train	15978
minimap2:e48cc588c10d2aeba996	train	15979
minimap2:0b3df4a4800d71797e5f	train	15980
minimap2:d13af3bbc85cf01b4be2	train	15981
minimap2:71b9be58ffe6b78b332f	train	15982
minimap2:2357be83bd67d798c99a	train	15983
minimap2:c89a14374086323e4f00	train	15984
minimap2:a375ae2710f25fc281bc	train	15985
minimap2:7f0804192c1830752770	train	15986
minimap2:71e3d07733095d25c5e3	train	15987
minimap2:5fd8bf56e1b23ce922d0	train	15988
minimap2:b37ee1a2118de15f050e	train	15989
minimap2:0bfa8637acbdf389c67d	train	15990
minimap2:d3b93625719d214f6e78	train	15991
minimap2:f9111608d9b8ac16d8df	train	15992
minimap2:7fa8d1a5aff017200334	train	15993
minimap2:f60dca3e28ca002be172	train	15994
minimap2:d7c8dd4cfb4915198e33	train	15995
minimap2:e5322e26f4a1edc579a0	train	15996
minimap2:587fbf8ee3cd7a675c76	train	15997
minimap2:dd7c40a280cb5c95267f	train	15998
minimap2:7ae9b87e2b189423107a	train	15999
minimap2:fb423ad239f468bcac71	train	16000
minimap2:4af9354e4775056ae5c4	train	16001
minimap2:8f71863899ce9438282b	train	16002
minimap2:8385f4d236de841ee9e6	train	16003
minimap2:dd210e42befc4c0710b0	train	16004
minimap2:0378d1eb59572d9bc382	train	16005
minimap2:9295127d5c63786a98d4	train	16006
minimap2:244eed8a161ff4fe002c	train	16007
minimap2:df24e7e09f6b6da36580	train	16008
minimap2:13a7e78ec513bddd5689	train	16009
minimap2:cea8575d2c340aa4e7fa	train	16010
minimap2:632f2d478ac794239304	train	16011
minimap2:b241e2df7c72daf48e5a	train	16012
minimap2:14cf644e8199b68d01f8	train	16013
minimap2:b52c30b52a419031fb31	train	16014
minimap2:d7fad313b7daa1282e78	train	16015
minimap2:73ee9a6f51825cfe24cf	train	16016
minimap2:ada5ea312a6a29b855ee	train	16017
minimap2:f62921bf205a4b33ccad	train	16018
minimap2:19fea0f9007e4710e9c4	train	16019
minimap2:ab0b7fb315f0099a2155	train	16020
minimap2:f6c956e203b1eb4fe081	train	16021
minimap2:7445eecc1fe1c2e26419	train	16022
minimap2:75cee901900517bc8c72	train	16023
minimap2:5ce7a43acf896f1bdc02	train	16024
minimap2:bcdcfde6fd48e0c1e9cf	train	16025
minimap2:16a26411bf01faf00038	train	16026
minimap2:791c8837cf4afa324768	train	16027
minimap2:faf95575eea0aac18eaa	train	16028
minimap2:2f38bb07b5f4dd1f94c5	train	16029
minimap2:50d3319462d1d5dfdef6	train	16030
minimap2:7bf04b30e39d3a5386bd	train	16031
minimap2:daa5fc37a4143896889d	train	16032
minimap2:85b7414dad71526bf90b	train	16033
minimap2:599fa6b1cd3debc50681	train	16034
minimap2:d352a9ea6cb636203df7	train	16035
minimap2:a510bcbf60f4fbca6f4f	train	16036
minimap2:c5b31fb611241c07f4da	train	16037
minimap2:e34868bf1c79df0cf7e7	train	16038
minimap2:68d09492023193916e13	train	16039
minimap2:bef8b5567a37a6827c6c	train	16040
minimap2:c9e1d5c07c186ff87824	train	16041
minimap2:07b34eb2ba24f5070313	train	16042
minimap2:993422a6b796f52db3f9	train	16043
minimap2:3842a19c1b7fd251fff3	train	16044
minimap2:3d1cd3af2eba60fdd334	train	16045
minimap2:1e505fbe2244531d4fb0	train	16046
minimap2:8de380dc125d1b995499	train	16047
minimap2:6559fe98e1bf8abf85e4	train	16048
minimap2:95a372b5c7157b36e39c	train	16049
minimap2:867961381e7cf44901e2	train	16050
minimap2:8c4c537ecd7044c5b8fa	train	16051
minimap2:ff7d7a1343f9a5aa50b7	train	16052
minimap2:3ff63410c4c1f2963b35	train	16053
minimap2:83a0427ffe77c9506944	train	16054
minimap2:e99c4cbff1bf8e3f5bb6	train	16055
minimap2:deb0e68482b5b88f9422	train	16056
minimap2:6aed1efa1c163e17f4e4	train	16057
minimap2:742272a68d7bbccad47c	train	16058
minimap2:a52451973b3d7b1417de	train	16059
minimap2:1b02d37ce021f6bec1c3	train	16060
minimap2:2432f316b51f85b65baf	train	16061
minimap2:8bc1c2fc4130fad552d1	train	16062
minimap2:5c532332469304e700f1	train	16063
minimap2:97a1630e23bdac2bd04e	train	16064
minimap2:f35e3245386085bd4413	train	16065
minimap2:2ecccadc9f44e96e9ef3	train	16066
minimap2:20005e015aadee554b38	train	16067
minimap2:fada48399c453288252e	train	16068
minimap2:c1d6f0fcefc9095032f7	train	16069
minimap2:9477e66b1e018205a9eb	train	16070
minimap2:e27af0103077b917380c	train	16071
minimap2:28c3219bbd8f990cde1d	train	16072
minimap2:1c1903a0ccaf9e95116a	train	16073
minimap2:680d3c521c56d20ef17e	train	16074
minimap2:f195d7ded301d07e79f7	train	16075
minimap2:123700be27c104418e0a	train	16076
minimap2:6b05299ff285cfe231c9	train	16077
minimap2:88516768f9d18a753786	train	16078
minimap2:8137ca7293817c0778bd	train	16079
minimap2:9ada59f43ed3435fd29d	train	16080
minimap2:3254122f3061e9b0f908	train	16081
minimap2:6e96a21f4c38442a3740	train	16082
minimap2:10a9ecf9538ccf2277be	train	16083
minimap2:e03b55d98d15adf32c32	train	16084
minimap2:397f37e44c314385b6b2	train	16085
minimap2:afbb1dbec4ed89a8394a	train	16086
minimap2:9696f978d5c9c187f8ac	train	16087
minimap2:48484747a9a4207ae83b	train	16088
minimap2:a2561f862072367ac54b	train	16089
minimap2:e9a0a8a1298d0a941b9c	train	16090
minimap2:96e1012a0664f0663319	train	16091
minimap2:72f4a031505fc05d1f6f	train	16092
minimap2:e2e3db479b298a89b4f0	train	16093
minimap2:9755dc11e80e0280e095	train	16094
minimap2:c6e18a3a758b8b835ec9	train	16095
minimap2:4c7534b91772aeda3bca	train	16096
minimap2:705adfec7ff4b5ede300	train	16097
minimap2:4469d8f42f0d32594698	train	16098
minimap2:7b9d499d19cf581a76ed	train	16099
minimap2:a3c521126d9f7dda9c2e	train	16100
minimap2:f29ead80df7bb3624900	train	16101
minimap2:5dc1e5a91ec971c1ecfb	train	16102
minimap2:0fe27983a1f3fc4a77fd	train	16103
minimap2:451d4a7a82f983f68a01	train	16104
minimap2:730fd2a09b1173be4d11	train	16105
minimap2:a21598c743ddcfc49866	train	16106
minimap2:be03a8ca705118a27498	train	16107
minimap2:63d4f88cf9c795339d1e	train	16108
minimap2:b7cef4a9ab35865272fe	train	16109
minimap2:94ae9b34681924edc680	train	16110
minimap2:6b2377d42b7c837a9367	train	16111
minimap2:522a51e43b05bdddadd3	train	16112
minimap2:62ca1b6c8246396a1ad8	train	16113
minimap2:5e2c4169fd9ff29c5334	train	16114
minimap2:72a866748a009b9a2c8d	train	16115
minimap2:0876f474a01dcd909d78	train	16116
minimap2:7f9c31adaa65e19d0128	train	16117
minimap2:1941206073f1a8dd46b0	train	16118
minimap2:dfd5e29eda43be9d1c19	train	16119
minimap2:6d4748e241e489dd7597	train	16120
minimap2:7f3695fc27ec3936f8d2	train	16121
minimap2:364713cb8b03031321f6	train	16122
minimap2:2da79b8fdb4cf79a6a8b	train	16123
minimap2:112ec5898e10bbbccaad	train	16124
minimap2:273a13b4f3ca68efff8e	train	16125
minimap2:429e9706b69aaea7c4f6	train	16126
minimap2:cee49c6c50ca4dc7811b	train	16127
minimap2:63581a5c810c4cf79448	train	16128
minimap2:80a2444eb769b25e7077	train	16129
minimap2:c3fb6cb41919b6b31da3	train	16130
minimap2:4e4d3421662da89741f2	train	16131
minimap2:03b67925f8a51b8dd5d0	train	16132
minimap2:a77f8f2a3f6fcd8f2151	train	16133
minimap2:c90776cadae3525cf550	train	16134
minimap2:9938c3871405aff2f9ab	train	16135
minimap2:7ee748c4bf8604735482	train	16136
minimap2:91ef202c2281eab300fd	train	16137
minimap2:2f5655313e77f904b9fc	train	16138
minimap2:a3c759fd64c9d12a3549	train	16139
minimap2:e6ae4fa9b884eb8a08a9	train	16140
minimap2:e7e4cc35f4afacbcb4fb	train	16141
minimap2:44357cb0a9dbe94d2e7a	train	16142
minimap2:fdecb0932e1b9f7a159d	train	16143
minimap2:4dc356367ff18f2564d7	train	16144
minimap2:81929d6ad16a6b5ea215	train	16145
minimap2:a6c8f07e6551571b4b74	train	16146
minimap2:6ec962fdd3a21a4981b4	train	16147
minimap2:6aeda516c1e0b1255621	train	16148
minimap2:18572c8f463ee5665570	train	16149
minimap2:fd41fcbc5852706c4c59	train	16150
minimap2:a03f1a9cfd92f5b2aec2	train	16151
minimap2:ba88c2bc9b7af21e9110	train	16152
minimap2:041e39feb3b70d298027	train	16153
minimap2:d40d052d157130b9cee3	train	16154
minimap2:7ac201a83ff4e5629c44	train	16155
minimap2:6d48a73c2e982b3b46d9	train	16156
minimap2:a6f98d0feaf887d1cdf7	train	16157
minimap2:7e6d54ede4a0d4841f5d	train	16158
minimap2:22f25f8069c8eb48a058	train	16159
minimap2:5cb58595f6c10ec45fba	train	16160
minimap2:650cbf3dbb7aad680a02	train	16161
minimap2:53eb1ed6e44146640ffc	train	16162
minimap2:2c35ebcc808231298903	train	16163
minimap2:6c1a3a3b9f1bfe7e382b	train	16164
minimap2:6ac21dbdb606f29895b4	train	16165
minimap2:0241e945ea5cad16926d	train	16166
minimap2:0776fea78b447eb1a42f	train	16167
minimap2:d0383ab512dc6f9cd01b	train	16168
minimap2:fb56963d03185a933b17	train	16169
minimap2:dd737ded8f7e0fc06811	test	16170
minimap2:f6bcdd40f2d70927e248	test	16171
minimap2:dd6e6b1999be07b6eac0	test	16172
minimap2:2db4acc3d13f3936313b	test	16173
minimap2:8d5a185f9740d4676da6	test	16174
minimap2:7e00587609613ced95c2	test	16175
minimap2:88ac472dbbc32efe8230	test	16176
minimap2:c2fbc6ddb9672f224081	test	16177
minimap2:157705234d88e9343cef	test	16178
minimap2:961f43ab4fafa178048f	test	16179
minimap2:0888a0a90a505bc3a783	test	16180
minimap2:b6a056f920633a90af85	test	16181
minimap2:3a2630a0fa13ac673a4f	test	16182
minimap2:15f28e03ce473597a91e	test	16183
minimap2:0634f775132714a23747	test	16184
minimap2:8c6ce4db15d2da051ceb	test	16185
minimap2:3b633cccfed0eae273eb	train	16186
minimap2:f5dc0ce2e823d729b184	train	16187
minimap2:4c539d3894e3ad365498	train	16188
minimap2:d215ae641ad43b8cebd1	train	16189
minimap2:7da6496c15a308473dce	train	16190
minimap2:3d20fe9e9f6af4f580ae	train	16191
minimap2:2b4f5d476923c0b70d49	test	16192
minimap2:834a3d0e327daef6e15b	test	16193
minimap2:8aded92a862edae1c812	test	16194
minimap2:4cfdb1f971c61ed6f18a	test	16195
minimap2:cbc26267d1f96f07068a	train	16196
minimap2:3aefd68b3cf48ca76b3b	train	16197
minimap2:f13f79bfce29ae83fc4b	train	16198
minimap2:f59dca7a44e18ce4cc74	train	16199
minimap2:bc7ed786f19e0ba503ba	train	16200
minimap2:406945b1649ba0730df5	train	16201
minimap2:fc13a09ca84209881949	train	16202
minimap2:832d7ca4729d20fe18c5	train	16203
minimap2:2e14a10e8f70274cae78	train	16204
minimap2:cea97d351d2a1e5dd9bc	train	16205
minimap2:0517d8664ca3929ba989	train	16206
minimap2:ea94f8546abdc98b686e	train	16207
minimap2:e5228f208d846403f596	train	16208
minimap2:205dafe0060b494ba2d4	train	16209
minimap2:6339291a124491b6ee08	train	16210
minimap2:4aaf6e8501563cac572b	train	16211
minimap2:ac06ec0d000a4966c2a5	train	16212
minimap2:3f755c7a70c62e137c29	train	16213
minimap2:a0b486be1d4e78aac85d	train	16214
minimap2:4725b05507dccfd78c3f	train	16215
minimap2:aca47bc4677ccf201587	train	16216
minimap2:7e8c08c1dd9b3e85b7ca	train	16217
minimap2:952b0df42955df552054	train	16218
minimap2:a863aa0e2a3ef661a40b	train	16219
minimap2:2ab1ce7f4c0fa0799ce4	train	16220
minimap2:157ee99c8e5040c7ac2d	train	16221
minimap2:e9a87d4509dde6a8a8e7	train	16222
minimap2:172e4f301b0f81413e6f	train	16223
minimap2:e3d0729b792316f29a71	train	16224
minimap2:6617f2fe74968853b4a8	train	16225
minimap2:75593d9398e9864fb51c	train	16226
minimap2:65ef659aad1129115f23	test	16227
minimap2:e2827982d8dd313771cd	test	16228
minimap2:76a5b33a4adf5bff2d15	test	16229
minimap2:10d84bb677a970c48799	test	16230
minimap2:4a6e77d7acd80977f889	test	16231
minimap2:a2fcd7e2a9f2dc1d371e	test	16232
minimap2:9d1a57272f8a720c8590	test	16233
minimap2:11b9081a79515b44476c	test	16234
minimap2:e2246e7ea053f0a06a88	test	16235
minimap2:bed0e2912f273b52e3f6	test	16236
minimap2:506a2744cf15f7c7f1aa	test	16237
minimap2:b02aabef83370de65bb4	test	16238
minimap2:84f51ccba5ff33ff39e0	test	16239
minimap2:39a5fdb2996d20570e52	test	16240
minimap2:a2abae4f000935e2f4b6	test	16241
minimap2:cac9ecb5a8805f95e244	test	16242
minimap2:962a179bab7be878fb62	train	16243
minimap2:d8541030fa7b968a1bbc	train	16244
minimap2:827e069e1ad4432fd47d	train	16245
minimap2:a9e4ba368e62d82d2cf9	train	16246
minimap2:cbe143f84ef3ca3b913e	train	16247
minimap2:2299b9a5faf1c78ec227	train	16248
minimap2:83c4765e1a81eeeb7257	train	16249
minimap2:5285aca9f0392303bdb9	train	16250
minimap2:5c3327d7a0092090834b	train	16251
minimap2:6d8c33c5ec46ab45a92f	train	16252
minimap2:f19692e52d1dff35b99c	test	16253
minimap2:dbc1182394985954c0ab	test	16254
minimap2:037ec8d907e05437270a	test	16255
minimap2:0a3180ed1a611c7da36e	test	16256
minimap2:e3301772f96eff377f02	test	16257
minimap2:6bac8476ce7c41752c3f	test	16258
minimap2:fd027b0fd9e8ed469e63	test	16259
minimap2:0fe83dc958badb4f3087	train	16260
minimap2:5cb028c4ab72a97767ee	test	16261
minimap2:94807cd763c7a3056cdc	test	16262
minimap2:19a4a2f6d17d8bc3a15f	test	16263
minimap2:e2b95b8eb05f92e3ab8d	test	16264
minimap2:5a049ce29b224629c103	test	16265
minimap2:c9e9c4a3568fdd2f6740	test	16266
minimap2:77b2ee2073f5f7bf2548	test	16267
minimap2:0f8185d88ebf95c82cbb	test	16268
minimap2:e5333fd1ec2a5660845f	test	16269
minimap2:09b9b932bc563d22529f	test	16270
minimap2:b8f7f923cc23995efca5	test	16271
minimap2:a804b7dceb4cc9c8da07	test	16272
minimap2:bdd33dc86e510442ec93	test	16273
minimap2:9d93d0dfdbe3865a22c9	test	16274
minimap2:424324f432874f06fb12	test	16275
minimap2:f2414111a49bf10cba08	test	16276
minimap2:9d7df9d2fd719f96503a	train	16277
minimap2:27cd13f045caaf1aaf85	train	16278
minimap2:86efbb82b36ec51a24d4	train	16279
minimap2:7508239ba8f49b2a4afd	train	16280
minimap2:c6771f5e62d1a3146081	train	16281
minimap2:bbaa20135f8823c61afc	train	16282
minimap2:5fe7621c06de82518f9a	train	16283
minimap2:f45d0827266f56bbb5ea	train	16284
minimap2:72b4b8e471e46bbdd378	train	16285
minimap2:f8443b522ca84870e679	train	16286
minimap2:68910be1a7e32d932083	train	16287
minimap2:63415c4afd93f1ed3a2f	train	16288
minimap2:b7a40d09e28e8b3f8893	train	16289
minimap2:9fd0456cabee5099c8f9	train	16290
minimap2:70af09d732600daafd2a	train	16291
minimap2:1454b0089c6d40cc722f	train	16292
minimap2:f1ac4fd12695c504b3fe	train	16293
minimap2:f569b3f9368e6fc220c8	train	16294
minimap2:e9ad1087af35d8c5f632	train	16295
minimap2:d4f211603ef392e28439	train	16296
minimap2:1221029496e7b708bb5a	train	16297
minimap2:1f8d14bd49780797c001	train	16298
minimap2:ee79f0cb87ead9bec178	train	16299
minimap2:28a00dad78359b759fab	train	16300
minimap2:5f2cbfa36ad397a98245	train	16301
minimap2:3b25a0a44133f4682090	train	16302
minimap2:463b94e88534e4d07739	train	16303
minimap2:08223860f0b107df9148	train	16304
minimap2:19930abe90cf8b0455ed	train	16305
minimap2:9bdb8fd06345327ee17b	test	16306
minimap2:e4e36af822447d1ad615	test	16307
minimap2:6327e64f6ef7d96fb6bd	test	16308
minimap2:59279cea5bf27fee0d98	test	16309
minimap2:fb81b601ea61e7c94918	test	16310
minimap2:8f0196fd54c5ff979212	test	16311
minimap2:985b2fc11e8b88abc8d1	test	16312
minimap2:61c487e5d5d16bda48c2	test	16313
minimap2:8f131a9f9118eff3478d	train	16314
minimap2:f80c8b954c9afba52e13	train	16315
minimap2:8f1df65b82c5ad9aa71f	train	16316
minimap2:3a5397d33135bf772ffa	train	16317
minimap2:e877454d25972166da66	train	16318
minimap2:71d3cec20aa49fd4c29a	train	16319
minimap2:f5c5f45600c0c97cf68a	train	16320
minimap2:e400431e7265157b4f70	train	16321
minimap2:e623839a1981cf1a31b2	test	16322
minimap2:7fc00c56debbb8fe0d34	test	16323
minimap2:9907c7b6bdbc02316b13	test	16324
minimap2:2e72743136185ff360ed	test	16325
minimap2:3dd668f29891def9862d	test	16326
minimap2:c91f571270a600eca180	test	16327
minimap2:7a2528658f8b27876612	test	16328
minimap2:8f066e17c322abb9d567	test	16329
minimap2:e8b398b7601711313b27	test	16330
minimap2:88262978b553276a12e1	test	16331
minimap2:e48c4b2c20ac473330e2	test	16332
minimap2:b37131372044410a0931	test	16333
minimap2:2107302061e38f3cfed8	test	16334
minimap2:0e21f11021461b2913d0	test	16335
minimap2:1b0b79c571776e10c4f5	test	16336
minimap2:c32726e5c8a616c3ff76	test	16337
minimap2:24bf7b06786af6142eaa	train	16338
minimap2:8dc4f43e9e01951f343c	test	16339
minimap2:495ffcf7038e101c3cd0	test	16340
minimap2:fab59e18a0f12c837fc1	test	16341
minimap2:272f22a394aa02802af0	test	16342
minimap2:02c5617ac44f66502564	test	16343
minimap2:3355656134a2b389ac3f	test	16344
minimap2:ff6041f037ad4f49ac72	test	16345
minimap2:05664175dc38854cb4a9	test	16346
minimap2:7df47c481ed0f8d43642	test	16347
minimap2:49fb197228a3f8ab1a50	test	16348
minimap2:96b85c457626c9e4a0e4	test	16349
minimap2:5c7a6918d659110c49ed	test	16350
minimap2:b87a8120557d297fd53b	test	16351
minimap2:480e6a32e2e8acbd4237	test	16352
minimap2:a577adbd194df47b4692	test	16353
minimap2:60cfc65540f422b79664	test	16354
minimap2:f081ba2a99d5bd3f484a	test	16355
minimap2:8edb906530580baa8d2d	test	16356
minimap2:e2b42f4ab052dc6e438d	test	16357
minimap2:c1e39701c5937d1a1be4	test	16358
minimap2:6803d8f9402a88eac265	test	16359
minimap2:626605f0df06fb6d671f	test	16360
minimap2:3c992cacfc60c261c2b8	test	16361
minimap2:bc6331e499fd6ce5a584	test	16362
minimap2:071b75eb6befa6634905	test	16363
minimap2:13d4614f96eaf8b88bed	test	16364
minimap2:e1abf66098d422cd3ab4	test	16365
minimap2:420a726fb9a6302ed43e	test	16366
minimap2:4c5979abaf44e7fc40a9	train	16367
minimap2:9652e3611b424505ad6f	train	16368
minimap2:1be282bed100b2842b64	train	16369
minimap2:0d0ac0827f6bc21ae326	train	16370
minimap2:54cd3674c3c6aebe43bd	train	16371
minimap2:4797378c9795127827d7	train	16372
minimap2:1de956324dd7bd1cf321	train	16373
minimap2:48ffea5602efca3a3cf0	train	16374
minimap2:75d66082a041bfc88731	train	16375
minimap2:97a4e366d72d5e079c0c	train	16376
minimap2:b1bf80bb021b70e69e4b	train	16377
minimap2:12969b00930a6d918e0e	train	16378
minimap2:d322f70359b10bc7328e	train	16379
minimap2:881fe91dfd13a48c7ee9	train	16380
minimap2:1d550badb15c66ac13aa	train	16381
minimap2:16216bcd25111704312e	test	16382
minimap2:f1495119ef30e77690c9	test	16383
minimap2:6da8cf0895ad2c1c505b	test	16384
minimap2:76c921d467e1cb62663c	test	16385
minimap2:afc9858992efcedf69c9	test	16386
minimap2:ad4e222a1e8abb2e89f9	test	16387
minimap2:9aabe33b9c7769689b5b	test	16388
minimap2:1c81255973cddb5bea9a	test	16389
minimap2:b2b267319afb68c287e4	test	16390
minimap2:c980c105b76a3f47b48d	test	16391
minimap2:febec3cdb19585bfc446	test	16392
minimap2:3a4d3efb0f578be9473c	test	16393
minimap2:fabd7fc1691910699309	test	16394
minimap2:9e95a42cf25cc1aecc4e	test	16395
minimap2:2d990fa4842f1a59852d	test	16396
minimap2:a6bc47232862d6a57878	test	16397
minimap2:a0dd70ba968479d5c6fd	test	16398
minimap2:03442144c24980c761e4	test	16399
minimap2:0d6a2b7e7c5259dd663b	test	16400
minimap2:2ca98bdc1e5149237fea	train	16401
minimap2:eecef6133bd195a8af97	train	16402
minimap2:386c90380d36dd0be89d	train	16403
minimap2:040875c531e6db8ce6a2	train	16404
minimap2:29833b3c13b09e3aa5f2	train	16405
minimap2:232b4d5c80cf7952f028	train	16406
minimap2:e891736c951eececf988	train	16407
minimap2:103532c9eb7ada995f8e	train	16408
minimap2:d391658746f4fccbeec6	train	16409
minimap2:6690a89a842b4e0c87ef	train	16410
minimap2:502fbe7f1242d314171f	train	16411
minimap2:3cb5d512fc3f79801f2b	train	16412
minimap2:165f267bbe92a8f1c9cc	train	16413
minimap2:e3ed9530a910a718e6cb	train	16414
minimap2:d63978152d6f45a4f077	train	16415
minimap2:c74991ba1ea1f38049f8	test	16416
minimap2:c877da4b64e826fead53	test	16417
minimap2:a0a66c882cf8fccc0220	test	16418
minimap2:eeac4be4eaeaaee7ae84	test	16419
minimap2:09b9cccbc3ca47ec5919	test	16420
minimap2:3bf64faf209a0904bca7	test	16421
minimap2:b87afaa06be5fad36014	test	16422
minimap2:c371d0b7b3fb3b8a88a6	test	16423
minimap2:78a15605fce56467f17b	test	16424
minimap2:084bdfabc8b469bdb1d5	test	16425
minimap2:1847af847f5537019f3c	test	16426
minimap2:ec9a9edbfd4da89121e0	test	16427
minimap2:da7fea24f883f38fb7e8	test	16428
minimap2:ce278a159075ddf900e2	test	16429
minimap2:7ea14aace1e456814290	test	16430
minimap2:78811d1b6e79014f95bf	test	16431
minimap2:215b7b2c33297740b229	test	16432
minimap2:1885edfb89eac1d4ea67	test	16433
minimap2:febecd1d73d16deb6633	test	16434
minimap2:7d7148e49936c58896ba	test	16435
minimap2:7c188366e25638907cbc	test	16436
minimap2:a4cc1dddabcdd8fd34aa	train	16437
minimap2:ae2e5d15ab3e80846d2f	test	16438
minimap2:69eb754c48fdd8b29487	train	16439
minimap2:792595eeca0e06fee2ae	train	16440
minimap2:954c145610a8bc73207d	train	16441
minimap2:6f619cbadc6a33eb8d96	train	16442
minimap2:2c97920bdd96a57a0403	train	16443
minimap2:fb8b72c2d7f9785e5454	train	16444
minimap2:fd057ea25d5b1e187115	train	16445
minimap2:4dfc8f2f0e3869702095	train	16446
minimap2:bf5355752b3ab471b18d	train	16447
minimap2:21a480c593d90e3574c3	train	16448
minimap2:df726a3eb923e0692b11	train	16449
minimap2:9370257e0e83a0cf43e9	train	16450
minimap2:4c5e3b6e32bb6d093f78	train	16451
minimap2:1a070b368822bf3534bf	train	16452
minimap2:97dd60b79c142aaf19c5	train	16453
minimap2:d292285ff5bcefa88452	test	16454
minimap2:e25e322301bf0acae8d3	test	16455
minimap2:22bb893c6fa280464d9f	test	16456
minimap2:4eba2a116ce4c6d295fc	test	16457
minimap2:2538148e3ce0e2245162	test	16458
minimap2:9d348794bcf40e3f772e	test	16459
minimap2:745f27916337cfa72a9f	test	16460
minimap2:d28d108ea8ff28a18563	test	16461
minimap2:60e0f473520bc3a0742c	test	16462
minimap2:d5ae35fca1278067faa2	test	16463
minimap2:5b1ad23ed2a3e0ff721f	test	16464
minimap2:617f23df3faf3ccdd251	test	16465
minimap2:981401dad5a6d4e72284	test	16466
minimap2:33ada48d5fedfead3d29	test	16467
minimap2:3c2e55a81f149ba62e45	test	16468
minimap2:f0f8c602bfda0440e67d	train	16469
minimap2:997002b104a025b2f9d0	train	16470
minimap2:25167a61070d12d4c95a	train	16471
minimap2:b97169a3ffa3855b79dc	train	16472
minimap2:7096a19eb1e83ce328c3	train	16473
minimap2:f8a3122e367e0d17838b	train	16474
minimap2:7441bd7308f2ceabef04	train	16475
minimap2:dfd9315947f6c1c3fa4a	test	16476
minimap2:8b1a261a104ebf8d8242	test	16477
minimap2:c92d997b114c82502adb	test	16478
minimap2:22faba73eba09271976a	test	16479
minimap2:20981be07eb45dfc3408	test	16480
minimap2:52035247d6804c81cd29	test	16481
minimap2:68321f6f8612307064d4	test	16482
minimap2:bf898643a420c54a8a6f	test	16483
minimap2:a0a49662c88b421743b8	test	16484
minimap2:6d0ec6bb5625fb503a86	test	16485
minimap2:6927b65397c158171747	train	16486
minimap2:a0f602e22b98b06c9ca8	train	16487
minimap2:349d09a3c4798ee040c2	train	16488
minimap2:cc52170d2c1f22b28fb4	train	16489
minimap2:5f1520765034d1f7a8ae	train	16490
minimap2:42a5f883f4c1f4ddc0fd	train	16491
minimap2:c46d05c1395b33f9a5de	train	16492
minimap2:df2fa341ea57f104f6b7	train	16493
minimap2:56529b64d6709f74b36f	train	16494
minimap2:3285ff2112eb627ecbf0	train	16495
minimap2:b56c5a2620aebe5dcadc	test	16496
minimap2:369a607c5ef4c3dbf551	test	16497
minimap2:152112cf4b5b2641e09e	test	16498
minimap2:97b4a92a5f573ebccf12	test	16499
minimap2:d0431869e4654a235b3f	test	16500
minimap2:25f094c31983efdb347d	test	16501
minimap2:8931add1e6063da08eb3	test	16502
minimap2:84541b39f10b596ca05d	test	16503
minimap2:5059b494055fc52c3eaa	test	16504
minimap2:e81525a39f3dc88ece8b	train	16505
minimap2:35c0832dac841e29c573	train	16506
minimap2:c6475ee420496e02f7f3	test	16507
minimap2:f01b840b62fe399311c1	train	16508
minimap2:3724923e2f31b698d0cb	train	16509
minimap2:3eb6c869b7a4799e4e31	train	16510
minimap2:93bb23035e91524cb869	train	16511
minimap2:9af5b5e5c6df8a78d576	train	16512
minimap2:534cbd32b74946c46d58	train	16513
minimap2:e32762c1410d9d97b55c	train	16514
minimap2:6c426d5657ec9637b2f3	train	16515
minimap2:b158bc568923fb383d1d	train	16516
minimap2:5bce46f57efa0fbf7010	train	16517
minimap2:e5d591ad98c28355ecbf	train	16518
minimap2:0ba33801fd9f1f55ef37	train	16519
minimap2:357fbf11768be78e8a66	train	16520
minimap2:83864c36684575d00042	train	16521
minimap2:c382692158ce3dac6ccd	train	16522
minimap2:6a951f5aeef319555f76	train	16523
minimap2:dcc2c2e41aa1ed8a0dca	train	16524
minimap2:6f83535e37d9b6fccf41	train	16525
minimap2:6b980afa6c05f49eecf0	train	16526
minimap2:06058469cb23cfe94f8c	train	16527
minimap2:860e7063a549772749e4	train	16528
minimap2:7c6705b7e11a9e206a48	test	16529
minimap2:18f8e06efafaf5609e65	test	16530
minimap2:322ebeb0bbe2881c966b	test	16531
minimap2:225547a8c8e32e991858	test	16532
minimap2:295036f8e00aa13f25c9	test	16533
minimap2:7ddcf1a48c940971fceb	test	16534
minimap2:7e968a1d87f6fd0c0cef	test	16535
minimap2:2220b8e30e7153e6d63c	test	16536
minimap2:9868e2b160cfea3ab796	test	16537
minimap2:3184c32af905eee29c99	test	16538
minimap2:2d7faaee5e1f9a54e28e	test	16539
minimap2:6c170f12b09596a5ac29	test	16540
minimap2:b554aff7e585d1281083	train	16541
minimap2:1313e6679664cc51efa3	train	16542
minimap2:e242c72b75d4ac40a7ae	train	16543
minimap2:6175dc8358011052e1d9	train	16544
minimap2:eb72097b8ae4473ae107	train	16545
minimap2:144f2ccc1702d62d7593	train	16546
minimap2:a1ff7ee7749c973bee98	train	16547
minimap2:f2f6ae5a7bc80837016b	train	16548
minimap2:5c53d42530612e0b35a1	train	16549
minimap2:db7dd035621634ea94bd	train	16550
minimap2:a43b5999108191691963	train	16551
minimap2:97ab8e9786f7b47b9321	train	16552
minimap2:fb84774ae16aa87c6efd	train	16553
minimap2:c6ee9c8c473bb81fbee0	train	16554
minimap2:9b84b24e3153d5f3314f	train	16555
minimap2:db99fc22e643945a0cf5	train	16556
minimap2:4b7dd03cffe49765f452	test	16557
minimap2:43e126c7f9b9088018bc	train	16558
minimap2:add3922d7202cdd75fcf	train	16559
minimap2:0ef1d79ebb9fca9e825e	train	16560
minimap2:f4d4e39616102505d2a9	train	16561
minimap2:be915af6d8a9219f1783	train	16562
minimap2:3ff8a066b656fe96b7ad	train	16563
minimap2:15fc138e7179982070c5	train	16564
minimap2:7762f3b43b7564e9f79e	train	16565
minimap2:46d8082e72d843af63b8	train	16566
minimap2:6fc6b30949f0246a770f	train	16567
minimap2:7a8ff2446acc013858ce	train	16568
minimap2:1a596e9e54d24ac9da2b	train	16569
minimap2:fd93d2eeaf5741210c8b	train	16570
minimap2:5b3602aa288b55066d9e	train	16571
minimap2:5ad6d576c253f2a09f39	train	16572
minimap2:4d705d4cd5d7e0be7a0b	train	16573
minimap2:09f2f010b6331b93b127	train	16574
minimap2:19d9f1ab759193181440	train	16575
minimap2:1a0eb573b6a506bb3565	train	16576
minimap2:9c1e9c5d81d19044c340	train	16577
minimap2:ea1a718a950026d914ff	train	16578
minimap2:adb0360744682413468b	test	16579
minimap2:0bb7fbf4fb6b1ead6f17	test	16580
minimap2:5e6c0efc3e2820384822	test	16581
minimap2:38b25eeb9c0427316e4a	test	16582
minimap2:3f8ab8dce6032acec990	test	16583
minimap2:bb8a35a597cb668df805	test	16584
minimap2:2c40bb28bc2df6c8e74c	test	16585
minimap2:927701cc6944f1a0bec2	test	16586
minimap2:e533e4a78aa157a6daab	test	16587
minimap2:aef30e938c98de1818e0	test	16588
minimap2:bb6eee014f9f633a491a	test	16589
minimap2:c60006b51a12a2b53684	test	16590
minimap2:d81f842a4da9d937623a	test	16591
minimap2:8f5b33436438ad426f26	test	16592
minimap2:758c23966fb0bb938456	test	16593
minimap2:567a58ef93bb84b436ac	test	16594
minimap2:7cdb1edd4a26a353110d	test	16595
minimap2:8e68feab6845fe85e508	test	16596
minimap2:f152434bc4375ae5ed01	test	16597
minimap2:0011364a15b949e148fe	test	16598
minimap2:2ac20073fa27affa1fac	test	16599
minimap2:4b7804ce6f19df911436	train	16600
minimap2:6e68fd9a905c40813f16	train	16601
minimap2:8be1d29722e535b4144c	train	16602
minimap2:d00eb480426316a2f5ef	train	16603
minimap2:d0508ae6ba26b6a4a063	train	16604
minimap2:90b7b2773e66f15bcfba	train	16605
minimap2:41cc3217470f53fcf723	train	16606
minimap2:0581766bf57bd08e977a	train	16607
minimap2:4b2e5e3af6d38c4a53ae	train	16608
minimap2:904de106465f1ab1a99c	train	16609
minimap2:1221b9f7fc4fe0b89f0d	train	16610
minimap2:510e32488727d28f922e	train	16611
minimap2:c510aef8ca3a1f083e30	train	16612
minimap2:c38d5cd73d518d7bd050	train	16613
minimap2:c2b2bc92bd8e5807a2eb	train	16614
minimap2:38202b5fbe24b4dc6f20	train	16615
minimap2:100e52aee0b7bb1a2be2	train	16616
minimap2:1b0c8570af2c8372d7a0	train	16617
minimap2:28bb260e6c42fde29dfd	train	16618
minimap2:c69bd5cce0e5e491dceb	train	16619
minimap2:d902878db7b30bfe55a7	train	16620
minimap2:a510d7fc259b01700aef	train	16621
minimap2:1a7afc98e2132b3dd714	test	16622
minimap2:9e0775c73f1c58653f96	train	16623
minimap2:f227640ea4a08d77fa61	train	16624
minimap2:f0cfb17853c5e5afdc83	train	16625
minimap2:a8def9e603df211fb7cc	train	16626
minimap2:8b53c9ce841be16bf4c0	train	16627
minimap2:dc8bba16240ede7cbb5e	train	16628
minimap2:229d74e781b949873560	train	16629
minimap2:76e6858e76656bc54b32	train	16630
minimap2:b43a8d27d5da952249c8	train	16631
minimap2:f427f75e624961be4dd5	train	16632
minimap2:fd15467ae5a7b180eaf0	train	16633
minimap2:75e709fa6c85e0b0c048	train	16634
minimap2:df00a8ff2fed81a259fd	train	16635
minimap2:66756ddd7ae376588fd4	train	16636
minimap2:686a37412f3b296bf4aa	train	16637
minimap2:1f4a589528c717c9d3a9	train	16638
minimap2:33131ce09a5d606585f7	train	16639
minimap2:99137de579927638ce62	train	16640
minimap2:8691569236b7951dc070	train	16641
minimap2:4183ec938fd8747b8a86	train	16642
minimap2:8ee9746b2d53a312cb6c	train	16643
minimap2:3e5e14f2b01c07e7f7ca	train	16644
minimap2:2a3e252ba167cb764b89	train	16645
minimap2:9f0cc0f8b021a5ef0515	train	16646
minimap2:e982d619bbb8e7efe163	train	16647
minimap2:0ea0b8d38456e61d6d2d	train	16648
minimap2:664945cd2ed24ee70340	train	16649
minimap2:1fbe7237e69777306f55	train	16650
minimap2:e7065144373fe9142488	train	16651
minimap2:090e513842cb38b9aafe	train	16652
minimap2:301d0d4415c3bd825cac	train	16653
minimap2:e74d9c6c6eb3797911ed	train	16654
minimap2:466e208c255a73b97153	train	16655
minimap2:5355a43d4291f934c06e	train	16656
minimap2:da200cb1d82865f6f46d	train	16657
minimap2:83040294b3b6bfdf8a31	train	16658
minimap2:ab775e8015e043a8e721	train	16659
minimap2:f1ce1a5dd98e2eaab244	train	16660
minimap2:d23ad306073e507ddb0c	train	16661
minimap2:1aae8c250e935229eda4	train	16662
minimap2:259feb5aa301130cbf15	train	16663
minimap2:bb8262e62c404e148814	train	16664
minimap2:8eb6e96f26a4e336020f	train	16665
minimap2:d01d03758907ae64d676	train	16666
minimap2:b4c72cccf0c33671fb8f	train	16667
minimap2:3dbea03034b23973de91	test	16668
minimap2:ed9b4c32aeac610239dd	test	16669
minimap2:e562dd39a39907e0fa3a	train	16670
minimap2:9077a130b5b12997ac7b	train	16671
minimap2:521b2b6c19fc23a578f9	train	16672
minimap2:e4e3c6ff68948a5ace0a	train	16673
minimap2:d148228a49cc5831d67e	train	16674
minimap2:e849646d1e5e07958f58	train	16675
minimap2:cc3ed81f16553da85c05	train	16676
minimap2:1001b19c9cfd6b46a262	train	16677
minimap2:a140f28ffead66bebe0f	train	16678
minimap2:4bbfa5baebe1a8b89197	train	16679
minimap2:e16ee2e568cc5ca18766	train	16680
minimap2:df560fbbfc5b7a17716e	train	16681
minimap2:cb1a16979c333d75097e	train	16682
minimap2:8db478d779fa4d5f4ced	test	16683
minimap2:0f24267d10648101962e	train	16684
minimap2:1db89278e4541294eb9e	train	16685
minimap2:0e89fa864488d1eac1ad	train	16686
minimap2:0f96ba2f20806c51d2c9	train	16687
minimap2:667b9f083bfdd0201f55	train	16688
minimap2:eac6112ffab30f537145	train	16689
minimap2:0c8c8fe425a1aee7a956	train	16690
minimap2:d7471b97983f33b759ae	train	16691
minimap2:d8cf7c7d25ec51560e1c	train	16692
minimap2:4b1cc0679629d2355c58	train	16693
minimap2:0a773911bd02fd4fd702	train	16694
minimap2:f8528a63eadf9ff8ce9c	train	16695
minimap2:9efb8e8c8bb5015250d2	train	16696
minimap2:395e2f3527f9cce8596d	train	16697
minimap2:917eb98e47e0a5f1e66b	train	16698
minimap2:4b466151e1d50e562ae4	train	16699
minimap2:1e9710174d0dd357e63e	train	16700
minimap2:06073d30c6800d64ba5e	train	16701
minimap2:d7969f132023d41c2b9f	train	16702
minimap2:2217a393f156baf9e789	train	16703
minimap2:d5dd6c03babfa616a7f2	train	16704
minimap2:2e56797d3769bb109faf	train	16705
minimap2:528fb4481bcf8223ac56	train	16706
minimap2:2c08e070707e21d5ac87	train	16707
minimap2:a628eea3e9a01853c6e9	train	16708
minimap2:d6739f0feafc187c29ee	train	16709
minimap2:3acf0e072e9e670664b7	train	16710
minimap2:ae5c613db4235c749529	train	16711
minimap2:2628dfc76a575f7b08da	train	16712
minimap2:d81d445bbadf92113096	train	16713
minimap2:276bbac5f30b69fd2ac7	train	16714
minimap2:edb8d2b0078279b5e469	train	16715
minimap2:244449b22189cb3f8f31	train	16716
minimap2:047d111b2cee97cf9d68	train	16717
minimap2:1f593a9db92d88647d07	train	16718
minimap2:56b42ba4079df5663d5b	train	16719
minimap2:eeafcf1f3689cc0ad47d	train	16720
minimap2:2f07e310a9aae007ddf4	train	16721
minimap2:0a175a5c352e6119ac1b	train	16722
minimap2:29be8fbdd83398b100d2	train	16723
minimap2:6c65710207b88da65969	train	16724
minimap2:a6f7f0cd979e7408fb82	train	16725
minimap2:47afc6a5cbbf39ca0f85	train	16726
minimap2:52b09b3d778785772fcd	train	16727
minimap2:aa9a26bcf230ffb042b1	train	16728
minimap2:661ec821877c5554a96d	train	16729
minimap2:5349e18399dd87b0d159	train	16730
minimap2:93ec2d1250f03dd76714	train	16731
minimap2:d1023a35ff8ae134f5b3	train	16732
minimap2:6d3a15bb89110285cec9	train	16733
minimap2:40cc756c4df7d4ce9286	train	16734
minimap2:e85b330ff9e79889ac4e	train	16735
minimap2:326172ab230e8eba7e21	train	16736
minimap2:c633b7defa0f02b28773	train	16737
minimap2:787b0d37e6df7cc72414	train	16738
minimap2:bb597757388b30b812c5	train	16739
minimap2:ea56160412907dabd96b	train	16740
minimap2:fa99efc5ddb796943b1a	train	16741
minimap2:e68c785490f0652c61c2	train	16742
minimap2:453bf991ad2be8346055	train	16743
minimap2:b67b1d523a968b3e5a09	train	16744
minimap2:02eb6a473492de300f3f	train	16745
minimap2:1f97aae60d84e5849c9a	train	16746
minimap2:498232000932825062be	train	16747
minimap2:4ab4171e0fbdfad4d3ff	train	16748
minimap2:84757ffd26e2eba9a37f	train	16749
minimap2:f1fbf1bc2fbe24526c90	train	16750
minimap2:feea8c34fa11ac6d37d2	train	16751
minimap2:247b587187cfb65c25c1	train	16752
minimap2:24d0f5eb96bf864ea4f6	train	16753
minimap2:8cee773d00a46d97d0ef	train	16754
minimap2:f0fff19d345b42b53eef	train	16755
minimap2:1968cefd69c838198e5a	train	16756
minimap2:d1c12428bbf1e247c480	train	16757
minimap2:8c2512ee17ea00a7cb07	train	16758
minimap2:3e4688d63f68eb56f5ca	train	16759
minimap2:88620d26fc22d46e1418	train	16760
minimap2:b95687e5306c1f40c193	train	16761
minimap2:7569cf4a2c8d2641e665	train	16762
minimap2:af415ae2e2fdedc6d940	train	16763
minimap2:a0099beb72ea0dba60fc	train	16764
minimap2:f3218db402b7ea34fc65	train	16765
minimap2:71f5737afbba1781a457	train	16766
minimap2:6aab3178f5d44c17db89	train	16767
minimap2:e9ecf803770519094f16	train	16768
minimap2:db237010409bf3a47fcd	train	16769
minimap2:f5b103d380f9290d1608	train	16770
minimap2:515ab86c3f9c84019772	train	16771
minimap2:cc40cb0af4a7bc9dd618	train	16772
minimap2:abfce16486cfe9380a18	train	16773
minimap2:7f64e59d03fb31044e61	train	16774
minimap2:19d2323129a16f407f90	train	16775
minimap2:121d7015cffde4ece9ef	train	16776
minimap2:84dcb1e5f4565ee9b80c	train	16777
minimap2:d03c0eb04c668476b140	train	16778
minimap2:0122261283a5303a8399	train	16779
minimap2:61db30a3613a2a427f70	train	16780
minimap2:cc7e0f0cb3b524a2cdea	train	16781
minimap2:b8084aefa2fc27ceb4bb	train	16782
minimap2:4a1df020a6e3896e5706	train	16783
minimap2:3f3ddb5baf9a30817263	train	16784
minimap2:d4b78ec2c4c1763feedf	train	16785
minimap2:e48fd4a086afcea6ed8b	train	16786
minimap2:9ab9993ec6c7b6017d90	train	16787
minimap2:d08f5948363631c2b8b6	train	16788
minimap2:1c1f19c90f6e9be3265a	train	16789
minimap2:22b65996708a99bb3043	train	16790
minimap2:f99ac2c17f71d8ebc1ff	train	16791
minimap2:5408d0ea17f076569ae2	train	16792
minimap2:20d6348589e650fea0df	train	16793
minimap2:9f0d2ee92a5e6a59c48d	train	16794
minimap2:4051664cd66c9d56814c	train	16795
minimap2:1ee9a7a790ea2f12fe75	train	16796
minimap2:33747eb7576e6ade9480	train	16797
minimap2:5cc0a1f295a691012947	train	16798
minimap2:ace65e7a22e30a762507	train	16799
minimap2:5712888f5709bff906fe	train	16800
minimap2:6a33e33fd7a070c31525	train	16801
minimap2:38facb5029bdf473bd63	train	16802
minimap2:fa2df611a310403e026e	train	16803
minimap2:b8c579606f8c2bfc2e1b	train	16804
minimap2:4bcc8884293917ee9682	train	16805
minimap2:d6da383d6c1517d3b242	train	16806
minimap2:dd7cafda1d581a182d49	train	16807
minimap2:eca8049ccb9777c72f9c	train	16808
minimap2:5dd86bc233e985680bb6	train	16809
minimap2:736f9dd99b36ae584fe2	train	16810
minimap2:9c86bb5a11d890156b6a	train	16811
minimap2:137d02c6a4d94379b9e3	train	16812
minimap2:3d0fc1a28eec0e189141	train	16813
minimap2:054874a4855aa8529ece	train	16814
minimap2:eb2e00c72c506e43462d	train	16815
minimap2:f76c190bbf8ef27fc3e1	train	16816
minimap2:69640cee28e0dbb596ed	train	16817
minimap2:3c59f4f7ae8065d21374	train	16818
minimap2:30333db66ba08617376b	train	16819
minimap2:3a9638edc5a012c0597c	train	16820
minimap2:b815147c4c136d2bfc90	train	16821
minimap2:9477f0ee820d1fa82024	train	16822
minimap2:89b1501bb8165d0343be	train	16823
minimap2:00553183ee86468bffed	train	16824
minimap2:207a4a3da1976484db54	train	16825
minimap2:71f463a706671c0ab1e2	train	16826
minimap2:6399c6fe6caa2fb0ff84	train	16827
minimap2:91e007f6591fa9966b64	train	16828
minimap2:8be95c675244176a6c17	train	16829
minimap2:623e75fc5420fb2c9cc3	train	16830
minimap2:67c993adcc97b14ae90f	train	16831
minimap2:70eb5b7677ad6f8005dc	train	16832
minimap2:1eb70f625a27b93a8cb4	train	16833
minimap2:4950a942687a81278769	train	16834
minimap2:5cd6e0365f854d5f3c15	train	16835
minimap2:c7f71248b60f3984f1e5	train	16836
minimap2:de2dbb9058356e708da3	train	16837
minimap2:9cab8e752093f05607f8	train	16838
minimap2:08c6683c40960b071ef3	train	16839
minimap2:dd8e9cad22ac3ae5f8ca	train	16840
minimap2:fca962240f0e3084010a	train	16841
minimap2:973bd24ec6fd35e3fbd7	train	16842
minimap2:1e060b2c98cde3885c12	train	16843
minimap2:9d126e2ff5fd35aa9f56	train	16844
minimap2:1c486327fcbbdf5570bd	train	16845
minimap2:e6e66ece5499e8c7f920	train	16846
minimap2:bcd0f1cc810bb7f1f2fd	train	16847
minimap2:a4a62d219d3a5a8eec4e	train	16848
minimap2:c2d444e61d64cfc9f682	train	16849
minimap2:277bea79303c6a66ea19	train	16850
minimap2:4ee080ca8393422d4f7a	train	16851
minimap2:632404ec4ba4b10b3ba0	train	16852
minimap2:d4e47dad42fa471742e8	train	16853
minimap2:7f6e9578c7cdab8a78a9	train	16854
minimap2:317481f321934fccd667	train	16855
minimap2:bda2e19ca68c86d1a611	train	16856
minimap2:6c3ca90e9c9ed8350fe0	train	16857
minimap2:d0574fc94cac920e1fd5	train	16858
minimap2:c2860ae118db399353af	train	16859
minimap2:83eddb20a147936336a0	train	16860
minimap2:bf5e4ebea25bdf994f92	train	16861
minimap2:221a0cbb48e66da4b0fe	train	16862
minimap2:edfc412753f1ba792149	train	16863
minimap2:52e485adb2e5883a2832	train	16864
minimap2:a2f0a37450d406732bb2	train	16865
minimap2:16d1b444a5e1c407eb03	train	16866
minimap2:cc6361e238d6eea5f0c2	train	16867
minimap2:eeb31111d15625683a12	train	16868
minimap2:cba7ea3129d413dc40a4	train	16869
minimap2:82579dd8b244729feaf6	train	16870
minimap2:038b1e0324ec854582bb	train	16871
minimap2:278231bf7ced1b7131a0	train	16872
minimap2:faa96727821c64a1a3e7	train	16873
minimap2:cd0f791f87ceadd6933d	train	16874
minimap2:b4bb1c7a517dfc3d94d8	train	16875
minimap2:0c848d141ddd676fb0a8	train	16876
minimap2:b7887adbc9a3d8736aa8	train	16877
minimap2:7154c091c56701d3592e	train	16878
minimap2:00d79adcaab359d81e05	train	16879
minimap2:452e84de636def824e50	train	16880
minimap2:a4754050556f12327773	train	16881
minimap2:a6d30d9c2f6d9d67d88d	train	16882
minimap2:29638269bae90ec0dd5a	train	16883
minimap2:b5249375de951d392387	train	16884
minimap2:3358db3da4ba3286a0bd	train	16885
minimap2:42eefe640ac16f9a5f03	train	16886
minimap2:6d1d6e4326056ec842d7	train	16887
minimap2:844e492ac48d3f2da15c	train	16888
minimap2:76ebbfd51287bf59b76e	train	16889
minimap2:3e95f17360536b25f34a	train	16890
minimap2:618a902829c6a85a13da	train	16891
minimap2:66c743e2e1aa1508a1f8	train	16892
minimap2:b09a8bb6451a9c0ac446	train	16893
minimap2:8539ca99a0f9b1a15b72	train	16894
minimap2:d1f6edd36e54e07db422	train	16895
minimap2:edaf897a205c3f608fc3	train	16896
minimap2:71610522c3bca8b3c13a	train	16897
minimap2:3a611bd264defa424d6e	train	16898
minimap2:db775c8264458c77b24c	train	16899
minimap2:ecbf1942524100560e5d	train	16900
minimap2:4331246b26b3ed0f82cb	train	16901
minimap2:21fd65e5ce4156467b0d	train	16902
minimap2:2f50ad48f48e84a32e9c	train	16903
minimap2:27c9db610529bb0bcf2b	train	16904
minimap2:6f2ee26a38d5021e3be6	train	16905
minimap2:b12a4328269b78ac6115	train	16906
minimap2:910e134ac6b7f219cd57	train	16907
minimap2:2e31460f2fc421ee637b	train	16908
minimap2:629c8f30e388b5475b31	train	16909
minimap2:d6953fc60e9b80aabb3b	train	16910
minimap2:0842e14bfe59ce23bdac	train	16911
minimap2:dc637ce6199acb82b952	train	16912
minimap2:0dd19894b669a9064af3	train	16913
minimap2:dc35a11963036b80033a	train	16914
minimap2:cb314c8da397e94e625a	train	16915
minimap2:5f17eed18af6fb5360b1	train	16916
minimap2:036c2a2a2129db161a93	train	16917
minimap2:cc11a948eb748194cc5e	train	16918
minimap2:024ed80793c0d51608ad	train	16919
minimap2:3cb36d1c01fe25a59387	train	16920
minimap2:2719be8fce78bb353523	train	16921
minimap2:99adf0226cf0f24d9144	train	16922
minimap2:f79fa2a49a778911fb56	train	16923
minimap2:fb30847b1f39fe036998	train	16924
minimap2:ebadefa844463bc848f6	train	16925
minimap2:1ba406d8794d31dbb6f6	train	16926
minimap2:25e7fec4365f35f4157c	train	16927
minimap2:c3888159ac02a098263b	train	16928
minimap2:f417a75e8d927ba0b7af	train	16929
minimap2:692445a105f0bed83048	train	16930
minimap2:bc451c85a17ff892a983	train	16931
minimap2:241af46845afb548013b	train	16932
minimap2:c619e12da576a327fafa	train	16933
minimap2:521f12db1a9ab2910da6	train	16934
minimap2:9d7695ba08582152bcfd	train	16935
minimap2:6fe32cc262945ad6db85	train	16936
minimap2:c6a10c65f4bf7402f964	train	16937
minimap2:9bfc126dae890bed5c49	train	16938
minimap2:1f7760c3908936e8611a	train	16939
minimap2:21ef1bd98abfb885c13c	train	16940
minimap2:a1217afd54c93e8a6c39	train	16941
minimap2:b635f455b39ce2b99d80	train	16942
minimap2:3429efa434d74f2603dc	train	16943
minimap2:1c3fee7037c397c15d67	train	16944
minimap2:cc986831e324281f61ee	train	16945
minimap2:421baf7db714a129090d	train	16946
minimap2:bcaab80b472e47d8863f	train	16947
minimap2:5205225f22d952e799eb	train	16948
minimap2:ae9acb12575b67c9108e	train	16949
minimap2:6a90364a9cac0f397489	train	16950
minimap2:34177f521608f257b361	train	16951
minimap2:62be781a015abba42f82	train	16952
minimap2:280bc082f7ff0c899cdd	train	16953
minimap2:d41b61e72d186bd8f98f	train	16954
minimap2:ec0cbd379541d5856f1b	train	16955
minimap2:28be5f3f6b2eda2db980	train	16956
minimap2:494b14320fcfdc8b2c59	train	16957
minimap2:0ce3aa20f097dcc79022	train	16958
minimap2:bdd6d84526c14b2c8004	train	16959
minimap2:a453e77fa7ce9fd3413e	train	16960
minimap2:223ce77ceaa57102ef4b	train	16961
minimap2:006e697d523e61bf13c8	train	16962
minimap2:0b4e6223affb30ef862f	train	16963
minimap2:0d9b0e6683242e4b0dbb	train	16964
minimap2:46644bd620698a785ffb	train	16965
minimap2:d0d8186c9f02a59ff0e5	train	16966
minimap2:0d864e0e6209b6777093	train	16967
minimap2:af5a92b7e1bf99659e7c	train	16968
minimap2:6075984f12fa1e7d569e	train	16969
minimap2:f1f21864598d8ea75e2b	train	16970
minimap2:72ae0070a6fd882435d9	train	16971
minimap2:70265e06e135f5713e51	train	16972
minimap2:a38ce5a4987a667a53c7	train	16973
minimap2:cb1c2fe882cf7ea9ea24	train	16974
minimap2:e9b1b6d0205db1db5bc4	train	16975
minimap2:55e8a339779661e95872	train	16976
minimap2:19d6d9254ecd11d8af82	train	16977
minimap2:8b9e4278bd07cad96abc	train	16978
minimap2:6db0bb3e1648fca9d159	train	16979
minimap2:753ff941a5dc4211b279	train	16980
minimap2:c0c3c9bef8b7e16ed365	train	16981
minimap2:0034dfd1976fd720074d	train	16982
minimap2:125bc1b6e0edb4a5acaa	train	16983
minimap2:11db39d28db1c039a5bf	train	16984
minimap2:d83a732b06f618798888	train	16985
minimap2:2ca11fd3c96c31145a04	train	16986
minimap2:b9555e02de58e707a67f	train	16987
minimap2:c23eeb1e4d4ccdf2c541	train	16988
minimap2:183e55781a81319050d2	train	16989
minimap2:51d241663629a5e6bd8d	train	16990
minimap2:bc0b927b9f5d8d95d0d3	train	16991
minimap2:ecf715a953ff04a1d777	train	16992
minimap2:4a673602989bc93b0b13	train	16993
minimap2:2906f556eac06fe9eb2e	train	16994
minimap2:9c3bbd79bde5a149562e	train	16995
minimap2:ab6927e98e403d99b83a	train	16996
minimap2:0b5c1d5891ab090ca10c	train	16997
minimap2:1b47f593686f2fd97c7b	train	16998
minimap2:2eec394a5e660b067147	train	16999
minimap2:07eaf134219002488087	train	17000
minimap2:d1581a5830626ad25222	train	17001
minimap2:9ef5fac9faaa0eff251d	train	17002
minimap2:5463f0af4337d74700bd	train	17003
minimap2:3a63057aae755af5e7b1	train	17004
minimap2:77b4526a5f924b55cbd8	train	17005
minimap2:df5170a99b4bffa29d71	train	17006
minimap2:745bbb8c1949124c0ca7	train	17007
minimap2:7959082ca11187cc1479	train	17008
minimap2:ffc33ad4003be21dd7e8	train	17009
minimap2:9261b749486f1c50a7d0	train	17010
minimap2:2cde2dcfa53594520964	train	17011
minimap2:a67c9a19b689b12ca7a3	train	17012
minimap2:015ff5f52656b79e2245	train	17013
minimap2:a2f1ec29f9dc034547f8	train	17014
minimap2:07f146893ce1eeda5c5e	train	17015
minimap2:b8f692ccbd530dd44f41	train	17016
minimap2:60919a2d6931b2085613	train	17017
minimap2:37a37ff8d75a21ad818a	train	17018
minimap2:5a2f568171ba5ec135a7	train	17019
minimap2:ba863551bb6f6d008b30	train	17020
minimap2:29c7bfcf1ed4543685aa	train	17021
minimap2:a67f1caa58e42c359eed	train	17022
minimap2:4deddd2355243c5df9e5	train	17023
minimap2:603beecbe29d87e8708b	train	17024
minimap2:8f8cd410d246b378f722	train	17025
minimap2:5feab50fcce5c51717cc	train	17026
minimap2:59d11f313196e3055742	train	17027
minimap2:ae9a4a193bb7ea6e0c93	train	17028
minimap2:58c9ea7e277fb7a61b4f	train	17029
minimap2:a12f837edfd8d70050be	train	17030
minimap2:8f88c66b59317da39538	train	17031
minimap2:aa80aa0cb1e24dc03993	train	17032
minimap2:4c96409ee63f992171f6	train	17033
minimap2:921e5c237354513ecd41	train	17034
minimap2:1e46f1fd91349147ef92	train	17035
minimap2:7561e3caa25445b25e20	train	17036
minimap2:62ad492865c71668ad0c	train	17037
minimap2:fa5c1f0b9d139c3e4820	train	17038
minimap2:e663dbc882d1e76706ff	train	17039
minimap2:c4351683f877430b6663	train	17040
minimap2:bcb0586e590e172dc20b	train	17041
minimap2:6e66e2a799d2ea089b34	train	17042
minimap2:aef34e21158d37fb686d	train	17043
minimap2:7863bdc92b08eba7649a	train	17044
minimap2:d2feb013e2c1ae9a757b	train	17045
minimap2:960c97c79c8f37cc4eaa	train	17046
minimap2:0e62fec98ad388892f38	train	17047
minimap2:3e9aa2388d9a8cf43fb1	train	17048
minimap2:c9cc7d9be7bf55cd3d46	train	17049
minimap2:96a6d8ec3618385b009a	train	17050
minimap2:0fbd920ba468762a79d0	train	17051
minimap2:b4d691d88a2c4766a8ff	train	17052
minimap2:b9a13d7c5673e27deec9	train	17053
minimap2:874bb856bfd1dd06b761	train	17054
minimap2:91ebcafa4d0c23fa65aa	train	17055
minimap2:28cf76152f17ea0e7e57	train	17056
minimap2:259773d85841470f1f22	train	17057
minimap2:a6ee69ce9f035c764c6d	train	17058
minimap2:ade979ace85a51ec09b9	train	17059
minimap2:a9993c4f1a864489b947	train	17060
minimap2:cf709b960c75aab1311e	train	17061
minimap2:a49defac5aede633e284	train	17062
minimap2:15087e21989470374b10	train	17063
minimap2:bde1397295f43e72b9ef	train	17064
minimap2:94882055ae8c9cda7d47	train	17065
minimap2:049713b880883c5c670f	train	17066
minimap2:ffcb180736ba4b5ec439	train	17067
minimap2:e4e98a0c50fc6adeae23	train	17068
minimap2:0f5eaea52973fedea102	train	17069
minimap2:d9d956a9a66f923ec209	train	17070
minimap2:10f61640bb7ac34aeeaa	train	17071
minimap2:50e6dab36d5e89238217	train	17072
minimap2:18a686799daf0ae35bbd	train	17073
minimap2:66c2166a5a68094f5512	train	17074
minimap2:2c6c0f9fd05939fabd94	train	17075
minimap2:4e904be6688f7af05fd0	train	17076
minimap2:151837c91f4364d18298	train	17077
minimap2:39656159322e381de958	train	17078
minimap2:2ade2e55c8db7a46754d	train	17079
minimap2:504454f2e0cf5ca0d20b	train	17080
minimap2:0b6a405768c47a340495	train	17081
minimap2:0aeeb30161c99dcf12f7	train	17082
minimap2:18ba97db105cff3ca486	train	17083
minimap2:bc9413cc4bd0305903a1	train	17084
minimap2:f88ef2f2b472dd266730	train	17085
minimap2:e9011d605da05ee9fdfe	train	17086
minimap2:c36b70b0f148752835ae	train	17087
minimap2:e8922e33831759af2413	train	17088
minimap2:a48487dc56f4405b693e	train	17089
minimap2:a1ac7f2b1e997fc41e1a	train	17090
minimap2:e49a32b0d5771e1b8c6a	train	17091
minimap2:96a7117b84b53fee0477	train	17092
minimap2:be6f41269b4a2676b16c	train	17093
minimap2:087363a352a796c5ca8f	train	17094
minimap2:2888fb3f2071f64135cc	train	17095
minimap2:8cbe0d30be0ef5a5c74b	train	17096
minimap2:2dbfe636526d2a1a1f1f	train	17097
minimap2:f82708f139986c08f9c9	train	17098
minimap2:b189d007d4b62498ef29	train	17099
minimap2:2dad675ef1e86f393e54	train	17100
minimap2:7b1f61ad443092e7510e	train	17101
minimap2:95df1469d9c2cbb53b59	train	17102
minimap2:54afa4da6f4ee4847445	train	17103
minimap2:7b771623c4e2b20df6f0	train	17104
minimap2:3ad4def40e1cf2e0e5f5	train	17105
minimap2:de5d74b33a9e8b55393c	train	17106
minimap2:5de1f1039db5cea346fc	train	17107
minimap2:6dfbe244a5acdcc99c59	train	17108
minimap2:3af885eefb2236e57163	train	17109
minimap2:881aaf70b2c0ec0c1b8d	train	17110
minimap2:ae860a4dcba0cf398764	train	17111
minimap2:cbb7ca24e1e1c5bebc55	train	17112
minimap2:a42719aa8bbc838fec5e	train	17113
minimap2:783befb84958d7e053e2	train	17114
minimap2:83eee60b2d3589e7b980	train	17115
minimap2:83ecd28fd3c31580ed23	train	17116
minimap2:21c3b635d206576f1905	train	17117
minimap2:85fc16f6ab6fe775ef9e	train	17118
minimap2:1b12856a4972529ce93f	train	17119
minimap2:c29602ac7b1739ae0f71	train	17120
minimap2:fe63971e0dada4772428	train	17121
minimap2:98c6e16803f29e773d75	train	17122
minimap2:234aa324a6269d51aa02	train	17123
minimap2:bee74b5f0c0e3bfb3f0a	train	17124
minimap2:80be3b6dca8779c32268	train	17125
minimap2:b1233bd65af02ed2c8ea	train	17126
minimap2:f397cb6ff63daad69c30	train	17127
minimap2:782a4f94e17d5b5131d4	train	17128
minimap2:ade98934de45fa40d478	train	17129
minimap2:6fac9c3c43ecaaa7a3bd	train	17130
minimap2:6fedf23895d8b6f0142e	train	17131
minimap2:42800ca221de13884d88	train	17132
minimap2:d6dd5b9286f0f8a8a795	train	17133
minimap2:c8aeea25b3e03fd165b7	train	17134
minimap2:156603afa84d890b5141	train	17135
minimap2:a19525f3e4d730f71578	train	17136
minimap2:2e3f4f82ec55b774699d	train	17137
minimap2:9c546dda46c0d9c201d2	train	17138
minimap2:322152bfe0eb901e19bd	train	17139
minimap2:6428fbd299ab6847f44e	train	17140
minimap2:27b253dd49a6a5136356	train	17141
minimap2:b3f78e8178930fc79d70	train	17142
minimap2:2cc9dedc3fc029c79b95	train	17143
minimap2:931b5713470689813734	train	17144
minimap2:37c58af9cefd48258046	train	17145
minimap2:cefd685aef86c893520f	train	17146
minimap2:c4fb1fc097a4d893ebf8	train	17147
minimap2:b0c822db7f0563807a46	train	17148
minimap2:70f6e1c3ef19dc8186e0	train	17149
minimap2:9cc71ab1eada2e3bdf25	train	17150
minimap2:732a6c7d48c6c05908f6	train	17151
minimap2:625faa67a05727991ccb	train	17152
minimap2:a716b93604e1222d2549	train	17153
minimap2:5e39ff31553147576041	train	17154
minimap2:ab9b0630e8c52975da07	train	17155
minimap2:5dd3b053ceddfff8a4b1	train	17156
minimap2:2691e71865e9d460eceb	train	17157
minimap2:6ea438a991a7d0a50409	train	17158
minimap2:f1dd3ed3e18e26ea92db	train	17159
minimap2:a97f07edd37abac307ee	train	17160
minimap2:97da9fa29c245d3682c2	train	17161
minimap2:c399bf661ad01ae1590b	train	17162
minimap2:c68359fd98802af21367	train	17163
minimap2:78fce71edd6c498fcb08	train	17164
minimap2:82fb8cffaa1361d77914	train	17165
minimap2:f0480c43f0af90f4ec02	train	17166
minimap2:c2bdad6e2e34e359c2cd	train	17167
minimap2:c6960743d8a3b57f4056	train	17168
minimap2:ba1ff3b5b48f3f9957b1	train	17169
minimap2:ec51acb0c45f769e671d	train	17170
minimap2:5e8965000311a709b581	train	17171
minimap2:ca7f51f36ff818abba3b	train	17172
minimap2:3086e589131c5480dccb	train	17173
minimap2:41d5117cddf9e2b3358a	train	17174
minimap2:52152b9d72807be5310c	train	17175
minimap2:76481aedac67d1482e17	train	17176
minimap2:93f3b771eff82a5f6c47	train	17177
minimap2:67098df09988458d129e	train	17178
minimap2:843902060cc4c816c7a7	train	17179
minimap2:d51f205bce21be330551	train	17180
minimap2:2fd4c6247d330e46d545	train	17181
minimap2:403d7e521de4ae80ac64	train	17182
minimap2:83f8bb80a1e2623eef95	train	17183
minimap2:02a69532358202554d20	train	17184
minimap2:0cadd6e91c492417ce36	train	17185
minimap2:971a56a4ea577ee7ac3b	train	17186
minimap2:60ce15ffa5683c94b89b	train	17187
minimap2:79176b3a945db291da0a	train	17188
minimap2:675e6d11bd6803aff51e	train	17189
minimap2:e4e2db7fdc89f4a7afe8	train	17190
minimap2:46fa0d60be4d5de3ba8f	train	17191
minimap2:2875f5ec8a25e166d89f	train	17192
minimap2:5f925883cf835ff9da6e	train	17193
minimap2:0e8b2b113fd054127ff8	train	17194
minimap2:bcda811b638727c27821	train	17195
minimap2:08ab1c1970405581b7ef	train	17196
minimap2:97e982d2b988afcae4ab	train	17197
minimap2:f10599b14cb76a8f0df9	train	17198
minimap2:5bd2a4039b51cde2d648	train	17199
minimap2:b4c34370609e10b49e27	train	17200
minimap2:d4c53820e7f589372b70	train	17201
minimap2:3770f10c5e85baa1df9a	train	17202
minimap2:ef2c7896178cfc0dc011	train	17203
minimap2:337c044f9d9252aadb4a	train	17204
minimap2:960fc86e52e55d9aa338	train	17205
minimap2:7a5e7dcc85c5dab3594f	train	17206
minimap2:73383df0818ee9c651e3	train	17207
minimap2:b3fc9ea51d9b00414303	train	17208
minimap2:2f43cecaf486d08524b9	train	17209
minimap2:3db0b1efb813149611f7	train	17210
minimap2:051f61d7761229b4b797	train	17211
minimap2:c5009037abff303363e6	train	17212
minimap2:dd6c79a125b37ec47fc8	train	17213
minimap2:704051d828520b99fe6d	train	17214
minimap2:e6a1aeb32041dab3479d	train	17215
minimap2:56e88ba3c7cf6007b46f	train	17216
minimap2:ae342589339f6543887e	train	17217
minimap2:8a05002054af206614dc	train	17218
minimap2:848d51f40cca29748ee8	train	17219
minimap2:e4fecd893ac9e7c70603	train	17220
minimap2:0196b81f2ff1cba4b312	train	17221
minimap2:1065ac92a8d855bbea25	train	17222
minimap2:a4e1a51e2e5580d697b8	train	17223
minimap2:8664bf19f96d91b58070	train	17224
minimap2:74e639954f85fdba33e1	train	17225
minimap2:ae4cb78d8b1c610f789b	train	17226
minimap2:d86bd9b3f1dc22ae6356	train	17227
minimap2:0f9c8f58fdab4c1bbcad	train	17228
minimap2:a48be351279007db2104	train	17229
minimap2:744d6783efacc21af0fa	train	17230
minimap2:8483f807e15d1c37d734	train	17231
minimap2:5b07be6aabe1e15c358c	train	17232
minimap2:df37ea5b2e12ad3484e7	train	17233
minimap2:134909b6fb9d1b00bbd4	train	17234
minimap2:1df2daf48cc32deab48f	train	17235
minimap2:526671bef1ace53175ed	train	17236
minimap2:cd79c870d1660c2d53a0	train	17237
minimap2:d2f7346858031192021d	train	17238
minimap2:2910d9d7e353ab809dae	train	17239
minimap2:f220ae15f8bf0b800c3b	train	17240
minimap2:eeb1287a3a3c4a75f9f9	train	17241
minimap2:a5b18b880cba645fe171	train	17242
minimap2:7cd72334476c82a31cea	train	17243
minimap2:e188dfe6437630dd3fb0	train	17244
minimap2:e0f541b2b3185fd2696f	train	17245
minimap2:3bfa3a8e609f00c5b76a	train	17246
minimap2:d001c8bf285e18f8ad15	train	17247
minimap2:8243ff36cb71be50c5bc	train	17248
minimap2:f7b5031f3e736c34a8c0	train	17249
minimap2:ab994c56243a5b279f23	train	17250
minimap2:6b8de8428ac963f51470	train	17251
minimap2:55ea9c8f9c25ae65ca24	train	17252
minimap2:0f2e24af8b79cb83d97f	train	17253
minimap2:c85a804a059347ff30ba	train	17254
minimap2:dc0b1c7a4e82bb743d50	train	17255
minimap2:d41304a80b25e99b3d6b	train	17256
minimap2:339c5065ef3b231fce56	train	17257
minimap2:7dfdae66caf6e0f6061b	train	17258
minimap2:6d0bb2399b9f1b1daa20	train	17259
minimap2:8bc861b3d311182ddcf1	train	17260
minimap2:d4f728b3b818bf0c7495	train	17261
minimap2:62d724e616e1f1563efe	train	17262
minimap2:d9575cf1d9cf6c6a5092	train	17263
minimap2:d904d82bdc27f9f52d39	train	17264
minimap2:08eee40c3f305e37a1fa	train	17265
minimap2:9da563791a7e6d831b5a	train	17266
minimap2:09868ef355ee2901fd2d	train	17267
minimap2:a741bbb729850d2ae4c9	train	17268
minimap2:23ffed9155dae6a5ccf1	train	17269
minimap2:aaed64b4f53b8c0b6fa1	train	17270
minimap2:f22ab89e602cfc6b6723	train	17271
minimap2:358cb199371ca958c37a	train	17272
minimap2:6d0a51a320cf114abe46	train	17273
minimap2:3cc57f9604acf25fd03b	train	17274
minimap2:0911361ee22791b1df25	train	17275
minimap2:cdb41ab378f84c2a7d7a	train	17276
minimap2:926dca2b92f3872c00ec	train	17277
minimap2:4b73593d1528e59f8150	train	17278
minimap2:f6a3d8406a64bf10853b	train	17279
minimap2:851b041f43d7d85adb33	train	17280
minimap2:d29382f4dc858d69bb5d	train	17281
minimap2:70d0063670ee40a490d8	train	17282
minimap2:dad19af2983bf800586b	train	17283
minimap2:1c245a282dd735d21a7c	train	17284
minimap2:278fc50ea0f1ea50cb70	train	17285
minimap2:0f01e5a174da9ff5d79b	train	17286
minimap2:3a1a06852e8772c4879a	train	17287
minimap2:e8d02354a44b189b15b3	train	17288
minimap2:8dcb89df9751c7cf5903	train	17289
minimap2:b8e215a1e5c5bb0395de	train	17290
minimap2:ae18703dc6f8a28b3361	train	17291
minimap2:bdeba3f2417ac4374073	train	17292
minimap2:81dd0f3d788802e896a7	train	17293
minimap2:d6fdc9f91f9960d38117	train	17294
minimap2:eaa29ef6b46082a100bf	train	17295
minimap2:bfd798427ba747b99ef1	train	17296
minimap2:cb88b44d765e5d422954	train	17297
minimap2:02e006ebe315916ea438	train	17298
minimap2:10f6c14cf92e20092d72	train	17299
minimap2:01130f9ddb2457e149e2	train	17300
minimap2:6f04741dca881cf781fd	train	17301
minimap2:18e25d8ffe816e8e4517	train	17302
minimap2:4d9a517343319d05be06	train	17303
minimap2:52563e7b98e07a67a72f	train	17304
minimap2:d872993a38fd3bbfc24c	train	17305
minimap2:866512861f09f40c8fb7	train	17306
minimap2:f0ad09cfa7fd9dbff46c	train	17307
minimap2:aa158df0d5296182d0b1	train	17308
minimap2:6d2fe43975c3a40d1519	train	17309
minimap2:0e4db5e62d101a385423	train	17310
minimap2:6d93b95b981cffd59895	train	17311
minimap2:230cf4203cfb6887258d	train	17312
minimap2:08cb1cd0a46aa0b1c50c	train	17313
minimap2:cea0b2fa50ec8f887f81	train	17314
minimap2:6c2feba99f39fae8e0cf	train	17315
minimap2:0bb5a55b1be3d182b88a	train	17316
minimap2:5ee7bc325c422f7119db	train	17317
minimap2:ffdba41fbd859e9d1ad7	train	17318
minimap2:67a7da50d5a3b89803c9	train	17319
minimap2:b4ebb0c8e66cc6d1fbab	train	17320
minimap2:68806c0a200028675d3a	train	17321
minimap2:968c99836db110f80ea9	train	17322
minimap2:db0b5294607f52a0ba79	train	17323
minimap2:f0075b06a46ae951d4cd	train	17324
minimap2:2229553663567cb6322a	train	17325
minimap2:727f1181ae95d7d76008	train	17326
minimap2:30755af78d406a792d71	train	17327
minimap2:dddce14fba9cf386a260	train	17328
minimap2:f71398288b86cb4c5c6a	train	17329
minimap2:0417049aba06aa317b5f	train	17330
minimap2:0ffe253af380573f6db8	train	17331
minimap2:2d725652ded2a8c108b1	train	17332
minimap2:c1a10701ddd0179ca27b	train	17333
minimap2:9c7770f3051faf1f01cf	train	17334
minimap2:b5739202b4a19bcdcf56	train	17335
minimap2:236c791c324c43c9b374	train	17336
minimap2:e68515d7ab53715764f5	train	17337
minimap2:33e40035f309c96c6506	train	17338
minimap2:9a7bfe379221d055c4df	train	17339
minimap2:30427b6eaf1b77f5bcf2	train	17340
minimap2:989f7db902e84ce83335	train	17341
minimap2:9b6eb4c865d7e8a7b10c	train	17342
minimap2:d7b2fa31a861a3b5b088	train	17343
minimap2:f72427500d024397bf1d	train	17344
minimap2:a22efb2b3dab2e52e00e	train	17345
minimap2:135bcbc922e27dc5443e	train	17346
minimap2:804a5da0555a1ae519e7	train	17347
minimap2:ebaa346b843271603ab6	train	17348
minimap2:74ac79ec129321be9b2f	train	17349
minimap2:121d155692faf2eb1f2d	train	17350
minimap2:0b2af7b9fb9d7b2d677c	train	17351
minimap2:93c510487935c4555fa6	train	17352
minimap2:e7dc89fd7cbe1ff5aeff	train	17353
minimap2:d2fd24ca0570b3ce26fb	train	17354
minimap2:a052047ea183bed94363	train	17355
minimap2:d191aa3a906c25cad35e	train	17356
minimap2:ab1cdb7eb133ec3da4f4	train	17357
minimap2:95dd6fa8fed3858f1f8c	train	17358
minimap2:673e3f78414fc2df93c3	train	17359
minimap2:bebe53c288024a9c5cec	train	17360
minimap2:1fa86d2904e49bbd6067	train	17361
minimap2:d79fe3df74738d7b19b4	train	17362
minimap2:206f1cf33f525dca675a	train	17363
minimap2:20918b4e2017ae91b45d	train	17364
minimap2:a671c4aaf342eb254439	train	17365
minimap2:96f0acc8447a5b401312	train	17366
minimap2:b5300d9015445c411ba0	train	17367
minimap2:784ea1e2da0e75d79d2e	train	17368
minimap2:5eddaaa06f8d37a07072	train	17369
minimap2:d3cbf41b61de48f2ad32	train	17370
minimap2:85ddaa277fed158061d7	train	17371
minimap2:8a1957905993db07f95c	train	17372
minimap2:f083ac14d23fd9fe7dc3	train	17373
minimap2:b737d18a0c212b789bd8	train	17374
minimap2:2b0fc971621a12caed12	train	17375
minimap2:042a6eeb2b5f6c7a4553	train	17376
minimap2:a0a18c2bc0f6e784628b	train	17377
minimap2:b92c33dd030e6fd3a75d	train	17378
minimap2:5eac72b6a3f21f857146	train	17379
minimap2:e4a5b55656f864ffab51	train	17380
minimap2:b71385282effff28a825	train	17381
minimap2:6a3180136f5c442be0dd	train	17382
minimap2:c14f15f1bd05af2cf2c2	train	17383
minimap2:becc8ca12582aeb0337b	train	17384
minimap2:7d560443a67e0948d6b9	train	17385
minimap2:f8311d318437682d5a51	train	17386
minimap2:1a1b1c55810c6835acee	train	17387
minimap2:789dd7174d2394c17d07	train	17388
minimap2:32324a692911ffaa7115	train	17389
minimap2:3cf2793891151e2455f6	train	17390
minimap2:7af9c4bb1e8c0bcd185f	train	17391
minimap2:71a75fc6b3e8c904f0d9	train	17392
minimap2:c152bf621bc761c17489	train	17393
minimap2:bf2d4086a8e48abfd4dc	train	17394
minimap2:2cb9cc7ac12ff8ebc65b	train	17395
minimap2:cff6a01a42c32a70d2b0	train	17396
minimap2:35b1bf9ff1b52366683b	train	17397
minimap2:edb804fd36c721c24b7d	train	17398
minimap2:00223f2c827b2d96edef	train	17399
minimap2:4300d294ce88588dde2e	train	17400
minimap2:99ad9924fce5dfa2371a	train	17401
minimap2:0fb49e10e12f2c35ebe3	train	17402
minimap2:d292bcbee953ac58cdc2	train	17403
minimap2:041794730e2d1ecd3725	train	17404
minimap2:6a6d83ce98fbd7e1afd5	train	17405
minimap2:38e6140cfae12901d0b9	train	17406
minimap2:3ab554f3a45964ff4f2e	train	17407
minimap2:da6361449414dac70637	train	17408
minimap2:8bd3fafd88a1ba07774c	train	17409
minimap2:8370c026949cc0e24a7a	train	17410
minimap2:1e38f3bb559050dc1968	train	17411
minimap2:fc3ae29325a9e6f328e0	train	17412
minimap2:f4e8898c23d3b870f510	train	17413
minimap2:9e50f51b371d267a3037	train	17414
minimap2:8ea51115ea54898606d9	train	17415
minimap2:659b386e25551aba5910	train	17416
minimap2:24899af973e9e6eeeb82	train	17417
minimap2:766cf8ddaa00ed86fc71	train	17418
minimap2:34284979a9065969e173	train	17419
minimap2:fb64866998710f6e3637	train	17420
minimap2:fb4d3fcf5718a1ff2476	train	17421
minimap2:067dec577bc110c966b1	train	17422
minimap2:6a92b084a210b8b2ec86	train	17423
minimap2:b4b6681acb51e64b5ae6	train	17424
minimap2:168c61c9eb669c67a042	train	17425
minimap2:6bce89c7487e5d6fcc01	train	17426
minimap2:9ccdffed0eb25f179b8d	train	17427
minimap2:2ca2492bde3d2eb35d95	train	17428
minimap2:776447d82a37d2784e02	train	17429
minimap2:5769401f9cf3947ec1fb	train	17430
minimap2:818a748f1606ef3547ca	train	17431
minimap2:8936f6520fe58d9f8adf	train	17432
minimap2:5d263ed9063a38dba9f6	train	17433
minimap2:2bd33f2e96a5bb2fc84a	train	17434
minimap2:0bce7bebec1206b875f1	train	17435
minimap2:840cc931d424f72f745b	train	17436
minimap2:b77331617f112dfa4cb3	train	17437
minimap2:8f8cbccf3ec6c0eadb0f	train	17438
minimap2:53d5513be523c5c86623	train	17439
minimap2:201e996e6dbdd7471dc9	train	17440
minimap2:839bde4ea44b462c1913	train	17441
minimap2:3eb6fc2f47706fe55cc0	train	17442
minimap2:f46947a6e53691d4e222	train	17443
minimap2:3df81ed9197f389fdbf0	train	17444
minimap2:d9249ea5c39643314466	train	17445
minimap2:d1c4233467a7fe369aa4	train	17446
minimap2:2cf0b87e0dbe9c7cfb86	train	17447
minimap2:a14f2df9592541ce72c9	train	17448
minimap2:3d8ab1758cd7314d2c98	train	17449
minimap2:06c5a7a0a1d7e8831ace	train	17450
minimap2:88c1cd052a0e63867038	train	17451
minimap2:b707c5fb60ce10c81b34	train	17452
minimap2:ec9df13ea7312571f1ad	train	17453
minimap2:77a63703fff7cab6c579	train	17454
minimap2:eb65e21bf146ed8f0a43	train	17455
minimap2:57e0b1e941fb0e5cd89e	train	17456
minimap2:c8f20c0e5790a6c6a569	train	17457
minimap2:0da01ba2b7a3206bf875	train	17458
minimap2:06a9cb4c3634784170fc	train	17459
minimap2:0b9340a566dd290a0464	train	17460
minimap2:7abb5915fed2be074d31	train	17461
minimap2:f56c6156bb0a58203b6b	train	17462
minimap2:79eb502a2a1b20b93e37	train	17463
minimap2:1545cf024a0625528f29	train	17464
minimap2:bcbcc6fde19c960097e4	train	17465
minimap2:6bb187b0b91a900136a7	train	17466
minimap2:623986acfe49e68cba5a	train	17467
minimap2:699e963ed095e7fe3607	train	17468
minimap2:00fc58176ebd898af638	train	17469
minimap2:49b7b8018d5706556726	train	17470
minimap2:dbded179b27a4aa7c7e8	train	17471
minimap2:ebdcc33551900e2c0533	train	17472
minimap2:b97ff89bd2a01769a0a9	train	17473
minimap2:2003962d8b54f675b431	train	17474
minimap2:f228ca5eb97bf43946ea	train	17475
minimap2:ca6d0a827cbeb1de87c4	train	17476
minimap2:d089ed66d846ccc2636b	train	17477
minimap2:44d3d010c29bec5ca628	train	17478
minimap2:42e77bf12e711336d2e3	train	17479
minimap2:10fa5040b9aa99cccbbc	train	17480
minimap2:9ee71f32ba6b7dbf19e1	train	17481
minimap2:5c2565a8e0d7e7bc2d06	train	17482
minimap2:8380e1358a7ba848b571	train	17483
minimap2:8bca0fcff2faa8b9db0f	train	17484
minimap2:67b936ac706578449a8a	train	17485
minimap2:e8fe59292106ca14c37e	train	17486
minimap2:01a69d34aef7679d857a	train	17487
minimap2:56607cffacb0381e06cc	train	17488
minimap2:98799819ebac2db3f081	train	17489
minimap2:59b64ba5802821ea3afc	train	17490
minimap2:aa45112d809eed104955	train	17491
minimap2:924c53db95bae553d3fe	train	17492
minimap2:2744bd95520e761c694e	train	17493
minimap2:972a06c16bd545ae32d0	train	17494
minimap2:2d1c7cd11efacffd02ac	train	17495
minimap2:946dcacdd50c81323ea7	train	17496
minimap2:c70743797af5c1567746	train	17497
minimap2:1c962b4432239f2648b5	train	17498
minimap2:16a6dfab8be6a0ffad45	train	17499
minimap2:c954318042f8d96b91f2	train	17500
minimap2:90c43cfe8c43642126b6	train	17501
minimap2:5db828bd713b1f0a4b37	train	17502
minimap2:cbb69f684a25c50296c0	train	17503
minimap2:1d4c3a747cf0a35b2c32	train	17504
minimap2:1a59186e72e27e978c74	train	17505
minimap2:0c97c9799820ea8f7578	train	17506
minimap2:cbac94f49eaab8c84c22	train	17507
minimap2:899658cb763b8891c76e	train	17508
minimap2:cb8f5954507b2aa223f5	train	17509
minimap2:21b95923cc22b2301d0a	train	17510
minimap2:0e08688fc504f0b04683	train	17511
minimap2:5d98acd8dd3340df08ac	train	17512
minimap2:8d3e19dac72e2348b453	train	17513
minimap2:dd864aa27defc71639c7	train	17514
minimap2:ac968ee014dd3a57bb76	train	17515
minimap2:d27e4e01996ce841b2fb	train	17516
minimap2:55278ee5edf1489e85d1	train	17517
minimap2:a6c709e623cec4c7e520	train	17518
minimap2:752cb85d5bc4338255eb	train	17519
minimap2:1b80617898295c6c9738	train	17520
minimap2:53afaa909053e7623a02	train	17521
minimap2:86f29c5071efe9a9e74e	train	17522
minimap2:2733e6cfa78d07f2cf5e	train	17523
minimap2:714bceb7f0673744aa90	train	17524
minimap2:1f83f4b87a9381fed14a	train	17525
minimap2:48bfb59669845b4b8ca4	train	17526
minimap2:c2c8b947d2cf55654b75	train	17527
minimap2:98651db9963f4ead135d	train	17528
minimap2:4b410fe8fabc62b8af63	train	17529
minimap2:a7590ac8906bcd794b09	train	17530
minimap2:ba5c3a68634efb0fcdb7	train	17531
minimap2:b2c1a440c05f3471c453	train	17532
minimap2:37fb88025487650a64e0	train	17533
minimap2:74ffc62e555eaeb605a2	train	17534
minimap2:1aaa26cbdff359fe47c3	train	17535
minimap2:9eb8e68106d160009ee9	train	17536
minimap2:442449e37ea928ebb560	train	17537
minimap2:c495fa0a41a0d5c2124f	train	17538
minimap2:42524f1e3b76ae04bea9	train	17539
minimap2:5bde2c55b1cfb1f1211b	train	17540
minimap2:df37ebe728f8d75263dd	train	17541
minimap2:d738542ee5c5a08b9d65	train	17542
minimap2:884439468561bf9f45e7	train	17543
minimap2:ad3b7d6e5a7773c9b9b1	train	17544
minimap2:81433c2000f0d4465013	train	17545
minimap2:38795704f2eb87c6f7e2	train	17546
minimap2:4c664ecbfc41b94a3875	train	17547
minimap2:0d4825df79f2fa8dd89a	train	17548
minimap2:cd962cc8afe27d76125f	train	17549
minimap2:18114c901965af149c68	train	17550
minimap2:f40b50d1e993ca3431e3	train	17551
minimap2:eaa7381feaa995dc242a	train	17552
minimap2:07da9c80106961e33afa	train	17553
minimap2:8754905982a9dbdb464d	train	17554
minimap2:a610beac91bf528f159a	train	17555
minimap2:0b49f8ce6c0e6e285bb1	train	17556
minimap2:070ee29e86c96709de01	train	17557
minimap2:aaa3eefc74ba33ee23db	train	17558
minimap2:76afb3a2feeb70c60d9f	train	17559
minimap2:7e92f24d34075125988e	train	17560
minimap2:002958ce8efe9985d6ac	train	17561
minimap2:c282bb9d9afe36dc69a6	train	17562
minimap2:a0259b013a24b3cc9e20	train	17563
minimap2:302d1328506303ae2d21	train	17564
minimap2:b1330988374d416fcd0d	train	17565
minimap2:4ccd4db30779f36ee451	train	17566
minimap2:f4c488c20c2ed4597207	train	17567
minimap2:2c1f38b4e9f7fd522379	train	17568
minimap2:ab2b64ba9fd8970e62b0	train	17569
minimap2:4d91f8852a12a05599b3	train	17570
minimap2:7b18e58d88390e6fde73	train	17571
minimap2:c9a0fd695688eeac0034	train	17572
minimap2:6cef4d892d9dc268fe5f	train	17573
minimap2:f08e7b74e706b54345bb	train	17574
minimap2:880f7c0f6ec3262fde6c	train	17575
minimap2:2b1758a28585a8404f58	train	17576
minimap2:92a06713d846411d39bf	train	17577
minimap2:755fc0d03a7042b135d2	train	17578
minimap2:4e17e8abeba4ccafc64a	train	17579
minimap2:334c2926afae2af48b2f	train	17580
minimap2:77f309978d69b825298f	train	17581
minimap2:fbb18085bd2d5cead671	train	17582
minimap2:58ede97f15edd9a2810d	train	17583
minimap2:27787858128436416d82	train	17584
minimap2:ada0aaf5aeb68259bb48	train	17585
minimap2:32abc9d905f4d87ff820	train	17586
minimap2:9396fd41327f60ff960d	train	17587
minimap2:6a7df07489dd2b5ec0a5	train	17588
minimap2:11edc1f52ec6f496857d	train	17589
minimap2:f88df5d1f52dc21dcfc8	train	17590
minimap2:dce775422e0103ada1ff	train	17591
minimap2:01ea092810e67f004444	train	17592
minimap2:197dd745da985c08fffc	train	17593
minimap2:3068193fb62c824c371d	train	17594
minimap2:3c35638b45c82d1fffdd	train	17595
minimap2:ec52f307b1f18e07fe8a	train	17596
minimap2:76c919245639b2a3f2ff	train	17597
minimap2:932afa6feef6252a00e7	train	17598
minimap2:4b2e58ec7b44495d0cda	train	17599
minimap2:8d23b9639df345b2a6ba	train	17600
minimap2:45a3b39564a92c694bae	train	17601
minimap2:fd9f3fe984b43eaa696e	train	17602
minimap2:78f054d78228997c9d37	train	17603
minimap2:75ad5ca62f73f0a67570	train	17604
minimap2:574fd63746cb6d729265	train	17605
minimap2:b7bafa6e28c21e40b08b	train	17606
minimap2:8dd88677b301d4ed4226	train	17607
minimap2:f6888cbc99218a9bcd20	train	17608
minimap2:c79043a3174f4b8b4a12	train	17609
minimap2:6b99c5a4b4dcc55f6574	train	17610
minimap2:18a48dd34a7c493855fd	test	17611
minimap2:2fcc44cf96a309b84d3b	test	17612
minimap2:7df35f9dffdf18024a78	test	17613
minimap2:96efb756bf706a9b0b94	test	17614
minimap2:f8a608b298a976f40b18	test	17615
minimap2:cf1502be35c555acaaad	test	17616
minimap2:1cba8fd794a017710b84	test	17617
minimap2:9f72b48a0194f55903fa	test	17618
minimap2:1f347e3614861b256c6f	test	17619
minimap2:366ca5ac76c2bad53b93	test	17620
minimap2:9919db9aaf2d7a67d339	test	17621
minimap2:a69a5b1d81950d679f79	test	17622
minimap2:c105285b7bf14c0e47c9	test	17623
minimap2:ba674bd41538772cf41f	train	17624
minimap2:59667144d843d29f27ac	train	17625
minimap2:9d403b7e454b6c42c303	train	17626
minimap2:b5349123b3acd501ce89	train	17627
minimap2:2c10ed79320d453f3127	test	17628
minimap2:1634370cf670bf6cc1f9	test	17629
minimap2:b4cb17a8dfdf39228ce2	test	17630
minimap2:2491a6ff6201e2657d38	test	17631
minimap2:fc6156a33aac217ea4ad	train	17632
minimap2:81ce3fc4e1a5a608f276	train	17633
minimap2:3a4b6087c3aaf8a0a095	train	17634
minimap2:52db65dd78a4ee987aed	train	17635
minimap2:c2571100e45845d3b540	train	17636
minimap2:5199a46622a01d899604	train	17637
minimap2:277a68aa3ccca25f8367	train	17638
minimap2:f83b373f38455836ed3f	train	17639
minimap2:3ce662727a84bcfc0b89	train	17640
minimap2:1d5cea5b2dbde606a289	train	17641
minimap2:b54f38b0f604586b614e	train	17642
minimap2:2c3cb617cf873b8b3071	train	17643
minimap2:606f06c85d3d915c6de4	train	17644
minimap2:dd3aff501c2934f53b3b	train	17645
minimap2:1aa5b61a627c362ce7b1	train	17646
minimap2:8a9b298ff50cd8a02f8b	train	17647
minimap2:4ffdf117a385f9be3866	train	17648
minimap2:7973cd903ec60ad043eb	train	17649
minimap2:b29a81e7224b937974a5	train	17650
minimap2:7e30f1b4e4028735b88b	train	17651
minimap2:21a907395ac55e9c2bf6	train	17652
minimap2:c89258a35200b54655bf	train	17653
minimap2:966f293140bb41f36cdb	train	17654
minimap2:dab382b7876f3c166467	train	17655
minimap2:5c349d9b3ea303256531	train	17656
minimap2:36d7acce3cd7d8c521fd	train	17657
minimap2:248efe69ecf3554796f0	train	17658
minimap2:9732547e03e4e49c7fb9	train	17659
minimap2:04a4ab1f6ca6a15d496e	train	17660
minimap2:c9ee9dad8c8f9ecb792a	train	17661
minimap2:c654aa57a40c55e0b917	train	17662
minimap2:4010ce094a513df53e64	train	17663
minimap2:8f9db36a5d0474acbd0d	train	17664
minimap2:43e7c0a20e672ef0307d	test	17665
minimap2:525e76021bfd5084b42b	test	17666
minimap2:7d7a39e78aeaa6f9e353	test	17667
minimap2:dd412b0c89c71b0ada3a	test	17668
minimap2:f055b3c7646f5ee03888	test	17669
minimap2:f255822a470d329d958a	test	17670
minimap2:766c303e042111c7b8b8	test	17671
minimap2:62ddd78b5577667f0b48	test	17672
minimap2:3e314de2a8aee7edb097	test	17673
minimap2:795749e29394cf2b38ea	test	17674
minimap2:4aeda13ae66644d56540	test	17675
minimap2:3a2b1d016826762f6744	test	17676
minimap2:2276ddd9043926432dcc	test	17677
minimap2:c341b2e8f8966a36f08c	test	17678
minimap2:b92ada92c4b6a98db17e	test	17679
minimap2:91a7d1ad76e3c22a366d	test	17680
minimap2:621530f6193189f38e7f	train	17681
minimap2:ae090963e1811b2d32e8	train	17682
minimap2:a0853ad13dd34b3f5f2d	train	17683
minimap2:aefa3c64451c3f97e12d	train	17684
minimap2:8ca118c09255e5729476	train	17685
minimap2:390b77b29557b7a72f43	train	17686
minimap2:3adf5f0473bbb5391afe	train	17687
minimap2:60e8460fd66b2f8755c2	train	17688
minimap2:d6745e3cd643b44fbf90	train	17689
minimap2:e87ca8bc5ed520e941f1	train	17690
minimap2:1f4b9232eabe3ea18611	train	17691
minimap2:ad026bfbc356752cb6dc	train	17692
minimap2:9dc068b3ee52f4b5e8f8	train	17693
minimap2:1d57e040ec231b29f20a	train	17694
minimap2:5259e4e4ac5a46e9188e	train	17695
minimap2:018730e9ff73a7c2d899	train	17696
minimap2:7f196466609f9af04966	train	17697
minimap2:ffe2fb3434d4a7769b95	train	17698
minimap2:222685053e03f598df66	train	17699
minimap2:d7a05aede7fa9c111048	train	17700
minimap2:c53e7ba222627671660e	train	17701
minimap2:281a4ac77d3a53241762	train	17702
minimap2:9ee04f34ce9892887a31	train	17703
minimap2:f3cca69ca3617795fb4b	train	17704
minimap2:f6ab22a4318f860504e7	train	17705
minimap2:9acebc775501481a0fed	train	17706
minimap2:e385b33327fa2d654236	train	17707
minimap2:6682c5074319d8f1836d	train	17708
minimap2:02d78f6eadc84e879057	train	17709
minimap2:136b289a607703fdc6f8	train	17710
minimap2:ba9f47070a6ce9392d68	train	17711
minimap2:d42585d80a29b18d8792	train	17712
minimap2:7240d2b20718c33a35df	train	17713
minimap2:189ad1fd3d05efb9915d	test	17714
minimap2:1ce694248d54b6eb8e67	test	17715
minimap2:492efe4c0ad6a3f284b5	test	17716
minimap2:3bb772f69a594598bb56	test	17717
minimap2:2446eca25237794b1c4f	test	17718
minimap2:3f6ac54d8045cb58157c	test	17719
minimap2:62ad067a1f9ae6be8a83	test	17720
minimap2:6cfb7d8eb34f70d239e1	test	17721
minimap2:4a5e68026ec2936c6f0a	test	17722
minimap2:5f43c4ffa196d67b2fc1	train	17723
minimap2:009a4e82fd663bc16160	train	17724
minimap2:4697bda449cc29a59155	train	17725
minimap2:e00991bc152238281ef8	train	17726
minimap2:56bed454490e8a73e1cf	train	17727
minimap2:b0dfe1d4ed9ea19f1dca	train	17728
minimap2:c708bd1f30b7e9637e90	train	17729
minimap2:1a5a13adf23d68d7457f	train	17730
minimap2:6e828e729c7a3d29d736	train	17731
minimap2:e5b392f18478c7c8a70e	train	17732
minimap2:4c635568eca066f25661	train	17733
minimap2:204e972fadee80b3b390	train	17734
minimap2:4498edfc99b66a3e0bd3	train	17735
minimap2:d3f95daf97976af5b4ae	train	17736
minimap2:a8d7c85132fc150d4988	train	17737
minimap2:84cadad7a983d0ba49b1	train	17738
minimap2:dbdefd15239a70c862b6	train	17739
minimap2:f760d51a74839a321ccd	train	17740
minimap2:9ba691ba1e76a4aa844e	train	17741
minimap2:b812cb047be23dcb1348	train	17742
minimap2:7fdab4938c7bbadbe66f	train	17743
minimap2:a78734ae59dcf28d0d58	train	17744
minimap2:5f5056b000f2c8ad1258	train	17745
minimap2:6afe59583e794463c054	train	17746
minimap2:12bc16a77fe8baa5afb6	train	17747
minimap2:d9a1001c9c92d18d3b37	train	17748
minimap2:02bcb309ef163fb2b03d	train	17749
minimap2:b23eb6004b3b1928ff39	train	17750
minimap2:f9edb9a436c0f089ee4a	train	17751
minimap2:d181b61225a2cc96df0e	train	17752
minimap2:e31b24b0a0c3a4363d55	train	17753
minimap2:566c5acdc7fd3bd595a3	test	17754
minimap2:07d9bebc00f1fb3cca83	train	17755
minimap2:ba8665bdc14f322c5512	test	17756
minimap2:7cf85d8a3144c9dda0da	test	17757
minimap2:11b470e57dc999d897e1	test	17758
minimap2:b085638104e6d094961b	test	17759
minimap2:deacc2d23b2a6020ff78	train	17760
minimap2:91298c70156390c8f7e4	train	17761
minimap2:f3075045b6bca122d6c6	train	17762
minimap2:96ef35ca7ae7f4af2fd0	train	17763
minimap2:46dc748b9fb6253c2d36	test	17764
minimap2:c70e618e1b2e4e6d412e	test	17765
minimap2:aa22b58542fa1764d033	test	17766
minimap2:9879f707570e8ba560d3	test	17767
minimap2:dcab8fcf7f4721e86e5a	test	17768
minimap2:729e71112ae4b8368f87	train	17769
minimap2:7668fa338bea76a9c05d	test	17770
minimap2:639533932ce71e26aace	test	17771
minimap2:bab3cc84e7697dec4774	test	17772
minimap2:e1a90f92f22a1a92c099	test	17773
minimap2:fb114ed712dda826f275	test	17774
minimap2:d6db5dbbe4f6637ac803	test	17775
minimap2:a97161a2cac7a7f2ac0c	test	17776
minimap2:88969de0fd7355f2041c	test	17777
minimap2:ea7829d98482885106e6	test	17778
minimap2:5fad4f9179fd948b4aed	test	17779
minimap2:037c7fafd68a41c9f23b	test	17780
minimap2:0f1a8857a67c033fbda7	test	17781
minimap2:5ffeeb6711b7308aac12	test	17782
minimap2:2d651af4fe43691f395a	test	17783
minimap2:21954200abe5ecb75a74	test	17784
minimap2:8d238cabbc4678209432	test	17785
minimap2:65aae0fe9d0d2a089119	test	17786
minimap2:e06324278fe76e918b0d	test	17787
minimap2:f3b84e008462f00d0811	test	17788
minimap2:423874af7dc410888fa7	test	17789
minimap2:08b3564e2a0c540cf14c	test	17790
minimap2:24af40b84c80c8e87b0a	test	17791
minimap2:4edd1a0a1b162a78da15	test	17792
minimap2:9886d9860deec376f464	test	17793
minimap2:66a64ec7d781fe3badea	test	17794
minimap2:26dff22d66443f28163a	test	17795
minimap2:8ec059529c56493cd5f8	train	17796
minimap2:798f17dc0df78eb6b073	train	17797
minimap2:6d9fbd21d1fd1ee454de	train	17798
minimap2:2e2fa0b44008c77c9f60	train	17799
minimap2:4fc51eedaa82974f8271	train	17800
minimap2:63aac600378bf0ac9ae4	train	17801
minimap2:15febeddf448a99f20bd	train	17802
minimap2:c0e15341b81089997b70	train	17803
minimap2:1812609b328bcede53df	train	17804
minimap2:27291a76e7d05954be60	test	17805
minimap2:b4c87f3af18b82e85eaa	test	17806
minimap2:0556d1f4e701e173fec4	test	17807
minimap2:3fd50ead1b28bf84dd3a	test	17808
minimap2:0abfd9b9f7eb3d86b8da	test	17809
minimap2:005c315f86af730b85d6	test	17810
minimap2:a02bcc4662597aa6c6c1	test	17811
minimap2:a99abbdc79bf12784944	test	17812
minimap2:b210ddb1f97466d73f6f	test	17813
minimap2:cdf34f637751f81e200a	test	17814
minimap2:dd19f163e2e2b9b4d1e3	test	17815
minimap2:734d85d910cbd1494fa3	test	17816
minimap2:4cf66f9684fa12fd5166	test	17817
minimap2:af70de0b7e6fc4ab2ac0	train	17818
minimap2:9f000736dd7fb09d86ec	train	17819
minimap2:2f9329a37f3a3378c107	train	17820
minimap2:ee4b65d68ea18adef9c2	train	17821
minimap2:85c8748d8b85389a0a10	train	17822
minimap2:248c84ea2516a40f5cb5	train	17823
minimap2:c112f2fe7468eeae5fd4	train	17824
minimap2:f2e8d0b692d6e56b27bf	test	17825
minimap2:79697a7061e9644fdd1f	test	17826
minimap2:96326357fb00a9d61f9e	test	17827
minimap2:979dfbd94882115c37c5	test	17828
minimap2:9822a63ddc03066f1674	test	17829
minimap2:c3d4443d18c2e52685f0	test	17830
minimap2:a59f84e165b56e412844	train	17831
minimap2:66d928ccf192f574d035	test	17832
minimap2:3a5e7daba1135fdc609f	test	17833
minimap2:2cd9500ef0a5e88692ad	test	17834
minimap2:94d1e807d0097d6d47f9	test	17835
minimap2:40b2da1aadc16cb25fd5	test	17836
minimap2:163f3e7b75556bfc18d2	test	17837
minimap2:266dfd8858604b47f88a	test	17838
minimap2:422498fb464e2ad0f323	test	17839
minimap2:1f5816bbdb3412e41fbc	test	17840
minimap2:8cacf9d25e0eb495a372	test	17841
minimap2:ca09b16a90d645a3cf15	test	17842
minimap2:70a985c3cdb3a47445a6	test	17843
minimap2:307e3802fe3f38c44fdf	test	17844
minimap2:bcdd8cecbfebc8ea3b54	test	17845
minimap2:e2b30e68fb8c3e935628	test	17846
minimap2:b8b3f8c1fc8575d52304	test	17847
minimap2:e2345633e1ff82311300	test	17848
minimap2:cab9dc2bbec64a659335	test	17849
minimap2:478ee1de5526556f3bc4	test	17850
minimap2:2002804acac714a57f10	test	17851
minimap2:46109ea60d4a6d3a2991	test	17852
minimap2:4dff2495b01b5205c2a7	test	17853
minimap2:b98be2c680ff632d74e2	test	17854
minimap2:3109a7d910936bd0eec9	train	17855
minimap2:c4f275a699f919d81af2	test	17856
minimap2:6eb0b626827bb331260e	test	17857
minimap2:f9e994b1238f912153b8	test	17858
minimap2:33d573964f50d85168c6	test	17859
minimap2:6059012f4cb205960cff	test	17860
minimap2:6d2616d73d4fe60db891	test	17861
minimap2:4f7961f74b95d9208660	test	17862
minimap2:aecf80a26a1ec6dddf84	test	17863
minimap2:ff788668ce2bb8371f8f	train	17864
minimap2:005b0c8ef6ed65659d78	train	17865
minimap2:b2741bf6c30ba0af20e8	train	17866
minimap2:0587fd9be00af828de89	train	17867
minimap2:0133289dc54783213640	train	17868
minimap2:3c1c7e57ad0e9ba941e5	train	17869
minimap2:e699b810a0ae2ad13aa8	train	17870
minimap2:7359cbd40524bf4c243d	train	17871
minimap2:11252f781c33f79ff8be	train	17872
minimap2:a00fc85048d28858f974	train	17873
minimap2:995a4da0cb654d632ca0	train	17874
minimap2:3e1170b33147976a7976	train	17875
minimap2:43a039d29ddfe816c0fc	train	17876
minimap2:53992b6e3de89aeda973	train	17877
minimap2:ad092efb6c2b297e96aa	train	17878
minimap2:600114f6b40629e29e63	train	17879
minimap2:7d28dd2a7c27c2676d18	train	17880
minimap2:c77da722bdbe8a132743	train	17881
minimap2:aa74eb16c21700b91848	train	17882
minimap2:48d6d62565d2a6795ce8	train	17883
minimap2:6e3bd7a1c25b83abbab4	train	17884
minimap2:76f308ca7bb7bd8ccdc2	train	17885
minimap2:ffad40550bb51f4f90dc	train	17886
minimap2:48f70834f6df932f94d9	test	17887
minimap2:a27506b8a7a98fb9fd8a	test	17888
minimap2:c528ce24d30e17e259e1	test	17889
minimap2:e3dcb6395d6d1ff3bc2b	test	17890
minimap2:01a5a710481d94e0cf14	test	17891
minimap2:055a543ad0a6260a540d	test	17892
minimap2:c8d4c5202e2b6c780014	test	17893
minimap2:28cd761ae7d6d4a71efd	test	17894
minimap2:4db3ee40831743a46538	test	17895
minimap2:023d0dd8b89b232e076d	test	17896
minimap2:eaa8b8cd0a1cb2e52f95	train	17897
minimap2:749b9bcb0f58e182a10b	train	17898
minimap2:25efc80664664b7af6a5	test	17899
minimap2:3abf23af38fd10707255	test	17900
minimap2:2df8adb866f8dcb86430	test	17901
minimap2:948ac05813923ec22892	test	17902
minimap2:f6c18e7af99aafa64aa2	test	17903
minimap2:8044e707958b69285d78	test	17904
minimap2:93faeee551df078855ea	test	17905
minimap2:1e28f9b72b38894cfe4a	test	17906
minimap2:274e0eeaa4e823ea7e5e	train	17907
minimap2:92c9fae7c0dc87397b38	train	17908
minimap2:34d2110d64d43efefdbf	train	17909
minimap2:424ce69b29ff00942c82	train	17910
minimap2:f9fe476cc93a56ced439	train	17911
minimap2:f0ca2e3537a47865f054	train	17912
minimap2:d61e4b9b1383e209ce5b	test	17913
minimap2:1751a52635a5e2afdebd	test	17914
minimap2:d1f4cfcd72ddb72f8ece	test	17915
minimap2:7df57066049622f6c045	test	17916
minimap2:b5d36bfac0c01562e304	test	17917
minimap2:44f6ff1034b1c9e5fbe1	test	17918
minimap2:f91b4bc7a9bd04918101	test	17919
minimap2:3baa7adaf6c95104825c	test	17920
minimap2:7bb13d7ac9ecb24583af	test	17921
minimap2:86fa7f05abb694dd2c99	test	17922
minimap2:f79458e0ffb9e8876f43	test	17923
minimap2:3838bdd6f4d796bbf3a7	test	17924
minimap2:c6450aa3027d91abd66e	test	17925
minimap2:461168848c4382f82947	test	17926
minimap2:2a4d41266eae723a85e0	train	17927
minimap2:43ac69ad6115c7978c98	train	17928
minimap2:9e2fdbe1d174a687f93b	train	17929
minimap2:91bfa4cac01348155914	test	17930
minimap2:24e44b2cdc99b7a48455	test	17931
minimap2:907d97bc53f8116d0a8a	test	17932
minimap2:c08acdf38fdb96375832	test	17933
minimap2:dcb694d1aa286b7e4baa	test	17934
minimap2:f90d06a4ed7882b28271	test	17935
minimap2:864fbaa81408e91aa194	test	17936
minimap2:fbb049f26b8c2b768e70	test	17937
minimap2:54b3ea4989d7c27ab4c2	test	17938
minimap2:a1abb8ea3e298d386fed	test	17939
minimap2:46ca3af7736338361975	test	17940
minimap2:b10c8f68100f1179d007	test	17941
minimap2:2438d338ef05b954a0e8	test	17942
minimap2:5ba738bcbeddc3ccdf66	test	17943
minimap2:1e9eabd8e07cb918b461	test	17944
minimap2:16408473bf8ea0c6e133	test	17945
minimap2:1b324c567a1801be0091	test	17946
minimap2:8f0844944a1e7655d632	test	17947
minimap2:1f0c2a673e727b3bfb03	test	17948
minimap2:213dd8b08a38457d5fdb	train	17949
minimap2:bb9164645321878a2f9d	train	17950
minimap2:d564a97ec2262fd053bf	train	17951
minimap2:32ed36caf7fc0711103f	train	17952
minimap2:2bdcd106b7b6a814b738	train	17953
minimap2:8407c2b57620b0fa579b	train	17954
minimap2:1dbf8b3e37eb9ea96ca3	train	17955
minimap2:17ce3daadcdbbafb2f2b	train	17956
minimap2:310aadadaa122686acb8	test	17957
minimap2:62f27ff3c8f5bc48a80a	test	17958
minimap2:993f020aab5d5ea7108d	test	17959
minimap2:40d311bc4bf87450f843	test	17960
minimap2:4a9ea601a96f1bd9f814	test	17961
minimap2:fb020fd2124f1583432e	test	17962
minimap2:db37b2b57610f4f44d1c	test	17963
minimap2:0a8ae099125762f9d23c	test	17964
minimap2:43ff09c3a6e2a49d1f51	test	17965
minimap2:e0fcdf40c498880eab2b	test	17966
minimap2:14a655168893eb01ed12	test	17967
minimap2:98160778881f4c040180	test	17968
minimap2:13e61304bc95a93e3cc1	test	17969
minimap2:f37133117ea30983a88d	test	17970
minimap2:092143c2bba0a452200c	test	17971
minimap2:0f6072b004e7712220d9	test	17972
minimap2:5a6f7a5bbb1673b9bb9a	test	17973
minimap2:4cc4c13750dad5a4e8d0	test	17974
minimap2:f3556e1732cf320e49ef	test	17975
minimap2:3deb487c538d73d1a96e	test	17976
minimap2:c330be7c3c14012fb987	test	17977
minimap2:b7af140f6dcd39009cdc	train	17978
minimap2:cd0daa57b53051ad071e	train	17979
minimap2:d4983cdaf8c8e72dddae	train	17980
minimap2:1eb4ed171333b9649451	train	17981
minimap2:5deebb2776cf3b0bc11d	train	17982
minimap2:b3a62b3c074f9750098b	train	17983
minimap2:afc84b7eb31a39757309	train	17984
minimap2:31daaa01cadadc009761	train	17985
minimap2:5b319d964e9185c1dc09	test	17986
minimap2:2c1a96ee5dc4b172189d	test	17987
minimap2:57fe7c09fc1cd0a066be	test	17988
minimap2:18453cccccb00691d7ac	test	17989
minimap2:b28b2a81b5835edc7379	test	17990
minimap2:2917832119862996087f	test	17991
minimap2:d4727e74da4518c24b3e	test	17992
minimap2:2e2df22b9ed1e1db9340	test	17993
minimap2:429b963cb994b33cfa06	test	17994
minimap2:cd5dbaa160baf872231c	test	17995
minimap2:eaddf7caa35337a7391a	test	17996
minimap2:9efbb93a944dcde47e3d	test	17997
minimap2:db4687df6d91fcd93532	test	17998
minimap2:21b1305b33aa9e6715e7	test	17999
minimap2:7f7019e3e80fa09b93a3	test	18000
minimap2:a377b12bd23b3096f268	test	18001
minimap2:ebe9b9279af35f8aab7e	test	18002
minimap2:a16dc5bcb29ed58d2370	test	18003
minimap2:a5af4bff8a4e9023b995	test	18004
minimap2:dfa58af0cf68337a0c7e	test	18005
minimap2:64fe36c44b852709bc7b	test	18006
minimap2:6616a809dc947541939e	test	18007
minimap2:7d40981618383f09be02	test	18008
minimap2:f2e81c8e2ffc7f03f364	test	18009
minimap2:2a7e10d6722d4c20e670	test	18010
