logical_task_id	role	replay_position
sarek:1744bfe7947f14d4a478	train	5999
sarek:33a8bbfdad2122f4bf43	train	6000
sarek:15dde7adb11d48908348	train	6001
sarek:69020816b791536bc4b4	train	6002
sarek:b7da2d61693ef1949d44	train	6003
sarek:db6221208c8285c90529	train	6004
sarek:1fa5eb7f750cf3a8efc1	train	6005
sarek:a98d33063404d50aab1c	train	6006
sarek:39d3bfde46670d4ec207	train	6007
sarek:d8a792313cb15fc33a66	train	6008
sarek:2732330dee2cfb13f3cd	train	6009
sarek:669988d0bdac05155fe5	train	6010
sarek:b0725ddc18de5f911c7f	train	6011
sarek:5d6a529b73fa12fc8a0c	train	6012
sarek:91715e6d516f91e62a10	train	6013
sarek:2c57521a5fa0e9635e33	train	6014
sarek:b70fc3e98e903987d555	train	6015
sarek:0920ffbe7ee1a09bf733	train	6016
sarek:73e1489e539611fe59b1	train	6017
sarek:18df827d611e51a28f96	train	6018
sarek:5ea570703bc1973504de	train	6019
sarek:7a40b8e9f18d95fcd694	train	6020
sarek:d8246bc5426e169d198a	train	6021
sarek:51f82c47d895b08eb243	train	6022
sarek:668efd7e67aa531f5ac2	train	6023
sarek:ea1e3f8af0d4b01f0b5a	train	6024
sarek:e7a80d7222a346f5b6b3	train	6025
sarek:77a55c45f29e5c0b3d88	train	6026
sarek:34126344393f0548fb67	train	6027
sarek:58d1c858e9a2da7898a2	train	6028
sarek:d740ee0fa04028896429	train	6029
sarek:e6c28fc433961c8e6acb	train	6030
sarek:5361a0f7b19be36cfc77	train	6031
sarek:e238c07429fcf8102117	train	6032
sarek:a353f17389ae9ac3b5a0	train	6033
sarek:4cb5c0e306be2c8e75ff	train	6034
sarek:0570390069dec51215ee	train	6035
sarek:ad55f05d916c1952e341	train	6036
sarek:ec77627ee9e5ee165ba0	train	6037
sarek:dea7b67cd6a296107254	train	6038
sarek:84bec0c55c3e6141fb4d	train	6039
sarek:65123860bc31119a1c56	train	6040
sarek:d2ec24af733c52a0e669	train	6041
sarek:492bc369800d25f09f27	train	6042
sarek:bb1be18f89463a2b4c8f	train	6043
sarek:51029918fcf1b57adbb5	train	6044
sarek:fd33a7b087c805a146df	train	6045
sarek:bec619965e4c1af8ad8d	train	6046
sarek:92efd7291f9475b50b89	train	6047
sarek:233ed301c13648a8a857	train	6048
sarek:1fcd73404da7505eee92	train	6049
sarek:28775cd93f38c380a047	train	6050
sarek:42891c10bc4c6f4c6f1d	train	6051
sarek:9b1b944c6155854fc528	train	6052
sarek:113f0620c5ae8b9ae7d6	train	6053
sarek:a4e64a6e987b425beb3a	train	6054
sarek:25540ff7d3d7c89c01d1	train	6055
sarek:99d1dd3c66e30fb66735	train	6056
sarek:71e03908c2fc9620be9e	train	6057
sarek:5638ce9cf7e9c52dc2c1	train	6058
sarek:6a5da7f7dc143ab12f05	train	6059
sarek:032071c5c1eed89f1a82	train	6060
sarek:5b35c7a8a7f9e567ed67	train	6061
sarek:38b80dfdb8f32c60994a	train	6062
sarek:ba28f881ccbc879faf35	train	6063
sarek:9e6a6109546547b86687	train	6064
sarek:f8b6f539c7f1ce6c1b9e	train	6065
sarek:43187da43f86b426b475	train	6066
sarek:42659429b519f611df43	train	6067
sarek:c6ffd40730a7682d037a	train	6068
sarek:1a0ea41652dfd09293e5	train	6069
sarek:ddfb1ac5b27459c44e7d	train	6070
sarek:412b0ea9416d370303c8	train	6071
sarek:7c0c7792d5aae11b337f	train	6072
sarek:843fb19779a9e8c3aaf4	train	6073
sarek:d6def1fc4a5706d555f4	train	6074
sarek:40e798e4d467665e754c	train	6075
sarek:427d3ae8dc8a19c86775	train	6076
sarek:2b92def11d0eb0c61f5c	train	6077
sarek:3d824a962a4837ac019e	train	6078
sarek:b7ffcbc84ced2bb0b9fd	train	6079
sarek:9d026bd8cc7855265b04	train	6080
sarek:8d126899d886f3303d5b	train	6081
sarek:5b2450c0cbd30aa6d4d7	train	6082
sarek:909ba400508c6298cbe7	train	6083
sarek:b6814af540a813fcb729	train	6084
sarek:768d9e6e1a68b6f84612	train	6085
sarek:5381ea9d279ceca20446	train	6086
sarek:ce9f625c0ae07808e8e6	train	6087
sarek:2f9708e5db14e9a47e44	train	6088
sarek:a26460ade0574e0080da	train	6089
sarek:5cdadaa38a1039aa1976	train	6090
sarek:af1daf5348ba0563a309	train	6091
sarek:57701cc9215a52d9c01f	train	6092
sarek:69e6459f1edd25d6d917	train	6093
sarek:443155ba9216598611d8	train	6094
sarek:0d27a24219769d601a78	train	6095
sarek:7e3f55238ea3985498e5	train	6096
sarek:56ec2f9867368a1ce655	train	6097
sarek:c1e3a99afde48193fd6e	train	6098
sarek:031bebb566a8dde7d9f4	train	6099
sarek:b5eb44c12d9f7c14fd4e	train	6100
sarek:449bf8a9398c64218404	train	6101
sarek:ac0529e19547db9b4501	train	6102
sarek:c6f3ffe6e079f9907983	train	6103
sarek:80e74104fbfc605ca9ee	train	6104
sarek:029a260f206c49db2340	train	6105
sarek:74ab33b5b809134b8051	train	6106
sarek:98433f4e519909b4c26c	train	6107
sarek:7195d66b011ed2fcea29	train	6108
sarek:f705414353938b503d4f	train	6109
sarek:47263d88f68b6c71ae2b	train	6110
sarek:78e59441a9d6c1223e75	train	6111
sarek:3487fa981f421f49f5e0	train	6112
sarek:bb78f43c1e98e1ba1248	train	6113
sarek:b139e51e1a69e63af681	train	6114
sarek:65f13df433ef044d9dd3	train	6115
sarek:8b613e222c8aecadbfb7	train	6116
sarek:35e046b86ea888e7f505	train	6117
sarek:0a18d5733d86293286e0	train	6118
sarek:2c2c5347d639dfdd2cc0	train	6119
sarek:049cf1c9d9ba355572cf	train	6120
sarek:20412fc5579ac656a341	train	6121
sarek:fd2103c5f9b7340b1cdc	train	6122
sarek:c38d161de650f38bb289	train	6123
sarek:7a21fed641a7381358ef	train	6124
sarek:e694f170f71297163e51	train	6125
sarek:7fd5ee0423a88b4c1707	train	6126
sarek:0b00268b7347f8b4c439	train	6127
sarek:07ff59af532f5137f8a3	train	6128
sarek:7eee9e494904db5d4357	train	6129
sarek:4dfd2c0189679f9680e3	train	6130
sarek:50be34dd438531663e49	train	6131
sarek:ed7bf2e5a27382ba7f56	train	6132
sarek:a4dc340a71526dabb9f0	train	6133
sarek:f54640b84b0d955e5125	train	6134
sarek:773c7723f05947c22e49	train	6135
sarek:8dc76b03741f13caa27d	train	6136
sarek:d41228d170cd94f792dd	train	6137
sarek:1251acfde2a87e1e4fc5	train	6138
sarek:e5088db6ec349c020177	train	6139
sarek:3da48710239fae7bdd88	train	6140
sarek:286e0a90f479fd7df2a5	train	6141
sarek:a5d6a7b381033f3e29b5	train	6142
sarek:41a419047c32d76f6597	train	6143
sarek:91dc0fc5a86904be4bd7	train	6144
sarek:e3512fea42b9a5d0a567	train	6145
sarek:42c74f1992219dd4f0de	train	6146
sarek:677099aeaa459d937fe5	train	6147
sarek:144b7e41cd19ec82faac	train	6148
sarek:0ec14bd397eadcf2badd	train	6149
sarek:abfbd4baa1ad4ebe76e8	train	6150
sarek:8fdefeae82e7a5ead679	train	6151
sarek:b7a2e2b9ed9214a28da3	train	6152
sarek:a45b15bb7778280dc471	train	6153
sarek:9f48207180add4bc2e5b	train	6154
sarek:21718e5ee7e95d7e5000	train	6155
sarek:1769fda830adeb3f1b9b	train	6156
sarek:9e5f55efe5f7ac02a71f	train	6157
sarek:dbf5ef1ee05e802d663d	train	6158
sarek:693df0a6e696616b22c8	train	6159
sarek:3eff69c3477af3b7975d	train	6160
sarek:d7d9193c4f6e0fbfb0c3	train	6161
sarek:7a5aaafcf26e77932c2d	train	6162
sarek:e49410bb60c425f15ce9	train	6163
sarek:ba992531ccf65334e3de	train	6164
sarek:6bfd9d8f56a7456db309	train	6165
sarek:548e352a09468b38cfd5	train	6166
sarek:8b12145379431d7f89d3	train	6167
sarek:707d7cde8d769d4c1aa1	train	6168
sarek:5cae4774fb4d4ba1cb69	train	6169
sarek:8b89f372f2f2d25e0844	train	6170
sarek:33afa1d4c068e25bc15d	train	6171
sarek:1fe2721a30a33e1227f5	train	6172
sarek:29faaab210c370bb3997	train	6173
sarek:9409cd34f08dfb4ad9e2	train	6174
sarek:4b0edcf87d280fee2dc5	train	6175
sarek:ef9e125b878a89e5d1df	train	6176
sarek:6769e47bc71ef4b37908	train	6177
sarek:eddd3c9d317bf87cdc8b	train	6178
sarek:94ebcbe229d5c072b544	train	6179
sarek:61c77c4e58555e5a8640	train	6180
sarek:189c12e60eeaf6a4401e	train	6181
sarek:7cd4e141644297e6e087	train	6182
sarek:6ad24f73d6fc4b0e2003	train	6183
sarek:851ce3f483c57b15e572	train	6184
sarek:87274ab3904ba5442189	train	6185
sarek:1911f3a2657e737b1438	train	6186
sarek:c0a33a5b37b8454c1807	train	6187
sarek:8679f7925b13d0efc309	train	6188
sarek:2a902bc516bf5778dd5f	train	6189
sarek:26b5669d7da761c5e0d3	train	6190
sarek:cb6876095fc0f90a44bc	train	6191
sarek:84b5a6d97a8c7982af67	train	6192
sarek:214a4f0c7ecb2ff497c4	train	6193
sarek:02e0702b22b1d7d5b2d5	train	6194
sarek:4b0366756a4dd078047f	train	6195
sarek:1f4862d8b74d62e46d63	train	6196
sarek:956bd0e4bb31bf0b8067	train	6197
sarek:45d6fe91b52b2ec884b5	train	6198
sarek:d034bbac2be265f82fec	train	6199
sarek:3afecda71aa377e91558	train	6200
sarek:6bae3e701a29d4af21f3	train	6201
sarek:013645ec4bdb03ce01b1	train	6202
sarek:99a6a4ba1e35c782fae1	train	6203
sarek:056de40d9f5f4da11384	train	6204
sarek:ed4c98043ab71a976f1c	train	6205
sarek:698bcccb80592c4d3888	train	6206
sarek:3166486f409554e732f4	train	6207
sarek:fb5c1971a8876c04c1e9	train	6208
sarek:a49502112e10c9dcd673	train	6209
sarek:7931d5389859250ba968	train	6210
sarek:e446446aa81ddb84ac76	train	6211
sarek:89d6e1fcad11c85ee886	train	6212
sarek:14ee2b0fb7bdb259ccfe	train	6213
sarek:ee683a17f7839f155c40	train	6214
sarek:2355aa099bd49e917ce0	train	6215
sarek:ed4f82290040c72ae3d7	train	6216
sarek:a990f6c45e84a862e2c0	train	6217
sarek:198001e18279649a9d38	train	6218
sarek:d52a3d7350af8d7ae777	train	6219
sarek:e3b9c4ce6874b1388355	train	6220
sarek:faae8c52ebb4aea14348	train	6221
sarek:8a6db397e37f6d42b8ab	train	6222
sarek:1ced4f3cec5ef104f489	train	6223
sarek:ea62eb91c16d0631afea	train	6224
sarek:fdb48191a60ed8d0ed5f	train	6225
sarek:5c72b63b5f88f61b55ec	train	6226
sarek:113fe3586907352585ef	train	6227
sarek:73df81f8e38a24ab5dde	train	6228
sarek:b538468e4c605b203364	train	6229
sarek:12f6f748b09490ec3e2c	train	6230
sarek:1d02d2c17b0dfa6fa843	train	6231
sarek:6311f95ff077602fe6c0	train	6232
sarek:82fa25889f5694064c48	train	6233
sarek:fa1f00dc09cd7b8fd675	train	6234
sarek:6235711be5bc3b1934c0	train	6235
sarek:0385e16502f2c07e0a7d	train	6236
sarek:28731235e251ee70f6e9	train	6237
sarek:62bbbd79f5f17bd3b6f8	train	6238
sarek:fff922a9fe47fc6eb0f3	train	6239
sarek:e834d84ce6a66311da0c	train	6240
sarek:ccb1f2c32c69edbdd5b3	train	6241
sarek:a0633019ea08d38b3947	train	6242
sarek:3aec2fb76292dbeacd46	train	6243
sarek:9da36459451654031deb	train	6244
sarek:a6a46d14d3d1b7125d24	train	6245
sarek:52c0aea3185174f7f22e	train	6246
sarek:2bce0f24411a157b4276	train	6247
sarek:14cbfa099624177660c9	train	6248
sarek:cb3efb2910cfdd172d32	train	6249
sarek:a5a72197f6b2ad1ec6b1	train	6250
sarek:d89bbd7e787c7dee79be	train	6251
sarek:d31afbe25c7ebb79c7b6	train	6252
sarek:94f53f01574f3dda9c77	train	6253
sarek:ee6ac6ddf251b99fa250	train	6254
sarek:72e3074da0b49bd7c7cc	train	6255
sarek:b9db457776ad54d1322e	train	6256
sarek:ef3b63c75e0091c7303f	train	6257
sarek:cb6283b2417e9562ec1c	train	6258
sarek:a36036d1b4dfef62a47c	train	6259
sarek:665612e2ea83d7b8382f	train	6260
sarek:8796532a49e6041116ed	train	6261
sarek:b815b2b7781ce587e6dc	train	6262
sarek:bc9cce95c47e74e81f64	train	6263
sarek:145d0f80609f773004e4	train	6264
sarek:bec355eda72088119d7e	train	6265
sarek:96b4cb2cd8a1b95ec3f1	train	6266
sarek:35c1fea2f68ea92404b8	train	6267
sarek:ce4975b9ec93090c4d1b	train	6268
sarek:cec0665d9203ae4a572c	train	6269
sarek:fff3c0d85f8060364f64	train	6270
sarek:a53799d99c25dd4711ea	train	6271
sarek:2bced63e537eae7b6d78	train	6272
sarek:d5577ceba7cfb63193e1	train	6273
sarek:fa8c4831ad758070e7b9	train	6274
sarek:47f2ca39aaee56392bff	train	6275
sarek:bbc251b89c30c47ec944	train	6276
sarek:770fe47a1fb54fcafba7	train	6277
sarek:1f6b6052f1959af0f80f	train	6278
sarek:c92887288f902eb1f31e	train	6279
sarek:4af5b1b1e11cec892022	train	6280
sarek:67c4ef4450b2886b5353	train	6281
sarek:1c9c1d9855cd4934531a	train	6282
sarek:2bb4988f0acc7d24a9a2	train	6283
sarek:71415f609a29bfbfef26	train	6284
sarek:a57dcf63b894d9f80476	train	6285
sarek:82f428be8317072f6297	train	6286
sarek:47977367e1318af931f8	train	6287
sarek:678248337c136b8051bc	train	6288
sarek:ffd88b3c6baaeab55632	train	6289
sarek:a13c9436fafbe36ea671	train	6290
sarek:4b9e54b7357df317886a	train	6291
sarek:6f1009b909921291f749	train	6292
sarek:f3f5a1bf20c93765df88	train	6293
sarek:9c3ebf24479c2bb33123	train	6294
sarek:7ddbd8fe30441aff2795	train	6295
sarek:9b4198acfdffbcf7f1f0	train	6296
sarek:850a04a75c5df7d06235	train	6297
sarek:db23d60aa03e98e17cac	train	6298
sarek:98e46029b8ac25f38485	train	6299
sarek:a6ce5530ca1f6f35581c	train	6300
sarek:c7d97be5e41cd8fc1188	train	6301
sarek:9c7b93a7d19785df1f65	train	6302
sarek:9368eb865cad7c574e5e	train	6303
sarek:d79fa19aa3363267b2ec	train	6304
sarek:87d324c84415c0f4d791	train	6305
sarek:08c2d89b8823fa2c6e05	train	6306
sarek:1bbd1047324b96fc72cf	train	6307
sarek:8bee38c6f04e0e7c2e3a	train	6308
sarek:936cfe3dfa0ab39c63a4	train	6309
sarek:a1c7ca2e34e5ff0d4e05	train	6310
sarek:27ef54eb47f42cc3533d	train	6311
sarek:04f69ef1fd7884e2041d	train	6312
sarek:601f0a1edf0cdb429a1d	train	6313
sarek:ce38806ebea3c5d3665f	train	6314
sarek:993de72c74cd34343439	train	6315
sarek:21b89fd72bd525c6c1aa	train	6316
sarek:0c983742d2368492150e	train	6317
sarek:833a2c3811eee0b4917a	train	6318
sarek:0a0bd608a810cdc9d3cc	train	6319
sarek:172296ed0fc356eea0a6	train	6320
sarek:25dd57630feaf021665c	train	6321
sarek:bea951ebefe1e7528075	train	6322
sarek:327008b8b45a3952f43d	train	6323
sarek:0797fcce9977a79209b2	train	6324
sarek:0b70d23309f3edcc6bab	train	6325
sarek:62d9e8de58e09afe799b	train	6326
sarek:ab33d9327ec7b4c9883d	train	6327
sarek:d7fafbb79f51267d5128	train	6328
sarek:4ea704a60671cb11eb28	train	6329
sarek:e395da296f22dd1fb7ec	train	6330
sarek:a1c183fdbc2fa07a5c38	train	6331
sarek:9898b52854765c10cc8b	train	6332
sarek:67ccb9ba9422046fd0c5	train	6333
sarek:2f38f109521ff2fb34b9	train	6334
sarek:244e0d2eecfeb3c2526b	train	6335
sarek:18984fe87fcdf4f04c15	train	6336
sarek:a735f805a0fc810fd0b2	train	6337
sarek:890b117ca1d042f7fd47	train	6338
sarek:df46328a58cfaab37775	train	6339
sarek:19da31accb80f0ec51be	train	6340
sarek:41a2b81aaabdf0acb9cd	train	6341
sarek:e24b335d7267cdfd0951	train	6342
sarek:d1c10cb54c9479f37e60	train	6343
sarek:7ffde1e6d450bd61209c	train	6344
sarek:1f8ad496f9ecf1cdc794	train	6345
sarek:b837fecce7c84c0ee633	train	6346
sarek:314c608e62614d49b354	train	6347
sarek:8342509f36905a9e1594	train	6348
sarek:08191ffca6fa9e1bccf8	train	6349
sarek:1f24c84c979b82beba5a	train	6350
sarek:b985f3e30c428db2eebb	train	6351
sarek:6619d96abfade7a05e7a	train	6352
sarek:e1c4b02e9a86879ebf57	train	6353
sarek:c129f96768ac92a29fa3	train	6354
sarek:f78da842c710559f6a6a	train	6355
sarek:1e104ce84824e963c3f5	train	6356
sarek:6f1c5ba838fc30aa1bbe	train	6357
sarek:66aec1e808677c87f7d1	train	6358
sarek:c462eea67fbe85090e8f	train	6359
sarek:55bcc3b45f8783e5013f	train	6360
sarek:4b177cc64494189f69f1	train	6361
sarek:f94e11f4844e07737b0e	train	6362
sarek:c674d3d32d2f31231cae	train	6363
sarek:cd3d9d1025b8829f9617	train	6364
sarek:b1e080542ade0c40645b	train	6365
sarek:7738329a608414ec392f	train	6366
sarek:bff6e81197ae61c12853	train	6367
sarek:13206f0ff2e57b4d81fc	train	6368
sarek:c79ef54fa4809f886cbc	train	6369
sarek:1561c2b7f24d4cfa29cc	train	6370
sarek:ef5945744f19656ab423	train	6371
sarek:fc141411676977431829	train	6372
sarek:120c3ff2cbe48700b99d	train	6373
sarek:e93fb98e7bb787638228	train	6374
sarek:721d64f0a5075978affb	train	6375
sarek:bb0a729a14367d3b4c07	train	6376
sarek:9b030ca121c2a266eb30	train	6377
sarek:52e87174d81221b8674a	train	6378
sarek:8a9133881ac42a061ec9	train	6379
sarek:3d41c9ccd927a48cf687	train	6380
sarek:27d9b308d1b22f69835a	train	6381
sarek:248aa8e8091e07315ead	train	6382
sarek:a26b9ed54d1236730c25	train	6383
sarek:ddfdd55d7ac482441569	train	6384
sarek:39bb75bfd557c3a20f24	train	6385
sarek:6a83e8af43d1a92b8d38	train	6386
sarek:0b0d87ed54e005d41a66	train	6387
sarek:109889825a38fbc42006	train	6388
sarek:059d941c510f8512cf74	train	6389
sarek:2edd48548dfb78c907da	train	6390
sarek:d080a76be6dbec29577a	train	6391
sarek:e05a21b3fbd7394dbe89	train	6392
sarek:c9beb4660acd953f59e1	train	6393
sarek:674a782979400b21bf27	train	6394
sarek:8258b570b1408f93c150	train	6395
sarek:bd87c43ea7a73eeaea46	train	6396
sarek:53d8acb36420adbcf483	train	6397
sarek:b54e3d6d79398a5bc016	train	6398
sarek:4e20074fdbe97bc6a583	train	6399
sarek:efd4b142739c40948f18	train	6400
sarek:ef2351c825247e294668	train	6401
sarek:dc001b397459268c3096	train	6402
sarek:087e06fc2e9d4e88cff1	train	6403
sarek:c39cc46b5f7bb9627a90	train	6404
sarek:c774c302add2a42c4411	train	6405
sarek:293e6dd92fa9ab87adbe	train	6406
sarek:68bd1142dbbd273e9ea3	train	6407
sarek:86de5c8fb5ce4bd4dfad	train	6408
sarek:431ae4e7b36d71198094	train	6409
sarek:04d7c75279c0fd6284b6	train	6410
sarek:9496d1e43862a1ece6ac	train	6411
sarek:5ed67b6231f68f40f73a	train	6412
sarek:25505964e554c885dfad	train	6413
sarek:9c412c5127570ce4863b	train	6414
sarek:3bbba9cf7bba334a19c2	train	6415
sarek:44fc798a5cce2e06cbf2	train	6416
sarek:800869ac72cf89460291	train	6417
sarek:e2f0888c6efadd6c376e	train	6418
sarek:88a99f596b323de2b725	train	6419
sarek:ac7b7e86505edd5c9c7f	train	6420
sarek:3a4cd12fe5bbc2fc044c	train	6421
sarek:b32ee9defa0a79cdca9e	train	6422
sarek:41bcb7815cd932ee019e	train	6423
sarek:8c429c2e72cd1f1843b1	train	6424
sarek:9a41ffa9a6175bcd3465	train	6425
sarek:1549b58fd84a2c92c8d6	train	6426
sarek:475bb359a2f7cedaa20e	train	6427
sarek:dbd3a6f62de26773bfd0	train	6428
sarek:793768308964ff2033c1	train	6429
sarek:75e5a7a07a0fa8d9645f	train	6430
sarek:0216085b7b770613995b	train	6431
sarek:6d2892c85a0d9d35ac9b	train	6432
sarek:efd4ddd6a778000c1069	train	6433
sarek:cb0c0f865561f50e3c99	train	6434
sarek:112435fdca2771fa22f0	train	6435
sarek:108e9f09bea57b7dc227	train	6436
sarek:17231ee989158d9d62f2	train	6437
sarek:eba1d61f5c3da19cdd31	train	6438
sarek:d7433caf02821aab73f8	train	6439
sarek:19dd5b584e88380a7306	train	6440
sarek:7e4ce17fbffbb5ea0ed2	train	6441
sarek:0ab464a57bf8ff3f04cb	train	6442
sarek:1b7be2c561e3f9f2dfcf	train	6443
sarek:f678e6ed8b44521cb33e	train	6444
sarek:e070a4feb226fae5ddbf	train	6445
sarek:812d6da2388f07a88a5c	train	6446
sarek:d231a0c6f587e37a9739	train	6447
sarek:6557a71ec34273918f80	train	6448
sarek:5713157a4fb161db8d23	train	6449
sarek:f6d430dfd743a371b49e	train	6450
sarek:ab5db9dd17e0a81c8f18	train	6451
sarek:a435e84783292e7f6e20	train	6452
sarek:34ae373cb4a928b0abdd	train	6453
sarek:be2bab2b616d81f03894	train	6454
sarek:a935080e5c56e1c11106	train	6455
sarek:f823104c4d6b950cef67	train	6456
sarek:b38ff63aac81ea4ad047	train	6457
sarek:96cba0ea27527f1b5268	train	6458
sarek:46bd10427fc61b616075	train	6459
sarek:0f4a44042f46f4344822	train	6460
sarek:d726f151c5ee4cf95613	train	6461
sarek:55c5786c5262b6dadeb4	train	6462
sarek:edd1ffaa488dfd61d009	train	6463
sarek:0f5725eecb4b60641bb5	train	6464
sarek:62bbe19b09c68752b399	train	6465
sarek:3ef9eac1b536561fdc13	train	6466
sarek:638f5db9cc4d8ddd6dbe	train	6467
sarek:cf5b4b712092b89087f8	train	6468
sarek:e876912d80739976b472	train	6469
sarek:2394c780d8b040f6e1a6	train	6470
sarek:cdc053f1068f2f51c19b	train	6471
sarek:36554a3e517197b5f1b6	train	6472
sarek:393ae7862252b7e1c4ea	train	6473
sarek:3188c83426a320c97e06	train	6474
sarek:1df2df51f611caab6e37	train	6475
sarek:ad440bd4cd7cec9e9738	train	6476
sarek:95ab021d7e7ebe15674a	train	6477
sarek:7166b1830eff8ad94ca1	train	6478
sarek:0f51a2c76f00930e7760	train	6479
sarek:dc68f2bb434dda4e7de0	train	6480
sarek:8bd72d0ec9fcc0cc46b5	train	6481
sarek:909ce6e15cda0a29ff23	train	6482
sarek:5957f1f830b4c3a5a467	train	6483
sarek:5e13e466a60e8c1db538	train	6484
sarek:b48e774d0b746fb0ecd6	train	6485
sarek:3e007beddd0f8ecf8bb3	train	6486
sarek:a3ce2224a8f5c6ea00f6	train	6487
sarek:08764ea536c2e874cf60	train	6488
sarek:048a9719f1a131563d29	train	6489
sarek:3e6bf682b724dd5d0a7b	train	6490
sarek:7c1c998c550dfb39ffd8	train	6491
sarek:29d73879b4bc4b25cf11	train	6492
sarek:09db7193e8dd813059ce	train	6493
sarek:11dfa14e1390e2455957	train	6494
sarek:9abb1666d5840940d9ad	train	6495
sarek:dbe8591836d67a0fb7bb	train	6496
sarek:896f90c6dcda90e99848	train	6497
sarek:a5ca13019891e4821981	train	6498
sarek:17290ce16770d02a7418	train	6499
sarek:3650a26e4c96b1901f4d	train	6500
sarek:9ea2df121eea14d1e7c5	train	6501
sarek:13daf58728d0decbc880	train	6502
sarek:acf00522c09e223818d6	train	6503
sarek:8ac738a7ad3c767379a9	train	6504
sarek:11d5b49edb06e1ae176a	train	6505
sarek:e6fa8cbfde9eac574841	train	6506
sarek:b5ae800fd0cf2a84bc7d	train	6507
sarek:b16bfc738097bf73a0a6	train	6508
sarek:1fe392d33e540da107fc	train	6509
sarek:2b27f9e804b3abe708ab	train	6510
sarek:9562e8ff3e597b966b5e	train	6511
sarek:e6fc08bef924cf754316	train	6512
sarek:b5888a1309d42167a066	train	6513
sarek:965fe46be506c0c4c9a8	train	6514
sarek:287d3321e796a92ea78e	train	6515
sarek:0628b002d0413afe1623	train	6516
sarek:1844cd98adc8be2688de	train	6517
sarek:1b3d48ece3482c976c52	train	6518
sarek:ec5e9f19073197bd4601	train	6519
sarek:7c623af2346ec0161303	train	6520
sarek:5fda452731c45e953040	train	6521
sarek:c70f3bae3631f94fb6ff	train	6522
sarek:e29e60c7c2da6a9a8eb4	train	6523
sarek:aa4147814c656a293855	train	6524
sarek:49e4133efef5e3ebf9fd	train	6525
sarek:22e2a47697e24ab75bf2	train	6526
sarek:5aadacb87456e85986fe	train	6527
sarek:9d4c402c07f3e16914d0	train	6528
sarek:6aa2ceb2fcd9d79c1f26	train	6529
sarek:53310ba050171cc0bff7	train	6530
sarek:187791189be3abe11237	train	6531
sarek:3d94a8a8aa13a2e747b0	train	6532
sarek:3e97eda5e9676fb0360e	train	6533
sarek:cab812d6c6abc4d0390f	train	6534
sarek:93b07fa554e1e2444e94	train	6535
sarek:1b0d6c2887b5fdb8e9ab	train	6536
sarek:203e756c23070aa1bc89	train	6537
sarek:3b1407ee718a2c5d5b14	train	6538
sarek:aa04ad053ffe81992033	train	6539
sarek:d7c74ebddbef895908eb	train	6540
sarek:4f7e0c88e9b2ff5e9994	train	6541
sarek:460bf7e5f170156f67f8	train	6542
sarek:721029fd7ec7cdca2221	train	6543
sarek:b08ebf0ffa5eaa21c876	train	6544
sarek:c4212f429df48058a376	train	6545
sarek:4b17e5a22ba615c8dd9c	train	6546
sarek:7a843b5d1135dd4f51d9	train	6547
sarek:8d9f53b186dba67446b9	train	6548
sarek:140ac6d1a6ddf090402f	train	6549
sarek:3d4e8633a8f750ed6494	train	6550
sarek:68192ed52b3eac31c355	train	6551
sarek:2f02db4eb2e75ec12ac6	train	6552
sarek:b8ccadcb3ab0e96ae358	train	6553
sarek:657c438ebe36c8813540	train	6554
sarek:9d7ad2683a31353397f0	train	6555
sarek:eeb52b51d73d95db286c	train	6556
sarek:786e3d58777b1ad12c0e	train	6557
sarek:9eb9cd7c864d383456ce	train	6558
sarek:4a8cc5b196cf8dc45912	train	6559
sarek:f4fb447aa54cf65c5a0f	train	6560
sarek:a905475bb2441a7f109b	train	6561
sarek:b7bd5f96267846d6fbe3	train	6562
sarek:e7e57f10a5edfc089db9	train	6563
sarek:3d3afad68d9af611da38	train	6564
sarek:bb6ec88e42a23a47f692	train	6565
sarek:e56b8757ed28d78268fd	train	6566
sarek:6a1f5e7dced81343ebd0	train	6567
sarek:46ebe2388ef12446b487	train	6568
sarek:942dcf00ae635e76bbb3	train	6569
sarek:2629d89bb12208459f63	train	6570
sarek:cf5e97bbbb4aefc9c4c5	train	6571
sarek:3c2cd7edeaf40dfbce37	train	6572
sarek:c3abd90fb572bd0c5a1e	train	6573
sarek:a71fe24d0ac9a4a14a39	train	6574
sarek:bae5253dd3e8809c3839	train	6575
sarek:9d814bec617037b02d8f	train	6576
sarek:b1797b1a5e7f40fe976b	train	6577
sarek:1bfcc2314ec7e29f5065	train	6578
sarek:cd254e056a1870eb9b81	train	6579
sarek:446f38a492a5895d9a51	train	6580
sarek:76536c23f0f471a5bfef	train	6581
sarek:81a16fec5861c51a0aa1	train	6582
sarek:deb8822be9ee8460ca70	train	6583
sarek:417bbab6293ad1eeeb17	train	6584
sarek:452834c103f9f77c0bf6	train	6585
sarek:012323a6aef7d50c29f8	train	6586
sarek:efad3b54e9c7f9d2338d	train	6587
sarek:ab905d79b33348fbc237	train	6588
sarek:bafc6a1bc932f56d41d7	train	6589
sarek:dd7534a23c6fa574e723	train	6590
sarek:3608046adc6dac47a4b5	train	6591
sarek:65928b6572990d055fad	train	6592
sarek:c7073d6db1e0e6528101	train	6593
sarek:885f3870e8368c792471	train	6594
sarek:2aade26343df65cb85c9	train	6595
sarek:fa83bd3da12599b54273	train	6596
sarek:d8fcfc375257b2b9cb55	train	6597
sarek:75ccccab6799e81f5406	train	6598
sarek:65624898edaf6d27c0fe	train	6599
sarek:70d3a9e6959fe41e07f7	train	6600
sarek:b7ed0f88ad59580b1967	train	6601
sarek:2ee1d52175bc264e2887	train	6602
sarek:51205800e8dd4555a0ef	train	6603
sarek:978c0cb15098cefab95e	train	6604
sarek:bc7e53aa696897ea459b	train	6605
sarek:34c559a61d2454c19a2c	train	6606
sarek:27bf60ef401d25269909	train	6607
sarek:01bb5d081a308707150c	train	6608
sarek:c277b6a70e156dab938e	train	6609
sarek:22ded99301301184b523	train	6610
sarek:cb4d6babc8c75b5719b2	train	6611
sarek:e023191fb4362e6d5a76	train	6612
sarek:70341fc7cecf998812b4	train	6613
sarek:2f5e0e0733613694243d	train	6614
sarek:ad6e7e99baef9a5197cd	train	6615
sarek:c1c5fc7b3d55442d6a8e	train	6616
sarek:b8b2fce155ba5be68595	train	6617
sarek:191d713143d8abe84880	train	6618
sarek:e1d8bf07198c1a48dabf	train	6619
sarek:71ca67141d91ff46f272	train	6620
sarek:9812bca80952652d3953	train	6621
sarek:43758f2023a8ce132751	train	6622
sarek:85a261c06efc808ec416	train	6623
sarek:39aa055b7a101ef148b7	train	6624
sarek:8215b12bd04e329b0771	train	6625
sarek:58833f25795a8e4e5e52	train	6626
sarek:ed554339bc366f967ad3	train	6627
sarek:c43f8ec9b5eb8e1d53bc	train	6628
sarek:ecf159341fd5c49d0ed5	train	6629
sarek:dc94d5b46b689ca12291	train	6630
sarek:0bf2cd1c3fb44cab78d1	train	6631
sarek:e883d8b68e69c70841fa	train	6632
sarek:8bfc722649f531cfcf1d	train	6633
sarek:ebeb54a74414e6b01945	train	6634
sarek:3376a2a65bd8da143632	train	6635
sarek:caa34598b0d44ebb915b	train	6636
sarek:802e0bb2f65a94483c66	train	6637
sarek:698dc81cc15e530e5f29	train	6638
sarek:f3369963a463f02ef47f	train	6639
sarek:91c4f3f40ae53e864280	train	6640
sarek:dce5356a053de77bcb74	train	6641
sarek:025f7b0f669035364f8b	train	6642
sarek:62ee4c363bb625ab328f	train	6643
sarek:755f8e17532f28f9beb9	train	6644
sarek:298f5a7b4046a34e05a0	train	6645
sarek:b96ab8b76ba22a23e9ac	train	6646
sarek:02b34c3e669d442c563c	train	6647
sarek:0c9b209a37f205e5cced	train	6648
sarek:6752ca610b3c32b1cd00	train	6649
sarek:8f3b533e65d675b22d31	train	6650
sarek:515cbd3643b47343b81d	train	6651
sarek:a362a02640cf7aaa57f2	train	6652
sarek:6429a64b01fc5159fd13	train	6653
sarek:770b86ce98e4817b9d52	train	6654
sarek:f5b0bb5f4bd4158da87c	train	6655
sarek:a88cdd5b48705fb7437a	train	6656
sarek:6b055a15756f978fb8ba	train	6657
sarek:7f255424f9a0eb8b7a2d	train	6658
sarek:4af36b8f9861b83c9215	train	6659
sarek:591b7430a089b91e723a	train	6660
sarek:519fbac48347038f3e09	train	6661
sarek:ae95839e032cfcf3ec81	train	6662
sarek:3e3579a4ceb217978c7b	train	6663
sarek:43063bdf88a6643365d3	train	6664
sarek:33d7302e879588632c77	train	6665
sarek:409f4fa0ce5981a1924d	train	6666
sarek:7ccaa8c24dd32e7e79a2	train	6667
sarek:76ade3f3edef499f1736	train	6668
sarek:288c06b2c485a58c4fc1	train	6669
sarek:1eb95257d773af910bf4	train	6670
sarek:f97696ba0a5e50ef509e	train	6671
sarek:103690aaf55576065770	train	6672
sarek:120c4fd61220b60bfde3	train	6673
sarek:601949a9fc500c4b54b4	train	6674
sarek:27048ef8fb5c7100a375	train	6675
sarek:b2922946144c989e98e7	train	6676
sarek:9d7394234d6ee87194ae	train	6677
sarek:03eae0257cb15e6282e5	train	6678
sarek:673e190b6bc0ba20638f	train	6679
sarek:2e4790d815b74d08ba04	train	6680
sarek:8e977ece555aef2fcff8	train	6681
sarek:defc3834717558cd3478	train	6682
sarek:a861252ad7336b7f607a	train	6683
sarek:ca3b18275890979e870b	train	6684
sarek:7378f69c3e772b049cca	train	6685
sarek:0d2a82f1317aaa7e12b3	train	6686
sarek:a1c848843db5ffb6a1fb	train	6687
sarek:dcc7d9341b7bd1c499f8	train	6688
sarek:e1a9fe0a84c49c508e1a	train	6689
sarek:b2b9339fad36e1d41e9a	train	6690
sarek:504cd81b13f1f79413a8	train	6691
sarek:c8a01531c67cdcde52b3	train	6692
sarek:623f3e1b93703601bdbf	train	6693
sarek:ee2bfba2abdebdc6c270	train	6694
sarek:0cea3ed1946b5801fb8e	train	6695
sarek:e548d6d0f4f64ba24bbd	train	6696
sarek:9ae3ca67b4c75e72e3ba	train	6697
sarek:d88bb0e5b92dd818c1ea	train	6698
sarek:e376dd6e9fa48f3e9b14	train	6699
sarek:ca0740dd01b88f8d185d	train	6700
sarek:3a0ee0f7f8ba14a92fda	train	6701
sarek:9c461d84f2c7895c1d6b	train	6702
sarek:e98980ca72fb2f502b44	train	6703
sarek:ae4246262cf68ee0beea	train	6704
sarek:218049998a6ed98c3faa	train	6705
sarek:7211d76a2a6d4c95191b	train	6706
sarek:134ef0164274abbbe18e	train	6707
sarek:bf614e7852460633407e	train	6708
sarek:e8375e024c02097ebe82	train	6709
sarek:0d46fea8de5354934b45	train	6710
sarek:369d80ed4fe78391ca27	train	6711
sarek:8726980de337e5c09af1	train	6712
sarek:a29f0cd3b3bc4e6b11a4	train	6713
sarek:13b0b8b73ba5dca6c20c	train	6714
sarek:42b4e4f941ef4d536fb9	train	6715
sarek:afc6046edf98d1230ace	train	6716
sarek:d21a58f0f86c97c84998	train	6717
sarek:1e5f9770608285dedf5f	train	6718
sarek:a5fc7d966d97e48221f0	train	6719
sarek:a67c4df9b90d3a2492f2	train	6720
sarek:4b0064bc10148ad7d208	train	6721
sarek:3cd116d58102550a6edf	train	6722
sarek:32d7ea2c9b70547b4cbd	train	6723
sarek:006fc4e6a75e423eb5da	train	6724
sarek:99447e4350608d9a16cf	train	6725
sarek:00d128f0b26890b09d53	train	6726
sarek:1e707d58f72e58d1d17a	train	6727
sarek:00880701b4299038f5a9	train	6728
sarek:39bf231da80c4954a7ba	train	6729
sarek:8e55147ab94291d94602	train	6730
sarek:575f067cd3ee90e5a45e	train	6731
sarek:dd2285b8a0722298ff1a	train	6732
sarek:ee6e3ebd04783c14c028	train	6733
sarek:7a192bc52e26ef9533a4	train	6734
sarek:5d5b0b3c63720c559642	train	6735
sarek:b7289bd71034e5740ee4	train	6736
sarek:5ff4a36378c837bf0055	train	6737
sarek:0a083daa5e3c208ab700	train	6738
sarek:54736ad39a56f096c228	train	6739
sarek:add8f8d313d3111ebe99	train	6740
sarek:d154267c8199b774216a	train	6741
sarek:8a30d870d94979420f16	train	6742
sarek:e85d0b9a5ae5dde9ab6e	train	6743
sarek:45e13a33bc80418de244	train	6744
sarek:58b92997ecb06e4acf0e	train	6745
sarek:9549ac7f9157fe135ee8	train	6746
sarek:32efa1efcb6afb5bccef	train	6747
sarek:41b75fe59349c028b5d0	train	6748
sarek:ef0a2dacafb3e2ed7631	train	6749
sarek:5398e115c26eebb663ed	train	6750
sarek:726384776b5f391813e1	train	6751
sarek:e4217c24609fdad7032c	train	6752
sarek:8ccf8a51d562db03a020	train	6753
sarek:33fc15fdb83397b63386	train	6754
sarek:05260f4da821f6dc681e	train	6755
sarek:e6025bf677c3b1a5f00b	train	6756
sarek:5268bfe404d1754608a0	train	6757
sarek:8f0bc8809a490c067208	train	6758
sarek:7ef655497a4a3a7216a0	train	6759
sarek:84aa5d1717ed962dc016	train	6760
sarek:30696d49d3af16f05d95	train	6761
sarek:d4b076de0b624140d077	train	6762
sarek:8b9e15681aeeaff37cd2	train	6763
sarek:b659f62698b18282cb8b	train	6764
sarek:24e2dc00e8f14aa223ed	train	6765
sarek:014694ed73af76922e05	train	6766
sarek:e405e33a115d46be4bdb	train	6767
sarek:b7a6425ba81ae3a6f6fe	train	6768
sarek:397a397cc5725f954f0a	train	6769
sarek:333432908e16a4447547	train	6770
sarek:b87788a5ee545894c007	train	6771
sarek:2efb23d92658a4ae8e49	train	6772
sarek:1dbf50bfcd98123f8c6d	train	6773
sarek:1ec696bde7657011abaa	train	6774
sarek:f4fe5860fdc148361e21	train	6775
sarek:b86b92491585b8c9f155	train	6776
sarek:ec5c6f5673375ae0c3b2	train	6777
sarek:2c362bcee14a32dee8f7	train	6778
sarek:5cfb902a15dabdf5b4e9	train	6779
sarek:8de8fb5e379a4f936295	train	6780
sarek:78a2ccea40f55596230b	train	6781
sarek:1398322fb1e5463a18e7	train	6782
sarek:9520dd6a7cc21ac2c0c6	train	6783
sarek:4712922ec937de640980	train	6784
sarek:ab20ce1f71b81820cfe0	train	6785
sarek:beb19eb0516fff299923	train	6786
sarek:1a10dd237287f73231f0	train	6787
sarek:2f03b4fefba808b4e5c0	train	6788
sarek:537d2a6783fd496ce251	train	6789
sarek:80243d7c4f4cc9ae7e24	train	6790
sarek:fe647143920dc8a731a1	train	6791
sarek:9741a7ec590b343422b8	train	6792
sarek:b8ce0d0e1e6e344cddf9	train	6793
sarek:0e247e399bf762112c78	train	6794
sarek:dbf839b21731e08e2c27	train	6795
sarek:88485b4e473ab8180fb3	train	6796
sarek:0f65986cafa3f08a27e8	train	6797
sarek:a0ac02937c007730ad92	train	6798
sarek:dbf9f16033c26806124f	train	6799
sarek:8b56e4d1d66391d7e1e1	train	6800
sarek:075f22f30651f87c2eb3	train	6801
sarek:0c92ada98e7ba2c09685	train	6802
sarek:7c4912fb04ea8cb3f2e5	train	6803
sarek:87a70bf2cc364919330a	train	6804
sarek:d542581684dcc77120d7	train	6805
sarek:7b15bcc606a6cbccb33c	train	6806
sarek:e22f837f10b78f34ca29	train	6807
sarek:63001d45b3226a14d2c0	train	6808
sarek:ec9356337728a3d4fd7a	train	6809
sarek:4440f66066694a63ca46	train	6810
sarek:a80a72ec5ea2474f7248	train	6811
sarek:1381b3e9bcdc72527642	train	6812
sarek:c4e6a155ede63b69eb5d	train	6813
sarek:9745def6cc0df521c992	train	6814
sarek:642cb2103e5f947f8a75	train	6815
sarek:06c28cb929e4df15bae9	train	6816
sarek:5f035c251e3a43424b1a	train	6817
sarek:0d8099150fa69fec2174	train	6818
sarek:58031dc1d22ef8854bb6	train	6819
sarek:467f87ce4928c4605454	train	6820
sarek:7620bcb9ad10541a9b91	train	6821
sarek:3f516e3ae9f80b260959	train	6822
sarek:6ba71a9a6943e3efeb9e	train	6823
sarek:c04e43810d1c59520f72	train	6824
sarek:6fc2a08e4d0b3ce24f4c	train	6825
sarek:16494c4bde4a0c95ddae	train	6826
sarek:5388db0e7fb8a48cbc5b	train	6827
sarek:ed27b2f9536d48035969	train	6828
sarek:1b58c96e03f16e6766c8	train	6829
sarek:25796eb44d44d8639f36	train	6830
sarek:7213dd12535b669883f3	train	6831
sarek:4a630daf79727e1aff77	train	6832
sarek:c6035a05541f254eb53a	train	6833
sarek:a8aafc6e2a7b55dcad8e	train	6834
sarek:4ea821fd0ee3fd4836b1	train	6835
sarek:084a2d0e50f752b822ae	train	6836
sarek:6e981d141d1c7bb01f45	train	6837
sarek:475a3867b445e271a95e	train	6838
sarek:a2aafaadbb4b8e53e00f	train	6839
sarek:846047c6d079884d0cf7	train	6840
sarek:2518f05450c45a038e49	train	6841
sarek:ef28e62dcf9e67e2b69c	train	6842
sarek:26ff9b172d38da0b8161	train	6843
sarek:037713a340080c3b3df5	train	6844
sarek:f03d7f7a1594ec1410f8	train	6845
sarek:1e6ad6ea909e5bf77848	train	6846
sarek:3683043668f097710925	train	6847
sarek:1abe19f80105b0bc231b	train	6848
sarek:2ee5c0ef89e97823d658	train	6849
sarek:63e5ed83341448da4c5e	train	6850
sarek:2a43af5b18b757a9da98	train	6851
sarek:1e243d38f06665c523da	train	6852
sarek:c62ce6c782d70c1aa90c	train	6853
sarek:6830fc036aba73161a6e	train	6854
sarek:b8da07b385636c9255f6	train	6855
sarek:1391b5922ffd291f102d	train	6856
sarek:76e8710bdf4bd6c0421b	train	6857
sarek:1f625a4e5a3c62c7056d	train	6858
sarek:567e94896acc1602675c	train	6859
sarek:90689aa1e023fb650358	train	6860
sarek:fa1c765591f48ea5a440	train	6861
sarek:b0ae4a3b3b06f075e171	train	6862
sarek:7e1fa05a3fbf15e933d9	train	6863
sarek:e755c02dbdc30f2d3b5c	train	6864
sarek:489b73e45cede7028d19	train	6865
sarek:5373a60c382a2aa3f185	train	6866
sarek:3ad6e62d383d0f5316bd	train	6867
sarek:1f740bffd7558aff9af6	train	6868
sarek:fc22c0bbcea7325245c2	train	6869
sarek:ca700a1f25dcbd1a4fbc	train	6870
sarek:00d4b44d8608d02b1c28	train	6871
sarek:1665aa409988b5a7abd4	train	6872
sarek:99ddf53ba1d79b26f9d3	train	6873
sarek:4e2657a9054d6c150393	train	6874
sarek:7af65d4083b735cabf8a	train	6875
sarek:618516bf7ca26b226bff	train	6876
sarek:4e9e173b959d164c9713	train	6877
sarek:1119d43d6a64ee373a87	train	6878
sarek:edf0fb6b318eee6447c1	train	6879
sarek:73f28fb278cf0a222657	train	6880
sarek:228127d4b5e1895ce952	train	6881
sarek:cd778da7277c703a6e38	train	6882
sarek:abe8ce834c4bdcad3b53	train	6883
sarek:38ee447fee7a35afc6b9	train	6884
sarek:e89d4446209d78296e06	train	6885
sarek:7a6cd9e58092aabd91d8	train	6886
sarek:0811179596d829d442fc	train	6887
sarek:78fe1bc87c57b837e554	train	6888
sarek:7682d3d0c88d6ba52771	train	6889
sarek:b6c9cc0d097e745515a7	train	6890
sarek:05b5bdbfc012637c58e7	train	6891
sarek:ef861e506e23a133172a	train	6892
sarek:b15ecee7dc66cd899594	train	6893
sarek:4a96a8330aa5cffb5c30	train	6894
sarek:be8a8fc868a91a8d9f5c	train	6895
sarek:a650dfac7e33a47c9591	train	6896
sarek:c82f0d607c156356532b	train	6897
sarek:0b84c199cd251c92c258	train	6898
sarek:e1332f6044e5884b3567	train	6899
sarek:c7c748f6db21019fd167	train	6900
sarek:e325bc55536e85da9368	train	6901
sarek:a05e88e5737c7b0c2c42	train	6902
sarek:c5104620f4a410b0c718	train	6903
sarek:cf54420f6ac3afd39c56	train	6904
sarek:cb1365c0c6e26a5b331b	train	6905
sarek:1e32d8168e2fca2e9a68	train	6906
sarek:afd74ddde872272a0152	train	6907
sarek:604dcd9ccdeaee9151ad	train	6908
sarek:1e414479f589177ab796	train	6909
sarek:5c2bd7b0bdd110cf23a8	train	6910
sarek:ebcd7fdbc06c60fb8a3c	train	6911
sarek:e221c9456ced2c194d29	train	6912
sarek:ffd255e7d10929914641	train	6913
sarek:f915d0177de4694bd21c	train	6914
sarek:608f6d7aa23daa8ff426	train	6915
sarek:fdae5ff22c4e38430765	train	6916
sarek:e622e1058ff47ef643a0	train	6917
sarek:7bf372f3dc136b71770a	train	6918
sarek:098fb2d9492f6d472e2d	train	6919
sarek:a1372e100244929a0626	train	6920
sarek:7d8de7e6d8dd483c2335	train	6921
sarek:af377f93baed9f038257	train	6922
sarek:c5898bef91c1db5212d3	train	6923
sarek:375d2d483d7f8f19ff5e	train	6924
sarek:6fc3eb72ef9e5100ebbd	train	6925
sarek:dd4950b406a911f68d20	train	6926
sarek:3a57b1808bf2d29c5a5b	train	6927
sarek:a9645d92e9cfbcee8fdc	train	6928
sarek:a98cc61a9201b2bed87d	train	6929
sarek:b9cde1a1b42fef222408	train	6930
sarek:7096f81432edf5d58b56	train	6931
sarek:0e133a7a83d459d50752	train	6932
sarek:9d5d9b0a9981aa44461a	train	6933
sarek:64464935a466502a3427	train	6934
sarek:5498104eb93e544d408c	train	6935
sarek:bbd09b7522890ec203e8	train	6936
sarek:a1de22ad240997f36a01	train	6937
sarek:730d03710aeeb6d0e553	train	6938
sarek:fdfbc8eb22a54dc9e697	train	6939
sarek:d645416cb0eb4edb27c8	train	6940
sarek:fc925cd878d14f0b78d1	train	6941
sarek:de378c44db977b63be85	train	6942
sarek:f69f180ff4dd3b59c18b	train	6943
sarek:c65184be00a0e8751d55	train	6944
sarek:fc1e818a255a934e39ea	train	6945
sarek:a25fc2304599202007a6	train	6946
sarek:b807d005ee43628b00d7	train	6947
sarek:f212ddaf22b289e4ed3f	train	6948
sarek:e7082f9ba14802e9e472	train	6949
sarek:74509d328650eabcc6b6	train	6950
sarek:cb02aa89cb402c1ea17b	train	6951
sarek:bc1df6813839cf05f2c8	train	6952
sarek:e84804f755b833556781	train	6953
sarek:96a523b1599c3d8571bc	train	6954
sarek:e4d319524abf912f8ec8	train	6955
sarek:31397ad4cf32f8b1b54d	train	6956
sarek:ad0078cd1e289ddc38b3	train	6957
sarek:da8f72320b31784dfa96	train	6958
sarek:9869fcc34addf1a2b5dd	train	6959
sarek:07e5b88363a869181fe5	train	6960
sarek:9da7466a6c6ffacfb1cc	train	6961
sarek:0a2b85888ad9a71e712e	train	6962
sarek:036d807157fa91cb04a1	train	6963
sarek:22d25e22f06e501dbf64	train	6964
sarek:09f530ac3364a1b6c4a2	train	6965
sarek:c459824e6c1304a05c32	train	6966
sarek:5014c0e781ae7139eacf	train	6967
sarek:15fca0fc8c1510ae5aae	train	6968
sarek:58f81dc0cda3cf89838d	train	6969
sarek:9ec3d44e73d510dc01a7	train	6970
sarek:9a8338f3e6418fd2c5b8	train	6971
sarek:61f4c45317d9807153d2	train	6972
sarek:5246c88aab533f4d5ad2	train	6973
sarek:33916fb03ab1edfa9ed5	train	6974
sarek:2e3266f3b0bde26db545	train	6975
sarek:7b9aa0615cf4e43ceb11	train	6976
sarek:b475ba802a02da5e5346	train	6977
sarek:c4bd92c8335084e8e1f0	train	6978
sarek:017a680fa0cd85ed9495	train	6979
sarek:2898ea9f79f052de07cd	train	6980
sarek:c6f184aa4a00ba02f46a	train	6981
sarek:2fd762f4825c5d93a0f2	train	6982
sarek:5fcd44576a5450a6f4f8	train	6983
sarek:ede89e557dedfb642414	train	6984
sarek:d782d3069ad810dca2dc	train	6985
sarek:c51c399c51646205313c	train	6986
sarek:771d9deaffd761585546	train	6987
sarek:2256120a5a54e48e94c3	train	6988
sarek:e9ff6622919f6425ad49	train	6989
sarek:94163dcff07c18e5b863	train	6990
sarek:5ba6dd181db0dd1d0f60	train	6991
sarek:4a2640869cc905b685a9	train	6992
sarek:75c4e5ce4fb5ae4e7405	train	6993
sarek:af32e1734223ae38ce61	train	6994
sarek:f485dded6e744f3c9823	train	6995
sarek:83e0844c3c2165bdb4ad	train	6996
sarek:24b649bd8d408a236b7a	train	6997
sarek:28237a5f421e0269d185	train	6998
sarek:6d9c6b31480357ed0266	train	6999
sarek:f2099776768be83c7245	train	7000
sarek:7cb296382ec9b94ed69c	train	7001
sarek:3dde54575eb80d1d4438	train	7002
sarek:770b64d846f7f0d865bb	train	7003
sarek:007c18cd80fc832e7990	train	7004
sarek:9bb85e7b6ae2ad548d0b	train	7005
sarek:8674459dbf98a1a0fc4a	train	7006
sarek:34343b1547a270e0e24f	train	7007
sarek:32c2c3e85dbf6f6734e6	train	7008
sarek:a53f47456f14eec0aa72	train	7009
sarek:ff38a212009e59019b31	train	7010
sarek:6850de3f2e64c2dc8063	train	7011
sarek:a5ada0135a458572ad96	train	7012
sarek:5ea0ce628efeafd42449	train	7013
sarek:6f6d71ef992560cdaf7a	train	7014
sarek:94976f203478b04d2f16	train	7015
sarek:f24aff606e966c6010ba	train	7016
sarek:01cb76f24dcc29aee31d	train	7017
sarek:11e325ad0635d869ce28	train	7018
sarek:f2b6afd3b405e1f15b3d	train	7019
sarek:981ebcf1380c4f3d3731	train	7020
sarek:b42aa1546342e3cb2134	train	7021
sarek:2f9bab865998187c85d9	train	7022
sarek:0b39bce44766ef61b675	train	7023
sarek:306363d5da8ba78fc8c0	train	7024
sarek:f2868f48619d7b9cfe0c	train	7025
sarek:aef895f292e76b184899	train	7026
sarek:6c03ef49d176271272b4	train	7027
sarek:75325323b556b3bc1a22	train	7028
sarek:4031a9251b66e1df0566	train	7029
sarek:ddff337f266b635b7f37	train	7030
sarek:c15b51aa043b633d9dfb	train	7031
sarek:a4502d2b78db0f171465	train	7032
sarek:6be0b4cee61bab3cc80e	train	7033
sarek:82c28995e53254ef4f74	train	7034
sarek:71807ff465bf96c366a0	train	7035
sarek:14e9036371a77ec711af	train	7036
sarek:04f41d84194274134f4c	train	7037
sarek:c47aed5bdeafcd7ad98a	train	7038
sarek:2373133b49b86addb59d	train	7039
sarek:b7277e3cc513181afa7e	train	7040
sarek:5b8bb2e6268a6884f3c7	train	7041
sarek:740c39f55eb741b69f37	train	7042
sarek:def229eb26cc3512b18d	train	7043
sarek:8d1c74b39f0ef14d4b0e	train	7044
sarek:6e8c51941c9d039d4f51	train	7045
sarek:fdca59f0be9e1d54d95b	train	7046
sarek:9e7049b681ca0f99d640	train	7047
sarek:5cd4c0c94c5a9684e7ab	train	7048
sarek:cbe5929e3a597984fc4d	train	7049
sarek:a52eaa01cd9e2bba8d1f	train	7050
sarek:0c71412af83fd566772e	train	7051
sarek:83f27d898a4ac21b68b2	train	7052
sarek:816faed5a6c1f3222160	train	7053
sarek:9050667b67795fcc3a11	train	7054
sarek:5fae9a287fc31b370aa2	train	7055
sarek:f07b56686dae1bab5ae1	train	7056
sarek:f03a5fbf0e4705a3993e	train	7057
sarek:fba6a9d52589c5d0ac59	train	7058
sarek:acf71f1e65345b9a33f2	train	7059
sarek:24f1beea34a8f9c8cb42	train	7060
sarek:ebdb1a04460b29d8c90b	train	7061
sarek:f86408b3673b4aa2d9a5	train	7062
sarek:a4d6d4fa49885f04af9e	train	7063
sarek:9d18c43bb2fe86010991	train	7064
sarek:6875dffb367f11dc61a7	train	7065
sarek:ee4bba8bc46bf47d791a	train	7066
sarek:6802e5bdec245cb71ea6	train	7067
sarek:1d81c2494301084a2341	train	7068
sarek:fa3d6e34041c1e148b38	train	7069
sarek:d666ce3f574232704009	train	7070
sarek:02c1d454e92dfdfa8981	train	7071
sarek:79203681ac531eea9df7	train	7072
sarek:d0a91b3b4252b352563f	train	7073
sarek:183604ad8d1af369b8cd	train	7074
sarek:187cc86e59ae5026a85c	train	7075
sarek:bab541a4b2a98ca1b364	train	7076
sarek:354bc762bfe82a781ab7	train	7077
sarek:c1aa20087979b4321b8e	train	7078
sarek:58e59f86fccd1f701415	train	7079
sarek:5b9df401c8fef379d644	train	7080
sarek:2a309f535b878914a0fb	train	7081
sarek:2be39bee4dd332190028	train	7082
sarek:9667357d9acb25f9a434	train	7083
sarek:2b1d24b829f14444ae5c	train	7084
sarek:9741cb0c9acabc4d8073	train	7085
sarek:1e053a119be43ca48c3a	train	7086
sarek:27283a0b801cddb3df9b	train	7087
sarek:88cdcc52f9a4ab06463b	train	7088
sarek:47cdbb35a6e759016f0a	train	7089
sarek:14f1b9a48424e575c76b	train	7090
sarek:3b31cef395d274733226	train	7091
sarek:83e5ac0badbe4628c70f	train	7092
sarek:74068523360ee57f3496	train	7093
sarek:d7ce88de9bf1fc675c25	train	7094
sarek:5fb253e3567b8aa1f1bd	train	7095
sarek:6ca1c75774b7db9d1ccf	train	7096
sarek:4e6491aeed1a5c634180	train	7097
sarek:f64f5bb1dbba338895e3	train	7098
sarek:67cea2a49824bf6df521	train	7099
sarek:6eff13f006170cd90a42	train	7100
sarek:b89f92d0333e86b71145	train	7101
sarek:b3fe703d8507ce9589b0	train	7102
sarek:4b69a4019039f31de602	train	7103
sarek:d937d092b838db4881fb	train	7104
sarek:66ee28e40032ea6ff101	train	7105
sarek:82e46a22f801d55fcb1f	train	7106
sarek:f838f7f4a7b00d9d8c8e	train	7107
sarek:07c2bbbe9a64558417b8	train	7108
sarek:41715f34163939305cc1	train	7109
sarek:d615c81a7ebc3c6eeef8	train	7110
sarek:98dfc3cde53bb2af3d28	train	7111
sarek:86650dce2b7f5d640443	train	7112
sarek:c32721457e77eb36d809	train	7113
sarek:1e17afb1413296a09acf	train	7114
sarek:d0cdad8976a9b87a3e7a	train	7115
sarek:265d7ebff75c518cb5ac	train	7116
sarek:a6d0fe46464bf0eba223	train	7117
sarek:166a225417439ee3d30f	train	7118
sarek:e63395e6f23cbafeb8c8	train	7119
sarek:dd7ba5ec0abff92a80df	train	7120
sarek:0803c321f42202c2d4df	train	7121
sarek:7f58eedb6b65b7f98e74	train	7122
sarek:9f007ef4aef42871b0b3	train	7123
sarek:68f6f53d892675fb2f0f	train	7124
sarek:8cf01446a46c1f5fbf12	train	7125
sarek:5e53424bce76a44d5aa8	train	7126
sarek:8938415ba9bc8e13d09a	train	7127
sarek:d665a5dfedc4b155aada	train	7128
sarek:8ffa4a853d68a500b75c	train	7129
sarek:a6fd267bc1d3df1f6356	train	7130
sarek:c37b80f46b1dd552c0fd	train	7131
sarek:203359de4b3ccee45988	train	7132
sarek:a4e3511b1b95855b92b4	train	7133
sarek:cde39db96517745d4e24	train	7134
sarek:491d1ce003d9db747a74	train	7135
sarek:a9593386f40ae60f9157	train	7136
sarek:f426212623f037cf4cb5	train	7137
sarek:f00284a74088e9f8317b	train	7138
sarek:de864718f445ab1a5c5b	train	7139
sarek:8a9d5d90c1d329267a44	train	7140
sarek:0af5c64102b13ce37934	train	7141
sarek:01b85a2096d93f3c0c0b	train	7142
sarek:d42f84ae89a4df0b2749	train	7143
sarek:33fe4b56dc24dee066dc	train	7144
sarek:4ee3963ac28efdce2cc7	train	7145
sarek:a8cd2ba469916cec7649	train	7146
sarek:820595745701f6082817	train	7147
sarek:7fe93eed72516fc03a30	train	7148
sarek:914baca9c28326c09e54	train	7149
sarek:10cb308600a7daecb7e0	train	7150
sarek:e312ba2c29d912c98512	train	7151
sarek:3852ed694bec5c71a4dd	train	7152
sarek:b8c9282163779beb7e0d	train	7153
sarek:0ee38584d7a91123618c	train	7154
sarek:770621f147376562aada	train	7155
sarek:c618738da3aa40f5b995	train	7156
sarek:e2f8c39b107a76c37230	train	7157
sarek:d7a9510c8308d13510b6	train	7158
sarek:805204b578ef851a1993	train	7159
sarek:e1e692af1a088fc43d94	train	7160
sarek:1ac16c10e7e143898c9f	train	7161
sarek:b61b1d343d7d52c6cf17	train	7162
sarek:85c05b579e9c4892193e	train	7163
sarek:cc7ce5b34f9e5d892ae1	train	7164
sarek:cc62c89418f4193828c8	train	7165
sarek:2477cb49377264405d7f	train	7166
sarek:49304491ae10cd49e4eb	train	7167
sarek:23d95122a75811a4c541	train	7168
sarek:2fa476c0381ea5765d50	train	7169
sarek:f4f6d4e2eeb9d3d7e89d	train	7170
sarek:2a8645fe0dc031dc45d6	train	7171
sarek:b528c0fe483e79727aee	train	7172
sarek:cb5b9732601824c81b83	train	7173
sarek:27c6698faa1384d3609f	train	7174
sarek:1e82f86139308b604986	train	7175
sarek:7b26222cac6ff5adc0d9	train	7176
sarek:5f5a4ffabb0fef5602b1	train	7177
sarek:3e992c6b90eb98c2f3ef	train	7178
sarek:7ebdf8de5948329e9f58	train	7179
sarek:b8afe40fe82096c17d62	train	7180
sarek:5503480abb942f38a640	train	7181
sarek:5d436c6da34d15d33dbf	train	7182
sarek:6bb70023f12f1674ca29	train	7183
sarek:772daba2aa5bc3a9071e	train	7184
sarek:66df966d0d5dbca2ecbb	train	7185
sarek:dd63ad3d65a44de6d212	train	7186
sarek:3818f4cd11b02a814253	train	7187
sarek:26b26999460a53e60bc9	train	7188
sarek:28b168221798c13cab83	train	7189
sarek:027748711edd6c694190	train	7190
sarek:9b8ec881e0266439775d	train	7191
sarek:36c561ed1277f740774d	train	7192
sarek:31bd795c0f6f2f7ee7a0	train	7193
sarek:1533c636da5691ae5861	train	7194
sarek:77fc9c40f24f82e39f80	train	7195
sarek:871611943138b0f7f1d2	train	7196
sarek:6cea078d5c600322c4bc	train	7197
sarek:e6adaba6143be4dcdba0	train	7198
sarek:932cf8877351fa7769e1	train	7199
sarek:9d34928deb99b710fe46	train	7200
sarek:6a95b16b1c1fba60eb5b	train	7201
sarek:badb78858325e0e48706	train	7202
sarek:856e904499d7ec2e0e35	train	7203
sarek:ec7e81772bf06ef0fecf	train	7204
sarek:2166325dd9e7e1cca564	train	7205
sarek:1db273823d2990cb43ae	train	7206
sarek:1f245edf7364d7629791	train	7207
sarek:99ee02f88ac90f28d19b	train	7208
sarek:0795e0261f02c77abba7	train	7209
sarek:71e01488611020d2247b	train	7210
sarek:e28624710e531457043f	train	7211
sarek:8db0e351a1af854c22fb	train	7212
sarek:cbbf59f0a66220be05f4	train	7213
sarek:db08bc835b8610cd3639	train	7214
sarek:6571fa1a4da12bd080bb	train	7215
sarek:7227ed41fa91e7b57e2b	train	7216
sarek:9334e1369b7f5521733b	train	7217
sarek:1ccb132759f9a63ceb84	train	7218
sarek:f95a1b1036589cf4bb01	train	7219
sarek:84889cf9123935c03733	train	7220
sarek:70f521e95bedf1081db5	train	7221
sarek:e770a304f4af16835fe0	train	7222
sarek:0a1c378fa1f3236b449b	train	7223
sarek:8267012dcdf09db48c48	train	7224
sarek:5845b24bdaab20830c2c	train	7225
sarek:c09b51df93d75532274f	train	7226
sarek:c3f7a6e3f7e531142297	train	7227
sarek:8926ce6bee2a62774766	train	7228
sarek:b7d5431ca20bbed3c339	train	7229
sarek:0e113ba89a8b9d0f138d	train	7230
sarek:31bea9b8f72f68739514	train	7231
sarek:c636437a66cb7b686ced	train	7232
sarek:b9ca1e1a5886ba3c01eb	train	7233
sarek:770c36e0fd4e82e83540	train	7234
sarek:2dcd49f05b4bca83bc47	train	7235
sarek:c0a0b1c10e89bb1879ab	train	7236
sarek:48522d34782c93c123cc	train	7237
sarek:44738507d7367c5c9547	train	7238
sarek:78da92a1f522f0255014	train	7239
sarek:312cd1c7a02ef877d7db	train	7240
sarek:f96404708d68dd41df0e	train	7241
sarek:705130c6563b023ef35c	train	7242
sarek:f8e2fc66dfade5f819c2	train	7243
sarek:13f7f4f5eb52ae0db37e	train	7244
sarek:6fd83612e19a786ba6b4	train	7245
sarek:db620cd2586a6e564077	train	7246
sarek:a9adef4721aff12e69b8	train	7247
sarek:660b63184329940bf95f	train	7248
sarek:c9fe82c3be855c6056d2	train	7249
sarek:5990aae3adf97bb01df0	train	7250
sarek:13f1fb1e8dc2589a19d5	train	7251
sarek:7ee436bb10175d0b0189	train	7252
sarek:4f6dc9348f5212b3ae2e	train	7253
sarek:e9ff16bfdeb952b279d2	train	7254
sarek:7115befb6079f53a8ee8	train	7255
sarek:9cec33c9530789089bf8	train	7256
sarek:f33faa58a79ba64836c4	train	7257
sarek:ecbf746ea7112865148b	train	7258
sarek:da7c277df02ecd90ddb2	train	7259
sarek:972b7333574906bfde62	train	7260
sarek:9cfd3dbee458ccaea622	train	7261
sarek:44ee76e1b78390e04bf8	train	7262
sarek:baff0eee45b9e5578ae7	train	7263
sarek:bfc5a11abfa02b4a70e7	train	7264
sarek:4482810ba2f3e209c723	train	7265
sarek:36ba608d505fb825e440	train	7266
sarek:78ccae7461efd304b0ae	train	7267
sarek:c747ba66bf31d6b13122	train	7268
sarek:5d0d5c4d2c06f84a5876	train	7269
sarek:7916fe8fa28991b5513d	train	7270
sarek:bf4fde1bd12c02c9c48d	train	7271
sarek:c0231b0bf00314800c6d	train	7272
sarek:72adbfb18f79eae5b459	train	7273
sarek:dcd3c1d0fd0981728e49	train	7274
sarek:4a7870998106d3d0c99f	train	7275
sarek:9021e18808053e4198fa	train	7276
sarek:384a9f4b3db54482df43	train	7277
sarek:7605916a0dacf1472cee	train	7278
sarek:345f025252a9390c3272	train	7279
sarek:e1b0e6ee3baf551f5fb8	train	7280
sarek:4a9faf2e156f2625327d	train	7281
sarek:67ecd7677311330169bc	train	7282
sarek:fb68de16b19ff6e83403	train	7283
sarek:fe70e603f790b86cf1d4	train	7284
sarek:2f4a44eaba5873dbd560	train	7285
sarek:9d68876273fa704fb824	train	7286
sarek:8a242eba5f0c5701e2c0	train	7287
sarek:c5207a4938461b83fa33	train	7288
sarek:568b04088a2b8d4473de	train	7289
sarek:652eaf9b17499e939849	train	7290
sarek:bfe854821d4b3627ec8d	train	7291
sarek:f1a6e03cd33f46523d40	train	7292
sarek:b6ad00cf550ceca97fc7	train	7293
sarek:96bf1aa72a8297ac4291	train	7294
sarek:93acf45f29017f5cd5eb	train	7295
sarek:cdc357f55438e6a62c4d	train	7296
sarek:c474dd68e404378be998	train	7297
sarek:c7e08cae892d27dcb835	train	7298
sarek:49781045368d611fbc48	train	7299
sarek:2e4d42389ee56c324ba2	train	7300
sarek:afc542abb7543ababba2	train	7301
sarek:3756f47eafbba7d8c862	train	7302
sarek:1284e57350adf190e51d	train	7303
sarek:e165b7835c6a7ed27fe7	train	7304
sarek:a413a7446162705b3257	train	7305
sarek:d43d7055fee43c18f21d	train	7306
sarek:754757008ddff3656fac	train	7307
sarek:366a18034fafc61542b8	train	7308
sarek:3930e70392de9f00d3f1	train	7309
sarek:714d9e10dec86bf6c2c3	train	7310
sarek:4d24f8583f36cbb189d8	train	7311
sarek:ed2da3393fb9e940863a	train	7312
sarek:f2ab7043cb5687c2e05d	train	7313
sarek:e20c209fb87526e0a816	train	7314
sarek:bb72fe663ee94b8c5e46	train	7315
sarek:5c85042fbe4c32aaf817	train	7316
sarek:ef94dcb41ae8cdb6954a	train	7317
sarek:fcce83f0bf08933c77c4	train	7318
sarek:5d975dfc4097935b44e5	train	7319
sarek:080c693374a1325f6ba5	train	7320
sarek:870b78d957614833d0ef	train	7321
sarek:f3ce87d871e3ee008845	train	7322
sarek:263210045b6a72c48d74	train	7323
sarek:4485d7b597c3dbff2bf8	train	7324
sarek:4b47fa946cbbfd4aad46	train	7325
sarek:7e23a9c16251efe93438	train	7326
sarek:1656800e104ca9e7a492	train	7327
sarek:5e65f61d635f01d0da3d	train	7328
sarek:ad0ff7b5d79b1bdc7446	train	7329
sarek:fc0ac676ba9e78d04e19	train	7330
sarek:b115580068f705d9b51d	train	7331
sarek:ed7dfbc2ff18a6b52ee4	train	7332
sarek:f777e652bf1dcf0987af	train	7333
sarek:43eeb62a24c296bb1b04	train	7334
sarek:d2d77b9c012d1f7c2e44	train	7335
sarek:031fe77a7755e591cf34	train	7336
sarek:4d2af4a3e1ee3de7913d	train	7337
sarek:9fd9a7dc7f0721b9b70e	train	7338
sarek:8da63be452d4a867699a	train	7339
sarek:505a1d3a56a3dbbb70a4	train	7340
sarek:6cee8804ed347f3ee1d4	train	7341
sarek:4bcdc13402e8f0e86ab4	train	7342
sarek:8e61f0d770e85cf76e0c	train	7343
sarek:693603f6016676ff822d	train	7344
sarek:cc41b975b38b5d161c1d	train	7345
sarek:9efa4c99a6f9a49faab8	train	7346
sarek:f597a04e63e6fc4ff2af	train	7347
sarek:e02ed6c49ce760eafb8a	train	7348
sarek:a5aa4ed17324ca9fb2b6	train	7349
sarek:ae9b443e45cc7bdbfc87	train	7350
sarek:2d99ea1dc3eaac53dd32	train	7351
sarek:9c8711b7137bc6700f64	train	7352
sarek:576203ec986e896922ff	train	7353
sarek:d364a4cb076f3bd6c3d2	train	7354
sarek:8db5b88e24008b8a463e	train	7355
sarek:0445f11ec55588058141	train	7356
sarek:62e29767ed3c3adcd82b	train	7357
sarek:b9390a28edf530b65de2	train	7358
sarek:90e29bacc502ab24fade	train	7359
sarek:0b093afb987219506cfd	train	7360
sarek:db8698f9812273769b56	train	7361
sarek:b11b8c32d6fdd84b75e2	train	7362
sarek:1c56429a047b4761c466	train	7363
sarek:3de276f75a7a775245c8	train	7364
sarek:bdc3cdca1e222f7ff033	train	7365
sarek:cd4e6a0a35feda5cd0a8	train	7366
sarek:67e4b21b4023d599e275	train	7367
sarek:6d761ab32fdeb9627da0	train	7368
sarek:3bd3178b16e3086adbb7	train	7369
sarek:0f7585e798420dfde290	train	7370
sarek:fb84c11d08ddf9178d0e	train	7371
sarek:60de04c08af97c66a1e5	train	7372
sarek:a75a929e3deca506c9b9	train	7373
sarek:02e3add5ba230a2b66d6	train	7374
sarek:b0d4bdcf51c7d963068c	train	7375
sarek:4a48f283f77bbf33f92c	train	7376
sarek:817569dae5e5903a58c9	train	7377
sarek:2929d48bd282a3b134e1	train	7378
sarek:f0cb966626b5dfcd8407	train	7379
sarek:414b70a50ab29ba9615c	train	7380
sarek:93d3158f02afe60d948f	train	7381
sarek:e7227256739050e49c1e	train	7382
sarek:bdac6f03e9c2a610fa62	train	7383
sarek:cf8830a5d581d7fb27af	train	7384
sarek:2d6f69e06c9a9e9e8434	train	7385
sarek:a498c320bf41c9060a0a	train	7386
sarek:27d2e0187b4e5450db07	train	7387
sarek:fb28c53dab16265e6436	train	7388
sarek:f5ad30f57165986981a0	train	7389
sarek:799546e880d38f12bd3a	train	7390
sarek:3bda1cbaac93ff3d4136	train	7391
sarek:6818a3c08ef0193dec47	train	7392
sarek:f5d0e4457c14757a6138	train	7393
sarek:f17c5fce3690ae5f923d	train	7394
sarek:bb0a2bee39dce91f8a06	train	7395
sarek:ad31a01c3adacb50b4fe	train	7396
sarek:005e0bd840cb479b1dab	train	7397
sarek:06bea841fc0e5913e6ac	train	7398
sarek:06f44d41ae6afc88545d	train	7399
sarek:099de42aeb7b44102c39	train	7400
sarek:4765f3c2b805ecd35e45	train	7401
sarek:6917d25a33134e621aed	train	7402
sarek:6099d00b3224509b597e	train	7403
sarek:5bd3f0f10de16222363d	train	7404
sarek:99dbebf0e8776ec262e7	train	7405
sarek:6b67e6b0783c704ab322	train	7406
sarek:e801466af9abe456f102	train	7407
sarek:e2f57881c23f39d79254	train	7408
sarek:5fbab37eb111478f7f1d	train	7409
sarek:ebad6a4be6e96b36c0c5	train	7410
sarek:385bea10b33373349b79	train	7411
sarek:0e9cbfb0d9e6e91c67a1	train	7412
sarek:589ea5e793a8b444a78a	train	7413
sarek:52d65df7fd5c2e496ee5	train	7414
sarek:fa973d02243a763a6942	train	7415
sarek:84ec8565382da51b49a0	train	7416
sarek:194bc2dbe9474e927e52	train	7417
sarek:53bf4a1d2ac8e39147e1	train	7418
sarek:c8257666d866dbc08678	train	7419
sarek:1a66a9d703a9024dd767	train	7420
sarek:a12fe2d6c348ad0590bf	train	7421
sarek:95e7b4585161d5af485f	train	7422
sarek:031d605a7d06ec666a65	train	7423
sarek:54e34f4f0c9e2cdadc37	train	7424
sarek:1795245af5c410ed0448	train	7425
sarek:b2f7726f2e8ac1e917b9	train	7426
sarek:0a5e32c909f087e225cc	train	7427
sarek:37ac7dbf50aec023d534	train	7428
sarek:b05de07558752a383239	train	7429
sarek:8b681e7b2e94d60b3977	train	7430
sarek:3e74679a667459f49b53	train	7431
sarek:8b2135932fdb9fc3d081	train	7432
sarek:cbdb13a8127a7192a1a1	train	7433
sarek:ea57a938ffd102010a64	train	7434
sarek:900d5f32514109bdd73e	train	7435
sarek:4553ac5b9aabfa3b793f	train	7436
sarek:479b2b0fa776529e6d33	train	7437
sarek:49568105b7dfe851d724	train	7438
sarek:cf61d186450d5871ccbc	train	7439
sarek:987400e6a59fb7b41fbc	train	7440
sarek:e260388c39ee9bbfc8b7	train	7441
sarek:6675246e623256d7dd50	train	7442
sarek:590d755ab183763afdad	train	7443
sarek:17f3f636213f54d90004	train	7444
sarek:2f0909a3375bddffd058	train	7445
sarek:1152856b56c1d5898392	train	7446
sarek:1d0d7af78b0f5c145267	train	7447
sarek:749d1bba784a1b61699c	train	7448
sarek:2bb050bd66676f9648e0	train	7449
sarek:bbd9c63b5e46ef523c1c	train	7450
sarek:1f71537487a8cbe1a308	train	7451
sarek:5cb93cfa4f1821304cc1	train	7452
sarek:d1af56ec8bf8227c8345	train	7453
sarek:bc0b79d81cf9e533065c	train	7454
sarek:dcdce4dc861314b838c4	train	7455
sarek:1f0c1c9960cb0f3d519b	train	7456
sarek:0f880cd7742308995262	train	7457
sarek:041e47283092537bf11c	train	7458
sarek:8ede51057aa0551ab7b7	train	7459
sarek:50b8aae4f878b27a4750	train	7460
sarek:b182cd889303a3f7cbac	train	7461
sarek:447fa3c1a48cd84f291a	train	7462
sarek:bf3a106aadf9132615e2	train	7463
sarek:325ec4147756c0cb8cc9	train	7464
sarek:57e161cd14c611143df4	train	7465
sarek:fd0d7ee944ccdc561833	train	7466
sarek:7c6bba23301bca3d1a54	train	7467
sarek:e5bc8c0a53953db69c5f	train	7468
sarek:a683b601b63c1a758399	train	7469
sarek:a2103cd10d607beb71fa	train	7470
sarek:955f87a815da1bea298a	train	7471
sarek:9bcfd6f715b5233b8b80	train	7472
sarek:3678aefa178ee586aff9	train	7473
sarek:2ad194be22e27af8f713	train	7474
sarek:cee08f9bcb65300572c2	train	7475
sarek:8c69f897692731ff7d75	train	7476
sarek:17e23e3ed228eb502d16	train	7477
sarek:c12ff0366385bb75e12c	train	7478
sarek:ef06124d8371f0b3ef34	train	7479
sarek:1d1724d21d48d668981e	train	7480
sarek:135e12671e56fcd3b5ed	train	7481
sarek:87ad53b2c4a537f30468	train	7482
sarek:e4feae9b55659e915ee5	train	7483
sarek:ab7e648a69788b590161	train	7484
sarek:759ebf4f6427a4380ff9	train	7485
sarek:12f72ba046d8289f6661	train	7486
sarek:35ae83c018998c9af168	train	7487
sarek:c118f42c7ba105878809	train	7488
sarek:237616d57e724303fb29	train	7489
sarek:6b6527d55450dd3613c6	train	7490
sarek:3f3f0b5b64488ab6e3ab	train	7491
sarek:00f8e956255d282d0022	train	7492
sarek:4adeeff210f3a9b85e60	train	7493
sarek:a8b98aacb80c63433048	train	7494
sarek:ebeb7f8b373420eded9c	train	7495
sarek:22b19d0b20b8e9290408	train	7496
sarek:cebe432dd630f04e863e	train	7497
sarek:ec16e7f2bab5f3c52a86	train	7498
sarek:b0a4d720936bbd5f17c4	train	7499
sarek:40f4a8e6866e6c834b86	train	7500
sarek:935374ba4555ed1a22e0	train	7501
sarek:656b9f9c5ca73669e1d6	train	7502
sarek:d669f0dcfeac44440004	train	7503
sarek:a8fdf06ce9dde2733370	train	7504
sarek:1a259a7d3a87574ed8ec	train	7505
sarek:8e2d42b05f14e2f43ada	train	7506
sarek:5ab4da480b1a25f7436e	train	7507
sarek:3444d3e3a41d1b3c29dc	train	7508
sarek:5db4e384aad2d03f73f6	train	7509
sarek:45fec94ff3c3bfa0dd6c	train	7510
sarek:3ea3ba865616c0e1165a	train	7511
sarek:ab2b0a0626fac0584185	train	7512
sarek:942e75fffc44fd9a433f	train	7513
sarek:fd3de8d68b82d2793fd8	train	7514
sarek:c93787dc0af7e7155cee	train	7515
sarek:1c913cc3c2cb74f58ee5	train	7516
sarek:73212a521dbc21809836	train	7517
sarek:b4045c7888c1b8c3d211	train	7518
sarek:0b395f46f11c1379728a	train	7519
sarek:a041085bcf367e3a81e2	train	7520
sarek:c97c6784ea34e561843f	train	7521
sarek:9057be83d67e679f89c0	train	7522
sarek:94569226471cbebb2a6b	train	7523
sarek:1d9d2717d41add12290c	train	7524
sarek:c951ce317b30a0c5d162	train	7525
sarek:91ec6fbcd8b4f9fcea16	train	7526
sarek:7b722ca0463fe184f6dd	train	7527
sarek:3b40313e6ef2aaffa6ce	train	7528
sarek:280f5814753b354f2f6d	train	7529
sarek:b9975ec2d1d6d5d6a621	train	7530
sarek:542e767a1065243731bc	train	7531
sarek:7019a385d2aaea079a44	train	7532
sarek:180b79a13eb67c6ecedf	train	7533
sarek:b0f6beea11aeed4b3376	train	7534
sarek:25eb8b1bf1fb3e575bdd	train	7535
sarek:93075f5df70da0ca4a40	train	7536
sarek:63289f501f2aa44079b6	train	7537
sarek:f1a44b13254f7dc9bd52	train	7538
sarek:e5f71c55f21b8d16329d	train	7539
sarek:0e60c18d17899aa83e45	train	7540
sarek:89085fd4588b9a556661	train	7541
sarek:b1a0c0a6bba892023da9	train	7542
sarek:1ae21c5a5aa52ea04f05	train	7543
sarek:6b591c55d741a9072486	train	7544
sarek:bf792006386a600e59a6	train	7545
sarek:5d5b2b94e2de82f920cd	train	7546
sarek:b6dc06b9e4bc2e9d46be	train	7547
sarek:19fe668767be1bb60757	train	7548
sarek:dd7fec625c952ff2364b	train	7549
sarek:11c3a452cb6300105b73	train	7550
sarek:ca7c5bd72b2e8fdf5d13	train	7551
sarek:5c227367486de6210736	train	7552
sarek:46b82e6cf3d9d790ac15	train	7553
sarek:3934719dab673688a8e8	train	7554
sarek:c1078fe93207d9a87d94	train	7555
sarek:b38f5700dda71e59ff30	train	7556
sarek:7a48c7e50ad6e58033d3	train	7557
sarek:ddef7b2fb76c361f9ca6	train	7558
sarek:b7b9616f1072f10d2c67	train	7559
sarek:a9a973c9fe0ad1b5c8d6	train	7560
sarek:072c43cdcf29152d27e2	train	7561
sarek:d8f11bcd5ac704a03de2	train	7562
sarek:36313aa2310af5c69f90	train	7563
sarek:1b2272a4f52bb6c3b89c	train	7564
sarek:ea971cb9a5e8c9aae7d3	train	7565
sarek:078d1e6786f6641990c5	train	7566
sarek:8791266a856917e9cf53	train	7567
sarek:c914ac1776022c48fe9a	train	7568
sarek:9e824d165648c190a327	train	7569
sarek:212b4d05649a09c543de	train	7570
sarek:502d473c269485ee0f56	train	7571
sarek:2ebab4e8f2f9e2f3059b	train	7572
sarek:021eef0ba5e61c8bbbe9	train	7573
sarek:eef151445d2273801d22	train	7574
sarek:f85311882b86303efab8	train	7575
sarek:adcee64da9195be92c41	train	7576
sarek:ba8967547517eca105f2	train	7577
sarek:a29adea11c5bff18cf09	train	7578
sarek:b20f4390debe295589ee	train	7579
sarek:5adedcbee9b8035547cd	train	7580
sarek:6d3c5901d4f0e12ef758	train	7581
sarek:15a0945f0e6a8313ee77	train	7582
sarek:a2e72c33f832286f1516	train	7583
sarek:5b24423adbf78dab77f8	train	7584
sarek:7bff13a162f1a7e5943c	train	7585
sarek:2b04eafb09be58b618f2	train	7586
sarek:81be9281ef4e39a1da06	train	7587
sarek:b3652eedd435931e7751	train	7588
sarek:e3e6a2df1a1a71d1df56	train	7589
sarek:7e3f05ac9d00b33372c2	train	7590
sarek:742f874ea34e4a073e60	train	7591
sarek:a1ea510dd0ad6fee31b2	train	7592
sarek:5fbac58ea2c547b22002	train	7593
sarek:dd8fb3eb4eb70654d936	train	7594
sarek:84e4d613534e741fdeb1	train	7595
sarek:5856dee4892581c5e8da	train	7596
sarek:6cc5dd697b61722c847b	train	7597
sarek:8ec0bdfbd36cc8daec0f	train	7598
sarek:382d9297c4844b9e1698	train	7599
sarek:5044f812f975612531a4	train	7600
sarek:74817dd7683f132a02ba	train	7601
sarek:afb939f3918881204ad6	train	7602
sarek:636e62d4779e0162d47f	train	7603
sarek:09a4dae7288db89b9e51	train	7604
sarek:ef186f36d50638f9cfa5	train	7605
sarek:f8bd165aed2372ae9bfb	train	7606
sarek:2117028a3d8426ef99e4	train	7607
sarek:8e83bb12beccff7fa1f6	train	7608
sarek:e364c76d3cf9d3b3661a	train	7609
sarek:226a42c1b41519490b54	train	7610
sarek:8272863cae4ebd05d42c	train	7611
sarek:02f2f3cb886bae39d37d	train	7612
sarek:9db889116c9f1b022b1a	train	7613
sarek:1da9157a208964f00a5b	train	7614
sarek:25e296fc4d4bbeac5ec2	train	7615
sarek:26944e2bc6824318ef47	train	7616
sarek:4445523665aec2d27265	train	7617
sarek:c2c0d9a949756ca6ae84	train	7618
sarek:a0c75d5e4b9c7ea05bf0	train	7619
sarek:7bb2ed72d9d4087ea3fd	train	7620
sarek:ac75431f8773ef763783	train	7621
sarek:d86282817dcee4bbe6e0	train	7622
sarek:e2d151ede152302ef5ae	train	7623
sarek:59f582c00ecaab4fba50	train	7624
sarek:d2ee96008839a5ab4511	train	7625
sarek:b2610fde8424afa82c68	train	7626
sarek:011324e50792dbf44225	train	7627
sarek:4a0faa88ec5ee167603d	train	7628
sarek:1939e1ad7e73d7763105	train	7629
sarek:d0cacb3380320d457a23	train	7630
sarek:1810b83836d4ab2f3f9d	train	7631
sarek:c65dbbd52da474cfc6dd	train	7632
sarek:2a2d52b38d4758182b90	train	7633
sarek:34c1a5eb9c1bdf9f5e46	train	7634
sarek:8c7bbb386a5d06589906	train	7635
sarek:d33846d3d023a08c0751	train	7636
sarek:21a69b4540c155e9ccf8	train	7637
sarek:ea1396bbc2edf6312f6e	train	7638
sarek:c2ac533496efae13cf44	train	7639
sarek:377dc8103944ca499e05	train	7640
sarek:fe3a18c624c230040662	train	7641
sarek:3915af6f41f268b09e19	train	7642
sarek:3668ef970ed196b41f93	train	7643
sarek:4b9f51bbc039fcd51f1e	train	7644
sarek:1d4d0be4afb045b14d24	train	7645
sarek:9bd74232b8f99b356453	train	7646
sarek:12222b0ea40ce012e3a0	train	7647
sarek:668bbedbfbf8e3f42536	train	7648
sarek:493145682fe21be79f5e	train	7649
sarek:d435d0afed0b1fd5afee	train	7650
sarek:6274a5b558d6298f8087	train	7651
sarek:da4c4c3423de650ed2a0	train	7652
sarek:91a625a6d9b3b88f5cd0	train	7653
sarek:841b93f80d5ee027ed56	train	7654
sarek:cb13efc82070d7deddf0	train	7655
sarek:c0798e836d735a833a7f	train	7656
sarek:be13316062476450835d	train	7657
sarek:ff8d463aaf051a78b3ad	train	7658
sarek:b56df3c064a46409688d	train	7659
sarek:8d498167c230097e5c43	train	7660
sarek:57767fc62cfcd3bba2a0	train	7661
sarek:bdbf1638ceae1e54475c	train	7662
sarek:90ebe3b40d75e94975ad	train	7663
sarek:f4fbf15f8be100026243	train	7664
sarek:d2feacecc57d808c2bfa	train	7665
sarek:d2c5d218b546be76fdd9	train	7666
sarek:0f0b72edca9024879b43	train	7667
sarek:487502dacad6e163b9fe	train	7668
sarek:0d14682f2a1987ebb1e2	train	7669
sarek:aefafffc822b1e491d26	train	7670
sarek:941e880d0c80b2dbcbb3	train	7671
sarek:a0dbcfba9e0863817019	train	7672
sarek:b2fb174ea8e5896a6662	train	7673
sarek:b0ab69f2cc1bbf970ab6	train	7674
sarek:a17c854d6ba61b451148	train	7675
sarek:803944d9ad83ae1ce6ce	train	7676
sarek:88e83f8f8b105105af4a	train	7677
sarek:7fefc631660e1aa6a2a5	train	7678
sarek:b6ed3a758b26d43239dc	train	7679
sarek:367146b2a6145f86f7e7	train	7680
sarek:33dae0eb4b9371a80a06	train	7681
sarek:890cba6b67b7d0085ac8	train	7682
sarek:0ccf6a6e46528e941569	train	7683
sarek:cb7790727e8c1e507c6f	train	7684
sarek:29b14afdc0264f539a71	train	7685
sarek:06bf2ed9782a69eaec92	train	7686
sarek:2b46a231d516be1a91f2	train	7687
sarek:350c6170a0762d27cc31	train	7688
sarek:ce7a1d2afc7acfe9a326	train	7689
sarek:cf33f83ef7349f1fd7ae	train	7690
sarek:c3505b99cd7947f727f3	train	7691
sarek:d1b65a6bd321d50825a4	train	7692
sarek:bbe38105c91bf7408085	train	7693
sarek:264f51d07748f1e46e13	train	7694
sarek:ed7ad265bcd4294f916e	train	7695
sarek:e82f3ba9ce6fe3549888	train	7696
sarek:f01cc3ad7007f0d34567	train	7697
sarek:1bdfcc9fa49364248089	train	7698
sarek:e16a2bbd598d16934f37	train	7699
sarek:d10ca8d515e068d16bec	train	7700
sarek:64fbd9d1d85a16bac35e	train	7701
sarek:aa0fb64927712d1137df	train	7702
sarek:fc8f0bfd163640a79613	train	7703
sarek:32553ce202f19878d438	train	7704
sarek:cd2cce2c9fcf6936ede7	train	7705
sarek:4546ed8337d9aeb1babe	train	7706
sarek:bcd58707428a6ce9602f	train	7707
sarek:fca6a58d8f2755d08350	train	7708
sarek:d1c2a73b7565674fd3cf	train	7709
sarek:02cb66577a86b9fea5b7	train	7710
sarek:48d07df1fc197c29b503	train	7711
sarek:a673dc7f9ff4002f8cec	train	7712
sarek:39146e39bcb6c26b0f09	train	7713
sarek:4309ea375e9b35242077	train	7714
sarek:e024754ae4cd9348a00e	train	7715
sarek:c16ca8e0612c42691625	train	7716
sarek:e55cca63dfdb4c5f6fb8	train	7717
sarek:cb5bb61d56cce2dc4403	train	7718
sarek:15ded1edbcfc806e19de	train	7719
sarek:a57a88eccf359ea3557f	train	7720
sarek:3b32163c1a7dfe541ca8	train	7721
sarek:9e9050557d7031b3930c	train	7722
sarek:b207692f7ef2c73e5479	train	7723
sarek:53973f6543b6c563ee34	train	7724
sarek:55592304d4e56a9cfa77	train	7725
sarek:dd151a0d47f34913dae4	train	7726
sarek:0660cdeb99e32c23a6cd	train	7727
sarek:beff16ccd8dd56d5399b	train	7728
sarek:46744d1810f6a98f8999	train	7729
sarek:51d44f245ebeaaa9e88a	train	7730
sarek:919fb138674222805751	train	7731
sarek:59cee3ec5ab642ac1a5c	train	7732
sarek:29c3933fdd29141fa927	train	7733
sarek:b689bd2d8d007001e6be	train	7734
sarek:b220cd3fbc14649814b9	train	7735
sarek:c233cceb7a48c5ac1d60	train	7736
sarek:ce4530e16094eb0b0592	train	7737
sarek:e6dff8320f9f5b23a696	train	7738
sarek:3addc9125dd73b0c5a14	train	7739
sarek:463780e9f52a5730f6b4	train	7740
sarek:4188d93e85a102b47200	train	7741
sarek:2eb0a904acb828d98ebb	train	7742
sarek:2e836eeb153b81b97cd1	train	7743
sarek:5fdf33169f7907d8da53	train	7744
sarek:c6de08b9c6032a1749b5	train	7745
sarek:2de0055d77112b275e37	train	7746
sarek:698eb7e7fb4c1a81111d	train	7747
sarek:8ee3bfbaa7b19aa17feb	train	7748
sarek:3df23e5a42305e3426f0	train	7749
sarek:ae24a7381f5c98d1779b	train	7750
sarek:da724d7dc75c5af9998e	train	7751
sarek:bdfed157a20dd4f42250	train	7752
sarek:2d82ae85c6ea4f20c5ae	train	7753
sarek:59ca1d21e38a8458dc39	train	7754
sarek:8bb57f8bbed9ace3be99	train	7755
sarek:1923bbbd5731b21a36d1	train	7756
sarek:4e3015c46e815ac27a33	train	7757
sarek:9843bfd323f6156123a1	train	7758
sarek:5f977f69d2306f1e42cc	train	7759
sarek:691f1426ab766cd4d57d	train	7760
sarek:66e549913dbaf6f08034	train	7761
sarek:25e19395b1741f6b96be	train	7762
sarek:58b02e52e52cf8b620a0	train	7763
sarek:a28175357d51e219d32e	train	7764
sarek:531c2c57b19242f41771	train	7765
sarek:1ab82ebae4697379b09a	train	7766
sarek:21c3e9231853511128a6	train	7767
sarek:70ac714802d2787a64a1	train	7768
sarek:e4b4aab0b99a2c4d5d47	train	7769
sarek:050b4f7986cce9c3c2f0	train	7770
sarek:20a1b815d79d19e5b5d5	train	7771
sarek:eda3b9082c1c276ec009	train	7772
sarek:fdec4329fe5cb112157a	train	7773
sarek:519ad730e35030038d99	train	7774
sarek:323f50dc26dfb079c753	train	7775
sarek:736a84be173b530f07fb	train	7776
sarek:069ed2f810cdd23706a2	train	7777
sarek:8caf54faf47777ba124a	train	7778
sarek:62c7c147a689962db64e	train	7779
sarek:ed709fe43081564277d9	train	7780
sarek:c5832d7c95e1b96d30c6	train	7781
sarek:8f02563c2d6df6474fdf	train	7782
sarek:df43bf654de7e08c1872	train	7783
sarek:b2b4c0345481c6a369a2	train	7784
sarek:b2508eb94a2279781ea3	train	7785
sarek:475b36df12d1c9fd9b69	train	7786
sarek:1b9227e0ce052a6ba5ff	train	7787
sarek:de45b8f765756fd3eba2	train	7788
sarek:d014049bf6ae104f8cac	train	7789
sarek:e8528d5e405cbc4e4a2c	train	7790
sarek:fa563273127cb339fcb0	train	7791
sarek:53b44cb9b1958573d18f	train	7792
sarek:b68fdda5fbe755d1c3fb	train	7793
sarek:5549b98e4606cd1c6f34	train	7794
sarek:8a78ac28ec23aa0363d1	train	7795
sarek:47237a7713a640cc13d2	train	7796
sarek:79e80942e195b5acc2d8	train	7797
sarek:fb38bfe05d93d615f9ba	train	7798
sarek:161cd54f62e665d9aa35	train	7799
sarek:97907e352790a79825ec	train	7800
sarek:4778d3144ade6a006575	train	7801
sarek:1153a2a13005fa2e3f6a	train	7802
sarek:bcddc5981c5f436b2bf9	train	7803
sarek:0a14509a71cda0c66046	train	7804
sarek:7f31df5f1d77fc81ace0	train	7805
sarek:6572c0e079a653eb67b5	train	7806
sarek:af62a6f35c60515d6c12	train	7807
sarek:b7adcf7499bb6aec35c8	train	7808
sarek:7c8687cd0a324055a320	train	7809
sarek:1a10937c18580877862c	train	7810
sarek:68bf54f42afbe82feeec	train	7811
sarek:ab5d6f2ff7803087ddd1	train	7812
sarek:9dbcf7ea748991ba026a	train	7813
sarek:2673909d3858f2e0079b	train	7814
sarek:0370fa3c6a0fed79e32c	train	7815
sarek:6d105ef8f4b3c3595734	train	7816
sarek:81148b325cb9bbd0a4f7	train	7817
sarek:be0272dc6764676b2532	train	7818
sarek:4d1465c661abf860db19	train	7819
sarek:a8a9849218df45c2f2ce	train	7820
sarek:424aeb6fffe0018f6fed	train	7821
sarek:1dea2ca7bbc071bdb320	train	7822
sarek:c715b9987e3987cbba7c	train	7823
sarek:556531d80e36e5a1202c	train	7824
sarek:435fcede4d84a20b2462	train	7825
sarek:c0af6b8cb121fa2f091d	train	7826
sarek:63013ab3e48561903869	train	7827
sarek:60c000ffdbd368cf9f25	train	7828
sarek:4f3e2ceb1394bec03e8c	train	7829
sarek:3a86da8b3378806ab4b4	train	7830
sarek:23a247a7b89f52a81662	train	7831
sarek:6fc63b4f70d9195800d8	train	7832
sarek:3be387ee2ca2b8d3a7f4	train	7833
sarek:530f7ba4f2cd17866ea7	train	7834
sarek:bac5f5a49d8dcf0816ed	train	7835
sarek:19a3f9f6b385b1891b37	train	7836
sarek:4742c0c2eb32f36cb36c	train	7837
sarek:fb7fc1f05c96c140f8a6	train	7838
sarek:a7b7f2d40db33e665471	train	7839
sarek:e25a05fb1d066fb9b319	train	7840
sarek:97abc815ca2d6fff2e57	train	7841
sarek:a8a89e9632e1b4d42693	train	7842
sarek:b53b18bc2c0ed268b009	train	7843
sarek:e51bad607236a82c7c7f	train	7844
sarek:4b099875e3b7c6b299cf	train	7845
sarek:ff718eb6a996e5321575	train	7846
sarek:56dc7cb72d59fa966994	train	7847
sarek:3d0d3649f8b4ad7d22ad	train	7848
sarek:c57fe7a8e48200b1fa47	train	7849
sarek:5f7548c866a9bfa71bf7	train	7850
sarek:039d542bbd8510d2ee9f	train	7851
sarek:680122f2c6aa08784d0b	train	7852
sarek:cffb320f824c543331c6	train	7853
sarek:b1415d6d9ebfee63a64a	train	7854
sarek:6934f4bac32fb9d0f779	train	7855
sarek:b6a8cd189f5be280164c	train	7856
sarek:c1f60b17744b30882b50	train	7857
sarek:e6077e079b5e16cdac4d	train	7858
sarek:f907ff428b2257d6434d	train	7859
sarek:dd9588d506bb3b41c505	train	7860
sarek:953e6a93ff67dc29264a	train	7861
sarek:457b1f54f4ef7858c202	train	7862
sarek:6d19092cce1048907663	train	7863
sarek:7b09a63379cc1bd7f655	train	7864
sarek:3ee73946149715ff11f0	train	7865
sarek:63acc8c7b8e7cd24a9b3	train	7866
sarek:763582d00858f27a2a08	train	7867
sarek:c76eb4e6d05559456ed6	train	7868
sarek:7389f5876b64dc72319b	train	7869
sarek:90120580786fb35865e6	train	7870
sarek:20eacc5d7ebd803d3667	train	7871
sarek:e9eab3b0f8f8d0a96695	train	7872
sarek:aafa2ccd9608c7baf881	train	7873
sarek:c4cd66ebc891fb9a4d80	train	7874
sarek:3a6bca1d9e85e462bba6	train	7875
sarek:57d542060d344cb66354	train	7876
sarek:659699b170b527d9a583	train	7877
sarek:37d6a7106fa3972ccd8e	train	7878
sarek:6442cb56e2ee655b6218	train	7879
sarek:95022350f50029790d53	train	7880
sarek:9c82b056eba2c9d434c9	train	7881
sarek:67ae42077d0e45d756d9	train	7882
sarek:6e7dd349b62b4695b3a9	train	7883
sarek:c763784ec4cf8f97bed6	train	7884
sarek:d0d81f82a1752685b722	train	7885
sarek:da2d6d41f8b51f27b170	train	7886
sarek:fffa3692217851a1abb5	train	7887
sarek:734f5a99846ff1065821	train	7888
sarek:24a1bd85b1af925c4942	train	7889
sarek:52528c38ba38b82b7353	train	7890
sarek:c21f7328ea65b7a95068	train	7891
sarek:8166d3125a324085e525	train	7892
sarek:db862e8d37cf7f1d5b4f	train	7893
sarek:f66bbb77522c73bfca36	train	7894
sarek:6dc0c52cc32c69d0a495	train	7895
sarek:acf2c4e3d04905a852f9	train	7896
sarek:cedfbe8c5c4215f54c33	train	7897
sarek:1ad944c80ac4bc3437ad	train	7898
sarek:b909461d2374a076f017	train	7899
sarek:cfedc02d967014a06c0b	train	7900
sarek:f3ac2d95af1ad371af52	train	7901
sarek:77d6eb60d7a9b676f5a8	train	7902
sarek:942bc81d854ed7f74959	train	7903
sarek:27a4839486c69555c722	train	7904
sarek:aa45fd83dc10759cb6d6	train	7905
sarek:0eed1cc5c9217ce4cba0	train	7906
sarek:ec351f166890f3b9c018	train	7907
sarek:a2f0130f189c3542dabd	train	7908
sarek:863b478a5afe216d2d5f	train	7909
sarek:674ccaa11ee9d7b77765	train	7910
sarek:14d8acc2d1dddea0c2d9	train	7911
sarek:cdd871c3789e417f6200	train	7912
sarek:38d6707f782f2ad93a9b	train	7913
sarek:cdf3e8bdb5a91a7afaa2	train	7914
sarek:1927d182fb4aad18a17b	train	7915
sarek:44fd0405f2da114deb11	train	7916
sarek:e963090f1622ea43b5eb	train	7917
sarek:1dbd628b56915ec3cd52	train	7918
sarek:85b3fab7b76db46bb9b9	train	7919
sarek:e73a5142508267ec3b2d	train	7920
sarek:4823f17d46dc20b7b93e	train	7921
sarek:ab859572277f6862fe44	train	7922
sarek:39f1519f6d4bb0e87d0d	train	7923
sarek:4e89c2709b059617ccfb	train	7924
sarek:ecdfd888e32e888a6fc0	train	7925
sarek:19fd9455d81529023d92	train	7926
sarek:299b14fe167308e7d098	train	7927
sarek:4d7689ab8f5c2356f311	train	7928
sarek:6bcbe2f69c82f24785cc	train	7929
sarek:33ff7c67da0794d85251	train	7930
sarek:021501f132a8606e67ac	train	7931
sarek:56976fcb5adc2c033e97	train	7932
sarek:a1c03e0839508db8b04f	train	7933
sarek:d417de691359b6f6158d	train	7934
sarek:71c75f3f3c0d7d2c5a7d	train	7935
sarek:ea5dbe244227df976669	train	7936
sarek:eab82f2352e234f0163e	train	7937
sarek:0333c6767f523ab574c3	train	7938
sarek:baac822d333b35a1d2f0	train	7939
sarek:b5469e1a2eebdb09d2a1	train	7940
sarek:54041416e12746691ed2	train	7941
sarek:6b25ee050886b54c7983	train	7942
sarek:aca9fb4f86d37705874b	train	7943
sarek:b47ff347eaf6604929da	train	7944
sarek:9177a00636b4174cad00	train	7945
sarek:7bcbf9bbc46f53c4c092	train	7946
sarek:c313fd6b669f3e4bec67	train	7947
sarek:4b03924a36815503c473	train	7948
sarek:60dfcc6c852159d08cea	train	7949
sarek:36f7993a7ff7c7402a45	train	7950
sarek:8ae5acc2635f4f198afa	train	7951
sarek:a37a4a361ad239695fe1	train	7952
sarek:90bd74c9d182696cccf8	train	7953
sarek:a59cf1e6cdaea840d8f7	train	7954
sarek:579ab6dd371e038f3984	train	7955
sarek:f9bb64da138b3022a078	train	7956
sarek:a5855a5bca786feca9f8	train	7957
sarek:0d1478ca2c7b04cbf2f6	train	7958
sarek:fb94cdeec42f9ba5b197	train	7959
sarek:4b343667e18ef09a81f3	train	7960
sarek:90978e1a987167d7b4af	train	7961
sarek:c344b98052c2c7b6a1dd	train	7962
sarek:d39ff66832d121f8dcc2	train	7963
sarek:03e5be1edcc9af776776	train	7964
sarek:0d13f423621c19f5db85	train	7965
sarek:15815733305174982cc6	train	7966
sarek:335a8244923d8b17914e	train	7967
sarek:f254bb20004b9995ca97	train	7968
sarek:8ad54f0fd84899c0bc37	train	7969
sarek:f7ab94a947e3930d1cc2	train	7970
sarek:2f94e5daab176902798b	train	7971
sarek:7398f562f868ba558a28	train	7972
sarek:46371cc18cb11c5306f1	train	7973
sarek:fd842cbe9eef4f01319e	train	7974
sarek:75ba974f7d8bb2ba1782	train	7975
sarek:bd364e8965b13e31cea9	train	7976
sarek:45d0b664319baa8e3965	train	7977
sarek:0d6664540e55b4026695	train	7978
sarek:5de2a39749e8dde2dd1a	train	7979
sarek:e85b6591937b11cc146d	train	7980
sarek:7b0decc4f4cbe3d00e24	train	7981
sarek:45e291f55a3a59bdd76c	train	7982
sarek:2c4b3fa3842607797dfd	train	7983
sarek:f8ce9855b0d8cf2823b5	train	7984
sarek:23020feb2e6567d0b6a1	train	7985
sarek:ab2e8d6b192504a570fb	train	7986
sarek:3e117695941b8c272da0	train	7987
sarek:2aa875930b20bafc3359	train	7988
sarek:23d86cdfcb3f4ef455b3	train	7989
sarek:4cde68b9ac7580856bba	train	7990
sarek:ced4ed9f8095d036dbd4	train	7991
sarek:e37e14478f5c70175cf1	train	7992
sarek:0416dc6fb3ac6754a2fe	train	7993
sarek:752c26e24177521df660	train	7994
sarek:4f4eb3c6de0e2727065f	train	7995
sarek:d3b4c0985d4950c3728d	train	7996
sarek:deb98038e4146a337142	train	7997
sarek:9354632faa4c672649f2	train	7998
sarek:41e406b7890a273be233	train	7999
sarek:ef45f835e56bbcd49d5d	train	8000
sarek:dd732d4a24cdaf9414b8	train	8001
sarek:5a31654f63b6837caa55	train	8002
sarek:d61ca2cfa3c7c786c414	train	8003
sarek:d002baa231bfd7a1bf7b	train	8004
sarek:ed7f79dd0360acf41c0c	train	8005
sarek:923f0286746c3b57c8bf	train	8006
sarek:dacaab1891255b4d8ecd	train	8007
sarek:43526c7a1dcf8d0c0419	train	8008
sarek:70dbbb2812c06038ef20	train	8009
sarek:2815d2641ada921fb1cc	train	8010
sarek:4c4ba4762bbc96d188fc	train	8011
sarek:2b2a00f1c62743a6764e	train	8012
sarek:38d86f0f7c16ac75c0a8	train	8013
sarek:d3396438c22ebecd1d9a	train	8014
sarek:eab89e5a148eea3fc062	train	8015
sarek:cefd41036eb9d6e2fa7b	train	8016
sarek:e03eebe0729380cc665a	train	8017
sarek:0a22ea935b84cce81052	train	8018
sarek:00add2d786a8094dcf30	train	8019
sarek:8c6a9a7e73cbce4b35fd	train	8020
sarek:641ddb9ae6917618cd64	train	8021
sarek:081b7d6ab0a362715ff5	train	8022
sarek:a941858c97a4fcb5b05a	train	8023
sarek:f05e32f47e2e30e266ed	train	8024
sarek:6a34ca34f612a2f8bfcd	train	8025
sarek:a3bef1be0ab1916531d1	train	8026
sarek:25dfe9f5461de413158c	train	8027
sarek:760f79937b7e2e7d1bb5	train	8028
sarek:46847ef564e6a1aa42ed	train	8029
sarek:804beed0d6ffc4bf2800	train	8030
sarek:07adb625356e4d2cb811	train	8031
sarek:0d4ed1f0841d931f3cdd	train	8032
sarek:8faac92bbb0cee5bc4b5	train	8033
sarek:17a60f87f220de2d69c0	train	8034
sarek:ce5c3496a14bddbc4adc	train	8035
sarek:5c18c8e96710c9594385	train	8036
sarek:123db31c23bd9d9a4008	train	8037
sarek:3d07d41eae103231b7c7	train	8038
sarek:25a3f7781ae735241413	train	8039
sarek:ce24c0474ea8cfa876a7	train	8040
sarek:addd0be27ee8e5151b15	train	8041
sarek:d990e29da062b4fcf00f	train	8042
sarek:e78b3a49c5f46fce4c50	train	8043
sarek:57353dbd6baba375e603	train	8044
sarek:5669ae8436eab22fbfab	train	8045
sarek:14e2c907a705e6cda235	train	8046
sarek:0b7ef06a6307aab61407	train	8047
sarek:573bfdc21dc94d865bee	train	8048
sarek:314644cb9c6b0000dd0a	train	8049
sarek:5bc1416dfbc9705d858a	train	8050
sarek:adee394224a596200ee1	train	8051
sarek:74e9aecc73a4b071da32	train	8052
sarek:cb3ccafc744be0877a58	train	8053
sarek:b3fb3615e0125783ed6b	train	8054
sarek:99350079cdb9a7f11ab6	train	8055
sarek:b3c1a632030bbea028ad	train	8056
sarek:2b36502c799e16245fc0	train	8057
sarek:cd87864a3a2c87d8566c	train	8058
sarek:3a635dba59eed2a03501	train	8059
sarek:1131fc0d7a846b07db85	train	8060
sarek:9bb49c712cdbafc44b71	train	8061
sarek:99031abc759ab7dad573	train	8062
sarek:18178defd0f17638e6a1	train	8063
sarek:311a62b358759bb505b9	train	8064
sarek:1b26e186dc58bf967763	train	8065
sarek:0fd014f213a73e433179	train	8066
sarek:6f7b0965acef33f6fe58	train	8067
sarek:d7926ee4fad454876381	train	8068
sarek:38abe4d140f351f2a2ae	train	8069
sarek:68ca358646716f617c32	train	8070
sarek:a3ec91e905ad6bdf6208	train	8071
sarek:d338ce9d00f1417ba56b	train	8072
sarek:24d069b6014b510d8cd5	train	8073
sarek:a31ed4be43f0e5184555	train	8074
sarek:74e11884ba1830ef5b5b	train	8075
sarek:24e276c69ca59eca1c96	train	8076
sarek:f6cedf5131b9dedc9fb5	train	8077
sarek:9c17428a5e8d9ee96be6	train	8078
sarek:35dfacfaca889337dc9c	train	8079
sarek:69a925054938efe5df18	train	8080
sarek:9c2d7a86c612413cf9fc	train	8081
sarek:b4e89c1c015a6dc9e98b	train	8082
sarek:ed95a3f549d410751e9e	train	8083
sarek:fc81e6a56895f2924297	train	8084
sarek:422eb04b9850c4f46bc4	train	8085
sarek:fbee72232664db921009	train	8086
sarek:28851b8d30958dedeb16	train	8087
sarek:1a91c8d97123dbf45740	train	8088
sarek:7606ca92a0c52fa90650	train	8089
sarek:5e7b69eb7b1a5bea7f37	train	8090
sarek:24dd5b11e40bebb9bbac	train	8091
sarek:d301223663312de95654	train	8092
sarek:1272dc519774a5b67386	train	8093
sarek:7daa0214feae0513cc91	train	8094
sarek:d417555589a11111e567	train	8095
sarek:6895fed1166399b8278d	train	8096
sarek:04f803e543d2d4fd9b08	train	8097
sarek:b16ab452c06545e8a607	train	8098
sarek:eb4fe9f94490b1b878b5	train	8099
sarek:3f1a619dccf6b1f97f8e	train	8100
sarek:e71fc3bed103be4d8035	train	8101
sarek:fd0617473cc3c1ef9f74	train	8102
sarek:3b599482e7ce566c2e6b	train	8103
sarek:50236331c55bda744a78	train	8104
sarek:59fe1830c764d8cbc1df	train	8105
sarek:b6fedad25e54c56a2372	train	8106
sarek:265d6cc45e18c94119e2	train	8107
sarek:5f9e553bf667e986765b	train	8108
sarek:0ed052ff4dc13b73fe7c	train	8109
sarek:89a8ac89da69d265eae6	train	8110
sarek:6913a5edb83e9611c347	train	8111
sarek:e377ba8e16067822e5f7	train	8112
sarek:d99531199e05c1260a8b	train	8113
sarek:f21f3c86c1bebce53784	train	8114
sarek:5c05a2d622a23301de5b	train	8115
sarek:b9311c0b2afcca3fac2d	train	8116
sarek:534effe5987fd5d9218d	train	8117
sarek:e08bf0208fd459d69295	train	8118
sarek:9aa8a5e77ce86774d381	train	8119
sarek:b19cceab8c238e6b38c2	train	8120
sarek:41a7d8455bf65a7a855a	train	8121
sarek:26efcf69e61530de3005	train	8122
sarek:7ab3e068644d20a0c8eb	train	8123
sarek:c92073ddc7f4ae7e1beb	train	8124
sarek:d7edb94119f185925d6e	train	8125
sarek:0bfc36ac2375c3baac1c	train	8126
sarek:7b2813088a1b0d673a98	train	8127
sarek:5ad6ae9ab5b0f3d0a854	train	8128
sarek:ae40a8cb682b7a1932e2	train	8129
sarek:d9c69cdf92aba46c82e6	train	8130
sarek:a65a6eea7ff65714b726	train	8131
sarek:f3c547603296355b3f85	train	8132
sarek:06f8c71b5f385a7e87ac	train	8133
sarek:563d53fad7a846e5a883	train	8134
sarek:7931fa90f3b2984ab984	train	8135
sarek:95862d3ac50f179096c0	train	8136
sarek:2465644494dd63acec2b	train	8137
sarek:400a454ff57afe8a1206	train	8138
sarek:9f24b5f041a95d0cf4f7	train	8139
sarek:9e6a0b9a589f713ad98c	train	8140
sarek:da0ca06336a9e9ab8a16	train	8141
sarek:fe145e5a5b4a83932204	train	8142
sarek:0d95328c200154a6d1a1	train	8143
sarek:3f20f32acb29e9e62e3d	train	8144
sarek:303c7aba357cadd6cd7e	train	8145
sarek:19a7465d39aad60ed60a	train	8146
sarek:c95f9e9c64038acf91d3	train	8147
sarek:599b5eddd1498ebdad52	train	8148
sarek:2ee271f3b5f5dd8f1063	train	8149
sarek:c1d5f06f40f264a6583c	train	8150
sarek:99057759cba5869f0527	train	8151
sarek:f95a7aaa9ab71f972383	train	8152
sarek:e938d232af61c5e7a981	train	8153
sarek:120e980322ac32d38cc5	train	8154
sarek:a5c3d971430425cb5713	train	8155
sarek:c1c533361571795ad6b3	train	8156
sarek:265c77980180824f7aa4	train	8157
sarek:cfb47ab6b08208127690	train	8158
sarek:c8b0cf6fe7c648bb8e03	train	8159
sarek:642696a9cd0bd96feca0	train	8160
sarek:66a87b849140ecd7171c	train	8161
sarek:9048eb400f3f3cbe149d	train	8162
sarek:c7cb1e1f62dae8059233	train	8163
sarek:3b54c4b7145ca413ac33	train	8164
sarek:e0f6f2c8212f59467728	train	8165
sarek:bd0722461741837225ad	train	8166
sarek:e157e621d1e03d506044	train	8167
sarek:86ae0e4e396467869b7e	train	8168
sarek:788b5ecd4ef5f19448a4	train	8169
sarek:8d3f00d5eddbca9a1e51	train	8170
sarek:831c11959a6f9ebdf743	train	8171
sarek:f533c5ff59ce3d4ca89b	train	8172
sarek:98c11913d5e6030f8ead	train	8173
sarek:eba7be37047516c9ef1e	train	8174
sarek:f0c8327dfc86d878d4c0	train	8175
sarek:1c4a8d793d812a195edf	train	8176
sarek:c81a11b3ac4ced141f01	train	8177
sarek:b43b5ff58f5a3e352d62	train	8178
sarek:199ce6173ac26eeca853	train	8179
sarek:25d699f8a7b73172b495	train	8180
sarek:2b7549f8d457d3945a3d	train	8181
sarek:c2961c52ce97aa831160	train	8182
sarek:91e34dcef40c956b7571	train	8183
sarek:99a7efc4a10e82766a3b	train	8184
sarek:b3d49cc0cff10de1ded5	train	8185
sarek:7546f65fe1ea9de2c61c	train	8186
sarek:96a201225d1aa4738d75	train	8187
sarek:a45436e3e24fc9ee747c	train	8188
sarek:714d3486516609e87f90	train	8189
sarek:15608c37bdde0b3760bd	train	8190
sarek:b38fcfe08e3f5732c9b7	train	8191
sarek:ee245c85427a7f34d066	train	8192
sarek:832db8a4e699083e92f9	train	8193
sarek:b630953aff0a90e382fe	train	8194
sarek:870f80d38f378ffd60ba	train	8195
sarek:adbc67e2858b3cbe727c	train	8196
sarek:7c482882deaf3f895833	train	8197
sarek:05ae2b3516d83c088d4f	train	8198
sarek:3c150265b2ad74ecc1e3	train	8199
sarek:604daa54b00bdadc8b61	train	8200
sarek:4c13008302e6ec80efb6	train	8201
sarek:9ee27876c49cd5551b7c	train	8202
sarek:ccd833ff8de44ed70971	train	8203
sarek:359de6a765c59743abd4	train	8204
sarek:a384df739682d583729d	train	8205
sarek:3ad4acb9c601f17884d8	train	8206
sarek:8906d02fb5c7c88ffe4c	train	8207
sarek:1a1ebf836407c0809ea2	train	8208
sarek:09ffc3dff49396d67faf	train	8209
sarek:07058e71dec4e1d9491a	train	8210
sarek:157e4dfd6726423ee0f2	train	8211
sarek:ad50efb750c29f992b8d	train	8212
sarek:36d7ef1beaa319d0197d	train	8213
sarek:1807ec68823fea8d25b7	train	8214
sarek:cb3ddacbe5982b4bd7e8	train	8215
sarek:0e0df56f0dabe06c8644	train	8216
sarek:aa083659345fe855cc6c	train	8217
sarek:eec2ee4233bbf390dfbd	train	8218
sarek:e5f7520c380cb2c27b54	train	8219
sarek:a90f190162d96dd4a878	train	8220
sarek:4539615cacf9bc133eef	train	8221
sarek:641ffb06b327c1f19c8c	train	8222
sarek:94b880f3dea679da11a7	train	8223
sarek:9e2063eddbaa19c8d4a0	train	8224
sarek:e73629155b9771cf6b3f	train	8225
sarek:ed4a8f865007d14d8c3e	train	8226
sarek:29e0e8ced2ed3c7424b8	train	8227
sarek:1b032708ebf8ec49c4fc	train	8228
sarek:ee192bf41c249dc62c5f	train	8229
sarek:1e2956e837e242152586	train	8230
sarek:e8eb318065368d5ae981	train	8231
sarek:4ca3190dbfc86921f4e9	train	8232
sarek:dded15530b25e6c0dd86	train	8233
sarek:3e705052a66b3a5f262c	train	8234
sarek:6b82d349f367140e50b9	train	8235
sarek:0bc46a033d80f6e3dc41	train	8236
sarek:d8161fa887dc9b15a42f	train	8237
sarek:213772d0460b51d8f276	train	8238
sarek:bbc70a9aba07e1b9037d	train	8239
sarek:7d2c47e140b34a638e64	train	8240
sarek:f077e6cca61e3b418200	train	8241
sarek:5f586480ebd5bc03a5d0	train	8242
sarek:2303d923a7b244000857	train	8243
sarek:183e858633d4c11e5f20	train	8244
sarek:66dbf89d23305c1aaa4f	train	8245
sarek:f29bdd25aaeadcd31ca3	train	8246
sarek:fa8367eff91fe7ac66b1	train	8247
sarek:fd054d16d63957fc7fe5	train	8248
sarek:10ada9140d44c80df3ab	train	8249
sarek:17569de5090a2bea46e7	train	8250
sarek:661c830ab89b1ec6e43f	train	8251
sarek:7944d24453fcf92d1ddb	train	8252
sarek:8ba20724c6fb8d338500	train	8253
sarek:3862327a5d2e30ffd2c4	train	8254
sarek:7902318a85e8b42978da	train	8255
sarek:f31488cca8eca2b0b750	train	8256
sarek:82c2a7765248f68f7c96	train	8257
sarek:6220f310d24fc1781336	train	8258
sarek:2676beb4f430ee2d1d30	train	8259
sarek:93c4faf1445ec20d5ac0	train	8260
sarek:56f7e4f186bb82ecd575	train	8261
sarek:9cb7b67fbc4fc10bca06	train	8262
sarek:cf09a646f0983ff8b80c	train	8263
sarek:59078d63e1533af8e38e	train	8264
sarek:1061eabd31ab403c0ad2	train	8265
sarek:87e1f01af135f0db1712	train	8266
sarek:30de1f595f7c4eb6807d	train	8267
sarek:0a3253b6add1d2849b48	train	8268
sarek:265baf528fc0311907a9	train	8269
sarek:1e08b9d74b68e7619aae	train	8270
sarek:7e003a799a09a219c971	train	8271
sarek:bfcdb6d5d8afd706b2f8	train	8272
sarek:df423d1627859628877a	train	8273
sarek:f760d74e61ad1c512643	train	8274
sarek:24449697ef6100b15f72	train	8275
sarek:ab2532f934cb68064b55	train	8276
sarek:9e18697ea06a1bcd9885	train	8277
sarek:01dedf1a46ccbcf02e7c	train	8278
sarek:4d71a7787368ce0e7422	train	8279
sarek:d42270d0fa6172b92307	train	8280
sarek:c034d2c83025e7a9ec21	train	8281
sarek:fcb1bbc54ccd7a3cbfc5	train	8282
sarek:712a7c6034801552fa6b	train	8283
sarek:4bc1e9d5d377b98fc8b9	train	8284
sarek:b2a3195876d362153ace	train	8285
sarek:f1a8281b5cd340cd4bac	train	8286
sarek:2baae4733d4577a0da8b	train	8287
sarek:cdae13a57c041b5c97fa	train	8288
sarek:c297cdb7caf3c716a91b	train	8289
sarek:3a14db2007ac238c0fa7	train	8290
sarek:e0f7a11de6d09f7fb937	train	8291
sarek:9503ac61248c3048ff67	train	8292
sarek:f7732287175f34e0f088	train	8293
sarek:32b975fc080cfc475cf1	train	8294
sarek:d5e8231e7506af81161a	train	8295
sarek:2506fb0abaccc1422d70	train	8296
sarek:fafac0ce582c7be79f3f	train	8297
sarek:b6f60af4b974a280ea67	train	8298
sarek:429cc1225b46b28dfeaf	train	8299
sarek:610ca67e74196f56d3f8	train	8300
sarek:f62e2a1e7b89891d6a9e	train	8301
sarek:2172cfa9229c78091fca	train	8302
sarek:5e78d805463804b11a14	train	8303
sarek:cfbfb6cf542fd05f0265	train	8304
sarek:202b5e30c1fbf25ce53d	train	8305
sarek:12b5be3e970df3890e26	train	8306
sarek:1451eeeafa12b5ca6678	train	8307
sarek:7aa41dbeed8cf9f3ae89	train	8308
sarek:6488f50997b47b1cddea	train	8309
sarek:a3e66c13416c9d0b5162	train	8310
sarek:3db67b980d257b4fd6c8	train	8311
sarek:cc51d57d2a5c0e7d320c	train	8312
sarek:df7042173706ea04df73	train	8313
sarek:8177c7700b52b249f994	train	8314
sarek:0b1e5ff6e3815cb4731e	train	8315
sarek:94ec5bea10b97c1fb97c	train	8316
sarek:d9b6c79e0a706cb14646	train	8317
sarek:f9c34f3c52d96227a3a8	train	8318
sarek:9e07188d0f879ef3334d	train	8319
sarek:0a445159e9c3a7301a77	train	8320
sarek:50d5c988c641c972957f	train	8321
sarek:f356dd9aeb79549d5ca0	train	8322
sarek:8b10d729e4559f8c5ef0	train	8323
sarek:20e344be3e49da1babd6	train	8324
sarek:c4dc5411fe958ced8a0c	train	8325
sarek:2d43eb47316a7a9baf89	train	8326
sarek:5c20cb45b136de23c4ea	train	8327
sarek:8d5e9dfa61942465cfaf	train	8328
sarek:ba2563cd0fa1bc882b9a	train	8329
sarek:4a16244767ae01622b78	train	8330
sarek:ce9b4187e35d6020b7c3	train	8331
sarek:5f7581c10f9a8452f5e1	train	8332
sarek:a4704603009b67c26f84	train	8333
sarek:5585f06c4b26211118c1	train	8334
sarek:922864858bf831e28180	train	8335
sarek:1fc9bf8e3c468915e7e0	train	8336
sarek:bc06ec9edcd9ece48cfc	train	8337
sarek:a084786d6b019e0739f0	train	8338
sarek:f33344792cfe1464f1d8	train	8339
sarek:425c13df3b67fcd49487	train	8340
sarek:868bc0b01ec4411d7e79	train	8341
sarek:ca6ba824e5c8bd70dfa1	train	8342
sarek:c520de1dda8d6627adbf	train	8343
sarek:6ee212eed4f65f1ff6fc	train	8344
sarek:f09390dbaf3701564016	train	8345
sarek:ea32f51c982e0d52a831	train	8346
sarek:6616be0882c83adf2b1a	train	8347
sarek:f6798a504131470e43e0	train	8348
sarek:79090b482f3fbf0f875a	train	8349
sarek:5066b612c5dda625f905	train	8350
sarek:4e722b54200e34fe675a	train	8351
sarek:673f4f8ea90edf5a6923	train	8352
sarek:c4da529c91db2f721b7c	train	8353
sarek:7d86600331a244fc83fb	train	8354
sarek:174148cdd977ea056534	train	8355
sarek:34b5fbf50c79801f2b64	train	8356
sarek:027554eecd197014b2f8	train	8357
sarek:8c42f4c581795b8b6b64	train	8358
sarek:4021b5a8a3835646a8ce	train	8359
sarek:db03b7a38dcdc5a9a3b5	train	8360
sarek:6cc757724cdf9f026615	train	8361
sarek:63f04da5cd7b1d24fb20	train	8362
sarek:4acb9b29c83d457fc49f	train	8363
sarek:5cda465451f2d1367c36	train	8364
sarek:72f90eab80ca3eaac75e	train	8365
sarek:7aa8f0d57cb57504ea21	train	8366
sarek:e622273157faecb1b4c6	train	8367
sarek:45b1551e8b5fde533dae	train	8368
sarek:df4b593ef9ed3c30e487	train	8369
sarek:b29526a5529510913ba2	train	8370
sarek:edc4c324eaddf9e7ad95	train	8371
sarek:62e27eec5adead41e30f	train	8372
sarek:426c337caeb73074a31d	train	8373
sarek:c66cd2eefb56d97cb2de	train	8374
sarek:51587853fc1137d160aa	train	8375
sarek:a031b561cd81e84b1b9d	train	8376
sarek:189f2e67b505fa869b46	train	8377
sarek:cce6a86f410185f4c64d	train	8378
sarek:e1ea0f3fbcbe3f8b0b11	train	8379
sarek:c7fa9ef7d1e55db8029c	train	8380
sarek:d9149189cdde534a7fc8	train	8381
sarek:416f06493b5c139d6a13	train	8382
sarek:f6f125f6cc941dea0bfc	train	8383
sarek:356baa149e0e8ec6b343	train	8384
sarek:552b34d21f911638f7d0	train	8385
sarek:f3abcca0d7c7309b0d0a	train	8386
sarek:a07a919a97c19c840550	train	8387
sarek:8eabcb3f092f141cbeab	train	8388
sarek:421cd5472e2fa3e41668	train	8389
sarek:ef0b3102d5e4217d2e14	train	8390
sarek:bb557509cb21ac9f3e0d	train	8391
sarek:aea67bf07c701c117361	train	8392
sarek:92c36dfb94e8bb00c695	train	8393
sarek:54ff60a9fa66863dbb7b	train	8394
sarek:0b693118a0fca6892d11	train	8395
sarek:ad882e3157c7bb31035b	train	8396
sarek:315f3d57541f3014e334	train	8397
sarek:0b2409e092994d55c97d	train	8398
sarek:72ddda4ffe01926204fb	train	8399
sarek:5c28076a85dc84b75891	train	8400
sarek:2f5e61a2413b6f5f8ef3	train	8401
sarek:98740f4d0e007e8f847f	train	8402
sarek:9a2a3baa3f1b85664ac3	train	8403
sarek:b4b5b5ad786096626a6d	train	8404
sarek:17d5815252c6d1c0d11c	train	8405
sarek:4d471cc62b293ebab791	train	8406
sarek:7ef28683ce451983833c	train	8407
sarek:185c5536af32bd974b42	train	8408
sarek:4604a5933d67c0a18688	train	8409
sarek:13f0ee22fb3acf38427b	train	8410
sarek:fdaeb7fcdf526cf49303	train	8411
sarek:f004b897998e508f12b3	train	8412
sarek:8cc36e57a89a49fd76cd	train	8413
sarek:16e88428c567619f513a	train	8414
sarek:8dda76fe033363f02d41	train	8415
sarek:95dbfe0ee5bd17485c97	train	8416
sarek:2d73302d01783ae40e10	train	8417
sarek:1f61a80f660b492d6681	train	8418
sarek:2dcc7a613b58f3362d6f	train	8419
sarek:ad692fb055881f810e63	train	8420
sarek:036d994fe0ad622b50cd	train	8421
sarek:f76388ec72013b3d55cd	train	8422
sarek:1a62b0830f046c2cb59c	train	8423
sarek:49fe31b497b7e23b0352	train	8424
sarek:329f7e4116504ee8661d	train	8425
sarek:717496aeea7a34a373d3	train	8426
sarek:489adca4ce4e15dd87d1	train	8427
sarek:415664f2595c109a545f	train	8428
sarek:cf87dc2730ae70b54167	train	8429
sarek:230741d63863e4dcb399	train	8430
sarek:38b186e439cb2e295968	train	8431
sarek:2d0e681811a362c87242	train	8432
sarek:74949d5d8f7a8e62ff29	train	8433
sarek:8d1a48bc87ba762d3e0b	train	8434
sarek:d7793c6e01c1d0c1bad7	train	8435
sarek:9e6ef1809125a30c66d3	train	8436
sarek:3a523d06ebbeaae47446	train	8437
sarek:ed1d4036030b7e3ce549	train	8438
sarek:6d7bd3cebea71464e2eb	train	8439
sarek:117b0810d20079f4f7e2	train	8440
sarek:5b66959c955afd20b243	train	8441
sarek:d8a167cc855e1621ade8	train	8442
sarek:f79d38baafd00195c594	train	8443
sarek:0c99ffb581986e47b796	train	8444
sarek:e0b1584634fab2881793	train	8445
sarek:dba9df9454cce46e022f	train	8446
sarek:cba264d334dd9e79e227	train	8447
sarek:5c82712c2b7970de3610	train	8448
sarek:c6dbc96c0d07d83783ec	train	8449
sarek:9ea2a42494a345eef124	train	8450
sarek:01026ea4952d2871c546	train	8451
sarek:e711ac39bf63488a1507	train	8452
sarek:8ad147aee2fdc4b345ec	train	8453
sarek:3e70f838b3e30920e035	train	8454
sarek:0244c7bf71f4c7c02eed	train	8455
sarek:86a0c210b7d2593142f7	train	8456
sarek:a2a4341322a85e6f7515	train	8457
sarek:e591f8342f2a20363d1a	train	8458
sarek:68078b94e80dfcfac614	train	8459
sarek:cd40bb6f19d81d6f9e8d	train	8460
sarek:5c6ec5324c7cb196acb1	train	8461
sarek:4a6a09dd4820153fa938	train	8462
sarek:35dbf778fff8bcd10617	train	8463
sarek:54df03b982a23e20553e	train	8464
sarek:5327e4da8b8a117da425	train	8465
sarek:6be0bd46c90689ff3803	train	8466
sarek:ebf8dff88222631a2a26	train	8467
sarek:176058db5c58f077a1f5	train	8468
sarek:6d92194c381df1655e2f	train	8469
sarek:d2a39b949441b9612825	train	8470
sarek:ba18466a2943219180eb	train	8471
sarek:09d0e7a69e77e49aeee4	train	8472
sarek:f53aa0b1dfa570ab6e6e	train	8473
sarek:ef9957e24d6a1ad33255	train	8474
sarek:3099841fbc97415a610f	train	8475
sarek:949a0f9ef1bec75c6d95	train	8476
sarek:72ee5fe8452b1b5e0e3f	train	8477
sarek:b8a8e40dc2ec50012cb4	train	8478
sarek:b31477273aaaa1f872a2	train	8479
sarek:8c80ebe05f42a6b4ef35	train	8480
sarek:80b2f3a5dece181b472d	train	8481
sarek:30d5189dec3bc14e4ba0	train	8482
sarek:afdde69e1b1d96b5b70d	train	8483
sarek:d296057ea424a69765f5	train	8484
sarek:1e036aeb5f139922bb5a	train	8485
sarek:5ad6a2b3b50e80a8b84e	train	8486
sarek:850b55d91fff1baef60c	train	8487
sarek:714911a4893f826aacf6	train	8488
sarek:7605ac11d1648ca48a32	train	8489
sarek:8436a2aca9feaa52f65e	train	8490
sarek:c7e0a2b53310aed1538b	train	8491
sarek:e5c9681d5dd5de6f5ec8	train	8492
sarek:0d13ebeaf35b1b5f404d	train	8493
sarek:7fe9725128041f8b48d4	train	8494
sarek:d79c53e861bca3788731	train	8495
sarek:ae763252d3802817acb5	train	8496
sarek:984f36167da8e2537549	train	8497
sarek:2bfec0c0de85d560f2d8	train	8498
sarek:d674c5966371215f084c	train	8499
sarek:0bfd72c5042864fe8e00	train	8500
sarek:14ceee7ab87e36c1f0c4	train	8501
sarek:4f6983f26d85fcd20d39	train	8502
sarek:96475e395f0842f52c8a	train	8503
sarek:868e2cda3d6e8ba7ee14	train	8504
sarek:dd728a696df37303246d	train	8505
sarek:0fd6779cd76f35c20e2b	train	8506
sarek:f0c0efc0f691128df4be	train	8507
sarek:c76b37c9ff3d680e04ef	train	8508
sarek:c5daa0d3c70177f96b85	train	8509
sarek:29886425115ee9fada16	train	8510
sarek:4d064773a2acce8a429e	train	8511
sarek:be840c31a4172f752f41	train	8512
sarek:dbf98967c3054174e53d	train	8513
sarek:3370ab8af903b0f634e7	train	8514
sarek:4e7ecb18f9df21e30b00	train	8515
sarek:78ae2bd47f62f859d062	train	8516
sarek:23006be4b221102f9503	train	8517
sarek:433066cf280a7623ba06	train	8518
sarek:7b5d10fa50470c7e021d	train	8519
sarek:6f3aed09437abff7b869	train	8520
sarek:4d0469b58d871766dc34	train	8521
sarek:da11095b2d27f254db9d	train	8522
sarek:af8c136e54978debf0a3	train	8523
sarek:2cb65648d41198274396	train	8524
sarek:ca977b7d9cb69f862487	train	8525
sarek:ed9a375f29354d95678a	train	8526
sarek:889512dd70908063c37f	train	8527
sarek:3628908f2f53eee86161	train	8528
sarek:5becb68d8fd9a1b5a7fd	train	8529
sarek:71674fa2ce76183d67b1	train	8530
sarek:960427df26d0039675df	train	8531
sarek:d7b1500c0d1f619dd330	train	8532
sarek:b9ed108c4408e6c28514	train	8533
sarek:9eb47b29c9291a8efdce	train	8534
sarek:19446eb1965a4930ce35	train	8535
sarek:cd2f787928a3737ec239	train	8536
sarek:b6f4d00dc288bc6d9e50	train	8537
sarek:c8b2763426bf8468500a	train	8538
sarek:497b1fd58d17f5a5ba02	train	8539
sarek:36b95ed422cbfed59091	train	8540
sarek:1a5849b6a907c8dc5445	train	8541
sarek:c23cb0926b87093343c6	train	8542
sarek:71e757a730918367a96d	train	8543
sarek:4bc44c3a19a3ac68af3f	train	8544
sarek:3500b993bdc7ec3ea9e9	train	8545
sarek:2f1c37060e4b7597a7a0	train	8546
sarek:70836c36b3f47a621651	train	8547
sarek:b506994c52e9a703ec09	train	8548
sarek:2c3b7519a62507478128	train	8549
sarek:a83a431dfcb86d4402b1	train	8550
sarek:2dad3b73c4bf6e574b29	train	8551
sarek:2b6097b2b3ee72b43cf2	train	8552
sarek:c2d2bd80d0145098f3db	train	8553
sarek:b458cb1262226091e0ce	train	8554
sarek:5a12ccf28dded72092e8	train	8555
sarek:273e2f4948d906f3f245	train	8556
sarek:61282c89c2527e20e4d7	train	8557
sarek:f236fb619d859e5238e8	train	8558
sarek:c278ec6aaebad879af1e	train	8559
sarek:27b5fd005261688f95e9	train	8560
sarek:be45ae4cd0fd2e1fa7c0	train	8561
sarek:99ee9086f10b2b9fccf9	train	8562
sarek:fa3e7d1c30413a68fdc4	train	8563
sarek:d8af1eff8d95a2964811	train	8564
sarek:1350e40c5231cc9032e2	train	8565
sarek:bfac6170d24e469b33c9	train	8566
sarek:9d9acc9d0b7dee1e5087	train	8567
sarek:b8c0291b406a9389b1ec	train	8568
sarek:aedc3989a9f426b38af3	train	8569
sarek:0a7799b36a1ab0a49c0e	train	8570
sarek:9718072ad4c5023094ff	train	8571
sarek:dcce3c00a146842946bc	train	8572
sarek:5990938e46ee6b43b87c	train	8573
sarek:02a5503a07164c5546a8	train	8574
sarek:664a22044b3cddf4cc17	train	8575
sarek:70862369d2f13ebb388c	train	8576
sarek:05e4fb32fa8deb16f024	train	8577
sarek:cd254f4ca56d835c508c	train	8578
sarek:1abfd7e934d9dfb9f4c7	train	8579
sarek:d969b23f875d30ba42cd	train	8580
sarek:d8c8dee5beef94944ed5	train	8581
sarek:372d64c142e4df3adc3a	train	8582
sarek:568ed77ed52dbeb63552	train	8583
sarek:d7c6f851e9c005d2dc27	train	8584
sarek:f886c54d7dc0fbf98b3a	train	8585
sarek:599174b7b7ee943029c0	train	8586
sarek:33aad134105881ab2e10	train	8587
sarek:e7ce7f205c9109611590	train	8588
sarek:3f5110f3c1a9049ab1ff	train	8589
sarek:3a24afe6462011fe2f08	train	8590
sarek:0de85139a8ae47b70b67	train	8591
sarek:b8d55ae62905f59bd545	train	8592
sarek:3d9303df566e72058fbf	train	8593
sarek:7803efe2a1453f76ac16	train	8594
sarek:bd1f0efc77565ceee399	train	8595
sarek:9df8a1b29af58e27f60c	train	8596
sarek:d82e9fbcfb43cf35a197	train	8597
sarek:8d2167f1a8fc03cb78c1	train	8598
sarek:30054132d1a50a6b1040	train	8599
sarek:30d67e9fd9f48ce83b4d	train	8600
sarek:609b886ee543f6a3f88e	train	8601
sarek:ae171be1685a8af9b1c2	train	8602
sarek:fd849ea066e6e3210036	train	8603
sarek:8144651f22b1390237e4	train	8604
sarek:8883bbdda44a91b8dbaa	train	8605
sarek:d928a3f75ce5422dad39	train	8606
sarek:c00d8f46308b88737cfd	train	8607
sarek:859143edfb5476a41508	train	8608
sarek:9d62d9aa159008535490	train	8609
sarek:7b7e315ff1264a1a51ca	train	8610
sarek:d80aad7e35b1b01efdff	train	8611
sarek:d1b5abf336659f4afc61	train	8612
sarek:b2133524be88aa599006	train	8613
sarek:87215b56f1e3465eb448	train	8614
sarek:ad71cb267bc1a782c787	train	8615
sarek:ed29f28195695443d667	train	8616
sarek:018ffd8c79a8ea516e07	train	8617
sarek:1d34ae47b0dda71fdead	train	8618
sarek:4bcc32e430b7a8962c9f	train	8619
sarek:733bee12bac1df6c76df	train	8620
sarek:5b4ac02304ad3d67ce12	train	8621
sarek:267be4917eb61ae4affb	train	8622
sarek:129fd561ee14b7d3dab8	train	8623
sarek:5ebfeefe08166b48e58a	train	8624
sarek:285d7e38fc4322dd1a04	train	8625
sarek:084bd386a4c2bbaefb29	train	8626
sarek:62f45c3641788d4f6631	train	8627
sarek:1208ae688913033436b4	train	8628
sarek:25c58bee71cc932518a7	train	8629
sarek:de250ec20aee39f7c213	train	8630
sarek:649255be753f575d5fab	train	8631
sarek:895acb79a3e622c02872	train	8632
sarek:e752df66873b5e5a09ad	train	8633
sarek:311a1465bdaa5e8a27ea	train	8634
sarek:a4c420f42a0d2e9434d0	train	8635
sarek:6ad1c068227289e869e1	train	8636
sarek:db0bc355aa1a25288155	train	8637
sarek:f82e0af53f363e07fd51	train	8638
sarek:28ecfba6bc2a96df8a8e	train	8639
sarek:e7a2b8855e5b43ab8403	train	8640
sarek:9f8ba2c58f647945026a	train	8641
sarek:4067e07704dc2f916e97	train	8642
sarek:9c5f45ddccd70f786732	train	8643
sarek:b566ba62c855d4258a67	train	8644
sarek:6caa54a6f5b40e0d82c7	train	8645
sarek:9e8c68cda886fa93cff7	train	8646
sarek:68c629c506e6bad1e3f6	train	8647
sarek:fb811519dcffd5f1e7b0	train	8648
sarek:a9d1ae980783298aee96	train	8649
sarek:0db2f9f79f73f82f44f0	train	8650
sarek:eb90e93035c99a816a88	train	8651
sarek:c1ad36e1fbcf940f02ce	train	8652
sarek:b295ffd548623c027a72	train	8653
sarek:41e309b405442dd86e22	train	8654
sarek:254b9bd3611b4a45aeb4	train	8655
sarek:263c428bdd896405822b	train	8656
sarek:6c987da0792ecbf1f33c	train	8657
sarek:49946b5224eabbd8b31e	train	8658
sarek:2dad40445dfd795715ba	train	8659
sarek:fed6a1bab67733a3b063	train	8660
sarek:8bcd699ddc8fba727adb	train	8661
sarek:fc593527e59699cdf9f4	train	8662
sarek:7807ccb3553c0fd6ad1d	train	8663
sarek:ce5a980246a9b521c238	train	8664
sarek:34a1943d6d4a265bd5e0	train	8665
sarek:ad7e57040be1b36ec54a	train	8666
sarek:c4596de8d9f0f73ce56e	train	8667
sarek:45251b6d8e6b940076c9	train	8668
sarek:33ca5a3e3baef6e96631	train	8669
sarek:4d967c97713299e2fc36	train	8670
sarek:584f310d166fba44bb60	train	8671
sarek:c0a57f9effb0a5a383c3	train	8672
sarek:d224e1deb0aa7d23297c	train	8673
sarek:9ceb42e8f00111b120de	train	8674
sarek:e3a43750d60f41d41f33	train	8675
sarek:44d9d02d5cc4c47ebd9d	train	8676
sarek:02341f8a07aaddfc0844	train	8677
sarek:0d2488c4b957f9cf76f1	train	8678
sarek:f7f55abc7ccca3457c74	train	8679
sarek:6cf0cc152edc098a0a27	train	8680
sarek:9b7e6ebeb213aa730cb6	train	8681
sarek:3aac2c3d2bbb76980656	train	8682
sarek:3ba5324bd934ea3e79c6	train	8683
sarek:46a5e8bb22aaa05425e2	train	8684
sarek:063150d2560b1a696999	train	8685
sarek:c5fba4e045f4a8b77fdc	train	8686
sarek:5fcf7a17e6f8f494bba1	train	8687
sarek:3e60c575077751a565a1	train	8688
sarek:de472edca0478bb2587a	train	8689
sarek:33d0aab0558838fbfb32	train	8690
sarek:7da085c40f0cdf5b960e	train	8691
sarek:b4a8577640d9ff9c2e32	train	8692
sarek:59d929de1aa67c0ff358	train	8693
sarek:fb487907681ee0909378	train	8694
sarek:9a3783236e3db4a671b1	train	8695
sarek:9a5977255513fd785dab	train	8696
sarek:68e0799aa8e14dd7c155	train	8697
sarek:7b7c9c185e9ff4b75830	train	8698
sarek:2f1f5efd9aa85a4ddbb2	train	8699
sarek:e698cd83e38d8c56c2ba	train	8700
sarek:7115f45920b0ec77bbd2	train	8701
sarek:029892436450e511ecfb	train	8702
sarek:1e52738017b25560bc37	train	8703
sarek:af9a6ff2a0a86e079658	train	8704
sarek:7ffc46e91b20574cd494	train	8705
sarek:dc2ad7c070f89ae0d20c	train	8706
sarek:08429fda4aef7498311d	train	8707
sarek:f153fcb2bef6a2a58d69	train	8708
sarek:ee42e05b4af1ca10f974	train	8709
sarek:e1ad1b9299c2dcb54588	train	8710
sarek:4b3bf851321018254041	train	8711
sarek:3da7e3f5a320d67f0f11	train	8712
sarek:d90089305f231f17a8c2	train	8713
sarek:a20cfa2489aaacd34399	train	8714
sarek:cc4e7e2659b6daaf429c	train	8715
sarek:869d97230afdf56a6657	train	8716
sarek:55c03dc799a7907c4df1	train	8717
sarek:d5aa30fb845d285eee44	train	8718
sarek:91c2ce960d32fd186e95	train	8719
sarek:793d1a20eb36a355d809	train	8720
sarek:b330496a9736af69ce6a	train	8721
sarek:314cc379805acd496ba3	train	8722
sarek:1724642741f48cab232e	train	8723
sarek:9396773c141f7dea0485	train	8724
sarek:1c443beadd3051cb8b56	train	8725
sarek:73387c8ca58b2d9bef63	train	8726
sarek:f22e8423e33f082abbfd	train	8727
sarek:cf39a4aaa467177463bd	train	8728
sarek:3b7087e7b30c754e3666	train	8729
sarek:6c54113c54c836f65762	train	8730
sarek:f697f0d181d8db88f100	train	8731
sarek:b7c1c8eb77fb49dc15fd	train	8732
sarek:2e22b2bf0a0236c88d57	train	8733
sarek:cef5832206fcc13e8e98	train	8734
sarek:32496334ffe887fd1711	train	8735
sarek:162b11dcd285ceaf2899	train	8736
sarek:9a9405182bb4a3760ea4	train	8737
sarek:157965a5733aeae75bd1	train	8738
sarek:ac4f72b54bc903d82274	train	8739
sarek:6b2f5caf04581ee392c4	train	8740
sarek:86129077eb342da4da7b	train	8741
sarek:0f98b07d8f304dd2e1a0	train	8742
sarek:92ce1cc83ebdfbfe5c4c	train	8743
sarek:d158591bc925bd955103	train	8744
sarek:1035c6816b193ecf5fd2	train	8745
sarek:53c5ef276b097ae83a5d	train	8746
sarek:02666dd94cd51777633d	train	8747
sarek:d63391be2355ba555eb8	train	8748
sarek:08cbce9f45bca185afd2	train	8749
sarek:3cd1346c5a259666bbb6	train	8750
sarek:c2e71308dadb077a18f5	train	8751
sarek:8c82f4b5ed57c8cc9c72	train	8752
sarek:ae682d2d56d2ed9fc596	train	8753
sarek:66afe8b0a28308ecd794	train	8754
sarek:a05e6be62f9ccdd67bc9	train	8755
sarek:896a89a6c81a027ac8a3	train	8756
sarek:e11af313224872a7d953	train	8757
sarek:913a3afc65274f57055f	train	8758
sarek:69fa13da4cd635b080ff	train	8759
sarek:44a15e1744af2307849b	train	8760
sarek:1c16c52640d007fe1e92	train	8761
sarek:f751ff72247c8762ece5	train	8762
sarek:3f7f3262bac8873d631e	train	8763
sarek:feda50c007b6932d6bb5	train	8764
sarek:21fb5c096b2bf31012a2	train	8765
sarek:8fae2ef708ad483e3f52	train	8766
sarek:c129cd70f02d5a5cfcba	train	8767
sarek:14ee30074799dc55b1c2	train	8768
sarek:3708e3b643252b4c8abd	train	8769
sarek:cbfddbe791dbdcbaee8b	train	8770
sarek:8fb55bdb416111ed3348	train	8771
sarek:1e09bd2616528e1dd781	train	8772
sarek:ef75116effa0a8145fea	train	8773
sarek:be79dc354d1800fe0666	train	8774
sarek:3cbdffa9a9e74a5a6b4a	train	8775
sarek:acb8eb39a681578aa26c	train	8776
sarek:f0c57ed248a4379a995c	train	8777
sarek:b93af2809d271efe8693	train	8778
sarek:9046c3ff0adcae620cf1	train	8779
sarek:ffb6966ab16f7dbff136	train	8780
sarek:3ae4c2424169b8d9c759	train	8781
sarek:9f5757494509e69cad29	train	8782
sarek:6aec29b3b35d1abef482	train	8783
sarek:3ee8e235aa638642248c	train	8784
sarek:27d62787d3c03ab336f9	train	8785
sarek:a70e54317bf8fd3c5851	train	8786
sarek:cd3f6064ec9087f9bd5d	train	8787
sarek:40b55b3fbfb156489c24	train	8788
sarek:cfeb3b9e91d67dd2d63a	train	8789
sarek:d55eeafab2134fdc1679	train	8790
sarek:c410ea41a8cf10067bcb	train	8791
sarek:1166b519b940d5448e73	train	8792
sarek:8b0dc316a9e10a950ed9	train	8793
sarek:794c5678065d67aff103	train	8794
sarek:bfab89bf01528fe90f37	train	8795
sarek:8180ca25bded99f456b4	train	8796
sarek:eca4052310b868bb1a9a	train	8797
sarek:29590429c579fa896aba	train	8798
sarek:8d810372a0ad456a8a6f	train	8799
sarek:43b38fd1b5a6e0a3b738	train	8800
sarek:69c2d98c46bc61f06c71	train	8801
sarek:609d689eaf51b41a73d7	train	8802
sarek:10b2d79591a6903ba534	train	8803
sarek:9ccf0a63733a2672e198	train	8804
sarek:88e9f0a6ceaa97dac90e	train	8805
sarek:136a9f22ae57cc06dbaf	train	8806
sarek:508937ad4866e9a1314f	train	8807
sarek:b4db757d877e6c3cfec1	train	8808
sarek:04c8f6e0d83d83f6a6d7	train	8809
sarek:773190bc1818b7fcecf7	train	8810
sarek:50bde99735e746146d50	train	8811
sarek:022f8b8c66062cf29674	train	8812
sarek:c6e66176d6cbdcc52dbd	train	8813
sarek:904590d4f78604ab3485	train	8814
sarek:cc8e376003408202cd1e	train	8815
sarek:ff619a61845bbe3a7aa8	train	8816
sarek:9d2ebd1457dcde2a2017	train	8817
sarek:26694a42397161cd2656	train	8818
sarek:e12e95576d66155e2331	train	8819
sarek:650bf32c068181abaa75	train	8820
sarek:ca078eac0e6370c2b31c	train	8821
sarek:48f1cbe6a17b41a41fb3	train	8822
sarek:b5eda7ad631ca1ae3606	train	8823
sarek:430bdc46bcad5f352019	train	8824
sarek:211015580f95b2d92e15	train	8825
sarek:414e97370ce0c5fc5618	train	8826
sarek:7897aa1900a5929f5baf	train	8827
sarek:6569bcea85b9699583d8	train	8828
sarek:a34acd90b3f8ca04fc55	train	8829
sarek:45b4fd593290e210f10c	train	8830
sarek:d5c1d9d25510874d32d7	train	8831
sarek:a0b1d0b221a587d107be	train	8832
sarek:40da3ae1d5f8d8806c03	train	8833
sarek:f2ca1b7c519c564e2d56	train	8834
sarek:395630a85bcb6296df63	train	8835
sarek:fa1833c5799a579b5de7	train	8836
sarek:a1532c1c7a81e98f9cb0	train	8837
sarek:4007827ab439259a7f6d	train	8838
sarek:903cc481d766659410c9	train	8839
sarek:df31aecea501a5208783	train	8840
sarek:4185d78139b3a2610e36	train	8841
sarek:89d6e9c298483c044430	train	8842
sarek:3b6edc0c174c6de37a4e	train	8843
sarek:1132fd57db3355b34c64	train	8844
sarek:54bae5c384345f332989	train	8845
sarek:55abdf3e9bc24c7ef445	train	8846
sarek:499e8fa73e21cbc48700	train	8847
sarek:6c48414c8fce43c8fa72	train	8848
sarek:f701482aa38c0182e301	train	8849
sarek:15a2fc2611011e7ff274	train	8850
sarek:1c3964bd2f4f3560ed11	train	8851
sarek:c9b090e5b1466e33e029	train	8852
sarek:d0bc0db936d99b42868f	train	8853
sarek:637c5c81194fc394a6fa	train	8854
sarek:03d4de7238bd0799f6b6	train	8855
sarek:7642d0d95b5f47965902	train	8856
sarek:428d79a6f6851aa83534	train	8857
sarek:0c5524f9102903499064	train	8858
sarek:f0dba951c66adaf1315b	train	8859
sarek:bf9a0d2c434c3d1dec23	train	8860
sarek:82f510e6ef2ac7ca6fb8	train	8861
sarek:7709c7009c25c6d0b737	train	8862
sarek:3c293cedc23ac48271d5	train	8863
sarek:54bc1071089f69c47032	train	8864
sarek:32e8093bfb25e8c1552a	train	8865
sarek:e43a9b1b8b3cfc10f43b	train	8866
sarek:719944d9b1826d654b52	train	8867
sarek:f119401ecfedd1b00fcb	train	8868
sarek:09d00729070c75d7d45c	train	8869
sarek:3a818da050d9cf6fcd01	train	8870
sarek:c2aabbac89d612f45f01	train	8871
sarek:6048174d75079f5f6eac	train	8872
sarek:7f5a3557db8459e4563e	train	8873
sarek:4b218eae3818514e1900	train	8874
sarek:2140c9bece4ef67581a4	train	8875
sarek:13a8f2895be52773f272	train	8876
sarek:f5c54400c9d60299f6e8	train	8877
sarek:1660e19c6db93473d347	train	8878
sarek:daf40b3e3a995e915e8a	train	8879
sarek:f8a1bb5cc1beef6b24b2	train	8880
sarek:237aef50430276bea9de	train	8881
sarek:a395efb7e99a07e755f8	train	8882
sarek:68f9a27dfe7f6be5cdda	train	8883
sarek:bdd0a0ed0186102a51f1	train	8884
sarek:01e6435bd119acb03ff4	train	8885
sarek:3e5100f35b7cb4519c40	train	8886
sarek:d994cc8b4ba6558db72b	train	8887
sarek:09160c37726bc856506c	train	8888
sarek:45ef663e091686a0a379	train	8889
sarek:a4ced1ff89571fbc7776	train	8890
sarek:263be975d117d1ef6a7a	train	8891
sarek:042b76996663a5ae18bb	train	8892
sarek:3a9da0a5a13268d32688	train	8893
sarek:92aaf6e6a98339ee2e34	train	8894
sarek:6ede82ebe339d6569c6c	train	8895
sarek:b8b7af40558b8c09bcea	train	8896
sarek:938f6a8182eda5f1a763	train	8897
sarek:adcc541387b1eed9ef18	train	8898
sarek:3ec999ab57e9b3b6efde	train	8899
sarek:644a0f143701081e40ca	train	8900
sarek:7051806bab9d4d62cc89	train	8901
sarek:ba7e5ed33a299b99eaa8	train	8902
sarek:99b4bd94e9d1d4fa0060	train	8903
sarek:8eeccf46fc95bf264edf	train	8904
sarek:362c8fea7c5823b8507a	train	8905
sarek:574517307787ae986db8	train	8906
sarek:bb8642b2e003e7141d69	train	8907
sarek:16156ddb28b305dfa439	train	8908
sarek:c7e11c930b026c9147df	train	8909
sarek:9c9454cb85972cfe0a44	train	8910
sarek:829184dfbbe900575ecd	train	8911
sarek:8ef8c7b992dbf46ca5d4	train	8912
sarek:2def0e0880501903075c	train	8913
sarek:587704f0a7f0bc03237f	train	8914
sarek:5e1a8f210aa85e3e47ab	train	8915
sarek:432fe8de4942d45626d8	train	8916
sarek:60728ef4d1a88b8fb9e0	train	8917
sarek:b87672240a2d288b409a	train	8918
sarek:9a309316305e9cdb0ddb	train	8919
sarek:f1806be578ddd0ef7884	train	8920
sarek:6cdf727a83054b6fe1cf	train	8921
sarek:e66166bc7bc92808837a	train	8922
sarek:c709d45e03dc26a7c24a	train	8923
sarek:c9d5be4920c0f4437c9a	train	8924
sarek:c6c7c771e4c6a45a3fbd	train	8925
sarek:54508078b0fa85074e95	train	8926
sarek:ba570a69464666e24802	train	8927
sarek:9dd6c0b5f0fc94f5a455	train	8928
sarek:6f0b0c4463e4ca6a659c	train	8929
sarek:ead4c9affa2db1a8fef9	train	8930
sarek:871569656696b28b0fd1	train	8931
sarek:daef9a65f9a2574c59ce	train	8932
sarek:66f63441bf736cd2e448	train	8933
sarek:d4fe9b863756b8596f7d	train	8934
sarek:ab515e663948d1b8bc17	train	8935
sarek:7425efb1e56d2c762e87	train	8936
sarek:2f9b53e918a70a0d6d81	train	8937
sarek:d3c723489ec89dbefb63	train	8938
sarek:c809d7e2354eb1cd39a1	train	8939
sarek:475f66e4abdea7e689a0	train	8940
sarek:f6007222c5ae3a9427fe	train	8941
sarek:d8cf3d5fb0e59e4bb4ec	train	8942
sarek:f3395e16301d81ca7f39	train	8943
sarek:26a105acd5eae924b62e	train	8944
sarek:307158eeeae9a86aa417	train	8945
sarek:8ad4176660125f843dbc	train	8946
sarek:f99e0c311a20b3ef4e00	train	8947
sarek:6b513006fd4c0f9d0cc7	train	8948
sarek:cac4a8e4034223216a41	train	8949
sarek:7e3dc01036e1440ff8f0	train	8950
sarek:20b6ae50923fb5c12896	train	8951
sarek:343462f1fd0a3027f408	train	8952
sarek:6071afd8794b8f070d27	train	8953
sarek:704a1ae0f716bca2e866	train	8954
sarek:7ab1f78a58a260c90b51	train	8955
sarek:a5be666c0281428d425e	train	8956
sarek:bd10f1c0b58296deb89f	train	8957
sarek:45b057d3d32295b61273	train	8958
sarek:5e01a78739842dbc4808	train	8959
sarek:a683989f8f5c921fdd49	train	8960
sarek:9bc15219d7e094a09f41	train	8961
sarek:60a22185ff72a9ca4298	train	8962
sarek:123104ddda1a9a994a1c	train	8963
sarek:8bcc443a28a6b7c4cc7f	train	8964
sarek:71b5ab9028cb58d1d837	train	8965
sarek:10a0abac823931e888cf	train	8966
sarek:1c2537fd013adb8a206c	train	8967
sarek:6cc2b9d2f2784a20d6ff	train	8968
sarek:7b64cb9f046f24f6d800	train	8969
sarek:0f1e45ecfa650ab847cd	train	8970
sarek:19d8d1d82962b3a93c40	train	8971
sarek:e1eb2e8c6424962228ed	train	8972
sarek:2430a67e8f4d9d1aa485	train	8973
sarek:ae731361cb542b8ae4ff	train	8974
sarek:4eedfda42b5d086039df	train	8975
sarek:919eb252e55454f7d4a0	train	8976
sarek:65742a2294e895037dbe	train	8977
sarek:6a5e8304124f0dcc04e3	train	8978
sarek:85e477abeb27d89350ca	train	8979
sarek:0d90d864f702db524ce4	train	8980
sarek:d01a55a565f6aa81c883	train	8981
sarek:2af888421f8ec28b064f	train	8982
sarek:a62537ab518753ac2e66	train	8983
sarek:ee0767c6413358f0e245	train	8984
sarek:75e12fa48be1db78c2ad	train	8985
sarek:e5ffbabb7ff25cf7c767	train	8986
sarek:2678f672f607d7c068bf	train	8987
sarek:5856f67283e912aa6935	train	8988
sarek:f34542273dc22dfa032b	train	8989
sarek:5068441a9361c15def8a	train	8990
sarek:b3d7d56ce8dc1de9e480	train	8991
sarek:b288d1f6f4760e46a1fd	train	8992
sarek:35c45ecf2652377779b9	train	8993
sarek:2a92d344ebc7c3932acf	train	8994
sarek:d96eb83725952e181d6d	train	8995
sarek:67ae1884b9c8f191c03c	train	8996
sarek:13088b7663986eeb4c53	train	8997
sarek:aa9f719c53b378288bb9	train	8998
sarek:23a49b2cd1123a7c3e8e	train	8999
sarek:8f233174759dfbdc11a0	train	9000
sarek:aa0b1b7893db996a0d5a	train	9001
sarek:d2cf24f2a14f203eeb66	train	9002
sarek:3003ceed2a40a7545079	train	9003
sarek:ca3a8438dbdf755f9d8f	train	9004
sarek:abe22fb545244457b024	train	9005
sarek:b26cfd46a8aca729552b	train	9006
sarek:d76002f217e87f7f4d24	train	9007
sarek:e8df3d1aa444d9477007	train	9008
sarek:bd1d9755dae44c491a10	train	9009
sarek:3b5953e79136a6561a40	train	9010
sarek:51b1ef69764f061528a4	train	9011
sarek:7e64a51cf3ba44d105aa	train	9012
sarek:bba423febec22d5dbcd6	train	9013
sarek:167e8d82899257e02259	train	9014
sarek:1552bcfa30a7df60eaeb	train	9015
sarek:51adc1bbc1f253e243b5	train	9016
sarek:9f4a284c25aa1eb96bb1	train	9017
sarek:35311999e54e7787aeea	train	9018
sarek:5921191959b858a74c09	train	9019
sarek:3498804249aafa8e4d7e	train	9020
sarek:ebb9a374729460b4ce07	train	9021
sarek:e5d67be419743b88edb3	train	9022
sarek:b740c60751888c6c73b8	train	9023
sarek:3eaddc2fe4211e0d3224	train	9024
sarek:8665adefa31c22863229	train	9025
sarek:5c1ecc9c886f09bc8677	train	9026
sarek:72908243dfd3939111f2	train	9027
sarek:4c3c97a5e85b50bbee4a	train	9028
sarek:d75fbc12923f37f470b7	train	9029
sarek:c5102f2234fb25548edc	train	9030
sarek:1bfca742ea84f27c4bff	train	9031
sarek:1fc12692c88fcd95099e	train	9032
sarek:c9f98c154d386f8f330d	train	9033
sarek:7e24ee9bb298db5436c6	train	9034
sarek:00a02cc7f637f0207da6	train	9035
sarek:f2bd594ad325697a5931	train	9036
sarek:5923b51d44857b08fb33	train	9037
sarek:e80aeb7c6850c4c7847e	train	9038
sarek:e8771d279bef1f3fd80b	train	9039
sarek:b51537bbf001d9a33016	train	9040
sarek:7401023c9d90b0a173da	train	9041
sarek:3a28cc77f840cb59e70f	train	9042
sarek:c80d4d33079c0ce0ada8	train	9043
sarek:b6ba39ab57d1d7a6e23a	train	9044
sarek:27d6e6056fe399ceb2be	train	9045
sarek:f12bdf315d2ad3b17fd2	train	9046
sarek:5fe1dd49bcadba471b9a	train	9047
sarek:7e365e9bc50ce9de3dc0	train	9048
sarek:54d364251e3ce05aec15	train	9049
sarek:d37416a782bf30830a35	train	9050
sarek:3a4ad8a0d1e086dd953c	train	9051
sarek:e86c06ba0469f360fddc	train	9052
sarek:46f332b15b109e6ca46a	train	9053
sarek:ae830ac8226d57b40a49	train	9054
sarek:ce11a8d41ebc38f1fa12	train	9055
sarek:9358fd45ee74920eaea9	train	9056
sarek:6edb58dda3c66dba198b	train	9057
sarek:b47b2c578a14cda5fab6	train	9058
sarek:0f8323e9c4b95f0a3c12	train	9059
sarek:669b300c156283f02072	train	9060
sarek:1f2ac9f4d69b848c5f42	train	9061
sarek:2ebd1a6d303e77f12e14	train	9062
sarek:c5ec6f07f4b0f6624e0f	train	9063
sarek:f3882780f01e5e68d377	train	9064
sarek:caec7717d00710e7d1f5	train	9065
sarek:77562bc2ee5cd7525acd	train	9066
sarek:5c8c564db076d2859083	train	9067
sarek:dcfc596d1d2d1d584370	train	9068
sarek:c14ebf23ab279c542344	train	9069
sarek:c1e91079cb25e24003a5	train	9070
sarek:4669ad19c6959d757ae7	train	9071
sarek:bee07383fc6754b0d682	train	9072
sarek:e10c9f58429f275f9b29	train	9073
sarek:dd43f8f3900e526d6412	train	9074
sarek:502d405dbb82a5e734a6	train	9075
sarek:f0ae2dc068fc7a795eff	train	9076
sarek:c8ac62c9f97f2f545bad	train	9077
sarek:79147893d20c24ba0f7a	train	9078
sarek:1b187fedc523328a06f7	train	9079
sarek:6346ebc27dcb5e3cc746	train	9080
sarek:585dc3b6c6caf38f164d	train	9081
sarek:e33633cd9e610c3104e1	train	9082
sarek:0e3d34dca3c908e9d9dc	train	9083
sarek:5480a84776d40a0c8701	train	9084
sarek:d5d350484944e65ed61c	train	9085
sarek:aa8a87949e4b6980a230	train	9086
sarek:7bf1872549f7a28273ae	train	9087
sarek:0a18ac5dd19246ba93f0	train	9088
sarek:636b5ee811e31b69faf3	train	9089
sarek:78b04fde5d622c5f58da	train	9090
sarek:b0eb0c1cf2236cc05a0b	train	9091
sarek:b3ddecb838f354863886	train	9092
sarek:96119bc7be7e2b02a3f0	train	9093
sarek:b0cc19aa458ba053b809	train	9094
sarek:76080a8a3f8f47dae8c2	train	9095
sarek:87da79d4e7589f58bb75	train	9096
sarek:4c80acbc1aa811ab5113	train	9097
sarek:a9517d25f40fe563e3a1	train	9098
sarek:4536e354aadb4a5e9641	train	9099
sarek:73d5b3e12bc65f4e5a11	train	9100
sarek:465c753ff84cffbaafb9	train	9101
sarek:cf98b641b947db98d2ec	train	9102
sarek:943766185ea49a45568f	train	9103
sarek:0eb0f23634d63d7cc105	train	9104
sarek:0cc7a2abfb65564d2fc2	train	9105
sarek:e33c25e9b229867c7ceb	train	9106
sarek:6f5420415ca8a482e702	train	9107
sarek:fff31277fcfb09d8c276	train	9108
sarek:79a2ac50641a39a3bf4e	train	9109
sarek:35a73c9e6815edf4f2ae	train	9110
sarek:f2568b4435988cd70419	train	9111
sarek:dcd7dc00b42970895068	train	9112
sarek:1365afe1e11ad0047c8d	train	9113
sarek:7d9457819419f9c6f65f	train	9114
sarek:d57514f8c9968e65eea2	train	9115
sarek:4b1492be549ff63aef73	train	9116
sarek:9d7b9b6b1f83f7092bdf	train	9117
sarek:6089176dae23f19ba28a	train	9118
sarek:7107547006b0951c77d3	train	9119
sarek:4cafc0cf356049473a20	train	9120
sarek:b0c98c88ce15acec840a	train	9121
sarek:9d7980ee5e783af182aa	train	9122
sarek:19f035cd872520c03224	train	9123
sarek:5f8ca016b2c33236e6f8	train	9124
sarek:5c416f3c27e59375b822	train	9125
sarek:ea5f2e470533f63e6b7d	train	9126
sarek:4e1ad2216b12031cb6a1	train	9127
sarek:fa012c2d704f9ca28146	train	9128
sarek:b16d9bd632ecd0c42510	train	9129
sarek:08ea14e364830f709533	train	9130
sarek:6291bae8ef57d25dfa48	train	9131
sarek:3eb7c36713f0c24098f3	train	9132
sarek:a6879a79e76fb9b011d1	train	9133
sarek:017f28da11d98747dcaa	train	9134
sarek:c345bef7558d6993bf9f	train	9135
sarek:c050d2bd75a99f61055f	train	9136
sarek:5d27ab251979cd86eee0	train	9137
sarek:98a0ffa9f9f0f9033657	train	9138
sarek:07580829b1397bf1f702	train	9139
sarek:c92f6c400114428a643d	train	9140
sarek:41f0bec67c5705b0011e	train	9141
sarek:68db2e97996f09764be3	train	9142
sarek:d2aea07b97c61c7eff4f	train	9143
sarek:2f1eb4e2b71e7299dc4c	train	9144
sarek:ec56ac4ecf226f6d0ef4	train	9145
sarek:0d79b31e2a67d3fe5f93	train	9146
sarek:118d1388b0ac7cfb74d0	train	9147
sarek:d7a1e4eefb3c01d52076	train	9148
sarek:617fdd23cde9607bd748	train	9149
sarek:1794f55552ff7c81c305	train	9150
sarek:e3932ca1b2d39222a4b2	train	9151
sarek:9f5606d71ef01064a765	train	9152
sarek:f9b1ed2b35f5081f5f6d	train	9153
sarek:29d4fef01ff185eb3780	train	9154
sarek:ebc168a048356090ad74	train	9155
sarek:98c1d64d4cfe747af66a	train	9156
sarek:f4ba5d0644536db2353e	train	9157
sarek:2348592dfeefe1e2b0ad	train	9158
sarek:40e8d1ae61dcaf12cdd7	train	9159
sarek:656a7b3a42bad775c800	train	9160
sarek:51a0daa36d5daf9fab6b	train	9161
sarek:143d674b6592c6dee26d	train	9162
sarek:c8b7466aa4ba9673f60d	train	9163
sarek:dfc296040e38e4540958	train	9164
sarek:af814584aa720eea6efe	train	9165
sarek:7f1d3a78f8a1771f94c5	train	9166
sarek:5f70b26fca455ca72e71	train	9167
sarek:d80f90b5679f557db2da	train	9168
sarek:bf007e46f95392197461	train	9169
sarek:e6edd668b0f6149a7a10	train	9170
sarek:83728da4d5b92e7506a0	train	9171
sarek:153cb5218aeceaef6dbc	train	9172
sarek:b3da1932ece5bca66ca3	train	9173
sarek:68468958dcc6a447dd42	train	9174
sarek:d15b1949609bde17e280	train	9175
sarek:ba9672ef778c8d2bf438	train	9176
sarek:ca2a2e399246d1fc12c9	train	9177
sarek:268c306e28a7f3e57037	train	9178
sarek:6d2912ed62844130152d	train	9179
sarek:affeb18708325181640a	train	9180
sarek:8e24dc48f45aa7bace68	train	9181
sarek:521e4b8beb507a772f69	train	9182
sarek:6ebf938e7131a9e9e664	train	9183
sarek:e534fdfc64d6a6ee90c1	train	9184
sarek:e29c97f0f60397a6ade0	train	9185
sarek:b2853332d8c17e2a534f	train	9186
sarek:88413b941474953f8158	train	9187
sarek:2cb8e780474e01b9aaf6	train	9188
sarek:46477030e5c82f889050	train	9189
sarek:f125a87195735b6f8c33	train	9190
sarek:f8390dc4aaaa8fe2adb6	train	9191
sarek:bd4502ddeab040a534b5	train	9192
sarek:67207e6c56754b3c8ff6	train	9193
sarek:b2a0638b28e0a5c238f5	train	9194
sarek:8c12748d14e301c00e83	train	9195
sarek:5affd0cd86c8051e7a80	train	9196
sarek:9afc2ee3cd79eeb09c4a	train	9197
sarek:16fd8db22a9e27fdd030	train	9198
sarek:94f5849afeb86d1a97fe	train	9199
sarek:066a0eea15f63be935c6	train	9200
sarek:d31de20a1e0703817882	train	9201
sarek:e197dec8ccd9ef3ba9d7	train	9202
sarek:335c6e72516b5dda7639	train	9203
sarek:869bbd5be7e3f18bab0e	train	9204
sarek:e5b2ceb4133cc3744839	train	9205
sarek:7677fca71113f6345035	train	9206
sarek:f031eca82ab3b2a5b60c	train	9207
sarek:82d53e4ec19b1f042cac	train	9208
sarek:840cf01bd30f34e26ca3	train	9209
sarek:5eb298bc31d5cde93682	train	9210
sarek:1c950501fd86d0154d0f	train	9211
sarek:1aba62cfe99cd6f12182	train	9212
sarek:cb9d9278f37ce78ca577	train	9213
sarek:0a83a99548ce907e437d	train	9214
sarek:456cca94f63ff3c7dc2e	train	9215
sarek:824b3a03d8617a2d1f2d	train	9216
sarek:78dc8662157ef8e2d7e0	train	9217
sarek:212be61ca6d3d051c0c1	train	9218
sarek:686540b2fad67b9438d5	train	9219
sarek:22050fd0c415fc34cb7f	train	9220
sarek:3d7971d2cefde37e7705	train	9221
sarek:21f83d80b7c60acece58	train	9222
sarek:3ac62c7fcb8357d805fa	train	9223
sarek:ccf3817feb4228324d82	train	9224
sarek:195cfa9f9aca72cf5fbd	train	9225
sarek:31690b2faf248b0cf0b6	train	9226
sarek:9830ee49f1f60a15f2c7	train	9227
sarek:b9a2163e02fe68e9c0ca	train	9228
sarek:5339bec1a71f913ad3f9	train	9229
sarek:4c9694fd5a4c2f72d895	train	9230
sarek:93ab47e88736e2cff8f5	train	9231
sarek:f6783cc86e85a5c62c46	train	9232
sarek:435c343382ed607ae2e5	train	9233
sarek:261b11d0d7655328020c	train	9234
sarek:4bda79a23175e9b07996	train	9235
sarek:dc68215834ac40b1e1fd	train	9236
sarek:061de1d78b72c57bf3fa	train	9237
sarek:9d453a32f429e42a1e9e	train	9238
sarek:42f32ff870c0309b149b	train	9239
sarek:2fb0f01abf488fac73df	train	9240
sarek:d598ef5feaeb8c33700b	train	9241
sarek:5074b0c3a054c15894c6	train	9242
sarek:447eae54c88175b3d6dd	train	9243
sarek:706939820afb408bc394	train	9244
sarek:432c920ce680a4662016	train	9245
sarek:813dc850c6285a387643	train	9246
sarek:82963bb4fa93207ad37b	train	9247
sarek:e34edd00bb240b484e3e	train	9248
sarek:f84290fbbcb607bef3b6	train	9249
sarek:eccdd9ea3768af548058	train	9250
sarek:e05a008f7a5879c4b094	train	9251
sarek:21c1dd932e5138f5fd83	train	9252
sarek:7f656394ed6c5447fa1e	train	9253
sarek:c12efe6acfca91c00691	train	9254
sarek:c74df4931c60e857e543	train	9255
sarek:03e5062c790c80c370ba	train	9256
sarek:6b18b7f1347f256c62a2	train	9257
sarek:3dd00343ba888835ea8e	train	9258
sarek:002c898b2017e58b13ce	train	9259
sarek:17483af71bbc84f343a7	train	9260
sarek:b9189a982b93454f30a1	train	9261
sarek:b4ee6fe7a5a075dec3f1	train	9262
sarek:ff0c3c7009aa043e23ec	train	9263
sarek:47215ea459d3bb1773e7	train	9264
sarek:77d29ba28f392b83ed49	train	9265
sarek:53d5b86563ed6660e249	train	9266
sarek:32ae86923ea9e4f4a934	train	9267
sarek:c79cc14cb717902c6838	train	9268
sarek:cafbb91e487e4d2e8e60	train	9269
sarek:8d74a7ef2fcca1835614	train	9270
sarek:c8fdaf1e15ec117e1932	train	9271
sarek:5b0965a92c66c2fbeb8f	train	9272
sarek:9c652f62d4966072bded	train	9273
sarek:c2c6357c23442558c2eb	train	9274
sarek:96774d4f5766825e445f	train	9275
sarek:dd43d8da32943f769a15	train	9276
sarek:b1b13a49314a043a55f4	train	9277
sarek:bdf1d8f3437f33874c94	train	9278
sarek:4adf35e6ff9e9bbcba81	train	9279
sarek:d6350873c56934f3d1b1	train	9280
sarek:ab9e3a1c708f30445873	train	9281
sarek:27e14e131b10a576b545	train	9282
sarek:46953ca5da24d9bbaa4b	train	9283
sarek:454f3a65fa21aa5fc53a	train	9284
sarek:490bedf2546081f3dfe3	train	9285
sarek:3f10840ddf34bf358db9	train	9286
sarek:cbd9eabd5f7621a363d1	train	9287
sarek:15d798cb51967ab1b0db	train	9288
sarek:728c425eb95ef8065f78	train	9289
sarek:839dcd423c8b2bb08a9c	train	9290
sarek:e2c4977685b45a7a86d5	train	9291
sarek:993517d6fbef38db8773	train	9292
sarek:211605ff6e5d0b63c483	train	9293
sarek:2ea8c113592dde5bfb63	train	9294
sarek:312e626a69980619bdd1	train	9295
sarek:aca81aa061dbb889a9ad	train	9296
sarek:72335c9696f0655b81cc	train	9297
sarek:ef0a49aec1dd007b2fca	train	9298
sarek:a4e948494a68f7ea2509	train	9299
sarek:d9deb84e11e57d54fc44	train	9300
sarek:89d7a0687e9977f965e2	train	9301
sarek:4835310070b454286c7d	train	9302
sarek:2aaabf83c6221f62248c	train	9303
sarek:6d990bcb798ce5ccc887	train	9304
sarek:095d19b74afba1ef7da6	train	9305
sarek:dfd3a47957b2f3c2b418	train	9306
sarek:b72358cb4e8ae45e4c00	train	9307
sarek:a96eda9daa69648982e0	train	9308
sarek:43ca04b813898fc1ca72	train	9309
sarek:7f4c3ae86aa20c10dd58	train	9310
sarek:c91f60c6d5fac99e2b6c	train	9311
sarek:026d5d3ee904182d2fd3	train	9312
sarek:4813b835cef7e574b579	train	9313
sarek:2e281e8b4e177caadfa5	train	9314
sarek:e23be8cae9a20969cc4c	train	9315
sarek:cf7052e95e2317acd614	train	9316
sarek:1dbb0f3e250e49607696	train	9317
sarek:971b57f2fd16d2d8c9d8	train	9318
sarek:4e36491ebf13e03b6f80	train	9319
sarek:ed8f2a7fc56881492ef2	train	9320
sarek:54cbea3f95e2f5b2f52b	train	9321
sarek:2ab4a3a25989a91ce753	train	9322
sarek:5d607865a5136ff2ed92	train	9323
sarek:6c6e1fb256e2da578753	train	9324
sarek:8de8672c76c782d7a893	train	9325
sarek:77b2017aa23bc2b51d84	train	9326
sarek:5fa98c96b342a32b51fe	train	9327
sarek:d61de05bee27112a886a	train	9328
sarek:540c62db23e3c1fc3f1e	train	9329
sarek:fac2b938ad39d485b178	train	9330
sarek:944cefc8752a47b72fae	train	9331
sarek:e4263a3b4c75911ab879	train	9332
sarek:1925f63f44b1339e5225	train	9333
sarek:50ff943afc2a4b209ba4	train	9334
sarek:bfe5fa0e73b3f438797e	train	9335
sarek:8a168b524e7d05744c06	train	9336
sarek:4e710d14ade2032a9a98	train	9337
sarek:c3f19cf172dd6b9d4e87	train	9338
sarek:f1875b1a644852665f9d	train	9339
sarek:8753b5dbd3a03d9f10fd	train	9340
sarek:166fdac92ab89e553e46	train	9341
sarek:271a205f597512c11a71	train	9342
sarek:8d9eb8ed300633c8e561	train	9343
sarek:29cdf0d1fc506f4b2f34	train	9344
sarek:36687d9885a9e94e88de	train	9345
sarek:6173dfe8e227611b9695	train	9346
sarek:7806058b36ab761cef38	train	9347
sarek:5986ac86d050ec1e0773	train	9348
sarek:094f87d15fb290e60cc7	train	9349
sarek:28d4ad07db24fc6b8daf	train	9350
sarek:9474cfd8ee9f7700428e	train	9351
sarek:655caa81ef5e6f683db9	train	9352
sarek:ea290c6146fd990b6c39	train	9353
sarek:6d74d7e047a29b41059d	train	9354
sarek:88b410ffabeaaf61c2cd	train	9355
sarek:d0df20af1ab33022e171	train	9356
sarek:dba25c201bab9ea996a4	train	9357
sarek:26b7cb29b5a422238c87	train	9358
sarek:227d3ba8e55e24b1e8bf	train	9359
sarek:b47268cb329d86cde5c8	train	9360
sarek:f2354549e5cb736e292f	train	9361
sarek:d02ee7df52bbd06906c5	train	9362
sarek:0143e8cdfef1553ac78e	train	9363
sarek:142d6d0b83f44ddaff38	train	9364
sarek:1ab4830619811338e689	train	9365
sarek:b6da4f12e37b52f3660a	train	9366
sarek:19dd3f3a554dacf8f1dd	train	9367
sarek:fb2c353148e955fdf80d	train	9368
sarek:2fc606cd7ebb04850bf3	train	9369
sarek:f89d90c0089a13382f4f	train	9370
sarek:a3787e18ee05ad2d13c3	train	9371
sarek:b8805564e6dc99ad7306	train	9372
sarek:388cacddd5fb6a53c624	train	9373
sarek:f3a49faea022417863aa	train	9374
sarek:ac8241e13e965d3825c6	train	9375
sarek:300e65a1d2ddbfff8816	train	9376
sarek:902eb6439332090d6909	train	9377
sarek:a3f7c1d21f68b0fa4782	train	9378
sarek:185ce9bff8ba119b93dc	train	9379
sarek:24bfa17fd3808152ea31	train	9380
sarek:8ce6a0e61aacc31e2233	train	9381
sarek:1f433cb23260553dacd3	train	9382
sarek:0b6009eb1e7f0dd5e675	train	9383
sarek:0c0b65554689ab9f3cea	train	9384
sarek:6fb352f4ee72c7528ae1	train	9385
sarek:f6b64dd131dc5523b457	train	9386
sarek:5227ddc991b5d9da803b	train	9387
sarek:866937a794d93e963620	train	9388
sarek:6907d382f1334e8c2023	train	9389
sarek:43b6ed1a83376215feae	train	9390
sarek:9ae6121af56ed5764767	train	9391
sarek:a8f4ee278b516faadb74	train	9392
sarek:4944ecf921a2c0042184	train	9393
sarek:8bcb96511cfed99d0327	train	9394
sarek:9a02126c9ceb097b936e	train	9395
sarek:1968c465dd3036bf700d	train	9396
sarek:9cfd06c6a6dc346b63f7	train	9397
sarek:66693de00b51e1c2de12	train	9398
sarek:6fbc708f6104c82745ee	train	9399
sarek:ab4fb705bce4fc913aca	train	9400
sarek:7c621d47255593c446fc	train	9401
sarek:c94026ab7567995bae68	train	9402
sarek:ad73f0e39e0c1400df26	train	9403
sarek:1a3e8577a07ee3af6c6f	train	9404
sarek:d39c2c49f350cd9bd943	train	9405
sarek:0d5893a35d7198c8b49b	train	9406
sarek:b5e6fb436fd3dbcd4121	train	9407
sarek:b21056b4b980866a397c	train	9408
sarek:12c08973501dcdb972f5	train	9409
sarek:d422bac72836727254e1	train	9410
sarek:256e5a1ccfcb814e9292	train	9411
sarek:9e1d899d647570299ee5	train	9412
sarek:880237ceb734e33ae372	train	9413
sarek:3d325b1468c561db6f5c	train	9414
sarek:11d04fca33f13dd35fa2	train	9415
sarek:de56193f0de370b2195d	train	9416
sarek:711163ab0c04c06832bf	train	9417
sarek:55164155606c7b870386	train	9418
sarek:df7c152643a13f0ed454	train	9419
sarek:92b4113632597060e442	train	9420
sarek:28a1563fb39dc308c9ab	train	9421
sarek:f342d4bd694d387419c6	train	9422
sarek:f84503c35c79444b90e4	train	9423
sarek:3e2cf4565a57492e3720	train	9424
sarek:c04918af845341aebcb3	train	9425
sarek:95e89e7a28c4be95be95	train	9426
sarek:858a17ced87ee5e0e422	train	9427
sarek:db29b7565a6cdf9f35f0	train	9428
sarek:39e382b16141579da3fb	train	9429
sarek:9f029a6ea9ae126a166e	train	9430
sarek:76d475494059ca6a7037	train	9431
sarek:4ca33f29bbaa6d49634d	train	9432
sarek:2269d0c89d648b7ea2dd	train	9433
sarek:ea06d45b72182ced5b1a	train	9434
sarek:1523f610dd6e206f5ddc	train	9435
sarek:f9dcdb290bc7eff6af90	train	9436
sarek:4a8c4460146af088f285	train	9437
sarek:a9bf35bbbecca4639546	train	9438
sarek:a9a328f8ade7d2f6f55a	train	9439
sarek:c13c7bd0e724cf9f1bc3	train	9440
sarek:a3e0568dcc7b4f7654a0	train	9441
sarek:390d950b540d64065d09	train	9442
sarek:e659c06e598c9f7b4086	train	9443
sarek:e54345850f8a0eaad9bd	train	9444
sarek:6d34f36ac829e96c71a4	train	9445
sarek:c7b22175b04fe0de4c7c	train	9446
sarek:a2cc2c76f8a47c500260	train	9447
sarek:fefc820453a8e497c6fe	train	9448
sarek:f7397baceca630122d7a	train	9449
sarek:140901365acb30a5ff89	train	9450
sarek:ce3d190c44d4886c0e0b	train	9451
sarek:27c048b33ecedf8dd217	train	9452
sarek:24ce7e1c66a1dab0fd28	train	9453
sarek:df44df071461c1d48ca9	train	9454
sarek:5469eb1e663961e607b3	train	9455
sarek:c369758ba7a0844e901a	train	9456
sarek:797ecb44ec68d1f09134	train	9457
sarek:72f6defbe02c15d9278d	train	9458
sarek:385416920904b9ea3e98	train	9459
sarek:215b7485c972d79caa79	train	9460
sarek:9285713343c0b14f742c	train	9461
sarek:c79dd743af31d1c3bbb6	train	9462
sarek:ff3cb1907e4b070ca37c	train	9463
sarek:6469911c85b070519b33	train	9464
sarek:52b775576824b01e5c7a	train	9465
sarek:793c436fa5ee363e46c6	train	9466
sarek:82a994daaa63f7265fce	train	9467
sarek:0323ccaad1897fc9d5f2	train	9468
sarek:5e04e8e719cfde28a9ea	train	9469
sarek:e7ae789902fed4f6f65a	train	9470
sarek:6aa19692da00c37b1933	train	9471
sarek:f0997d21e0692cf286d3	train	9472
sarek:6ed635bf1da4c074823f	train	9473
sarek:4869591658503cbffb2a	train	9474
sarek:ffee5c37e7ba51cbe23a	train	9475
sarek:c528fd61967a299f4c67	train	9476
sarek:da593ffe34dcf6bb9bac	train	9477
sarek:89724bd05e4a8aef76c9	train	9478
sarek:860936cdb51b91cb1326	train	9479
sarek:9b07d66e90e858145370	train	9480
sarek:51921d727cddbb304715	train	9481
sarek:05cec30a25137c9ab85a	train	9482
sarek:e5c6bd6de8e093325aab	train	9483
sarek:bd366252fd011d17f90e	train	9484
sarek:2623184d6285d678c0cf	train	9485
sarek:1a8164828fff1b1a3de7	train	9486
sarek:9200aeee45feecb281d9	train	9487
sarek:991febafaf66bce7ae69	train	9488
sarek:e76d34ad5713e8489ff4	train	9489
sarek:f3c1455040bd458026e5	train	9490
sarek:a9baf16487dfd50a6ebb	train	9491
sarek:823777a13fcefd6149a0	train	9492
sarek:1bebabba9f98fbbbfdf7	train	9493
sarek:004be62315aeedc6218e	train	9494
sarek:6deb4ff4f50d3c4f6ddc	train	9495
sarek:10f359eab7e1ddbd7023	train	9496
sarek:e61c7639090dcc202d85	train	9497
sarek:7d76068e113a3853d38a	train	9498
sarek:52132ae340636de6ca50	train	9499
sarek:f0774c188feb51885be4	train	9500
sarek:643b0cbe4d3d7df8d58d	train	9501
sarek:4f01d8c97f5c3dec840a	train	9502
sarek:176e47d266283bee4a89	train	9503
sarek:75957d5f097974b27971	train	9504
sarek:bdc0253bc92ce8be9272	train	9505
sarek:f5a1cae2dcc3321e728e	train	9506
sarek:5d903893d59470018d9e	train	9507
sarek:7aa7a6377e80c5265b44	train	9508
sarek:bbbf84eeaa915715f078	train	9509
sarek:6d0574fb00840c7240be	train	9510
sarek:052412a0024a0b568de3	train	9511
sarek:72a85822d40573c9aa89	train	9512
sarek:a9729995cd945c0db9ec	train	9513
sarek:eeddc2b91b2ac7c8cf58	train	9514
sarek:b33b833ef5f2a1145d43	train	9515
sarek:0d0946d347c3a6edb80a	train	9516
sarek:30f311d388a38aedcdf4	train	9517
sarek:eed942dc54f6d2cda201	train	9518
sarek:3734c6ce764fb646dbc3	train	9519
sarek:fde2e6a62daf7a7327be	train	9520
sarek:fb7b4d126448b30a62d0	train	9521
sarek:877d975f48e85ebf66af	train	9522
sarek:1a9e099e78a523851d47	train	9523
sarek:90c1363e15e6fa1abb20	train	9524
sarek:cd3335f0bab348c6c52c	train	9525
sarek:264f0f8e3963a609365f	train	9526
sarek:a12c601e5dfdcc77dc13	train	9527
sarek:6b9d66d2e32321457edb	train	9528
sarek:705e6da93b8c9365fcff	train	9529
sarek:41b7cefb508776ee9107	train	9530
sarek:9cec97cbed7ff144e9a7	train	9531
sarek:1cafd18ad01b8285c4f1	train	9532
sarek:a2898e6e3bc1a6c252fe	train	9533
sarek:4bc1a3827ed222a29e3d	train	9534
sarek:ae2b0bd62043b3fed436	train	9535
sarek:e4713ff664f6e92266c6	train	9536
sarek:dd1b1b684a3a709a29fc	train	9537
sarek:444eeaa1c9aaadd1b870	train	9538
sarek:ec6635629738b120e320	train	9539
sarek:fc0632ec2b168eea40c2	train	9540
sarek:6c0d55c4b02d95337531	train	9541
sarek:3bd82906fbdb65b7fe04	train	9542
sarek:806b2a5e3524d2a644bd	train	9543
sarek:3d986588bac423f15ab5	train	9544
sarek:8bf5a66a4540e222953a	train	9545
sarek:c24a22b2947ac21a83ed	train	9546
sarek:cfed85a98807a90ebbdc	train	9547
sarek:9140cbd4fb0481676127	train	9548
sarek:0ceb17854ac61cb0504e	train	9549
sarek:64775b70ab0e8c4e0f9d	train	9550
sarek:1cece6253f9c52d12b8d	train	9551
sarek:192d7a4c4eb0243837ca	train	9552
sarek:d9f29e9ee77b5424ac49	train	9553
sarek:a42332d87e70db80ae29	train	9554
sarek:60d1029e04d676f8ee45	train	9555
sarek:22839afdfff2ed1f2310	train	9556
sarek:19c4c49c08f686b29931	train	9557
sarek:54ea870b66fbb07e119a	train	9558
sarek:3bc12029c2a75ed5f3fe	train	9559
sarek:223d72ee6fd45a8d8f2c	train	9560
sarek:485c3ea50d5215330689	train	9561
sarek:f8811dd0576b1af69992	train	9562
sarek:6e84f90352cb1281d542	train	9563
sarek:fe0d1694d78e3fdfcd99	train	9564
sarek:2ff75dcd54e84b34f7c5	train	9565
sarek:f2f07248d5ede0e11c3a	train	9566
sarek:255f6873537b6bf26ac2	train	9567
sarek:44a43ed075d2039dd6bc	train	9568
sarek:c70cd9b0e2baf813fe22	train	9569
sarek:b12fd0ff8fffea96f53e	train	9570
sarek:957880e707fcf7c9bb7d	train	9571
sarek:5a6f1daba97314b51d8e	train	9572
sarek:10c4f7a80c12068dc938	train	9573
sarek:7656cf1992a98974b600	train	9574
sarek:e7f4a74c169afc68ed85	train	9575
sarek:e59bd2a2b0cce49f3ae5	train	9576
sarek:e773d41200ac56b8220d	train	9577
sarek:fab7085f7920e2ccddf8	train	9578
sarek:2948d74f8c0b2297a750	train	9579
sarek:3a3aefb88f2844f4a737	train	9580
sarek:78023b99202159682822	train	9581
sarek:493efdc7da02a6d330a4	train	9582
sarek:ee3908abc90f09defc34	train	9583
sarek:529a0b30927d0673d8b2	train	9584
sarek:775f1ca7c04e6d392396	train	9585
sarek:a7ced7a552861a865592	train	9586
sarek:d35c817989041e0cc062	train	9587
sarek:defbe5e1f4d4128237c2	train	9588
sarek:cf987852322ab5557a4b	train	9589
sarek:f6ca5e6d26fa71490011	train	9590
sarek:392bcf96cde76c045081	train	9591
sarek:cdd81255767fd2d443bb	train	9592
sarek:ccadfe0491c629aebbd7	train	9593
sarek:d95cb7ffd5b12241c54a	train	9594
sarek:07e2d460ecb7ac4bdb7d	train	9595
sarek:83378b801bc193ab7a5d	train	9596
sarek:41ff5ff033fbdb580fec	train	9597
sarek:ccdc295b8ab9af3c7946	train	9598
sarek:7bfd9d46688ec804080a	train	9599
sarek:103875f5f778540bb971	train	9600
sarek:721b49bf2f77a3b84783	train	9601
sarek:f2b51ac350211444555c	train	9602
sarek:4412765bf4be92671d03	train	9603
sarek:68dc67d5df58f97428be	train	9604
sarek:6e7f191c07a845a2584b	train	9605
sarek:d81ea187b7ba2f5a970d	train	9606
sarek:330c02c24d660630b259	train	9607
sarek:b81b655e839f3820026f	train	9608
sarek:eff615882c199c82e641	train	9609
sarek:1d84f13bb6ba6e073f1f	train	9610
sarek:ffa443d55fa1c914eb38	train	9611
sarek:73236bb70c08f3816a9f	train	9612
sarek:369b4ebe747db23fa4e8	train	9613
sarek:b70bdcbd7f32c8d6e03b	train	9614
sarek:8720367fb4ef09d3edf4	train	9615
sarek:e673005a01142042f4bb	train	9616
sarek:bc5b67125c51ea1b1ab2	train	9617
sarek:6753f73a8656b9b7f127	train	9618
sarek:43ebb4e53c2cc9228877	train	9619
sarek:26437f927f03929240e1	train	9620
sarek:bf97356b03ba06e0076e	train	9621
sarek:ebcfe0eb070827539405	train	9622
sarek:10366757a01779c211d9	train	9623
sarek:9f7720e7ae9f2db01a0c	train	9624
sarek:3431dfc52e228c1c13dc	train	9625
sarek:4955e5e3c1be2ff61171	train	9626
sarek:d079c125472d8b5ac5f1	train	9627
sarek:a018575569f773c9e342	train	9628
sarek:0b2dd7b287e9c5918a73	train	9629
sarek:02d0a11c00eaace466fe	train	9630
sarek:bb99c85a638c12096f17	train	9631
sarek:5fecedee0ec7e710d6e2	train	9632
sarek:f4f1ddefb8985394af18	train	9633
sarek:94d8c804d2b6142ef194	train	9634
sarek:8645cceb9b1c040da7c9	train	9635
sarek:bc48cca7a52a7c301e9c	train	9636
sarek:b7004072b922633f386b	train	9637
sarek:75577e63af70a134a482	train	9638
sarek:29898afbaf7a3f8ff783	train	9639
sarek:8a86de9f7b21dfcca26d	train	9640
sarek:6aac88f090e33f060c45	train	9641
sarek:b481a22e82d093db6ea1	train	9642
sarek:a20b8da2a6a8f386a1c0	train	9643
sarek:3366087ae8703a7edeaf	train	9644
sarek:46715df0070762419a2b	train	9645
sarek:20af76cc7c80f5fc6368	train	9646
sarek:6989896d47d3dbfea2bd	train	9647
sarek:042ae4618291813f98c1	train	9648
sarek:80f6043ae766b7d4aea1	train	9649
sarek:c422ad296c737192fd36	train	9650
sarek:e501e48e23eac5c6f01a	train	9651
sarek:06fd4366a987e351e894	train	9652
sarek:d319fce1bbb12d3040ac	train	9653
sarek:e45470eb30ebc5858d6f	train	9654
sarek:c8da972175000b53286c	train	9655
sarek:5cb7c96e62d371a47020	train	9656
sarek:3711ab082178d6ce35dd	train	9657
sarek:5d08f8a0ab02b1cb9048	train	9658
sarek:af8118e98ffb2d224ece	train	9659
sarek:4afed5a76c27bbe9d44c	train	9660
sarek:7f00a8df1fe1da2439c7	train	9661
sarek:a45bd9c432a293ba6db3	train	9662
sarek:24eea9b8761a55c1b4f2	train	9663
sarek:d6830afcc143adaf85f7	train	9664
sarek:371e852e7a5589a09f12	train	9665
sarek:f3b28238afd3902c44b5	train	9666
sarek:d82cb857ef537b2aa478	train	9667
sarek:8a77406fd973ef249c66	train	9668
sarek:116d385c6b02b8df1934	train	9669
sarek:2edd17918d79c88c8c2f	train	9670
sarek:3ff4cbbc6f6ea97b453d	train	9671
sarek:2882220031f537e9e2d9	train	9672
sarek:2b1d43b01550480f78b1	train	9673
sarek:31b56e65fa21ddd1fb86	train	9674
sarek:ecee3ba4ef7be4db4f49	train	9675
sarek:4929c29ac846085d40db	train	9676
sarek:98bce242983a5639046c	train	9677
sarek:daed68eae2ec876f781a	train	9678
sarek:66c66ad7a1540a178f39	train	9679
sarek:87fda0010648735990b0	train	9680
sarek:8954fe76e4039003a4ff	train	9681
sarek:939a1861febcd953c8e5	train	9682
sarek:d3465de9a2611d8eaf90	train	9683
sarek:5b6274d8e9f2ca787d1e	train	9684
sarek:47fde2c6780ce76b7747	train	9685
sarek:aa05ca2a726a5eb13d92	train	9686
sarek:5365b1b0cab3d17b4434	train	9687
sarek:c90da0f5f45c32ce8c22	train	9688
sarek:1ff25e2dcaedfea9eee0	train	9689
sarek:acaf61be3c2ea69c3f20	train	9690
sarek:16fa620cc5f64fbcb208	train	9691
sarek:e8e6587e91bfeb2a1b45	train	9692
sarek:540e829249ce3ca9933d	train	9693
sarek:789f98af91a9ba4d76b8	train	9694
sarek:45de15f21f14fbf6ea2b	train	9695
sarek:f0b01acc4fe3913a936b	train	9696
sarek:1792c62050101ab897c2	train	9697
sarek:9a0088fc2a67bdbf722a	train	9698
sarek:e550959db86ab14414ee	train	9699
sarek:9866d8d0a02995ab364d	train	9700
sarek:5882dce0810221605cf0	train	9701
sarek:2fa649d8f1451014c011	train	9702
sarek:d2ea433df6e4d1c736ff	train	9703
sarek:82fc7ae744754edec7c6	train	9704
sarek:9c643cdfc982a0d76658	train	9705
sarek:9ab499a80b1d5bec78e9	train	9706
sarek:6e861839df659452cea7	train	9707
sarek:021f0b00645190c492b0	train	9708
sarek:5103fb7a83010c03a2d3	train	9709
sarek:c65800a2c094968f421e	train	9710
sarek:ddc108566c312436bdcd	train	9711
sarek:f405f5d4097128487344	train	9712
sarek:85ec8fda0569c9aad73b	train	9713
sarek:9ea8c46fbf274685abc2	train	9714
sarek:dae8f1be83873e10257e	train	9715
sarek:d6cbc8487d2953f0f433	train	9716
sarek:4c22ea4b2cf922cec527	train	9717
sarek:e48a831a5f240095f65a	train	9718
sarek:d7bfbe0f928cd263a2c1	train	9719
sarek:99c65862196fd081c142	train	9720
sarek:9ebd6b5ad6183ee2d75d	train	9721
sarek:57de1f5498ee69989c98	train	9722
sarek:845e5f13d1a392b943e1	train	9723
sarek:8ad6993436a293ab3d92	train	9724
sarek:bcad66f4e5a4eb0e1a27	train	9725
sarek:1aa0956b9cd233eecad5	train	9726
sarek:9ef91540528f73c464d2	train	9727
sarek:d3af39cad83ae71a6007	train	9728
sarek:ea5a271900ee65346564	train	9729
sarek:761ac746042b6e6f56ab	train	9730
sarek:bb5e59ce2678bf349561	train	9731
sarek:6249202125bd11432ffb	train	9732
sarek:aec5c9e9193067c90148	train	9733
sarek:88c4c4492e86b77183c4	train	9734
sarek:32a32dd8074fb7864fd1	train	9735
sarek:3612cc7977de3cbec370	train	9736
sarek:57d648454269ea934f8b	train	9737
sarek:c36ae11368e2ec60aca9	train	9738
sarek:d8a526fcc6e6bcd019ab	train	9739
sarek:9ac0d969061ea2516704	train	9740
sarek:52496544bab5638091d7	train	9741
sarek:824a831f7ca312a4c4e8	train	9742
sarek:375049038a9b81363369	train	9743
sarek:50fb96f32f883af9cd96	train	9744
sarek:872016c60bc1330f3ae7	train	9745
sarek:7d57cbdd4bdc8ea45c6f	train	9746
sarek:5136fc8b3ed154b959e1	train	9747
sarek:612f895f6e4607a2b1e1	train	9748
sarek:8d97e70db6038fe460fa	train	9749
sarek:a064cf6baba5e10943e1	train	9750
sarek:936fff106c7a5ada4991	train	9751
sarek:89067212ae39dfbaee68	train	9752
sarek:13c70c8f92c77843f00e	train	9753
sarek:6b98c6b2f993fa12e48f	train	9754
sarek:08e19b287b8b122a5ff8	train	9755
sarek:400503500c80ebf4402f	train	9756
sarek:7fe40a1e6df9c8c9e344	train	9757
sarek:7bdbb366cafb508a1d68	train	9758
sarek:213063b79d8e82303960	train	9759
sarek:19b004eedd05c7715aa0	train	9760
sarek:672861aca1f964c3864e	train	9761
sarek:3b69107a9e220a7ff54c	train	9762
sarek:30bcaf8f335a04cf1165	train	9763
sarek:9ef22079566021c215d4	train	9764
sarek:57bbbe17905dbdde5c72	train	9765
sarek:3128199d35231630d864	train	9766
sarek:c3ee1ddfab0a4041f179	train	9767
sarek:9a472e2313627d081a5e	train	9768
sarek:43ee8f0c622991f76f4a	train	9769
sarek:3904f1af04ab9cf7e299	train	9770
sarek:d8ebb6aa5ffc0a49ab81	train	9771
sarek:39b6b391228b3e4ea821	train	9772
sarek:5f77d004618b4022e5a3	train	9773
sarek:2fe9eb1883ba41371ae3	train	9774
sarek:be061ffb800dcc6e72db	train	9775
sarek:da4e5e9dbee01a13c303	train	9776
sarek:1765ef942ec276003996	train	9777
sarek:1a11b232ccf0714c1ac9	train	9778
sarek:81a98a76d54b7bca34e3	train	9779
sarek:1b7d5f063417696decae	train	9780
sarek:76d3147399fad33b861e	train	9781
sarek:67acb2ca4d3fa5247944	train	9782
sarek:344e3670fc8b41edc28d	train	9783
sarek:7c1403b83dcf7ce972c6	train	9784
sarek:2851d89a1137e6b47e23	train	9785
sarek:d1324743b860db43dfff	train	9786
sarek:21bb5a76045643e25b4a	train	9787
sarek:19362430424e2c8a7845	train	9788
sarek:5242d56d9736a8569ad1	train	9789
sarek:812f6f2ec3c46a060ee1	train	9790
sarek:9933e5447926c00cc722	train	9791
sarek:8ef70332bbe800be2b27	train	9792
sarek:e68ab66f9187109eb079	train	9793
sarek:69dbe7a69793b5d50b4b	train	9794
sarek:9ca630cc59241eac2fe5	train	9795
sarek:3c90ca01b8edd2bf5e07	train	9796
sarek:ca57c23768b0b70486ff	train	9797
sarek:a71db292e5455d6ad1a8	train	9798
sarek:4089605c65e95d05387e	train	9799
sarek:39e00e2b174f9a6e33dd	train	9800
sarek:a1a637b1b5612f31b6bf	train	9801
sarek:4eec4afc279ad7c7f530	train	9802
sarek:d71f50d92a0d04fb0cd2	train	9803
sarek:023249480abe9e0fe7f8	train	9804
sarek:e705c194290a8cdd9cb2	train	9805
sarek:42e3dc60f54c4c431f78	train	9806
sarek:3d98aa017863a19a4111	train	9807
sarek:5f65c2668f24e83782ef	train	9808
sarek:ba5cf8e95d9c1bee3f9f	train	9809
sarek:d19c4bff3851f3c61120	train	9810
sarek:cd4154a601af205f6abf	train	9811
sarek:3fe2b0a0422ded4b17fa	train	9812
sarek:5de300d0b1c20d63e42e	train	9813
sarek:9e02788792e110e36ebf	train	9814
sarek:1facd59f9e21a1050e70	train	9815
sarek:66a93c6dce146e9c7c95	train	9816
sarek:651e5f4c32c04f16586b	train	9817
sarek:113867ad50175d9a91b1	train	9818
sarek:f295f89961a5ba055a5c	train	9819
sarek:6d6013748a3056c0164d	train	9820
sarek:14fc85706ae28a5be33e	train	9821
sarek:c7254f77419ccf8c5416	train	9822
sarek:ac011f65b3563081a1aa	train	9823
sarek:1921fc31034ea87ced83	train	9824
sarek:decb2d1cd3612ce5805a	train	9825
sarek:0556bfecdfde8e08227a	train	9826
sarek:3ba1afcf7c4062d1fd74	train	9827
sarek:9fb54e7f8d603d11203f	train	9828
sarek:6b37d108b0a7b888ce7f	train	9829
sarek:670dd7485b47928ef2a5	train	9830
sarek:e7b3977f2fea53bd3415	train	9831
sarek:3a94022fc230771afdc6	train	9832
sarek:9650c2724a36f437d1b5	train	9833
sarek:7e32ac10c40c25d7edb9	train	9834
sarek:90abc7f3e8d903e65245	train	9835
sarek:26e4a77bfe060eca27a8	train	9836
sarek:86313c9fecc66fe7d7f7	train	9837
sarek:1f5cf53177e222b2091e	train	9838
sarek:3acd1ba4489eb00a385a	train	9839
sarek:7273bacf340eac07d41f	train	9840
sarek:9b4179c5f21f5c51ae21	train	9841
sarek:98ede32ba6074f7359a1	train	9842
sarek:ea383861a16589c2a8a5	train	9843
sarek:aac47b4b5441a0ff61b7	train	9844
sarek:c9efd918c6a6993400c2	train	9845
sarek:626d79aa9822ad8c351d	train	9846
sarek:46913db018e6f6749c9c	train	9847
sarek:a6cb9a46cd1c0a48035c	train	9848
sarek:c6b9601ecaad0cd31e65	train	9849
sarek:838b830de7e4534bb0ed	train	9850
sarek:78587ea2d8cf0fffd087	train	9851
sarek:744e9ac023e1ac007bf5	train	9852
sarek:c652beeaee3894656b6e	train	9853
sarek:2109c352a5c1459fee18	train	9854
sarek:e1d1ee5508672091ba1a	train	9855
sarek:cac4fc848aaca5e7ced0	train	9856
sarek:f819cfa099c77a496bb4	train	9857
sarek:7eff6ea3800902d6d6b8	train	9858
sarek:1c7f4772c816f50542f0	train	9859
sarek:8036fcb6cacc1bd83898	train	9860
sarek:23bcc4c5586d292647b4	train	9861
sarek:65de81944bf011ec6c8a	train	9862
sarek:a704bb9aa8b044d23bd1	train	9863
sarek:f193dfda5fb0e88727e6	train	9864
sarek:2524b5cd771714434039	train	9865
sarek:7dbf9c5922adf1fd7111	train	9866
sarek:3eddc5bf10a62175b3c2	train	9867
sarek:3a7192ec85fc6d04fdb1	train	9868
sarek:a62be3d8f4dbc7da1c96	train	9869
sarek:653855f8bd96e9e1c4e4	train	9870
sarek:86dbe8fd37ed48268941	train	9871
sarek:0fbe6c7c1c97ed34abd4	train	9872
sarek:83ee9df048348fb41216	train	9873
sarek:4e253146c58421171a47	train	9874
sarek:62fd45a5c991a6e5e266	train	9875
sarek:6e823f107bb30d5460da	train	9876
sarek:5107ebf6e211f008abe7	train	9877
sarek:4906bf697a6acdcd3d3e	train	9878
sarek:29198e6334820e6f8d60	train	9879
sarek:0f5c6e2ed47ad7f454df	train	9880
sarek:2fd86240b8f8cf089e8e	train	9881
sarek:ee26bdd156bb330c14e4	train	9882
sarek:f8c8150eeddda6642d5b	train	9883
sarek:d8a9ad5a99b09e40c853	train	9884
sarek:e3a09e21da3cf41ad0ac	train	9885
sarek:d3d23a4d3baeb22238bf	train	9886
sarek:b70396b35e76c1ac563e	train	9887
sarek:3e63962863277082568e	train	9888
sarek:ee638c61dee03fcc4406	train	9889
sarek:79e6bd2410f733e26db3	train	9890
sarek:8b5d1ecafcd898a7f40f	train	9891
sarek:891067ddf5d3c556c575	train	9892
sarek:55a0ecca143647492ec3	train	9893
sarek:6f2237315565b9799c83	train	9894
sarek:8d7986198b8c9e07e1a3	train	9895
sarek:c7e929ac9ea883751751	train	9896
sarek:6e7ef62afd513c343e15	train	9897
sarek:e716445c58872b8f5d95	train	9898
sarek:83ed670ea57a36a32f86	train	9899
sarek:2599ae336a12150546d6	train	9900
sarek:e8b1545aa60e6bf75b2f	train	9901
sarek:160a9a634138fd5cd646	train	9902
sarek:07e3ad03e6c5d5688c60	train	9903
sarek:7e9bbcdedc8a6b82fe79	train	9904
sarek:7bd3fa3be9d99b7badef	train	9905
sarek:f0e523f9fb4a7546a4e8	train	9906
sarek:630bce3d1b6310e4618c	train	9907
sarek:2a22e1e7987d380400ba	train	9908
sarek:ed6f6e870c1193142652	train	9909
sarek:9548b8eb9b36b09e25ec	train	9910
sarek:b24e10fb92630286aa69	train	9911
sarek:b83c8403778b0792ac39	train	9912
sarek:8e44fd0aeb47edb23342	train	9913
sarek:a9131e9978f03c23cdc4	train	9914
sarek:773975bc60d6f965766e	train	9915
sarek:297086bcca1e6c933951	train	9916
sarek:364240b4b46ace3f68be	train	9917
sarek:380756811002cda901f4	train	9918
sarek:6d2a5584d187afe973a7	train	9919
sarek:df7176be9765b56a9353	train	9920
sarek:88eb777895066455a982	train	9921
sarek:a1a58be18153a8ff02c8	train	9922
sarek:754751caf4a0dafa4917	train	9923
sarek:abf94ddf03414834b5d9	train	9924
sarek:93466f745c014ec0c07b	train	9925
sarek:9905b6246ba9d240f94c	train	9926
sarek:47521facb2cea9a9d908	train	9927
sarek:a442457e79771817414f	train	9928
sarek:8e684db78f89201f13a8	train	9929
sarek:1d5b5bec5266ba1ac635	train	9930
sarek:2c983da95cdc8cd8d14e	train	9931
sarek:5f39b721e53b0aef3c94	train	9932
sarek:2b7317153e2488829b6b	train	9933
sarek:3d742f7b6d579d9ff5bd	train	9934
sarek:e25b9a2e2c38de580e86	train	9935
sarek:8a0cc693e0df071aeab1	train	9936
sarek:99b9c55c62c0c68be94d	train	9937
sarek:677dfd6ef9ab5c91d541	train	9938
sarek:951d2aedd4c55c928c88	train	9939
sarek:fddf2dd261c26e43a19f	train	9940
sarek:34088ffc723898b1f1bf	train	9941
sarek:fa044e5416fd28492e61	train	9942
sarek:fc4bcf397d297311b95e	train	9943
sarek:2ec3f1b76cfad5ca5155	train	9944
sarek:1060514aeb9db2b1a68d	train	9945
sarek:b10f10a7c886cf5de860	train	9946
sarek:d4a4165d8cf982fd153d	train	9947
sarek:02b359978e0785d1ac17	train	9948
sarek:037829b54d9dd0876520	train	9949
sarek:5eb97c891dbdb6056639	train	9950
sarek:e486b625377b593c0bdc	train	9951
sarek:129dd070b0a3be373168	train	9952
sarek:044a0a0b47cc55fefa5a	train	9953
sarek:9ee0f5fa1d85b20f896e	train	9954
sarek:820c26ccd328a9041d2d	train	9955
sarek:18b3d5f17973ca75ca69	train	9956
sarek:b9fbaa0a15c8770be066	train	9957
sarek:22aa232249ebf5d14f59	train	9958
sarek:f87c111a749f85c0c4da	train	9959
sarek:82e6c002ef03bc5ae0d0	train	9960
sarek:ebbb7c52ed499378b88a	train	9961
sarek:0d9fdb5bf51e26e9fd39	train	9962
sarek:c6f00ae90f963992d2f2	train	9963
sarek:85baabdc02238e810616	train	9964
sarek:1dc4d1b3d32e8396edc1	train	9965
sarek:e42e32889b6551bc1881	train	9966
sarek:1433ee45ef5409993d63	train	9967
sarek:d4c8fea70c0fef9abfff	train	9968
sarek:fca291a3c8729cfecf34	train	9969
sarek:d90e02e034f1539e0ae9	train	9970
sarek:878a6dc3031f05587401	train	9971
sarek:91be463954ae3d4a3951	train	9972
sarek:9d540de094118ca0a30e	train	9973
sarek:4d07d9a8858fac47521c	train	9974
sarek:4fe93ed2625983616093	train	9975
sarek:d4b2b8993d1830730008	train	9976
sarek:038c3774cd7053b882ef	train	9977
sarek:29a1e30d9962ec9c10cd	train	9978
sarek:96ec2fac2710af84af72	train	9979
sarek:83f4e85fdf5780118cfd	train	9980
sarek:a824bb4f043d64b1a4c2	train	9981
sarek:4ddbd5a132e9b41b6581	train	9982
sarek:9046bc79d8f3c5ae185f	train	9983
sarek:190d9f01e5e0c434ec88	train	9984
sarek:9758348c13cc5f6291e4	train	9985
sarek:2efc8119eccc2f189007	train	9986
sarek:a208d5d0422c7cee4a65	train	9987
sarek:09e6fe436eb0e66a4ff3	train	9988
sarek:beb12bf419a639e4eacd	train	9989
sarek:3aeea1ab270af8b85079	train	9990
sarek:8034fd8049652401f93a	train	9991
sarek:12778c88ad638b7a07d4	train	9992
sarek:8734c5d1bfb6fbe4d05a	train	9993
sarek:21ef2cf13c7eab54af3a	train	9994
sarek:a581fc565f26aa110384	train	9995
sarek:74c7b02b60b4da11ce1c	train	9996
sarek:f6507735e1ba576a4d39	train	9997
sarek:595a5822c04630c78b4d	train	9998
sarek:c74fae16b7ac256291ba	train	9999
sarek:39bc22e5aaed59cb78d0	train	10000
sarek:b11f45e629d264f1a989	train	10001
sarek:77f505dd6e4eb3e8355c	train	10002
sarek:75784a05d05ec26501e4	train	10003
sarek:e8f2004dad659d7c089d	train	10004
sarek:308c5e8c8a4780e00085	train	10005
sarek:a5248a1683043fc9b71e	train	10006
sarek:5506eff8ba06eb242428	train	10007
sarek:7a94ff7c809bc52bf51c	train	10008
sarek:890f7c60f5856aae492c	train	10009
sarek:d1995e58b73852191d6b	train	10010
sarek:e42d12e34070ce2a4b2f	train	10011
sarek:625ad54d26d9dcdc40e5	train	10012
sarek:eaa00c7d30184b606552	train	10013
sarek:ca4cbb57f71479039218	train	10014
sarek:db0c526746798b57d201	train	10015
sarek:0e47a11315e5734cfce4	train	10016
sarek:c61125fc8875cdd061fb	train	10017
sarek:53265f69379b7478a9fa	train	10018
sarek:2be5fe6349c26b49d9f5	train	10019
sarek:f4bafc3ef0d541483fd4	train	10020
sarek:f0f9a988a13573c4249d	train	10021
sarek:f12e4523073247ef3b9c	train	10022
sarek:0738da69fd6b918994bc	train	10023
sarek:581a2bc0d540c79437cd	train	10024
sarek:619cf4bea422114c83ce	train	10025
sarek:320f627882f8e67b7b43	train	10026
sarek:6180563c77629caab3af	train	10027
sarek:084ae9a62c31d9f1eea1	train	10028
sarek:7546570602d27edc535c	train	10029
sarek:566149c5cb8e2e5c0d68	train	10030
sarek:569e9507db3dfd1ec9aa	train	10031
sarek:fb54db88b0714248e5b1	train	10032
sarek:de7f05fcbd236e2a5dda	train	10033
sarek:defa828aeb223be0d5cb	train	10034
sarek:260d0683a6f07d898c51	train	10035
sarek:b496130f3a92c39a2c0c	train	10036
sarek:cabcd97c7e531b941bfc	train	10037
sarek:257b3540acc108f2014d	train	10038
sarek:f1c9d6905f2023cdaa5a	train	10039
sarek:38cb50d32d82b1f94dc3	train	10040
sarek:7a77e54dc63c6b91e4b4	train	10041
sarek:a0cdf9f41ec2a9d7b25f	train	10042
sarek:c73b90fc08ccdd312506	train	10043
sarek:e23a4c4c5e80ed32e641	train	10044
sarek:cfe4ea9877ec386573c8	train	10045
sarek:c53f8d15c4228c75f039	train	10046
sarek:6173a041c22275e595aa	train	10047
sarek:9f189d2cefb632e589b4	train	10048
sarek:c1da34c1b96f72b87500	train	10049
sarek:9b33d3cc545c10850cc9	train	10050
sarek:c40d7c86c77abfac9bfd	train	10051
sarek:9c024b87dc31b62ffeea	train	10052
sarek:3cfeceefdc7752b27aa6	train	10053
sarek:435b5819c4f07903e79f	train	10054
sarek:552526615745ba5d8f02	train	10055
sarek:e92fd31c4354d80df7ac	train	10056
sarek:2174640a30033ba68575	train	10057
sarek:641b4bfd163c815971cd	train	10058
sarek:40d0d1fa5323831e430e	train	10059
sarek:365ea70dd521b79fa8aa	train	10060
sarek:e4e501af320255bff11e	train	10061
sarek:f898a748007a50496b92	train	10062
sarek:2b9ebe27d030d46c73e7	train	10063
sarek:51e8cb29a75b8ba0f449	train	10064
sarek:4e2026cb0dabde610756	train	10065
sarek:d34f50a9a602c725619d	train	10066
sarek:d3abab2b057b78056036	train	10067
sarek:cc6aef1c2f388091f79a	train	10068
sarek:4ad3242501f0103e15e6	train	10069
sarek:2b031a04762c1d5af775	train	10070
sarek:0d01a81595481842d149	train	10071
sarek:cebfa081d728ec24de35	train	10072
sarek:c3de27706eaec516e1d8	train	10073
sarek:d6075fba6077e040a5ec	train	10074
sarek:02df033f02a16a5c7a5c	train	10075
sarek:3dd6bccf67f6e1f9ae1e	train	10076
sarek:e57b97c9b39c5ede98af	train	10077
sarek:89451d420b4dbd6c8d59	train	10078
sarek:5be99b0ec20665c9b709	train	10079
sarek:3c269a7eda1275c25adb	train	10080
sarek:1334659d6491d59e7422	train	10081
sarek:89ce6a74e90180c32b01	train	10082
sarek:acff6cc3ad34281b25fd	train	10083
sarek:d04328f7ff77edcc41c3	train	10084
sarek:32c09f7a9aaaeed79d17	train	10085
sarek:df910e63d756ec6f26f1	train	10086
sarek:15fc159adab00af14d25	train	10087
sarek:5877185bc1d320e5b7a6	train	10088
sarek:7e24b99fcd6e36a647ed	train	10089
sarek:98f79f8639bc0dad5338	train	10090
sarek:cb4d176b601aa5a518ef	train	10091
sarek:4fd47b63bf9205cb213a	train	10092
sarek:c4753927b033cab4d575	train	10093
sarek:e7098631fadef494bdf3	train	10094
sarek:97cddbe6437c22c2dc85	train	10095
sarek:f6db0cd44d563d7d429d	train	10096
sarek:11270e4e875903fc04a2	train	10097
sarek:bd1adfe3a7157bd0fbd5	train	10098
sarek:4bcd7df13502227b8fb6	train	10099
sarek:0e110d6b21de2b60cff5	train	10100
sarek:c8e6c622a36ff6a9b9e8	train	10101
sarek:e68596aace8e95b01cb3	train	10102
sarek:2ea9c3f5a35259fb48ca	train	10103
sarek:da3089801acd41cd33f0	train	10104
sarek:b975cefd6b84ff1dc83b	train	10105
sarek:e1f1d708dceb84dd6e09	train	10106
sarek:be31c887443352dc19f9	train	10107
sarek:e2a6a709596df867c6df	train	10108
sarek:31d9f6dbc265c1c695ca	train	10109
sarek:6d2f800a992a919cb58d	train	10110
sarek:0370924ec1bfb1e96097	train	10111
sarek:14e2ca2526782853ab27	train	10112
sarek:64e4d4279525b88d01bf	train	10113
sarek:6cb5a735cb78409c005d	train	10114
sarek:8d34f97b78dbd3b1e889	train	10115
sarek:35ec70bde52b31727168	train	10116
sarek:1bc48c852351a84a93a4	train	10117
sarek:37958eee8c103e59c78d	train	10118
sarek:c8a97ccd4d6ee82c0f7f	train	10119
sarek:f9608ce66f4db0e12a2f	train	10120
sarek:3b66cddaa4fa606b79f9	train	10121
sarek:eb5c7a80c118f16c9f28	train	10122
sarek:658aaa500b292f010379	train	10123
sarek:4befdff06ff72787f75a	train	10124
sarek:86f3231d5c1635645ae3	train	10125
sarek:7aa964045d7ebb36010e	train	10126
sarek:136210496983b16b4632	train	10127
sarek:d0edf053a5457f259833	train	10128
sarek:3daf7bdd015db6901547	train	10129
sarek:c00aa17f06c3a01d484a	train	10130
sarek:49675da6f8f27fcc861a	train	10131
sarek:8cc438506c28df0f9033	train	10132
sarek:fcd7c32542541d29f4bf	train	10133
sarek:5da2cf6a710080c3f024	train	10134
sarek:d34a8bd43226f7ee6f7e	train	10135
sarek:3b3687f3176aabe83bbc	train	10136
sarek:1c5467fef8928399df84	train	10137
sarek:44aff7eae802d49a3ed5	train	10138
sarek:3d4ce8b470016e89842a	train	10139
sarek:e7d7109ede85446344bb	train	10140
sarek:2fc64e2a7cfc37f48859	train	10141
sarek:2f91d140641316907351	train	10142
sarek:637b1b750ac2c4e10709	train	10143
sarek:a569f613d0719152b8d2	train	10144
sarek:fcea87d25f79044f6e63	train	10145
sarek:cc86ef25eaf22d331888	train	10146
sarek:bdbe6c982140e55ebc58	train	10147
sarek:40b75028c5e43e80b602	train	10148
sarek:59bdbb8e38b2dc8aa7a1	train	10149
sarek:249d15f5a9930b2db933	train	10150
sarek:28acffd5c84483e12993	train	10151
sarek:a94a2026e545061f54b2	train	10152
sarek:3b1bd48f0c9d053c1d1e	train	10153
sarek:8e760358a4d6e8389810	train	10154
sarek:ea0b6a64869532ebd1dd	train	10155
sarek:61523ebdb501213783c4	train	10156
sarek:c81eef53c1d23d7658cc	train	10157
sarek:10c9492023854ed6702b	train	10158
sarek:8f88cb29dcd7b4b547ea	train	10159
sarek:d34a9a96cac9c28df2bc	train	10160
sarek:c615c7c9d014a4c2a92a	train	10161
sarek:b65661ac8b5126fda87d	train	10162
sarek:f330a4a3cd6ba7e78cf3	train	10163
sarek:f20dfb49f15d8f2c0cfa	train	10164
sarek:4fac163bdff17d2c316c	train	10165
sarek:dd9121a1389c2b177a27	train	10166
sarek:6b285de011a5d58beebd	train	10167
sarek:a7fb06dc0e0c7ce2b08d	train	10168
sarek:7f21670e99670dbf146e	train	10169
sarek:5694056fbda380c4b286	train	10170
sarek:2b025e7306b7af4905e1	train	10171
sarek:055892b8c23d09e4be05	train	10172
sarek:7d611b3005932ee8cfe8	train	10173
sarek:8ea1977bf61e2ebbcec5	train	10174
sarek:7a5f1b466f990bb3696d	train	10175
sarek:f266e52cbecf6456ac73	train	10176
sarek:b2e2f53aa499c6c6a3ac	train	10177
sarek:d9316ec44cd397b5726b	train	10178
sarek:df3fa6ff2ae214a53862	train	10179
sarek:adbc770cfcd57c41a599	train	10180
sarek:9d42d47f3224fc32e97c	train	10181
sarek:3a0194ff6d5c3074be3c	train	10182
sarek:0513185dd0a2d620295b	train	10183
sarek:8ebda964c68542c83e11	train	10184
sarek:e8142b36ee6ac5a34170	train	10185
sarek:0d0ed4fde78822bd7702	train	10186
sarek:3c431115e2e612ce4c74	train	10187
sarek:562cc27972b56f2b8a94	train	10188
sarek:d23cfa51de7d1a207b28	train	10189
sarek:da2aa061de3a697d9cfc	train	10190
sarek:7fa32e9ea367e1de5199	train	10191
sarek:b9ed29a796ab23f815f4	train	10192
sarek:1bcc79261b915d309fb8	train	10193
sarek:1035e3dfc577f4d41be5	train	10194
sarek:e4ef0f93d0dba628f636	train	10195
sarek:72df6e5c38ba29186315	train	10196
sarek:8fe6f6ffb26ee657d7a7	train	10197
sarek:755522ee1edaf7875787	train	10198
sarek:74b4d4681d4e11eae1d1	train	10199
sarek:cef72c6103f5e0a1c1a5	train	10200
sarek:b854486fccf1c2add63a	train	10201
sarek:c3f770c0dd9f8c0dfb72	train	10202
sarek:b2481b8aa05f4451550c	train	10203
sarek:852b686e13e3232ae3a7	train	10204
sarek:2b1fd36427e46323a49d	train	10205
sarek:ea6726b00adf53839304	train	10206
sarek:e272ba73b9e78abb77a9	train	10207
sarek:31f36a8752c134957b07	train	10208
sarek:87d618587c28830624f4	train	10209
sarek:79a021d76ac61df1f99f	train	10210
sarek:3234428c353c87931866	train	10211
sarek:f8c43c69ccf105ffd2f5	train	10212
sarek:69eee332978426b444f4	train	10213
sarek:3f45f399520f801161ec	train	10214
sarek:67f4bdfcfd30a08dd5fa	train	10215
sarek:51642e7d2649671caee0	train	10216
sarek:d8fd720def60dc5881ce	train	10217
sarek:c12fd9cc6db26e3b930f	train	10218
sarek:64508bc2cc78167b78db	train	10219
sarek:bee8f4b343977d6163b6	train	10220
sarek:a34229df84e721600fca	train	10221
sarek:29d5ed6514be64b0025f	train	10222
sarek:78e6c8ae81934b8dd7ce	train	10223
sarek:abc963ad204256615def	train	10224
sarek:d557e835ff56be9ec847	train	10225
sarek:045d87110b4bc7862dab	train	10226
sarek:6acd1e692a16221bfe4f	train	10227
sarek:b7b8602d1582bd6ea4b4	train	10228
sarek:17bf654b70fbc8cd3440	train	10229
sarek:a1c0a6d8fa8cdd11601f	train	10230
sarek:96fc699be9f607ff2ee1	train	10231
sarek:5de73a4705aaed54ab09	train	10232
sarek:734b20878987a7acde2f	train	10233
sarek:25e4056f67632ab9c33b	train	10234
sarek:7aef4654155ae699778d	train	10235
sarek:7877d72c7597c36a60cf	train	10236
sarek:d7b4d56b657e1e74a868	train	10237
sarek:7839648421a1901aa16c	train	10238
sarek:0e30fcad8230bda829db	train	10239
sarek:bcb5bf5ac65b756a5e9c	train	10240
sarek:3a4a664c9b4227081405	train	10241
sarek:c7cd19c80275d107f0bd	train	10242
sarek:b0e756d52059f532d693	train	10243
sarek:29a7c58d7411755c924c	train	10244
sarek:5f2da219a455dcfc1b02	train	10245
sarek:f7591066bef7923c6a1a	train	10246
sarek:50c98d5ed72b77fd47e0	train	10247
sarek:734b5cbb4e595195eaf5	train	10248
sarek:955caaf0af19fb849575	train	10249
sarek:2c2fdcca4573eb1e664a	train	10250
sarek:372cfe84cd200999023e	train	10251
sarek:d09e4151366ef60dca88	train	10252
sarek:50f9f39cc68ec80e5c39	train	10253
sarek:5ef7f6abfde997b38ae2	train	10254
sarek:d82cba5367ef79e296f0	train	10255
sarek:71669ce34b7939deafb9	train	10256
sarek:a69e3178957c4f2c35e3	train	10257
sarek:dd70dc2d8b659f308b4b	train	10258
sarek:76835ec02caad591f757	train	10259
sarek:1fc38c0e6fffcc55acf3	train	10260
sarek:c0929dc05a7036b70c74	train	10261
sarek:037431909e6f796b27dd	train	10262
sarek:ac49b7410cf886e7396a	train	10263
sarek:68da2442f6bc34ef54cc	train	10264
sarek:d01c59add45174e7bcd3	train	10265
sarek:12e705cde22e3675f2a1	train	10266
sarek:a651c7584c03aa5403f4	train	10267
sarek:b81b2263f8af2c7d9f20	train	10268
sarek:3b3c7848ab4f264948e1	train	10269
sarek:70c0da97f5314714850f	train	10270
sarek:76cf3a88774d78c2d64e	train	10271
sarek:de550e84f3e75fca2e5e	train	10272
sarek:5bd13c8a55fee71003d0	train	10273
sarek:6e0107ca3b02068a0b71	train	10274
sarek:b422506655fda9382052	train	10275
sarek:c5a8be43ab177b8645fc	train	10276
sarek:83d5c3d47f85c06dbe55	train	10277
sarek:50354aa7531431dbfd6f	train	10278
sarek:37951355772a68ebccd0	train	10279
sarek:39553ceea45c363e97c2	train	10280
sarek:921e66aac6fd0cd878b4	train	10281
sarek:90f4d145a503d2c867f8	train	10282
sarek:d4970263569ba655b1f2	train	10283
sarek:a1b4653db328ea8db65e	train	10284
sarek:a426ed2bb6eb2499bd6f	train	10285
sarek:c2137ff6896647a4a2db	train	10286
sarek:7f16ac5e6cc21eb13aad	train	10287
sarek:d182831503597741445f	train	10288
sarek:02b3db3199371a47ac48	train	10289
sarek:c96f33ae56351d1d4710	train	10290
sarek:083a7b127419f8dd7fc1	train	10291
sarek:5a5695cdde5c463b759d	train	10292
sarek:893dcc40c584a552d815	train	10293
sarek:d743cc7c82997e449a8e	train	10294
sarek:0099e89e09160d006b2d	train	10295
sarek:468ed7c01e2161b59ece	train	10296
sarek:0c70de0fccb3d2aa21fc	train	10297
sarek:d09d1c2ffa8bc5c2ee71	train	10298
sarek:aaccc7656de8c2792665	train	10299
sarek:df847d02f771b65d12c4	train	10300
sarek:d38d4ba2f9fe14bc5c60	train	10301
sarek:5ac786776632927bace7	train	10302
sarek:67a7de76b65dcd5f245f	train	10303
sarek:a67f9cad7648e2f8c55e	train	10304
sarek:fcee658ef9c79a517fa8	train	10305
sarek:f4486b755a4abd2131ba	train	10306
sarek:c93f2f57575ab2a45e84	train	10307
sarek:a25e1eb508528ef272e9	train	10308
sarek:d7b8ed801896f96bd0e4	train	10309
sarek:4d07995b6608e0863ba5	train	10310
sarek:0e90198b100d1b9bcae7	train	10311
sarek:8bb5cbcdb32c1282b3d8	train	10312
sarek:2901001715245bb45872	train	10313
sarek:12a0f677c2299c03b73a	train	10314
sarek:863b7ded80f3797a8dfe	train	10315
sarek:ebff0053e1c0cd910f07	train	10316
sarek:ea267728479298d5dca2	train	10317
sarek:2203799bf0efebef9712	train	10318
sarek:a50e6cc3b3aa0f583d71	train	10319
sarek:beafdd7d604094ff0684	train	10320
sarek:e1f047908bfb48f5c686	train	10321
sarek:6d50c5e8d845a09817da	train	10322
sarek:501212138468ac2ee8ef	train	10323
sarek:3d7d114955f4131a6a5a	train	10324
sarek:9504863c10efe2b7a31d	train	10325
sarek:39b470eb4188e3314b68	train	10326
sarek:112679c2a210c0ef56c0	train	10327
sarek:5a167c4163cf69efa2a9	train	10328
sarek:560d6c7c060c0d0376e6	train	10329
sarek:871a307cc9ba0d1d4087	train	10330
sarek:fe8ea0099ed31303da24	train	10331
sarek:8e8108bca824b9a65ec6	train	10332
sarek:625de866a16e27b0153a	train	10333
sarek:692439d03d8e56fed215	train	10334
sarek:fbf7a42efa3d6d47eff7	train	10335
sarek:51daed440e4a469fd703	train	10336
sarek:c044cab9e5d5ab2c6597	train	10337
sarek:3a452dc864a496dbf7ec	train	10338
sarek:4f21efccd5583f23e017	train	10339
sarek:295721443dfad38b9934	train	10340
sarek:08c932d59f6444935cfc	train	10341
sarek:f7a6730eb61ab6418d4c	train	10342
sarek:13c12dfe79bd2391f225	train	10343
sarek:f49512236f58b678a22e	train	10344
sarek:8e39daca753aba6dbe0f	train	10345
sarek:96073f1f3f36fbc95c81	train	10346
sarek:1b12cab376a3815cb302	train	10347
sarek:6e99f1c86a3350093cff	train	10348
sarek:b12034c9526834cf4db4	train	10349
sarek:e0a06dd96d582c55efbb	train	10350
sarek:44d8378f4cdf7fcb19e3	train	10351
sarek:32248baeefed646bfe57	train	10352
sarek:da52caae87b19aaef932	train	10353
sarek:b06c48b4c9e70f68dfea	train	10354
sarek:ee20f33a3d6393ef75c3	train	10355
sarek:626e984fdc6848c18dc0	train	10356
sarek:44b0823a2a01986d1075	train	10357
sarek:fe206105ea22307bd8d2	train	10358
sarek:a548f892372f3b74f131	train	10359
sarek:ef9ee6b0e25a15a5e8b6	train	10360
sarek:8f96129dda184d602491	train	10361
sarek:9c11db0b0419ca0935ce	train	10362
sarek:3c9378cfe976fb4a0ba3	train	10363
sarek:a45861bd8dae563f8363	train	10364
sarek:b8b4370758c274fb3796	train	10365
sarek:c317f6417d49bd8b3453	train	10366
sarek:2b1a409ebbb8313a285e	train	10367
sarek:41b8697df4a19a952c7e	train	10368
sarek:5fa569388f3b276e9969	train	10369
sarek:d63dce49607991887ce7	train	10370
sarek:008b976ee9e83f4a9007	train	10371
sarek:0a3190f6e322933431da	train	10372
sarek:28187f43d7d7a7d84a0d	train	10373
sarek:4177a9285b9d5ffc9466	train	10374
sarek:90b0430826e0018cac8f	train	10375
sarek:49b9d9d657026f73a4f3	train	10376
sarek:9f3358db83d210660d28	train	10377
sarek:5030abbbb0440151c047	train	10378
sarek:77132c1069ab454596ac	train	10379
sarek:fb059c21bf1e713488d7	train	10380
sarek:edb1845007a5f2c0fba9	train	10381
sarek:9cd4eadc5e35943fe9ef	train	10382
sarek:9e99cc3b6b04cc104edb	train	10383
sarek:5036a0c00ad4ebb40145	train	10384
sarek:c9b19f38d62384b11fb4	train	10385
sarek:6b95e769e76bef054b9e	train	10386
sarek:f5c09efc9f0971ff04bf	train	10387
sarek:df4824add8cef2b95df0	train	10388
sarek:dec22e910cb364752051	train	10389
sarek:4769f9ddd40359c324c4	train	10390
sarek:7203197d384fe17838af	train	10391
sarek:447b8850926e60d39a44	train	10392
sarek:2f90d3ba7109a410960d	train	10393
sarek:5f3ad07dc12ef8760703	train	10394
sarek:c53a703b66480982b5b0	train	10395
sarek:c4714bd5803abf07d896	train	10396
sarek:9457f739c95bd2a897a2	train	10397
sarek:629fe800d5b3b04bcfb5	train	10398
sarek:15632fbbe3861c726261	train	10399
sarek:533f55af7cd9d60f921e	train	10400
sarek:914d38fc6970afb0bd9a	train	10401
sarek:e16a6d1eb05e10f81c34	train	10402
sarek:f9f566b36c9e238c5bb5	train	10403
sarek:ac82d27aaa3680a885f9	train	10404
sarek:9cd7f1083f3461e5e26d	train	10405
sarek:ccc736bb955b523cc9fb	train	10406
sarek:e8b8a2b12c0ce084d4b1	train	10407
sarek:9d03dc70787b51557809	train	10408
sarek:cf79299bdb2f379f01bb	train	10409
sarek:d17a31ca5f9585e2ab0a	train	10410
sarek:aca6a342d893330ec7d2	train	10411
sarek:8acf7d1e0f7989ac5a26	train	10412
sarek:d8ef41b9b2f5620c4bf8	train	10413
sarek:0d49bd44973b2ac3478f	train	10414
sarek:d9a61bcdeaf9d8cc6c13	train	10415
sarek:ce36b6a9335d8a8bfaab	train	10416
sarek:55f23004313e3774e2e1	train	10417
sarek:f780111fd05b9108583b	train	10418
sarek:a90eeb018d718e6df4f3	train	10419
sarek:f71ac0d1a953f4d6f3b9	train	10420
sarek:51bf072cc57d2c3bbe89	train	10421
sarek:5b87296c2bd2df36019b	train	10422
sarek:25df825089ccbe1dc945	train	10423
sarek:d5942a7e063eeeed6e85	train	10424
sarek:af31b3ece7fc8802e74d	train	10425
sarek:f85dba6285de72920ad9	train	10426
sarek:c09e98b8584f01d3d1b2	train	10427
sarek:041b47afb4e65b6a3549	train	10428
sarek:fd51374a931033c71f70	train	10429
sarek:3cfc403042131e43d414	train	10430
sarek:7dc00ad2ff72df0e336a	train	10431
sarek:1cbf8f545f8a4bd0ff03	train	10432
sarek:b4a1970baec59872ba57	train	10433
sarek:41a597d631e5a113ed32	train	10434
sarek:4d644c2e614b1ac398fc	train	10435
sarek:9c140f0c70161a2e9539	train	10436
sarek:43ea196e10c1427b3dcb	train	10437
sarek:4332c4d0e4a7c695ed28	train	10438
sarek:a04b48454d8107dece31	train	10439
sarek:f1c41436472f27a07904	train	10440
sarek:d67cd7f39d4b90236ccc	train	10441
sarek:6dceab706fdcc55e007b	train	10442
sarek:c17c8ea62a10a14d79ab	train	10443
sarek:52ed59cdbef8eaaf0d3d	train	10444
sarek:cba616dcc3f57de5b1f7	train	10445
sarek:f7138c98a373d9b94ff8	train	10446
sarek:6d2281487dee888aa47f	train	10447
sarek:1d573274bd769d510fb6	train	10448
sarek:27e9ba824fb295d48b8f	train	10449
sarek:efb53cb41d59a76e053f	train	10450
sarek:8264396410636b66fea9	train	10451
sarek:78717cb3d0e02127858a	train	10452
sarek:79d00d890bb981cad81f	train	10453
sarek:dc33e3d9560389210657	train	10454
sarek:ea310fda05b2a79f5531	train	10455
sarek:1b4e3bfcad83ef1fb344	train	10456
sarek:67adbd8711a7e033ed1a	train	10457
sarek:c6d013ca8449a11bbb3c	train	10458
sarek:35001d672b85aec73aeb	train	10459
sarek:8afc04c048b0afde421a	train	10460
sarek:0a9cc052854c8f3affbb	train	10461
sarek:f79b2dce2168112034a8	train	10462
sarek:3e4dbcac96644170b5af	train	10463
sarek:cba159737251a736cc0b	train	10464
sarek:9cd3ca2a787ada6740bf	train	10465
sarek:ec6b831163929baa4e98	train	10466
sarek:02711a533890207cc244	train	10467
sarek:2f92bef7402865917502	train	10468
sarek:6af8393772d4a4887b37	train	10469
sarek:4dba971a18255c2a9472	train	10470
sarek:0ea129e4162fc255789d	train	10471
sarek:74b83e591c5513d1fa20	train	10472
sarek:70e6591735fc5b36e498	train	10473
sarek:4cd3586788264c8f5460	train	10474
sarek:91de41fb30a1c75a3bc6	train	10475
sarek:91f2b1e1e137225fc1a5	train	10476
sarek:b88864c048c7a758521b	train	10477
sarek:0596c3f891e471716885	train	10478
sarek:c373b8d9f47985953bc1	train	10479
sarek:318bc495a5d5619577ca	train	10480
sarek:bd23161bff9db32924cc	train	10481
sarek:aae9334047cc19459cf7	train	10482
sarek:29e67570fb65f835bd81	train	10483
sarek:2ae62361b09d2bc9e0fe	train	10484
sarek:c3dc23292ba622ea99b7	train	10485
sarek:4b95ae6c6480fd8cd0f9	train	10486
sarek:ea5141f7f42298b4e996	train	10487
sarek:1029538464ff8fa12c62	train	10488
sarek:8b7b79571bbd47803c2e	train	10489
sarek:71ced206b521d2c780d2	train	10490
sarek:dbf7d62545cddf6a18a2	train	10491
sarek:1b1b8d5349728113e091	train	10492
sarek:3d44f33551be245fc3e9	train	10493
sarek:f1187324daae44e59f76	train	10494
sarek:95c459a3ef59de069dbe	train	10495
sarek:838507e84e3887960dea	train	10496
sarek:12376e9be400221d36a0	train	10497
sarek:5576285530b63a6680c8	train	10498
sarek:5b7a6f2a377b92898d8d	train	10499
sarek:4e6c2938cc62481f5558	train	10500
sarek:a776a0458e16ab2afd0c	train	10501
sarek:092849b45803c74c7e66	train	10502
sarek:d4c392f9ee995d325c19	train	10503
sarek:6af861ef0e7b0e179d2f	train	10504
sarek:df7bbe3cf5c9da91b20f	train	10505
sarek:64d1957af1e47bae76e9	train	10506
sarek:48a6598d891f3c1f7d43	train	10507
sarek:7e7d0762338d06445fb4	train	10508
sarek:7ad1dfe0d575250e355a	train	10509
sarek:f1638783aedcf53dc5ba	train	10510
sarek:e8fc34012f81b0a4fb2c	train	10511
sarek:4ecaa0e1ea9b422df05e	train	10512
sarek:595c2b569acc4d75bd49	train	10513
sarek:b9dac32f22c719307b0d	train	10514
sarek:9f600bbf8ad0444ae9cc	train	10515
sarek:3a63dfe34d4f80fc4f85	train	10516
sarek:c147243c19a7ce2e025d	train	10517
sarek:6d6debce14ac7313a9ef	train	10518
sarek:9607d3aae721332edba1	train	10519
sarek:b1e2b960afaf27edb95a	train	10520
sarek:3786d9a798807adc63e5	train	10521
sarek:8462cfedf513e74324fc	train	10522
sarek:b285e8d7f344461afa00	train	10523
sarek:f393ec4878f2da082b78	train	10524
sarek:a84fc2b77d677829a951	train	10525
sarek:6bc64e6024e45f3d9098	train	10526
sarek:06ae13640be643c1a777	train	10527
sarek:02eda0470ae7ca628280	train	10528
sarek:a6203fa6e280d3214bfc	train	10529
sarek:15c0d7a9f82ba6c6a89b	train	10530
sarek:e320aafab4448deb7859	train	10531
sarek:5caa0461dc0921a2650a	train	10532
sarek:9c0ac78fe81b1a4c6bb7	train	10533
sarek:429a5176edbbdb50f171	train	10534
sarek:af65e9a96c1e57d67b0e	train	10535
sarek:8b7278edc1de68d2f147	train	10536
sarek:6b8321a2373723732a2e	train	10537
sarek:02b2c7ded45fc24b564f	train	10538
sarek:ab6e5b84583f1efbccb5	train	10539
sarek:a7f7d7cef976a107bac2	train	10540
sarek:d9f9abb09a872a85aeb0	train	10541
sarek:28cb98492b00ca0562e3	train	10542
sarek:ba58f235fbe72423df87	train	10543
sarek:5924d2b5c923dd50d9c0	train	10544
sarek:c62e6e9b88c500ec1242	train	10545
sarek:fe4a977e6f3bf515efc1	train	10546
sarek:47b463657101975bf978	train	10547
sarek:86709f1dd009dbe65c51	train	10548
sarek:27c96767ea742e009c52	train	10549
sarek:258a45880188236c134c	train	10550
sarek:b7fe7c0b4ea5b6f002d3	train	10551
sarek:c060a7f8eecfb49b8387	train	10552
sarek:783c3816def61ef735db	train	10553
sarek:0d09b7a1ae7e972b4db6	train	10554
sarek:ba381a54a4fb404c1ee3	train	10555
sarek:aaed5763bb811929f3a9	train	10556
sarek:3df454862fa8499f34de	train	10557
sarek:24cc015bc60a22268c82	train	10558
sarek:b6f80f7af6c4ab3e288e	train	10559
sarek:0bd33db21ce81cbefb16	train	10560
sarek:77df945bcf577bf2b7fa	train	10561
sarek:850813a2efecf83e9b7b	train	10562
sarek:8ffc319a50ecda690c94	train	10563
sarek:c11795d0773dca767232	train	10564
sarek:ea9623be3765aadfdf60	train	10565
sarek:c5aa8165675875e5f67e	train	10566
sarek:6728f2b38d2c9bfab12c	train	10567
sarek:6ca51b03fb19a5557711	train	10568
sarek:0286e086e96d4473fcb6	train	10569
sarek:6d7b5bd8dbaa3c9b4232	train	10570
sarek:412e5e8b30a30bb3d211	train	10571
sarek:d5e6702b856353429302	train	10572
sarek:f8a72bc1958ccd9d7336	train	10573
sarek:181ddd3607c94f462778	train	10574
sarek:48d9a96e59004e9efc53	train	10575
sarek:9a5432e6e27b189ea5a9	train	10576
sarek:b3a6026cf7e819b1e2a3	train	10577
sarek:dc7412810331125b6a99	train	10578
sarek:dfb5e52e17caf97bfa67	train	10579
sarek:9d801722e25e60a2ede4	train	10580
sarek:5db146bc0a3df199bc34	train	10581
sarek:b69fa48af58befabbf5a	train	10582
sarek:8f437fc534af65ec06ab	train	10583
sarek:7f157676092a3e3bcdb2	train	10584
sarek:9ccb51eefff63396a9dd	train	10585
sarek:fbc16cdd542ed0f4ae2d	train	10586
sarek:2e5ce10c43f97a80dedd	train	10587
sarek:0d8dd51111fb1cea7afe	train	10588
sarek:8cbe363cc2be502767db	train	10589
sarek:557f17e96243e98afb93	train	10590
sarek:554dada5cdadda1275b5	train	10591
sarek:c3a2e982b65fcedcab67	train	10592
sarek:6f6490e720f7f083d1be	train	10593
sarek:f11dc6a03260c4ed21db	train	10594
sarek:1e8523fae60053001354	train	10595
sarek:329724f170a9e079bc64	train	10596
sarek:d50c7127f5d61a620174	train	10597
sarek:46a880f4a477df99f60f	train	10598
sarek:5118f86a72b3ede9f513	train	10599
sarek:710b961f164abef1a91a	train	10600
sarek:26d5c17cd357e4cddfc5	train	10601
sarek:c5c30ffcafa53bd0f747	train	10602
sarek:72ec01e4237941f2ed1d	train	10603
sarek:2308f0afc2e50024eda0	train	10604
sarek:1343ac73078c50737a6b	train	10605
sarek:aeb17fa1274654430b5c	train	10606
sarek:fa0514ccd6fa7449297b	train	10607
sarek:dad79794108f96b9040f	train	10608
sarek:84d6ab44b660bfce1849	train	10609
sarek:79e592626d1ccf7c1628	train	10610
sarek:3d8537b8a4651aeffa77	train	10611
sarek:1c63fee27f2d3d92c346	train	10612
sarek:4754dbe12fd266a6ed59	train	10613
sarek:65a32173abe546b3b075	train	10614
sarek:bc76cd105e567141345a	train	10615
sarek:749f0bce8bf303acb347	train	10616
sarek:edce6abf26b92496ae58	train	10617
sarek:8c20ac5605087f453aee	train	10618
sarek:0f36fd93c9cfd7c8c772	train	10619
sarek:dc215f31c326709db447	train	10620
sarek:89b63379f75870add9f7	train	10621
sarek:eb3c1f61e49cfbca3613	train	10622
sarek:785804cf805f9c833429	train	10623
sarek:8a6f0655ae24ec365cf2	train	10624
sarek:550b3cf8c8c0325d4fd4	train	10625
sarek:5c9fb2bc95670007380b	train	10626
sarek:03d32a500bc62b4d7f52	train	10627
sarek:1298f8c38bd3e48e47fc	train	10628
sarek:04cad0726a56c9810641	train	10629
sarek:0179e2c3f1bdd2cd6ecf	train	10630
sarek:ec0df82c8c5cba5990e6	train	10631
sarek:62bbb922a5ee5e508947	train	10632
sarek:c774abbb9d5616e592da	train	10633
sarek:49d42e768e0c7ef480a4	train	10634
sarek:89b7ed51d6d12b996088	train	10635
sarek:a45098002b20fbed0b1e	train	10636
sarek:ce0ce48b3e47253a146e	train	10637
sarek:b4d51e9efe01b619d014	train	10638
sarek:6fdedb9d5d6f8684c86c	train	10639
sarek:d60e9a561355cc5d65d1	train	10640
sarek:9198b54c19c54d587450	train	10641
sarek:3e0dc28f78ad42e4cdd5	train	10642
sarek:fd460ef260b9e77e3ed4	train	10643
sarek:e19a85de6359f9a938e1	train	10644
sarek:4b54d0754784a93e54ec	train	10645
sarek:cc488a0a8ae1a16645ce	train	10646
sarek:4c7988e6d52e43f98fe9	train	10647
sarek:21da0764ca1b6b75facb	train	10648
sarek:b7cd59c5c79aa88ce568	train	10649
sarek:35444e3f215c4c23ed07	train	10650
sarek:fe314bf964766f41c631	train	10651
sarek:fa3803ef76981f3eabdf	train	10652
sarek:bec1a8830308d0f12e59	train	10653
sarek:706cd2376096dee30100	train	10654
sarek:990fb9492983bc61e32d	train	10655
sarek:151783fb183dcf4455fe	train	10656
sarek:3da6821be9f9e94c98c5	train	10657
sarek:db31bd5c3cc4050b51b5	train	10658
sarek:4e14d44b4f63cfbd4ccf	train	10659
sarek:202728f0fec7a87d4da9	train	10660
sarek:440b3787a194c3eb07fb	train	10661
sarek:de5ccb36cb25c1dd0f72	train	10662
sarek:4941524670a644fb0504	train	10663
sarek:1c8d3294e5da79b41273	train	10664
sarek:1b1c586612b7d1b60a3f	train	10665
sarek:d6a04a0f7c9aa543de0b	train	10666
sarek:e450e55699318ea448a5	train	10667
sarek:ef2b7f3b4deac1c1a847	train	10668
sarek:25b258a47ba78e850779	train	10669
sarek:8e4d1ff20bd50a911d70	train	10670
sarek:3abacd57b2f06058bbdb	train	10671
sarek:8e3656e87e0c60190ffd	train	10672
sarek:b987aca861042d806ccd	train	10673
sarek:88bd8cf0bda3e0684d7f	train	10674
sarek:78dabff5bc09cf66ba89	train	10675
sarek:5c5ed683bb7ac67932d4	train	10676
sarek:b70e23f422565f0bb1fe	train	10677
sarek:172354d881f0511c2d8b	train	10678
sarek:83338ee8a9d7613b3a11	train	10679
sarek:b081083b572327793099	train	10680
sarek:9d0c82e7a2763027a5bd	train	10681
sarek:db14ef6e7b8eef7bf051	train	10682
sarek:f2a2f24b8f905d3ddbb5	train	10683
sarek:9c28d5ee7f25f6773866	train	10684
sarek:7824e798e91731c5827b	train	10685
sarek:ef1e16e00504149d8f01	train	10686
sarek:ad1bdd6c3906589bd09f	train	10687
sarek:0ef788f256f9746b3834	train	10688
sarek:210bdc5e54f614662cab	train	10689
sarek:9c07341b5718b719c7b1	train	10690
sarek:edc4801e8dc8362156fa	train	10691
sarek:2a5427e7357b466038ab	train	10692
sarek:83e8a868855051e64f57	train	10693
sarek:c809e6b9da3921bffad8	train	10694
sarek:7139a884b291126e6ca9	train	10695
sarek:f2c23c249e868e877b42	train	10696
sarek:c4f685e6fe69de1752dc	train	10697
sarek:3109fefe93ecf78f418e	train	10698
sarek:e2a95a5149e6f08f8087	train	10699
sarek:9132bc2428641806f0f0	train	10700
sarek:b0d5bdad1ad9b062f49d	train	10701
sarek:c07d2085e3ad056113d5	train	10702
sarek:f61b649e9b22b8206c32	train	10703
sarek:8c40e5e8c17d50b08ffb	train	10704
sarek:47e6f74f7e786a02b2e2	train	10705
sarek:63e7c7c39fe6d36e998a	train	10706
sarek:1872aee7319e7a1c9abc	train	10707
sarek:3b59701d74c8a24f0fe8	train	10708
sarek:46dc685c8ef9b793fdfc	train	10709
sarek:74576e879952f835eb9b	train	10710
sarek:fe50d9e3caa2efe41452	train	10711
sarek:b7ed1e6dc0e2a3a0d16b	train	10712
sarek:7863892ad99a13c7dbf2	train	10713
sarek:18c0bdf9386d50dcc59c	train	10714
sarek:db81021fbfba84582dc3	train	10715
sarek:2fae3c7e4cf5dcf32da9	train	10716
sarek:3d944e0b03aa9405cb5a	train	10717
sarek:af6f68a8077fd7875671	train	10718
sarek:c6d00f5db75ed9c6102d	train	10719
sarek:c49aaf1a29e04d886584	train	10720
sarek:3b8cbe4edc528a710092	train	10721
sarek:9c5475fc18ed4182d487	train	10722
sarek:19d18899577d055741bc	train	10723
sarek:c920a546007a63980c20	train	10724
sarek:c6e3574902b69064fe41	train	10725
sarek:52ffd3027e1ddad3e2d4	train	10726
sarek:34a998668a5b8ddfebd7	train	10727
sarek:bcbad515e0409107b2ef	train	10728
sarek:268bba36f0da55271c4e	train	10729
sarek:0705ad26cd1ea667f7e8	train	10730
sarek:25001341e3bc6838f9f7	train	10731
sarek:12aa3eed1d85801271de	train	10732
sarek:1b7262880383f99ffb3c	train	10733
sarek:58dee268c39fc37e4c74	train	10734
sarek:e9ccc4251171df13cfa7	train	10735
sarek:17068d32b9f98ac700d1	train	10736
sarek:c3059ab85d85eb55f3ac	train	10737
sarek:a0af085a39f1029181ae	train	10738
sarek:36ef2caf85f16a52d16e	train	10739
sarek:b144d8ea33c9f1dd5d35	train	10740
sarek:713c0e387c55227048b8	train	10741
sarek:19b59ea1116ad7e40a51	train	10742
sarek:ea145d03f2c875a0b2b6	train	10743
sarek:c524ca88f63515fffbbf	train	10744
sarek:8ca5cf9770ca5e1e18da	train	10745
sarek:28df2aa87c475a2e4b27	train	10746
sarek:1161c14f276684129420	train	10747
sarek:49bcd0e025d028fbcded	train	10748
sarek:96e5052a4b26c7aa1a62	train	10749
sarek:59bb3a414a5e3f530dad	train	10750
sarek:bbab30bcd6f3f4ae3642	train	10751
sarek:8719981ea1cf555534e0	train	10752
sarek:78d5530b52e800886bba	train	10753
sarek:1bf823a29b03e587f941	train	10754
sarek:7e00eb06d436f5c16307	train	10755
sarek:24387218df1dcba3b2ae	train	10756
sarek:6736749a24b86a17c36d	train	10757
sarek:18bb61f8c61b5e2d8753	train	10758
sarek:3f8d74f2020215ec036c	train	10759
sarek:24de73847e7a4f97633c	train	10760
sarek:badb7d6ff452253fcab6	train	10761
sarek:d320f96e78d3083fa3c2	train	10762
sarek:7542fa56cf734710a13b	train	10763
sarek:7f2820bd828fefd7482e	train	10764
sarek:f78708fa82def4b19486	train	10765
sarek:ae410ca02b2f4bff88ab	train	10766
sarek:abe392b74b0b9aa50e23	train	10767
sarek:ca5c6d2cef9b4bb663f8	train	10768
sarek:a07ead6ea689342aa552	train	10769
sarek:89356bc3bd54682b297a	train	10770
sarek:ca92d438747c8a28a90f	train	10771
sarek:7fac49aad78eb75d31b8	train	10772
sarek:134a17dfe6b480f5f1d6	train	10773
sarek:f715529367088c08e5d6	train	10774
sarek:e520e18f1195e2286dfc	train	10775
sarek:5381453b55167b9e9b4f	train	10776
sarek:a2bf29398d7445bac322	train	10777
sarek:0fa9147140a890cd72a5	train	10778
sarek:7cc2b3a88b3fbcfb656e	train	10779
sarek:8515440a7b37eadad3ac	train	10780
sarek:76854c3ee9d75bece5b6	train	10781
sarek:1b6bdd41030e3016adf5	train	10782
sarek:aeec03c6efa55677aaf1	train	10783
sarek:c77af91d49194c764293	train	10784
sarek:f6e71f7a7db66108b25c	train	10785
sarek:6348f4f18468fa3243a7	train	10786
sarek:0bcc152bbe22b53f00a5	train	10787
sarek:85814ef273da544216f8	train	10788
sarek:ffb86ac317e5342e24ae	train	10789
sarek:46536410f30c4c1ec752	train	10790
sarek:60bba5289288118e9517	train	10791
sarek:5e022b837d72f584a269	train	10792
sarek:e169fe12392032527f38	train	10793
sarek:014976d1c11d2eb85953	train	10794
sarek:c98f7de99dbbe355ca4f	train	10795
sarek:391ad0d14663a43b7929	train	10796
sarek:58ec5687e9906b257435	train	10797
sarek:f311e65873d76dd99056	train	10798
sarek:aa06a0f63439e9ffebab	train	10799
sarek:94c8b406bf1aa53e9a54	train	10800
sarek:308e5a75ad05e84f3d22	train	10801
sarek:0e5e30cad445912d2af1	train	10802
sarek:bf1d781e972ac73f9c87	train	10803
sarek:b636dde61a2ad0a1ded2	train	10804
sarek:8ae4f2139aaa4883076f	train	10805
sarek:f01a7d61722be314158d	train	10806
sarek:4c5234824476f959df8e	train	10807
sarek:3e13efca8dbdb9ba5c8f	train	10808
sarek:1f5b698dcf1a145cdc10	train	10809
sarek:9c97fe00b955aad7af81	train	10810
sarek:814e8c000054415f631b	train	10811
sarek:db7b30ba628f7a4ade6b	train	10812
sarek:7cdb122f8ae65fd3f92c	train	10813
sarek:0d9430c09d99bbff5481	train	10814
sarek:2ef3ee7c269eb6671bb0	train	10815
sarek:e808bba8a694f21ccdf8	train	10816
sarek:e80eae6b14188ffd271c	train	10817
sarek:236a22e70668ee559e03	train	10818
sarek:65f9a041c9d098dc7d5b	train	10819
sarek:3efee7e3700135cc6e69	train	10820
sarek:3cea9d0c11d996f2b0ff	train	10821
sarek:c5539575b7aa2231f485	train	10822
sarek:dea338fb483628419355	train	10823
sarek:6f346fafeba8d5ab895b	train	10824
sarek:ccd37cb58a135c919392	train	10825
sarek:489ddb81ed286c8409d5	train	10826
sarek:c7ce08e183ef48986a4b	train	10827
sarek:7c4f7df14cf39931c73b	train	10828
sarek:f3356f779db4227a8f63	train	10829
sarek:3d3653da6d072dfb0e82	train	10830
sarek:fd06a3a94d5b99bc3b62	train	10831
sarek:69bbaeadea7fd91eb413	train	10832
sarek:1949864e13f5ec18801f	train	10833
sarek:056cc4d2bb9f15798e45	train	10834
sarek:49c4893ab014c57b2c62	train	10835
sarek:a6a9f268f3deb5a8267c	train	10836
sarek:ff2822a8016d36395396	train	10837
sarek:1143060b9221b7916138	train	10838
sarek:37b3937b0fe57e480c5b	train	10839
sarek:88e718bf3cf8b21b199f	train	10840
sarek:50d0b9c8439cb0f5e1ec	train	10841
sarek:786eb70b05ce06c22a3c	train	10842
sarek:b1714b61a97a8f5bf87b	train	10843
sarek:58843b95accb1e3660e9	train	10844
sarek:cbe6f3d9e9201eb75aa7	train	10845
sarek:df30e4dfaeb8190e653e	train	10846
sarek:558c5deced1d03f661df	train	10847
sarek:e6ff6dc1d5bedabfedde	train	10848
sarek:98ece5e61439cba79546	train	10849
sarek:19e48ae89e38ea2b2026	train	10850
sarek:411eda6dcaa9e19c6310	train	10851
sarek:8389977ca4701bc24f3a	train	10852
sarek:0c8d4f3f09d686ca0fcf	train	10853
sarek:f84db5de3dac42a46418	train	10854
sarek:b83c9de591caf8427926	train	10855
sarek:b1d1908eef9726979a11	train	10856
sarek:5451bea1383e434bfd11	train	10857
sarek:4ba30999db73fbe279ea	train	10858
sarek:e07b342e1a77855739eb	train	10859
sarek:86de73d544b37addb3cb	train	10860
sarek:5caf1dbd870b1e7fc07c	train	10861
sarek:b908331446445a038059	train	10862
sarek:6f88c8f6524468700f9f	train	10863
sarek:5e7a666d94039ef243f9	train	10864
sarek:c8e6aa65e12d479a8712	train	10865
sarek:cbac041b3f1386ee6875	train	10866
sarek:3dffc40e5604ad7df483	train	10867
sarek:dd6bc3dca5554888887c	train	10868
sarek:9a2b958dd4d2db8fd10b	train	10869
sarek:3ddd8eab073369241cb6	train	10870
sarek:53fd0d95a69554ed44a6	train	10871
sarek:37fc46a33e2898c29487	train	10872
sarek:797a0542a9003ec868fd	train	10873
sarek:1fa5583ef400651f0394	train	10874
sarek:25d46ecdc239427fb22b	train	10875
sarek:1634fb83b496d5bfc00a	train	10876
sarek:7ec2368923464ca8bca0	train	10877
sarek:4f2f45726369942d23dc	train	10878
sarek:eac444cc0ff58ea346d4	train	10879
sarek:be46c3f99f2a942832f5	train	10880
sarek:0e8503ac86089520ed53	train	10881
sarek:a6c19612a2233ea4da96	train	10882
sarek:84595b1442b93ec493a6	train	10883
sarek:f01d79bfaed9137ec5cb	train	10884
sarek:b202b7b8fe3d74897501	train	10885
sarek:03d3fb6c195bd6794da7	train	10886
sarek:d9e54d816f95d48d9800	train	10887
sarek:2cf78917490471194fa0	train	10888
sarek:8a0768781f596f292f9c	train	10889
sarek:7ff1f4dc923cb3a3bfe8	train	10890
sarek:2047658a31b8c00595e1	train	10891
sarek:e0a8fb5a2da18b718ff5	train	10892
sarek:95223fba3941bd6fa098	train	10893
sarek:10be9e561601be42be94	train	10894
sarek:9d42b92e1a3d795660cf	train	10895
sarek:daf873442656c68f300d	train	10896
sarek:4657bdcf8598b867fabd	train	10897
sarek:30147193cfaab4c787d0	train	10898
sarek:76271d7931afd84f4f14	train	10899
sarek:a6bc7060aee834aab87b	train	10900
sarek:c08fa5e618daa7f5b6b1	train	10901
sarek:598494f414b2799cbc37	train	10902
sarek:d26112a7fab59b87453e	train	10903
sarek:bdb1427fcf9e41e3460e	train	10904
sarek:5a523557188c44f034e1	train	10905
sarek:43ed23203f5b57a4c2cd	train	10906
sarek:32dd755c690812d0e68c	train	10907
sarek:1dfefbf16a47b42b1941	train	10908
sarek:6c27e2ec4ec018cbdc7b	train	10909
sarek:a769ca85cb926711d9f6	train	10910
sarek:28f7a0d57868a86029d3	train	10911
sarek:8d763a585e2d91fa569e	train	10912
sarek:f20143773cef2f362bd6	train	10913
sarek:9c840a869ffa4a1c7839	train	10914
sarek:4f35829f3204eae8a794	train	10915
sarek:3ae4fc90b328ec558b39	train	10916
sarek:47dad7c3359f5d0c679d	train	10917
sarek:ceadae124616014ff2a7	train	10918
sarek:02f65d2485b7edbffc7a	train	10919
sarek:83e0b186803523c1c306	train	10920
sarek:6d0196deb0fdf8405c0e	train	10921
sarek:d87332e6a52ea83a3380	train	10922
sarek:36275613d1258e0b6b52	train	10923
sarek:7955bd9395e8891a29f2	train	10924
sarek:725fe8bab7f078cc0992	train	10925
sarek:83099b19aad6bc09b970	train	10926
sarek:02175e6ea888fb9ad883	train	10927
sarek:d2fb355d0a81961acf76	train	10928
sarek:78b653656f0456a16901	train	10929
sarek:e8d0ab11f269234073e1	train	10930
sarek:44487a4979b63e600913	train	10931
sarek:d595c5e300e4fd3fc9fb	train	10932
sarek:5d9ba803ec8fb54797a2	train	10933
sarek:6fa47b47eb830f08a348	train	10934
sarek:d69250b926ee564a5db8	train	10935
sarek:70ca77830ec9d149ce5e	train	10936
sarek:a1e6417b809e8863bc4b	train	10937
sarek:c570058c63cb0bad8d37	train	10938
sarek:a7562186af6fd985d59f	train	10939
sarek:0c049db55ff2dc27c682	train	10940
sarek:49afa5ebac0895b25e0b	train	10941
sarek:9149b3626c8337bb2656	train	10942
sarek:be89f8cd8ae3474e1686	train	10943
sarek:276ff3d1d929181051f7	train	10944
sarek:887a73dd30638fcc7894	train	10945
sarek:7d4ff7780e0c9110d8e7	train	10946
sarek:962299a0f754ef46843e	train	10947
sarek:8da2e19b777ab29521a5	train	10948
sarek:974c630f4023ef45a6d6	train	10949
sarek:0f594bb1a5f4a8cd04d7	train	10950
sarek:d0166d04b9a3fb145b8a	train	10951
sarek:a9366131d7efb9d7f54b	train	10952
sarek:b9fe6bf5ee6395f33f51	train	10953
sarek:f0f223355bf15aafa229	train	10954
sarek:ccb4a4038d0b3f4d7f8c	train	10955
sarek:2db7c4a45fd0f4e93995	train	10956
sarek:04a4c59c3674f1b86955	train	10957
sarek:133e9399301f1b8a57c1	train	10958
sarek:2a742997aa53d842ec42	train	10959
sarek:6e874120036af6648148	train	10960
sarek:1dfe36d6902f49adf812	train	10961
sarek:71b39adeb83eed52b3ff	train	10962
sarek:a75b25ac371427409839	train	10963
sarek:c9fd8afa74c9d137ef98	train	10964
sarek:9fd4b7542c98923d3d99	train	10965
sarek:72483f3f2358aa4c3bfe	train	10966
sarek:29efbb47f59efdf84756	train	10967
sarek:3751c085f0b785f64371	train	10968
sarek:a27746d6eae80b22ad17	train	10969
sarek:ec3158acfb6dab3ad209	train	10970
sarek:2052ea852ab8a32e7e01	train	10971
sarek:4b65d60f1089822d4af9	train	10972
sarek:ccae099e70e5b56d0e7f	train	10973
sarek:4931ec7ec18ff63ca47d	train	10974
sarek:44c7877f656d4cadb064	train	10975
sarek:b74844aada92bd61a83d	train	10976
sarek:ab4b54a3f1818311f4b3	train	10977
sarek:bd672e298d35e1ffacd8	train	10978
sarek:5f6160d27a7c2ed32726	train	10979
sarek:1540b996e744bde3133c	train	10980
sarek:c5f0a745c2b9a1fee7a8	train	10981
sarek:33845f64ba110bd5f851	train	10982
sarek:471b7afcef2e030bd41e	train	10983
sarek:bd05a95d81e708c9db78	train	10984
sarek:a54944358c1f77366590	train	10985
sarek:6da1c58b0c04b75e35ba	train	10986
sarek:aa62428fc17ba4d1063d	train	10987
sarek:ede4a5fbac9474afdd26	train	10988
sarek:726dfe4498dbd503fb08	train	10989
sarek:4508fac76c58dce42d5c	train	10990
sarek:82b83554858946bd89d8	train	10991
sarek:c698e6c070abe773d6a4	train	10992
sarek:6abd3ca2efe85cf55228	train	10993
sarek:aa833da35bab597bc990	train	10994
sarek:b518932b0db1bf9139ed	train	10995
sarek:c0a013f092dd94e15ccd	train	10996
sarek:eaa7bc017e322a5b73ac	train	10997
sarek:eef494cf30f9681fab66	train	10998
sarek:599ccfa3f8790bd16e1d	train	10999
sarek:a85ed272856636803768	train	11000
sarek:8025aeda7597eef56d14	train	11001
sarek:8b6d44ec3a700e9a30da	train	11002
sarek:fde3432be8720c2f0431	train	11003
sarek:32a9c3ecc348dea92f36	train	11004
sarek:32124186c988bcf6a587	train	11005
sarek:b18a36244adde6d30054	train	11006
sarek:52d52d2894e711554445	train	11007
sarek:a8217087e11c4ff9c9cc	train	11008
sarek:05c5dddf8e14d04fc5fd	train	11009
sarek:80e54202aba21a0f0353	train	11010
sarek:8856eb73a4deeff07136	train	11011
sarek:07656736119fdc727b38	train	11012
sarek:ee1261056e62bf4dd5d8	train	11013
sarek:00454812889717d0baab	train	11014
sarek:8509b99da79866e6ffc4	train	11015
sarek:ffdf89729305d8991fff	train	11016
sarek:16006cd0b3aef63ac537	train	11017
sarek:849c24b35c645940ff47	train	11018
sarek:79e1852f4764161161e5	train	11019
sarek:27cce886787ebd1dd6bc	train	11020
sarek:7ee62bf6e0e4ba587b6a	train	11021
sarek:e63ed681688abc2b471f	train	11022
sarek:7d0465f1816de7c185a6	train	11023
sarek:068c737fcc6df2190d10	train	11024
sarek:c13724219e7d79860719	train	11025
sarek:244d3f340d153bfb894a	train	11026
sarek:d56735fa1f4e865569a6	train	11027
sarek:9632af7abe1faefc04f3	train	11028
sarek:ebd16f15544ece635ca8	train	11029
sarek:7b8a70ef7301c70772ae	train	11030
sarek:c59a2b73d783931a329f	train	11031
sarek:5bdb63beb3a64f913bdb	train	11032
sarek:55435685b0edb2999697	train	11033
sarek:e4b199a985e521867318	train	11034
sarek:632848825347240ade05	train	11035
sarek:15ab95f9107ebddd719e	train	11036
sarek:de9c3329d1e07d07470f	train	11037
sarek:500f4df9804e7b289f43	train	11038
sarek:2d44799788826067e976	train	11039
sarek:ad2005d6d76ef5080abe	train	11040
sarek:9ef9cc7f7ec9804d0fde	train	11041
sarek:fabcbbb0bd91e919ce50	train	11042
sarek:81b57764cfb15a2f0a4d	train	11043
sarek:a92647d2e9eae235efab	train	11044
sarek:da03a79098e32f1ba00c	train	11045
sarek:1ccfaf1707be1f8fa3a8	train	11046
sarek:cd9cb34ca1990f1406ae	train	11047
sarek:3ef2c40ae163e346ffb3	train	11048
sarek:45497cfef04de7da2669	train	11049
sarek:d96fe888c62f3010e9e8	train	11050
sarek:cc88f31167c3fd9e9ed9	train	11051
sarek:cc5598eedf4fa64d32ab	train	11052
sarek:10d41f2c65a6004dd086	train	11053
sarek:3f977aabb9e18c6f456b	train	11054
sarek:c3254a7356f9da855b8f	train	11055
sarek:250dac35d706d2a8beeb	train	11056
sarek:25a797e018441e64c3f2	train	11057
sarek:cc54eb08228b5f750e9d	train	11058
sarek:c430469247c8d6f1c3f6	train	11059
sarek:866416413aff054904d3	train	11060
sarek:4776f05e8fb95e6f8910	train	11061
sarek:0b446b475fb3d3d5f9f3	train	11062
sarek:3186431ba2e9464f41e5	train	11063
sarek:c067932989f5b345a285	train	11064
sarek:1db3ff77a7fd340bc8dd	train	11065
sarek:bd321cae920dbb21b241	train	11066
sarek:422505a3b78f6442d0eb	train	11067
sarek:60a2b0191353f4c7b8b9	train	11068
sarek:dac707060caf769de104	train	11069
sarek:70879ded18d498671d28	train	11070
sarek:909f7ac1f4c94af3e8fc	train	11071
sarek:ec82f705c21520c987e7	train	11072
sarek:236434c7023ba2297f2c	train	11073
sarek:2c09addc7670be89d384	train	11074
sarek:227a5ad5930d8ae949b3	train	11075
sarek:38865d40c92ffbd07e1c	train	11076
sarek:43c13affe42707485f37	train	11077
sarek:7e0cc656c9abe58a4725	train	11078
sarek:3e014aac66cc853ab614	train	11079
sarek:5cfe93d0045fcfd179fd	train	11080
sarek:cf7490eff065a9087568	train	11081
sarek:c0a177e0fbfd3326f31a	train	11082
sarek:ab73d3dfcabdc9720dc0	train	11083
sarek:fc2f6046fde763759272	train	11084
sarek:2700d38af50e9e4665a5	train	11085
sarek:0a36ffee3baf72e98844	train	11086
sarek:d26a7ba0c3dca21d912d	train	11087
sarek:a3ea61881fe5a28330d8	train	11088
sarek:f79c80828cc43c98acf0	train	11089
sarek:551a894817aa008f9e5f	train	11090
sarek:2de63fb5bdc93fd39ceb	train	11091
sarek:16d1ea992d9163752617	train	11092
sarek:3864b414f1e0609139c1	train	11093
sarek:d264336ea79b1eb9c022	train	11094
sarek:5dcef6881dd9d52352f9	train	11095
sarek:0db8465e2b93200ea67e	train	11096
sarek:496944f6cf2d9b84249e	train	11097
sarek:72a096d193dae23792a1	train	11098
sarek:fda28d52a8253f4fbf6c	train	11099
sarek:276df190337dbd693a77	train	11100
sarek:0ccabff2288eb3880e10	train	11101
sarek:5a34891c073fbc1082e1	train	11102
sarek:5d26314ddc00aa03de1c	train	11103
sarek:f59c3f14564bc3d2e1b8	train	11104
sarek:608c5185554f3244baaa	train	11105
sarek:68fdf224cbc33655314b	train	11106
sarek:4069d1a35b14e9a20197	train	11107
sarek:55f355aaf7e60aa1e271	train	11108
sarek:d103c010612a204d2b36	test	11109
sarek:a874d6dc7b8b311581b3	test	11110
sarek:5832abf1554931f0c54a	test	11111
sarek:04223d0d4b7fcbf8986e	test	11112
sarek:9156e174967927e9ae01	test	11113
sarek:ad94c55e1a2cb6654e90	test	11114
sarek:bf25a4431d6849adb49b	test	11115
sarek:85fbdb40b0ddc33842ad	test	11116
sarek:5d1b2df94e4114ffe43d	test	11117
sarek:e11b239af1bcdbe9ba21	test	11118
sarek:2cf6f42280fb1d1b5892	test	11119
sarek:dde19e8ae1cfb8658b86	test	11120
sarek:a10067f1a64fa6d1c4da	test	11121
sarek:27e0ab0bb39365c5c064	test	11122
sarek:22be3942639d77c00cd3	test	11123
sarek:79e2eeb00bf89ab488d4	test	11124
sarek:e2891991edac8bb13a05	test	11125
sarek:6ab175ad889170b29e3e	test	11126
sarek:7ff616c900f8f01362ff	test	11127
sarek:e87c1c8c2a724a8a36bf	test	11128
sarek:2f9a63433f74914c7f8e	test	11129
sarek:7401b03d46fc65df1218	test	11130
sarek:b28a99770e9bd553dc2d	test	11131
sarek:735f8ef891b8402bf809	test	11132
sarek:64284437e8a35bfbbbc4	test	11133
sarek:cd4dc6a175213d621f4f	test	11134
sarek:82beae4236075bc9d20c	test	11135
sarek:95c202ca790227092be5	test	11136
sarek:912484d6f8b5d12ed3f2	test	11137
sarek:beb6d8860116e903abe6	test	11138
sarek:d1ea15149a076cc94ba3	test	11139
sarek:784a4c4ec2eb36caf732	test	11140
sarek:01ea3bf8c21c9219b4c8	test	11141
sarek:7bc3c73025daee55378d	test	11142
sarek:e649d5a9af2deba2f12d	test	11143
sarek:829eac8a9788b9b723ba	test	11144
sarek:13e5617521bb0bc98851	test	11145
sarek:b540f3a66be6a0a798bf	test	11146
sarek:d52e017012a61e23bcfa	test	11147
sarek:4429e41b2709689ab3bb	test	11148
sarek:8dcdfe0cde5a24c67849	test	11149
sarek:9d8d98d210be78fcc0bf	test	11150
sarek:d7bdf562eca19729b90e	test	11151
sarek:ca87452dca047a15819d	test	11152
sarek:5048d37cba8964574c39	test	11153
sarek:f7473a1b39b8563d54b6	test	11154
sarek:675a5e27d0a4b21fe504	test	11155
sarek:fdc215fbd5ae1c2b9c04	test	11156
sarek:9762ae085a37efdbd671	test	11157
sarek:aef39e23e22a13c5b63c	test	11158
sarek:fc611d161100184c4c7e	test	11159
sarek:97681068190b1a2e13ce	test	11160
sarek:c9744b40ec2f47142a96	test	11161
sarek:c5f90be97c7e4ed5ee28	test	11162
sarek:6939147e1f2bb410073c	test	11163
sarek:ad439eebb92b382cf87e	test	11164
sarek:322d17fad30ed84fbfc6	test	11165
sarek:46ac748fe205d595e4f5	test	11166
sarek:228ed6a37487dc6dbe39	test	11167
sarek:29934267f6906f703014	test	11168
sarek:bda63ca31861b6cf604a	test	11169
sarek:b414d07cb49e4a0bb313	test	11170
sarek:9abab71c95e986133296	test	11171
sarek:a6c2fa6e420f13ff9602	test	11172
sarek:6dc024d6e5990c4b655b	test	11173
sarek:e23fa91891ada11fcd23	test	11174
sarek:0bc5f43774d51bd34807	test	11175
sarek:568da84cd54bc2890b62	test	11176
sarek:94bf7ab4456bcf5a29cd	test	11177
sarek:0fe8075730f0688809ad	test	11178
sarek:d3381bf519c7178df767	test	11179
sarek:12f89efc0e8614549320	test	11180
sarek:a90607f4498f5ea86c55	test	11181
sarek:110f91200901064a3900	test	11182
sarek:d9db9372725ff5902b76	test	11183
sarek:8c50804778cae896d304	test	11184
sarek:c922f42f9604c6e2628e	test	11185
sarek:7f640a29c7fa53c5e6e8	test	11186
sarek:31b75d228d8accdf3a56	test	11187
sarek:2b656fd6af4496b8dbaa	test	11188
sarek:02eb9793f9e5d15cc21e	test	11189
sarek:26fd0a1dc2db8799e7ed	test	11190
sarek:f0cd52d20068f151deea	test	11191
sarek:f0944f16bbfa16cf1553	test	11192
sarek:870d328997ce481a08e1	test	11193
sarek:4b068f3f5d7cfca39bdb	test	11194
sarek:271473079ef2aced9c00	test	11195
sarek:9811e20ace1dd276a226	test	11196
sarek:7ee524411e8eb8396f6e	test	11197
sarek:16f58c9cc2f05557c863	test	11198
sarek:7b304f3bacde9133bd50	test	11199
sarek:35f7c14dec1e992656c6	test	11200
sarek:fdc17bdd353ec6eae945	test	11201
sarek:23d01a777bd4be9b5807	test	11202
sarek:d69effc896fbcc292300	test	11203
sarek:13f7694247830286a206	test	11204
sarek:263a1fa33d81d4d38349	test	11205
sarek:94ef5e6b2e50c35013c2	test	11206
sarek:11c279717381ecad6e11	test	11207
sarek:847d0bafc9973a8af0b3	test	11208
sarek:dac0e90bff5fb24d3ec6	test	11209
sarek:5428cfbeefa1ba03516f	test	11210
sarek:892a22fb817de1c4215a	test	11211
sarek:209ff6cacf95070b4a12	test	11212
sarek:b6aa9254660db86f7b7b	test	11213
sarek:6e198ad0a0d96c0763eb	test	11214
sarek:ad0b92bc6e532e72cff9	test	11215
sarek:23379e8859144acbeddc	test	11216
sarek:06fb9e1d7b9fc19f8357	test	11217
sarek:aba1b8ff9d4b06638f8b	test	11218
sarek:817bf7a30d02a7305af2	test	11219
sarek:d85aab7ad273644d8745	test	11220
sarek:f7d76f7a089a46401e4e	test	11221
sarek:6998ad41d98aeed855c5	test	11222
sarek:98925c37f7777c387a62	test	11223
sarek:c384952f7c4f3789a013	test	11224
sarek:f7acf401fe7a0b4a78d0	test	11225
sarek:d6e3c925c45aa9b8f259	test	11226
sarek:992168a8198c4f3cb6ab	test	11227
sarek:872b62607407f563aa9f	test	11228
sarek:1341b89b7f5acca4a39f	test	11229
sarek:f0df25b3e9e3a79dd1b5	test	11230
sarek:06464e7f5698800e58d4	test	11231
sarek:0ee029bc0b29f2d40acb	test	11232
sarek:a652282154f231809ac1	test	11233
sarek:e97c4f0d5d0baa14b4ff	test	11234
sarek:feb15fe0083bb15f9668	test	11235
sarek:767593d7790f05be54bd	test	11236
sarek:d60fcbc2f77d4321f9d7	test	11237
sarek:9355686ac71ca2b55edb	test	11238
sarek:bd4e08634f088e20a1fc	test	11239
sarek:f37aa4f2a9687c4e32c0	test	11240
sarek:e2c6f7d697d586f75426	test	11241
sarek:6aa01e1d61cd440a8d03	test	11242
sarek:778939ab21b3dcc72ce1	test	11243
sarek:81816e4a391d2025dabd	test	11244
sarek:5dd8098086a21f6d9af7	test	11245
sarek:b9a226878746d56feeb6	test	11246
sarek:245ec0700e0342461cd1	test	11247
sarek:b3c8b13845e621fe4f8c	test	11248
sarek:25716ecfb3113e73b050	test	11249
sarek:8752445cce476f05e54d	test	11250
sarek:cc2e56fb5d8aac9e1c2a	test	11251
sarek:45287d07fe6d88d2ef83	test	11252
sarek:dd20cb2f3d717d0fea0d	test	11253
sarek:a837f94610260329f6d7	test	11254
sarek:b8365ea9ae19d9599988	test	11255
sarek:f4f8c9b0330badb597a4	test	11256
sarek:7775aeb2f2e60a54fe57	test	11257
sarek:08fdb49b50a0a3be8148	test	11258
sarek:682ad66fd4f379464e33	test	11259
sarek:4ea5a5cbcd5bac998452	test	11260
sarek:f63938638ed28f7712d9	test	11261
sarek:a8bb5ffc0c806c7d05ea	test	11262
sarek:345011dca0682e877c1b	test	11263
sarek:1446e396c3c6c08be915	test	11264
sarek:55c2b177a256aa9c3206	test	11265
sarek:96084c643794d6746a86	test	11266
sarek:f48331f63e80e9c30b78	test	11267
sarek:a6a76b95376a7b09b65c	test	11268
sarek:5e88bd4f84178c20f689	test	11269
sarek:558ca2a0c417ea9081a3	test	11270
sarek:d8e43f9c04227a2e1023	test	11271
sarek:ddb957f4ce64031f5996	test	11272
sarek:4c15e9c64c9c28e7e87c	test	11273
sarek:5a4472c8ebf4cd3878e9	test	11274
sarek:f7a060e94b5fb8e95b2f	test	11275
sarek:937c21ef5c19399b943c	test	11276
sarek:cd1f9bc1935f4c22c219	test	11277
sarek:62da67da89b6a80e76b7	test	11278
sarek:6ecadfd6293ea3515163	test	11279
sarek:5ec3a7339a3b6c43c249	test	11280
sarek:ab500a66b99af3ae5f29	test	11281
sarek:cf3ead55a65c34149654	test	11282
sarek:92ca278d798e4920e929	test	11283
sarek:a27de884717746431080	test	11284
sarek:b50e9f3002d6a5fb6cf9	test	11285
sarek:151a3c8609309e5e2a9f	test	11286
sarek:c18e6074b4d1091d841d	test	11287
sarek:2228101b2885a1eae694	test	11288
sarek:d63bcde1a2662ff84323	test	11289
sarek:d11ac19fb02093399317	test	11290
sarek:6c5dbfe8c976b0ff78a2	test	11291
sarek:67feef134ef3563b197e	test	11292
sarek:e152345242db7264ee27	test	11293
sarek:880c17dcc93fdab3c468	test	11294
sarek:b3f192031d9fa0cdd15a	test	11295
sarek:d06fec6c7d81b9c7a7ea	test	11296
sarek:0307048e0d6629ff637c	test	11297
sarek:17526a8edcb64a6dd2b1	test	11298
sarek:9af0e734c417a06911dd	test	11299
sarek:6d9419bb8c05880c3231	test	11300
sarek:38298447b33723a39dd3	test	11301
sarek:4a6c1181cb1d9d784a58	test	11302
sarek:0d492d51605f7ea70274	test	11303
sarek:88afd695999eaf1f4bd7	test	11304
sarek:12debdb32619d2010192	test	11305
sarek:d28305feb579fb828a93	test	11306
sarek:6ebd9c88f733f33d80c2	test	11307
sarek:73024f890ea5f6b5d985	test	11308
sarek:ac352ab0d3e59b57be15	test	11309
sarek:fabd5030a8eaa59ed3ef	test	11310
sarek:e1425336933c2dcc9ba6	test	11311
sarek:c475cc12159210f5903f	test	11312
sarek:dd1e814911347072c0f9	test	11313
sarek:a2b3c9dd34ddb939df3e	test	11314
sarek:243a65853450184c365e	test	11315
sarek:dcecc5812a4704f39484	test	11316
sarek:30194dfafc7d05668086	test	11317
sarek:38b753d57a9924b8a649	test	11318
sarek:f38afb0d8b5f4e03e636	test	11319
sarek:af29568ba938e2c86def	test	11320
sarek:a97e5987e20ecec83ba6	test	11321
sarek:b5294bbe4ce4a16a2dae	test	11322
sarek:c664417d9fc0bd8ce8b3	test	11323
sarek:f3f2e318860a743eefde	test	11324
sarek:ca909bcb999396c1e0d4	test	11325
sarek:db9549cc3603dc963ae8	test	11326
sarek:674a0f7e71595750d30a	test	11327
sarek:175b0980d7aeb1e0adb2	test	11328
sarek:20052dd67df7be5de64e	test	11329
sarek:a1333094dcda1cf61064	test	11330
sarek:26e79fce74c6df71895d	test	11331
sarek:6d45613526d5f482f439	test	11332
sarek:9a781c492283c6b5abeb	test	11333
sarek:396ddf8965f3401bfea6	test	11334
sarek:92480c6aa09438e15bfe	test	11335
sarek:026c69b93212d20e87a6	test	11336
sarek:d84f1543c97b3478708e	test	11337
sarek:fe54d82f1c609add4ffb	test	11338
sarek:f35bf7c78c37aeccd8c3	test	11339
sarek:834ef0b7333b9fb9fcbb	test	11340
sarek:c5158f17fa2876e504cd	test	11341
sarek:60b541a924065ff8ad81	test	11342
sarek:74e047fe737bd30d36f4	test	11343
sarek:d2c63a16ec2ca73a7929	test	11344
sarek:958275fe987e73373d97	test	11345
sarek:1b45ba1b538aa744770d	test	11346
sarek:5102a7f19e57a45db4e6	test	11347
sarek:6800addbc826a7d2ea69	test	11348
sarek:b0c0f1689ea6b6947bde	test	11349
sarek:bd7218ae0c9a2a7eac9c	test	11350
sarek:d7d71790943321e5cb3b	test	11351
sarek:8d1129dd1c3a263ad88c	test	11352
sarek:9b11769dc925a45cc5da	test	11353
sarek:aaf60a06118e2643015c	test	11354
sarek:2014e1122cdb5361c7b6	test	11355
sarek:9f7d8271f51091db6734	test	11356
sarek:71416a4652835a810972	test	11357
sarek:f8d2836a8784b1b99448	test	11358
sarek:a815defb562678200f3b	test	11359
sarek:b6df539e0302cb79ae14	test	11360
sarek:3d5f5e02b150d18b7da9	test	11361
sarek:d825aa338d2c26f71391	test	11362
sarek:c48b5eb2fd22d5e28a8c	test	11363
sarek:6b98256db0989488dae1	test	11364
sarek:1eb6f65328fc16074c2e	test	11365
sarek:71f693d7bb1125e99f62	test	11366
sarek:d79cc7054c8d0c32ea38	test	11367
sarek:4ae6f6568327b5417763	test	11368
sarek:13e50a8868a21e9563e4	test	11369
sarek:5bf8259433ff3f527c88	test	11370
sarek:e15388e2ceecd18ad6eb	test	11371
sarek:bb4303337846b507a54e	test	11372
sarek:74b03639d9b16e3b77a4	test	11373
sarek:10bc9932ba56a9465dc9	test	11374
sarek:59f9b7cbeca54ee58bcb	test	11375
sarek:0deed9f29f0e0ec729e2	test	11376
sarek:7ce7a2ec2a93ff8943b3	test	11377
sarek:e6c0e909fd88727155bf	test	11378
sarek:fa6050f7a589c730d2e9	test	11379
sarek:19994dbe38e1af27f2b3	test	11380
sarek:bb2e77d5a269f58a4577	test	11381
sarek:d797a8ccc1e1c707ec22	test	11382
sarek:69d5de390dd84be707cb	test	11383
sarek:eef241b2d3b9d4e32a9c	test	11384
sarek:7b3b9593dc4370ae9f9f	test	11385
sarek:3555863f55ef8b7b204a	test	11386
sarek:f733f7e3f1e80f11570b	test	11387
sarek:b3029f833fed5f7d3a5d	test	11388
sarek:81ee1785540d35913016	test	11389
sarek:366f2bd2858a100e2f82	test	11390
sarek:5474c537765e091f30ad	test	11391
sarek:e22b432f81c073b8073e	test	11392
sarek:fc81267b84c0a1b6d157	test	11393
sarek:0d3f7c4fd8dc102b91b3	test	11394
sarek:8d045f4e33ef83b08c13	test	11395
sarek:923fa81168f8c4696f88	test	11396
sarek:59b147dc2993e3557266	test	11397
sarek:7e1fb0f2961b3415baf5	test	11398
sarek:8a9e2fddb29392aace5d	test	11399
sarek:26d5139d37df3fee6806	test	11400
sarek:3ac6cd9a3426145f170c	test	11401
sarek:079de55e21b714befa6f	test	11402
sarek:ba8582463195a416ca7f	test	11403
sarek:463532d131d7c24e3807	test	11404
sarek:1999474bbf9151852468	test	11405
sarek:74015243dacf0ff15bcc	test	11406
sarek:7114c1c4b6824b5b2263	test	11407
sarek:8176df64acc58c4c22e2	test	11408
sarek:51a8c23c2b79ef941e64	test	11409
sarek:e7de551d98af351e2d2f	test	11410
sarek:5bf65daee2b1112d0be1	test	11411
sarek:042bf04ae93409aeaa95	test	11412
sarek:63be78ebe190643beaf1	test	11413
sarek:bda881186fd859a800fa	test	11414
sarek:71cd83c41cfcfb49832a	test	11415
sarek:a09cd985ee5f32bc7830	test	11416
sarek:803ea8e89340cd49daf4	test	11417
sarek:da51e028a447d98e1ac0	test	11418
sarek:fbd7aca0bd2bde802621	test	11419
sarek:b3569242729346e27b38	test	11420
sarek:95cda26e77aebde500d8	test	11421
sarek:3bb675612458b6ab6bc8	test	11422
sarek:94122f4e5252c454cfea	test	11423
sarek:85184807416e07b935e4	test	11424
sarek:a07c368e99c1a975c503	test	11425
sarek:2f12bc84b0c89d5ba0b0	test	11426
sarek:b3ed8ee78af7b63f4c6f	test	11427
sarek:8d6a6f24a124227ccfb4	test	11428
sarek:7e9f16999f1f4464bc08	test	11429
sarek:9f987afb7ec12ae439d5	test	11430
sarek:4e723cade614ba31b83b	test	11431
sarek:480f7353537cb8f98ad4	test	11432
sarek:ccb4df95784804baa5df	test	11433
sarek:530c678a6aeeee1cadd9	test	11434
sarek:7069443c73a939516265	test	11435
sarek:37641b2e6e753f799735	test	11436
sarek:85221c51a26cb98eb0b5	test	11437
sarek:7ae4ab25ee4147d0d7d2	test	11438
sarek:b3f4565e1fcfe4f0e5b9	test	11439
sarek:ccd9a107cd2aeb9a5b7a	test	11440
sarek:8ca6b2a7c15deeeb1ae4	test	11441
sarek:c7a623fabee71337d0dd	test	11442
sarek:9b27fbec7b5f3d705292	test	11443
sarek:ee803188a5f02e406cd9	test	11444
sarek:22e67b63a86bb663875f	test	11445
sarek:8d4d8b5fbc6b5fb9ed02	test	11446
sarek:10e10ba6287cb7a38ad6	test	11447
sarek:7d79da02f74b4ab0802b	test	11448
sarek:442915061fb6eed58175	test	11449
sarek:9f18dccaf06bd742a133	test	11450
sarek:5ad699600bb0f12f69e6	test	11451
sarek:b499b3dc2b63ee7f3fe0	test	11452
sarek:c9c4b39af656d4612a7e	test	11453
sarek:5159b09982d527770f7e	test	11454
sarek:cf8c9ce1e99201286321	test	11455
sarek:72b3c553933e1158be8f	test	11456
sarek:e09554a92d246d039eb9	test	11457
sarek:37a2e04ca9831ed7b2e5	test	11458
sarek:46c81e1b95437de13521	test	11459
sarek:894041f5be66cfca7818	test	11460
sarek:417a5b8f92764646a0c4	test	11461
sarek:fa86108bbd73a96f02a0	test	11462
sarek:edbf4e4ab6c00e18a268	test	11463
sarek:8a872480d8f636af599d	test	11464
sarek:5970c7e5811b78a22bc6	test	11465
sarek:06805f591e4a73db1cbe	test	11466
sarek:e2dfd25552f6aba11bb3	test	11467
sarek:b8155354af5627967af7	test	11468
sarek:8ff4ea88f08ee96bd980	test	11469
sarek:0a87fba7d04d7fa2f620	test	11470
sarek:e22ac513da4eaf8ed05f	test	11471
sarek:c77921ce08c9fb91792d	test	11472
sarek:9d896c2a4c18abee4e42	test	11473
sarek:81beab3ba27c2dc16ffb	test	11474
sarek:8ed7b4704f12ecef018a	test	11475
sarek:6153a9c9a93c277f3e61	test	11476
sarek:69bf3197a334e070e962	test	11477
sarek:07f06661bb0f513aa5e9	test	11478
sarek:f295b6e40222dbe09a4f	test	11479
sarek:7d150322aacfd6c38217	test	11480
sarek:1af267bbd94c5e8e294b	test	11481
sarek:04de29006046109b13a4	test	11482
sarek:4fb912d3f852e6cfdf62	test	11483
sarek:84b045836f5ba81df9c2	test	11484
sarek:7bfb293a42630f68b0ff	test	11485
sarek:e1114ceaeedd16a1a86b	test	11486
sarek:d4cf4fe2118a912ce829	test	11487
sarek:9df9aa36dcaf28743a7f	test	11488
sarek:bc81e7e9d4262cbcccc5	test	11489
sarek:97d24f6532d63313bcf2	test	11490
sarek:880ebc20b32ff530623c	test	11491
sarek:59e03132184a75e25169	test	11492
sarek:77a3ce222b388e0db0dd	test	11493
sarek:5742bfa9c8776727f8da	test	11494
sarek:e626db526307843033ea	test	11495
sarek:09a83c7db43087bf1682	test	11496
sarek:2aa35bfaaef9c310f37d	test	11497
sarek:d3fe88877d445a02d98f	test	11498
sarek:df7988839d786ce6c7c3	test	11499
sarek:7c07381dd57325977b18	test	11500
sarek:0d6d65e1df71edce95a4	test	11501
sarek:1679871f729dc0db3768	test	11502
sarek:cc6151fa87fba7f11c2c	test	11503
sarek:0e35c4284706f58570d7	test	11504
sarek:87677592f3857cfea285	test	11505
sarek:5e9d6280466317a8e60f	test	11506
sarek:67c0cc8fed3657bbcd3d	test	11507
sarek:b24fa5372ee552fad776	test	11508
sarek:641874d8c76bf3a18229	test	11509
sarek:79204a62974bd62a0a5f	test	11510
sarek:83b47cab3411e345614f	test	11511
sarek:881d146502d30554c860	test	11512
sarek:14cf80e98a7d1c2b5d11	test	11513
sarek:f98b69a6229ac313433e	test	11514
sarek:b04dbb804809cee8acc3	test	11515
sarek:a7b5640d2355e580104b	test	11516
sarek:a0e462b80ac083223df9	test	11517
sarek:e9829b7fdf7dcd23f71f	test	11518
sarek:45eac2d9c5660b648b2d	test	11519
sarek:9ba2ebfe7b7cee2d56d5	test	11520
sarek:f54976e817275f6f5a1f	test	11521
sarek:af6bc95609bba125a355	test	11522
sarek:f0928ef9fc7fd11e9200	test	11523
sarek:e264faff62a6ab3510d1	test	11524
sarek:02b07e3edb3142a40c89	test	11525
sarek:a78fd7b770eaed4cfe45	test	11526
sarek:ee2a12d8cff54cc50fa1	test	11527
sarek:39bd50112fe53d0481c3	test	11528
sarek:bd7f22ccc34c51e54cf4	test	11529
sarek:eb9ddff9b025ae0a0b8a	test	11530
sarek:183c9c5ed884de2a37e5	test	11531
sarek:35965bb680a8f806396c	test	11532
sarek:f6e07c0fb6cee9e1b782	test	11533
sarek:17be7a302b1516b1e33d	test	11534
sarek:3eff945d778e03a5aa14	test	11535
sarek:d1a089ac1894e8e9eff8	test	11536
sarek:193708e0f1bca1cf2b2b	test	11537
sarek:1e8446173af083986181	test	11538
sarek:3e5d55fe4930a9c9aa28	test	11539
sarek:d765b0a66c0313f5b00e	test	11540
sarek:cf1d119b631a0995bae2	test	11541
sarek:e5aeb229bc660177422d	test	11542
sarek:992c6ea641cf18b5aaf7	test	11543
sarek:86975c5853bdc7a1c9af	test	11544
sarek:b8e651f8f0e43b8a4984	test	11545
sarek:df3214da35071a3bf6c0	test	11546
sarek:c300b7db3415f8e1b74a	test	11547
sarek:747e99980f11dc75bda9	test	11548
sarek:fc6bca775622d17d2c94	test	11549
sarek:bb761a9fdf5815bdf3cb	test	11550
sarek:9e3022a16b4163d72ccb	test	11551
sarek:9f6a73d57c052ce0ac1f	test	11552
sarek:0d2c954f89fdcf9a442c	test	11553
sarek:73d759669c5137f4ed77	test	11554
sarek:71bd0c16d0c3135943f7	test	11555
sarek:b04a1d3509d59aa4de27	test	11556
sarek:30f0a6eb6dbdf9b1e5cd	test	11557
sarek:de722d230d1cd6a281dd	test	11558
sarek:e3b1dbad72278d2423ec	test	11559
sarek:f5b4b20cfe34ee3a861d	test	11560
sarek:84329e9099b76acccfa3	test	11561
sarek:bb6e6c16a702ace5bc04	test	11562
sarek:aab645f86a2eaf4f187d	test	11563
sarek:0307f84f1e07421bce96	test	11564
sarek:b4d26c2361f18dade4ed	test	11565
sarek:3aa94b720aee56d5f5eb	test	11566
sarek:a8c0bafd1297dc7b819d	test	11567
sarek:fb2aa4cc07df9ad8a4be	test	11568
sarek:721a090307a9d1192e6e	test	11569
sarek:6279324d80cc6bc2acee	test	11570
sarek:ab5f5d3883eb068015b7	test	11571
sarek:4fd204093f36b1c9cb2a	test	11572
sarek:d6b309cf8553bf3cb6c0	test	11573
sarek:cf8c9087521530cba4e3	test	11574
sarek:157a2ee9e146282b699d	test	11575
sarek:13ffb9f3f9a142783f8e	test	11576
sarek:e1511e5b578f0ff4d0d0	test	11577
sarek:ed739f9bf815d749d668	test	11578
sarek:68dec5e6cc671e95fa97	test	11579
sarek:accdb1601c3b7cbe993b	test	11580
sarek:413f9b88332030a6b938	test	11581
sarek:9facd383b6ece9b21f1f	test	11582
sarek:87297837900da25d18b5	test	11583
sarek:234407dfc288ab63df58	test	11584
sarek:1b4ef33c91699623f402	test	11585
sarek:609bcba006a8e3d6e538	test	11586
sarek:abcf8af8c62311615160	test	11587
sarek:0aa307fff46294548fa5	test	11588
sarek:486bf0d8286dc30b2ab0	test	11589
sarek:2b8a2fe79fcd77e67742	test	11590
sarek:5189058b7a2801c42081	test	11591
sarek:b23ad715ae3e050e6851	test	11592
sarek:58d5e843bb3dd56a68d4	test	11593
sarek:2747208bc6ce2f4dd323	test	11594
sarek:b51bc5e5752414287556	test	11595
sarek:9ec7a5932e2d50204dac	test	11596
sarek:d339b4a3086e1f34e74d	test	11597
sarek:ed66b88eb0fba6c5e493	test	11598
sarek:b1fe141719e6479fa713	test	11599
sarek:f1ac64e67c1cd75565b5	test	11600
sarek:987052dd1032b59ac8b4	test	11601
sarek:e333115dd9d1c5aca21b	test	11602
sarek:c40ca60eb187c8ae5933	test	11603
sarek:1b95d85803dab42fdf9b	test	11604
sarek:ff85f7a8a11d84e73427	test	11605
sarek:cba1444c65345754ad66	test	11606
sarek:b1676ba26e571321575d	test	11607
sarek:b52ca6f66b3bb2487f18	test	11608
sarek:4720b79db85212068a08	test	11609
sarek:e7449e9ce3bc3ae97a0a	test	11610
sarek:b8b0fa1f13164e6b8e99	test	11611
sarek:42e25bc222c5c86589f3	test	11612
sarek:bc24c429f00beac7a7a9	test	11613
sarek:72bbeff5f52f41a9f3f6	test	11614
sarek:a8221de4844b1051f744	test	11615
sarek:d28a96a34b3cad7564d4	test	11616
sarek:2dc523637973dbb78a10	test	11617
sarek:74ba1cf9fdd9eb3282d0	test	11618
sarek:4e409f21bf2a78dfeb3e	test	11619
sarek:63d039f81727b16cc61d	test	11620
sarek:620f953d0f6f38a2e989	test	11621
sarek:5e4ad5bdb1428f1d6769	test	11622
sarek:ce88f05e3a787261a3c7	test	11623
sarek:363a0db8d6c21e8b4034	test	11624
sarek:768762171829f086d9c1	test	11625
sarek:32e10c9cd57af06ff8fa	test	11626
sarek:a7c5e8fe2c4b30d3c124	test	11627
sarek:87d134061965f8d49398	test	11628
sarek:e08c23e622493609d032	test	11629
sarek:48926aeaeab457be0bf2	test	11630
sarek:a9095a033ccda3df1f22	test	11631
sarek:c4362017b63c96346a08	test	11632
sarek:ba5d2a5b9dd1bd31b85f	test	11633
sarek:4f634fb6ea68ead9909e	test	11634
sarek:1c3b61657ba17ed6f0b7	test	11635
sarek:8ea8b03adbf5ce2bfa21	test	11636
sarek:e43e83a58ce1f78fd2c2	test	11637
sarek:a822c5faf6c0efd18586	test	11638
sarek:96f3578ff8e59cff66b4	test	11639
sarek:351d1d09e3f00842d1c4	test	11640
sarek:2f7a7a60462d8cb4b682	test	11641
sarek:09197a9903a2d30812aa	test	11642
sarek:f3dfdf448a31e6b9c7d6	test	11643
sarek:e9acac736f7ae73a3edd	test	11644
sarek:80176309b31bc77e7d10	test	11645
sarek:35292dc5f8370edec110	test	11646
sarek:020f0ee890525fd3365e	test	11647
sarek:65b37dfd4571d987d0cd	test	11648
sarek:5b9f47ff6c6b246ee534	test	11649
sarek:106f8d80b9ae817a4e61	test	11650
sarek:2cb970867d1dda5d2baf	test	11651
sarek:1d22e7c1221646261aa0	test	11652
sarek:6f88f7a84891724f5f25	test	11653
sarek:24d9d6028f8330b746fe	test	11654
sarek:ae65acb9ba989d3520bb	test	11655
sarek:dbda0c985067f0e8400a	test	11656
sarek:6d71db305850ca16162b	test	11657
sarek:835def41d0f59429ad53	test	11658
sarek:a63061df51cfa0219a34	test	11659
sarek:7148d614548f46b7ee81	test	11660
sarek:6bf346c2fdfdaea7c11a	test	11661
sarek:21c4f613d30de3d61345	test	11662
sarek:99ae46cb9482a520d4dd	test	11663
sarek:dba5e41caf0a18d748c8	test	11664
sarek:3a402a81bcb0ba741add	test	11665
sarek:5ae61c3582650732198b	test	11666
sarek:3e7d8468c26caba900e8	test	11667
sarek:386cdaea4835beaca6f0	test	11668
sarek:e972622a2e922c73b627	test	11669
sarek:71705f0ded4ea12aa8ba	test	11670
sarek:a531c382d01047f0eaf8	test	11671
sarek:013ee0d7ec64679147c7	test	11672
sarek:fb7f85d7d2a62580e0f6	test	11673
sarek:db4f801d0ff4c4e79cd8	test	11674
sarek:37c456cbd9d4b6e402bc	test	11675
sarek:4d4dd072bf9b378d40b7	test	11676
sarek:e25931350871018fe59d	test	11677
sarek:f4143aab4a26eb7e882e	test	11678
sarek:e35cff771c7fd77aa65e	test	11679
sarek:7ee83be933b9212f75f2	test	11680
sarek:8aea8a71466a81a21d1a	test	11681
sarek:66af22150a9cfccddf73	test	11682
sarek:91e4b50aeb181376a4b0	test	11683
sarek:ed7ae1dd0032ca66658f	test	11684
sarek:87cbeb8d73d42f61cf9d	test	11685
sarek:3293ed2a48d05f5f3477	test	11686
sarek:0cc9a95b4720837155ba	test	11687
sarek:093dca598c1b31ae5d62	test	11688
sarek:a898ccbfbcb4e17aee0c	test	11689
sarek:7ae4d6d21bee1fc70e93	test	11690
sarek:5ea0bd271a17475fc81a	test	11691
sarek:31b4c8bb1f6c7e8e59bc	test	11692
sarek:f18124be7db72dc499c5	test	11693
sarek:dc68a56d46950521b8e0	test	11694
sarek:a45fc840ffe073181b0d	test	11695
sarek:c1f76c5f7eaee26543b0	test	11696
sarek:c34d614e77ec8015d8c8	test	11697
sarek:8258a8393567c38366bf	test	11698
sarek:c5495859b8c0e2ea8b4a	test	11699
sarek:893d2e93c17ab378c70a	test	11700
sarek:7dbc6dee6b77e4aa24b2	test	11701
sarek:9b603966711ebabfcd0c	test	11702
sarek:efbed9206e130ef66b4a	test	11703
sarek:11586a09f2922919e36a	test	11704
sarek:bd5ccdce7dcffea949b9	test	11705
sarek:ee4535de50c30edf4a7b	test	11706
sarek:aac4ca2459467dca0a82	test	11707
sarek:3bd9a4074e1106201b82	test	11708
sarek:2c7d8a18d8333bd724d0	test	11709
sarek:d85e1489e4104f31e8ae	test	11710
sarek:bee37c52d8754dd2cab0	test	11711
sarek:e704a9cbe76423774908	test	11712
sarek:a701dedbd24ae1fbe8fe	test	11713
sarek:d87efd89d34cba4ff713	test	11714
sarek:07c0dcc807051e662188	test	11715
sarek:63f2b6d08e68810324e2	test	11716
sarek:973650e1adc97ddede87	test	11717
sarek:7802a8adcdd70ad879e5	test	11718
sarek:c6c54fdf623b3601d311	test	11719
sarek:34d8c794786caa074d33	test	11720
sarek:a04d1bc2958d8992b32f	test	11721
sarek:64185b1e3b874012b992	test	11722
sarek:79c1a8dca6b752197fff	test	11723
sarek:0d536f97d344b0d20b19	test	11724
sarek:e5d2fa3a3fe1cb4d2bbb	test	11725
sarek:949762738b1cd3d8bb6b	test	11726
sarek:78c2be45651f9f851981	test	11727
sarek:94becfe6db3b6ed159e2	test	11728
sarek:05f869364a6cf70fda6f	test	11729
sarek:9755b2b1127d89980f6e	test	11730
sarek:8ba0e8f7f520e5659c01	test	11731
sarek:b177318cbfeff904b205	test	11732
sarek:5d3515af84ee901c8080	test	11733
sarek:a24e42775b7ac5886272	test	11734
sarek:6c9fa8381ffbb76f8700	test	11735
sarek:c842e742f77f0c7334d3	test	11736
sarek:4f20773acbebd91fdde7	test	11737
sarek:5dca3211b87f40e22bda	test	11738
sarek:8d180f6140d51d5909d1	test	11739
sarek:cafd2d5d6c4494d6ddcf	test	11740
sarek:aa7ecc973082abafd567	test	11741
sarek:c53e9bccd64a344e5f37	test	11742
sarek:85509b310797d39e228d	test	11743
sarek:73947e5c920a7ec41728	test	11744
sarek:07a488ce6194217bbf96	test	11745
sarek:70340d84e2015da08a4d	test	11746
sarek:b0a4f0888e924b375431	test	11747
sarek:cfae734b548bea0c9ef4	test	11748
sarek:7f5ea73cebb50df0c111	test	11749
sarek:83d641598b5ebb6fe6c9	test	11750
sarek:502e48dd7f27c983f2bd	test	11751
sarek:16b8f1c8284e45a90bc1	test	11752
sarek:f5ee4a7e1b99dcd2b5d0	test	11753
sarek:985f837334ed772195c4	test	11754
sarek:eb8db53c1fb50d3d0ed5	test	11755
sarek:6a7dd867ce98fcb0e78a	test	11756
sarek:cab0bf9ef9904171b016	test	11757
sarek:d64ca56e9c13b40b3d5f	test	11758
sarek:b196a35c27b9a8b271d8	test	11759
sarek:667f864aa7ea44910d80	test	11760
sarek:be2f993a5e7ba198b1d4	test	11761
sarek:b658dd9b9ff8e1095a80	test	11762
sarek:fd9178f5d61acd4266c7	test	11763
sarek:965075337bac1d5c9a39	test	11764
sarek:96d06ce0c0a0d8b322b6	test	11765
sarek:4f1e357af42be7adfaf1	test	11766
sarek:6520a6d1a2ca864ec801	test	11767
sarek:6da39e21b8fbea589169	test	11768
sarek:7c6d132d9edd3b476308	test	11769
sarek:56a3a32bfef4e9519dcd	test	11770
sarek:ab577ebc7673375dc0ec	test	11771
sarek:3b2b61e901d0953162f8	test	11772
sarek:792ebf85454ca66b6b95	test	11773
sarek:a8b4e5ae4832e94456c8	test	11774
sarek:ab52de12354d45bfcfe7	test	11775
sarek:879f230d3d9b5997f59f	test	11776
sarek:ff0b90ea023d310df447	test	11777
sarek:d129ce9624bdbfca74b2	test	11778
sarek:6c9ca363f56b03b75102	test	11779
sarek:df5373cee5b6fe7c9c0b	test	11780
sarek:3e744e92e6dc878eef32	test	11781
sarek:ac90d99115a163a68dd9	test	11782
sarek:d18e377b6c3ce9ea502f	test	11783
sarek:0561e02eb07500a484cb	test	11784
sarek:3583a6b15f5438c73cb4	test	11785
sarek:1fd8ab0b9b572de1636d	test	11786
sarek:1cddf8b1b8ee879d3dcd	test	11787
sarek:51d4ebec66b4713d2f28	test	11788
sarek:04e9a13813e3fc01e6fd	test	11789
sarek:588f455ec0fe099b5908	test	11790
sarek:dc0b7fb1ec25599e0fbb	test	11791
sarek:359aad5798bfead61a4b	test	11792
sarek:0d58e9fac4c356cccbd7	test	11793
sarek:f6ca53a9578a13559d79	test	11794
sarek:a86f0832b44c06804515	test	11795
sarek:08e9e006a7c5f5fc4bf1	test	11796
sarek:5f1fc52d4ceb406a2d6e	test	11797
sarek:d851dff53f3f1bdbeb07	test	11798
sarek:6e5c5c1302510cd8ccdb	test	11799
sarek:e6547eaa3822334a03ce	test	11800
sarek:a194108c2a47e7ed5b8c	test	11801
sarek:8ec97da1fb4f14ca4c05	test	11802
sarek:e0f2cb2a15c4e4f5bec7	test	11803
sarek:a9891468a2590b5d0ac5	test	11804
sarek:ad1a6d33a9a5f5c3d888	test	11805
sarek:9ba1ede6722a96a4105d	test	11806
sarek:b5e07bc3768359d5f7a3	test	11807
sarek:dad4f16be54ea78863e3	test	11808
sarek:201b6b3557f897708edc	test	11809
sarek:7e4b7614811d1b25b4b7	test	11810
sarek:e87a9b5c1bcd41e98987	test	11811
sarek:7c5cfcedd320ec3c1883	test	11812
sarek:8660e7cac7577d6c6ecc	test	11813
sarek:d5b3689f3b530d37dc27	test	11814
sarek:28e6c56f0cb77e6650dc	test	11815
sarek:b563537544cd476535bc	test	11816
sarek:7492a18c773d2407f370	test	11817
sarek:754db2358b5c02259938	test	11818
sarek:e95894129b8cfb5419fc	test	11819
sarek:a86251b9ca083ec60c5d	test	11820
sarek:b9d59af4d1d8e16d397a	test	11821
sarek:b71759a72f85c54c90f6	test	11822
sarek:709f7bdf7700ca42f4cd	test	11823
sarek:4e48e5bb9a7034be69d0	test	11824
sarek:dc39d77016f03a43d782	test	11825
sarek:e6f4f3e7b537225fc259	test	11826
sarek:657576f8cfa66f83834e	test	11827
sarek:c97b05b9ba75da06c503	test	11828
sarek:3ab00c8bc155f08427b1	test	11829
sarek:71c6f2e0372c8174e173	test	11830
sarek:a8bcef8342f7bafb77d5	test	11831
sarek:11e5255be7ae39618cc3	test	11832
sarek:ed141e5704c5ab285dc6	test	11833
sarek:309d072b8a8535149fad	test	11834
sarek:d5a067f202376f3e3e7b	test	11835
sarek:e436d90d8caba179b887	test	11836
sarek:deeea2ae255764edf4d0	test	11837
sarek:b197c6a5ff1c053bb02d	test	11838
sarek:7bd0419ff36f414faa82	test	11839
sarek:0f5bcd44496ed8d65cf0	test	11840
sarek:fdf06d97b9ddc1bfb0ef	test	11841
sarek:b2a4bb0a9fac8dd57a61	test	11842
sarek:0b0b1856e7dc272b5ba5	test	11843
sarek:8a7012dbadd84b4cfb31	test	11844
sarek:75ff593a4a8a0aa58fa8	test	11845
sarek:509927ae52547cc6bced	test	11846
sarek:d911a4d00b689a5022f6	test	11847
sarek:136897a8889bf9721a6f	test	11848
sarek:b3049a3a3cd51d923e97	test	11849
sarek:1eac0ffd2ae8db73a04a	test	11850
sarek:71d3e0a99205b60ea544	test	11851
sarek:011c2586230126097c49	test	11852
sarek:74fb4ccb37ea7e5e9ef2	test	11853
sarek:32748efc46ac4532aefa	test	11854
sarek:b6e66e09044d9c2edcf3	test	11855
sarek:5ee5c62bafb545b9961c	test	11856
sarek:6bf400520c58ab84e9bf	test	11857
sarek:0aa318dc52ae7ad31d5e	test	11858
sarek:e5ce99ea3f81ed65a333	test	11859
sarek:ab975ca7e8358a440223	test	11860
sarek:6a8b6177d57f669ec2ce	test	11861
sarek:8a36b6866ee57a58966b	test	11862
sarek:7eb54e06e4c46431d71e	test	11863
sarek:6f927e497056a344944c	test	11864
sarek:b49646ba0e17f0ecba8f	test	11865
sarek:905073d8761b91b55977	test	11866
sarek:80469cd1eda8d12c7799	test	11867
sarek:951a69283db191be45e1	test	11868
sarek:64207975531e73479211	test	11869
sarek:7f250a7b35c7b86c3732	test	11870
sarek:d4e1e05d2fe23618539f	test	11871
sarek:bc50c0fe0558f1038c5e	test	11872
sarek:8f8c813fc88d31a3d0f5	test	11873
sarek:78b8f2295e72ab1f3af3	test	11874
sarek:cd9686592589c7718fc3	test	11875
sarek:748c8b620861fb346785	test	11876
sarek:c711757ca683b4fc0ff2	test	11877
sarek:dfa056c164c730fb848a	test	11878
sarek:fb6a37a129e4f468c2f8	test	11879
sarek:66673b44f546cc6bd0df	test	11880
sarek:c187c11c092329373bd2	test	11881
sarek:ee034a04f76c8be88b2c	test	11882
sarek:6f4811b5acc4c87aca2c	test	11883
sarek:2bfa2e1018486beb3660	test	11884
sarek:02f69ed758907ef4faec	test	11885
sarek:e65064f435ea18b06a4f	test	11886
sarek:7ed983f620f6e6248a36	test	11887
sarek:2616b01da2d1b9162c94	test	11888
sarek:853da67164a43c3bf439	test	11889
sarek:eac4f9ece410c7560efd	test	11890
sarek:b2480d4cb1c6922da64f	test	11891
sarek:9e026166c3ccb41787bd	test	11892
sarek:bb8ebc9b61468e5bb0f2	test	11893
sarek:989397d64c10da2be922	test	11894
sarek:349c6b707c33791e13db	test	11895
sarek:8adc3e6145eafeb549ab	test	11896
sarek:64c19b3fb6abb69c2acb	test	11897
sarek:b899e1df4c1da2ed549b	test	11898
sarek:57bd82e974d6d4805ed9	test	11899
sarek:e0da1823fb37b6f6c927	test	11900
sarek:cc45aee98436d3b6080a	test	11901
sarek:a23d35a27c168b1795e7	test	11902
sarek:ef6b085de3fc53237c9d	test	11903
sarek:2f5c4dc86a1d4dd39e29	test	11904
sarek:40a1d94e5dbb810104a2	test	11905
sarek:5385051a340f0b692978	test	11906
sarek:a524081ed0721b11640e	test	11907
sarek:27cb90b5cdd4e79c1cff	test	11908
sarek:761e8b7f2e26885ee4c8	test	11909
sarek:29c31c7faaad8094c14d	test	11910
sarek:9843472b592583ffef1b	test	11911
sarek:83643823672c20ba0f1d	test	11912
sarek:f920ff89223899ae7df1	test	11913
sarek:8e2c3856970a559b2c69	test	11914
sarek:c7f14f5d0190d297e977	test	11915
sarek:1c3e572a7eb92a139d9f	test	11916
sarek:01b5f80ac4e9327f90fb	test	11917
sarek:6b37b5f3b55f6992ff65	test	11918
sarek:41cae0b05dfac3413cf0	test	11919
sarek:7f71433cc12ce336276a	test	11920
sarek:f947d7316327571450db	test	11921
sarek:d9f9575eafbeeeac45b6	test	11922
sarek:80517c73b1965a185fc1	test	11923
sarek:b68a01a48a555f04a02a	test	11924
sarek:787e6bde2bda043ff622	test	11925
sarek:bd593b7814b9c4673ec6	test	11926
sarek:e6d0da39701799724036	test	11927
sarek:c1436fc4577f6f9ca371	test	11928
sarek:7a225729ee857cc0ee7f	test	11929
sarek:47099d7d919f36b8dbfb	test	11930
sarek:7bf2d5e67d70a28cc313	test	11931
sarek:14a70984011c5d48d19c	test	11932
sarek:51fe335aa5cb71ea8f2d	test	11933
sarek:c2fe527814785d7dda62	test	11934
sarek:e907893fc6c105cbda90	test	11935
sarek:f89d0722e0b40fabaab7	test	11936
sarek:737a7c4565781f1f85a5	test	11937
sarek:ae713ab97fd5b7afa1e4	test	11938
sarek:394e22e6e360fe6abc03	test	11939
sarek:19e452d5eb5fd87b505f	test	11940
sarek:b1b6534d7acabc978cc1	test	11941
sarek:3754adb35e0ed639c51e	test	11942
sarek:1b7840fc98cb83493e61	test	11943
sarek:9e36103b5954534b4e4a	test	11944
sarek:733392efe45c5f88c708	test	11945
sarek:a6c9d09e37f46e448354	test	11946
sarek:38ab8a9d4f54265351e1	test	11947
sarek:edbd34fe7259f0778143	test	11948
sarek:61ad5447358814ad84b2	test	11949
sarek:60e45d193d36eb32249a	test	11950
sarek:546e430be802ff16f89a	test	11951
sarek:cc0eb0035f88be909ae1	test	11952
sarek:d32b02b4e6f94b48102c	test	11953
sarek:69c490bc28db5416f26e	test	11954
sarek:2d4f3c7a5dc6e2fa5abc	test	11955
sarek:ddc057b6d1dccc4aebae	test	11956
sarek:2676ee4551226aae323a	test	11957
sarek:6dcdcf2afe258fcd5eb7	test	11958
sarek:beb1ca6bf760761ac689	test	11959
sarek:6b142c46e3bdce48d003	test	11960
sarek:f6df08575ee3550ea3f3	test	11961
sarek:73eb706b5ec702ba25eb	test	11962
sarek:3b0b58b6e91d87291b38	test	11963
sarek:00bfcf28821875121a0d	test	11964
sarek:dcdcb60955a9bf35588a	test	11965
sarek:f52cb969a674d1ef57aa	test	11966
sarek:2dd5f30c3f76075b5e45	test	11967
sarek:f3f82cfb9f9ad1a1317e	test	11968
sarek:fa1a7e8bac9cb7d40db3	test	11969
sarek:ab516064b4382bfe7012	test	11970
sarek:ee38e47a5f16e667342d	test	11971
sarek:fe718d93085f997777da	test	11972
sarek:ac5af28ee8bc44c97fa2	test	11973
sarek:f807fe1810321187dc18	test	11974
sarek:bb977ef0e97eb9daf126	test	11975
sarek:a220928a1666a349dba0	test	11976
sarek:1272f35f08fb3d779338	test	11977
sarek:c92ac3c19339c18b3654	test	11978
sarek:98e3e1ac5c1d7d82a896	test	11979
sarek:32359290605f0a8d9c0a	test	11980
sarek:2203c2d15b0099be7574	test	11981
sarek:6ca9caee4a4222986f90	test	11982
sarek:9bdaf03a8ba54f7bd868	test	11983
sarek:4f26e1ad531f6b03fa93	test	11984
sarek:6548d4721dfd7f738a3a	test	11985
sarek:d96e410c63f7f729314c	test	11986
sarek:c4f6170f5313ce681480	test	11987
sarek:2fd53c14415e7cfae34a	test	11988
sarek:5f7af007a847eb5f72be	test	11989
sarek:d6aeef91867913766936	test	11990
sarek:1c1c87e764590b858c35	test	11991
sarek:e6234fac8e09f5d1970a	test	11992
sarek:2cb49da11ea179082041	test	11993
sarek:ef35e74ed5382d46a20f	test	11994
sarek:9e77daa91578c6be66f4	test	11995
sarek:627324da3b23f7a82d45	test	11996
sarek:3eec6a1eb8e8f13976a3	test	11997
sarek:24435045f2b33116392a	test	11998
sarek:30b9575e62f28bc6ec96	test	11999
sarek:90f30a29d6263c9c37c7	test	12000
sarek:ea077e2770c015846af8	test	12001
sarek:c80d4241805e55f4c22c	test	12002
sarek:2b44f9d65e968a225b82	test	12003
sarek:b74b298f3f3f6bbd5690	test	12004
sarek:4c90c0515ba2c2deab06	test	12005
sarek:df4951c67a6758014624	test	12006
sarek:6d759b7b71bed1a92874	test	12007
sarek:46847e7db51d01b3ad45	test	12008
sarek:345b095a19cf7d0c0217	test	12009
sarek:223006cc7e1aa356596b	test	33515
