sample,fastq_1,fastq_2,rundir,tags
seqinspector_0001_ERR12217836,https://ftp.sra.ebi.ac.uk/vol1/fastq/ERR122/036/ERR12217836/ERR12217836_1.fastq.gz,https://ftp.sra.ebi.ac.uk/vol1/fastq/ERR122/036/ERR12217836/ERR12217836_2.fastq.gz,,mmapbench
seqinspector_0002_DRR735117,https://ftp.sra.ebi.ac.uk/vol1/fastq/DRR735/DRR735117/DRR735117_1.fastq.gz,https://ftp.sra.ebi.ac.uk/vol1/fastq/DRR735/DRR735117/DRR735117_2.fastq.gz,,mmapbench
seqinspector_0003_ERR14211652,https://ftp.sra.ebi.ac.uk/vol1/fastq/ERR142/052/ERR14211652/ERR14211652_1.fastq.gz,https://ftp.sra.ebi.ac.uk/vol1/fastq/ERR142/052/ERR14211652/ERR14211652_2.fastq.gz,,mmapbench
seqinspector_0004_ERR14195506,https://ftp.sra.ebi.ac.uk/vol1/fastq/ERR141/006/ERR14195506/ERR14195506_1.fastq.gz,https://ftp.sra.ebi.ac.uk/vol1/fastq/ERR141/006/ERR14195506/ERR14195506_2.fastq.gz,,mmapbench
seqinspector_0005_ERR2728773,https://ftp.sra.ebi.ac.uk/vol1/fastq/ERR272/003/ERR2728773/ERR2728773_1.fastq.gz,https://ftp.sra.ebi.ac.uk/vol1/fastq/ERR272/003/ERR2728773/ERR2728773_2.fastq.gz,,mmapbench
seqinspector_0006_ERR14194818,https://ftp.sra.ebi.ac.uk/vol1/fastq/ERR141/018/ERR14194818/ERR14194818_1.fastq.gz,https://ftp.sra.ebi.ac.uk/vol1/fastq/ERR141/018/ERR14194818/ERR14194818_2.fastq.gz,,mmapbench
seqinspector_0007_ERR14210964,https://ftp.sra.ebi.ac.uk/vol1/fastq/ERR142/064/ERR14210964/ERR14210964_1.fastq.gz,https://ftp.sra.ebi.ac.uk/vol1/fastq/ERR142/064/ERR14210964/ERR14210964_2.fastq.gz,,mmapbench
seqinspector_0008_ERR12520437,https://ftp.sra.ebi.ac.uk/vol1/fastq/ERR125/037/ERR12520437/ERR12520437_1.fastq.gz,https://ftp.sra.ebi.ac.uk/vol1/fastq/ERR125/037/ERR12520437/ERR12520437_2.fastq.gz,,mmapbench
seqinspector_0009_DRR735156,https://ftp.sra.ebi.ac.uk/vol1/fastq/DRR735/DRR735156/DRR735156_1.fastq.gz,https://ftp.sra.ebi.ac.uk/vol1/fastq/DRR735/DRR735156/DRR735156_2.fastq.gz,,mmapbench
seqinspector_0010_ERR3769621,https://ftp.sra.ebi.ac.uk/vol1/fastq/ERR376/001/ERR3769621/ERR3769621_1.fastq.gz,https://ftp.sra.ebi.ac.uk/vol1/fastq/ERR376/001/ERR3769621/ERR3769621_2.fastq.gz,,mmapbench
seqinspector_0011_ERR12032835,https://ftp.sra.ebi.ac.uk/vol1/fastq/ERR120/035/ERR12032835/ERR12032835_1.fastq.gz,https://ftp.sra.ebi.ac.uk/vol1/fastq/ERR120/035/ERR12032835/ERR12032835_2.fastq.gz,,mmapbench
seqinspector_0012_ERR12220312,https://ftp.sra.ebi.ac.uk/vol1/fastq/ERR122/012/ERR12220312/ERR12220312_1.fastq.gz,https://ftp.sra.ebi.ac.uk/vol1/fastq/ERR122/012/ERR12220312/ERR12220312_2.fastq.gz,,mmapbench
seqinspector_0013_ERR12217362,https://ftp.sra.ebi.ac.uk/vol1/fastq/ERR122/062/ERR12217362/ERR12217362_1.fastq.gz,https://ftp.sra.ebi.ac.uk/vol1/fastq/ERR122/062/ERR12217362/ERR12217362_2.fastq.gz,,mmapbench
seqinspector_0014_DRR737842,https://ftp.sra.ebi.ac.uk/vol1/fastq/DRR737/DRR737842/DRR737842_1.fastq.gz,https://ftp.sra.ebi.ac.uk/vol1/fastq/DRR737/DRR737842/DRR737842_2.fastq.gz,,mmapbench
seqinspector_0015_ERR14195483,https://ftp.sra.ebi.ac.uk/vol1/fastq/ERR141/083/ERR14195483/ERR14195483_1.fastq.gz,https://ftp.sra.ebi.ac.uk/vol1/fastq/ERR141/083/ERR14195483/ERR14195483_2.fastq.gz,,mmapbench
seqinspector_0016_DRR777283,https://ftp.sra.ebi.ac.uk/vol1/fastq/DRR777/DRR777283/DRR777283_1.fastq.gz,https://ftp.sra.ebi.ac.uk/vol1/fastq/DRR777/DRR777283/DRR777283_2.fastq.gz,,mmapbench
seqinspector_0017_DRR216699,https://ftp.sra.ebi.ac.uk/vol1/fastq/DRR216/DRR216699/DRR216699_1.fastq.gz,https://ftp.sra.ebi.ac.uk/vol1/fastq/DRR216/DRR216699/DRR216699_2.fastq.gz,,mmapbench
seqinspector_0018_ERR4161272,https://ftp.sra.ebi.ac.uk/vol1/fastq/ERR416/002/ERR4161272/ERR4161272_1.fastq.gz,https://ftp.sra.ebi.ac.uk/vol1/fastq/ERR416/002/ERR4161272/ERR4161272_2.fastq.gz,,mmapbench
seqinspector_0019_ERR14195619,https://ftp.sra.ebi.ac.uk/vol1/fastq/ERR141/019/ERR14195619/ERR14195619_1.fastq.gz,https://ftp.sra.ebi.ac.uk/vol1/fastq/ERR141/019/ERR14195619/ERR14195619_2.fastq.gz,,mmapbench
seqinspector_0020_ERR13061457,https://ftp.sra.ebi.ac.uk/vol1/fastq/ERR130/057/ERR13061457/ERR13061457_1.fastq.gz,https://ftp.sra.ebi.ac.uk/vol1/fastq/ERR130/057/ERR13061457/ERR13061457_2.fastq.gz,,mmapbench
seqinspector_0021_ERR14946252,https://ftp.sra.ebi.ac.uk/vol1/fastq/ERR149/052/ERR14946252/ERR14946252_1.fastq.gz,https://ftp.sra.ebi.ac.uk/vol1/fastq/ERR149/052/ERR14946252/ERR14946252_2.fastq.gz,,mmapbench
seqinspector_0022_ERR4502290,https://ftp.sra.ebi.ac.uk/vol1/fastq/ERR450/000/ERR4502290/ERR4502290_1.fastq.gz,https://ftp.sra.ebi.ac.uk/vol1/fastq/ERR450/000/ERR4502290/ERR4502290_2.fastq.gz,,mmapbench
seqinspector_0023_DRR735351,https://ftp.sra.ebi.ac.uk/vol1/fastq/DRR735/DRR735351/DRR735351_1.fastq.gz,https://ftp.sra.ebi.ac.uk/vol1/fastq/DRR735/DRR735351/DRR735351_2.fastq.gz,,mmapbench
seqinspector_0024_DRR402201,https://ftp.sra.ebi.ac.uk/vol1/fastq/DRR402/DRR402201/DRR402201_1.fastq.gz,https://ftp.sra.ebi.ac.uk/vol1/fastq/DRR402/DRR402201/DRR402201_2.fastq.gz,,mmapbench
seqinspector_0025_ERR12038233,https://ftp.sra.ebi.ac.uk/vol1/fastq/ERR120/033/ERR12038233/ERR12038233_1.fastq.gz,https://ftp.sra.ebi.ac.uk/vol1/fastq/ERR120/033/ERR12038233/ERR12038233_2.fastq.gz,,mmapbench
seqinspector_0026_ERR14211571,https://ftp.sra.ebi.ac.uk/vol1/fastq/ERR142/071/ERR14211571/ERR14211571_1.fastq.gz,https://ftp.sra.ebi.ac.uk/vol1/fastq/ERR142/071/ERR14211571/ERR14211571_2.fastq.gz,,mmapbench
seqinspector_0027_ERR14211537,https://ftp.sra.ebi.ac.uk/vol1/fastq/ERR142/037/ERR14211537/ERR14211537_1.fastq.gz,https://ftp.sra.ebi.ac.uk/vol1/fastq/ERR142/037/ERR14211537/ERR14211537_2.fastq.gz,,mmapbench
seqinspector_0028_ERR13061361,https://ftp.sra.ebi.ac.uk/vol1/fastq/ERR130/061/ERR13061361/ERR13061361_1.fastq.gz,https://ftp.sra.ebi.ac.uk/vol1/fastq/ERR130/061/ERR13061361/ERR13061361_2.fastq.gz,,mmapbench
seqinspector_0029_ERR4161312,https://ftp.sra.ebi.ac.uk/vol1/fastq/ERR416/002/ERR4161312/ERR4161312_1.fastq.gz,https://ftp.sra.ebi.ac.uk/vol1/fastq/ERR416/002/ERR4161312/ERR4161312_2.fastq.gz,,mmapbench
seqinspector_0030_ERR13187916,https://ftp.sra.ebi.ac.uk/vol1/fastq/ERR131/016/ERR13187916/ERR13187916_1.fastq.gz,https://ftp.sra.ebi.ac.uk/vol1/fastq/ERR131/016/ERR13187916/ERR13187916_2.fastq.gz,,mmapbench
seqinspector_0031_ERR10749560,https://ftp.sra.ebi.ac.uk/vol1/fastq/ERR107/060/ERR10749560/ERR10749560_1.fastq.gz,https://ftp.sra.ebi.ac.uk/vol1/fastq/ERR107/060/ERR10749560/ERR10749560_2.fastq.gz,,mmapbench
seqinspector_0032_ERR16908681,https://ftp.sra.ebi.ac.uk/vol1/fastq/ERR169/081/ERR16908681/ERR16908681_1.fastq.gz,https://ftp.sra.ebi.ac.uk/vol1/fastq/ERR169/081/ERR16908681/ERR16908681_2.fastq.gz,,mmapbench
seqinspector_0033_ERR14946096,https://ftp.sra.ebi.ac.uk/vol1/fastq/ERR149/096/ERR14946096/ERR14946096_1.fastq.gz,https://ftp.sra.ebi.ac.uk/vol1/fastq/ERR149/096/ERR14946096/ERR14946096_2.fastq.gz,,mmapbench
seqinspector_0034_ERR4161381,https://ftp.sra.ebi.ac.uk/vol1/fastq/ERR416/001/ERR4161381/ERR4161381_1.fastq.gz,https://ftp.sra.ebi.ac.uk/vol1/fastq/ERR416/001/ERR4161381/ERR4161381_2.fastq.gz,,mmapbench
seqinspector_0035_ERR14195467,https://ftp.sra.ebi.ac.uk/vol1/fastq/ERR141/067/ERR14195467/ERR14195467_1.fastq.gz,https://ftp.sra.ebi.ac.uk/vol1/fastq/ERR141/067/ERR14195467/ERR14195467_2.fastq.gz,,mmapbench
seqinspector_0036_ERR12219515,https://ftp.sra.ebi.ac.uk/vol1/fastq/ERR122/015/ERR12219515/ERR12219515_1.fastq.gz,https://ftp.sra.ebi.ac.uk/vol1/fastq/ERR122/015/ERR12219515/ERR12219515_2.fastq.gz,,mmapbench
seqinspector_0037_DRR735311,https://ftp.sra.ebi.ac.uk/vol1/fastq/DRR735/DRR735311/DRR735311_1.fastq.gz,https://ftp.sra.ebi.ac.uk/vol1/fastq/DRR735/DRR735311/DRR735311_2.fastq.gz,,mmapbench
seqinspector_0038_ERR3955300,https://ftp.sra.ebi.ac.uk/vol1/fastq/ERR395/000/ERR3955300/ERR3955300_1.fastq.gz,https://ftp.sra.ebi.ac.uk/vol1/fastq/ERR395/000/ERR3955300/ERR3955300_2.fastq.gz,,mmapbench
seqinspector_0039_ERR4407588,https://ftp.sra.ebi.ac.uk/vol1/fastq/ERR440/008/ERR4407588/ERR4407588_1.fastq.gz,https://ftp.sra.ebi.ac.uk/vol1/fastq/ERR440/008/ERR4407588/ERR4407588_2.fastq.gz,,mmapbench
seqinspector_0040_ERR14194809,https://ftp.sra.ebi.ac.uk/vol1/fastq/ERR141/009/ERR14194809/ERR14194809_1.fastq.gz,https://ftp.sra.ebi.ac.uk/vol1/fastq/ERR141/009/ERR14194809/ERR14194809_2.fastq.gz,,mmapbench
seqinspector_0041_ERR11627212,https://ftp.sra.ebi.ac.uk/vol1/fastq/ERR116/012/ERR11627212/ERR11627212_1.fastq.gz,https://ftp.sra.ebi.ac.uk/vol1/fastq/ERR116/012/ERR11627212/ERR11627212_2.fastq.gz,,mmapbench
seqinspector_0042_ERR2244512,https://ftp.sra.ebi.ac.uk/vol1/fastq/ERR224/002/ERR2244512/ERR2244512_1.fastq.gz,https://ftp.sra.ebi.ac.uk/vol1/fastq/ERR224/002/ERR2244512/ERR2244512_2.fastq.gz,,mmapbench
seqinspector_0043_ERR10897645,https://ftp.sra.ebi.ac.uk/vol1/fastq/ERR108/045/ERR10897645/ERR10897645_1.fastq.gz,https://ftp.sra.ebi.ac.uk/vol1/fastq/ERR108/045/ERR10897645/ERR10897645_2.fastq.gz,,mmapbench
seqinspector_0044_DRR735070,https://ftp.sra.ebi.ac.uk/vol1/fastq/DRR735/DRR735070/DRR735070_1.fastq.gz,https://ftp.sra.ebi.ac.uk/vol1/fastq/DRR735/DRR735070/DRR735070_2.fastq.gz,,mmapbench
seqinspector_0045_ERR12217834,https://ftp.sra.ebi.ac.uk/vol1/fastq/ERR122/034/ERR12217834/ERR12217834_1.fastq.gz,https://ftp.sra.ebi.ac.uk/vol1/fastq/ERR122/034/ERR12217834/ERR12217834_2.fastq.gz,,mmapbench
seqinspector_0046_ERR3769630,https://ftp.sra.ebi.ac.uk/vol1/fastq/ERR376/000/ERR3769630/ERR3769630_1.fastq.gz,https://ftp.sra.ebi.ac.uk/vol1/fastq/ERR376/000/ERR3769630/ERR3769630_2.fastq.gz,,mmapbench
seqinspector_0047_ERR14854467,https://ftp.sra.ebi.ac.uk/vol1/fastq/ERR148/067/ERR14854467/ERR14854467_1.fastq.gz,https://ftp.sra.ebi.ac.uk/vol1/fastq/ERR148/067/ERR14854467/ERR14854467_2.fastq.gz,,mmapbench
seqinspector_0048_ERR3903906,https://ftp.sra.ebi.ac.uk/vol1/fastq/ERR390/006/ERR3903906/ERR3903906_1.fastq.gz,https://ftp.sra.ebi.ac.uk/vol1/fastq/ERR390/006/ERR3903906/ERR3903906_2.fastq.gz,,mmapbench
seqinspector_0049_ERR3682708,https://ftp.sra.ebi.ac.uk/vol1/fastq/ERR368/008/ERR3682708/ERR3682708_1.fastq.gz,https://ftp.sra.ebi.ac.uk/vol1/fastq/ERR368/008/ERR3682708/ERR3682708_2.fastq.gz,,mmapbench
seqinspector_0050_DRR1030109,https://ftp.sra.ebi.ac.uk/vol1/fastq/DRR103/009/DRR1030109/DRR1030109_1.fastq.gz,https://ftp.sra.ebi.ac.uk/vol1/fastq/DRR103/009/DRR1030109/DRR1030109_2.fastq.gz,,mmapbench
seqinspector_0051_ERR11627282,https://ftp.sra.ebi.ac.uk/vol1/fastq/ERR116/082/ERR11627282/ERR11627282_1.fastq.gz,https://ftp.sra.ebi.ac.uk/vol1/fastq/ERR116/082/ERR11627282/ERR11627282_2.fastq.gz,,mmapbench
seqinspector_0052_ERR2728758,https://ftp.sra.ebi.ac.uk/vol1/fastq/ERR272/008/ERR2728758/ERR2728758_1.fastq.gz,https://ftp.sra.ebi.ac.uk/vol1/fastq/ERR272/008/ERR2728758/ERR2728758_2.fastq.gz,,mmapbench
seqinspector_0053_ERR4503261,https://ftp.sra.ebi.ac.uk/vol1/fastq/ERR450/001/ERR4503261/ERR4503261_1.fastq.gz,https://ftp.sra.ebi.ac.uk/vol1/fastq/ERR450/001/ERR4503261/ERR4503261_2.fastq.gz,,mmapbench
seqinspector_0054_ERR4503232,https://ftp.sra.ebi.ac.uk/vol1/fastq/ERR450/002/ERR4503232/ERR4503232_1.fastq.gz,https://ftp.sra.ebi.ac.uk/vol1/fastq/ERR450/002/ERR4503232/ERR4503232_2.fastq.gz,,mmapbench
seqinspector_0055_ERR3832226,https://ftp.sra.ebi.ac.uk/vol1/fastq/ERR383/006/ERR3832226/ERR3832226_1.fastq.gz,https://ftp.sra.ebi.ac.uk/vol1/fastq/ERR383/006/ERR3832226/ERR3832226_2.fastq.gz,,mmapbench
seqinspector_0056_ERR15114805,https://ftp.sra.ebi.ac.uk/vol1/fastq/ERR151/005/ERR15114805/ERR15114805_1.fastq.gz,https://ftp.sra.ebi.ac.uk/vol1/fastq/ERR151/005/ERR15114805/ERR15114805_2.fastq.gz,,mmapbench
seqinspector_0057_ERR14927655,https://ftp.sra.ebi.ac.uk/vol1/fastq/ERR149/055/ERR14927655/ERR14927655_1.fastq.gz,https://ftp.sra.ebi.ac.uk/vol1/fastq/ERR149/055/ERR14927655/ERR14927655_2.fastq.gz,,mmapbench
seqinspector_0058_DRR735701,https://ftp.sra.ebi.ac.uk/vol1/fastq/DRR735/DRR735701/DRR735701_1.fastq.gz,https://ftp.sra.ebi.ac.uk/vol1/fastq/DRR735/DRR735701/DRR735701_2.fastq.gz,,mmapbench
seqinspector_0059_ERR13910968,https://ftp.sra.ebi.ac.uk/vol1/fastq/ERR139/068/ERR13910968/ERR13910968_1.fastq.gz,https://ftp.sra.ebi.ac.uk/vol1/fastq/ERR139/068/ERR13910968/ERR13910968_2.fastq.gz,,mmapbench
seqinspector_0060_ERR2244502,https://ftp.sra.ebi.ac.uk/vol1/fastq/ERR224/002/ERR2244502/ERR2244502_1.fastq.gz,https://ftp.sra.ebi.ac.uk/vol1/fastq/ERR224/002/ERR2244502/ERR2244502_2.fastq.gz,,mmapbench
seqinspector_0061_DRR735549,https://ftp.sra.ebi.ac.uk/vol1/fastq/DRR735/DRR735549/DRR735549_1.fastq.gz,https://ftp.sra.ebi.ac.uk/vol1/fastq/DRR735/DRR735549/DRR735549_2.fastq.gz,,mmapbench
seqinspector_0062_DRR768890,https://ftp.sra.ebi.ac.uk/vol1/fastq/DRR768/DRR768890/DRR768890_1.fastq.gz,https://ftp.sra.ebi.ac.uk/vol1/fastq/DRR768/DRR768890/DRR768890_2.fastq.gz,,mmapbench
seqinspector_0063_ERR14211752,https://ftp.sra.ebi.ac.uk/vol1/fastq/ERR142/052/ERR14211752/ERR14211752_1.fastq.gz,https://ftp.sra.ebi.ac.uk/vol1/fastq/ERR142/052/ERR14211752/ERR14211752_2.fastq.gz,,mmapbench
seqinspector_0064_ERR14195606,https://ftp.sra.ebi.ac.uk/vol1/fastq/ERR141/006/ERR14195606/ERR14195606_1.fastq.gz,https://ftp.sra.ebi.ac.uk/vol1/fastq/ERR141/006/ERR14195606/ERR14195606_2.fastq.gz,,mmapbench
seqinspector_0065_ERR10749652,https://ftp.sra.ebi.ac.uk/vol1/fastq/ERR107/052/ERR10749652/ERR10749652_1.fastq.gz,https://ftp.sra.ebi.ac.uk/vol1/fastq/ERR107/052/ERR10749652/ERR10749652_2.fastq.gz,,mmapbench
seqinspector_0066_ERR16712446,https://ftp.sra.ebi.ac.uk/vol1/fastq/ERR167/046/ERR16712446/ERR16712446_1.fastq.gz,https://ftp.sra.ebi.ac.uk/vol1/fastq/ERR167/046/ERR16712446/ERR16712446_2.fastq.gz,,mmapbench
seqinspector_0067_ERR14194987,https://ftp.sra.ebi.ac.uk/vol1/fastq/ERR141/087/ERR14194987/ERR14194987_1.fastq.gz,https://ftp.sra.ebi.ac.uk/vol1/fastq/ERR141/087/ERR14194987/ERR14194987_2.fastq.gz,,mmapbench
seqinspector_0068_DRR737881,https://ftp.sra.ebi.ac.uk/vol1/fastq/DRR737/DRR737881/DRR737881_1.fastq.gz,https://ftp.sra.ebi.ac.uk/vol1/fastq/DRR737/DRR737881/DRR737881_2.fastq.gz,,mmapbench
seqinspector_0069_ERR11627268,https://ftp.sra.ebi.ac.uk/vol1/fastq/ERR116/068/ERR11627268/ERR11627268_1.fastq.gz,https://ftp.sra.ebi.ac.uk/vol1/fastq/ERR116/068/ERR11627268/ERR11627268_2.fastq.gz,,mmapbench
seqinspector_0070_ERR1727766,https://ftp.sra.ebi.ac.uk/vol1/fastq/ERR172/006/ERR1727766/ERR1727766_1.fastq.gz,https://ftp.sra.ebi.ac.uk/vol1/fastq/ERR172/006/ERR1727766/ERR1727766_2.fastq.gz,,mmapbench
seqinspector_0071_ERR2728823,https://ftp.sra.ebi.ac.uk/vol1/fastq/ERR272/003/ERR2728823/ERR2728823_1.fastq.gz,https://ftp.sra.ebi.ac.uk/vol1/fastq/ERR272/003/ERR2728823/ERR2728823_2.fastq.gz,,mmapbench
seqinspector_0072_ERR4502298,https://ftp.sra.ebi.ac.uk/vol1/fastq/ERR450/008/ERR4502298/ERR4502298_1.fastq.gz,https://ftp.sra.ebi.ac.uk/vol1/fastq/ERR450/008/ERR4502298/ERR4502298_2.fastq.gz,,mmapbench
seqinspector_0073_DRR735693,https://ftp.sra.ebi.ac.uk/vol1/fastq/DRR735/DRR735693/DRR735693_1.fastq.gz,https://ftp.sra.ebi.ac.uk/vol1/fastq/DRR735/DRR735693/DRR735693_2.fastq.gz,,mmapbench
seqinspector_0074_ERR2728814,https://ftp.sra.ebi.ac.uk/vol1/fastq/ERR272/004/ERR2728814/ERR2728814_1.fastq.gz,https://ftp.sra.ebi.ac.uk/vol1/fastq/ERR272/004/ERR2728814/ERR2728814_2.fastq.gz,,mmapbench
seqinspector_0075_ERR2728819,https://ftp.sra.ebi.ac.uk/vol1/fastq/ERR272/009/ERR2728819/ERR2728819_1.fastq.gz,https://ftp.sra.ebi.ac.uk/vol1/fastq/ERR272/009/ERR2728819/ERR2728819_2.fastq.gz,,mmapbench
seqinspector_0076_DRR855805,https://ftp.sra.ebi.ac.uk/vol1/fastq/DRR855/DRR855805/DRR855805_1.fastq.gz,https://ftp.sra.ebi.ac.uk/vol1/fastq/DRR855/DRR855805/DRR855805_2.fastq.gz,,mmapbench
seqinspector_0077_ERR12717981,https://ftp.sra.ebi.ac.uk/vol1/fastq/ERR127/081/ERR12717981/ERR12717981_1.fastq.gz,https://ftp.sra.ebi.ac.uk/vol1/fastq/ERR127/081/ERR12717981/ERR12717981_2.fastq.gz,,mmapbench
seqinspector_0078_ERR14211856,https://ftp.sra.ebi.ac.uk/vol1/fastq/ERR142/056/ERR14211856/ERR14211856_1.fastq.gz,https://ftp.sra.ebi.ac.uk/vol1/fastq/ERR142/056/ERR14211856/ERR14211856_2.fastq.gz,,mmapbench
seqinspector_0079_ERR13061351,https://ftp.sra.ebi.ac.uk/vol1/fastq/ERR130/051/ERR13061351/ERR13061351_1.fastq.gz,https://ftp.sra.ebi.ac.uk/vol1/fastq/ERR130/051/ERR13061351/ERR13061351_2.fastq.gz,,mmapbench
seqinspector_0080_ERR17272765,https://ftp.sra.ebi.ac.uk/vol1/fastq/ERR172/065/ERR17272765/ERR17272765_1.fastq.gz,https://ftp.sra.ebi.ac.uk/vol1/fastq/ERR172/065/ERR17272765/ERR17272765_2.fastq.gz,,mmapbench
seqinspector_0081_ERR13337433,https://ftp.sra.ebi.ac.uk/vol1/fastq/ERR133/033/ERR13337433/ERR13337433_1.fastq.gz,https://ftp.sra.ebi.ac.uk/vol1/fastq/ERR133/033/ERR13337433/ERR13337433_2.fastq.gz,,mmapbench
seqinspector_0082_ERR16010780,https://ftp.sra.ebi.ac.uk/vol1/fastq/ERR160/080/ERR16010780/ERR16010780_1.fastq.gz,https://ftp.sra.ebi.ac.uk/vol1/fastq/ERR160/080/ERR16010780/ERR16010780_2.fastq.gz,,mmapbench
seqinspector_0083_DRR735081,https://ftp.sra.ebi.ac.uk/vol1/fastq/DRR735/DRR735081/DRR735081_1.fastq.gz,https://ftp.sra.ebi.ac.uk/vol1/fastq/DRR735/DRR735081/DRR735081_2.fastq.gz,,mmapbench
seqinspector_0084_ERR11627226,https://ftp.sra.ebi.ac.uk/vol1/fastq/ERR116/026/ERR11627226/ERR11627226_1.fastq.gz,https://ftp.sra.ebi.ac.uk/vol1/fastq/ERR116/026/ERR11627226/ERR11627226_2.fastq.gz,,mmapbench
seqinspector_0085_ERR14722210,https://ftp.sra.ebi.ac.uk/vol1/fastq/ERR147/010/ERR14722210/ERR14722210_1.fastq.gz,https://ftp.sra.ebi.ac.uk/vol1/fastq/ERR147/010/ERR14722210/ERR14722210_2.fastq.gz,,mmapbench
seqinspector_0086_ERR12555857,https://ftp.sra.ebi.ac.uk/vol1/fastq/ERR125/057/ERR12555857/ERR12555857_1.fastq.gz,https://ftp.sra.ebi.ac.uk/vol1/fastq/ERR125/057/ERR12555857/ERR12555857_2.fastq.gz,,mmapbench
seqinspector_0087_ERR3903910,https://ftp.sra.ebi.ac.uk/vol1/fastq/ERR390/000/ERR3903910/ERR3903910_1.fastq.gz,https://ftp.sra.ebi.ac.uk/vol1/fastq/ERR390/000/ERR3903910/ERR3903910_2.fastq.gz,,mmapbench
seqinspector_0088_ERR14195694,https://ftp.sra.ebi.ac.uk/vol1/fastq/ERR141/094/ERR14195694/ERR14195694_1.fastq.gz,https://ftp.sra.ebi.ac.uk/vol1/fastq/ERR141/094/ERR14195694/ERR14195694_2.fastq.gz,,mmapbench
seqinspector_0089_ERR14211840,https://ftp.sra.ebi.ac.uk/vol1/fastq/ERR142/040/ERR14211840/ERR14211840_1.fastq.gz,https://ftp.sra.ebi.ac.uk/vol1/fastq/ERR142/040/ERR14211840/ERR14211840_2.fastq.gz,,mmapbench
seqinspector_0090_ERR14195290,https://ftp.sra.ebi.ac.uk/vol1/fastq/ERR141/090/ERR14195290/ERR14195290_1.fastq.gz,https://ftp.sra.ebi.ac.uk/vol1/fastq/ERR141/090/ERR14195290/ERR14195290_2.fastq.gz,,mmapbench
seqinspector_0091_ERR4181517,https://ftp.sra.ebi.ac.uk/vol1/fastq/ERR418/007/ERR4181517/ERR4181517_1.fastq.gz,https://ftp.sra.ebi.ac.uk/vol1/fastq/ERR418/007/ERR4181517/ERR4181517_2.fastq.gz,,mmapbench
seqinspector_0092_ERR15136037,https://ftp.sra.ebi.ac.uk/vol1/fastq/ERR151/037/ERR15136037/ERR15136037_1.fastq.gz,https://ftp.sra.ebi.ac.uk/vol1/fastq/ERR151/037/ERR15136037/ERR15136037_2.fastq.gz,,mmapbench
seqinspector_0093_ERR14802390,https://ftp.sra.ebi.ac.uk/vol1/fastq/ERR148/090/ERR14802390/ERR14802390_1.fastq.gz,https://ftp.sra.ebi.ac.uk/vol1/fastq/ERR148/090/ERR14802390/ERR14802390_2.fastq.gz,,mmapbench
seqinspector_0094_ERR16707732,https://ftp.sra.ebi.ac.uk/vol1/fastq/ERR167/032/ERR16707732/ERR16707732_1.fastq.gz,https://ftp.sra.ebi.ac.uk/vol1/fastq/ERR167/032/ERR16707732/ERR16707732_2.fastq.gz,,mmapbench
seqinspector_0095_ERR12220357,https://ftp.sra.ebi.ac.uk/vol1/fastq/ERR122/057/ERR12220357/ERR12220357_1.fastq.gz,https://ftp.sra.ebi.ac.uk/vol1/fastq/ERR122/057/ERR12220357/ERR12220357_2.fastq.gz,,mmapbench
seqinspector_0096_DRR855804,https://ftp.sra.ebi.ac.uk/vol1/fastq/DRR855/DRR855804/DRR855804_1.fastq.gz,https://ftp.sra.ebi.ac.uk/vol1/fastq/DRR855/DRR855804/DRR855804_2.fastq.gz,,mmapbench
seqinspector_0097_ERR2728837,https://ftp.sra.ebi.ac.uk/vol1/fastq/ERR272/007/ERR2728837/ERR2728837_1.fastq.gz,https://ftp.sra.ebi.ac.uk/vol1/fastq/ERR272/007/ERR2728837/ERR2728837_2.fastq.gz,,mmapbench
seqinspector_0098_DRR735710,https://ftp.sra.ebi.ac.uk/vol1/fastq/DRR735/DRR735710/DRR735710_1.fastq.gz,https://ftp.sra.ebi.ac.uk/vol1/fastq/DRR735/DRR735710/DRR735710_2.fastq.gz,,mmapbench
seqinspector_0099_DRR735074,https://ftp.sra.ebi.ac.uk/vol1/fastq/DRR735/DRR735074/DRR735074_1.fastq.gz,https://ftp.sra.ebi.ac.uk/vol1/fastq/DRR735/DRR735074/DRR735074_2.fastq.gz,,mmapbench
seqinspector_0100_ERR12555515,https://ftp.sra.ebi.ac.uk/vol1/fastq/ERR125/015/ERR12555515/ERR12555515_1.fastq.gz,https://ftp.sra.ebi.ac.uk/vol1/fastq/ERR125/015/ERR12555515/ERR12555515_2.fastq.gz,,mmapbench
seqinspector_0101_DRR771743,https://ftp.sra.ebi.ac.uk/vol1/fastq/DRR771/DRR771743/DRR771743_1.fastq.gz,https://ftp.sra.ebi.ac.uk/vol1/fastq/DRR771/DRR771743/DRR771743_2.fastq.gz,,mmapbench
seqinspector_0102_ERR16908609,https://ftp.sra.ebi.ac.uk/vol1/fastq/ERR169/009/ERR16908609/ERR16908609_1.fastq.gz,https://ftp.sra.ebi.ac.uk/vol1/fastq/ERR169/009/ERR16908609/ERR16908609_2.fastq.gz,,mmapbench
seqinspector_0103_ERR10749726,https://ftp.sra.ebi.ac.uk/vol1/fastq/ERR107/026/ERR10749726/ERR10749726_1.fastq.gz,https://ftp.sra.ebi.ac.uk/vol1/fastq/ERR107/026/ERR10749726/ERR10749726_2.fastq.gz,,mmapbench
seqinspector_0104_ERR4502688,https://ftp.sra.ebi.ac.uk/vol1/fastq/ERR450/008/ERR4502688/ERR4502688_1.fastq.gz,https://ftp.sra.ebi.ac.uk/vol1/fastq/ERR450/008/ERR4502688/ERR4502688_2.fastq.gz,,mmapbench
seqinspector_0105_DRR737866,https://ftp.sra.ebi.ac.uk/vol1/fastq/DRR737/DRR737866/DRR737866_1.fastq.gz,https://ftp.sra.ebi.ac.uk/vol1/fastq/DRR737/DRR737866/DRR737866_2.fastq.gz,,mmapbench
seqinspector_0106_DRR855809,https://ftp.sra.ebi.ac.uk/vol1/fastq/DRR855/DRR855809/DRR855809_1.fastq.gz,https://ftp.sra.ebi.ac.uk/vol1/fastq/DRR855/DRR855809/DRR855809_2.fastq.gz,,mmapbench
seqinspector_0107_ERR14195440,https://ftp.sra.ebi.ac.uk/vol1/fastq/ERR141/040/ERR14195440/ERR14195440_1.fastq.gz,https://ftp.sra.ebi.ac.uk/vol1/fastq/ERR141/040/ERR14195440/ERR14195440_2.fastq.gz,,mmapbench
seqinspector_0108_ERR14194794,https://ftp.sra.ebi.ac.uk/vol1/fastq/ERR141/094/ERR14194794/ERR14194794_1.fastq.gz,https://ftp.sra.ebi.ac.uk/vol1/fastq/ERR141/094/ERR14194794/ERR14194794_2.fastq.gz,,mmapbench
seqinspector_0109_DRR735679,https://ftp.sra.ebi.ac.uk/vol1/fastq/DRR735/DRR735679/DRR735679_1.fastq.gz,https://ftp.sra.ebi.ac.uk/vol1/fastq/DRR735/DRR735679/DRR735679_2.fastq.gz,,mmapbench
seqinspector_0110_ERR15114945,https://ftp.sra.ebi.ac.uk/vol1/fastq/ERR151/045/ERR15114945/ERR15114945_1.fastq.gz,https://ftp.sra.ebi.ac.uk/vol1/fastq/ERR151/045/ERR15114945/ERR15114945_2.fastq.gz,,mmapbench
seqinspector_0111_DRR735199,https://ftp.sra.ebi.ac.uk/vol1/fastq/DRR735/DRR735199/DRR735199_1.fastq.gz,https://ftp.sra.ebi.ac.uk/vol1/fastq/DRR735/DRR735199/DRR735199_2.fastq.gz,,mmapbench
seqinspector_0112_ERR2756779,https://ftp.sra.ebi.ac.uk/vol1/fastq/ERR275/009/ERR2756779/ERR2756779_1.fastq.gz,https://ftp.sra.ebi.ac.uk/vol1/fastq/ERR275/009/ERR2756779/ERR2756779_2.fastq.gz,,mmapbench
seqinspector_0113_DRR855802,https://ftp.sra.ebi.ac.uk/vol1/fastq/DRR855/DRR855802/DRR855802_1.fastq.gz,https://ftp.sra.ebi.ac.uk/vol1/fastq/DRR855/DRR855802/DRR855802_2.fastq.gz,,mmapbench
seqinspector_0114_ERR13061437,https://ftp.sra.ebi.ac.uk/vol1/fastq/ERR130/037/ERR13061437/ERR13061437_1.fastq.gz,https://ftp.sra.ebi.ac.uk/vol1/fastq/ERR130/037/ERR13061437/ERR13061437_2.fastq.gz,,mmapbench
seqinspector_0115_DRR735357,https://ftp.sra.ebi.ac.uk/vol1/fastq/DRR735/DRR735357/DRR735357_1.fastq.gz,https://ftp.sra.ebi.ac.uk/vol1/fastq/DRR735/DRR735357/DRR735357_2.fastq.gz,,mmapbench
seqinspector_0116_ERR11627449,https://ftp.sra.ebi.ac.uk/vol1/fastq/ERR116/049/ERR11627449/ERR11627449_1.fastq.gz,https://ftp.sra.ebi.ac.uk/vol1/fastq/ERR116/049/ERR11627449/ERR11627449_2.fastq.gz,,mmapbench
seqinspector_0117_ERR10394930,https://ftp.sra.ebi.ac.uk/vol1/fastq/ERR103/030/ERR10394930/ERR10394930_1.fastq.gz,https://ftp.sra.ebi.ac.uk/vol1/fastq/ERR103/030/ERR10394930/ERR10394930_2.fastq.gz,,mmapbench
seqinspector_0118_ERR13061385,https://ftp.sra.ebi.ac.uk/vol1/fastq/ERR130/085/ERR13061385/ERR13061385_1.fastq.gz,https://ftp.sra.ebi.ac.uk/vol1/fastq/ERR130/085/ERR13061385/ERR13061385_2.fastq.gz,,mmapbench
seqinspector_0119_DRR735089,https://ftp.sra.ebi.ac.uk/vol1/fastq/DRR735/DRR735089/DRR735089_1.fastq.gz,https://ftp.sra.ebi.ac.uk/vol1/fastq/DRR735/DRR735089/DRR735089_2.fastq.gz,,mmapbench
seqinspector_0120_ERR10749530,https://ftp.sra.ebi.ac.uk/vol1/fastq/ERR107/030/ERR10749530/ERR10749530_1.fastq.gz,https://ftp.sra.ebi.ac.uk/vol1/fastq/ERR107/030/ERR10749530/ERR10749530_2.fastq.gz,,mmapbench
seqinspector_0121_ERR12218400,https://ftp.sra.ebi.ac.uk/vol1/fastq/ERR122/000/ERR12218400/ERR12218400_1.fastq.gz,https://ftp.sra.ebi.ac.uk/vol1/fastq/ERR122/000/ERR12218400/ERR12218400_2.fastq.gz,,mmapbench
seqinspector_0122_DRR735465,https://ftp.sra.ebi.ac.uk/vol1/fastq/DRR735/DRR735465/DRR735465_1.fastq.gz,https://ftp.sra.ebi.ac.uk/vol1/fastq/DRR735/DRR735465/DRR735465_2.fastq.gz,,mmapbench
seqinspector_0123_ERR4502477,https://ftp.sra.ebi.ac.uk/vol1/fastq/ERR450/007/ERR4502477/ERR4502477_1.fastq.gz,https://ftp.sra.ebi.ac.uk/vol1/fastq/ERR450/007/ERR4502477/ERR4502477_2.fastq.gz,,mmapbench
seqinspector_0124_ERR14946183,https://ftp.sra.ebi.ac.uk/vol1/fastq/ERR149/083/ERR14946183/ERR14946183_1.fastq.gz,https://ftp.sra.ebi.ac.uk/vol1/fastq/ERR149/083/ERR14946183/ERR14946183_2.fastq.gz,,mmapbench
seqinspector_0125_ERR4503270,https://ftp.sra.ebi.ac.uk/vol1/fastq/ERR450/000/ERR4503270/ERR4503270_1.fastq.gz,https://ftp.sra.ebi.ac.uk/vol1/fastq/ERR450/000/ERR4503270/ERR4503270_2.fastq.gz,,mmapbench
seqinspector_0126_DRR735377,https://ftp.sra.ebi.ac.uk/vol1/fastq/DRR735/DRR735377/DRR735377_1.fastq.gz,https://ftp.sra.ebi.ac.uk/vol1/fastq/DRR735/DRR735377/DRR735377_2.fastq.gz,,mmapbench
seqinspector_0127_ERR12220310,https://ftp.sra.ebi.ac.uk/vol1/fastq/ERR122/010/ERR12220310/ERR12220310_1.fastq.gz,https://ftp.sra.ebi.ac.uk/vol1/fastq/ERR122/010/ERR12220310/ERR12220310_2.fastq.gz,,mmapbench
seqinspector_0128_ERR2728799,https://ftp.sra.ebi.ac.uk/vol1/fastq/ERR272/009/ERR2728799/ERR2728799_1.fastq.gz,https://ftp.sra.ebi.ac.uk/vol1/fastq/ERR272/009/ERR2728799/ERR2728799_2.fastq.gz,,mmapbench
seqinspector_0129_ERR12074347,https://ftp.sra.ebi.ac.uk/vol1/fastq/ERR120/047/ERR12074347/ERR12074347_1.fastq.gz,https://ftp.sra.ebi.ac.uk/vol1/fastq/ERR120/047/ERR12074347/ERR12074347_2.fastq.gz,,mmapbench
seqinspector_0130_ERR12038278,https://ftp.sra.ebi.ac.uk/vol1/fastq/ERR120/078/ERR12038278/ERR12038278_1.fastq.gz,https://ftp.sra.ebi.ac.uk/vol1/fastq/ERR120/078/ERR12038278/ERR12038278_2.fastq.gz,,mmapbench
seqinspector_0131_ERR14210917,https://ftp.sra.ebi.ac.uk/vol1/fastq/ERR142/017/ERR14210917/ERR14210917_1.fastq.gz,https://ftp.sra.ebi.ac.uk/vol1/fastq/ERR142/017/ERR14210917/ERR14210917_2.fastq.gz,,mmapbench
seqinspector_0132_ERR2611593,https://ftp.sra.ebi.ac.uk/vol1/fastq/ERR261/003/ERR2611593/ERR2611593_1.fastq.gz,https://ftp.sra.ebi.ac.uk/vol1/fastq/ERR261/003/ERR2611593/ERR2611593_2.fastq.gz,,mmapbench
seqinspector_0133_DRR735370,https://ftp.sra.ebi.ac.uk/vol1/fastq/DRR735/DRR735370/DRR735370_1.fastq.gz,https://ftp.sra.ebi.ac.uk/vol1/fastq/DRR735/DRR735370/DRR735370_2.fastq.gz,,mmapbench
seqinspector_0134_ERR2863502,https://ftp.sra.ebi.ac.uk/vol1/fastq/ERR286/002/ERR2863502/ERR2863502_1.fastq.gz,https://ftp.sra.ebi.ac.uk/vol1/fastq/ERR286/002/ERR2863502/ERR2863502_2.fastq.gz,,mmapbench
seqinspector_0135_DRR737878,https://ftp.sra.ebi.ac.uk/vol1/fastq/DRR737/DRR737878/DRR737878_1.fastq.gz,https://ftp.sra.ebi.ac.uk/vol1/fastq/DRR737/DRR737878/DRR737878_2.fastq.gz,,mmapbench
seqinspector_0136_ERR2169033,https://ftp.sra.ebi.ac.uk/vol1/fastq/ERR216/003/ERR2169033/ERR2169033_1.fastq.gz,https://ftp.sra.ebi.ac.uk/vol1/fastq/ERR216/003/ERR2169033/ERR2169033_2.fastq.gz,,mmapbench
seqinspector_0137_ERR2728815,https://ftp.sra.ebi.ac.uk/vol1/fastq/ERR272/005/ERR2728815/ERR2728815_1.fastq.gz,https://ftp.sra.ebi.ac.uk/vol1/fastq/ERR272/005/ERR2728815/ERR2728815_2.fastq.gz,,mmapbench
seqinspector_0138_ERR14195591,https://ftp.sra.ebi.ac.uk/vol1/fastq/ERR141/091/ERR14195591/ERR14195591_1.fastq.gz,https://ftp.sra.ebi.ac.uk/vol1/fastq/ERR141/091/ERR14195591/ERR14195591_2.fastq.gz,,mmapbench
seqinspector_0139_ERR2728771,https://ftp.sra.ebi.ac.uk/vol1/fastq/ERR272/001/ERR2728771/ERR2728771_1.fastq.gz,https://ftp.sra.ebi.ac.uk/vol1/fastq/ERR272/001/ERR2728771/ERR2728771_2.fastq.gz,,mmapbench
seqinspector_0140_DRR735432,https://ftp.sra.ebi.ac.uk/vol1/fastq/DRR735/DRR735432/DRR735432_1.fastq.gz,https://ftp.sra.ebi.ac.uk/vol1/fastq/DRR735/DRR735432/DRR735432_2.fastq.gz,,mmapbench
seqinspector_0141_ERR2728813,https://ftp.sra.ebi.ac.uk/vol1/fastq/ERR272/003/ERR2728813/ERR2728813_1.fastq.gz,https://ftp.sra.ebi.ac.uk/vol1/fastq/ERR272/003/ERR2728813/ERR2728813_2.fastq.gz,,mmapbench
seqinspector_0142_ERR15315377,https://ftp.sra.ebi.ac.uk/vol1/fastq/ERR153/077/ERR15315377/ERR15315377_1.fastq.gz,https://ftp.sra.ebi.ac.uk/vol1/fastq/ERR153/077/ERR15315377/ERR15315377_2.fastq.gz,,mmapbench
seqinspector_0143_ERR11627271,https://ftp.sra.ebi.ac.uk/vol1/fastq/ERR116/071/ERR11627271/ERR11627271_1.fastq.gz,https://ftp.sra.ebi.ac.uk/vol1/fastq/ERR116/071/ERR11627271/ERR11627271_2.fastq.gz,,mmapbench
seqinspector_0144_ERR16718269,https://ftp.sra.ebi.ac.uk/vol1/fastq/ERR167/069/ERR16718269/ERR16718269_1.fastq.gz,https://ftp.sra.ebi.ac.uk/vol1/fastq/ERR167/069/ERR16718269/ERR16718269_2.fastq.gz,,mmapbench
seqinspector_0145_ERR14802278,https://ftp.sra.ebi.ac.uk/vol1/fastq/ERR148/078/ERR14802278/ERR14802278_1.fastq.gz,https://ftp.sra.ebi.ac.uk/vol1/fastq/ERR148/078/ERR14802278/ERR14802278_2.fastq.gz,,mmapbench
seqinspector_0146_ERR13337430,https://ftp.sra.ebi.ac.uk/vol1/fastq/ERR133/030/ERR13337430/ERR13337430_1.fastq.gz,https://ftp.sra.ebi.ac.uk/vol1/fastq/ERR133/030/ERR13337430/ERR13337430_2.fastq.gz,,mmapbench
seqinspector_0147_ERR11627316,https://ftp.sra.ebi.ac.uk/vol1/fastq/ERR116/016/ERR11627316/ERR11627316_1.fastq.gz,https://ftp.sra.ebi.ac.uk/vol1/fastq/ERR116/016/ERR11627316/ERR11627316_2.fastq.gz,,mmapbench
seqinspector_0148_ERR16024322,https://ftp.sra.ebi.ac.uk/vol1/fastq/ERR160/022/ERR16024322/ERR16024322_1.fastq.gz,https://ftp.sra.ebi.ac.uk/vol1/fastq/ERR160/022/ERR16024322/ERR16024322_2.fastq.gz,,mmapbench
seqinspector_0149_ERR14195453,https://ftp.sra.ebi.ac.uk/vol1/fastq/ERR141/053/ERR14195453/ERR14195453_1.fastq.gz,https://ftp.sra.ebi.ac.uk/vol1/fastq/ERR141/053/ERR14195453/ERR14195453_2.fastq.gz,,mmapbench
seqinspector_0150_ERR14211599,https://ftp.sra.ebi.ac.uk/vol1/fastq/ERR142/099/ERR14211599/ERR14211599_1.fastq.gz,https://ftp.sra.ebi.ac.uk/vol1/fastq/ERR142/099/ERR14211599/ERR14211599_2.fastq.gz,,mmapbench
seqinspector_0151_ERR11489527,https://ftp.sra.ebi.ac.uk/vol1/fastq/ERR114/027/ERR11489527/ERR11489527_1.fastq.gz,https://ftp.sra.ebi.ac.uk/vol1/fastq/ERR114/027/ERR11489527/ERR11489527_2.fastq.gz,,mmapbench
seqinspector_0152_ERR14708365,https://ftp.sra.ebi.ac.uk/vol1/fastq/ERR147/065/ERR14708365/ERR14708365_1.fastq.gz,https://ftp.sra.ebi.ac.uk/vol1/fastq/ERR147/065/ERR14708365/ERR14708365_2.fastq.gz,,mmapbench
seqinspector_0153_DRR735516,https://ftp.sra.ebi.ac.uk/vol1/fastq/DRR735/DRR735516/DRR735516_1.fastq.gz,https://ftp.sra.ebi.ac.uk/vol1/fastq/DRR735/DRR735516/DRR735516_2.fastq.gz,,mmapbench
seqinspector_0154_DRR735686,https://ftp.sra.ebi.ac.uk/vol1/fastq/DRR735/DRR735686/DRR735686_1.fastq.gz,https://ftp.sra.ebi.ac.uk/vol1/fastq/DRR735/DRR735686/DRR735686_2.fastq.gz,,mmapbench
seqinspector_0155_ERR14953701,https://ftp.sra.ebi.ac.uk/vol1/fastq/ERR149/001/ERR14953701/ERR14953701_1.fastq.gz,https://ftp.sra.ebi.ac.uk/vol1/fastq/ERR149/001/ERR14953701/ERR14953701_2.fastq.gz,,mmapbench
seqinspector_0156_ERR10375477,https://ftp.sra.ebi.ac.uk/vol1/fastq/ERR103/077/ERR10375477/ERR10375477_1.fastq.gz,https://ftp.sra.ebi.ac.uk/vol1/fastq/ERR103/077/ERR10375477/ERR10375477_2.fastq.gz,,mmapbench
seqinspector_0157_ERR2728759,https://ftp.sra.ebi.ac.uk/vol1/fastq/ERR272/009/ERR2728759/ERR2728759_1.fastq.gz,https://ftp.sra.ebi.ac.uk/vol1/fastq/ERR272/009/ERR2728759/ERR2728759_2.fastq.gz,,mmapbench
seqinspector_0158_ERR12038242,https://ftp.sra.ebi.ac.uk/vol1/fastq/ERR120/042/ERR12038242/ERR12038242_1.fastq.gz,https://ftp.sra.ebi.ac.uk/vol1/fastq/ERR120/042/ERR12038242/ERR12038242_2.fastq.gz,,mmapbench
seqinspector_0159_DRR774225,https://ftp.sra.ebi.ac.uk/vol1/fastq/DRR774/DRR774225/DRR774225_1.fastq.gz,https://ftp.sra.ebi.ac.uk/vol1/fastq/DRR774/DRR774225/DRR774225_2.fastq.gz,,mmapbench
seqinspector_0160_DRR774222,https://ftp.sra.ebi.ac.uk/vol1/fastq/DRR774/DRR774222/DRR774222_1.fastq.gz,https://ftp.sra.ebi.ac.uk/vol1/fastq/DRR774/DRR774222/DRR774222_2.fastq.gz,,mmapbench
seqinspector_0161_ERR12218724,https://ftp.sra.ebi.ac.uk/vol1/fastq/ERR122/024/ERR12218724/ERR12218724_1.fastq.gz,https://ftp.sra.ebi.ac.uk/vol1/fastq/ERR122/024/ERR12218724/ERR12218724_2.fastq.gz,,mmapbench
seqinspector_0162_ERR13718817,https://ftp.sra.ebi.ac.uk/vol1/fastq/ERR137/017/ERR13718817/ERR13718817_1.fastq.gz,https://ftp.sra.ebi.ac.uk/vol1/fastq/ERR137/017/ERR13718817/ERR13718817_2.fastq.gz,,mmapbench
seqinspector_0163_ERR11894761,https://ftp.sra.ebi.ac.uk/vol1/fastq/ERR118/061/ERR11894761/ERR11894761_1.fastq.gz,https://ftp.sra.ebi.ac.uk/vol1/fastq/ERR118/061/ERR11894761/ERR11894761_2.fastq.gz,,mmapbench
seqinspector_0164_DRR737854,https://ftp.sra.ebi.ac.uk/vol1/fastq/DRR737/DRR737854/DRR737854_1.fastq.gz,https://ftp.sra.ebi.ac.uk/vol1/fastq/DRR737/DRR737854/DRR737854_2.fastq.gz,,mmapbench
seqinspector_0165_ERR14211003,https://ftp.sra.ebi.ac.uk/vol1/fastq/ERR142/003/ERR14211003/ERR14211003_1.fastq.gz,https://ftp.sra.ebi.ac.uk/vol1/fastq/ERR142/003/ERR14211003/ERR14211003_2.fastq.gz,,mmapbench
seqinspector_0166_ERR3663023,https://ftp.sra.ebi.ac.uk/vol1/fastq/ERR366/003/ERR3663023/ERR3663023_1.fastq.gz,https://ftp.sra.ebi.ac.uk/vol1/fastq/ERR366/003/ERR3663023/ERR3663023_2.fastq.gz,,mmapbench
seqinspector_0167_ERR12220447,https://ftp.sra.ebi.ac.uk/vol1/fastq/ERR122/047/ERR12220447/ERR12220447_1.fastq.gz,https://ftp.sra.ebi.ac.uk/vol1/fastq/ERR122/047/ERR12220447/ERR12220447_2.fastq.gz,,mmapbench
seqinspector_0168_DRR735473,https://ftp.sra.ebi.ac.uk/vol1/fastq/DRR735/DRR735473/DRR735473_1.fastq.gz,https://ftp.sra.ebi.ac.uk/vol1/fastq/DRR735/DRR735473/DRR735473_2.fastq.gz,,mmapbench
seqinspector_0169_ERR4407783,https://ftp.sra.ebi.ac.uk/vol1/fastq/ERR440/003/ERR4407783/ERR4407783_1.fastq.gz,https://ftp.sra.ebi.ac.uk/vol1/fastq/ERR440/003/ERR4407783/ERR4407783_2.fastq.gz,,mmapbench
seqinspector_0170_ERR4503374,https://ftp.sra.ebi.ac.uk/vol1/fastq/ERR450/004/ERR4503374/ERR4503374_1.fastq.gz,https://ftp.sra.ebi.ac.uk/vol1/fastq/ERR450/004/ERR4503374/ERR4503374_2.fastq.gz,,mmapbench
seqinspector_0171_DRR774223,https://ftp.sra.ebi.ac.uk/vol1/fastq/DRR774/DRR774223/DRR774223_1.fastq.gz,https://ftp.sra.ebi.ac.uk/vol1/fastq/DRR774/DRR774223/DRR774223_2.fastq.gz,,mmapbench
seqinspector_0172_ERR14789457,https://ftp.sra.ebi.ac.uk/vol1/fastq/ERR147/057/ERR14789457/ERR14789457_1.fastq.gz,https://ftp.sra.ebi.ac.uk/vol1/fastq/ERR147/057/ERR14789457/ERR14789457_2.fastq.gz,,mmapbench
seqinspector_0173_ERR15646568,https://ftp.sra.ebi.ac.uk/vol1/fastq/ERR156/068/ERR15646568/ERR15646568_1.fastq.gz,https://ftp.sra.ebi.ac.uk/vol1/fastq/ERR156/068/ERR15646568/ERR15646568_2.fastq.gz,,mmapbench
seqinspector_0174_ERR11627312,https://ftp.sra.ebi.ac.uk/vol1/fastq/ERR116/012/ERR11627312/ERR11627312_1.fastq.gz,https://ftp.sra.ebi.ac.uk/vol1/fastq/ERR116/012/ERR11627312/ERR11627312_2.fastq.gz,,mmapbench
seqinspector_0175_ERR12217835,https://ftp.sra.ebi.ac.uk/vol1/fastq/ERR122/035/ERR12217835/ERR12217835_1.fastq.gz,https://ftp.sra.ebi.ac.uk/vol1/fastq/ERR122/035/ERR12217835/ERR12217835_2.fastq.gz,,mmapbench
seqinspector_0176_ERR13317886,https://ftp.sra.ebi.ac.uk/vol1/fastq/ERR133/086/ERR13317886/ERR13317886_1.fastq.gz,https://ftp.sra.ebi.ac.uk/vol1/fastq/ERR133/086/ERR13317886/ERR13317886_2.fastq.gz,,mmapbench
seqinspector_0177_DRR820964,https://ftp.sra.ebi.ac.uk/vol1/fastq/DRR820/DRR820964/DRR820964_1.fastq.gz,https://ftp.sra.ebi.ac.uk/vol1/fastq/DRR820/DRR820964/DRR820964_2.fastq.gz,,mmapbench
seqinspector_0178_ERR4503404,https://ftp.sra.ebi.ac.uk/vol1/fastq/ERR450/004/ERR4503404/ERR4503404_1.fastq.gz,https://ftp.sra.ebi.ac.uk/vol1/fastq/ERR450/004/ERR4503404/ERR4503404_2.fastq.gz,,mmapbench
seqinspector_0179_ERR14783513,https://ftp.sra.ebi.ac.uk/vol1/fastq/ERR147/013/ERR14783513/ERR14783513_1.fastq.gz,https://ftp.sra.ebi.ac.uk/vol1/fastq/ERR147/013/ERR14783513/ERR14783513_2.fastq.gz,,mmapbench
seqinspector_0180_DRR735498,https://ftp.sra.ebi.ac.uk/vol1/fastq/DRR735/DRR735498/DRR735498_1.fastq.gz,https://ftp.sra.ebi.ac.uk/vol1/fastq/DRR735/DRR735498/DRR735498_2.fastq.gz,,mmapbench
seqinspector_0181_ERR16775591,https://ftp.sra.ebi.ac.uk/vol1/fastq/ERR167/091/ERR16775591/ERR16775591_1.fastq.gz,https://ftp.sra.ebi.ac.uk/vol1/fastq/ERR167/091/ERR16775591/ERR16775591_2.fastq.gz,,mmapbench
seqinspector_0182_DRR735099,https://ftp.sra.ebi.ac.uk/vol1/fastq/DRR735/DRR735099/DRR735099_1.fastq.gz,https://ftp.sra.ebi.ac.uk/vol1/fastq/DRR735/DRR735099/DRR735099_2.fastq.gz,,mmapbench
seqinspector_0183_ERR12032953,https://ftp.sra.ebi.ac.uk/vol1/fastq/ERR120/053/ERR12032953/ERR12032953_1.fastq.gz,https://ftp.sra.ebi.ac.uk/vol1/fastq/ERR120/053/ERR12032953/ERR12032953_2.fastq.gz,,mmapbench
seqinspector_0184_ERR14211636,https://ftp.sra.ebi.ac.uk/vol1/fastq/ERR142/036/ERR14211636/ERR14211636_1.fastq.gz,https://ftp.sra.ebi.ac.uk/vol1/fastq/ERR142/036/ERR14211636/ERR14211636_2.fastq.gz,,mmapbench
seqinspector_0185_ERR2182485,https://ftp.sra.ebi.ac.uk/vol1/fastq/ERR218/005/ERR2182485/ERR2182485_1.fastq.gz,https://ftp.sra.ebi.ac.uk/vol1/fastq/ERR218/005/ERR2182485/ERR2182485_2.fastq.gz,,mmapbench
seqinspector_0186_ERR13061359,https://ftp.sra.ebi.ac.uk/vol1/fastq/ERR130/059/ERR13061359/ERR13061359_1.fastq.gz,https://ftp.sra.ebi.ac.uk/vol1/fastq/ERR130/059/ERR13061359/ERR13061359_2.fastq.gz,,mmapbench
seqinspector_0187_ERR10749559,https://ftp.sra.ebi.ac.uk/vol1/fastq/ERR107/059/ERR10749559/ERR10749559_1.fastq.gz,https://ftp.sra.ebi.ac.uk/vol1/fastq/ERR107/059/ERR10749559/ERR10749559_2.fastq.gz,,mmapbench
seqinspector_0188_ERR3956062,https://ftp.sra.ebi.ac.uk/vol1/fastq/ERR395/002/ERR3956062/ERR3956062_1.fastq.gz,https://ftp.sra.ebi.ac.uk/vol1/fastq/ERR395/002/ERR3956062/ERR3956062_2.fastq.gz,,mmapbench
seqinspector_0189_ERR2611592,https://ftp.sra.ebi.ac.uk/vol1/fastq/ERR261/002/ERR2611592/ERR2611592_1.fastq.gz,https://ftp.sra.ebi.ac.uk/vol1/fastq/ERR261/002/ERR2611592/ERR2611592_2.fastq.gz,,mmapbench
seqinspector_0190_ERR16010728,https://ftp.sra.ebi.ac.uk/vol1/fastq/ERR160/028/ERR16010728/ERR16010728_1.fastq.gz,https://ftp.sra.ebi.ac.uk/vol1/fastq/ERR160/028/ERR16010728/ERR16010728_2.fastq.gz,,mmapbench
seqinspector_0191_ERR3955531,https://ftp.sra.ebi.ac.uk/vol1/fastq/ERR395/001/ERR3955531/ERR3955531_1.fastq.gz,https://ftp.sra.ebi.ac.uk/vol1/fastq/ERR395/001/ERR3955531/ERR3955531_2.fastq.gz,,mmapbench
seqinspector_0192_ERR16908658,https://ftp.sra.ebi.ac.uk/vol1/fastq/ERR169/058/ERR16908658/ERR16908658_1.fastq.gz,https://ftp.sra.ebi.ac.uk/vol1/fastq/ERR169/058/ERR16908658/ERR16908658_2.fastq.gz,,mmapbench
seqinspector_0193_ERR14195464,https://ftp.sra.ebi.ac.uk/vol1/fastq/ERR141/064/ERR14195464/ERR14195464_1.fastq.gz,https://ftp.sra.ebi.ac.uk/vol1/fastq/ERR141/064/ERR14195464/ERR14195464_2.fastq.gz,,mmapbench
seqinspector_0194_ERR12812856,https://ftp.sra.ebi.ac.uk/vol1/fastq/ERR128/056/ERR12812856/ERR12812856_1.fastq.gz,https://ftp.sra.ebi.ac.uk/vol1/fastq/ERR128/056/ERR12812856/ERR12812856_2.fastq.gz,,mmapbench
seqinspector_0195_DRR855810,https://ftp.sra.ebi.ac.uk/vol1/fastq/DRR855/DRR855810/DRR855810_1.fastq.gz,https://ftp.sra.ebi.ac.uk/vol1/fastq/DRR855/DRR855810/DRR855810_2.fastq.gz,,mmapbench
seqinspector_0196_DRR817424,https://ftp.sra.ebi.ac.uk/vol1/fastq/DRR817/DRR817424/DRR817424_1.fastq.gz,https://ftp.sra.ebi.ac.uk/vol1/fastq/DRR817/DRR817424/DRR817424_2.fastq.gz,,mmapbench
seqinspector_0197_ERR12217471,https://ftp.sra.ebi.ac.uk/vol1/fastq/ERR122/071/ERR12217471/ERR12217471_1.fastq.gz,https://ftp.sra.ebi.ac.uk/vol1/fastq/ERR122/071/ERR12217471/ERR12217471_2.fastq.gz,,mmapbench
seqinspector_0198_ERR11627190,https://ftp.sra.ebi.ac.uk/vol1/fastq/ERR116/090/ERR11627190/ERR11627190_1.fastq.gz,https://ftp.sra.ebi.ac.uk/vol1/fastq/ERR116/090/ERR11627190/ERR11627190_2.fastq.gz,,mmapbench
seqinspector_0199_ERR14195435,https://ftp.sra.ebi.ac.uk/vol1/fastq/ERR141/035/ERR14195435/ERR14195435_1.fastq.gz,https://ftp.sra.ebi.ac.uk/vol1/fastq/ERR141/035/ERR14195435/ERR14195435_2.fastq.gz,,mmapbench
seqinspector_0200_ERR14211438,https://ftp.sra.ebi.ac.uk/vol1/fastq/ERR142/038/ERR14211438/ERR14211438_1.fastq.gz,https://ftp.sra.ebi.ac.uk/vol1/fastq/ERR142/038/ERR14211438/ERR14211438_2.fastq.gz,,mmapbench
seqinspector_0201_ERR16710221,https://ftp.sra.ebi.ac.uk/vol1/fastq/ERR167/021/ERR16710221/ERR16710221_1.fastq.gz,https://ftp.sra.ebi.ac.uk/vol1/fastq/ERR167/021/ERR16710221/ERR16710221_2.fastq.gz,,mmapbench
seqinspector_0202_ERR4503268,https://ftp.sra.ebi.ac.uk/vol1/fastq/ERR450/008/ERR4503268/ERR4503268_1.fastq.gz,https://ftp.sra.ebi.ac.uk/vol1/fastq/ERR450/008/ERR4503268/ERR4503268_2.fastq.gz,,mmapbench
seqinspector_0203_ERR3769481,https://ftp.sra.ebi.ac.uk/vol1/fastq/ERR376/001/ERR3769481/ERR3769481_1.fastq.gz,https://ftp.sra.ebi.ac.uk/vol1/fastq/ERR376/001/ERR3769481/ERR3769481_2.fastq.gz,,mmapbench
seqinspector_0204_ERR13061464,https://ftp.sra.ebi.ac.uk/vol1/fastq/ERR130/064/ERR13061464/ERR13061464_1.fastq.gz,https://ftp.sra.ebi.ac.uk/vol1/fastq/ERR130/064/ERR13061464/ERR13061464_2.fastq.gz,,mmapbench
seqinspector_0205_ERR14044049,https://ftp.sra.ebi.ac.uk/vol1/fastq/ERR140/049/ERR14044049/ERR14044049_1.fastq.gz,https://ftp.sra.ebi.ac.uk/vol1/fastq/ERR140/049/ERR14044049/ERR14044049_2.fastq.gz,,mmapbench
seqinspector_0206_DRR735080,https://ftp.sra.ebi.ac.uk/vol1/fastq/DRR735/DRR735080/DRR735080_1.fastq.gz,https://ftp.sra.ebi.ac.uk/vol1/fastq/DRR735/DRR735080/DRR735080_2.fastq.gz,,mmapbench
seqinspector_0207_ERR16043809,https://ftp.sra.ebi.ac.uk/vol1/fastq/ERR160/009/ERR16043809/ERR16043809_1.fastq.gz,https://ftp.sra.ebi.ac.uk/vol1/fastq/ERR160/009/ERR16043809/ERR16043809_2.fastq.gz,,mmapbench
seqinspector_0208_ERR14854420,https://ftp.sra.ebi.ac.uk/vol1/fastq/ERR148/020/ERR14854420/ERR14854420_1.fastq.gz,https://ftp.sra.ebi.ac.uk/vol1/fastq/ERR148/020/ERR14854420/ERR14854420_2.fastq.gz,,mmapbench
seqinspector_0209_ERR10170053,https://ftp.sra.ebi.ac.uk/vol1/fastq/ERR101/053/ERR10170053/ERR10170053_1.fastq.gz,https://ftp.sra.ebi.ac.uk/vol1/fastq/ERR101/053/ERR10170053/ERR10170053_2.fastq.gz,,mmapbench
seqinspector_0210_ERR4502469,https://ftp.sra.ebi.ac.uk/vol1/fastq/ERR450/009/ERR4502469/ERR4502469_1.fastq.gz,https://ftp.sra.ebi.ac.uk/vol1/fastq/ERR450/009/ERR4502469/ERR4502469_2.fastq.gz,,mmapbench
seqinspector_0211_DRR735677,https://ftp.sra.ebi.ac.uk/vol1/fastq/DRR735/DRR735677/DRR735677_1.fastq.gz,https://ftp.sra.ebi.ac.uk/vol1/fastq/DRR735/DRR735677/DRR735677_2.fastq.gz,,mmapbench
seqinspector_0212_ERR14789130,https://ftp.sra.ebi.ac.uk/vol1/fastq/ERR147/030/ERR14789130/ERR14789130_1.fastq.gz,https://ftp.sra.ebi.ac.uk/vol1/fastq/ERR147/030/ERR14789130/ERR14789130_2.fastq.gz,,mmapbench
seqinspector_0213_ERR11020022,https://ftp.sra.ebi.ac.uk/vol1/fastq/ERR110/022/ERR11020022/ERR11020022_1.fastq.gz,https://ftp.sra.ebi.ac.uk/vol1/fastq/ERR110/022/ERR11020022/ERR11020022_2.fastq.gz,,mmapbench
seqinspector_0214_ERR14801840,https://ftp.sra.ebi.ac.uk/vol1/fastq/ERR148/040/ERR14801840/ERR14801840_1.fastq.gz,https://ftp.sra.ebi.ac.uk/vol1/fastq/ERR148/040/ERR14801840/ERR14801840_2.fastq.gz,,mmapbench
seqinspector_0215_ERR4503111,https://ftp.sra.ebi.ac.uk/vol1/fastq/ERR450/001/ERR4503111/ERR4503111_1.fastq.gz,https://ftp.sra.ebi.ac.uk/vol1/fastq/ERR450/001/ERR4503111/ERR4503111_2.fastq.gz,,mmapbench
seqinspector_0216_ERR3179958,https://ftp.sra.ebi.ac.uk/vol1/fastq/ERR317/008/ERR3179958/ERR3179958_1.fastq.gz,https://ftp.sra.ebi.ac.uk/vol1/fastq/ERR317/008/ERR3179958/ERR3179958_2.fastq.gz,,mmapbench
seqinspector_0217_ERR2611555,https://ftp.sra.ebi.ac.uk/vol1/fastq/ERR261/005/ERR2611555/ERR2611555_1.fastq.gz,https://ftp.sra.ebi.ac.uk/vol1/fastq/ERR261/005/ERR2611555/ERR2611555_2.fastq.gz,,mmapbench
seqinspector_0218_DRR735085,https://ftp.sra.ebi.ac.uk/vol1/fastq/DRR735/DRR735085/DRR735085_1.fastq.gz,https://ftp.sra.ebi.ac.uk/vol1/fastq/DRR735/DRR735085/DRR735085_2.fastq.gz,,mmapbench
seqinspector_0219_DRR735121,https://ftp.sra.ebi.ac.uk/vol1/fastq/DRR735/DRR735121/DRR735121_1.fastq.gz,https://ftp.sra.ebi.ac.uk/vol1/fastq/DRR735/DRR735121/DRR735121_2.fastq.gz,,mmapbench
seqinspector_0220_DRR735687,https://ftp.sra.ebi.ac.uk/vol1/fastq/DRR735/DRR735687/DRR735687_1.fastq.gz,https://ftp.sra.ebi.ac.uk/vol1/fastq/DRR735/DRR735687/DRR735687_2.fastq.gz,,mmapbench
seqinspector_0221_DRR858940,https://ftp.sra.ebi.ac.uk/vol1/fastq/DRR858/DRR858940/DRR858940_1.fastq.gz,https://ftp.sra.ebi.ac.uk/vol1/fastq/DRR858/DRR858940/DRR858940_2.fastq.gz,,mmapbench
seqinspector_0222_ERR16729883,https://ftp.sra.ebi.ac.uk/vol1/fastq/ERR167/083/ERR16729883/ERR16729883_1.fastq.gz,https://ftp.sra.ebi.ac.uk/vol1/fastq/ERR167/083/ERR16729883/ERR16729883_2.fastq.gz,,mmapbench
seqinspector_0223_ERR14195652,https://ftp.sra.ebi.ac.uk/vol1/fastq/ERR141/052/ERR14195652/ERR14195652_1.fastq.gz,https://ftp.sra.ebi.ac.uk/vol1/fastq/ERR141/052/ERR14195652/ERR14195652_2.fastq.gz,,mmapbench
seqinspector_0224_ERR14211798,https://ftp.sra.ebi.ac.uk/vol1/fastq/ERR142/098/ERR14211798/ERR14211798_1.fastq.gz,https://ftp.sra.ebi.ac.uk/vol1/fastq/ERR142/098/ERR14211798/ERR14211798_2.fastq.gz,,mmapbench
seqinspector_0225_ERR11627313,https://ftp.sra.ebi.ac.uk/vol1/fastq/ERR116/013/ERR11627313/ERR11627313_1.fastq.gz,https://ftp.sra.ebi.ac.uk/vol1/fastq/ERR116/013/ERR11627313/ERR11627313_2.fastq.gz,,mmapbench
seqinspector_0226_DRR817431,https://ftp.sra.ebi.ac.uk/vol1/fastq/DRR817/DRR817431/DRR817431_1.fastq.gz,https://ftp.sra.ebi.ac.uk/vol1/fastq/DRR817/DRR817431/DRR817431_2.fastq.gz,,mmapbench
seqinspector_0227_ERR12520470,https://ftp.sra.ebi.ac.uk/vol1/fastq/ERR125/070/ERR12520470/ERR12520470_1.fastq.gz,https://ftp.sra.ebi.ac.uk/vol1/fastq/ERR125/070/ERR12520470/ERR12520470_2.fastq.gz,,mmapbench
seqinspector_0228_ERR4502869,https://ftp.sra.ebi.ac.uk/vol1/fastq/ERR450/009/ERR4502869/ERR4502869_1.fastq.gz,https://ftp.sra.ebi.ac.uk/vol1/fastq/ERR450/009/ERR4502869/ERR4502869_2.fastq.gz,,mmapbench
seqinspector_0229_ERR2611501,https://ftp.sra.ebi.ac.uk/vol1/fastq/ERR261/001/ERR2611501/ERR2611501_1.fastq.gz,https://ftp.sra.ebi.ac.uk/vol1/fastq/ERR261/001/ERR2611501/ERR2611501_2.fastq.gz,,mmapbench
seqinspector_0230_ERR2728805,https://ftp.sra.ebi.ac.uk/vol1/fastq/ERR272/005/ERR2728805/ERR2728805_1.fastq.gz,https://ftp.sra.ebi.ac.uk/vol1/fastq/ERR272/005/ERR2728805/ERR2728805_2.fastq.gz,,mmapbench
seqinspector_0231_ERR2728847,https://ftp.sra.ebi.ac.uk/vol1/fastq/ERR272/007/ERR2728847/ERR2728847_1.fastq.gz,https://ftp.sra.ebi.ac.uk/vol1/fastq/ERR272/007/ERR2728847/ERR2728847_2.fastq.gz,,mmapbench
seqinspector_0232_ERR4503298,https://ftp.sra.ebi.ac.uk/vol1/fastq/ERR450/008/ERR4503298/ERR4503298_1.fastq.gz,https://ftp.sra.ebi.ac.uk/vol1/fastq/ERR450/008/ERR4503298/ERR4503298_2.fastq.gz,,mmapbench
seqinspector_0233_ERR2611499,https://ftp.sra.ebi.ac.uk/vol1/fastq/ERR261/009/ERR2611499/ERR2611499_1.fastq.gz,https://ftp.sra.ebi.ac.uk/vol1/fastq/ERR261/009/ERR2611499/ERR2611499_2.fastq.gz,,mmapbench
seqinspector_0234_DRR735051,https://ftp.sra.ebi.ac.uk/vol1/fastq/DRR735/DRR735051/DRR735051_1.fastq.gz,https://ftp.sra.ebi.ac.uk/vol1/fastq/DRR735/DRR735051/DRR735051_2.fastq.gz,,mmapbench
seqinspector_0235_DRR735662,https://ftp.sra.ebi.ac.uk/vol1/fastq/DRR735/DRR735662/DRR735662_1.fastq.gz,https://ftp.sra.ebi.ac.uk/vol1/fastq/DRR735/DRR735662/DRR735662_2.fastq.gz,,mmapbench
seqinspector_0236_ERR12126383,https://ftp.sra.ebi.ac.uk/vol1/fastq/ERR121/083/ERR12126383/ERR12126383_1.fastq.gz,https://ftp.sra.ebi.ac.uk/vol1/fastq/ERR121/083/ERR12126383/ERR12126383_2.fastq.gz,,mmapbench
seqinspector_0237_ERR14946293,https://ftp.sra.ebi.ac.uk/vol1/fastq/ERR149/093/ERR14946293/ERR14946293_1.fastq.gz,https://ftp.sra.ebi.ac.uk/vol1/fastq/ERR149/093/ERR14946293/ERR14946293_2.fastq.gz,,mmapbench
seqinspector_0238_DRR735570,https://ftp.sra.ebi.ac.uk/vol1/fastq/DRR735/DRR735570/DRR735570_1.fastq.gz,https://ftp.sra.ebi.ac.uk/vol1/fastq/DRR735/DRR735570/DRR735570_2.fastq.gz,,mmapbench
seqinspector_0239_ERR10898096,https://ftp.sra.ebi.ac.uk/vol1/fastq/ERR108/096/ERR10898096/ERR10898096_1.fastq.gz,https://ftp.sra.ebi.ac.uk/vol1/fastq/ERR108/096/ERR10898096/ERR10898096_2.fastq.gz,,mmapbench
seqinspector_0240_ERR12419424,https://ftp.sra.ebi.ac.uk/vol1/fastq/ERR124/024/ERR12419424/ERR12419424_1.fastq.gz,https://ftp.sra.ebi.ac.uk/vol1/fastq/ERR124/024/ERR12419424/ERR12419424_2.fastq.gz,,mmapbench
seqinspector_0241_DRR735220,https://ftp.sra.ebi.ac.uk/vol1/fastq/DRR735/DRR735220/DRR735220_1.fastq.gz,https://ftp.sra.ebi.ac.uk/vol1/fastq/DRR735/DRR735220/DRR735220_2.fastq.gz,,mmapbench
seqinspector_0242_ERR16024450,https://ftp.sra.ebi.ac.uk/vol1/fastq/ERR160/050/ERR16024450/ERR16024450_1.fastq.gz,https://ftp.sra.ebi.ac.uk/vol1/fastq/ERR160/050/ERR16024450/ERR16024450_2.fastq.gz,,mmapbench
seqinspector_0243_DRR735077,https://ftp.sra.ebi.ac.uk/vol1/fastq/DRR735/DRR735077/DRR735077_1.fastq.gz,https://ftp.sra.ebi.ac.uk/vol1/fastq/DRR735/DRR735077/DRR735077_2.fastq.gz,,mmapbench
seqinspector_0244_DRR737849,https://ftp.sra.ebi.ac.uk/vol1/fastq/DRR737/DRR737849/DRR737849_1.fastq.gz,https://ftp.sra.ebi.ac.uk/vol1/fastq/DRR737/DRR737849/DRR737849_2.fastq.gz,,mmapbench
seqinspector_0245_ERR15338266,https://ftp.sra.ebi.ac.uk/vol1/fastq/ERR153/066/ERR15338266/ERR15338266_1.fastq.gz,https://ftp.sra.ebi.ac.uk/vol1/fastq/ERR153/066/ERR15338266/ERR15338266_2.fastq.gz,,mmapbench
seqinspector_0246_ERR11489686,https://ftp.sra.ebi.ac.uk/vol1/fastq/ERR114/086/ERR11489686/ERR11489686_1.fastq.gz,https://ftp.sra.ebi.ac.uk/vol1/fastq/ERR114/086/ERR11489686/ERR11489686_2.fastq.gz,,mmapbench
seqinspector_0247_ERR14194733,https://ftp.sra.ebi.ac.uk/vol1/fastq/ERR141/033/ERR14194733/ERR14194733_1.fastq.gz,https://ftp.sra.ebi.ac.uk/vol1/fastq/ERR141/033/ERR14194733/ERR14194733_2.fastq.gz,,mmapbench
seqinspector_0248_DRR735466,https://ftp.sra.ebi.ac.uk/vol1/fastq/DRR735/DRR735466/DRR735466_1.fastq.gz,https://ftp.sra.ebi.ac.uk/vol1/fastq/DRR735/DRR735466/DRR735466_2.fastq.gz,,mmapbench
seqinspector_0249_ERR4502764,https://ftp.sra.ebi.ac.uk/vol1/fastq/ERR450/004/ERR4502764/ERR4502764_1.fastq.gz,https://ftp.sra.ebi.ac.uk/vol1/fastq/ERR450/004/ERR4502764/ERR4502764_2.fastq.gz,,mmapbench
seqinspector_0250_ERR14194734,https://ftp.sra.ebi.ac.uk/vol1/fastq/ERR141/034/ERR14194734/ERR14194734_1.fastq.gz,https://ftp.sra.ebi.ac.uk/vol1/fastq/ERR141/034/ERR14194734/ERR14194734_2.fastq.gz,,mmapbench
seqinspector_0251_ERR11627216,https://ftp.sra.ebi.ac.uk/vol1/fastq/ERR116/016/ERR11627216/ERR11627216_1.fastq.gz,https://ftp.sra.ebi.ac.uk/vol1/fastq/ERR116/016/ERR11627216/ERR11627216_2.fastq.gz,,mmapbench
seqinspector_0252_ERR4181653,https://ftp.sra.ebi.ac.uk/vol1/fastq/ERR418/003/ERR4181653/ERR4181653_1.fastq.gz,https://ftp.sra.ebi.ac.uk/vol1/fastq/ERR418/003/ERR4181653/ERR4181653_2.fastq.gz,,mmapbench
seqinspector_0253_ERR11832605,https://ftp.sra.ebi.ac.uk/vol1/fastq/ERR118/005/ERR11832605/ERR11832605_1.fastq.gz,https://ftp.sra.ebi.ac.uk/vol1/fastq/ERR118/005/ERR11832605/ERR11832605_2.fastq.gz,,mmapbench
seqinspector_0254_ERR2244527,https://ftp.sra.ebi.ac.uk/vol1/fastq/ERR224/007/ERR2244527/ERR2244527_1.fastq.gz,https://ftp.sra.ebi.ac.uk/vol1/fastq/ERR224/007/ERR2244527/ERR2244527_2.fastq.gz,,mmapbench
seqinspector_0255_ERR16010201,https://ftp.sra.ebi.ac.uk/vol1/fastq/ERR160/001/ERR16010201/ERR16010201_1.fastq.gz,https://ftp.sra.ebi.ac.uk/vol1/fastq/ERR160/001/ERR16010201/ERR16010201_2.fastq.gz,,mmapbench
seqinspector_0256_ERR14210943,https://ftp.sra.ebi.ac.uk/vol1/fastq/ERR142/043/ERR14210943/ERR14210943_1.fastq.gz,https://ftp.sra.ebi.ac.uk/vol1/fastq/ERR142/043/ERR14210943/ERR14210943_2.fastq.gz,,mmapbench
seqinspector_0257_ERR14194993,https://ftp.sra.ebi.ac.uk/vol1/fastq/ERR141/093/ERR14194993/ERR14194993_1.fastq.gz,https://ftp.sra.ebi.ac.uk/vol1/fastq/ERR141/093/ERR14194993/ERR14194993_2.fastq.gz,,mmapbench
seqinspector_0258_ERR2728798,https://ftp.sra.ebi.ac.uk/vol1/fastq/ERR272/008/ERR2728798/ERR2728798_1.fastq.gz,https://ftp.sra.ebi.ac.uk/vol1/fastq/ERR272/008/ERR2728798/ERR2728798_2.fastq.gz,,mmapbench
seqinspector_0259_ERR4503005,https://ftp.sra.ebi.ac.uk/vol1/fastq/ERR450/005/ERR4503005/ERR4503005_1.fastq.gz,https://ftp.sra.ebi.ac.uk/vol1/fastq/ERR450/005/ERR4503005/ERR4503005_2.fastq.gz,,mmapbench
seqinspector_0260_ERR2728828,https://ftp.sra.ebi.ac.uk/vol1/fastq/ERR272/008/ERR2728828/ERR2728828_1.fastq.gz,https://ftp.sra.ebi.ac.uk/vol1/fastq/ERR272/008/ERR2728828/ERR2728828_2.fastq.gz,,mmapbench
seqinspector_0261_ERR16003770,https://ftp.sra.ebi.ac.uk/vol1/fastq/ERR160/070/ERR16003770/ERR16003770_1.fastq.gz,https://ftp.sra.ebi.ac.uk/vol1/fastq/ERR160/070/ERR16003770/ERR16003770_2.fastq.gz,,mmapbench
seqinspector_0262_DRR855817,https://ftp.sra.ebi.ac.uk/vol1/fastq/DRR855/DRR855817/DRR855817_1.fastq.gz,https://ftp.sra.ebi.ac.uk/vol1/fastq/DRR855/DRR855817/DRR855817_2.fastq.gz,,mmapbench
seqinspector_0263_ERR15135504,https://ftp.sra.ebi.ac.uk/vol1/fastq/ERR151/004/ERR15135504/ERR15135504_1.fastq.gz,https://ftp.sra.ebi.ac.uk/vol1/fastq/ERR151/004/ERR15135504/ERR15135504_2.fastq.gz,,mmapbench
seqinspector_0264_DRR737841,https://ftp.sra.ebi.ac.uk/vol1/fastq/DRR737/DRR737841/DRR737841_1.fastq.gz,https://ftp.sra.ebi.ac.uk/vol1/fastq/DRR737/DRR737841/DRR737841_2.fastq.gz,,mmapbench
seqinspector_0265_ERR4502065,https://ftp.sra.ebi.ac.uk/vol1/fastq/ERR450/005/ERR4502065/ERR4502065_1.fastq.gz,https://ftp.sra.ebi.ac.uk/vol1/fastq/ERR450/005/ERR4502065/ERR4502065_2.fastq.gz,,mmapbench
seqinspector_0266_DRR735076,https://ftp.sra.ebi.ac.uk/vol1/fastq/DRR735/DRR735076/DRR735076_1.fastq.gz,https://ftp.sra.ebi.ac.uk/vol1/fastq/DRR735/DRR735076/DRR735076_2.fastq.gz,,mmapbench
seqinspector_0267_ERR16711417,https://ftp.sra.ebi.ac.uk/vol1/fastq/ERR167/017/ERR16711417/ERR16711417_1.fastq.gz,https://ftp.sra.ebi.ac.uk/vol1/fastq/ERR167/017/ERR16711417/ERR16711417_2.fastq.gz,,mmapbench
seqinspector_0268_ERR12219200,https://ftp.sra.ebi.ac.uk/vol1/fastq/ERR122/000/ERR12219200/ERR12219200_1.fastq.gz,https://ftp.sra.ebi.ac.uk/vol1/fastq/ERR122/000/ERR12219200/ERR12219200_2.fastq.gz,,mmapbench
seqinspector_0269_ERR16024253,https://ftp.sra.ebi.ac.uk/vol1/fastq/ERR160/053/ERR16024253/ERR16024253_1.fastq.gz,https://ftp.sra.ebi.ac.uk/vol1/fastq/ERR160/053/ERR16024253/ERR16024253_2.fastq.gz,,mmapbench
seqinspector_0270_ERR14854270,https://ftp.sra.ebi.ac.uk/vol1/fastq/ERR148/070/ERR14854270/ERR14854270_1.fastq.gz,https://ftp.sra.ebi.ac.uk/vol1/fastq/ERR148/070/ERR14854270/ERR14854270_2.fastq.gz,,mmapbench
seqinspector_0271_ERR2244506,https://ftp.sra.ebi.ac.uk/vol1/fastq/ERR224/006/ERR2244506/ERR2244506_1.fastq.gz,https://ftp.sra.ebi.ac.uk/vol1/fastq/ERR224/006/ERR2244506/ERR2244506_2.fastq.gz,,mmapbench
seqinspector_0272_ERR14953714,https://ftp.sra.ebi.ac.uk/vol1/fastq/ERR149/014/ERR14953714/ERR14953714_1.fastq.gz,https://ftp.sra.ebi.ac.uk/vol1/fastq/ERR149/014/ERR14953714/ERR14953714_2.fastq.gz,,mmapbench
seqinspector_0273_ERR14210958,https://ftp.sra.ebi.ac.uk/vol1/fastq/ERR142/058/ERR14210958/ERR14210958_1.fastq.gz,https://ftp.sra.ebi.ac.uk/vol1/fastq/ERR142/058/ERR14210958/ERR14210958_2.fastq.gz,,mmapbench
seqinspector_0274_ERR13061357,https://ftp.sra.ebi.ac.uk/vol1/fastq/ERR130/057/ERR13061357/ERR13061357_1.fastq.gz,https://ftp.sra.ebi.ac.uk/vol1/fastq/ERR130/057/ERR13061357/ERR13061357_2.fastq.gz,,mmapbench
seqinspector_0275_ERR3769479,https://ftp.sra.ebi.ac.uk/vol1/fastq/ERR376/009/ERR3769479/ERR3769479_1.fastq.gz,https://ftp.sra.ebi.ac.uk/vol1/fastq/ERR376/009/ERR3769479/ERR3769479_2.fastq.gz,,mmapbench
seqinspector_0276_DRR737870,https://ftp.sra.ebi.ac.uk/vol1/fastq/DRR737/DRR737870/DRR737870_1.fastq.gz,https://ftp.sra.ebi.ac.uk/vol1/fastq/DRR737/DRR737870/DRR737870_2.fastq.gz,,mmapbench
seqinspector_0277_ERR12828548,https://ftp.sra.ebi.ac.uk/vol1/fastq/ERR128/048/ERR12828548/ERR12828548_1.fastq.gz,https://ftp.sra.ebi.ac.uk/vol1/fastq/ERR128/048/ERR12828548/ERR12828548_2.fastq.gz,,mmapbench
seqinspector_0278_ERR12379634,https://ftp.sra.ebi.ac.uk/vol1/fastq/ERR123/034/ERR12379634/ERR12379634_1.fastq.gz,https://ftp.sra.ebi.ac.uk/vol1/fastq/ERR123/034/ERR12379634/ERR12379634_2.fastq.gz,,mmapbench
seqinspector_0279_DRR735067,https://ftp.sra.ebi.ac.uk/vol1/fastq/DRR735/DRR735067/DRR735067_1.fastq.gz,https://ftp.sra.ebi.ac.uk/vol1/fastq/DRR735/DRR735067/DRR735067_2.fastq.gz,,mmapbench
seqinspector_0280_ERR11627208,https://ftp.sra.ebi.ac.uk/vol1/fastq/ERR116/008/ERR11627208/ERR11627208_1.fastq.gz,https://ftp.sra.ebi.ac.uk/vol1/fastq/ERR116/008/ERR11627208/ERR11627208_2.fastq.gz,,mmapbench
seqinspector_0281_ERR10897909,https://ftp.sra.ebi.ac.uk/vol1/fastq/ERR108/009/ERR10897909/ERR10897909_1.fastq.gz,https://ftp.sra.ebi.ac.uk/vol1/fastq/ERR108/009/ERR10897909/ERR10897909_2.fastq.gz,,mmapbench
seqinspector_0282_DRR735208,https://ftp.sra.ebi.ac.uk/vol1/fastq/DRR735/DRR735208/DRR735208_1.fastq.gz,https://ftp.sra.ebi.ac.uk/vol1/fastq/DRR735/DRR735208/DRR735208_2.fastq.gz,,mmapbench
seqinspector_0283_DRR735131,https://ftp.sra.ebi.ac.uk/vol1/fastq/DRR735/DRR735131/DRR735131_1.fastq.gz,https://ftp.sra.ebi.ac.uk/vol1/fastq/DRR735/DRR735131/DRR735131_2.fastq.gz,,mmapbench
seqinspector_0284_ERR10898040,https://ftp.sra.ebi.ac.uk/vol1/fastq/ERR108/040/ERR10898040/ERR10898040_1.fastq.gz,https://ftp.sra.ebi.ac.uk/vol1/fastq/ERR108/040/ERR10898040/ERR10898040_2.fastq.gz,,mmapbench
seqinspector_0285_ERR13391329,https://ftp.sra.ebi.ac.uk/vol1/fastq/ERR133/029/ERR13391329/ERR13391329_1.fastq.gz,https://ftp.sra.ebi.ac.uk/vol1/fastq/ERR133/029/ERR13391329/ERR13391329_2.fastq.gz,,mmapbench
seqinspector_0286_DRR735216,https://ftp.sra.ebi.ac.uk/vol1/fastq/DRR735/DRR735216/DRR735216_1.fastq.gz,https://ftp.sra.ebi.ac.uk/vol1/fastq/DRR735/DRR735216/DRR735216_2.fastq.gz,,mmapbench
seqinspector_0287_ERR12555101,https://ftp.sra.ebi.ac.uk/vol1/fastq/ERR125/001/ERR12555101/ERR12555101_1.fastq.gz,https://ftp.sra.ebi.ac.uk/vol1/fastq/ERR125/001/ERR12555101/ERR12555101_2.fastq.gz,,mmapbench
seqinspector_0288_ERR11627304,https://ftp.sra.ebi.ac.uk/vol1/fastq/ERR116/004/ERR11627304/ERR11627304_1.fastq.gz,https://ftp.sra.ebi.ac.uk/vol1/fastq/ERR116/004/ERR11627304/ERR11627304_2.fastq.gz,,mmapbench
seqinspector_0289_ERR14802057,https://ftp.sra.ebi.ac.uk/vol1/fastq/ERR148/057/ERR14802057/ERR14802057_1.fastq.gz,https://ftp.sra.ebi.ac.uk/vol1/fastq/ERR148/057/ERR14802057/ERR14802057_2.fastq.gz,,mmapbench
seqinspector_0290_DRR735101,https://ftp.sra.ebi.ac.uk/vol1/fastq/DRR735/DRR735101/DRR735101_1.fastq.gz,https://ftp.sra.ebi.ac.uk/vol1/fastq/DRR735/DRR735101/DRR735101_2.fastq.gz,,mmapbench
seqinspector_0291_ERR4503326,https://ftp.sra.ebi.ac.uk/vol1/fastq/ERR450/006/ERR4503326/ERR4503326_1.fastq.gz,https://ftp.sra.ebi.ac.uk/vol1/fastq/ERR450/006/ERR4503326/ERR4503326_2.fastq.gz,,mmapbench
seqinspector_0292_ERR16908583,https://ftp.sra.ebi.ac.uk/vol1/fastq/ERR169/083/ERR16908583/ERR16908583_1.fastq.gz,https://ftp.sra.ebi.ac.uk/vol1/fastq/ERR169/083/ERR16908583/ERR16908583_2.fastq.gz,,mmapbench
seqinspector_0293_DRR737859,https://ftp.sra.ebi.ac.uk/vol1/fastq/DRR737/DRR737859/DRR737859_1.fastq.gz,https://ftp.sra.ebi.ac.uk/vol1/fastq/DRR737/DRR737859/DRR737859_2.fastq.gz,,mmapbench
seqinspector_0294_ERR4502145,https://ftp.sra.ebi.ac.uk/vol1/fastq/ERR450/005/ERR4502145/ERR4502145_1.fastq.gz,https://ftp.sra.ebi.ac.uk/vol1/fastq/ERR450/005/ERR4502145/ERR4502145_2.fastq.gz,,mmapbench
seqinspector_0295_ERR14195082,https://ftp.sra.ebi.ac.uk/vol1/fastq/ERR141/082/ERR14195082/ERR14195082_1.fastq.gz,https://ftp.sra.ebi.ac.uk/vol1/fastq/ERR141/082/ERR14195082/ERR14195082_2.fastq.gz,,mmapbench
seqinspector_0296_DRR737848,https://ftp.sra.ebi.ac.uk/vol1/fastq/DRR737/DRR737848/DRR737848_1.fastq.gz,https://ftp.sra.ebi.ac.uk/vol1/fastq/DRR737/DRR737848/DRR737848_2.fastq.gz,,mmapbench
seqinspector_0297_ERR12038312,https://ftp.sra.ebi.ac.uk/vol1/fastq/ERR120/012/ERR12038312/ERR12038312_1.fastq.gz,https://ftp.sra.ebi.ac.uk/vol1/fastq/ERR120/012/ERR12038312/ERR12038312_2.fastq.gz,,mmapbench
seqinspector_0298_ERR13337460,https://ftp.sra.ebi.ac.uk/vol1/fastq/ERR133/060/ERR13337460/ERR13337460_1.fastq.gz,https://ftp.sra.ebi.ac.uk/vol1/fastq/ERR133/060/ERR13337460/ERR13337460_2.fastq.gz,,mmapbench
seqinspector_0299_ERR13061442,https://ftp.sra.ebi.ac.uk/vol1/fastq/ERR130/042/ERR13061442/ERR13061442_1.fastq.gz,https://ftp.sra.ebi.ac.uk/vol1/fastq/ERR130/042/ERR13061442/ERR13061442_2.fastq.gz,,mmapbench
seqinspector_0300_ERR14211123,https://ftp.sra.ebi.ac.uk/vol1/fastq/ERR142/023/ERR14211123/ERR14211123_1.fastq.gz,https://ftp.sra.ebi.ac.uk/vol1/fastq/ERR142/023/ERR14211123/ERR14211123_2.fastq.gz,,mmapbench
seqinspector_0301_ERR14194977,https://ftp.sra.ebi.ac.uk/vol1/fastq/ERR141/077/ERR14194977/ERR14194977_1.fastq.gz,https://ftp.sra.ebi.ac.uk/vol1/fastq/ERR141/077/ERR14194977/ERR14194977_2.fastq.gz,,mmapbench
seqinspector_0302_DRR735551,https://ftp.sra.ebi.ac.uk/vol1/fastq/DRR735/DRR735551/DRR735551_1.fastq.gz,https://ftp.sra.ebi.ac.uk/vol1/fastq/DRR735/DRR735551/DRR735551_2.fastq.gz,,mmapbench
seqinspector_0303_DRR735153,https://ftp.sra.ebi.ac.uk/vol1/fastq/DRR735/DRR735153/DRR735153_1.fastq.gz,https://ftp.sra.ebi.ac.uk/vol1/fastq/DRR735/DRR735153/DRR735153_2.fastq.gz,,mmapbench
seqinspector_0304_ERR4502126,https://ftp.sra.ebi.ac.uk/vol1/fastq/ERR450/006/ERR4502126/ERR4502126_1.fastq.gz,https://ftp.sra.ebi.ac.uk/vol1/fastq/ERR450/006/ERR4502126/ERR4502126_2.fastq.gz,,mmapbench
seqinspector_0305_ERR11563285,https://ftp.sra.ebi.ac.uk/vol1/fastq/ERR115/085/ERR11563285/ERR11563285_1.fastq.gz,https://ftp.sra.ebi.ac.uk/vol1/fastq/ERR115/085/ERR11563285/ERR11563285_2.fastq.gz,,mmapbench
seqinspector_0306_ERR12032846,https://ftp.sra.ebi.ac.uk/vol1/fastq/ERR120/046/ERR12032846/ERR12032846_1.fastq.gz,https://ftp.sra.ebi.ac.uk/vol1/fastq/ERR120/046/ERR12032846/ERR12032846_2.fastq.gz,,mmapbench
seqinspector_0307_ERR10898308,https://ftp.sra.ebi.ac.uk/vol1/fastq/ERR108/008/ERR10898308/ERR10898308_1.fastq.gz,https://ftp.sra.ebi.ac.uk/vol1/fastq/ERR108/008/ERR10898308/ERR10898308_2.fastq.gz,,mmapbench
seqinspector_0308_ERR14194962,https://ftp.sra.ebi.ac.uk/vol1/fastq/ERR141/062/ERR14194962/ERR14194962_1.fastq.gz,https://ftp.sra.ebi.ac.uk/vol1/fastq/ERR141/062/ERR14194962/ERR14194962_2.fastq.gz,,mmapbench
seqinspector_0309_ERR3670875,https://ftp.sra.ebi.ac.uk/vol1/fastq/ERR367/005/ERR3670875/ERR3670875_1.fastq.gz,https://ftp.sra.ebi.ac.uk/vol1/fastq/ERR367/005/ERR3670875/ERR3670875_2.fastq.gz,,mmapbench
seqinspector_0310_ERR16709803,https://ftp.sra.ebi.ac.uk/vol1/fastq/ERR167/003/ERR16709803/ERR16709803_1.fastq.gz,https://ftp.sra.ebi.ac.uk/vol1/fastq/ERR167/003/ERR16709803/ERR16709803_2.fastq.gz,,mmapbench
seqinspector_0311_ERR3932431,https://ftp.sra.ebi.ac.uk/vol1/fastq/ERR393/001/ERR3932431/ERR3932431_1.fastq.gz,https://ftp.sra.ebi.ac.uk/vol1/fastq/ERR393/001/ERR3932431/ERR3932431_2.fastq.gz,,mmapbench
seqinspector_0312_ERR13391570,https://ftp.sra.ebi.ac.uk/vol1/fastq/ERR133/070/ERR13391570/ERR13391570_1.fastq.gz,https://ftp.sra.ebi.ac.uk/vol1/fastq/ERR133/070/ERR13391570/ERR13391570_2.fastq.gz,,mmapbench
seqinspector_0313_ERR11627185,https://ftp.sra.ebi.ac.uk/vol1/fastq/ERR116/085/ERR11627185/ERR11627185_1.fastq.gz,https://ftp.sra.ebi.ac.uk/vol1/fastq/ERR116/085/ERR11627185/ERR11627185_2.fastq.gz,,mmapbench
seqinspector_0314_ERR4502708,https://ftp.sra.ebi.ac.uk/vol1/fastq/ERR450/008/ERR4502708/ERR4502708_1.fastq.gz,https://ftp.sra.ebi.ac.uk/vol1/fastq/ERR450/008/ERR4502708/ERR4502708_2.fastq.gz,,mmapbench
seqinspector_0315_ERR2608600,https://ftp.sra.ebi.ac.uk/vol1/fastq/ERR260/000/ERR2608600/ERR2608600_1.fastq.gz,https://ftp.sra.ebi.ac.uk/vol1/fastq/ERR260/000/ERR2608600/ERR2608600_2.fastq.gz,,mmapbench
seqinspector_0316_ERR15338002,https://ftp.sra.ebi.ac.uk/vol1/fastq/ERR153/002/ERR15338002/ERR15338002_1.fastq.gz,https://ftp.sra.ebi.ac.uk/vol1/fastq/ERR153/002/ERR15338002/ERR15338002_2.fastq.gz,,mmapbench
seqinspector_0317_DRR735486,https://ftp.sra.ebi.ac.uk/vol1/fastq/DRR735/DRR735486/DRR735486_1.fastq.gz,https://ftp.sra.ebi.ac.uk/vol1/fastq/DRR735/DRR735486/DRR735486_2.fastq.gz,,mmapbench
seqinspector_0318_ERR15728856,https://ftp.sra.ebi.ac.uk/vol1/fastq/ERR157/056/ERR15728856/ERR15728856_1.fastq.gz,https://ftp.sra.ebi.ac.uk/vol1/fastq/ERR157/056/ERR15728856/ERR15728856_2.fastq.gz,,mmapbench
seqinspector_0319_ERR14211862,https://ftp.sra.ebi.ac.uk/vol1/fastq/ERR142/062/ERR14211862/ERR14211862_1.fastq.gz,https://ftp.sra.ebi.ac.uk/vol1/fastq/ERR142/062/ERR14211862/ERR14211862_2.fastq.gz,,mmapbench
seqinspector_0320_ERR14195716,https://ftp.sra.ebi.ac.uk/vol1/fastq/ERR141/016/ERR14195716/ERR14195716_1.fastq.gz,https://ftp.sra.ebi.ac.uk/vol1/fastq/ERR141/016/ERR14195716/ERR14195716_2.fastq.gz,,mmapbench
seqinspector_0321_ERR10677963,https://ftp.sra.ebi.ac.uk/vol1/fastq/ERR106/063/ERR10677963/ERR10677963_1.fastq.gz,https://ftp.sra.ebi.ac.uk/vol1/fastq/ERR106/063/ERR10677963/ERR10677963_2.fastq.gz,,mmapbench
seqinspector_0322_ERR12217473,https://ftp.sra.ebi.ac.uk/vol1/fastq/ERR122/073/ERR12217473/ERR12217473_1.fastq.gz,https://ftp.sra.ebi.ac.uk/vol1/fastq/ERR122/073/ERR12217473/ERR12217473_2.fastq.gz,,mmapbench
seqinspector_0323_ERR1953350,https://ftp.sra.ebi.ac.uk/vol1/fastq/ERR195/000/ERR1953350/ERR1953350_1.fastq.gz,https://ftp.sra.ebi.ac.uk/vol1/fastq/ERR195/000/ERR1953350/ERR1953350_2.fastq.gz,,mmapbench
seqinspector_0324_ERR14195239,https://ftp.sra.ebi.ac.uk/vol1/fastq/ERR141/039/ERR14195239/ERR14195239_1.fastq.gz,https://ftp.sra.ebi.ac.uk/vol1/fastq/ERR141/039/ERR14195239/ERR14195239_2.fastq.gz,,mmapbench
seqinspector_0325_ERR14211385,https://ftp.sra.ebi.ac.uk/vol1/fastq/ERR142/085/ERR14211385/ERR14211385_1.fastq.gz,https://ftp.sra.ebi.ac.uk/vol1/fastq/ERR142/085/ERR14211385/ERR14211385_2.fastq.gz,,mmapbench
seqinspector_0326_DRR734883,https://ftp.sra.ebi.ac.uk/vol1/fastq/DRR734/DRR734883/DRR734883_1.fastq.gz,https://ftp.sra.ebi.ac.uk/vol1/fastq/DRR734/DRR734883/DRR734883_2.fastq.gz,,mmapbench
seqinspector_0327_DRR735712,https://ftp.sra.ebi.ac.uk/vol1/fastq/DRR735/DRR735712/DRR735712_1.fastq.gz,https://ftp.sra.ebi.ac.uk/vol1/fastq/DRR735/DRR735712/DRR735712_2.fastq.gz,,mmapbench
seqinspector_0328_ERR16721290,https://ftp.sra.ebi.ac.uk/vol1/fastq/ERR167/090/ERR16721290/ERR16721290_1.fastq.gz,https://ftp.sra.ebi.ac.uk/vol1/fastq/ERR167/090/ERR16721290/ERR16721290_2.fastq.gz,,mmapbench
seqinspector_0329_ERR11019799,https://ftp.sra.ebi.ac.uk/vol1/fastq/ERR110/099/ERR11019799/ERR11019799_1.fastq.gz,https://ftp.sra.ebi.ac.uk/vol1/fastq/ERR110/099/ERR11019799/ERR11019799_2.fastq.gz,,mmapbench
seqinspector_0330_ERR12220011,https://ftp.sra.ebi.ac.uk/vol1/fastq/ERR122/011/ERR12220011/ERR12220011_1.fastq.gz,https://ftp.sra.ebi.ac.uk/vol1/fastq/ERR122/011/ERR12220011/ERR12220011_2.fastq.gz,,mmapbench
seqinspector_0331_ERR10880650,https://ftp.sra.ebi.ac.uk/vol1/fastq/ERR108/050/ERR10880650/ERR10880650_1.fastq.gz,https://ftp.sra.ebi.ac.uk/vol1/fastq/ERR108/050/ERR10880650/ERR10880650_2.fastq.gz,,mmapbench
seqinspector_0332_DRR735280,https://ftp.sra.ebi.ac.uk/vol1/fastq/DRR735/DRR735280/DRR735280_1.fastq.gz,https://ftp.sra.ebi.ac.uk/vol1/fastq/DRR735/DRR735280/DRR735280_2.fastq.gz,,mmapbench
seqinspector_0333_ERR11489534,https://ftp.sra.ebi.ac.uk/vol1/fastq/ERR114/034/ERR11489534/ERR11489534_1.fastq.gz,https://ftp.sra.ebi.ac.uk/vol1/fastq/ERR114/034/ERR11489534/ERR11489534_2.fastq.gz,,mmapbench
seqinspector_0334_ERR14195618,https://ftp.sra.ebi.ac.uk/vol1/fastq/ERR141/018/ERR14195618/ERR14195618_1.fastq.gz,https://ftp.sra.ebi.ac.uk/vol1/fastq/ERR141/018/ERR14195618/ERR14195618_2.fastq.gz,,mmapbench
seqinspector_0335_ERR12218825,https://ftp.sra.ebi.ac.uk/vol1/fastq/ERR122/025/ERR12218825/ERR12218825_1.fastq.gz,https://ftp.sra.ebi.ac.uk/vol1/fastq/ERR122/025/ERR12218825/ERR12218825_2.fastq.gz,,mmapbench
seqinspector_0336_DRR735128,https://ftp.sra.ebi.ac.uk/vol1/fastq/DRR735/DRR735128/DRR735128_1.fastq.gz,https://ftp.sra.ebi.ac.uk/vol1/fastq/DRR735/DRR735128/DRR735128_2.fastq.gz,,mmapbench
seqinspector_0337_ERR16711694,https://ftp.sra.ebi.ac.uk/vol1/fastq/ERR167/094/ERR16711694/ERR16711694_1.fastq.gz,https://ftp.sra.ebi.ac.uk/vol1/fastq/ERR167/094/ERR16711694/ERR16711694_2.fastq.gz,,mmapbench
seqinspector_0338_ERR12520450,https://ftp.sra.ebi.ac.uk/vol1/fastq/ERR125/050/ERR12520450/ERR12520450_1.fastq.gz,https://ftp.sra.ebi.ac.uk/vol1/fastq/ERR125/050/ERR12520450/ERR12520450_2.fastq.gz,,mmapbench
seqinspector_0339_DRR771731,https://ftp.sra.ebi.ac.uk/vol1/fastq/DRR771/DRR771731/DRR771731_1.fastq.gz,https://ftp.sra.ebi.ac.uk/vol1/fastq/DRR771/DRR771731/DRR771731_2.fastq.gz,,mmapbench
seqinspector_0340_ERR14211539,https://ftp.sra.ebi.ac.uk/vol1/fastq/ERR142/039/ERR14211539/ERR14211539_1.fastq.gz,https://ftp.sra.ebi.ac.uk/vol1/fastq/ERR142/039/ERR14211539/ERR14211539_2.fastq.gz,,mmapbench
seqinspector_0341_ERR14195393,https://ftp.sra.ebi.ac.uk/vol1/fastq/ERR141/093/ERR14195393/ERR14195393_1.fastq.gz,https://ftp.sra.ebi.ac.uk/vol1/fastq/ERR141/093/ERR14195393/ERR14195393_2.fastq.gz,,mmapbench
seqinspector_0342_ERR11020373,https://ftp.sra.ebi.ac.uk/vol1/fastq/ERR110/073/ERR11020373/ERR11020373_1.fastq.gz,https://ftp.sra.ebi.ac.uk/vol1/fastq/ERR110/073/ERR11020373/ERR11020373_2.fastq.gz,,mmapbench
seqinspector_0343_ERR14048560,https://ftp.sra.ebi.ac.uk/vol1/fastq/ERR140/060/ERR14048560/ERR14048560_1.fastq.gz,https://ftp.sra.ebi.ac.uk/vol1/fastq/ERR140/060/ERR14048560/ERR14048560_2.fastq.gz,,mmapbench
seqinspector_0344_ERR16713255,https://ftp.sra.ebi.ac.uk/vol1/fastq/ERR167/055/ERR16713255/ERR16713255_1.fastq.gz,https://ftp.sra.ebi.ac.uk/vol1/fastq/ERR167/055/ERR16713255/ERR16713255_2.fastq.gz,,mmapbench
seqinspector_0345_ERR13867579,https://ftp.sra.ebi.ac.uk/vol1/fastq/ERR138/079/ERR13867579/ERR13867579_1.fastq.gz,https://ftp.sra.ebi.ac.uk/vol1/fastq/ERR138/079/ERR13867579/ERR13867579_2.fastq.gz,,mmapbench
seqinspector_0346_ERR14049209,https://ftp.sra.ebi.ac.uk/vol1/fastq/ERR140/009/ERR14049209/ERR14049209_1.fastq.gz,https://ftp.sra.ebi.ac.uk/vol1/fastq/ERR140/009/ERR14049209/ERR14049209_2.fastq.gz,,mmapbench
seqinspector_0347_DRR735387,https://ftp.sra.ebi.ac.uk/vol1/fastq/DRR735/DRR735387/DRR735387_1.fastq.gz,https://ftp.sra.ebi.ac.uk/vol1/fastq/DRR735/DRR735387/DRR735387_2.fastq.gz,,mmapbench
seqinspector_0348_ERR14854036,https://ftp.sra.ebi.ac.uk/vol1/fastq/ERR148/036/ERR14854036/ERR14854036_1.fastq.gz,https://ftp.sra.ebi.ac.uk/vol1/fastq/ERR148/036/ERR14854036/ERR14854036_2.fastq.gz,,mmapbench
seqinspector_0349_ERR16719558,https://ftp.sra.ebi.ac.uk/vol1/fastq/ERR167/058/ERR16719558/ERR16719558_1.fastq.gz,https://ftp.sra.ebi.ac.uk/vol1/fastq/ERR167/058/ERR16719558/ERR16719558_2.fastq.gz,,mmapbench
seqinspector_0350_DRR735609,https://ftp.sra.ebi.ac.uk/vol1/fastq/DRR735/DRR735609/DRR735609_1.fastq.gz,https://ftp.sra.ebi.ac.uk/vol1/fastq/DRR735/DRR735609/DRR735609_2.fastq.gz,,mmapbench
seqinspector_0351_ERR15898349,https://ftp.sra.ebi.ac.uk/vol1/fastq/ERR158/049/ERR15898349/ERR15898349_1.fastq.gz,https://ftp.sra.ebi.ac.uk/vol1/fastq/ERR158/049/ERR15898349/ERR15898349_2.fastq.gz,,mmapbench
seqinspector_0352_DRR820957,https://ftp.sra.ebi.ac.uk/vol1/fastq/DRR820/DRR820957/DRR820957_1.fastq.gz,https://ftp.sra.ebi.ac.uk/vol1/fastq/DRR820/DRR820957/DRR820957_2.fastq.gz,,mmapbench
seqinspector_0353_ERR16712392,https://ftp.sra.ebi.ac.uk/vol1/fastq/ERR167/092/ERR16712392/ERR16712392_1.fastq.gz,https://ftp.sra.ebi.ac.uk/vol1/fastq/ERR167/092/ERR16712392/ERR16712392_2.fastq.gz,,mmapbench
seqinspector_0354_ERR14211784,https://ftp.sra.ebi.ac.uk/vol1/fastq/ERR142/084/ERR14211784/ERR14211784_1.fastq.gz,https://ftp.sra.ebi.ac.uk/vol1/fastq/ERR142/084/ERR14211784/ERR14211784_2.fastq.gz,,mmapbench
seqinspector_0355_ERR10677115,https://ftp.sra.ebi.ac.uk/vol1/fastq/ERR106/015/ERR10677115/ERR10677115_1.fastq.gz,https://ftp.sra.ebi.ac.uk/vol1/fastq/ERR106/015/ERR10677115/ERR10677115_2.fastq.gz,,mmapbench
seqinspector_0356_ERR16709798,https://ftp.sra.ebi.ac.uk/vol1/fastq/ERR167/098/ERR16709798/ERR16709798_1.fastq.gz,https://ftp.sra.ebi.ac.uk/vol1/fastq/ERR167/098/ERR16709798/ERR16709798_2.fastq.gz,,mmapbench
seqinspector_0357_ERR12520113,https://ftp.sra.ebi.ac.uk/vol1/fastq/ERR125/013/ERR12520113/ERR12520113_1.fastq.gz,https://ftp.sra.ebi.ac.uk/vol1/fastq/ERR125/013/ERR12520113/ERR12520113_2.fastq.gz,,mmapbench
seqinspector_0358_ERR14211246,https://ftp.sra.ebi.ac.uk/vol1/fastq/ERR142/046/ERR14211246/ERR14211246_1.fastq.gz,https://ftp.sra.ebi.ac.uk/vol1/fastq/ERR142/046/ERR14211246/ERR14211246_2.fastq.gz,,mmapbench
seqinspector_0359_ERR14789121,https://ftp.sra.ebi.ac.uk/vol1/fastq/ERR147/021/ERR14789121/ERR14789121_1.fastq.gz,https://ftp.sra.ebi.ac.uk/vol1/fastq/ERR147/021/ERR14789121/ERR14789121_2.fastq.gz,,mmapbench
seqinspector_0360_ERR4502351,https://ftp.sra.ebi.ac.uk/vol1/fastq/ERR450/001/ERR4502351/ERR4502351_1.fastq.gz,https://ftp.sra.ebi.ac.uk/vol1/fastq/ERR450/001/ERR4502351/ERR4502351_2.fastq.gz,,mmapbench
seqinspector_0361_ERR14953673,https://ftp.sra.ebi.ac.uk/vol1/fastq/ERR149/073/ERR14953673/ERR14953673_1.fastq.gz,https://ftp.sra.ebi.ac.uk/vol1/fastq/ERR149/073/ERR14953673/ERR14953673_2.fastq.gz,,mmapbench
seqinspector_0362_ERR2728817,https://ftp.sra.ebi.ac.uk/vol1/fastq/ERR272/007/ERR2728817/ERR2728817_1.fastq.gz,https://ftp.sra.ebi.ac.uk/vol1/fastq/ERR272/007/ERR2728817/ERR2728817_2.fastq.gz,,mmapbench
seqinspector_0363_ERR11019562,https://ftp.sra.ebi.ac.uk/vol1/fastq/ERR110/062/ERR11019562/ERR11019562_1.fastq.gz,https://ftp.sra.ebi.ac.uk/vol1/fastq/ERR110/062/ERR11019562/ERR11019562_2.fastq.gz,,mmapbench
seqinspector_0364_ERR16730476,https://ftp.sra.ebi.ac.uk/vol1/fastq/ERR167/076/ERR16730476/ERR16730476_1.fastq.gz,https://ftp.sra.ebi.ac.uk/vol1/fastq/ERR167/076/ERR16730476/ERR16730476_2.fastq.gz,,mmapbench
seqinspector_0365_ERR16711016,https://ftp.sra.ebi.ac.uk/vol1/fastq/ERR167/016/ERR16711016/ERR16711016_1.fastq.gz,https://ftp.sra.ebi.ac.uk/vol1/fastq/ERR167/016/ERR16711016/ERR16711016_2.fastq.gz,,mmapbench
seqinspector_0366_DRR735367,https://ftp.sra.ebi.ac.uk/vol1/fastq/DRR735/DRR735367/DRR735367_1.fastq.gz,https://ftp.sra.ebi.ac.uk/vol1/fastq/DRR735/DRR735367/DRR735367_2.fastq.gz,,mmapbench
seqinspector_0367_DRR858929,https://ftp.sra.ebi.ac.uk/vol1/fastq/DRR858/DRR858929/DRR858929_1.fastq.gz,https://ftp.sra.ebi.ac.uk/vol1/fastq/DRR858/DRR858929/DRR858929_2.fastq.gz,,mmapbench
seqinspector_0368_ERR11456239,https://ftp.sra.ebi.ac.uk/vol1/fastq/ERR114/039/ERR11456239/ERR11456239_1.fastq.gz,https://ftp.sra.ebi.ac.uk/vol1/fastq/ERR114/039/ERR11456239/ERR11456239_2.fastq.gz,,mmapbench
seqinspector_0369_ERR12220013,https://ftp.sra.ebi.ac.uk/vol1/fastq/ERR122/013/ERR12220013/ERR12220013_1.fastq.gz,https://ftp.sra.ebi.ac.uk/vol1/fastq/ERR122/013/ERR12220013/ERR12220013_2.fastq.gz,,mmapbench
seqinspector_0370_ERR3682629,https://ftp.sra.ebi.ac.uk/vol1/fastq/ERR368/009/ERR3682629/ERR3682629_1.fastq.gz,https://ftp.sra.ebi.ac.uk/vol1/fastq/ERR368/009/ERR3682629/ERR3682629_2.fastq.gz,,mmapbench
seqinspector_0371_ERR17459919,https://ftp.sra.ebi.ac.uk/vol1/fastq/ERR174/019/ERR17459919/ERR17459919_1.fastq.gz,https://ftp.sra.ebi.ac.uk/vol1/fastq/ERR174/019/ERR17459919/ERR17459919_2.fastq.gz,,mmapbench
seqinspector_0372_ERR16724608,https://ftp.sra.ebi.ac.uk/vol1/fastq/ERR167/008/ERR16724608/ERR16724608_1.fastq.gz,https://ftp.sra.ebi.ac.uk/vol1/fastq/ERR167/008/ERR16724608/ERR16724608_2.fastq.gz,,mmapbench
seqinspector_0373_ERR12220014,https://ftp.sra.ebi.ac.uk/vol1/fastq/ERR122/014/ERR12220014/ERR12220014_1.fastq.gz,https://ftp.sra.ebi.ac.uk/vol1/fastq/ERR122/014/ERR12220014/ERR12220014_2.fastq.gz,,mmapbench
seqinspector_0374_ERR15135898,https://ftp.sra.ebi.ac.uk/vol1/fastq/ERR151/098/ERR15135898/ERR15135898_1.fastq.gz,https://ftp.sra.ebi.ac.uk/vol1/fastq/ERR151/098/ERR15135898/ERR15135898_2.fastq.gz,,mmapbench
seqinspector_0375_ERR16710711,https://ftp.sra.ebi.ac.uk/vol1/fastq/ERR167/011/ERR16710711/ERR16710711_1.fastq.gz,https://ftp.sra.ebi.ac.uk/vol1/fastq/ERR167/011/ERR16710711/ERR16710711_2.fastq.gz,,mmapbench
seqinspector_0376_DRR735355,https://ftp.sra.ebi.ac.uk/vol1/fastq/DRR735/DRR735355/DRR735355_1.fastq.gz,https://ftp.sra.ebi.ac.uk/vol1/fastq/DRR735/DRR735355/DRR735355_2.fastq.gz,,mmapbench
seqinspector_0377_ERR10683303,https://ftp.sra.ebi.ac.uk/vol1/fastq/ERR106/003/ERR10683303/ERR10683303_1.fastq.gz,https://ftp.sra.ebi.ac.uk/vol1/fastq/ERR106/003/ERR10683303/ERR10683303_2.fastq.gz,,mmapbench
seqinspector_0378_ERR10897696,https://ftp.sra.ebi.ac.uk/vol1/fastq/ERR108/096/ERR10897696/ERR10897696_1.fastq.gz,https://ftp.sra.ebi.ac.uk/vol1/fastq/ERR108/096/ERR10897696/ERR10897696_2.fastq.gz,,mmapbench
seqinspector_0379_ERR13391510,https://ftp.sra.ebi.ac.uk/vol1/fastq/ERR133/010/ERR13391510/ERR13391510_1.fastq.gz,https://ftp.sra.ebi.ac.uk/vol1/fastq/ERR133/010/ERR13391510/ERR13391510_2.fastq.gz,,mmapbench
seqinspector_0380_ERR15315418,https://ftp.sra.ebi.ac.uk/vol1/fastq/ERR153/018/ERR15315418/ERR15315418_1.fastq.gz,https://ftp.sra.ebi.ac.uk/vol1/fastq/ERR153/018/ERR15315418/ERR15315418_2.fastq.gz,,mmapbench
seqinspector_0381_ERR12555293,https://ftp.sra.ebi.ac.uk/vol1/fastq/ERR125/093/ERR12555293/ERR12555293_1.fastq.gz,https://ftp.sra.ebi.ac.uk/vol1/fastq/ERR125/093/ERR12555293/ERR12555293_2.fastq.gz,,mmapbench
seqinspector_0382_DRR737877,https://ftp.sra.ebi.ac.uk/vol1/fastq/DRR737/DRR737877/DRR737877_1.fastq.gz,https://ftp.sra.ebi.ac.uk/vol1/fastq/DRR737/DRR737877/DRR737877_2.fastq.gz,,mmapbench
seqinspector_0383_DRR735664,https://ftp.sra.ebi.ac.uk/vol1/fastq/DRR735/DRR735664/DRR735664_1.fastq.gz,https://ftp.sra.ebi.ac.uk/vol1/fastq/DRR735/DRR735664/DRR735664_2.fastq.gz,,mmapbench
seqinspector_0384_ERR10897697,https://ftp.sra.ebi.ac.uk/vol1/fastq/ERR108/097/ERR10897697/ERR10897697_1.fastq.gz,https://ftp.sra.ebi.ac.uk/vol1/fastq/ERR108/097/ERR10897697/ERR10897697_2.fastq.gz,,mmapbench
seqinspector_0385_ERR10743880,https://ftp.sra.ebi.ac.uk/vol1/fastq/ERR107/080/ERR10743880/ERR10743880_1.fastq.gz,https://ftp.sra.ebi.ac.uk/vol1/fastq/ERR107/080/ERR10743880/ERR10743880_2.fastq.gz,,mmapbench
seqinspector_0386_DRR735082,https://ftp.sra.ebi.ac.uk/vol1/fastq/DRR735/DRR735082/DRR735082_1.fastq.gz,https://ftp.sra.ebi.ac.uk/vol1/fastq/DRR735/DRR735082/DRR735082_2.fastq.gz,,mmapbench
seqinspector_0387_ERR14121069,https://ftp.sra.ebi.ac.uk/vol1/fastq/ERR141/069/ERR14121069/ERR14121069_1.fastq.gz,https://ftp.sra.ebi.ac.uk/vol1/fastq/ERR141/069/ERR14121069/ERR14121069_2.fastq.gz,,mmapbench
seqinspector_0388_ERR10213625,https://ftp.sra.ebi.ac.uk/vol1/fastq/ERR102/025/ERR10213625/ERR10213625_1.fastq.gz,https://ftp.sra.ebi.ac.uk/vol1/fastq/ERR102/025/ERR10213625/ERR10213625_2.fastq.gz,,mmapbench
seqinspector_0389_ERR14946125,https://ftp.sra.ebi.ac.uk/vol1/fastq/ERR149/025/ERR14946125/ERR14946125_1.fastq.gz,https://ftp.sra.ebi.ac.uk/vol1/fastq/ERR149/025/ERR14946125/ERR14946125_2.fastq.gz,,mmapbench
seqinspector_0390_DRR735459,https://ftp.sra.ebi.ac.uk/vol1/fastq/DRR735/DRR735459/DRR735459_1.fastq.gz,https://ftp.sra.ebi.ac.uk/vol1/fastq/DRR735/DRR735459/DRR735459_2.fastq.gz,,mmapbench
seqinspector_0391_ERR14210872,https://ftp.sra.ebi.ac.uk/vol1/fastq/ERR142/072/ERR14210872/ERR14210872_1.fastq.gz,https://ftp.sra.ebi.ac.uk/vol1/fastq/ERR142/072/ERR14210872/ERR14210872_2.fastq.gz,,mmapbench
seqinspector_0392_ERR4502514,https://ftp.sra.ebi.ac.uk/vol1/fastq/ERR450/004/ERR4502514/ERR4502514_1.fastq.gz,https://ftp.sra.ebi.ac.uk/vol1/fastq/ERR450/004/ERR4502514/ERR4502514_2.fastq.gz,,mmapbench
seqinspector_0393_ERR10682653,https://ftp.sra.ebi.ac.uk/vol1/fastq/ERR106/053/ERR10682653/ERR10682653_1.fastq.gz,https://ftp.sra.ebi.ac.uk/vol1/fastq/ERR106/053/ERR10682653/ERR10682653_2.fastq.gz,,mmapbench
seqinspector_0394_ERR13061367,https://ftp.sra.ebi.ac.uk/vol1/fastq/ERR130/067/ERR13061367/ERR13061367_1.fastq.gz,https://ftp.sra.ebi.ac.uk/vol1/fastq/ERR130/067/ERR13061367/ERR13061367_2.fastq.gz,,mmapbench
seqinspector_0395_ERR15695921,https://ftp.sra.ebi.ac.uk/vol1/fastq/ERR156/021/ERR15695921/ERR15695921_1.fastq.gz,https://ftp.sra.ebi.ac.uk/vol1/fastq/ERR156/021/ERR15695921/ERR15695921_2.fastq.gz,,mmapbench
seqinspector_0396_ERR4502645,https://ftp.sra.ebi.ac.uk/vol1/fastq/ERR450/005/ERR4502645/ERR4502645_1.fastq.gz,https://ftp.sra.ebi.ac.uk/vol1/fastq/ERR450/005/ERR4502645/ERR4502645_2.fastq.gz,,mmapbench
seqinspector_0397_ERR12032933,https://ftp.sra.ebi.ac.uk/vol1/fastq/ERR120/033/ERR12032933/ERR12032933_1.fastq.gz,https://ftp.sra.ebi.ac.uk/vol1/fastq/ERR120/033/ERR12032933/ERR12032933_2.fastq.gz,,mmapbench
seqinspector_0398_DRR735600,https://ftp.sra.ebi.ac.uk/vol1/fastq/DRR735/DRR735600/DRR735600_1.fastq.gz,https://ftp.sra.ebi.ac.uk/vol1/fastq/DRR735/DRR735600/DRR735600_2.fastq.gz,,mmapbench
seqinspector_0399_DRR735253,https://ftp.sra.ebi.ac.uk/vol1/fastq/DRR735/DRR735253/DRR735253_1.fastq.gz,https://ftp.sra.ebi.ac.uk/vol1/fastq/DRR735/DRR735253/DRR735253_2.fastq.gz,,mmapbench
seqinspector_0400_DRR735504,https://ftp.sra.ebi.ac.uk/vol1/fastq/DRR735/DRR735504/DRR735504_1.fastq.gz,https://ftp.sra.ebi.ac.uk/vol1/fastq/DRR735/DRR735504/DRR735504_2.fastq.gz,,mmapbench
seqinspector_0401_ERR4575529,https://ftp.sra.ebi.ac.uk/vol1/fastq/ERR457/009/ERR4575529/ERR4575529_1.fastq.gz,https://ftp.sra.ebi.ac.uk/vol1/fastq/ERR457/009/ERR4575529/ERR4575529_2.fastq.gz,,mmapbench
seqinspector_0402_ERR14211378,https://ftp.sra.ebi.ac.uk/vol1/fastq/ERR142/078/ERR14211378/ERR14211378_1.fastq.gz,https://ftp.sra.ebi.ac.uk/vol1/fastq/ERR142/078/ERR14211378/ERR14211378_2.fastq.gz,,mmapbench
seqinspector_0403_DRR735561,https://ftp.sra.ebi.ac.uk/vol1/fastq/DRR735/DRR735561/DRR735561_1.fastq.gz,https://ftp.sra.ebi.ac.uk/vol1/fastq/DRR735/DRR735561/DRR735561_2.fastq.gz,,mmapbench
seqinspector_0404_ERR11627264,https://ftp.sra.ebi.ac.uk/vol1/fastq/ERR116/064/ERR11627264/ERR11627264_1.fastq.gz,https://ftp.sra.ebi.ac.uk/vol1/fastq/ERR116/064/ERR11627264/ERR11627264_2.fastq.gz,,mmapbench
seqinspector_0405_DRR735277,https://ftp.sra.ebi.ac.uk/vol1/fastq/DRR735/DRR735277/DRR735277_1.fastq.gz,https://ftp.sra.ebi.ac.uk/vol1/fastq/DRR735/DRR735277/DRR735277_2.fastq.gz,,mmapbench
seqinspector_0406_DRR771732,https://ftp.sra.ebi.ac.uk/vol1/fastq/DRR771/DRR771732/DRR771732_1.fastq.gz,https://ftp.sra.ebi.ac.uk/vol1/fastq/DRR771/DRR771732/DRR771732_2.fastq.gz,,mmapbench
seqinspector_0407_ERR17459714,https://ftp.sra.ebi.ac.uk/vol1/fastq/ERR174/014/ERR17459714/ERR17459714_1.fastq.gz,https://ftp.sra.ebi.ac.uk/vol1/fastq/ERR174/014/ERR17459714/ERR17459714_2.fastq.gz,,mmapbench
seqinspector_0408_ERR12219778,https://ftp.sra.ebi.ac.uk/vol1/fastq/ERR122/078/ERR12219778/ERR12219778_1.fastq.gz,https://ftp.sra.ebi.ac.uk/vol1/fastq/ERR122/078/ERR12219778/ERR12219778_2.fastq.gz,,mmapbench
seqinspector_0409_ERR14194753,https://ftp.sra.ebi.ac.uk/vol1/fastq/ERR141/053/ERR14194753/ERR14194753_1.fastq.gz,https://ftp.sra.ebi.ac.uk/vol1/fastq/ERR141/053/ERR14194753/ERR14194753_2.fastq.gz,,mmapbench
seqinspector_0410_ERR17461403,https://ftp.sra.ebi.ac.uk/vol1/fastq/ERR174/003/ERR17461403/ERR17461403_1.fastq.gz,https://ftp.sra.ebi.ac.uk/vol1/fastq/ERR174/003/ERR17461403/ERR17461403_2.fastq.gz,,mmapbench
seqinspector_0411_ERR16004217,https://ftp.sra.ebi.ac.uk/vol1/fastq/ERR160/017/ERR16004217/ERR16004217_1.fastq.gz,https://ftp.sra.ebi.ac.uk/vol1/fastq/ERR160/017/ERR16004217/ERR16004217_2.fastq.gz,,mmapbench
seqinspector_0412_ERR11627297,https://ftp.sra.ebi.ac.uk/vol1/fastq/ERR116/097/ERR11627297/ERR11627297_1.fastq.gz,https://ftp.sra.ebi.ac.uk/vol1/fastq/ERR116/097/ERR11627297/ERR11627297_2.fastq.gz,,mmapbench
seqinspector_0413_ERR16721505,https://ftp.sra.ebi.ac.uk/vol1/fastq/ERR167/005/ERR16721505/ERR16721505_1.fastq.gz,https://ftp.sra.ebi.ac.uk/vol1/fastq/ERR167/005/ERR16721505/ERR16721505_2.fastq.gz,,mmapbench
seqinspector_0414_ERR14801814,https://ftp.sra.ebi.ac.uk/vol1/fastq/ERR148/014/ERR14801814/ERR14801814_1.fastq.gz,https://ftp.sra.ebi.ac.uk/vol1/fastq/ERR148/014/ERR14801814/ERR14801814_2.fastq.gz,,mmapbench
seqinspector_0415_ERR13391489,https://ftp.sra.ebi.ac.uk/vol1/fastq/ERR133/089/ERR13391489/ERR13391489_1.fastq.gz,https://ftp.sra.ebi.ac.uk/vol1/fastq/ERR133/089/ERR13391489/ERR13391489_2.fastq.gz,,mmapbench
seqinspector_0416_DRR735576,https://ftp.sra.ebi.ac.uk/vol1/fastq/DRR735/DRR735576/DRR735576_1.fastq.gz,https://ftp.sra.ebi.ac.uk/vol1/fastq/DRR735/DRR735576/DRR735576_2.fastq.gz,,mmapbench
seqinspector_0417_DRR735119,https://ftp.sra.ebi.ac.uk/vol1/fastq/DRR735/DRR735119/DRR735119_1.fastq.gz,https://ftp.sra.ebi.ac.uk/vol1/fastq/DRR735/DRR735119/DRR735119_2.fastq.gz,,mmapbench
seqinspector_0418_ERR14789115,https://ftp.sra.ebi.ac.uk/vol1/fastq/ERR147/015/ERR14789115/ERR14789115_1.fastq.gz,https://ftp.sra.ebi.ac.uk/vol1/fastq/ERR147/015/ERR14789115/ERR14789115_2.fastq.gz,,mmapbench
seqinspector_0419_ERR14788936,https://ftp.sra.ebi.ac.uk/vol1/fastq/ERR147/036/ERR14788936/ERR14788936_1.fastq.gz,https://ftp.sra.ebi.ac.uk/vol1/fastq/ERR147/036/ERR14788936/ERR14788936_2.fastq.gz,,mmapbench
seqinspector_0420_ERR16010781,https://ftp.sra.ebi.ac.uk/vol1/fastq/ERR160/081/ERR16010781/ERR16010781_1.fastq.gz,https://ftp.sra.ebi.ac.uk/vol1/fastq/ERR160/081/ERR16010781/ERR16010781_2.fastq.gz,,mmapbench
seqinspector_0421_ERR10742956,https://ftp.sra.ebi.ac.uk/vol1/fastq/ERR107/056/ERR10742956/ERR10742956_1.fastq.gz,https://ftp.sra.ebi.ac.uk/vol1/fastq/ERR107/056/ERR10742956/ERR10742956_2.fastq.gz,,mmapbench
seqinspector_0422_DRR735151,https://ftp.sra.ebi.ac.uk/vol1/fastq/DRR735/DRR735151/DRR735151_1.fastq.gz,https://ftp.sra.ebi.ac.uk/vol1/fastq/DRR735/DRR735151/DRR735151_2.fastq.gz,,mmapbench
seqinspector_0423_DRR872363,https://ftp.sra.ebi.ac.uk/vol1/fastq/DRR872/DRR872363/DRR872363_1.fastq.gz,https://ftp.sra.ebi.ac.uk/vol1/fastq/DRR872/DRR872363/DRR872363_2.fastq.gz,,mmapbench
seqinspector_0424_ERR12520584,https://ftp.sra.ebi.ac.uk/vol1/fastq/ERR125/084/ERR12520584/ERR12520584_1.fastq.gz,https://ftp.sra.ebi.ac.uk/vol1/fastq/ERR125/084/ERR12520584/ERR12520584_2.fastq.gz,,mmapbench
seqinspector_0425_ERR16718790,https://ftp.sra.ebi.ac.uk/vol1/fastq/ERR167/090/ERR16718790/ERR16718790_1.fastq.gz,https://ftp.sra.ebi.ac.uk/vol1/fastq/ERR167/090/ERR16718790/ERR16718790_2.fastq.gz,,mmapbench
seqinspector_0426_ERR12217710,https://ftp.sra.ebi.ac.uk/vol1/fastq/ERR122/010/ERR12217710/ERR12217710_1.fastq.gz,https://ftp.sra.ebi.ac.uk/vol1/fastq/ERR122/010/ERR12217710/ERR12217710_2.fastq.gz,,mmapbench
seqinspector_0427_ERR11627266,https://ftp.sra.ebi.ac.uk/vol1/fastq/ERR116/066/ERR11627266/ERR11627266_1.fastq.gz,https://ftp.sra.ebi.ac.uk/vol1/fastq/ERR116/066/ERR11627266/ERR11627266_2.fastq.gz,,mmapbench
seqinspector_0428_ERR11627248,https://ftp.sra.ebi.ac.uk/vol1/fastq/ERR116/048/ERR11627248/ERR11627248_1.fastq.gz,https://ftp.sra.ebi.ac.uk/vol1/fastq/ERR116/048/ERR11627248/ERR11627248_2.fastq.gz,,mmapbench
seqinspector_0429_ERR16711683,https://ftp.sra.ebi.ac.uk/vol1/fastq/ERR167/083/ERR16711683/ERR16711683_1.fastq.gz,https://ftp.sra.ebi.ac.uk/vol1/fastq/ERR167/083/ERR16711683/ERR16711683_2.fastq.gz,,mmapbench
seqinspector_0430_ERR12218823,https://ftp.sra.ebi.ac.uk/vol1/fastq/ERR122/023/ERR12218823/ERR12218823_1.fastq.gz,https://ftp.sra.ebi.ac.uk/vol1/fastq/ERR122/023/ERR12218823/ERR12218823_2.fastq.gz,,mmapbench
seqinspector_0431_DRR735563,https://ftp.sra.ebi.ac.uk/vol1/fastq/DRR735/DRR735563/DRR735563_1.fastq.gz,https://ftp.sra.ebi.ac.uk/vol1/fastq/DRR735/DRR735563/DRR735563_2.fastq.gz,,mmapbench
seqinspector_0432_DRR858931,https://ftp.sra.ebi.ac.uk/vol1/fastq/DRR858/DRR858931/DRR858931_1.fastq.gz,https://ftp.sra.ebi.ac.uk/vol1/fastq/DRR858/DRR858931/DRR858931_2.fastq.gz,,mmapbench
seqinspector_0433_DRR858895,https://ftp.sra.ebi.ac.uk/vol1/fastq/DRR858/DRR858895/DRR858895_1.fastq.gz,https://ftp.sra.ebi.ac.uk/vol1/fastq/DRR858/DRR858895/DRR858895_2.fastq.gz,,mmapbench
seqinspector_0434_DRR858924,https://ftp.sra.ebi.ac.uk/vol1/fastq/DRR858/DRR858924/DRR858924_1.fastq.gz,https://ftp.sra.ebi.ac.uk/vol1/fastq/DRR858/DRR858924/DRR858924_2.fastq.gz,,mmapbench
seqinspector_0435_ERR12220009,https://ftp.sra.ebi.ac.uk/vol1/fastq/ERR122/009/ERR12220009/ERR12220009_1.fastq.gz,https://ftp.sra.ebi.ac.uk/vol1/fastq/ERR122/009/ERR12220009/ERR12220009_2.fastq.gz,,mmapbench
seqinspector_0436_ERR16148391,https://ftp.sra.ebi.ac.uk/vol1/fastq/ERR161/091/ERR16148391/ERR16148391_1.fastq.gz,https://ftp.sra.ebi.ac.uk/vol1/fastq/ERR161/091/ERR16148391/ERR16148391_2.fastq.gz,,mmapbench
seqinspector_0437_ERR12038320,https://ftp.sra.ebi.ac.uk/vol1/fastq/ERR120/020/ERR12038320/ERR12038320_1.fastq.gz,https://ftp.sra.ebi.ac.uk/vol1/fastq/ERR120/020/ERR12038320/ERR12038320_2.fastq.gz,,mmapbench
seqinspector_0438_DRR735186,https://ftp.sra.ebi.ac.uk/vol1/fastq/DRR735/DRR735186/DRR735186_1.fastq.gz,https://ftp.sra.ebi.ac.uk/vol1/fastq/DRR735/DRR735186/DRR735186_2.fastq.gz,,mmapbench
seqinspector_0439_ERR14195718,https://ftp.sra.ebi.ac.uk/vol1/fastq/ERR141/018/ERR14195718/ERR14195718_1.fastq.gz,https://ftp.sra.ebi.ac.uk/vol1/fastq/ERR141/018/ERR14195718/ERR14195718_2.fastq.gz,,mmapbench
seqinspector_0440_DRR735361,https://ftp.sra.ebi.ac.uk/vol1/fastq/DRR735/DRR735361/DRR735361_1.fastq.gz,https://ftp.sra.ebi.ac.uk/vol1/fastq/DRR735/DRR735361/DRR735361_2.fastq.gz,,mmapbench
seqinspector_0441_ERR16011294,https://ftp.sra.ebi.ac.uk/vol1/fastq/ERR160/094/ERR16011294/ERR16011294_1.fastq.gz,https://ftp.sra.ebi.ac.uk/vol1/fastq/ERR160/094/ERR16011294/ERR16011294_2.fastq.gz,,mmapbench
seqinspector_0442_ERR14853868,https://ftp.sra.ebi.ac.uk/vol1/fastq/ERR148/068/ERR14853868/ERR14853868_1.fastq.gz,https://ftp.sra.ebi.ac.uk/vol1/fastq/ERR148/068/ERR14853868/ERR14853868_2.fastq.gz,,mmapbench
seqinspector_0443_ERR11669289,https://ftp.sra.ebi.ac.uk/vol1/fastq/ERR116/089/ERR11669289/ERR11669289_1.fastq.gz,https://ftp.sra.ebi.ac.uk/vol1/fastq/ERR116/089/ERR11669289/ERR11669289_2.fastq.gz,,mmapbench
seqinspector_0444_ERR15114830,https://ftp.sra.ebi.ac.uk/vol1/fastq/ERR151/030/ERR15114830/ERR15114830_1.fastq.gz,https://ftp.sra.ebi.ac.uk/vol1/fastq/ERR151/030/ERR15114830/ERR15114830_2.fastq.gz,,mmapbench
seqinspector_0445_ERR14802623,https://ftp.sra.ebi.ac.uk/vol1/fastq/ERR148/023/ERR14802623/ERR14802623_1.fastq.gz,https://ftp.sra.ebi.ac.uk/vol1/fastq/ERR148/023/ERR14802623/ERR14802623_2.fastq.gz,,mmapbench
seqinspector_0446_ERR4503362,https://ftp.sra.ebi.ac.uk/vol1/fastq/ERR450/002/ERR4503362/ERR4503362_1.fastq.gz,https://ftp.sra.ebi.ac.uk/vol1/fastq/ERR450/002/ERR4503362/ERR4503362_2.fastq.gz,,mmapbench
seqinspector_0447_ERR10742728,https://ftp.sra.ebi.ac.uk/vol1/fastq/ERR107/028/ERR10742728/ERR10742728_1.fastq.gz,https://ftp.sra.ebi.ac.uk/vol1/fastq/ERR107/028/ERR10742728/ERR10742728_2.fastq.gz,,mmapbench
seqinspector_0448_DRR735229,https://ftp.sra.ebi.ac.uk/vol1/fastq/DRR735/DRR735229/DRR735229_1.fastq.gz,https://ftp.sra.ebi.ac.uk/vol1/fastq/DRR735/DRR735229/DRR735229_2.fastq.gz,,mmapbench
seqinspector_0449_ERR2728751,https://ftp.sra.ebi.ac.uk/vol1/fastq/ERR272/001/ERR2728751/ERR2728751_1.fastq.gz,https://ftp.sra.ebi.ac.uk/vol1/fastq/ERR272/001/ERR2728751/ERR2728751_2.fastq.gz,,mmapbench
seqinspector_0450_ERR12217673,https://ftp.sra.ebi.ac.uk/vol1/fastq/ERR122/073/ERR12217673/ERR12217673_1.fastq.gz,https://ftp.sra.ebi.ac.uk/vol1/fastq/ERR122/073/ERR12217673/ERR12217673_2.fastq.gz,,mmapbench
seqinspector_0451_ERR2863526,https://ftp.sra.ebi.ac.uk/vol1/fastq/ERR286/006/ERR2863526/ERR2863526_1.fastq.gz,https://ftp.sra.ebi.ac.uk/vol1/fastq/ERR286/006/ERR2863526/ERR2863526_2.fastq.gz,,mmapbench
seqinspector_0452_ERR14210972,https://ftp.sra.ebi.ac.uk/vol1/fastq/ERR142/072/ERR14210972/ERR14210972_1.fastq.gz,https://ftp.sra.ebi.ac.uk/vol1/fastq/ERR142/072/ERR14210972/ERR14210972_2.fastq.gz,,mmapbench
seqinspector_0453_DRR737861,https://ftp.sra.ebi.ac.uk/vol1/fastq/DRR737/DRR737861/DRR737861_1.fastq.gz,https://ftp.sra.ebi.ac.uk/vol1/fastq/DRR737/DRR737861/DRR737861_2.fastq.gz,,mmapbench
seqinspector_0454_ERR13061441,https://ftp.sra.ebi.ac.uk/vol1/fastq/ERR130/041/ERR13061441/ERR13061441_1.fastq.gz,https://ftp.sra.ebi.ac.uk/vol1/fastq/ERR130/041/ERR13061441/ERR13061441_2.fastq.gz,,mmapbench
seqinspector_0455_ERR11831053,https://ftp.sra.ebi.ac.uk/vol1/fastq/ERR118/053/ERR11831053/ERR11831053_1.fastq.gz,https://ftp.sra.ebi.ac.uk/vol1/fastq/ERR118/053/ERR11831053/ERR11831053_2.fastq.gz,,mmapbench
seqinspector_0456_ERR11489445,https://ftp.sra.ebi.ac.uk/vol1/fastq/ERR114/045/ERR11489445/ERR11489445_1.fastq.gz,https://ftp.sra.ebi.ac.uk/vol1/fastq/ERR114/045/ERR11489445/ERR11489445_2.fastq.gz,,mmapbench
seqinspector_0457_ERR14049338,https://ftp.sra.ebi.ac.uk/vol1/fastq/ERR140/038/ERR14049338/ERR14049338_1.fastq.gz,https://ftp.sra.ebi.ac.uk/vol1/fastq/ERR140/038/ERR14049338/ERR14049338_2.fastq.gz,,mmapbench
seqinspector_0458_DRR734901,https://ftp.sra.ebi.ac.uk/vol1/fastq/DRR734/DRR734901/DRR734901_1.fastq.gz,https://ftp.sra.ebi.ac.uk/vol1/fastq/DRR734/DRR734901/DRR734901_2.fastq.gz,,mmapbench
seqinspector_0459_DRR858854,https://ftp.sra.ebi.ac.uk/vol1/fastq/DRR858/DRR858854/DRR858854_1.fastq.gz,https://ftp.sra.ebi.ac.uk/vol1/fastq/DRR858/DRR858854/DRR858854_2.fastq.gz,,mmapbench
seqinspector_0460_ERR13061467,https://ftp.sra.ebi.ac.uk/vol1/fastq/ERR130/067/ERR13061467/ERR13061467_1.fastq.gz,https://ftp.sra.ebi.ac.uk/vol1/fastq/ERR130/067/ERR13061467/ERR13061467_2.fastq.gz,,mmapbench
seqinspector_0461_ERR16055820,https://ftp.sra.ebi.ac.uk/vol1/fastq/ERR160/020/ERR16055820/ERR16055820_1.fastq.gz,https://ftp.sra.ebi.ac.uk/vol1/fastq/ERR160/020/ERR16055820/ERR16055820_2.fastq.gz,,mmapbench
seqinspector_0462_ERR13583528,https://ftp.sra.ebi.ac.uk/vol1/fastq/ERR135/028/ERR13583528/ERR13583528_1.fastq.gz,https://ftp.sra.ebi.ac.uk/vol1/fastq/ERR135/028/ERR13583528/ERR13583528_2.fastq.gz,,mmapbench
seqinspector_0463_DRR858941,https://ftp.sra.ebi.ac.uk/vol1/fastq/DRR858/DRR858941/DRR858941_1.fastq.gz,https://ftp.sra.ebi.ac.uk/vol1/fastq/DRR858/DRR858941/DRR858941_2.fastq.gz,,mmapbench
seqinspector_0464_ERR16908472,https://ftp.sra.ebi.ac.uk/vol1/fastq/ERR169/072/ERR16908472/ERR16908472_1.fastq.gz,https://ftp.sra.ebi.ac.uk/vol1/fastq/ERR169/072/ERR16908472/ERR16908472_2.fastq.gz,,mmapbench
seqinspector_0465_ERR11627296,https://ftp.sra.ebi.ac.uk/vol1/fastq/ERR116/096/ERR11627296/ERR11627296_1.fastq.gz,https://ftp.sra.ebi.ac.uk/vol1/fastq/ERR116/096/ERR11627296/ERR11627296_2.fastq.gz,,mmapbench
seqinspector_0466_ERR14211143,https://ftp.sra.ebi.ac.uk/vol1/fastq/ERR142/043/ERR14211143/ERR14211143_1.fastq.gz,https://ftp.sra.ebi.ac.uk/vol1/fastq/ERR142/043/ERR14211143/ERR14211143_2.fastq.gz,,mmapbench
seqinspector_0467_ERR14789093,https://ftp.sra.ebi.ac.uk/vol1/fastq/ERR147/093/ERR14789093/ERR14789093_1.fastq.gz,https://ftp.sra.ebi.ac.uk/vol1/fastq/ERR147/093/ERR14789093/ERR14789093_2.fastq.gz,,mmapbench
seqinspector_0468_ERR12217712,https://ftp.sra.ebi.ac.uk/vol1/fastq/ERR122/012/ERR12217712/ERR12217712_1.fastq.gz,https://ftp.sra.ebi.ac.uk/vol1/fastq/ERR122/012/ERR12217712/ERR12217712_2.fastq.gz,,mmapbench
seqinspector_0469_ERR13337449,https://ftp.sra.ebi.ac.uk/vol1/fastq/ERR133/049/ERR13337449/ERR13337449_1.fastq.gz,https://ftp.sra.ebi.ac.uk/vol1/fastq/ERR133/049/ERR13337449/ERR13337449_2.fastq.gz,,mmapbench
seqinspector_0470_ERR15135509,https://ftp.sra.ebi.ac.uk/vol1/fastq/ERR151/009/ERR15135509/ERR15135509_1.fastq.gz,https://ftp.sra.ebi.ac.uk/vol1/fastq/ERR151/009/ERR15135509/ERR15135509_2.fastq.gz,,mmapbench
seqinspector_0471_ERR2611533,https://ftp.sra.ebi.ac.uk/vol1/fastq/ERR261/003/ERR2611533/ERR2611533_1.fastq.gz,https://ftp.sra.ebi.ac.uk/vol1/fastq/ERR261/003/ERR2611533/ERR2611533_2.fastq.gz,,mmapbench
seqinspector_0472_DRR858853,https://ftp.sra.ebi.ac.uk/vol1/fastq/DRR858/DRR858853/DRR858853_1.fastq.gz,https://ftp.sra.ebi.ac.uk/vol1/fastq/DRR858/DRR858853/DRR858853_2.fastq.gz,,mmapbench
seqinspector_0473_ERR17461581,https://ftp.sra.ebi.ac.uk/vol1/fastq/ERR174/081/ERR17461581/ERR17461581_1.fastq.gz,https://ftp.sra.ebi.ac.uk/vol1/fastq/ERR174/081/ERR17461581/ERR17461581_2.fastq.gz,,mmapbench
seqinspector_0474_DRR858921,https://ftp.sra.ebi.ac.uk/vol1/fastq/DRR858/DRR858921/DRR858921_1.fastq.gz,https://ftp.sra.ebi.ac.uk/vol1/fastq/DRR858/DRR858921/DRR858921_2.fastq.gz,,mmapbench
seqinspector_0475_ERR16764716,https://ftp.sra.ebi.ac.uk/vol1/fastq/ERR167/016/ERR16764716/ERR16764716_1.fastq.gz,https://ftp.sra.ebi.ac.uk/vol1/fastq/ERR167/016/ERR16764716/ERR16764716_2.fastq.gz,,mmapbench
seqinspector_0476_DRR858860,https://ftp.sra.ebi.ac.uk/vol1/fastq/DRR858/DRR858860/DRR858860_1.fastq.gz,https://ftp.sra.ebi.ac.uk/vol1/fastq/DRR858/DRR858860/DRR858860_2.fastq.gz,,mmapbench
seqinspector_0477_ERR14195477,https://ftp.sra.ebi.ac.uk/vol1/fastq/ERR141/077/ERR14195477/ERR14195477_1.fastq.gz,https://ftp.sra.ebi.ac.uk/vol1/fastq/ERR141/077/ERR14195477/ERR14195477_2.fastq.gz,,mmapbench
seqinspector_0478_ERR12555226,https://ftp.sra.ebi.ac.uk/vol1/fastq/ERR125/026/ERR12555226/ERR12555226_1.fastq.gz,https://ftp.sra.ebi.ac.uk/vol1/fastq/ERR125/026/ERR12555226/ERR12555226_2.fastq.gz,,mmapbench
seqinspector_0479_DRR734907,https://ftp.sra.ebi.ac.uk/vol1/fastq/DRR734/DRR734907/DRR734907_1.fastq.gz,https://ftp.sra.ebi.ac.uk/vol1/fastq/DRR734/DRR734907/DRR734907_2.fastq.gz,,mmapbench
seqinspector_0480_ERR4503426,https://ftp.sra.ebi.ac.uk/vol1/fastq/ERR450/006/ERR4503426/ERR4503426_1.fastq.gz,https://ftp.sra.ebi.ac.uk/vol1/fastq/ERR450/006/ERR4503426/ERR4503426_2.fastq.gz,,mmapbench
seqinspector_0481_ERR10682995,https://ftp.sra.ebi.ac.uk/vol1/fastq/ERR106/095/ERR10682995/ERR10682995_1.fastq.gz,https://ftp.sra.ebi.ac.uk/vol1/fastq/ERR106/095/ERR10682995/ERR10682995_2.fastq.gz,,mmapbench
seqinspector_0482_ERR16720385,https://ftp.sra.ebi.ac.uk/vol1/fastq/ERR167/085/ERR16720385/ERR16720385_1.fastq.gz,https://ftp.sra.ebi.ac.uk/vol1/fastq/ERR167/085/ERR16720385/ERR16720385_2.fastq.gz,,mmapbench
seqinspector_0483_ERR16710847,https://ftp.sra.ebi.ac.uk/vol1/fastq/ERR167/047/ERR16710847/ERR16710847_1.fastq.gz,https://ftp.sra.ebi.ac.uk/vol1/fastq/ERR167/047/ERR16710847/ERR16710847_2.fastq.gz,,mmapbench
seqinspector_0484_ERR12219120,https://ftp.sra.ebi.ac.uk/vol1/fastq/ERR122/020/ERR12219120/ERR12219120_1.fastq.gz,https://ftp.sra.ebi.ac.uk/vol1/fastq/ERR122/020/ERR12219120/ERR12219120_2.fastq.gz,,mmapbench
seqinspector_0485_ERR3682692,https://ftp.sra.ebi.ac.uk/vol1/fastq/ERR368/002/ERR3682692/ERR3682692_1.fastq.gz,https://ftp.sra.ebi.ac.uk/vol1/fastq/ERR368/002/ERR3682692/ERR3682692_2.fastq.gz,,mmapbench
seqinspector_0486_ERR11627234,https://ftp.sra.ebi.ac.uk/vol1/fastq/ERR116/034/ERR11627234/ERR11627234_1.fastq.gz,https://ftp.sra.ebi.ac.uk/vol1/fastq/ERR116/034/ERR11627234/ERR11627234_2.fastq.gz,,mmapbench
seqinspector_0487_DRR858923,https://ftp.sra.ebi.ac.uk/vol1/fastq/DRR858/DRR858923/DRR858923_1.fastq.gz,https://ftp.sra.ebi.ac.uk/vol1/fastq/DRR858/DRR858923/DRR858923_2.fastq.gz,,mmapbench
seqinspector_0488_ERR2611552,https://ftp.sra.ebi.ac.uk/vol1/fastq/ERR261/002/ERR2611552/ERR2611552_1.fastq.gz,https://ftp.sra.ebi.ac.uk/vol1/fastq/ERR261/002/ERR2611552/ERR2611552_2.fastq.gz,,mmapbench
seqinspector_0489_ERR4502967,https://ftp.sra.ebi.ac.uk/vol1/fastq/ERR450/007/ERR4502967/ERR4502967_1.fastq.gz,https://ftp.sra.ebi.ac.uk/vol1/fastq/ERR450/007/ERR4502967/ERR4502967_2.fastq.gz,,mmapbench
seqinspector_0490_ERR10677949,https://ftp.sra.ebi.ac.uk/vol1/fastq/ERR106/049/ERR10677949/ERR10677949_1.fastq.gz,https://ftp.sra.ebi.ac.uk/vol1/fastq/ERR106/049/ERR10677949/ERR10677949_2.fastq.gz,,mmapbench
seqinspector_0491_ERR16044892,https://ftp.sra.ebi.ac.uk/vol1/fastq/ERR160/092/ERR16044892/ERR16044892_1.fastq.gz,https://ftp.sra.ebi.ac.uk/vol1/fastq/ERR160/092/ERR16044892/ERR16044892_2.fastq.gz,,mmapbench
seqinspector_0492_ERR14946161,https://ftp.sra.ebi.ac.uk/vol1/fastq/ERR149/061/ERR14946161/ERR14946161_1.fastq.gz,https://ftp.sra.ebi.ac.uk/vol1/fastq/ERR149/061/ERR14946161/ERR14946161_2.fastq.gz,,mmapbench
seqinspector_0493_DRR735548,https://ftp.sra.ebi.ac.uk/vol1/fastq/DRR735/DRR735548/DRR735548_1.fastq.gz,https://ftp.sra.ebi.ac.uk/vol1/fastq/DRR735/DRR735548/DRR735548_2.fastq.gz,,mmapbench
seqinspector_0494_ERR15136061,https://ftp.sra.ebi.ac.uk/vol1/fastq/ERR151/061/ERR15136061/ERR15136061_1.fastq.gz,https://ftp.sra.ebi.ac.uk/vol1/fastq/ERR151/061/ERR15136061/ERR15136061_2.fastq.gz,,mmapbench
seqinspector_0495_ERR2611646,https://ftp.sra.ebi.ac.uk/vol1/fastq/ERR261/006/ERR2611646/ERR2611646_1.fastq.gz,https://ftp.sra.ebi.ac.uk/vol1/fastq/ERR261/006/ERR2611646/ERR2611646_2.fastq.gz,,mmapbench
seqinspector_0496_ERR11627267,https://ftp.sra.ebi.ac.uk/vol1/fastq/ERR116/067/ERR11627267/ERR11627267_1.fastq.gz,https://ftp.sra.ebi.ac.uk/vol1/fastq/ERR116/067/ERR11627267/ERR11627267_2.fastq.gz,,mmapbench
seqinspector_0497_ERR4181691,https://ftp.sra.ebi.ac.uk/vol1/fastq/ERR418/001/ERR4181691/ERR4181691_1.fastq.gz,https://ftp.sra.ebi.ac.uk/vol1/fastq/ERR418/001/ERR4181691/ERR4181691_2.fastq.gz,,mmapbench
seqinspector_0498_ERR12220010,https://ftp.sra.ebi.ac.uk/vol1/fastq/ERR122/010/ERR12220010/ERR12220010_1.fastq.gz,https://ftp.sra.ebi.ac.uk/vol1/fastq/ERR122/010/ERR12220010/ERR12220010_2.fastq.gz,,mmapbench
seqinspector_0499_ERR11456185,https://ftp.sra.ebi.ac.uk/vol1/fastq/ERR114/085/ERR11456185/ERR11456185_1.fastq.gz,https://ftp.sra.ebi.ac.uk/vol1/fastq/ERR114/085/ERR11456185/ERR11456185_2.fastq.gz,,mmapbench
seqinspector_0500_DRR735665,https://ftp.sra.ebi.ac.uk/vol1/fastq/DRR735/DRR735665/DRR735665_1.fastq.gz,https://ftp.sra.ebi.ac.uk/vol1/fastq/DRR735/DRR735665/DRR735665_2.fastq.gz,,mmapbench
seqinspector_0501_DRR735651,https://ftp.sra.ebi.ac.uk/vol1/fastq/DRR735/DRR735651/DRR735651_1.fastq.gz,https://ftp.sra.ebi.ac.uk/vol1/fastq/DRR735/DRR735651/DRR735651_2.fastq.gz,,mmapbench
seqinspector_0502_ERR16719534,https://ftp.sra.ebi.ac.uk/vol1/fastq/ERR167/034/ERR16719534/ERR16719534_1.fastq.gz,https://ftp.sra.ebi.ac.uk/vol1/fastq/ERR167/034/ERR16719534/ERR16719534_2.fastq.gz,,mmapbench
seqinspector_0503_ERR3726790,https://ftp.sra.ebi.ac.uk/vol1/fastq/ERR372/000/ERR3726790/ERR3726790_1.fastq.gz,https://ftp.sra.ebi.ac.uk/vol1/fastq/ERR372/000/ERR3726790/ERR3726790_2.fastq.gz,,mmapbench
seqinspector_0504_DRR735340,https://ftp.sra.ebi.ac.uk/vol1/fastq/DRR735/DRR735340/DRR735340_1.fastq.gz,https://ftp.sra.ebi.ac.uk/vol1/fastq/DRR735/DRR735340/DRR735340_2.fastq.gz,,mmapbench
seqinspector_0505_ERR10677951,https://ftp.sra.ebi.ac.uk/vol1/fastq/ERR106/051/ERR10677951/ERR10677951_1.fastq.gz,https://ftp.sra.ebi.ac.uk/vol1/fastq/ERR106/051/ERR10677951/ERR10677951_2.fastq.gz,,mmapbench
seqinspector_0506_DRR735134,https://ftp.sra.ebi.ac.uk/vol1/fastq/DRR735/DRR735134/DRR735134_1.fastq.gz,https://ftp.sra.ebi.ac.uk/vol1/fastq/DRR735/DRR735134/DRR735134_2.fastq.gz,,mmapbench
seqinspector_0507_DRR735164,https://ftp.sra.ebi.ac.uk/vol1/fastq/DRR735/DRR735164/DRR735164_1.fastq.gz,https://ftp.sra.ebi.ac.uk/vol1/fastq/DRR735/DRR735164/DRR735164_2.fastq.gz,,mmapbench
seqinspector_0508_ERR3932384,https://ftp.sra.ebi.ac.uk/vol1/fastq/ERR393/004/ERR3932384/ERR3932384_1.fastq.gz,https://ftp.sra.ebi.ac.uk/vol1/fastq/ERR393/004/ERR3932384/ERR3932384_2.fastq.gz,,mmapbench
seqinspector_0509_ERR4502473,https://ftp.sra.ebi.ac.uk/vol1/fastq/ERR450/003/ERR4502473/ERR4502473_1.fastq.gz,https://ftp.sra.ebi.ac.uk/vol1/fastq/ERR450/003/ERR4502473/ERR4502473_2.fastq.gz,,mmapbench
seqinspector_0510_ERR11627300,https://ftp.sra.ebi.ac.uk/vol1/fastq/ERR116/000/ERR11627300/ERR11627300_1.fastq.gz,https://ftp.sra.ebi.ac.uk/vol1/fastq/ERR116/000/ERR11627300/ERR11627300_2.fastq.gz,,mmapbench
seqinspector_0511_ERR2611503,https://ftp.sra.ebi.ac.uk/vol1/fastq/ERR261/003/ERR2611503/ERR2611503_1.fastq.gz,https://ftp.sra.ebi.ac.uk/vol1/fastq/ERR261/003/ERR2611503/ERR2611503_2.fastq.gz,,mmapbench
seqinspector_0512_ERR14953687,https://ftp.sra.ebi.ac.uk/vol1/fastq/ERR149/087/ERR14953687/ERR14953687_1.fastq.gz,https://ftp.sra.ebi.ac.uk/vol1/fastq/ERR149/087/ERR14953687/ERR14953687_2.fastq.gz,,mmapbench
seqinspector_0513_ERR2728842,https://ftp.sra.ebi.ac.uk/vol1/fastq/ERR272/002/ERR2728842/ERR2728842_1.fastq.gz,https://ftp.sra.ebi.ac.uk/vol1/fastq/ERR272/002/ERR2728842/ERR2728842_2.fastq.gz,,mmapbench
seqinspector_0514_DRR735540,https://ftp.sra.ebi.ac.uk/vol1/fastq/DRR735/DRR735540/DRR735540_1.fastq.gz,https://ftp.sra.ebi.ac.uk/vol1/fastq/DRR735/DRR735540/DRR735540_2.fastq.gz,,mmapbench
seqinspector_0515_ERR12038308,https://ftp.sra.ebi.ac.uk/vol1/fastq/ERR120/008/ERR12038308/ERR12038308_1.fastq.gz,https://ftp.sra.ebi.ac.uk/vol1/fastq/ERR120/008/ERR12038308/ERR12038308_2.fastq.gz,,mmapbench
seqinspector_0516_ERR4503075,https://ftp.sra.ebi.ac.uk/vol1/fastq/ERR450/005/ERR4503075/ERR4503075_1.fastq.gz,https://ftp.sra.ebi.ac.uk/vol1/fastq/ERR450/005/ERR4503075/ERR4503075_2.fastq.gz,,mmapbench
seqinspector_0517_ERR12218824,https://ftp.sra.ebi.ac.uk/vol1/fastq/ERR122/024/ERR12218824/ERR12218824_1.fastq.gz,https://ftp.sra.ebi.ac.uk/vol1/fastq/ERR122/024/ERR12218824/ERR12218824_2.fastq.gz,,mmapbench
seqinspector_0518_DRR858922,https://ftp.sra.ebi.ac.uk/vol1/fastq/DRR858/DRR858922/DRR858922_1.fastq.gz,https://ftp.sra.ebi.ac.uk/vol1/fastq/DRR858/DRR858922/DRR858922_2.fastq.gz,,mmapbench
seqinspector_0519_ERR14048445,https://ftp.sra.ebi.ac.uk/vol1/fastq/ERR140/045/ERR14048445/ERR14048445_1.fastq.gz,https://ftp.sra.ebi.ac.uk/vol1/fastq/ERR140/045/ERR14048445/ERR14048445_2.fastq.gz,,mmapbench
seqinspector_0520_DRR855822,https://ftp.sra.ebi.ac.uk/vol1/fastq/DRR855/DRR855822/DRR855822_1.fastq.gz,https://ftp.sra.ebi.ac.uk/vol1/fastq/DRR855/DRR855822/DRR855822_2.fastq.gz,,mmapbench
seqinspector_0521_ERR15668694,https://ftp.sra.ebi.ac.uk/vol1/fastq/ERR156/094/ERR15668694/ERR15668694_1.fastq.gz,https://ftp.sra.ebi.ac.uk/vol1/fastq/ERR156/094/ERR15668694/ERR15668694_2.fastq.gz,,mmapbench
seqinspector_0522_ERR15114787,https://ftp.sra.ebi.ac.uk/vol1/fastq/ERR151/087/ERR15114787/ERR15114787_1.fastq.gz,https://ftp.sra.ebi.ac.uk/vol1/fastq/ERR151/087/ERR15114787/ERR15114787_2.fastq.gz,,mmapbench
seqinspector_0523_ERR14195649,https://ftp.sra.ebi.ac.uk/vol1/fastq/ERR141/049/ERR14195649/ERR14195649_1.fastq.gz,https://ftp.sra.ebi.ac.uk/vol1/fastq/ERR141/049/ERR14195649/ERR14195649_2.fastq.gz,,mmapbench
seqinspector_0524_ERR12217675,https://ftp.sra.ebi.ac.uk/vol1/fastq/ERR122/075/ERR12217675/ERR12217675_1.fastq.gz,https://ftp.sra.ebi.ac.uk/vol1/fastq/ERR122/075/ERR12217675/ERR12217675_2.fastq.gz,,mmapbench
seqinspector_0525_ERR4503366,https://ftp.sra.ebi.ac.uk/vol1/fastq/ERR450/006/ERR4503366/ERR4503366_1.fastq.gz,https://ftp.sra.ebi.ac.uk/vol1/fastq/ERR450/006/ERR4503366/ERR4503366_2.fastq.gz,,mmapbench
seqinspector_0526_ERR2143774,https://ftp.sra.ebi.ac.uk/vol1/fastq/ERR214/004/ERR2143774/ERR2143774_1.fastq.gz,https://ftp.sra.ebi.ac.uk/vol1/fastq/ERR214/004/ERR2143774/ERR2143774_2.fastq.gz,,mmapbench
seqinspector_0527_DRR735259,https://ftp.sra.ebi.ac.uk/vol1/fastq/DRR735/DRR735259/DRR735259_1.fastq.gz,https://ftp.sra.ebi.ac.uk/vol1/fastq/DRR735/DRR735259/DRR735259_2.fastq.gz,,mmapbench
seqinspector_0528_ERR16714395,https://ftp.sra.ebi.ac.uk/vol1/fastq/ERR167/095/ERR16714395/ERR16714395_1.fastq.gz,https://ftp.sra.ebi.ac.uk/vol1/fastq/ERR167/095/ERR16714395/ERR16714395_2.fastq.gz,,mmapbench
seqinspector_0529_ERR14211588,https://ftp.sra.ebi.ac.uk/vol1/fastq/ERR142/088/ERR14211588/ERR14211588_1.fastq.gz,https://ftp.sra.ebi.ac.uk/vol1/fastq/ERR142/088/ERR14211588/ERR14211588_2.fastq.gz,,mmapbench
seqinspector_0530_ERR14195442,https://ftp.sra.ebi.ac.uk/vol1/fastq/ERR141/042/ERR14195442/ERR14195442_1.fastq.gz,https://ftp.sra.ebi.ac.uk/vol1/fastq/ERR141/042/ERR14195442/ERR14195442_2.fastq.gz,,mmapbench
seqinspector_0531_ERR4503414,https://ftp.sra.ebi.ac.uk/vol1/fastq/ERR450/004/ERR4503414/ERR4503414_1.fastq.gz,https://ftp.sra.ebi.ac.uk/vol1/fastq/ERR450/004/ERR4503414/ERR4503414_2.fastq.gz,,mmapbench
seqinspector_0532_ERR12218653,https://ftp.sra.ebi.ac.uk/vol1/fastq/ERR122/053/ERR12218653/ERR12218653_1.fastq.gz,https://ftp.sra.ebi.ac.uk/vol1/fastq/ERR122/053/ERR12218653/ERR12218653_2.fastq.gz,,mmapbench
seqinspector_0533_ERR15135848,https://ftp.sra.ebi.ac.uk/vol1/fastq/ERR151/048/ERR15135848/ERR15135848_1.fastq.gz,https://ftp.sra.ebi.ac.uk/vol1/fastq/ERR151/048/ERR15135848/ERR15135848_2.fastq.gz,,mmapbench
seqinspector_0534_ERR14195206,https://ftp.sra.ebi.ac.uk/vol1/fastq/ERR141/006/ERR14195206/ERR14195206_1.fastq.gz,https://ftp.sra.ebi.ac.uk/vol1/fastq/ERR141/006/ERR14195206/ERR14195206_2.fastq.gz,,mmapbench
seqinspector_0535_ERR4502029,https://ftp.sra.ebi.ac.uk/vol1/fastq/ERR450/009/ERR4502029/ERR4502029_1.fastq.gz,https://ftp.sra.ebi.ac.uk/vol1/fastq/ERR450/009/ERR4502029/ERR4502029_2.fastq.gz,,mmapbench
seqinspector_0536_DRR735091,https://ftp.sra.ebi.ac.uk/vol1/fastq/DRR735/DRR735091/DRR735091_1.fastq.gz,https://ftp.sra.ebi.ac.uk/vol1/fastq/DRR735/DRR735091/DRR735091_2.fastq.gz,,mmapbench
seqinspector_0537_ERR4503231,https://ftp.sra.ebi.ac.uk/vol1/fastq/ERR450/001/ERR4503231/ERR4503231_1.fastq.gz,https://ftp.sra.ebi.ac.uk/vol1/fastq/ERR450/001/ERR4503231/ERR4503231_2.fastq.gz,,mmapbench
seqinspector_0538_ERR16728874,https://ftp.sra.ebi.ac.uk/vol1/fastq/ERR167/074/ERR16728874/ERR16728874_1.fastq.gz,https://ftp.sra.ebi.ac.uk/vol1/fastq/ERR167/074/ERR16728874/ERR16728874_2.fastq.gz,,mmapbench
seqinspector_0539_ERR11646964,https://ftp.sra.ebi.ac.uk/vol1/fastq/ERR116/064/ERR11646964/ERR11646964_1.fastq.gz,https://ftp.sra.ebi.ac.uk/vol1/fastq/ERR116/064/ERR11646964/ERR11646964_2.fastq.gz,,mmapbench
seqinspector_0540_ERR15135870,https://ftp.sra.ebi.ac.uk/vol1/fastq/ERR151/070/ERR15135870/ERR15135870_1.fastq.gz,https://ftp.sra.ebi.ac.uk/vol1/fastq/ERR151/070/ERR15135870/ERR15135870_2.fastq.gz,,mmapbench
seqinspector_0541_ERR14789107,https://ftp.sra.ebi.ac.uk/vol1/fastq/ERR147/007/ERR14789107/ERR14789107_1.fastq.gz,https://ftp.sra.ebi.ac.uk/vol1/fastq/ERR147/007/ERR14789107/ERR14789107_2.fastq.gz,,mmapbench
seqinspector_0542_ERR11627262,https://ftp.sra.ebi.ac.uk/vol1/fastq/ERR116/062/ERR11627262/ERR11627262_1.fastq.gz,https://ftp.sra.ebi.ac.uk/vol1/fastq/ERR116/062/ERR11627262/ERR11627262_2.fastq.gz,,mmapbench
seqinspector_0543_ERR11627336,https://ftp.sra.ebi.ac.uk/vol1/fastq/ERR116/036/ERR11627336/ERR11627336_1.fastq.gz,https://ftp.sra.ebi.ac.uk/vol1/fastq/ERR116/036/ERR11627336/ERR11627336_2.fastq.gz,,mmapbench
seqinspector_0544_ERR14195538,https://ftp.sra.ebi.ac.uk/vol1/fastq/ERR141/038/ERR14195538/ERR14195538_1.fastq.gz,https://ftp.sra.ebi.ac.uk/vol1/fastq/ERR141/038/ERR14195538/ERR14195538_2.fastq.gz,,mmapbench
seqinspector_0545_DRR735000,https://ftp.sra.ebi.ac.uk/vol1/fastq/DRR735/DRR735000/DRR735000_1.fastq.gz,https://ftp.sra.ebi.ac.uk/vol1/fastq/DRR735/DRR735000/DRR735000_2.fastq.gz,,mmapbench
seqinspector_0546_ERR13911304,https://ftp.sra.ebi.ac.uk/vol1/fastq/ERR139/004/ERR13911304/ERR13911304_1.fastq.gz,https://ftp.sra.ebi.ac.uk/vol1/fastq/ERR139/004/ERR13911304/ERR13911304_2.fastq.gz,,mmapbench
seqinspector_0547_ERR14802871,https://ftp.sra.ebi.ac.uk/vol1/fastq/ERR148/071/ERR14802871/ERR14802871_1.fastq.gz,https://ftp.sra.ebi.ac.uk/vol1/fastq/ERR148/071/ERR14802871/ERR14802871_2.fastq.gz,,mmapbench
seqinspector_0548_DRR1030115,https://ftp.sra.ebi.ac.uk/vol1/fastq/DRR103/005/DRR1030115/DRR1030115_1.fastq.gz,https://ftp.sra.ebi.ac.uk/vol1/fastq/DRR103/005/DRR1030115/DRR1030115_2.fastq.gz,,mmapbench
seqinspector_0549_ERR14195664,https://ftp.sra.ebi.ac.uk/vol1/fastq/ERR141/064/ERR14195664/ERR14195664_1.fastq.gz,https://ftp.sra.ebi.ac.uk/vol1/fastq/ERR141/064/ERR14195664/ERR14195664_2.fastq.gz,,mmapbench
seqinspector_0550_ERR15416447,https://ftp.sra.ebi.ac.uk/vol1/fastq/ERR154/047/ERR15416447/ERR15416447_1.fastq.gz,https://ftp.sra.ebi.ac.uk/vol1/fastq/ERR154/047/ERR15416447/ERR15416447_2.fastq.gz,,mmapbench
seqinspector_0551_ERR12032980,https://ftp.sra.ebi.ac.uk/vol1/fastq/ERR120/080/ERR12032980/ERR12032980_1.fastq.gz,https://ftp.sra.ebi.ac.uk/vol1/fastq/ERR120/080/ERR12032980/ERR12032980_2.fastq.gz,,mmapbench
seqinspector_0552_DRR735100,https://ftp.sra.ebi.ac.uk/vol1/fastq/DRR735/DRR735100/DRR735100_1.fastq.gz,https://ftp.sra.ebi.ac.uk/vol1/fastq/DRR735/DRR735100/DRR735100_2.fastq.gz,,mmapbench
seqinspector_0553_ERR2611613,https://ftp.sra.ebi.ac.uk/vol1/fastq/ERR261/003/ERR2611613/ERR2611613_1.fastq.gz,https://ftp.sra.ebi.ac.uk/vol1/fastq/ERR261/003/ERR2611613/ERR2611613_2.fastq.gz,,mmapbench
seqinspector_0554_DRR735476,https://ftp.sra.ebi.ac.uk/vol1/fastq/DRR735/DRR735476/DRR735476_1.fastq.gz,https://ftp.sra.ebi.ac.uk/vol1/fastq/DRR735/DRR735476/DRR735476_2.fastq.gz,,mmapbench
seqinspector_0555_ERR12220048,https://ftp.sra.ebi.ac.uk/vol1/fastq/ERR122/048/ERR12220048/ERR12220048_1.fastq.gz,https://ftp.sra.ebi.ac.uk/vol1/fastq/ERR122/048/ERR12220048/ERR12220048_2.fastq.gz,,mmapbench
seqinspector_0556_ERR14195682,https://ftp.sra.ebi.ac.uk/vol1/fastq/ERR141/082/ERR14195682/ERR14195682_1.fastq.gz,https://ftp.sra.ebi.ac.uk/vol1/fastq/ERR141/082/ERR14195682/ERR14195682_2.fastq.gz,,mmapbench
seqinspector_0557_ERR14211361,https://ftp.sra.ebi.ac.uk/vol1/fastq/ERR142/061/ERR14211361/ERR14211361_1.fastq.gz,https://ftp.sra.ebi.ac.uk/vol1/fastq/ERR142/061/ERR14211361/ERR14211361_2.fastq.gz,,mmapbench
seqinspector_0558_DRR735509,https://ftp.sra.ebi.ac.uk/vol1/fastq/DRR735/DRR735509/DRR735509_1.fastq.gz,https://ftp.sra.ebi.ac.uk/vol1/fastq/DRR735/DRR735509/DRR735509_2.fastq.gz,,mmapbench
seqinspector_0559_DRR858859,https://ftp.sra.ebi.ac.uk/vol1/fastq/DRR858/DRR858859/DRR858859_1.fastq.gz,https://ftp.sra.ebi.ac.uk/vol1/fastq/DRR858/DRR858859/DRR858859_2.fastq.gz,,mmapbench
seqinspector_0560_ERR3999831,https://ftp.sra.ebi.ac.uk/vol1/fastq/ERR399/001/ERR3999831/ERR3999831_1.fastq.gz,https://ftp.sra.ebi.ac.uk/vol1/fastq/ERR399/001/ERR3999831/ERR3999831_2.fastq.gz,,mmapbench
seqinspector_0561_ERR14211647,https://ftp.sra.ebi.ac.uk/vol1/fastq/ERR142/047/ERR14211647/ERR14211647_1.fastq.gz,https://ftp.sra.ebi.ac.uk/vol1/fastq/ERR142/047/ERR14211647/ERR14211647_2.fastq.gz,,mmapbench
seqinspector_0562_ERR14195501,https://ftp.sra.ebi.ac.uk/vol1/fastq/ERR141/001/ERR14195501/ERR14195501_1.fastq.gz,https://ftp.sra.ebi.ac.uk/vol1/fastq/ERR141/001/ERR14195501/ERR14195501_2.fastq.gz,,mmapbench
seqinspector_0563_DRR735325,https://ftp.sra.ebi.ac.uk/vol1/fastq/DRR735/DRR735325/DRR735325_1.fastq.gz,https://ftp.sra.ebi.ac.uk/vol1/fastq/DRR735/DRR735325/DRR735325_2.fastq.gz,,mmapbench
seqinspector_0564_ERR16010331,https://ftp.sra.ebi.ac.uk/vol1/fastq/ERR160/031/ERR16010331/ERR16010331_1.fastq.gz,https://ftp.sra.ebi.ac.uk/vol1/fastq/ERR160/031/ERR16010331/ERR16010331_2.fastq.gz,,mmapbench
seqinspector_0565_ERR12217713,https://ftp.sra.ebi.ac.uk/vol1/fastq/ERR122/013/ERR12217713/ERR12217713_1.fastq.gz,https://ftp.sra.ebi.ac.uk/vol1/fastq/ERR122/013/ERR12217713/ERR12217713_2.fastq.gz,,mmapbench
seqinspector_0566_ERR11627301,https://ftp.sra.ebi.ac.uk/vol1/fastq/ERR116/001/ERR11627301/ERR11627301_1.fastq.gz,https://ftp.sra.ebi.ac.uk/vol1/fastq/ERR116/001/ERR11627301/ERR11627301_2.fastq.gz,,mmapbench
seqinspector_0567_DRR735384,https://ftp.sra.ebi.ac.uk/vol1/fastq/DRR735/DRR735384/DRR735384_1.fastq.gz,https://ftp.sra.ebi.ac.uk/vol1/fastq/DRR735/DRR735384/DRR735384_2.fastq.gz,,mmapbench
seqinspector_0568_ERR16043051,https://ftp.sra.ebi.ac.uk/vol1/fastq/ERR160/051/ERR16043051/ERR16043051_1.fastq.gz,https://ftp.sra.ebi.ac.uk/vol1/fastq/ERR160/051/ERR16043051/ERR16043051_2.fastq.gz,,mmapbench
seqinspector_0569_DRR735394,https://ftp.sra.ebi.ac.uk/vol1/fastq/DRR735/DRR735394/DRR735394_1.fastq.gz,https://ftp.sra.ebi.ac.uk/vol1/fastq/DRR735/DRR735394/DRR735394_2.fastq.gz,,mmapbench
seqinspector_0570_ERR2244517,https://ftp.sra.ebi.ac.uk/vol1/fastq/ERR224/007/ERR2244517/ERR2244517_1.fastq.gz,https://ftp.sra.ebi.ac.uk/vol1/fastq/ERR224/007/ERR2244517/ERR2244517_2.fastq.gz,,mmapbench
seqinspector_0571_ERR11627247,https://ftp.sra.ebi.ac.uk/vol1/fastq/ERR116/047/ERR11627247/ERR11627247_1.fastq.gz,https://ftp.sra.ebi.ac.uk/vol1/fastq/ERR116/047/ERR11627247/ERR11627247_2.fastq.gz,,mmapbench
seqinspector_0572_DRR737863,https://ftp.sra.ebi.ac.uk/vol1/fastq/DRR737/DRR737863/DRR737863_1.fastq.gz,https://ftp.sra.ebi.ac.uk/vol1/fastq/DRR737/DRR737863/DRR737863_2.fastq.gz,,mmapbench
seqinspector_0573_DRR774220,https://ftp.sra.ebi.ac.uk/vol1/fastq/DRR774/DRR774220/DRR774220_1.fastq.gz,https://ftp.sra.ebi.ac.uk/vol1/fastq/DRR774/DRR774220/DRR774220_2.fastq.gz,,mmapbench
seqinspector_0574_ERR16010756,https://ftp.sra.ebi.ac.uk/vol1/fastq/ERR160/056/ERR16010756/ERR16010756_1.fastq.gz,https://ftp.sra.ebi.ac.uk/vol1/fastq/ERR160/056/ERR16010756/ERR16010756_2.fastq.gz,,mmapbench
seqinspector_0575_ERR13583629,https://ftp.sra.ebi.ac.uk/vol1/fastq/ERR135/029/ERR13583629/ERR13583629_1.fastq.gz,https://ftp.sra.ebi.ac.uk/vol1/fastq/ERR135/029/ERR13583629/ERR13583629_2.fastq.gz,,mmapbench
seqinspector_0576_ERR11627178,https://ftp.sra.ebi.ac.uk/vol1/fastq/ERR116/078/ERR11627178/ERR11627178_1.fastq.gz,https://ftp.sra.ebi.ac.uk/vol1/fastq/ERR116/078/ERR11627178/ERR11627178_2.fastq.gz,,mmapbench
seqinspector_0577_ERR12520418,https://ftp.sra.ebi.ac.uk/vol1/fastq/ERR125/018/ERR12520418/ERR12520418_1.fastq.gz,https://ftp.sra.ebi.ac.uk/vol1/fastq/ERR125/018/ERR12520418/ERR12520418_2.fastq.gz,,mmapbench
seqinspector_0578_DRR827332,https://ftp.sra.ebi.ac.uk/vol1/fastq/DRR827/DRR827332/DRR827332_1.fastq.gz,https://ftp.sra.ebi.ac.uk/vol1/fastq/DRR827/DRR827332/DRR827332_2.fastq.gz,,mmapbench
seqinspector_0579_ERR13337218,https://ftp.sra.ebi.ac.uk/vol1/fastq/ERR133/018/ERR13337218/ERR13337218_1.fastq.gz,https://ftp.sra.ebi.ac.uk/vol1/fastq/ERR133/018/ERR13337218/ERR13337218_2.fastq.gz,,mmapbench
seqinspector_0580_ERR13391191,https://ftp.sra.ebi.ac.uk/vol1/fastq/ERR133/091/ERR13391191/ERR13391191_1.fastq.gz,https://ftp.sra.ebi.ac.uk/vol1/fastq/ERR133/091/ERR13391191/ERR13391191_2.fastq.gz,,mmapbench
seqinspector_0581_ERR10897881,https://ftp.sra.ebi.ac.uk/vol1/fastq/ERR108/081/ERR10897881/ERR10897881_1.fastq.gz,https://ftp.sra.ebi.ac.uk/vol1/fastq/ERR108/081/ERR10897881/ERR10897881_2.fastq.gz,,mmapbench
seqinspector_0582_ERR10897920,https://ftp.sra.ebi.ac.uk/vol1/fastq/ERR108/020/ERR10897920/ERR10897920_1.fastq.gz,https://ftp.sra.ebi.ac.uk/vol1/fastq/ERR108/020/ERR10897920/ERR10897920_2.fastq.gz,,mmapbench
seqinspector_0583_ERR16026948,https://ftp.sra.ebi.ac.uk/vol1/fastq/ERR160/048/ERR16026948/ERR16026948_1.fastq.gz,https://ftp.sra.ebi.ac.uk/vol1/fastq/ERR160/048/ERR16026948/ERR16026948_2.fastq.gz,,mmapbench
seqinspector_0584_ERR12218655,https://ftp.sra.ebi.ac.uk/vol1/fastq/ERR122/055/ERR12218655/ERR12218655_1.fastq.gz,https://ftp.sra.ebi.ac.uk/vol1/fastq/ERR122/055/ERR12218655/ERR12218655_2.fastq.gz,,mmapbench
seqinspector_0585_ERR15418903,https://ftp.sra.ebi.ac.uk/vol1/fastq/ERR154/003/ERR15418903/ERR15418903_1.fastq.gz,https://ftp.sra.ebi.ac.uk/vol1/fastq/ERR154/003/ERR15418903/ERR15418903_2.fastq.gz,,mmapbench
seqinspector_0586_ERR11489385,https://ftp.sra.ebi.ac.uk/vol1/fastq/ERR114/085/ERR11489385/ERR11489385_1.fastq.gz,https://ftp.sra.ebi.ac.uk/vol1/fastq/ERR114/085/ERR11489385/ERR11489385_2.fastq.gz,,mmapbench
seqinspector_0587_ERR16998063,https://ftp.sra.ebi.ac.uk/vol1/fastq/ERR169/063/ERR16998063/ERR16998063_1.fastq.gz,https://ftp.sra.ebi.ac.uk/vol1/fastq/ERR169/063/ERR16998063/ERR16998063_2.fastq.gz,,mmapbench
seqinspector_0588_ERR14211682,https://ftp.sra.ebi.ac.uk/vol1/fastq/ERR142/082/ERR14211682/ERR14211682_1.fastq.gz,https://ftp.sra.ebi.ac.uk/vol1/fastq/ERR142/082/ERR14211682/ERR14211682_2.fastq.gz,,mmapbench
seqinspector_0589_DRR771725,https://ftp.sra.ebi.ac.uk/vol1/fastq/DRR771/DRR771725/DRR771725_1.fastq.gz,https://ftp.sra.ebi.ac.uk/vol1/fastq/DRR771/DRR771725/DRR771725_2.fastq.gz,,mmapbench
seqinspector_0590_ERR15135995,https://ftp.sra.ebi.ac.uk/vol1/fastq/ERR151/095/ERR15135995/ERR15135995_1.fastq.gz,https://ftp.sra.ebi.ac.uk/vol1/fastq/ERR151/095/ERR15135995/ERR15135995_2.fastq.gz,,mmapbench
seqinspector_0591_ERR4502278,https://ftp.sra.ebi.ac.uk/vol1/fastq/ERR450/008/ERR4502278/ERR4502278_1.fastq.gz,https://ftp.sra.ebi.ac.uk/vol1/fastq/ERR450/008/ERR4502278/ERR4502278_2.fastq.gz,,mmapbench
seqinspector_0592_ERR16024020,https://ftp.sra.ebi.ac.uk/vol1/fastq/ERR160/020/ERR16024020/ERR16024020_1.fastq.gz,https://ftp.sra.ebi.ac.uk/vol1/fastq/ERR160/020/ERR16024020/ERR16024020_2.fastq.gz,,mmapbench
seqinspector_0593_ERR3903905,https://ftp.sra.ebi.ac.uk/vol1/fastq/ERR390/005/ERR3903905/ERR3903905_1.fastq.gz,https://ftp.sra.ebi.ac.uk/vol1/fastq/ERR390/005/ERR3903905/ERR3903905_2.fastq.gz,,mmapbench
seqinspector_0594_ERR14211836,https://ftp.sra.ebi.ac.uk/vol1/fastq/ERR142/036/ERR14211836/ERR14211836_1.fastq.gz,https://ftp.sra.ebi.ac.uk/vol1/fastq/ERR142/036/ERR14211836/ERR14211836_2.fastq.gz,,mmapbench
seqinspector_0595_ERR11627305,https://ftp.sra.ebi.ac.uk/vol1/fastq/ERR116/005/ERR11627305/ERR11627305_1.fastq.gz,https://ftp.sra.ebi.ac.uk/vol1/fastq/ERR116/005/ERR11627305/ERR11627305_2.fastq.gz,,mmapbench
seqinspector_0596_ERR14195713,https://ftp.sra.ebi.ac.uk/vol1/fastq/ERR141/013/ERR14195713/ERR14195713_1.fastq.gz,https://ftp.sra.ebi.ac.uk/vol1/fastq/ERR141/013/ERR14195713/ERR14195713_2.fastq.gz,,mmapbench
seqinspector_0597_ERR11489623,https://ftp.sra.ebi.ac.uk/vol1/fastq/ERR114/023/ERR11489623/ERR11489623_1.fastq.gz,https://ftp.sra.ebi.ac.uk/vol1/fastq/ERR114/023/ERR11489623/ERR11489623_2.fastq.gz,,mmapbench
seqinspector_0598_DRR858928,https://ftp.sra.ebi.ac.uk/vol1/fastq/DRR858/DRR858928/DRR858928_1.fastq.gz,https://ftp.sra.ebi.ac.uk/vol1/fastq/DRR858/DRR858928/DRR858928_2.fastq.gz,,mmapbench
seqinspector_0599_ERR14195628,https://ftp.sra.ebi.ac.uk/vol1/fastq/ERR141/028/ERR14195628/ERR14195628_1.fastq.gz,https://ftp.sra.ebi.ac.uk/vol1/fastq/ERR141/028/ERR14195628/ERR14195628_2.fastq.gz,,mmapbench
seqinspector_0600_ERR12379613,https://ftp.sra.ebi.ac.uk/vol1/fastq/ERR123/013/ERR12379613/ERR12379613_1.fastq.gz,https://ftp.sra.ebi.ac.uk/vol1/fastq/ERR123/013/ERR12379613/ERR12379613_2.fastq.gz,,mmapbench
seqinspector_0601_ERR10897984,https://ftp.sra.ebi.ac.uk/vol1/fastq/ERR108/084/ERR10897984/ERR10897984_1.fastq.gz,https://ftp.sra.ebi.ac.uk/vol1/fastq/ERR108/084/ERR10897984/ERR10897984_2.fastq.gz,,mmapbench
seqinspector_0602_ERR12217674,https://ftp.sra.ebi.ac.uk/vol1/fastq/ERR122/074/ERR12217674/ERR12217674_1.fastq.gz,https://ftp.sra.ebi.ac.uk/vol1/fastq/ERR122/074/ERR12217674/ERR12217674_2.fastq.gz,,mmapbench
seqinspector_0603_DRR771720,https://ftp.sra.ebi.ac.uk/vol1/fastq/DRR771/DRR771720/DRR771720_1.fastq.gz,https://ftp.sra.ebi.ac.uk/vol1/fastq/DRR771/DRR771720/DRR771720_2.fastq.gz,,mmapbench
seqinspector_0604_DRR735611,https://ftp.sra.ebi.ac.uk/vol1/fastq/DRR735/DRR735611/DRR735611_1.fastq.gz,https://ftp.sra.ebi.ac.uk/vol1/fastq/DRR735/DRR735611/DRR735611_2.fastq.gz,,mmapbench
seqinspector_0605_ERR13061454,https://ftp.sra.ebi.ac.uk/vol1/fastq/ERR130/054/ERR13061454/ERR13061454_1.fastq.gz,https://ftp.sra.ebi.ac.uk/vol1/fastq/ERR130/054/ERR13061454/ERR13061454_2.fastq.gz,,mmapbench
seqinspector_0606_ERR16908563,https://ftp.sra.ebi.ac.uk/vol1/fastq/ERR169/063/ERR16908563/ERR16908563_1.fastq.gz,https://ftp.sra.ebi.ac.uk/vol1/fastq/ERR169/063/ERR16908563/ERR16908563_2.fastq.gz,,mmapbench
seqinspector_0607_ERR2611517,https://ftp.sra.ebi.ac.uk/vol1/fastq/ERR261/007/ERR2611517/ERR2611517_1.fastq.gz,https://ftp.sra.ebi.ac.uk/vol1/fastq/ERR261/007/ERR2611517/ERR2611517_2.fastq.gz,,mmapbench
seqinspector_0608_ERR11627228,https://ftp.sra.ebi.ac.uk/vol1/fastq/ERR116/028/ERR11627228/ERR11627228_1.fastq.gz,https://ftp.sra.ebi.ac.uk/vol1/fastq/ERR116/028/ERR11627228/ERR11627228_2.fastq.gz,,mmapbench
seqinspector_0609_ERR14211686,https://ftp.sra.ebi.ac.uk/vol1/fastq/ERR142/086/ERR14211686/ERR14211686_1.fastq.gz,https://ftp.sra.ebi.ac.uk/vol1/fastq/ERR142/086/ERR14211686/ERR14211686_2.fastq.gz,,mmapbench
seqinspector_0610_ERR14195556,https://ftp.sra.ebi.ac.uk/vol1/fastq/ERR141/056/ERR14195556/ERR14195556_1.fastq.gz,https://ftp.sra.ebi.ac.uk/vol1/fastq/ERR141/056/ERR14195556/ERR14195556_2.fastq.gz,,mmapbench
seqinspector_0611_ERR2863494,https://ftp.sra.ebi.ac.uk/vol1/fastq/ERR286/004/ERR2863494/ERR2863494_1.fastq.gz,https://ftp.sra.ebi.ac.uk/vol1/fastq/ERR286/004/ERR2863494/ERR2863494_2.fastq.gz,,mmapbench
seqinspector_0612_DRR858852,https://ftp.sra.ebi.ac.uk/vol1/fastq/DRR858/DRR858852/DRR858852_1.fastq.gz,https://ftp.sra.ebi.ac.uk/vol1/fastq/DRR858/DRR858852/DRR858852_2.fastq.gz,,mmapbench
seqinspector_0613_DRR735422,https://ftp.sra.ebi.ac.uk/vol1/fastq/DRR735/DRR735422/DRR735422_1.fastq.gz,https://ftp.sra.ebi.ac.uk/vol1/fastq/DRR735/DRR735422/DRR735422_2.fastq.gz,,mmapbench
seqinspector_0614_ERR11646959,https://ftp.sra.ebi.ac.uk/vol1/fastq/ERR116/059/ERR11646959/ERR11646959_1.fastq.gz,https://ftp.sra.ebi.ac.uk/vol1/fastq/ERR116/059/ERR11646959/ERR11646959_2.fastq.gz,,mmapbench
seqinspector_0615_ERR3769450,https://ftp.sra.ebi.ac.uk/vol1/fastq/ERR376/000/ERR3769450/ERR3769450_1.fastq.gz,https://ftp.sra.ebi.ac.uk/vol1/fastq/ERR376/000/ERR3769450/ERR3769450_2.fastq.gz,,mmapbench
seqinspector_0616_ERR14195021,https://ftp.sra.ebi.ac.uk/vol1/fastq/ERR141/021/ERR14195021/ERR14195021_1.fastq.gz,https://ftp.sra.ebi.ac.uk/vol1/fastq/ERR141/021/ERR14195021/ERR14195021_2.fastq.gz,,mmapbench
seqinspector_0617_ERR14195636,https://ftp.sra.ebi.ac.uk/vol1/fastq/ERR141/036/ERR14195636/ERR14195636_1.fastq.gz,https://ftp.sra.ebi.ac.uk/vol1/fastq/ERR141/036/ERR14195636/ERR14195636_2.fastq.gz,,mmapbench
seqinspector_0618_ERR11627429,https://ftp.sra.ebi.ac.uk/vol1/fastq/ERR116/029/ERR11627429/ERR11627429_1.fastq.gz,https://ftp.sra.ebi.ac.uk/vol1/fastq/ERR116/029/ERR11627429/ERR11627429_2.fastq.gz,,mmapbench
seqinspector_0619_DRR771719,https://ftp.sra.ebi.ac.uk/vol1/fastq/DRR771/DRR771719/DRR771719_1.fastq.gz,https://ftp.sra.ebi.ac.uk/vol1/fastq/DRR771/DRR771719/DRR771719_2.fastq.gz,,mmapbench
seqinspector_0620_DRR771718,https://ftp.sra.ebi.ac.uk/vol1/fastq/DRR771/DRR771718/DRR771718_1.fastq.gz,https://ftp.sra.ebi.ac.uk/vol1/fastq/DRR771/DRR771718/DRR771718_2.fastq.gz,,mmapbench
seqinspector_0621_ERR3904004,https://ftp.sra.ebi.ac.uk/vol1/fastq/ERR390/004/ERR3904004/ERR3904004_1.fastq.gz,https://ftp.sra.ebi.ac.uk/vol1/fastq/ERR390/004/ERR3904004/ERR3904004_2.fastq.gz,,mmapbench
seqinspector_0622_ERR3903897,https://ftp.sra.ebi.ac.uk/vol1/fastq/ERR390/007/ERR3903897/ERR3903897_1.fastq.gz,https://ftp.sra.ebi.ac.uk/vol1/fastq/ERR390/007/ERR3903897/ERR3903897_2.fastq.gz,,mmapbench
seqinspector_0623_ERR2611542,https://ftp.sra.ebi.ac.uk/vol1/fastq/ERR261/002/ERR2611542/ERR2611542_1.fastq.gz,https://ftp.sra.ebi.ac.uk/vol1/fastq/ERR261/002/ERR2611542/ERR2611542_2.fastq.gz,,mmapbench
seqinspector_0624_ERR11456435,https://ftp.sra.ebi.ac.uk/vol1/fastq/ERR114/035/ERR11456435/ERR11456435_1.fastq.gz,https://ftp.sra.ebi.ac.uk/vol1/fastq/ERR114/035/ERR11456435/ERR11456435_2.fastq.gz,,mmapbench
seqinspector_0625_ERR11627302,https://ftp.sra.ebi.ac.uk/vol1/fastq/ERR116/002/ERR11627302/ERR11627302_1.fastq.gz,https://ftp.sra.ebi.ac.uk/vol1/fastq/ERR116/002/ERR11627302/ERR11627302_2.fastq.gz,,mmapbench
seqinspector_0626_ERR17465752,https://ftp.sra.ebi.ac.uk/vol1/fastq/ERR174/052/ERR17465752/ERR17465752_1.fastq.gz,https://ftp.sra.ebi.ac.uk/vol1/fastq/ERR174/052/ERR17465752/ERR17465752_2.fastq.gz,,mmapbench
seqinspector_0627_ERR4502030,https://ftp.sra.ebi.ac.uk/vol1/fastq/ERR450/000/ERR4502030/ERR4502030_1.fastq.gz,https://ftp.sra.ebi.ac.uk/vol1/fastq/ERR450/000/ERR4502030/ERR4502030_2.fastq.gz,,mmapbench
seqinspector_0628_ERR14789402,https://ftp.sra.ebi.ac.uk/vol1/fastq/ERR147/002/ERR14789402/ERR14789402_1.fastq.gz,https://ftp.sra.ebi.ac.uk/vol1/fastq/ERR147/002/ERR14789402/ERR14789402_2.fastq.gz,,mmapbench
seqinspector_0629_DRR735421,https://ftp.sra.ebi.ac.uk/vol1/fastq/DRR735/DRR735421/DRR735421_1.fastq.gz,https://ftp.sra.ebi.ac.uk/vol1/fastq/DRR735/DRR735421/DRR735421_2.fastq.gz,,mmapbench
seqinspector_0630_DRR735525,https://ftp.sra.ebi.ac.uk/vol1/fastq/DRR735/DRR735525/DRR735525_1.fastq.gz,https://ftp.sra.ebi.ac.uk/vol1/fastq/DRR735/DRR735525/DRR735525_2.fastq.gz,,mmapbench
seqinspector_0631_DRR734937,https://ftp.sra.ebi.ac.uk/vol1/fastq/DRR734/DRR734937/DRR734937_1.fastq.gz,https://ftp.sra.ebi.ac.uk/vol1/fastq/DRR734/DRR734937/DRR734937_2.fastq.gz,,mmapbench
seqinspector_0632_ERR3903840,https://ftp.sra.ebi.ac.uk/vol1/fastq/ERR390/000/ERR3903840/ERR3903840_1.fastq.gz,https://ftp.sra.ebi.ac.uk/vol1/fastq/ERR390/000/ERR3903840/ERR3903840_2.fastq.gz,,mmapbench
seqinspector_0633_ERR14211849,https://ftp.sra.ebi.ac.uk/vol1/fastq/ERR142/049/ERR14211849/ERR14211849_1.fastq.gz,https://ftp.sra.ebi.ac.uk/vol1/fastq/ERR142/049/ERR14211849/ERR14211849_2.fastq.gz,,mmapbench
seqinspector_0634_ERR10083911,https://ftp.sra.ebi.ac.uk/vol1/fastq/ERR100/011/ERR10083911/ERR10083911_1.fastq.gz,https://ftp.sra.ebi.ac.uk/vol1/fastq/ERR100/011/ERR10083911/ERR10083911_2.fastq.gz,,mmapbench
seqinspector_0635_ERR12032874,https://ftp.sra.ebi.ac.uk/vol1/fastq/ERR120/074/ERR12032874/ERR12032874_1.fastq.gz,https://ftp.sra.ebi.ac.uk/vol1/fastq/ERR120/074/ERR12032874/ERR12032874_2.fastq.gz,,mmapbench
seqinspector_0636_ERR2244538,https://ftp.sra.ebi.ac.uk/vol1/fastq/ERR224/008/ERR2244538/ERR2244538_1.fastq.gz,https://ftp.sra.ebi.ac.uk/vol1/fastq/ERR224/008/ERR2244538/ERR2244538_2.fastq.gz,,mmapbench
seqinspector_0637_ERR16714499,https://ftp.sra.ebi.ac.uk/vol1/fastq/ERR167/099/ERR16714499/ERR16714499_1.fastq.gz,https://ftp.sra.ebi.ac.uk/vol1/fastq/ERR167/099/ERR16714499/ERR16714499_2.fastq.gz,,mmapbench
seqinspector_0638_DRR774226,https://ftp.sra.ebi.ac.uk/vol1/fastq/DRR774/DRR774226/DRR774226_1.fastq.gz,https://ftp.sra.ebi.ac.uk/vol1/fastq/DRR774/DRR774226/DRR774226_2.fastq.gz,,mmapbench
seqinspector_0639_DRR734919,https://ftp.sra.ebi.ac.uk/vol1/fastq/DRR734/DRR734919/DRR734919_1.fastq.gz,https://ftp.sra.ebi.ac.uk/vol1/fastq/DRR734/DRR734919/DRR734919_2.fastq.gz,,mmapbench
seqinspector_0640_DRR858905,https://ftp.sra.ebi.ac.uk/vol1/fastq/DRR858/DRR858905/DRR858905_1.fastq.gz,https://ftp.sra.ebi.ac.uk/vol1/fastq/DRR858/DRR858905/DRR858905_2.fastq.gz,,mmapbench
seqinspector_0641_ERR12219118,https://ftp.sra.ebi.ac.uk/vol1/fastq/ERR122/018/ERR12219118/ERR12219118_1.fastq.gz,https://ftp.sra.ebi.ac.uk/vol1/fastq/ERR122/018/ERR12219118/ERR12219118_2.fastq.gz,,mmapbench
seqinspector_0642_ERR12520552,https://ftp.sra.ebi.ac.uk/vol1/fastq/ERR125/052/ERR12520552/ERR12520552_1.fastq.gz,https://ftp.sra.ebi.ac.uk/vol1/fastq/ERR125/052/ERR12520552/ERR12520552_2.fastq.gz,,mmapbench
seqinspector_0643_ERR11627222,https://ftp.sra.ebi.ac.uk/vol1/fastq/ERR116/022/ERR11627222/ERR11627222_1.fastq.gz,https://ftp.sra.ebi.ac.uk/vol1/fastq/ERR116/022/ERR11627222/ERR11627222_2.fastq.gz,,mmapbench
seqinspector_0644_ERR16010401,https://ftp.sra.ebi.ac.uk/vol1/fastq/ERR160/001/ERR16010401/ERR16010401_1.fastq.gz,https://ftp.sra.ebi.ac.uk/vol1/fastq/ERR160/001/ERR16010401/ERR16010401_2.fastq.gz,,mmapbench
seqinspector_0645_ERR16723396,https://ftp.sra.ebi.ac.uk/vol1/fastq/ERR167/096/ERR16723396/ERR16723396_1.fastq.gz,https://ftp.sra.ebi.ac.uk/vol1/fastq/ERR167/096/ERR16723396/ERR16723396_2.fastq.gz,,mmapbench
seqinspector_0646_ERR14036335,https://ftp.sra.ebi.ac.uk/vol1/fastq/ERR140/035/ERR14036335/ERR14036335_1.fastq.gz,https://ftp.sra.ebi.ac.uk/vol1/fastq/ERR140/035/ERR14036335/ERR14036335_2.fastq.gz,,mmapbench
seqinspector_0647_ERR2611516,https://ftp.sra.ebi.ac.uk/vol1/fastq/ERR261/006/ERR2611516/ERR2611516_1.fastq.gz,https://ftp.sra.ebi.ac.uk/vol1/fastq/ERR261/006/ERR2611516/ERR2611516_2.fastq.gz,,mmapbench
seqinspector_0648_ERR4502888,https://ftp.sra.ebi.ac.uk/vol1/fastq/ERR450/008/ERR4502888/ERR4502888_1.fastq.gz,https://ftp.sra.ebi.ac.uk/vol1/fastq/ERR450/008/ERR4502888/ERR4502888_2.fastq.gz,,mmapbench
seqinspector_0649_ERR12379590,https://ftp.sra.ebi.ac.uk/vol1/fastq/ERR123/090/ERR12379590/ERR12379590_1.fastq.gz,https://ftp.sra.ebi.ac.uk/vol1/fastq/ERR123/090/ERR12379590/ERR12379590_2.fastq.gz,,mmapbench
seqinspector_0650_DRR735232,https://ftp.sra.ebi.ac.uk/vol1/fastq/DRR735/DRR735232/DRR735232_1.fastq.gz,https://ftp.sra.ebi.ac.uk/vol1/fastq/DRR735/DRR735232/DRR735232_2.fastq.gz,,mmapbench
seqinspector_0651_DRR735395,https://ftp.sra.ebi.ac.uk/vol1/fastq/DRR735/DRR735395/DRR735395_1.fastq.gz,https://ftp.sra.ebi.ac.uk/vol1/fastq/DRR735/DRR735395/DRR735395_2.fastq.gz,,mmapbench
seqinspector_0652_ERR14060839,https://ftp.sra.ebi.ac.uk/vol1/fastq/ERR140/039/ERR14060839/ERR14060839_1.fastq.gz,https://ftp.sra.ebi.ac.uk/vol1/fastq/ERR140/039/ERR14060839/ERR14060839_2.fastq.gz,,mmapbench
seqinspector_0653_ERR10880672,https://ftp.sra.ebi.ac.uk/vol1/fastq/ERR108/072/ERR10880672/ERR10880672_1.fastq.gz,https://ftp.sra.ebi.ac.uk/vol1/fastq/ERR108/072/ERR10880672/ERR10880672_2.fastq.gz,,mmapbench
seqinspector_0654_ERR4503396,https://ftp.sra.ebi.ac.uk/vol1/fastq/ERR450/006/ERR4503396/ERR4503396_1.fastq.gz,https://ftp.sra.ebi.ac.uk/vol1/fastq/ERR450/006/ERR4503396/ERR4503396_2.fastq.gz,,mmapbench
seqinspector_0655_DRR735424,https://ftp.sra.ebi.ac.uk/vol1/fastq/DRR735/DRR735424/DRR735424_1.fastq.gz,https://ftp.sra.ebi.ac.uk/vol1/fastq/DRR735/DRR735424/DRR735424_2.fastq.gz,,mmapbench
seqinspector_0656_ERR4503406,https://ftp.sra.ebi.ac.uk/vol1/fastq/ERR450/006/ERR4503406/ERR4503406_1.fastq.gz,https://ftp.sra.ebi.ac.uk/vol1/fastq/ERR450/006/ERR4503406/ERR4503406_2.fastq.gz,,mmapbench
seqinspector_0657_ERR4503265,https://ftp.sra.ebi.ac.uk/vol1/fastq/ERR450/005/ERR4503265/ERR4503265_1.fastq.gz,https://ftp.sra.ebi.ac.uk/vol1/fastq/ERR450/005/ERR4503265/ERR4503265_2.fastq.gz,,mmapbench
seqinspector_0658_ERR2611658,https://ftp.sra.ebi.ac.uk/vol1/fastq/ERR261/008/ERR2611658/ERR2611658_1.fastq.gz,https://ftp.sra.ebi.ac.uk/vol1/fastq/ERR261/008/ERR2611658/ERR2611658_2.fastq.gz,,mmapbench
seqinspector_0659_DRR858849,https://ftp.sra.ebi.ac.uk/vol1/fastq/DRR858/DRR858849/DRR858849_1.fastq.gz,https://ftp.sra.ebi.ac.uk/vol1/fastq/DRR858/DRR858849/DRR858849_2.fastq.gz,,mmapbench
seqinspector_0660_ERR12218692,https://ftp.sra.ebi.ac.uk/vol1/fastq/ERR122/092/ERR12218692/ERR12218692_1.fastq.gz,https://ftp.sra.ebi.ac.uk/vol1/fastq/ERR122/092/ERR12218692/ERR12218692_2.fastq.gz,,mmapbench
seqinspector_0661_ERR3682641,https://ftp.sra.ebi.ac.uk/vol1/fastq/ERR368/001/ERR3682641/ERR3682641_1.fastq.gz,https://ftp.sra.ebi.ac.uk/vol1/fastq/ERR368/001/ERR3682641/ERR3682641_2.fastq.gz,,mmapbench
seqinspector_0662_ERR4407716,https://ftp.sra.ebi.ac.uk/vol1/fastq/ERR440/006/ERR4407716/ERR4407716_1.fastq.gz,https://ftp.sra.ebi.ac.uk/vol1/fastq/ERR440/006/ERR4407716/ERR4407716_2.fastq.gz,,mmapbench
seqinspector_0663_ERR16713673,https://ftp.sra.ebi.ac.uk/vol1/fastq/ERR167/073/ERR16713673/ERR16713673_1.fastq.gz,https://ftp.sra.ebi.ac.uk/vol1/fastq/ERR167/073/ERR16713673/ERR16713673_2.fastq.gz,,mmapbench
seqinspector_0664_ERR16043277,https://ftp.sra.ebi.ac.uk/vol1/fastq/ERR160/077/ERR16043277/ERR16043277_1.fastq.gz,https://ftp.sra.ebi.ac.uk/vol1/fastq/ERR160/077/ERR16043277/ERR16043277_2.fastq.gz,,mmapbench
seqinspector_0665_ERR10881295,https://ftp.sra.ebi.ac.uk/vol1/fastq/ERR108/095/ERR10881295/ERR10881295_1.fastq.gz,https://ftp.sra.ebi.ac.uk/vol1/fastq/ERR108/095/ERR10881295/ERR10881295_2.fastq.gz,,mmapbench
seqinspector_0666_ERR3726533,https://ftp.sra.ebi.ac.uk/vol1/fastq/ERR372/003/ERR3726533/ERR3726533_1.fastq.gz,https://ftp.sra.ebi.ac.uk/vol1/fastq/ERR372/003/ERR3726533/ERR3726533_2.fastq.gz,,mmapbench
seqinspector_0667_ERR14953674,https://ftp.sra.ebi.ac.uk/vol1/fastq/ERR149/074/ERR14953674/ERR14953674_1.fastq.gz,https://ftp.sra.ebi.ac.uk/vol1/fastq/ERR149/074/ERR14953674/ERR14953674_2.fastq.gz,,mmapbench
seqinspector_0668_ERR12520395,https://ftp.sra.ebi.ac.uk/vol1/fastq/ERR125/095/ERR12520395/ERR12520395_1.fastq.gz,https://ftp.sra.ebi.ac.uk/vol1/fastq/ERR125/095/ERR12520395/ERR12520395_2.fastq.gz,,mmapbench
seqinspector_0669_ERR2611584,https://ftp.sra.ebi.ac.uk/vol1/fastq/ERR261/004/ERR2611584/ERR2611584_1.fastq.gz,https://ftp.sra.ebi.ac.uk/vol1/fastq/ERR261/004/ERR2611584/ERR2611584_2.fastq.gz,,mmapbench
seqinspector_0670_ERR14953678,https://ftp.sra.ebi.ac.uk/vol1/fastq/ERR149/078/ERR14953678/ERR14953678_1.fastq.gz,https://ftp.sra.ebi.ac.uk/vol1/fastq/ERR149/078/ERR14953678/ERR14953678_2.fastq.gz,,mmapbench
seqinspector_0671_ERR3903933,https://ftp.sra.ebi.ac.uk/vol1/fastq/ERR390/003/ERR3903933/ERR3903933_1.fastq.gz,https://ftp.sra.ebi.ac.uk/vol1/fastq/ERR390/003/ERR3903933/ERR3903933_2.fastq.gz,,mmapbench
seqinspector_0672_ERR16713371,https://ftp.sra.ebi.ac.uk/vol1/fastq/ERR167/071/ERR16713371/ERR16713371_1.fastq.gz,https://ftp.sra.ebi.ac.uk/vol1/fastq/ERR167/071/ERR16713371/ERR16713371_2.fastq.gz,,mmapbench
seqinspector_0673_ERR14210973,https://ftp.sra.ebi.ac.uk/vol1/fastq/ERR142/073/ERR14210973/ERR14210973_1.fastq.gz,https://ftp.sra.ebi.ac.uk/vol1/fastq/ERR142/073/ERR14210973/ERR14210973_2.fastq.gz,,mmapbench
seqinspector_0674_DRR735507,https://ftp.sra.ebi.ac.uk/vol1/fastq/DRR735/DRR735507/DRR735507_1.fastq.gz,https://ftp.sra.ebi.ac.uk/vol1/fastq/DRR735/DRR735507/DRR735507_2.fastq.gz,,mmapbench
seqinspector_0675_ERR13911218,https://ftp.sra.ebi.ac.uk/vol1/fastq/ERR139/018/ERR13911218/ERR13911218_1.fastq.gz,https://ftp.sra.ebi.ac.uk/vol1/fastq/ERR139/018/ERR13911218/ERR13911218_2.fastq.gz,,mmapbench
seqinspector_0676_ERR2611586,https://ftp.sra.ebi.ac.uk/vol1/fastq/ERR261/006/ERR2611586/ERR2611586_1.fastq.gz,https://ftp.sra.ebi.ac.uk/vol1/fastq/ERR261/006/ERR2611586/ERR2611586_2.fastq.gz,,mmapbench
seqinspector_0677_ERR17017512,https://ftp.sra.ebi.ac.uk/vol1/fastq/ERR170/012/ERR17017512/ERR17017512_1.fastq.gz,https://ftp.sra.ebi.ac.uk/vol1/fastq/ERR170/012/ERR17017512/ERR17017512_2.fastq.gz,,mmapbench
seqinspector_0678_ERR16714319,https://ftp.sra.ebi.ac.uk/vol1/fastq/ERR167/019/ERR16714319/ERR16714319_1.fastq.gz,https://ftp.sra.ebi.ac.uk/vol1/fastq/ERR167/019/ERR16714319/ERR16714319_2.fastq.gz,,mmapbench
seqinspector_0679_ERR16724145,https://ftp.sra.ebi.ac.uk/vol1/fastq/ERR167/045/ERR16724145/ERR16724145_1.fastq.gz,https://ftp.sra.ebi.ac.uk/vol1/fastq/ERR167/045/ERR16724145/ERR16724145_2.fastq.gz,,mmapbench
seqinspector_0680_ERR10682642,https://ftp.sra.ebi.ac.uk/vol1/fastq/ERR106/042/ERR10682642/ERR10682642_1.fastq.gz,https://ftp.sra.ebi.ac.uk/vol1/fastq/ERR106/042/ERR10682642/ERR10682642_2.fastq.gz,,mmapbench
seqinspector_0681_ERR3955445,https://ftp.sra.ebi.ac.uk/vol1/fastq/ERR395/005/ERR3955445/ERR3955445_1.fastq.gz,https://ftp.sra.ebi.ac.uk/vol1/fastq/ERR395/005/ERR3955445/ERR3955445_2.fastq.gz,,mmapbench
seqinspector_0682_ERR4503336,https://ftp.sra.ebi.ac.uk/vol1/fastq/ERR450/006/ERR4503336/ERR4503336_1.fastq.gz,https://ftp.sra.ebi.ac.uk/vol1/fastq/ERR450/006/ERR4503336/ERR4503336_2.fastq.gz,,mmapbench
seqinspector_0683_ERR14946273,https://ftp.sra.ebi.ac.uk/vol1/fastq/ERR149/073/ERR14946273/ERR14946273_1.fastq.gz,https://ftp.sra.ebi.ac.uk/vol1/fastq/ERR149/073/ERR14946273/ERR14946273_2.fastq.gz,,mmapbench
seqinspector_0684_ERR4407733,https://ftp.sra.ebi.ac.uk/vol1/fastq/ERR440/003/ERR4407733/ERR4407733_1.fastq.gz,https://ftp.sra.ebi.ac.uk/vol1/fastq/ERR440/003/ERR4407733/ERR4407733_2.fastq.gz,,mmapbench
seqinspector_0685_ERR10170067,https://ftp.sra.ebi.ac.uk/vol1/fastq/ERR101/067/ERR10170067/ERR10170067_1.fastq.gz,https://ftp.sra.ebi.ac.uk/vol1/fastq/ERR101/067/ERR10170067/ERR10170067_2.fastq.gz,,mmapbench
seqinspector_0686_ERR4502608,https://ftp.sra.ebi.ac.uk/vol1/fastq/ERR450/008/ERR4502608/ERR4502608_1.fastq.gz,https://ftp.sra.ebi.ac.uk/vol1/fastq/ERR450/008/ERR4502608/ERR4502608_2.fastq.gz,,mmapbench
seqinspector_0687_ERR3969714,https://ftp.sra.ebi.ac.uk/vol1/fastq/ERR396/004/ERR3969714/ERR3969714_1.fastq.gz,https://ftp.sra.ebi.ac.uk/vol1/fastq/ERR396/004/ERR3969714/ERR3969714_2.fastq.gz,,mmapbench
seqinspector_0688_ERR13867346,https://ftp.sra.ebi.ac.uk/vol1/fastq/ERR138/046/ERR13867346/ERR13867346_1.fastq.gz,https://ftp.sra.ebi.ac.uk/vol1/fastq/ERR138/046/ERR13867346/ERR13867346_2.fastq.gz,,mmapbench
seqinspector_0689_DRR735183,https://ftp.sra.ebi.ac.uk/vol1/fastq/DRR735/DRR735183/DRR735183_1.fastq.gz,https://ftp.sra.ebi.ac.uk/vol1/fastq/DRR735/DRR735183/DRR735183_2.fastq.gz,,mmapbench
seqinspector_0690_ERR16255266,https://ftp.sra.ebi.ac.uk/vol1/fastq/ERR162/066/ERR16255266/ERR16255266_1.fastq.gz,https://ftp.sra.ebi.ac.uk/vol1/fastq/ERR162/066/ERR16255266/ERR16255266_2.fastq.gz,,mmapbench
seqinspector_0691_ERR12032781,https://ftp.sra.ebi.ac.uk/vol1/fastq/ERR120/081/ERR12032781/ERR12032781_1.fastq.gz,https://ftp.sra.ebi.ac.uk/vol1/fastq/ERR120/081/ERR12032781/ERR12032781_2.fastq.gz,,mmapbench
seqinspector_0692_ERR14195276,https://ftp.sra.ebi.ac.uk/vol1/fastq/ERR141/076/ERR14195276/ERR14195276_1.fastq.gz,https://ftp.sra.ebi.ac.uk/vol1/fastq/ERR141/076/ERR14195276/ERR14195276_2.fastq.gz,,mmapbench
seqinspector_0693_ERR12520383,https://ftp.sra.ebi.ac.uk/vol1/fastq/ERR125/083/ERR12520383/ERR12520383_1.fastq.gz,https://ftp.sra.ebi.ac.uk/vol1/fastq/ERR125/083/ERR12520383/ERR12520383_2.fastq.gz,,mmapbench
seqinspector_0694_ERR16727558,https://ftp.sra.ebi.ac.uk/vol1/fastq/ERR167/058/ERR16727558/ERR16727558_1.fastq.gz,https://ftp.sra.ebi.ac.uk/vol1/fastq/ERR167/058/ERR16727558/ERR16727558_2.fastq.gz,,mmapbench
seqinspector_0695_ERR11627197,https://ftp.sra.ebi.ac.uk/vol1/fastq/ERR116/097/ERR11627197/ERR11627197_1.fastq.gz,https://ftp.sra.ebi.ac.uk/vol1/fastq/ERR116/097/ERR11627197/ERR11627197_2.fastq.gz,,mmapbench
seqinspector_0696_ERR2244542,https://ftp.sra.ebi.ac.uk/vol1/fastq/ERR224/002/ERR2244542/ERR2244542_1.fastq.gz,https://ftp.sra.ebi.ac.uk/vol1/fastq/ERR224/002/ERR2244542/ERR2244542_2.fastq.gz,,mmapbench
seqinspector_0697_DRR735004,https://ftp.sra.ebi.ac.uk/vol1/fastq/DRR735/DRR735004/DRR735004_1.fastq.gz,https://ftp.sra.ebi.ac.uk/vol1/fastq/DRR735/DRR735004/DRR735004_2.fastq.gz,,mmapbench
seqinspector_0698_ERR2611566,https://ftp.sra.ebi.ac.uk/vol1/fastq/ERR261/006/ERR2611566/ERR2611566_1.fastq.gz,https://ftp.sra.ebi.ac.uk/vol1/fastq/ERR261/006/ERR2611566/ERR2611566_2.fastq.gz,,mmapbench
seqinspector_0699_DRR735110,https://ftp.sra.ebi.ac.uk/vol1/fastq/DRR735/DRR735110/DRR735110_1.fastq.gz,https://ftp.sra.ebi.ac.uk/vol1/fastq/DRR735/DRR735110/DRR735110_2.fastq.gz,,mmapbench
seqinspector_0700_DRR771715,https://ftp.sra.ebi.ac.uk/vol1/fastq/DRR771/DRR771715/DRR771715_1.fastq.gz,https://ftp.sra.ebi.ac.uk/vol1/fastq/DRR771/DRR771715/DRR771715_2.fastq.gz,,mmapbench
seqinspector_0701_ERR12555290,https://ftp.sra.ebi.ac.uk/vol1/fastq/ERR125/090/ERR12555290/ERR12555290_1.fastq.gz,https://ftp.sra.ebi.ac.uk/vol1/fastq/ERR125/090/ERR12555290/ERR12555290_2.fastq.gz,,mmapbench
seqinspector_0702_ERR2611583,https://ftp.sra.ebi.ac.uk/vol1/fastq/ERR261/003/ERR2611583/ERR2611583_1.fastq.gz,https://ftp.sra.ebi.ac.uk/vol1/fastq/ERR261/003/ERR2611583/ERR2611583_2.fastq.gz,,mmapbench
seqinspector_0703_ERR15135587,https://ftp.sra.ebi.ac.uk/vol1/fastq/ERR151/087/ERR15135587/ERR15135587_1.fastq.gz,https://ftp.sra.ebi.ac.uk/vol1/fastq/ERR151/087/ERR15135587/ERR15135587_2.fastq.gz,,mmapbench
seqinspector_0704_ERR16709765,https://ftp.sra.ebi.ac.uk/vol1/fastq/ERR167/065/ERR16709765/ERR16709765_1.fastq.gz,https://ftp.sra.ebi.ac.uk/vol1/fastq/ERR167/065/ERR16709765/ERR16709765_2.fastq.gz,,mmapbench
seqinspector_0705_ERR2728839,https://ftp.sra.ebi.ac.uk/vol1/fastq/ERR272/009/ERR2728839/ERR2728839_1.fastq.gz,https://ftp.sra.ebi.ac.uk/vol1/fastq/ERR272/009/ERR2728839/ERR2728839_2.fastq.gz,,mmapbench
seqinspector_0706_ERR12219414,https://ftp.sra.ebi.ac.uk/vol1/fastq/ERR122/014/ERR12219414/ERR12219414_1.fastq.gz,https://ftp.sra.ebi.ac.uk/vol1/fastq/ERR122/014/ERR12219414/ERR12219414_2.fastq.gz,,mmapbench
seqinspector_0707_ERR10749568,https://ftp.sra.ebi.ac.uk/vol1/fastq/ERR107/068/ERR10749568/ERR10749568_1.fastq.gz,https://ftp.sra.ebi.ac.uk/vol1/fastq/ERR107/068/ERR10749568/ERR10749568_2.fastq.gz,,mmapbench
seqinspector_0708_ERR12520529,https://ftp.sra.ebi.ac.uk/vol1/fastq/ERR125/029/ERR12520529/ERR12520529_1.fastq.gz,https://ftp.sra.ebi.ac.uk/vol1/fastq/ERR125/029/ERR12520529/ERR12520529_2.fastq.gz,,mmapbench
seqinspector_0709_ERR3682698,https://ftp.sra.ebi.ac.uk/vol1/fastq/ERR368/008/ERR3682698/ERR3682698_1.fastq.gz,https://ftp.sra.ebi.ac.uk/vol1/fastq/ERR368/008/ERR3682698/ERR3682698_2.fastq.gz,,mmapbench
seqinspector_0710_ERR14049242,https://ftp.sra.ebi.ac.uk/vol1/fastq/ERR140/042/ERR14049242/ERR14049242_1.fastq.gz,https://ftp.sra.ebi.ac.uk/vol1/fastq/ERR140/042/ERR14049242/ERR14049242_2.fastq.gz,,mmapbench
seqinspector_0711_DRR735572,https://ftp.sra.ebi.ac.uk/vol1/fastq/DRR735/DRR735572/DRR735572_1.fastq.gz,https://ftp.sra.ebi.ac.uk/vol1/fastq/DRR735/DRR735572/DRR735572_2.fastq.gz,,mmapbench
seqinspector_0712_ERR14953692,https://ftp.sra.ebi.ac.uk/vol1/fastq/ERR149/092/ERR14953692/ERR14953692_1.fastq.gz,https://ftp.sra.ebi.ac.uk/vol1/fastq/ERR149/092/ERR14953692/ERR14953692_2.fastq.gz,,mmapbench
seqinspector_0713_ERR10881294,https://ftp.sra.ebi.ac.uk/vol1/fastq/ERR108/094/ERR10881294/ERR10881294_1.fastq.gz,https://ftp.sra.ebi.ac.uk/vol1/fastq/ERR108/094/ERR10881294/ERR10881294_2.fastq.gz,,mmapbench
seqinspector_0714_ERR14211235,https://ftp.sra.ebi.ac.uk/vol1/fastq/ERR142/035/ERR14211235/ERR14211235_1.fastq.gz,https://ftp.sra.ebi.ac.uk/vol1/fastq/ERR142/035/ERR14211235/ERR14211235_2.fastq.gz,,mmapbench
seqinspector_0715_ERR3969734,https://ftp.sra.ebi.ac.uk/vol1/fastq/ERR396/004/ERR3969734/ERR3969734_1.fastq.gz,https://ftp.sra.ebi.ac.uk/vol1/fastq/ERR396/004/ERR3969734/ERR3969734_2.fastq.gz,,mmapbench
seqinspector_0716_ERR10880745,https://ftp.sra.ebi.ac.uk/vol1/fastq/ERR108/045/ERR10880745/ERR10880745_1.fastq.gz,https://ftp.sra.ebi.ac.uk/vol1/fastq/ERR108/045/ERR10880745/ERR10880745_2.fastq.gz,,mmapbench
seqinspector_0717_ERR10749574,https://ftp.sra.ebi.ac.uk/vol1/fastq/ERR107/074/ERR10749574/ERR10749574_1.fastq.gz,https://ftp.sra.ebi.ac.uk/vol1/fastq/ERR107/074/ERR10749574/ERR10749574_2.fastq.gz,,mmapbench
seqinspector_0718_DRR771730,https://ftp.sra.ebi.ac.uk/vol1/fastq/DRR771/DRR771730/DRR771730_1.fastq.gz,https://ftp.sra.ebi.ac.uk/vol1/fastq/DRR771/DRR771730/DRR771730_2.fastq.gz,,mmapbench
seqinspector_0719_ERR14194699,https://ftp.sra.ebi.ac.uk/vol1/fastq/ERR141/099/ERR14194699/ERR14194699_1.fastq.gz,https://ftp.sra.ebi.ac.uk/vol1/fastq/ERR141/099/ERR14194699/ERR14194699_2.fastq.gz,,mmapbench
seqinspector_0720_ERR3682677,https://ftp.sra.ebi.ac.uk/vol1/fastq/ERR368/007/ERR3682677/ERR3682677_1.fastq.gz,https://ftp.sra.ebi.ac.uk/vol1/fastq/ERR368/007/ERR3682677/ERR3682677_2.fastq.gz,,mmapbench
seqinspector_0721_ERR12038301,https://ftp.sra.ebi.ac.uk/vol1/fastq/ERR120/001/ERR12038301/ERR12038301_1.fastq.gz,https://ftp.sra.ebi.ac.uk/vol1/fastq/ERR120/001/ERR12038301/ERR12038301_2.fastq.gz,,mmapbench
seqinspector_0722_ERR10213631,https://ftp.sra.ebi.ac.uk/vol1/fastq/ERR102/031/ERR10213631/ERR10213631_1.fastq.gz,https://ftp.sra.ebi.ac.uk/vol1/fastq/ERR102/031/ERR10213631/ERR10213631_2.fastq.gz,,mmapbench
seqinspector_0723_ERR3670805,https://ftp.sra.ebi.ac.uk/vol1/fastq/ERR367/005/ERR3670805/ERR3670805_1.fastq.gz,https://ftp.sra.ebi.ac.uk/vol1/fastq/ERR367/005/ERR3670805/ERR3670805_2.fastq.gz,,mmapbench
seqinspector_0724_ERR17272736,https://ftp.sra.ebi.ac.uk/vol1/fastq/ERR172/036/ERR17272736/ERR17272736_1.fastq.gz,https://ftp.sra.ebi.ac.uk/vol1/fastq/ERR172/036/ERR17272736/ERR17272736_2.fastq.gz,,mmapbench
seqinspector_0725_ERR3970943,https://ftp.sra.ebi.ac.uk/vol1/fastq/ERR397/003/ERR3970943/ERR3970943_1.fastq.gz,https://ftp.sra.ebi.ac.uk/vol1/fastq/ERR397/003/ERR3970943/ERR3970943_2.fastq.gz,,mmapbench
seqinspector_0726_ERR16042831,https://ftp.sra.ebi.ac.uk/vol1/fastq/ERR160/031/ERR16042831/ERR16042831_1.fastq.gz,https://ftp.sra.ebi.ac.uk/vol1/fastq/ERR160/031/ERR16042831/ERR16042831_2.fastq.gz,,mmapbench
seqinspector_0727_ERR14195650,https://ftp.sra.ebi.ac.uk/vol1/fastq/ERR141/050/ERR14195650/ERR14195650_1.fastq.gz,https://ftp.sra.ebi.ac.uk/vol1/fastq/ERR141/050/ERR14195650/ERR14195650_2.fastq.gz,,mmapbench
seqinspector_0728_ERR12555144,https://ftp.sra.ebi.ac.uk/vol1/fastq/ERR125/044/ERR12555144/ERR12555144_1.fastq.gz,https://ftp.sra.ebi.ac.uk/vol1/fastq/ERR125/044/ERR12555144/ERR12555144_2.fastq.gz,,mmapbench
seqinspector_0729_ERR4502597,https://ftp.sra.ebi.ac.uk/vol1/fastq/ERR450/007/ERR4502597/ERR4502597_1.fastq.gz,https://ftp.sra.ebi.ac.uk/vol1/fastq/ERR450/007/ERR4502597/ERR4502597_2.fastq.gz,,mmapbench
seqinspector_0730_DRR734895,https://ftp.sra.ebi.ac.uk/vol1/fastq/DRR734/DRR734895/DRR734895_1.fastq.gz,https://ftp.sra.ebi.ac.uk/vol1/fastq/DRR734/DRR734895/DRR734895_2.fastq.gz,,mmapbench
seqinspector_0731_ERR16731617,https://ftp.sra.ebi.ac.uk/vol1/fastq/ERR167/017/ERR16731617/ERR16731617_1.fastq.gz,https://ftp.sra.ebi.ac.uk/vol1/fastq/ERR167/017/ERR16731617/ERR16731617_2.fastq.gz,,mmapbench
seqinspector_0732_ERR3726793,https://ftp.sra.ebi.ac.uk/vol1/fastq/ERR372/003/ERR3726793/ERR3726793_1.fastq.gz,https://ftp.sra.ebi.ac.uk/vol1/fastq/ERR372/003/ERR3726793/ERR3726793_2.fastq.gz,,mmapbench
seqinspector_0733_ERR14195647,https://ftp.sra.ebi.ac.uk/vol1/fastq/ERR141/047/ERR14195647/ERR14195647_1.fastq.gz,https://ftp.sra.ebi.ac.uk/vol1/fastq/ERR141/047/ERR14195647/ERR14195647_2.fastq.gz,,mmapbench
seqinspector_0734_DRR735140,https://ftp.sra.ebi.ac.uk/vol1/fastq/DRR735/DRR735140/DRR735140_1.fastq.gz,https://ftp.sra.ebi.ac.uk/vol1/fastq/DRR735/DRR735140/DRR735140_2.fastq.gz,,mmapbench
seqinspector_0735_ERR15315408,https://ftp.sra.ebi.ac.uk/vol1/fastq/ERR153/008/ERR15315408/ERR15315408_1.fastq.gz,https://ftp.sra.ebi.ac.uk/vol1/fastq/ERR153/008/ERR15315408/ERR15315408_2.fastq.gz,,mmapbench
seqinspector_0736_ERR13061343,https://ftp.sra.ebi.ac.uk/vol1/fastq/ERR130/043/ERR13061343/ERR13061343_1.fastq.gz,https://ftp.sra.ebi.ac.uk/vol1/fastq/ERR130/043/ERR13061343/ERR13061343_2.fastq.gz,,mmapbench
seqinspector_0737_ERR14195404,https://ftp.sra.ebi.ac.uk/vol1/fastq/ERR141/004/ERR14195404/ERR14195404_1.fastq.gz,https://ftp.sra.ebi.ac.uk/vol1/fastq/ERR141/004/ERR14195404/ERR14195404_2.fastq.gz,,mmapbench
seqinspector_0738_ERR14211550,https://ftp.sra.ebi.ac.uk/vol1/fastq/ERR142/050/ERR14211550/ERR14211550_1.fastq.gz,https://ftp.sra.ebi.ac.uk/vol1/fastq/ERR142/050/ERR14211550/ERR14211550_2.fastq.gz,,mmapbench
seqinspector_0739_ERR11563292,https://ftp.sra.ebi.ac.uk/vol1/fastq/ERR115/092/ERR11563292/ERR11563292_1.fastq.gz,https://ftp.sra.ebi.ac.uk/vol1/fastq/ERR115/092/ERR11563292/ERR11563292_2.fastq.gz,,mmapbench
seqinspector_0740_ERR2728790,https://ftp.sra.ebi.ac.uk/vol1/fastq/ERR272/000/ERR2728790/ERR2728790_1.fastq.gz,https://ftp.sra.ebi.ac.uk/vol1/fastq/ERR272/000/ERR2728790/ERR2728790_2.fastq.gz,,mmapbench
seqinspector_0741_ERR15348554,https://ftp.sra.ebi.ac.uk/vol1/fastq/ERR153/054/ERR15348554/ERR15348554_1.fastq.gz,https://ftp.sra.ebi.ac.uk/vol1/fastq/ERR153/054/ERR15348554/ERR15348554_2.fastq.gz,,mmapbench
seqinspector_0742_ERR12219119,https://ftp.sra.ebi.ac.uk/vol1/fastq/ERR122/019/ERR12219119/ERR12219119_1.fastq.gz,https://ftp.sra.ebi.ac.uk/vol1/fastq/ERR122/019/ERR12219119/ERR12219119_2.fastq.gz,,mmapbench
seqinspector_0743_ERR3179966,https://ftp.sra.ebi.ac.uk/vol1/fastq/ERR317/006/ERR3179966/ERR3179966_1.fastq.gz,https://ftp.sra.ebi.ac.uk/vol1/fastq/ERR317/006/ERR3179966/ERR3179966_2.fastq.gz,,mmapbench
seqinspector_0744_ERR4502448,https://ftp.sra.ebi.ac.uk/vol1/fastq/ERR450/008/ERR4502448/ERR4502448_1.fastq.gz,https://ftp.sra.ebi.ac.uk/vol1/fastq/ERR450/008/ERR4502448/ERR4502448_2.fastq.gz,,mmapbench
seqinspector_0745_ERR11627323,https://ftp.sra.ebi.ac.uk/vol1/fastq/ERR116/023/ERR11627323/ERR11627323_1.fastq.gz,https://ftp.sra.ebi.ac.uk/vol1/fastq/ERR116/023/ERR11627323/ERR11627323_2.fastq.gz,,mmapbench
seqinspector_0746_ERR4407666,https://ftp.sra.ebi.ac.uk/vol1/fastq/ERR440/006/ERR4407666/ERR4407666_1.fastq.gz,https://ftp.sra.ebi.ac.uk/vol1/fastq/ERR440/006/ERR4407666/ERR4407666_2.fastq.gz,,mmapbench
seqinspector_0747_ERR2611540,https://ftp.sra.ebi.ac.uk/vol1/fastq/ERR261/000/ERR2611540/ERR2611540_1.fastq.gz,https://ftp.sra.ebi.ac.uk/vol1/fastq/ERR261/000/ERR2611540/ERR2611540_2.fastq.gz,,mmapbench
seqinspector_0748_ERR2611628,https://ftp.sra.ebi.ac.uk/vol1/fastq/ERR261/008/ERR2611628/ERR2611628_1.fastq.gz,https://ftp.sra.ebi.ac.uk/vol1/fastq/ERR261/008/ERR2611628/ERR2611628_2.fastq.gz,,mmapbench
seqinspector_0749_ERR12555006,https://ftp.sra.ebi.ac.uk/vol1/fastq/ERR125/006/ERR12555006/ERR12555006_1.fastq.gz,https://ftp.sra.ebi.ac.uk/vol1/fastq/ERR125/006/ERR12555006/ERR12555006_2.fastq.gz,,mmapbench
seqinspector_0750_DRR735614,https://ftp.sra.ebi.ac.uk/vol1/fastq/DRR735/DRR735614/DRR735614_1.fastq.gz,https://ftp.sra.ebi.ac.uk/vol1/fastq/DRR735/DRR735614/DRR735614_2.fastq.gz,,mmapbench
seqinspector_0751_ERR11563298,https://ftp.sra.ebi.ac.uk/vol1/fastq/ERR115/098/ERR11563298/ERR11563298_1.fastq.gz,https://ftp.sra.ebi.ac.uk/vol1/fastq/ERR115/098/ERR11563298/ERR11563298_2.fastq.gz,,mmapbench
seqinspector_0752_DRR735560,https://ftp.sra.ebi.ac.uk/vol1/fastq/DRR735/DRR735560/DRR735560_1.fastq.gz,https://ftp.sra.ebi.ac.uk/vol1/fastq/DRR735/DRR735560/DRR735560_2.fastq.gz,,mmapbench
seqinspector_0753_ERR14195112,https://ftp.sra.ebi.ac.uk/vol1/fastq/ERR141/012/ERR14195112/ERR14195112_1.fastq.gz,https://ftp.sra.ebi.ac.uk/vol1/fastq/ERR141/012/ERR14195112/ERR14195112_2.fastq.gz,,mmapbench
seqinspector_0754_ERR12520517,https://ftp.sra.ebi.ac.uk/vol1/fastq/ERR125/017/ERR12520517/ERR12520517_1.fastq.gz,https://ftp.sra.ebi.ac.uk/vol1/fastq/ERR125/017/ERR12520517/ERR12520517_2.fastq.gz,,mmapbench
seqinspector_0755_ERR15418844,https://ftp.sra.ebi.ac.uk/vol1/fastq/ERR154/044/ERR15418844/ERR15418844_1.fastq.gz,https://ftp.sra.ebi.ac.uk/vol1/fastq/ERR154/044/ERR15418844/ERR15418844_2.fastq.gz,,mmapbench
seqinspector_0756_ERR14801346,https://ftp.sra.ebi.ac.uk/vol1/fastq/ERR148/046/ERR14801346/ERR14801346_1.fastq.gz,https://ftp.sra.ebi.ac.uk/vol1/fastq/ERR148/046/ERR14801346/ERR14801346_2.fastq.gz,,mmapbench
seqinspector_0757_ERR14210986,https://ftp.sra.ebi.ac.uk/vol1/fastq/ERR142/086/ERR14210986/ERR14210986_1.fastq.gz,https://ftp.sra.ebi.ac.uk/vol1/fastq/ERR142/086/ERR14210986/ERR14210986_2.fastq.gz,,mmapbench
seqinspector_0758_ERR14194840,https://ftp.sra.ebi.ac.uk/vol1/fastq/ERR141/040/ERR14194840/ERR14194840_1.fastq.gz,https://ftp.sra.ebi.ac.uk/vol1/fastq/ERR141/040/ERR14194840/ERR14194840_2.fastq.gz,,mmapbench
seqinspector_0759_ERR15315425,https://ftp.sra.ebi.ac.uk/vol1/fastq/ERR153/025/ERR15315425/ERR15315425_1.fastq.gz,https://ftp.sra.ebi.ac.uk/vol1/fastq/ERR153/025/ERR15315425/ERR15315425_2.fastq.gz,,mmapbench
seqinspector_0760_ERR3682710,https://ftp.sra.ebi.ac.uk/vol1/fastq/ERR368/000/ERR3682710/ERR3682710_1.fastq.gz,https://ftp.sra.ebi.ac.uk/vol1/fastq/ERR368/000/ERR3682710/ERR3682710_2.fastq.gz,,mmapbench
seqinspector_0761_ERR2611579,https://ftp.sra.ebi.ac.uk/vol1/fastq/ERR261/009/ERR2611579/ERR2611579_1.fastq.gz,https://ftp.sra.ebi.ac.uk/vol1/fastq/ERR261/009/ERR2611579/ERR2611579_2.fastq.gz,,mmapbench
seqinspector_0762_ERR2611515,https://ftp.sra.ebi.ac.uk/vol1/fastq/ERR261/005/ERR2611515/ERR2611515_1.fastq.gz,https://ftp.sra.ebi.ac.uk/vol1/fastq/ERR261/005/ERR2611515/ERR2611515_2.fastq.gz,,mmapbench
seqinspector_0763_ERR12032916,https://ftp.sra.ebi.ac.uk/vol1/fastq/ERR120/016/ERR12032916/ERR12032916_1.fastq.gz,https://ftp.sra.ebi.ac.uk/vol1/fastq/ERR120/016/ERR12032916/ERR12032916_2.fastq.gz,,mmapbench
seqinspector_0764_ERR10897785,https://ftp.sra.ebi.ac.uk/vol1/fastq/ERR108/085/ERR10897785/ERR10897785_1.fastq.gz,https://ftp.sra.ebi.ac.uk/vol1/fastq/ERR108/085/ERR10897785/ERR10897785_2.fastq.gz,,mmapbench
seqinspector_0765_ERR14211685,https://ftp.sra.ebi.ac.uk/vol1/fastq/ERR142/085/ERR14211685/ERR14211685_1.fastq.gz,https://ftp.sra.ebi.ac.uk/vol1/fastq/ERR142/085/ERR14211685/ERR14211685_2.fastq.gz,,mmapbench
seqinspector_0766_ERR16010900,https://ftp.sra.ebi.ac.uk/vol1/fastq/ERR160/000/ERR16010900/ERR16010900_1.fastq.gz,https://ftp.sra.ebi.ac.uk/vol1/fastq/ERR160/000/ERR16010900/ERR16010900_2.fastq.gz,,mmapbench
seqinspector_0767_DRR735484,https://ftp.sra.ebi.ac.uk/vol1/fastq/DRR735/DRR735484/DRR735484_1.fastq.gz,https://ftp.sra.ebi.ac.uk/vol1/fastq/DRR735/DRR735484/DRR735484_2.fastq.gz,,mmapbench
seqinspector_0768_ERR16712339,https://ftp.sra.ebi.ac.uk/vol1/fastq/ERR167/039/ERR16712339/ERR16712339_1.fastq.gz,https://ftp.sra.ebi.ac.uk/vol1/fastq/ERR167/039/ERR16712339/ERR16712339_2.fastq.gz,,mmapbench
seqinspector_0769_ERR16012338,https://ftp.sra.ebi.ac.uk/vol1/fastq/ERR160/038/ERR16012338/ERR16012338_1.fastq.gz,https://ftp.sra.ebi.ac.uk/vol1/fastq/ERR160/038/ERR16012338/ERR16012338_2.fastq.gz,,mmapbench
seqinspector_0770_DRR735182,https://ftp.sra.ebi.ac.uk/vol1/fastq/DRR735/DRR735182/DRR735182_1.fastq.gz,https://ftp.sra.ebi.ac.uk/vol1/fastq/DRR735/DRR735182/DRR735182_2.fastq.gz,,mmapbench
seqinspector_0771_ERR14211794,https://ftp.sra.ebi.ac.uk/vol1/fastq/ERR142/094/ERR14211794/ERR14211794_1.fastq.gz,https://ftp.sra.ebi.ac.uk/vol1/fastq/ERR142/094/ERR14211794/ERR14211794_2.fastq.gz,,mmapbench
seqinspector_0772_ERR14194852,https://ftp.sra.ebi.ac.uk/vol1/fastq/ERR141/052/ERR14194852/ERR14194852_1.fastq.gz,https://ftp.sra.ebi.ac.uk/vol1/fastq/ERR141/052/ERR14194852/ERR14194852_2.fastq.gz,,mmapbench
seqinspector_0773_DRR858887,https://ftp.sra.ebi.ac.uk/vol1/fastq/DRR858/DRR858887/DRR858887_1.fastq.gz,https://ftp.sra.ebi.ac.uk/vol1/fastq/DRR858/DRR858887/DRR858887_2.fastq.gz,,mmapbench
seqinspector_0774_DRR858919,https://ftp.sra.ebi.ac.uk/vol1/fastq/DRR858/DRR858919/DRR858919_1.fastq.gz,https://ftp.sra.ebi.ac.uk/vol1/fastq/DRR858/DRR858919/DRR858919_2.fastq.gz,,mmapbench
seqinspector_0775_ERR4502324,https://ftp.sra.ebi.ac.uk/vol1/fastq/ERR450/004/ERR4502324/ERR4502324_1.fastq.gz,https://ftp.sra.ebi.ac.uk/vol1/fastq/ERR450/004/ERR4502324/ERR4502324_2.fastq.gz,,mmapbench
seqinspector_0776_ERR14211773,https://ftp.sra.ebi.ac.uk/vol1/fastq/ERR142/073/ERR14211773/ERR14211773_1.fastq.gz,https://ftp.sra.ebi.ac.uk/vol1/fastq/ERR142/073/ERR14211773/ERR14211773_2.fastq.gz,,mmapbench
seqinspector_0777_ERR2235032,https://ftp.sra.ebi.ac.uk/vol1/fastq/ERR223/002/ERR2235032/ERR2235032_1.fastq.gz,https://ftp.sra.ebi.ac.uk/vol1/fastq/ERR223/002/ERR2235032/ERR2235032_2.fastq.gz,,mmapbench
seqinspector_0778_ERR13583521,https://ftp.sra.ebi.ac.uk/vol1/fastq/ERR135/021/ERR13583521/ERR13583521_1.fastq.gz,https://ftp.sra.ebi.ac.uk/vol1/fastq/ERR135/021/ERR13583521/ERR13583521_2.fastq.gz,,mmapbench
seqinspector_0779_ERR12126433,https://ftp.sra.ebi.ac.uk/vol1/fastq/ERR121/033/ERR12126433/ERR12126433_1.fastq.gz,https://ftp.sra.ebi.ac.uk/vol1/fastq/ERR121/033/ERR12126433/ERR12126433_2.fastq.gz,,mmapbench
seqinspector_0780_ERR12126353,https://ftp.sra.ebi.ac.uk/vol1/fastq/ERR121/053/ERR12126353/ERR12126353_1.fastq.gz,https://ftp.sra.ebi.ac.uk/vol1/fastq/ERR121/053/ERR12126353/ERR12126353_2.fastq.gz,,mmapbench
seqinspector_0781_ERR12814408,https://ftp.sra.ebi.ac.uk/vol1/fastq/ERR128/008/ERR12814408/ERR12814408_1.fastq.gz,https://ftp.sra.ebi.ac.uk/vol1/fastq/ERR128/008/ERR12814408/ERR12814408_2.fastq.gz,,mmapbench
seqinspector_0782_ERR16711374,https://ftp.sra.ebi.ac.uk/vol1/fastq/ERR167/074/ERR16711374/ERR16711374_1.fastq.gz,https://ftp.sra.ebi.ac.uk/vol1/fastq/ERR167/074/ERR16711374/ERR16711374_2.fastq.gz,,mmapbench
seqinspector_0783_ERR16724652,https://ftp.sra.ebi.ac.uk/vol1/fastq/ERR167/052/ERR16724652/ERR16724652_1.fastq.gz,https://ftp.sra.ebi.ac.uk/vol1/fastq/ERR167/052/ERR16724652/ERR16724652_2.fastq.gz,,mmapbench
seqinspector_0784_ERR13999498,https://ftp.sra.ebi.ac.uk/vol1/fastq/ERR139/098/ERR13999498/ERR13999498_1.fastq.gz,https://ftp.sra.ebi.ac.uk/vol1/fastq/ERR139/098/ERR13999498/ERR13999498_2.fastq.gz,,mmapbench
seqinspector_0785_DRR735301,https://ftp.sra.ebi.ac.uk/vol1/fastq/DRR735/DRR735301/DRR735301_1.fastq.gz,https://ftp.sra.ebi.ac.uk/vol1/fastq/DRR735/DRR735301/DRR735301_2.fastq.gz,,mmapbench
seqinspector_0786_DRR735242,https://ftp.sra.ebi.ac.uk/vol1/fastq/DRR735/DRR735242/DRR735242_1.fastq.gz,https://ftp.sra.ebi.ac.uk/vol1/fastq/DRR735/DRR735242/DRR735242_2.fastq.gz,,mmapbench
seqinspector_0787_ERR14789048,https://ftp.sra.ebi.ac.uk/vol1/fastq/ERR147/048/ERR14789048/ERR14789048_1.fastq.gz,https://ftp.sra.ebi.ac.uk/vol1/fastq/ERR147/048/ERR14789048/ERR14789048_2.fastq.gz,,mmapbench
seqinspector_0788_ERR11646990,https://ftp.sra.ebi.ac.uk/vol1/fastq/ERR116/090/ERR11646990/ERR11646990_1.fastq.gz,https://ftp.sra.ebi.ac.uk/vol1/fastq/ERR116/090/ERR11646990/ERR11646990_2.fastq.gz,,mmapbench
seqinspector_0789_DRR735180,https://ftp.sra.ebi.ac.uk/vol1/fastq/DRR735/DRR735180/DRR735180_1.fastq.gz,https://ftp.sra.ebi.ac.uk/vol1/fastq/DRR735/DRR735180/DRR735180_2.fastq.gz,,mmapbench
seqinspector_0790_ERR16719465,https://ftp.sra.ebi.ac.uk/vol1/fastq/ERR167/065/ERR16719465/ERR16719465_1.fastq.gz,https://ftp.sra.ebi.ac.uk/vol1/fastq/ERR167/065/ERR16719465/ERR16719465_2.fastq.gz,,mmapbench
seqinspector_0791_DRR735178,https://ftp.sra.ebi.ac.uk/vol1/fastq/DRR735/DRR735178/DRR735178_1.fastq.gz,https://ftp.sra.ebi.ac.uk/vol1/fastq/DRR735/DRR735178/DRR735178_2.fastq.gz,,mmapbench
seqinspector_0792_ERR15135567,https://ftp.sra.ebi.ac.uk/vol1/fastq/ERR151/067/ERR15135567/ERR15135567_1.fastq.gz,https://ftp.sra.ebi.ac.uk/vol1/fastq/ERR151/067/ERR15135567/ERR15135567_2.fastq.gz,,mmapbench
seqinspector_0793_ERR16026949,https://ftp.sra.ebi.ac.uk/vol1/fastq/ERR160/049/ERR16026949/ERR16026949_1.fastq.gz,https://ftp.sra.ebi.ac.uk/vol1/fastq/ERR160/049/ERR16026949/ERR16026949_2.fastq.gz,,mmapbench
seqinspector_0794_DRR735626,https://ftp.sra.ebi.ac.uk/vol1/fastq/DRR735/DRR735626/DRR735626_1.fastq.gz,https://ftp.sra.ebi.ac.uk/vol1/fastq/DRR735/DRR735626/DRR735626_2.fastq.gz,,mmapbench
seqinspector_0795_ERR2244421,https://ftp.sra.ebi.ac.uk/vol1/fastq/ERR224/001/ERR2244421/ERR2244421_1.fastq.gz,https://ftp.sra.ebi.ac.uk/vol1/fastq/ERR224/001/ERR2244421/ERR2244421_2.fastq.gz,,mmapbench
seqinspector_0796_ERR10206043,https://ftp.sra.ebi.ac.uk/vol1/fastq/ERR102/043/ERR10206043/ERR10206043_1.fastq.gz,https://ftp.sra.ebi.ac.uk/vol1/fastq/ERR102/043/ERR10206043/ERR10206043_2.fastq.gz,,mmapbench
seqinspector_0797_ERR11627225,https://ftp.sra.ebi.ac.uk/vol1/fastq/ERR116/025/ERR11627225/ERR11627225_1.fastq.gz,https://ftp.sra.ebi.ac.uk/vol1/fastq/ERR116/025/ERR11627225/ERR11627225_2.fastq.gz,,mmapbench
seqinspector_0798_ERR16010523,https://ftp.sra.ebi.ac.uk/vol1/fastq/ERR160/023/ERR16010523/ERR16010523_1.fastq.gz,https://ftp.sra.ebi.ac.uk/vol1/fastq/ERR160/023/ERR16010523/ERR16010523_2.fastq.gz,,mmapbench
seqinspector_0799_ERR10880661,https://ftp.sra.ebi.ac.uk/vol1/fastq/ERR108/061/ERR10880661/ERR10880661_1.fastq.gz,https://ftp.sra.ebi.ac.uk/vol1/fastq/ERR108/061/ERR10880661/ERR10880661_2.fastq.gz,,mmapbench
seqinspector_0800_ERR3662982,https://ftp.sra.ebi.ac.uk/vol1/fastq/ERR366/002/ERR3662982/ERR3662982_1.fastq.gz,https://ftp.sra.ebi.ac.uk/vol1/fastq/ERR366/002/ERR3662982/ERR3662982_2.fastq.gz,,mmapbench
seqinspector_0801_ERR14211320,https://ftp.sra.ebi.ac.uk/vol1/fastq/ERR142/020/ERR14211320/ERR14211320_1.fastq.gz,https://ftp.sra.ebi.ac.uk/vol1/fastq/ERR142/020/ERR14211320/ERR14211320_2.fastq.gz,,mmapbench
seqinspector_0802_ERR12379602,https://ftp.sra.ebi.ac.uk/vol1/fastq/ERR123/002/ERR12379602/ERR12379602_1.fastq.gz,https://ftp.sra.ebi.ac.uk/vol1/fastq/ERR123/002/ERR12379602/ERR12379602_2.fastq.gz,,mmapbench
seqinspector_0803_ERR10742642,https://ftp.sra.ebi.ac.uk/vol1/fastq/ERR107/042/ERR10742642/ERR10742642_1.fastq.gz,https://ftp.sra.ebi.ac.uk/vol1/fastq/ERR107/042/ERR10742642/ERR10742642_2.fastq.gz,,mmapbench
seqinspector_0804_ERR12038289,https://ftp.sra.ebi.ac.uk/vol1/fastq/ERR120/089/ERR12038289/ERR12038289_1.fastq.gz,https://ftp.sra.ebi.ac.uk/vol1/fastq/ERR120/089/ERR12038289/ERR12038289_2.fastq.gz,,mmapbench
seqinspector_0805_ERR2611636,https://ftp.sra.ebi.ac.uk/vol1/fastq/ERR261/006/ERR2611636/ERR2611636_1.fastq.gz,https://ftp.sra.ebi.ac.uk/vol1/fastq/ERR261/006/ERR2611636/ERR2611636_2.fastq.gz,,mmapbench
seqinspector_0806_ERR14802291,https://ftp.sra.ebi.ac.uk/vol1/fastq/ERR148/091/ERR14802291/ERR14802291_1.fastq.gz,https://ftp.sra.ebi.ac.uk/vol1/fastq/ERR148/091/ERR14802291/ERR14802291_2.fastq.gz,,mmapbench
seqinspector_0807_ERR11627290,https://ftp.sra.ebi.ac.uk/vol1/fastq/ERR116/090/ERR11627290/ERR11627290_1.fastq.gz,https://ftp.sra.ebi.ac.uk/vol1/fastq/ERR116/090/ERR11627290/ERR11627290_2.fastq.gz,,mmapbench
seqinspector_0808_DRR1030112,https://ftp.sra.ebi.ac.uk/vol1/fastq/DRR103/002/DRR1030112/DRR1030112_1.fastq.gz,https://ftp.sra.ebi.ac.uk/vol1/fastq/DRR103/002/DRR1030112/DRR1030112_2.fastq.gz,,mmapbench
seqinspector_0809_ERR12217622,https://ftp.sra.ebi.ac.uk/vol1/fastq/ERR122/022/ERR12217622/ERR12217622_1.fastq.gz,https://ftp.sra.ebi.ac.uk/vol1/fastq/ERR122/022/ERR12217622/ERR12217622_2.fastq.gz,,mmapbench
seqinspector_0810_DRR734964,https://ftp.sra.ebi.ac.uk/vol1/fastq/DRR734/DRR734964/DRR734964_1.fastq.gz,https://ftp.sra.ebi.ac.uk/vol1/fastq/DRR734/DRR734964/DRR734964_2.fastq.gz,,mmapbench
seqinspector_0811_ERR2863521,https://ftp.sra.ebi.ac.uk/vol1/fastq/ERR286/001/ERR2863521/ERR2863521_1.fastq.gz,https://ftp.sra.ebi.ac.uk/vol1/fastq/ERR286/001/ERR2863521/ERR2863521_2.fastq.gz,,mmapbench
seqinspector_0812_ERR14194847,https://ftp.sra.ebi.ac.uk/vol1/fastq/ERR141/047/ERR14194847/ERR14194847_1.fastq.gz,https://ftp.sra.ebi.ac.uk/vol1/fastq/ERR141/047/ERR14194847/ERR14194847_2.fastq.gz,,mmapbench
seqinspector_0813_ERR11456224,https://ftp.sra.ebi.ac.uk/vol1/fastq/ERR114/024/ERR11456224/ERR11456224_1.fastq.gz,https://ftp.sra.ebi.ac.uk/vol1/fastq/ERR114/024/ERR11456224/ERR11456224_2.fastq.gz,,mmapbench
seqinspector_0814_ERR17463483,https://ftp.sra.ebi.ac.uk/vol1/fastq/ERR174/083/ERR17463483/ERR17463483_1.fastq.gz,https://ftp.sra.ebi.ac.uk/vol1/fastq/ERR174/083/ERR17463483/ERR17463483_2.fastq.gz,,mmapbench
seqinspector_0815_DRR734908,https://ftp.sra.ebi.ac.uk/vol1/fastq/DRR734/DRR734908/DRR734908_1.fastq.gz,https://ftp.sra.ebi.ac.uk/vol1/fastq/DRR734/DRR734908/DRR734908_2.fastq.gz,,mmapbench
seqinspector_0816_ERR11627261,https://ftp.sra.ebi.ac.uk/vol1/fastq/ERR116/061/ERR11627261/ERR11627261_1.fastq.gz,https://ftp.sra.ebi.ac.uk/vol1/fastq/ERR116/061/ERR11627261/ERR11627261_2.fastq.gz,,mmapbench
seqinspector_0817_ERR10898309,https://ftp.sra.ebi.ac.uk/vol1/fastq/ERR108/009/ERR10898309/ERR10898309_1.fastq.gz,https://ftp.sra.ebi.ac.uk/vol1/fastq/ERR108/009/ERR10898309/ERR10898309_2.fastq.gz,,mmapbench
seqinspector_0818_DRR735643,https://ftp.sra.ebi.ac.uk/vol1/fastq/DRR735/DRR735643/DRR735643_1.fastq.gz,https://ftp.sra.ebi.ac.uk/vol1/fastq/DRR735/DRR735643/DRR735643_2.fastq.gz,,mmapbench
seqinspector_0819_ERR14194800,https://ftp.sra.ebi.ac.uk/vol1/fastq/ERR141/000/ERR14194800/ERR14194800_1.fastq.gz,https://ftp.sra.ebi.ac.uk/vol1/fastq/ERR141/000/ERR14194800/ERR14194800_2.fastq.gz,,mmapbench
seqinspector_0820_ERR14211164,https://ftp.sra.ebi.ac.uk/vol1/fastq/ERR142/064/ERR14211164/ERR14211164_1.fastq.gz,https://ftp.sra.ebi.ac.uk/vol1/fastq/ERR142/064/ERR14211164/ERR14211164_2.fastq.gz,,mmapbench
seqinspector_0821_ERR3769562,https://ftp.sra.ebi.ac.uk/vol1/fastq/ERR376/002/ERR3769562/ERR3769562_1.fastq.gz,https://ftp.sra.ebi.ac.uk/vol1/fastq/ERR376/002/ERR3769562/ERR3769562_2.fastq.gz,,mmapbench
seqinspector_0822_ERR3682675,https://ftp.sra.ebi.ac.uk/vol1/fastq/ERR368/005/ERR3682675/ERR3682675_1.fastq.gz,https://ftp.sra.ebi.ac.uk/vol1/fastq/ERR368/005/ERR3682675/ERR3682675_2.fastq.gz,,mmapbench
seqinspector_0823_ERR13391495,https://ftp.sra.ebi.ac.uk/vol1/fastq/ERR133/095/ERR13391495/ERR13391495_1.fastq.gz,https://ftp.sra.ebi.ac.uk/vol1/fastq/ERR133/095/ERR13391495/ERR13391495_2.fastq.gz,,mmapbench
seqinspector_0824_DRR1030106,https://ftp.sra.ebi.ac.uk/vol1/fastq/DRR103/006/DRR1030106/DRR1030106_1.fastq.gz,https://ftp.sra.ebi.ac.uk/vol1/fastq/DRR103/006/DRR1030106/DRR1030106_2.fastq.gz,,mmapbench
seqinspector_0825_ERR14210810,https://ftp.sra.ebi.ac.uk/vol1/fastq/ERR142/010/ERR14210810/ERR14210810_1.fastq.gz,https://ftp.sra.ebi.ac.uk/vol1/fastq/ERR142/010/ERR14210810/ERR14210810_2.fastq.gz,,mmapbench
seqinspector_0826_ERR12520201,https://ftp.sra.ebi.ac.uk/vol1/fastq/ERR125/001/ERR12520201/ERR12520201_1.fastq.gz,https://ftp.sra.ebi.ac.uk/vol1/fastq/ERR125/001/ERR12520201/ERR12520201_2.fastq.gz,,mmapbench
seqinspector_0827_ERR10749696,https://ftp.sra.ebi.ac.uk/vol1/fastq/ERR107/096/ERR10749696/ERR10749696_1.fastq.gz,https://ftp.sra.ebi.ac.uk/vol1/fastq/ERR107/096/ERR10749696/ERR10749696_2.fastq.gz,,mmapbench
seqinspector_0828_ERR3932432,https://ftp.sra.ebi.ac.uk/vol1/fastq/ERR393/002/ERR3932432/ERR3932432_1.fastq.gz,https://ftp.sra.ebi.ac.uk/vol1/fastq/ERR393/002/ERR3932432/ERR3932432_2.fastq.gz,,mmapbench
seqinspector_0829_ERR14211434,https://ftp.sra.ebi.ac.uk/vol1/fastq/ERR142/034/ERR14211434/ERR14211434_1.fastq.gz,https://ftp.sra.ebi.ac.uk/vol1/fastq/ERR142/034/ERR14211434/ERR14211434_2.fastq.gz,,mmapbench
seqinspector_0830_ERR14194819,https://ftp.sra.ebi.ac.uk/vol1/fastq/ERR141/019/ERR14194819/ERR14194819_1.fastq.gz,https://ftp.sra.ebi.ac.uk/vol1/fastq/ERR141/019/ERR14194819/ERR14194819_2.fastq.gz,,mmapbench
seqinspector_0831_ERR10749620,https://ftp.sra.ebi.ac.uk/vol1/fastq/ERR107/020/ERR10749620/ERR10749620_1.fastq.gz,https://ftp.sra.ebi.ac.uk/vol1/fastq/ERR107/020/ERR10749620/ERR10749620_2.fastq.gz,,mmapbench
seqinspector_0832_ERR2728753,https://ftp.sra.ebi.ac.uk/vol1/fastq/ERR272/003/ERR2728753/ERR2728753_1.fastq.gz,https://ftp.sra.ebi.ac.uk/vol1/fastq/ERR272/003/ERR2728753/ERR2728753_2.fastq.gz,,mmapbench
seqinspector_0833_ERR11627340,https://ftp.sra.ebi.ac.uk/vol1/fastq/ERR116/040/ERR11627340/ERR11627340_1.fastq.gz,https://ftp.sra.ebi.ac.uk/vol1/fastq/ERR116/040/ERR11627340/ERR11627340_2.fastq.gz,,mmapbench
seqinspector_0834_ERR14195496,https://ftp.sra.ebi.ac.uk/vol1/fastq/ERR141/096/ERR14195496/ERR14195496_1.fastq.gz,https://ftp.sra.ebi.ac.uk/vol1/fastq/ERR141/096/ERR14195496/ERR14195496_2.fastq.gz,,mmapbench
seqinspector_0835_ERR14211642,https://ftp.sra.ebi.ac.uk/vol1/fastq/ERR142/042/ERR14211642/ERR14211642_1.fastq.gz,https://ftp.sra.ebi.ac.uk/vol1/fastq/ERR142/042/ERR14211642/ERR14211642_2.fastq.gz,,mmapbench
seqinspector_0836_ERR14211260,https://ftp.sra.ebi.ac.uk/vol1/fastq/ERR142/060/ERR14211260/ERR14211260_1.fastq.gz,https://ftp.sra.ebi.ac.uk/vol1/fastq/ERR142/060/ERR14211260/ERR14211260_2.fastq.gz,,mmapbench
seqinspector_0837_ERR16024346,https://ftp.sra.ebi.ac.uk/vol1/fastq/ERR160/046/ERR16024346/ERR16024346_1.fastq.gz,https://ftp.sra.ebi.ac.uk/vol1/fastq/ERR160/046/ERR16024346/ERR16024346_2.fastq.gz,,mmapbench
seqinspector_0838_ERR12520161,https://ftp.sra.ebi.ac.uk/vol1/fastq/ERR125/061/ERR12520161/ERR12520161_1.fastq.gz,https://ftp.sra.ebi.ac.uk/vol1/fastq/ERR125/061/ERR12520161/ERR12520161_2.fastq.gz,,mmapbench
seqinspector_0839_ERR12218689,https://ftp.sra.ebi.ac.uk/vol1/fastq/ERR122/089/ERR12218689/ERR12218689_1.fastq.gz,https://ftp.sra.ebi.ac.uk/vol1/fastq/ERR122/089/ERR12218689/ERR12218689_2.fastq.gz,,mmapbench
seqinspector_0840_ERR10880585,https://ftp.sra.ebi.ac.uk/vol1/fastq/ERR108/085/ERR10880585/ERR10880585_1.fastq.gz,https://ftp.sra.ebi.ac.uk/vol1/fastq/ERR108/085/ERR10880585/ERR10880585_2.fastq.gz,,mmapbench
seqinspector_0841_ERR12520192,https://ftp.sra.ebi.ac.uk/vol1/fastq/ERR125/092/ERR12520192/ERR12520192_1.fastq.gz,https://ftp.sra.ebi.ac.uk/vol1/fastq/ERR125/092/ERR12520192/ERR12520192_2.fastq.gz,,mmapbench
seqinspector_0842_DRR734900,https://ftp.sra.ebi.ac.uk/vol1/fastq/DRR734/DRR734900/DRR734900_1.fastq.gz,https://ftp.sra.ebi.ac.uk/vol1/fastq/DRR734/DRR734900/DRR734900_2.fastq.gz,,mmapbench
seqinspector_0843_ERR2728757,https://ftp.sra.ebi.ac.uk/vol1/fastq/ERR272/007/ERR2728757/ERR2728757_1.fastq.gz,https://ftp.sra.ebi.ac.uk/vol1/fastq/ERR272/007/ERR2728757/ERR2728757_2.fastq.gz,,mmapbench
seqinspector_0844_DRR827338,https://ftp.sra.ebi.ac.uk/vol1/fastq/DRR827/DRR827338/DRR827338_1.fastq.gz,https://ftp.sra.ebi.ac.uk/vol1/fastq/DRR827/DRR827338/DRR827338_2.fastq.gz,,mmapbench
seqinspector_0845_ERR16717132,https://ftp.sra.ebi.ac.uk/vol1/fastq/ERR167/032/ERR16717132/ERR16717132_1.fastq.gz,https://ftp.sra.ebi.ac.uk/vol1/fastq/ERR167/032/ERR16717132/ERR16717132_2.fastq.gz,,mmapbench
seqinspector_0846_ERR14211771,https://ftp.sra.ebi.ac.uk/vol1/fastq/ERR142/071/ERR14211771/ERR14211771_1.fastq.gz,https://ftp.sra.ebi.ac.uk/vol1/fastq/ERR142/071/ERR14211771/ERR14211771_2.fastq.gz,,mmapbench
seqinspector_0847_ERR11646927,https://ftp.sra.ebi.ac.uk/vol1/fastq/ERR116/027/ERR11646927/ERR11646927_1.fastq.gz,https://ftp.sra.ebi.ac.uk/vol1/fastq/ERR116/027/ERR11646927/ERR11646927_2.fastq.gz,,mmapbench
seqinspector_0848_ERR3726756,https://ftp.sra.ebi.ac.uk/vol1/fastq/ERR372/006/ERR3726756/ERR3726756_1.fastq.gz,https://ftp.sra.ebi.ac.uk/vol1/fastq/ERR372/006/ERR3726756/ERR3726756_2.fastq.gz,,mmapbench
seqinspector_0849_ERR13061348,https://ftp.sra.ebi.ac.uk/vol1/fastq/ERR130/048/ERR13061348/ERR13061348_1.fastq.gz,https://ftp.sra.ebi.ac.uk/vol1/fastq/ERR130/048/ERR13061348/ERR13061348_2.fastq.gz,,mmapbench
seqinspector_0850_ERR10743799,https://ftp.sra.ebi.ac.uk/vol1/fastq/ERR107/099/ERR10743799/ERR10743799_1.fastq.gz,https://ftp.sra.ebi.ac.uk/vol1/fastq/ERR107/099/ERR10743799/ERR10743799_2.fastq.gz,,mmapbench
seqinspector_0851_ERR14708387,https://ftp.sra.ebi.ac.uk/vol1/fastq/ERR147/087/ERR14708387/ERR14708387_1.fastq.gz,https://ftp.sra.ebi.ac.uk/vol1/fastq/ERR147/087/ERR14708387/ERR14708387_2.fastq.gz,,mmapbench
seqinspector_0852_ERR2611649,https://ftp.sra.ebi.ac.uk/vol1/fastq/ERR261/009/ERR2611649/ERR2611649_1.fastq.gz,https://ftp.sra.ebi.ac.uk/vol1/fastq/ERR261/009/ERR2611649/ERR2611649_2.fastq.gz,,mmapbench
seqinspector_0853_ERR15136075,https://ftp.sra.ebi.ac.uk/vol1/fastq/ERR151/075/ERR15136075/ERR15136075_1.fastq.gz,https://ftp.sra.ebi.ac.uk/vol1/fastq/ERR151/075/ERR15136075/ERR15136075_2.fastq.gz,,mmapbench
seqinspector_0854_ERR16713350,https://ftp.sra.ebi.ac.uk/vol1/fastq/ERR167/050/ERR16713350/ERR16713350_1.fastq.gz,https://ftp.sra.ebi.ac.uk/vol1/fastq/ERR167/050/ERR16713350/ERR16713350_2.fastq.gz,,mmapbench
seqinspector_0855_ERR12555027,https://ftp.sra.ebi.ac.uk/vol1/fastq/ERR125/027/ERR12555027/ERR12555027_1.fastq.gz,https://ftp.sra.ebi.ac.uk/vol1/fastq/ERR125/027/ERR12555027/ERR12555027_2.fastq.gz,,mmapbench
seqinspector_0856_DRR769975,https://ftp.sra.ebi.ac.uk/vol1/fastq/DRR769/DRR769975/DRR769975_1.fastq.gz,https://ftp.sra.ebi.ac.uk/vol1/fastq/DRR769/DRR769975/DRR769975_2.fastq.gz,,mmapbench
seqinspector_0857_ERR3682643,https://ftp.sra.ebi.ac.uk/vol1/fastq/ERR368/003/ERR3682643/ERR3682643_1.fastq.gz,https://ftp.sra.ebi.ac.uk/vol1/fastq/ERR368/003/ERR3682643/ERR3682643_2.fastq.gz,,mmapbench
seqinspector_0858_ERR4502458,https://ftp.sra.ebi.ac.uk/vol1/fastq/ERR450/008/ERR4502458/ERR4502458_1.fastq.gz,https://ftp.sra.ebi.ac.uk/vol1/fastq/ERR450/008/ERR4502458/ERR4502458_2.fastq.gz,,mmapbench
seqinspector_0859_DRR735175,https://ftp.sra.ebi.ac.uk/vol1/fastq/DRR735/DRR735175/DRR735175_1.fastq.gz,https://ftp.sra.ebi.ac.uk/vol1/fastq/DRR735/DRR735175/DRR735175_2.fastq.gz,,mmapbench
seqinspector_0860_ERR14789242,https://ftp.sra.ebi.ac.uk/vol1/fastq/ERR147/042/ERR14789242/ERR14789242_1.fastq.gz,https://ftp.sra.ebi.ac.uk/vol1/fastq/ERR147/042/ERR14789242/ERR14789242_2.fastq.gz,,mmapbench
seqinspector_0861_ERR13911262,https://ftp.sra.ebi.ac.uk/vol1/fastq/ERR139/062/ERR13911262/ERR13911262_1.fastq.gz,https://ftp.sra.ebi.ac.uk/vol1/fastq/ERR139/062/ERR13911262/ERR13911262_2.fastq.gz,,mmapbench
seqinspector_0862_ERR11646961,https://ftp.sra.ebi.ac.uk/vol1/fastq/ERR116/061/ERR11646961/ERR11646961_1.fastq.gz,https://ftp.sra.ebi.ac.uk/vol1/fastq/ERR116/061/ERR11646961/ERR11646961_2.fastq.gz,,mmapbench
seqinspector_0863_ERR12218691,https://ftp.sra.ebi.ac.uk/vol1/fastq/ERR122/091/ERR12218691/ERR12218691_1.fastq.gz,https://ftp.sra.ebi.ac.uk/vol1/fastq/ERR122/091/ERR12218691/ERR12218691_2.fastq.gz,,mmapbench
seqinspector_0864_ERR11489496,https://ftp.sra.ebi.ac.uk/vol1/fastq/ERR114/096/ERR11489496/ERR11489496_1.fastq.gz,https://ftp.sra.ebi.ac.uk/vol1/fastq/ERR114/096/ERR11489496/ERR11489496_2.fastq.gz,,mmapbench
seqinspector_0865_DRR858858,https://ftp.sra.ebi.ac.uk/vol1/fastq/DRR858/DRR858858/DRR858858_1.fastq.gz,https://ftp.sra.ebi.ac.uk/vol1/fastq/DRR858/DRR858858/DRR858858_2.fastq.gz,,mmapbench
seqinspector_0866_ERR14195599,https://ftp.sra.ebi.ac.uk/vol1/fastq/ERR141/099/ERR14195599/ERR14195599_1.fastq.gz,https://ftp.sra.ebi.ac.uk/vol1/fastq/ERR141/099/ERR14195599/ERR14195599_2.fastq.gz,,mmapbench
seqinspector_0867_ERR14211745,https://ftp.sra.ebi.ac.uk/vol1/fastq/ERR142/045/ERR14211745/ERR14211745_1.fastq.gz,https://ftp.sra.ebi.ac.uk/vol1/fastq/ERR142/045/ERR14211745/ERR14211745_2.fastq.gz,,mmapbench
seqinspector_0868_ERR14946277,https://ftp.sra.ebi.ac.uk/vol1/fastq/ERR149/077/ERR14946277/ERR14946277_1.fastq.gz,https://ftp.sra.ebi.ac.uk/vol1/fastq/ERR149/077/ERR14946277/ERR14946277_2.fastq.gz,,mmapbench
seqinspector_0869_ERR14194648,https://ftp.sra.ebi.ac.uk/vol1/fastq/ERR141/048/ERR14194648/ERR14194648_1.fastq.gz,https://ftp.sra.ebi.ac.uk/vol1/fastq/ERR141/048/ERR14194648/ERR14194648_2.fastq.gz,,mmapbench
seqinspector_0870_ERR12219086,https://ftp.sra.ebi.ac.uk/vol1/fastq/ERR122/086/ERR12219086/ERR12219086_1.fastq.gz,https://ftp.sra.ebi.ac.uk/vol1/fastq/ERR122/086/ERR12219086/ERR12219086_2.fastq.gz,,mmapbench
seqinspector_0871_ERR13910981,https://ftp.sra.ebi.ac.uk/vol1/fastq/ERR139/081/ERR13910981/ERR13910981_1.fastq.gz,https://ftp.sra.ebi.ac.uk/vol1/fastq/ERR139/081/ERR13910981/ERR13910981_2.fastq.gz,,mmapbench
seqinspector_0872_ERR13583524,https://ftp.sra.ebi.ac.uk/vol1/fastq/ERR135/024/ERR13583524/ERR13583524_1.fastq.gz,https://ftp.sra.ebi.ac.uk/vol1/fastq/ERR135/024/ERR13583524/ERR13583524_2.fastq.gz,,mmapbench
seqinspector_0873_ERR4502374,https://ftp.sra.ebi.ac.uk/vol1/fastq/ERR450/004/ERR4502374/ERR4502374_1.fastq.gz,https://ftp.sra.ebi.ac.uk/vol1/fastq/ERR450/004/ERR4502374/ERR4502374_2.fastq.gz,,mmapbench
seqinspector_0874_ERR14788842,https://ftp.sra.ebi.ac.uk/vol1/fastq/ERR147/042/ERR14788842/ERR14788842_1.fastq.gz,https://ftp.sra.ebi.ac.uk/vol1/fastq/ERR147/042/ERR14788842/ERR14788842_2.fastq.gz,,mmapbench
seqinspector_0875_ERR14195700,https://ftp.sra.ebi.ac.uk/vol1/fastq/ERR141/000/ERR14195700/ERR14195700_1.fastq.gz,https://ftp.sra.ebi.ac.uk/vol1/fastq/ERR141/000/ERR14195700/ERR14195700_2.fastq.gz,,mmapbench
seqinspector_0876_ERR14211846,https://ftp.sra.ebi.ac.uk/vol1/fastq/ERR142/046/ERR14211846/ERR14211846_1.fastq.gz,https://ftp.sra.ebi.ac.uk/vol1/fastq/ERR142/046/ERR14211846/ERR14211846_2.fastq.gz,,mmapbench
seqinspector_0877_DRR1030111,https://ftp.sra.ebi.ac.uk/vol1/fastq/DRR103/001/DRR1030111/DRR1030111_1.fastq.gz,https://ftp.sra.ebi.ac.uk/vol1/fastq/DRR103/001/DRR1030111/DRR1030111_2.fastq.gz,,mmapbench
seqinspector_0878_ERR2863512,https://ftp.sra.ebi.ac.uk/vol1/fastq/ERR286/002/ERR2863512/ERR2863512_1.fastq.gz,https://ftp.sra.ebi.ac.uk/vol1/fastq/ERR286/002/ERR2863512/ERR2863512_2.fastq.gz,,mmapbench
seqinspector_0879_ERR14044074,https://ftp.sra.ebi.ac.uk/vol1/fastq/ERR140/074/ERR14044074/ERR14044074_1.fastq.gz,https://ftp.sra.ebi.ac.uk/vol1/fastq/ERR140/074/ERR14044074/ERR14044074_2.fastq.gz,,mmapbench
seqinspector_0880_DRR735555,https://ftp.sra.ebi.ac.uk/vol1/fastq/DRR735/DRR735555/DRR735555_1.fastq.gz,https://ftp.sra.ebi.ac.uk/vol1/fastq/DRR735/DRR735555/DRR735555_2.fastq.gz,,mmapbench
seqinspector_0881_ERR12032783,https://ftp.sra.ebi.ac.uk/vol1/fastq/ERR120/083/ERR12032783/ERR12032783_1.fastq.gz,https://ftp.sra.ebi.ac.uk/vol1/fastq/ERR120/083/ERR12032783/ERR12032783_2.fastq.gz,,mmapbench
seqinspector_0882_DRR735094,https://ftp.sra.ebi.ac.uk/vol1/fastq/DRR735/DRR735094/DRR735094_1.fastq.gz,https://ftp.sra.ebi.ac.uk/vol1/fastq/DRR735/DRR735094/DRR735094_2.fastq.gz,,mmapbench
seqinspector_0883_ERR12126372,https://ftp.sra.ebi.ac.uk/vol1/fastq/ERR121/072/ERR12126372/ERR12126372_1.fastq.gz,https://ftp.sra.ebi.ac.uk/vol1/fastq/ERR121/072/ERR12126372/ERR12126372_2.fastq.gz,,mmapbench
seqinspector_0884_ERR14211449,https://ftp.sra.ebi.ac.uk/vol1/fastq/ERR142/049/ERR14211449/ERR14211449_1.fastq.gz,https://ftp.sra.ebi.ac.uk/vol1/fastq/ERR142/049/ERR14211449/ERR14211449_2.fastq.gz,,mmapbench
seqinspector_0885_ERR12032890,https://ftp.sra.ebi.ac.uk/vol1/fastq/ERR120/090/ERR12032890/ERR12032890_1.fastq.gz,https://ftp.sra.ebi.ac.uk/vol1/fastq/ERR120/090/ERR12032890/ERR12032890_2.fastq.gz,,mmapbench
seqinspector_0886_ERR17227701,https://ftp.sra.ebi.ac.uk/vol1/fastq/ERR172/001/ERR17227701/ERR17227701_1.fastq.gz,https://ftp.sra.ebi.ac.uk/vol1/fastq/ERR172/001/ERR17227701/ERR17227701_2.fastq.gz,,mmapbench
seqinspector_0887_DRR735307,https://ftp.sra.ebi.ac.uk/vol1/fastq/DRR735/DRR735307/DRR735307_1.fastq.gz,https://ftp.sra.ebi.ac.uk/vol1/fastq/DRR735/DRR735307/DRR735307_2.fastq.gz,,mmapbench
seqinspector_0888_ERR12217790,https://ftp.sra.ebi.ac.uk/vol1/fastq/ERR122/090/ERR12217790/ERR12217790_1.fastq.gz,https://ftp.sra.ebi.ac.uk/vol1/fastq/ERR122/090/ERR12217790/ERR12217790_2.fastq.gz,,mmapbench
seqinspector_0889_ERR13061354,https://ftp.sra.ebi.ac.uk/vol1/fastq/ERR130/054/ERR13061354/ERR13061354_1.fastq.gz,https://ftp.sra.ebi.ac.uk/vol1/fastq/ERR130/054/ERR13061354/ERR13061354_2.fastq.gz,,mmapbench
seqinspector_0890_ERR10880584,https://ftp.sra.ebi.ac.uk/vol1/fastq/ERR108/084/ERR10880584/ERR10880584_1.fastq.gz,https://ftp.sra.ebi.ac.uk/vol1/fastq/ERR108/084/ERR10880584/ERR10880584_2.fastq.gz,,mmapbench
seqinspector_0891_ERR16721616,https://ftp.sra.ebi.ac.uk/vol1/fastq/ERR167/016/ERR16721616/ERR16721616_1.fastq.gz,https://ftp.sra.ebi.ac.uk/vol1/fastq/ERR167/016/ERR16721616/ERR16721616_2.fastq.gz,,mmapbench
seqinspector_0892_ERR14946159,https://ftp.sra.ebi.ac.uk/vol1/fastq/ERR149/059/ERR14946159/ERR14946159_1.fastq.gz,https://ftp.sra.ebi.ac.uk/vol1/fastq/ERR149/059/ERR14946159/ERR14946159_2.fastq.gz,,mmapbench
seqinspector_0893_ERR12126371,https://ftp.sra.ebi.ac.uk/vol1/fastq/ERR121/071/ERR12126371/ERR12126371_1.fastq.gz,https://ftp.sra.ebi.ac.uk/vol1/fastq/ERR121/071/ERR12126371/ERR12126371_2.fastq.gz,,mmapbench
seqinspector_0894_ERR2863548,https://ftp.sra.ebi.ac.uk/vol1/fastq/ERR286/008/ERR2863548/ERR2863548_1.fastq.gz,https://ftp.sra.ebi.ac.uk/vol1/fastq/ERR286/008/ERR2863548/ERR2863548_2.fastq.gz,,mmapbench
seqinspector_0895_DRR735036,https://ftp.sra.ebi.ac.uk/vol1/fastq/DRR735/DRR735036/DRR735036_1.fastq.gz,https://ftp.sra.ebi.ac.uk/vol1/fastq/DRR735/DRR735036/DRR735036_2.fastq.gz,,mmapbench
seqinspector_0896_ERR14789056,https://ftp.sra.ebi.ac.uk/vol1/fastq/ERR147/056/ERR14789056/ERR14789056_1.fastq.gz,https://ftp.sra.ebi.ac.uk/vol1/fastq/ERR147/056/ERR14789056/ERR14789056_2.fastq.gz,,mmapbench
seqinspector_0897_DRR735500,https://ftp.sra.ebi.ac.uk/vol1/fastq/DRR735/DRR735500/DRR735500_1.fastq.gz,https://ftp.sra.ebi.ac.uk/vol1/fastq/DRR735/DRR735500/DRR735500_2.fastq.gz,,mmapbench
seqinspector_0898_ERR2611547,https://ftp.sra.ebi.ac.uk/vol1/fastq/ERR261/007/ERR2611547/ERR2611547_1.fastq.gz,https://ftp.sra.ebi.ac.uk/vol1/fastq/ERR261/007/ERR2611547/ERR2611547_2.fastq.gz,,mmapbench
seqinspector_0899_ERR4502196,https://ftp.sra.ebi.ac.uk/vol1/fastq/ERR450/006/ERR4502196/ERR4502196_1.fastq.gz,https://ftp.sra.ebi.ac.uk/vol1/fastq/ERR450/006/ERR4502196/ERR4502196_2.fastq.gz,,mmapbench
seqinspector_0900_ERR16710797,https://ftp.sra.ebi.ac.uk/vol1/fastq/ERR167/097/ERR16710797/ERR16710797_1.fastq.gz,https://ftp.sra.ebi.ac.uk/vol1/fastq/ERR167/097/ERR16710797/ERR16710797_2.fastq.gz,,mmapbench
seqinspector_0901_ERR14211455,https://ftp.sra.ebi.ac.uk/vol1/fastq/ERR142/055/ERR14211455/ERR14211455_1.fastq.gz,https://ftp.sra.ebi.ac.uk/vol1/fastq/ERR142/055/ERR14211455/ERR14211455_2.fastq.gz,,mmapbench
seqinspector_0902_ERR12220069,https://ftp.sra.ebi.ac.uk/vol1/fastq/ERR122/069/ERR12220069/ERR12220069_1.fastq.gz,https://ftp.sra.ebi.ac.uk/vol1/fastq/ERR122/069/ERR12220069/ERR12220069_2.fastq.gz,,mmapbench
seqinspector_0903_ERR11627426,https://ftp.sra.ebi.ac.uk/vol1/fastq/ERR116/026/ERR11627426/ERR11627426_1.fastq.gz,https://ftp.sra.ebi.ac.uk/vol1/fastq/ERR116/026/ERR11627426/ERR11627426_2.fastq.gz,,mmapbench
seqinspector_0904_ERR4503282,https://ftp.sra.ebi.ac.uk/vol1/fastq/ERR450/002/ERR4503282/ERR4503282_1.fastq.gz,https://ftp.sra.ebi.ac.uk/vol1/fastq/ERR450/002/ERR4503282/ERR4503282_2.fastq.gz,,mmapbench
seqinspector_0905_ERR13950645,https://ftp.sra.ebi.ac.uk/vol1/fastq/ERR139/045/ERR13950645/ERR13950645_1.fastq.gz,https://ftp.sra.ebi.ac.uk/vol1/fastq/ERR139/045/ERR13950645/ERR13950645_2.fastq.gz,,mmapbench
seqinspector_0906_ERR12032978,https://ftp.sra.ebi.ac.uk/vol1/fastq/ERR120/078/ERR12032978/ERR12032978_1.fastq.gz,https://ftp.sra.ebi.ac.uk/vol1/fastq/ERR120/078/ERR12032978/ERR12032978_2.fastq.gz,,mmapbench
seqinspector_0907_ERR4503031,https://ftp.sra.ebi.ac.uk/vol1/fastq/ERR450/001/ERR4503031/ERR4503031_1.fastq.gz,https://ftp.sra.ebi.ac.uk/vol1/fastq/ERR450/001/ERR4503031/ERR4503031_2.fastq.gz,,mmapbench
seqinspector_0908_DRR735490,https://ftp.sra.ebi.ac.uk/vol1/fastq/DRR735/DRR735490/DRR735490_1.fastq.gz,https://ftp.sra.ebi.ac.uk/vol1/fastq/DRR735/DRR735490/DRR735490_2.fastq.gz,,mmapbench
seqinspector_0909_DRR735124,https://ftp.sra.ebi.ac.uk/vol1/fastq/DRR735/DRR735124/DRR735124_1.fastq.gz,https://ftp.sra.ebi.ac.uk/vol1/fastq/DRR735/DRR735124/DRR735124_2.fastq.gz,,mmapbench
seqinspector_0910_DRR1030108,https://ftp.sra.ebi.ac.uk/vol1/fastq/DRR103/008/DRR1030108/DRR1030108_1.fastq.gz,https://ftp.sra.ebi.ac.uk/vol1/fastq/DRR103/008/DRR1030108/DRR1030108_2.fastq.gz,,mmapbench
seqinspector_0911_ERR16004271,https://ftp.sra.ebi.ac.uk/vol1/fastq/ERR160/071/ERR16004271/ERR16004271_1.fastq.gz,https://ftp.sra.ebi.ac.uk/vol1/fastq/ERR160/071/ERR16004271/ERR16004271_2.fastq.gz,,mmapbench
seqinspector_0912_DRR735373,https://ftp.sra.ebi.ac.uk/vol1/fastq/DRR735/DRR735373/DRR735373_1.fastq.gz,https://ftp.sra.ebi.ac.uk/vol1/fastq/DRR735/DRR735373/DRR735373_2.fastq.gz,,mmapbench
seqinspector_0913_DRR1030116,https://ftp.sra.ebi.ac.uk/vol1/fastq/DRR103/006/DRR1030116/DRR1030116_1.fastq.gz,https://ftp.sra.ebi.ac.uk/vol1/fastq/DRR103/006/DRR1030116/DRR1030116_2.fastq.gz,,mmapbench
seqinspector_0914_DRR735286,https://ftp.sra.ebi.ac.uk/vol1/fastq/DRR735/DRR735286/DRR735286_1.fastq.gz,https://ftp.sra.ebi.ac.uk/vol1/fastq/DRR735/DRR735286/DRR735286_2.fastq.gz,,mmapbench
seqinspector_0915_ERR11627318,https://ftp.sra.ebi.ac.uk/vol1/fastq/ERR116/018/ERR11627318/ERR11627318_1.fastq.gz,https://ftp.sra.ebi.ac.uk/vol1/fastq/ERR116/018/ERR11627318/ERR11627318_2.fastq.gz,,mmapbench
seqinspector_0916_ERR12218746,https://ftp.sra.ebi.ac.uk/vol1/fastq/ERR122/046/ERR12218746/ERR12218746_1.fastq.gz,https://ftp.sra.ebi.ac.uk/vol1/fastq/ERR122/046/ERR12218746/ERR12218746_2.fastq.gz,,mmapbench
seqinspector_0917_ERR11489573,https://ftp.sra.ebi.ac.uk/vol1/fastq/ERR114/073/ERR11489573/ERR11489573_1.fastq.gz,https://ftp.sra.ebi.ac.uk/vol1/fastq/ERR114/073/ERR11489573/ERR11489573_2.fastq.gz,,mmapbench
seqinspector_0918_DRR735597,https://ftp.sra.ebi.ac.uk/vol1/fastq/DRR735/DRR735597/DRR735597_1.fastq.gz,https://ftp.sra.ebi.ac.uk/vol1/fastq/DRR735/DRR735597/DRR735597_2.fastq.gz,,mmapbench
seqinspector_0919_ERR3969705,https://ftp.sra.ebi.ac.uk/vol1/fastq/ERR396/005/ERR3969705/ERR3969705_1.fastq.gz,https://ftp.sra.ebi.ac.uk/vol1/fastq/ERR396/005/ERR3969705/ERR3969705_2.fastq.gz,,mmapbench
seqinspector_0920_ERR2863536,https://ftp.sra.ebi.ac.uk/vol1/fastq/ERR286/006/ERR2863536/ERR2863536_1.fastq.gz,https://ftp.sra.ebi.ac.uk/vol1/fastq/ERR286/006/ERR2863536/ERR2863536_2.fastq.gz,,mmapbench
seqinspector_0921_ERR14210931,https://ftp.sra.ebi.ac.uk/vol1/fastq/ERR142/031/ERR14210931/ERR14210931_1.fastq.gz,https://ftp.sra.ebi.ac.uk/vol1/fastq/ERR142/031/ERR14210931/ERR14210931_2.fastq.gz,,mmapbench
seqinspector_0922_ERR12220671,https://ftp.sra.ebi.ac.uk/vol1/fastq/ERR122/071/ERR12220671/ERR12220671_1.fastq.gz,https://ftp.sra.ebi.ac.uk/vol1/fastq/ERR122/071/ERR12220671/ERR12220671_2.fastq.gz,,mmapbench
seqinspector_0923_ERR14194651,https://ftp.sra.ebi.ac.uk/vol1/fastq/ERR141/051/ERR14194651/ERR14194651_1.fastq.gz,https://ftp.sra.ebi.ac.uk/vol1/fastq/ERR141/051/ERR14194651/ERR14194651_2.fastq.gz,,mmapbench
seqinspector_0924_ERR2041255,https://ftp.sra.ebi.ac.uk/vol1/fastq/ERR204/005/ERR2041255/ERR2041255_1.fastq.gz,https://ftp.sra.ebi.ac.uk/vol1/fastq/ERR204/005/ERR2041255/ERR2041255_2.fastq.gz,,mmapbench
seqinspector_0925_ERR12556264,https://ftp.sra.ebi.ac.uk/vol1/fastq/ERR125/064/ERR12556264/ERR12556264_1.fastq.gz,https://ftp.sra.ebi.ac.uk/vol1/fastq/ERR125/064/ERR12556264/ERR12556264_2.fastq.gz,,mmapbench
seqinspector_0926_ERR15667861,https://ftp.sra.ebi.ac.uk/vol1/fastq/ERR156/061/ERR15667861/ERR15667861_1.fastq.gz,https://ftp.sra.ebi.ac.uk/vol1/fastq/ERR156/061/ERR15667861/ERR15667861_2.fastq.gz,,mmapbench
seqinspector_0927_DRR858903,https://ftp.sra.ebi.ac.uk/vol1/fastq/DRR858/DRR858903/DRR858903_1.fastq.gz,https://ftp.sra.ebi.ac.uk/vol1/fastq/DRR858/DRR858903/DRR858903_2.fastq.gz,,mmapbench
seqinspector_0928_ERR14210883,https://ftp.sra.ebi.ac.uk/vol1/fastq/ERR142/083/ERR14210883/ERR14210883_1.fastq.gz,https://ftp.sra.ebi.ac.uk/vol1/fastq/ERR142/083/ERR14210883/ERR14210883_2.fastq.gz,,mmapbench
seqinspector_0929_ERR10749600,https://ftp.sra.ebi.ac.uk/vol1/fastq/ERR107/000/ERR10749600/ERR10749600_1.fastq.gz,https://ftp.sra.ebi.ac.uk/vol1/fastq/ERR107/000/ERR10749600/ERR10749600_2.fastq.gz,,mmapbench
seqinspector_0930_ERR14194697,https://ftp.sra.ebi.ac.uk/vol1/fastq/ERR141/097/ERR14194697/ERR14194697_1.fastq.gz,https://ftp.sra.ebi.ac.uk/vol1/fastq/ERR141/097/ERR14194697/ERR14194697_2.fastq.gz,,mmapbench
seqinspector_0931_ERR15667773,https://ftp.sra.ebi.ac.uk/vol1/fastq/ERR156/073/ERR15667773/ERR15667773_1.fastq.gz,https://ftp.sra.ebi.ac.uk/vol1/fastq/ERR156/073/ERR15667773/ERR15667773_2.fastq.gz,,mmapbench
seqinspector_0932_ERR2611611,https://ftp.sra.ebi.ac.uk/vol1/fastq/ERR261/001/ERR2611611/ERR2611611_1.fastq.gz,https://ftp.sra.ebi.ac.uk/vol1/fastq/ERR261/001/ERR2611611/ERR2611611_2.fastq.gz,,mmapbench
seqinspector_0933_ERR2611576,https://ftp.sra.ebi.ac.uk/vol1/fastq/ERR261/006/ERR2611576/ERR2611576_1.fastq.gz,https://ftp.sra.ebi.ac.uk/vol1/fastq/ERR261/006/ERR2611576/ERR2611576_2.fastq.gz,,mmapbench
seqinspector_0934_DRR735506,https://ftp.sra.ebi.ac.uk/vol1/fastq/DRR735/DRR735506/DRR735506_1.fastq.gz,https://ftp.sra.ebi.ac.uk/vol1/fastq/DRR735/DRR735506/DRR735506_2.fastq.gz,,mmapbench
seqinspector_0935_DRR777247,https://ftp.sra.ebi.ac.uk/vol1/fastq/DRR777/DRR777247/DRR777247_1.fastq.gz,https://ftp.sra.ebi.ac.uk/vol1/fastq/DRR777/DRR777247/DRR777247_2.fastq.gz,,mmapbench
seqinspector_0936_DRR734945,https://ftp.sra.ebi.ac.uk/vol1/fastq/DRR734/DRR734945/DRR734945_1.fastq.gz,https://ftp.sra.ebi.ac.uk/vol1/fastq/DRR734/DRR734945/DRR734945_2.fastq.gz,,mmapbench
seqinspector_0937_DRR735292,https://ftp.sra.ebi.ac.uk/vol1/fastq/DRR735/DRR735292/DRR735292_1.fastq.gz,https://ftp.sra.ebi.ac.uk/vol1/fastq/DRR735/DRR735292/DRR735292_2.fastq.gz,,mmapbench
seqinspector_0938_ERR17463094,https://ftp.sra.ebi.ac.uk/vol1/fastq/ERR174/094/ERR17463094/ERR17463094_1.fastq.gz,https://ftp.sra.ebi.ac.uk/vol1/fastq/ERR174/094/ERR17463094/ERR17463094_2.fastq.gz,,mmapbench
seqinspector_0939_ERR3769599,https://ftp.sra.ebi.ac.uk/vol1/fastq/ERR376/009/ERR3769599/ERR3769599_1.fastq.gz,https://ftp.sra.ebi.ac.uk/vol1/fastq/ERR376/009/ERR3769599/ERR3769599_2.fastq.gz,,mmapbench
seqinspector_0940_ERR16722093,https://ftp.sra.ebi.ac.uk/vol1/fastq/ERR167/093/ERR16722093/ERR16722093_1.fastq.gz,https://ftp.sra.ebi.ac.uk/vol1/fastq/ERR167/093/ERR16722093/ERR16722093_2.fastq.gz,,mmapbench
seqinspector_0941_ERR11627245,https://ftp.sra.ebi.ac.uk/vol1/fastq/ERR116/045/ERR11627245/ERR11627245_1.fastq.gz,https://ftp.sra.ebi.ac.uk/vol1/fastq/ERR116/045/ERR11627245/ERR11627245_2.fastq.gz,,mmapbench
seqinspector_0942_ERR14789012,https://ftp.sra.ebi.ac.uk/vol1/fastq/ERR147/012/ERR14789012/ERR14789012_1.fastq.gz,https://ftp.sra.ebi.ac.uk/vol1/fastq/ERR147/012/ERR14789012/ERR14789012_2.fastq.gz,,mmapbench
seqinspector_0943_DRR637000,https://ftp.sra.ebi.ac.uk/vol1/fastq/DRR637/DRR637000/DRR637000_1.fastq.gz,https://ftp.sra.ebi.ac.uk/vol1/fastq/DRR637/DRR637000/DRR637000_2.fastq.gz,,mmapbench
seqinspector_0944_DRR858878,https://ftp.sra.ebi.ac.uk/vol1/fastq/DRR858/DRR858878/DRR858878_1.fastq.gz,https://ftp.sra.ebi.ac.uk/vol1/fastq/DRR858/DRR858878/DRR858878_2.fastq.gz,,mmapbench
seqinspector_0945_ERR2728849,https://ftp.sra.ebi.ac.uk/vol1/fastq/ERR272/009/ERR2728849/ERR2728849_1.fastq.gz,https://ftp.sra.ebi.ac.uk/vol1/fastq/ERR272/009/ERR2728849/ERR2728849_2.fastq.gz,,mmapbench
seqinspector_0946_ERR15135571,https://ftp.sra.ebi.ac.uk/vol1/fastq/ERR151/071/ERR15135571/ERR15135571_1.fastq.gz,https://ftp.sra.ebi.ac.uk/vol1/fastq/ERR151/071/ERR15135571/ERR15135571_2.fastq.gz,,mmapbench
seqinspector_0947_DRR735523,https://ftp.sra.ebi.ac.uk/vol1/fastq/DRR735/DRR735523/DRR735523_1.fastq.gz,https://ftp.sra.ebi.ac.uk/vol1/fastq/DRR735/DRR735523/DRR735523_2.fastq.gz,,mmapbench
seqinspector_0948_ERR4228456,https://ftp.sra.ebi.ac.uk/vol1/fastq/ERR422/006/ERR4228456/ERR4228456_1.fastq.gz,https://ftp.sra.ebi.ac.uk/vol1/fastq/ERR422/006/ERR4228456/ERR4228456_2.fastq.gz,,mmapbench
seqinspector_0949_ERR13328170,https://ftp.sra.ebi.ac.uk/vol1/fastq/ERR133/070/ERR13328170/ERR13328170_1.fastq.gz,https://ftp.sra.ebi.ac.uk/vol1/fastq/ERR133/070/ERR13328170/ERR13328170_2.fastq.gz,,mmapbench
seqinspector_0950_DRR858864,https://ftp.sra.ebi.ac.uk/vol1/fastq/DRR858/DRR858864/DRR858864_1.fastq.gz,https://ftp.sra.ebi.ac.uk/vol1/fastq/DRR858/DRR858864/DRR858864_2.fastq.gz,,mmapbench
seqinspector_0951_DRR771745,https://ftp.sra.ebi.ac.uk/vol1/fastq/DRR771/DRR771745/DRR771745_1.fastq.gz,https://ftp.sra.ebi.ac.uk/vol1/fastq/DRR771/DRR771745/DRR771745_2.fastq.gz,,mmapbench
seqinspector_0952_ERR14000461,https://ftp.sra.ebi.ac.uk/vol1/fastq/ERR140/061/ERR14000461/ERR14000461_1.fastq.gz,https://ftp.sra.ebi.ac.uk/vol1/fastq/ERR140/061/ERR14000461/ERR14000461_2.fastq.gz,,mmapbench
seqinspector_0953_ERR14211233,https://ftp.sra.ebi.ac.uk/vol1/fastq/ERR142/033/ERR14211233/ERR14211233_1.fastq.gz,https://ftp.sra.ebi.ac.uk/vol1/fastq/ERR142/033/ERR14211233/ERR14211233_2.fastq.gz,,mmapbench
seqinspector_0954_ERR12454556,https://ftp.sra.ebi.ac.uk/vol1/fastq/ERR124/056/ERR12454556/ERR12454556_1.fastq.gz,https://ftp.sra.ebi.ac.uk/vol1/fastq/ERR124/056/ERR12454556/ERR12454556_2.fastq.gz,,mmapbench
seqinspector_0955_ERR13391325,https://ftp.sra.ebi.ac.uk/vol1/fastq/ERR133/025/ERR13391325/ERR13391325_1.fastq.gz,https://ftp.sra.ebi.ac.uk/vol1/fastq/ERR133/025/ERR13391325/ERR13391325_2.fastq.gz,,mmapbench
seqinspector_0956_ERR14194662,https://ftp.sra.ebi.ac.uk/vol1/fastq/ERR141/062/ERR14194662/ERR14194662_1.fastq.gz,https://ftp.sra.ebi.ac.uk/vol1/fastq/ERR141/062/ERR14194662/ERR14194662_2.fastq.gz,,mmapbench
seqinspector_0957_ERR14211418,https://ftp.sra.ebi.ac.uk/vol1/fastq/ERR142/018/ERR14211418/ERR14211418_1.fastq.gz,https://ftp.sra.ebi.ac.uk/vol1/fastq/ERR142/018/ERR14211418/ERR14211418_2.fastq.gz,,mmapbench
seqinspector_0958_ERR3769473,https://ftp.sra.ebi.ac.uk/vol1/fastq/ERR376/003/ERR3769473/ERR3769473_1.fastq.gz,https://ftp.sra.ebi.ac.uk/vol1/fastq/ERR376/003/ERR3769473/ERR3769473_2.fastq.gz,,mmapbench
seqinspector_0959_ERR14043306,https://ftp.sra.ebi.ac.uk/vol1/fastq/ERR140/006/ERR14043306/ERR14043306_1.fastq.gz,https://ftp.sra.ebi.ac.uk/vol1/fastq/ERR140/006/ERR14043306/ERR14043306_2.fastq.gz,,mmapbench
seqinspector_0960_DRR735514,https://ftp.sra.ebi.ac.uk/vol1/fastq/DRR735/DRR735514/DRR735514_1.fastq.gz,https://ftp.sra.ebi.ac.uk/vol1/fastq/DRR735/DRR735514/DRR735514_2.fastq.gz,,mmapbench
seqinspector_0961_ERR2580707,https://ftp.sra.ebi.ac.uk/vol1/fastq/ERR258/007/ERR2580707/ERR2580707_1.fastq.gz,https://ftp.sra.ebi.ac.uk/vol1/fastq/ERR258/007/ERR2580707/ERR2580707_2.fastq.gz,,mmapbench
seqinspector_0962_DRR734911,https://ftp.sra.ebi.ac.uk/vol1/fastq/DRR734/DRR734911/DRR734911_1.fastq.gz,https://ftp.sra.ebi.ac.uk/vol1/fastq/DRR734/DRR734911/DRR734911_2.fastq.gz,,mmapbench
seqinspector_0963_ERR11627434,https://ftp.sra.ebi.ac.uk/vol1/fastq/ERR116/034/ERR11627434/ERR11627434_1.fastq.gz,https://ftp.sra.ebi.ac.uk/vol1/fastq/ERR116/034/ERR11627434/ERR11627434_2.fastq.gz,,mmapbench
seqinspector_0964_ERR4407759,https://ftp.sra.ebi.ac.uk/vol1/fastq/ERR440/009/ERR4407759/ERR4407759_1.fastq.gz,https://ftp.sra.ebi.ac.uk/vol1/fastq/ERR440/009/ERR4407759/ERR4407759_2.fastq.gz,,mmapbench
seqinspector_0965_ERR11019912,https://ftp.sra.ebi.ac.uk/vol1/fastq/ERR110/012/ERR11019912/ERR11019912_1.fastq.gz,https://ftp.sra.ebi.ac.uk/vol1/fastq/ERR110/012/ERR11019912/ERR11019912_2.fastq.gz,,mmapbench
seqinspector_0966_ERR16998968,https://ftp.sra.ebi.ac.uk/vol1/fastq/ERR169/068/ERR16998968/ERR16998968_1.fastq.gz,https://ftp.sra.ebi.ac.uk/vol1/fastq/ERR169/068/ERR16998968/ERR16998968_2.fastq.gz,,mmapbench
seqinspector_0967_ERR10749607,https://ftp.sra.ebi.ac.uk/vol1/fastq/ERR107/007/ERR10749607/ERR10749607_1.fastq.gz,https://ftp.sra.ebi.ac.uk/vol1/fastq/ERR107/007/ERR10749607/ERR10749607_2.fastq.gz,,mmapbench
seqinspector_0968_ERR12032877,https://ftp.sra.ebi.ac.uk/vol1/fastq/ERR120/077/ERR12032877/ERR12032877_1.fastq.gz,https://ftp.sra.ebi.ac.uk/vol1/fastq/ERR120/077/ERR12032877/ERR12032877_2.fastq.gz,,mmapbench
seqinspector_0969_ERR12316813,https://ftp.sra.ebi.ac.uk/vol1/fastq/ERR123/013/ERR12316813/ERR12316813_1.fastq.gz,https://ftp.sra.ebi.ac.uk/vol1/fastq/ERR123/013/ERR12316813/ERR12316813_2.fastq.gz,,mmapbench
seqinspector_0970_DRR735539,https://ftp.sra.ebi.ac.uk/vol1/fastq/DRR735/DRR735539/DRR735539_1.fastq.gz,https://ftp.sra.ebi.ac.uk/vol1/fastq/DRR735/DRR735539/DRR735539_2.fastq.gz,,mmapbench
seqinspector_0971_ERR15667903,https://ftp.sra.ebi.ac.uk/vol1/fastq/ERR156/003/ERR15667903/ERR15667903_1.fastq.gz,https://ftp.sra.ebi.ac.uk/vol1/fastq/ERR156/003/ERR15667903/ERR15667903_2.fastq.gz,,mmapbench
seqinspector_0972_ERR14043940,https://ftp.sra.ebi.ac.uk/vol1/fastq/ERR140/040/ERR14043940/ERR14043940_1.fastq.gz,https://ftp.sra.ebi.ac.uk/vol1/fastq/ERR140/040/ERR14043940/ERR14043940_2.fastq.gz,,mmapbench
seqinspector_0973_ERR14927667,https://ftp.sra.ebi.ac.uk/vol1/fastq/ERR149/067/ERR14927667/ERR14927667_1.fastq.gz,https://ftp.sra.ebi.ac.uk/vol1/fastq/ERR149/067/ERR14927667/ERR14927667_2.fastq.gz,,mmapbench
seqinspector_0974_ERR11489514,https://ftp.sra.ebi.ac.uk/vol1/fastq/ERR114/014/ERR11489514/ERR11489514_1.fastq.gz,https://ftp.sra.ebi.ac.uk/vol1/fastq/ERR114/014/ERR11489514/ERR11489514_2.fastq.gz,,mmapbench
seqinspector_0975_ERR13061349,https://ftp.sra.ebi.ac.uk/vol1/fastq/ERR130/049/ERR13061349/ERR13061349_1.fastq.gz,https://ftp.sra.ebi.ac.uk/vol1/fastq/ERR130/049/ERR13061349/ERR13061349_2.fastq.gz,,mmapbench
seqinspector_0976_ERR12038254,https://ftp.sra.ebi.ac.uk/vol1/fastq/ERR120/054/ERR12038254/ERR12038254_1.fastq.gz,https://ftp.sra.ebi.ac.uk/vol1/fastq/ERR120/054/ERR12038254/ERR12038254_2.fastq.gz,,mmapbench
seqinspector_0977_ERR12308570,https://ftp.sra.ebi.ac.uk/vol1/fastq/ERR123/070/ERR12308570/ERR12308570_1.fastq.gz,https://ftp.sra.ebi.ac.uk/vol1/fastq/ERR123/070/ERR12308570/ERR12308570_2.fastq.gz,,mmapbench
seqinspector_0978_DRR735532,https://ftp.sra.ebi.ac.uk/vol1/fastq/DRR735/DRR735532/DRR735532_1.fastq.gz,https://ftp.sra.ebi.ac.uk/vol1/fastq/DRR735/DRR735532/DRR735532_2.fastq.gz,,mmapbench
seqinspector_0979_ERR4407740,https://ftp.sra.ebi.ac.uk/vol1/fastq/ERR440/000/ERR4407740/ERR4407740_1.fastq.gz,https://ftp.sra.ebi.ac.uk/vol1/fastq/ERR440/000/ERR4407740/ERR4407740_2.fastq.gz,,mmapbench
seqinspector_0980_ERR3726544,https://ftp.sra.ebi.ac.uk/vol1/fastq/ERR372/004/ERR3726544/ERR3726544_1.fastq.gz,https://ftp.sra.ebi.ac.uk/vol1/fastq/ERR372/004/ERR3726544/ERR3726544_2.fastq.gz,,mmapbench
seqinspector_0981_ERR12556266,https://ftp.sra.ebi.ac.uk/vol1/fastq/ERR125/066/ERR12556266/ERR12556266_1.fastq.gz,https://ftp.sra.ebi.ac.uk/vol1/fastq/ERR125/066/ERR12556266/ERR12556266_2.fastq.gz,,mmapbench
seqinspector_0982_ERR14195642,https://ftp.sra.ebi.ac.uk/vol1/fastq/ERR141/042/ERR14195642/ERR14195642_1.fastq.gz,https://ftp.sra.ebi.ac.uk/vol1/fastq/ERR141/042/ERR14195642/ERR14195642_2.fastq.gz,,mmapbench
seqinspector_0983_ERR13187866,https://ftp.sra.ebi.ac.uk/vol1/fastq/ERR131/066/ERR13187866/ERR13187866_1.fastq.gz,https://ftp.sra.ebi.ac.uk/vol1/fastq/ERR131/066/ERR13187866/ERR13187866_2.fastq.gz,,mmapbench
seqinspector_0984_ERR12038274,https://ftp.sra.ebi.ac.uk/vol1/fastq/ERR120/074/ERR12038274/ERR12038274_1.fastq.gz,https://ftp.sra.ebi.ac.uk/vol1/fastq/ERR120/074/ERR12038274/ERR12038274_2.fastq.gz,,mmapbench
seqinspector_0985_DRR735533,https://ftp.sra.ebi.ac.uk/vol1/fastq/DRR735/DRR735533/DRR735533_1.fastq.gz,https://ftp.sra.ebi.ac.uk/vol1/fastq/DRR735/DRR735533/DRR735533_2.fastq.gz,,mmapbench
seqinspector_0986_ERR13391205,https://ftp.sra.ebi.ac.uk/vol1/fastq/ERR133/005/ERR13391205/ERR13391205_1.fastq.gz,https://ftp.sra.ebi.ac.uk/vol1/fastq/ERR133/005/ERR13391205/ERR13391205_2.fastq.gz,,mmapbench
seqinspector_0987_ERR10897894,https://ftp.sra.ebi.ac.uk/vol1/fastq/ERR108/094/ERR10897894/ERR10897894_1.fastq.gz,https://ftp.sra.ebi.ac.uk/vol1/fastq/ERR108/094/ERR10897894/ERR10897894_2.fastq.gz,,mmapbench
seqinspector_0988_ERR14211683,https://ftp.sra.ebi.ac.uk/vol1/fastq/ERR142/083/ERR14211683/ERR14211683_1.fastq.gz,https://ftp.sra.ebi.ac.uk/vol1/fastq/ERR142/083/ERR14211683/ERR14211683_2.fastq.gz,,mmapbench
seqinspector_0989_ERR14195537,https://ftp.sra.ebi.ac.uk/vol1/fastq/ERR141/037/ERR14195537/ERR14195537_1.fastq.gz,https://ftp.sra.ebi.ac.uk/vol1/fastq/ERR141/037/ERR14195537/ERR14195537_2.fastq.gz,,mmapbench
seqinspector_0990_ERR14195281,https://ftp.sra.ebi.ac.uk/vol1/fastq/ERR141/081/ERR14195281/ERR14195281_1.fastq.gz,https://ftp.sra.ebi.ac.uk/vol1/fastq/ERR141/081/ERR14195281/ERR14195281_2.fastq.gz,,mmapbench
seqinspector_0991_ERR14211427,https://ftp.sra.ebi.ac.uk/vol1/fastq/ERR142/027/ERR14211427/ERR14211427_1.fastq.gz,https://ftp.sra.ebi.ac.uk/vol1/fastq/ERR142/027/ERR14211427/ERR14211427_2.fastq.gz,,mmapbench
seqinspector_0992_ERR14211226,https://ftp.sra.ebi.ac.uk/vol1/fastq/ERR142/026/ERR14211226/ERR14211226_1.fastq.gz,https://ftp.sra.ebi.ac.uk/vol1/fastq/ERR142/026/ERR14211226/ERR14211226_2.fastq.gz,,mmapbench
seqinspector_0993_ERR12316871,https://ftp.sra.ebi.ac.uk/vol1/fastq/ERR123/071/ERR12316871/ERR12316871_1.fastq.gz,https://ftp.sra.ebi.ac.uk/vol1/fastq/ERR123/071/ERR12316871/ERR12316871_2.fastq.gz,,mmapbench
seqinspector_0994_ERR14049358,https://ftp.sra.ebi.ac.uk/vol1/fastq/ERR140/058/ERR14049358/ERR14049358_1.fastq.gz,https://ftp.sra.ebi.ac.uk/vol1/fastq/ERR140/058/ERR14049358/ERR14049358_2.fastq.gz,,mmapbench
seqinspector_0995_ERR2041233,https://ftp.sra.ebi.ac.uk/vol1/fastq/ERR204/003/ERR2041233/ERR2041233_1.fastq.gz,https://ftp.sra.ebi.ac.uk/vol1/fastq/ERR204/003/ERR2041233/ERR2041233_2.fastq.gz,,mmapbench
seqinspector_0996_DRR487252,https://ftp.sra.ebi.ac.uk/vol1/fastq/DRR487/DRR487252/DRR487252_1.fastq.gz,https://ftp.sra.ebi.ac.uk/vol1/fastq/DRR487/DRR487252/DRR487252_2.fastq.gz,,mmapbench
seqinspector_0997_ERR10880706,https://ftp.sra.ebi.ac.uk/vol1/fastq/ERR108/006/ERR10880706/ERR10880706_1.fastq.gz,https://ftp.sra.ebi.ac.uk/vol1/fastq/ERR108/006/ERR10880706/ERR10880706_2.fastq.gz,,mmapbench
seqinspector_0998_ERR10749837,https://ftp.sra.ebi.ac.uk/vol1/fastq/ERR107/037/ERR10749837/ERR10749837_1.fastq.gz,https://ftp.sra.ebi.ac.uk/vol1/fastq/ERR107/037/ERR10749837/ERR10749837_2.fastq.gz,,mmapbench
seqinspector_0999_ERR12556265,https://ftp.sra.ebi.ac.uk/vol1/fastq/ERR125/065/ERR12556265/ERR12556265_1.fastq.gz,https://ftp.sra.ebi.ac.uk/vol1/fastq/ERR125/065/ERR12556265/ERR12556265_2.fastq.gz,,mmapbench
seqinspector_1000_DRR734860,https://ftp.sra.ebi.ac.uk/vol1/fastq/DRR734/DRR734860/DRR734860_1.fastq.gz,https://ftp.sra.ebi.ac.uk/vol1/fastq/DRR734/DRR734860/DRR734860_2.fastq.gz,,mmapbench
seqinspector_1001_ERR12379587,https://ftp.sra.ebi.ac.uk/vol1/fastq/ERR123/087/ERR12379587/ERR12379587_1.fastq.gz,https://ftp.sra.ebi.ac.uk/vol1/fastq/ERR123/087/ERR12379587/ERR12379587_2.fastq.gz,,mmapbench
seqinspector_1002_ERR4503244,https://ftp.sra.ebi.ac.uk/vol1/fastq/ERR450/004/ERR4503244/ERR4503244_1.fastq.gz,https://ftp.sra.ebi.ac.uk/vol1/fastq/ERR450/004/ERR4503244/ERR4503244_2.fastq.gz,,mmapbench
seqinspector_1003_ERR16011084,https://ftp.sra.ebi.ac.uk/vol1/fastq/ERR160/084/ERR16011084/ERR16011084_1.fastq.gz,https://ftp.sra.ebi.ac.uk/vol1/fastq/ERR160/084/ERR16011084/ERR16011084_2.fastq.gz,,mmapbench
seqinspector_1004_DRR735328,https://ftp.sra.ebi.ac.uk/vol1/fastq/DRR735/DRR735328/DRR735328_1.fastq.gz,https://ftp.sra.ebi.ac.uk/vol1/fastq/DRR735/DRR735328/DRR735328_2.fastq.gz,,mmapbench
seqinspector_1005_ERR14211543,https://ftp.sra.ebi.ac.uk/vol1/fastq/ERR142/043/ERR14211543/ERR14211543_1.fastq.gz,https://ftp.sra.ebi.ac.uk/vol1/fastq/ERR142/043/ERR14211543/ERR14211543_2.fastq.gz,,mmapbench
seqinspector_1006_DRR735670,https://ftp.sra.ebi.ac.uk/vol1/fastq/DRR735/DRR735670/DRR735670_1.fastq.gz,https://ftp.sra.ebi.ac.uk/vol1/fastq/DRR735/DRR735670/DRR735670_2.fastq.gz,,mmapbench
seqinspector_1007_ERR10897789,https://ftp.sra.ebi.ac.uk/vol1/fastq/ERR108/089/ERR10897789/ERR10897789_1.fastq.gz,https://ftp.sra.ebi.ac.uk/vol1/fastq/ERR108/089/ERR10897789/ERR10897789_2.fastq.gz,,mmapbench
seqinspector_1008_ERR12316840,https://ftp.sra.ebi.ac.uk/vol1/fastq/ERR123/040/ERR12316840/ERR12316840_1.fastq.gz,https://ftp.sra.ebi.ac.uk/vol1/fastq/ERR123/040/ERR12316840/ERR12316840_2.fastq.gz,,mmapbench
seqinspector_1009_ERR4502197,https://ftp.sra.ebi.ac.uk/vol1/fastq/ERR450/007/ERR4502197/ERR4502197_1.fastq.gz,https://ftp.sra.ebi.ac.uk/vol1/fastq/ERR450/007/ERR4502197/ERR4502197_2.fastq.gz,,mmapbench
seqinspector_1010_ERR14789154,https://ftp.sra.ebi.ac.uk/vol1/fastq/ERR147/054/ERR14789154/ERR14789154_1.fastq.gz,https://ftp.sra.ebi.ac.uk/vol1/fastq/ERR147/054/ERR14789154/ERR14789154_2.fastq.gz,,mmapbench
seqinspector_1011_ERR16908641,https://ftp.sra.ebi.ac.uk/vol1/fastq/ERR169/041/ERR16908641/ERR16908641_1.fastq.gz,https://ftp.sra.ebi.ac.uk/vol1/fastq/ERR169/041/ERR16908641/ERR16908641_2.fastq.gz,,mmapbench
seqinspector_1012_ERR10897707,https://ftp.sra.ebi.ac.uk/vol1/fastq/ERR108/007/ERR10897707/ERR10897707_1.fastq.gz,https://ftp.sra.ebi.ac.uk/vol1/fastq/ERR108/007/ERR10897707/ERR10897707_2.fastq.gz,,mmapbench
seqinspector_1013_ERR13391518,https://ftp.sra.ebi.ac.uk/vol1/fastq/ERR133/018/ERR13391518/ERR13391518_1.fastq.gz,https://ftp.sra.ebi.ac.uk/vol1/fastq/ERR133/018/ERR13391518/ERR13391518_2.fastq.gz,,mmapbench
seqinspector_1014_ERR14211824,https://ftp.sra.ebi.ac.uk/vol1/fastq/ERR142/024/ERR14211824/ERR14211824_1.fastq.gz,https://ftp.sra.ebi.ac.uk/vol1/fastq/ERR142/024/ERR14211824/ERR14211824_2.fastq.gz,,mmapbench
seqinspector_1015_ERR13391154,https://ftp.sra.ebi.ac.uk/vol1/fastq/ERR133/054/ERR13391154/ERR13391154_1.fastq.gz,https://ftp.sra.ebi.ac.uk/vol1/fastq/ERR133/054/ERR13391154/ERR13391154_2.fastq.gz,,mmapbench
seqinspector_1016_DRR735190,https://ftp.sra.ebi.ac.uk/vol1/fastq/DRR735/DRR735190/DRR735190_1.fastq.gz,https://ftp.sra.ebi.ac.uk/vol1/fastq/DRR735/DRR735190/DRR735190_2.fastq.gz,,mmapbench
seqinspector_1017_ERR14211595,https://ftp.sra.ebi.ac.uk/vol1/fastq/ERR142/095/ERR14211595/ERR14211595_1.fastq.gz,https://ftp.sra.ebi.ac.uk/vol1/fastq/ERR142/095/ERR14211595/ERR14211595_2.fastq.gz,,mmapbench
seqinspector_1018_ERR15002864,https://ftp.sra.ebi.ac.uk/vol1/fastq/ERR150/064/ERR15002864/ERR15002864_1.fastq.gz,https://ftp.sra.ebi.ac.uk/vol1/fastq/ERR150/064/ERR15002864/ERR15002864_2.fastq.gz,,mmapbench
seqinspector_1019_ERR14211575,https://ftp.sra.ebi.ac.uk/vol1/fastq/ERR142/075/ERR14211575/ERR14211575_1.fastq.gz,https://ftp.sra.ebi.ac.uk/vol1/fastq/ERR142/075/ERR14211575/ERR14211575_2.fastq.gz,,mmapbench
seqinspector_1020_ERR14195429,https://ftp.sra.ebi.ac.uk/vol1/fastq/ERR141/029/ERR14195429/ERR14195429_1.fastq.gz,https://ftp.sra.ebi.ac.uk/vol1/fastq/ERR141/029/ERR14195429/ERR14195429_2.fastq.gz,,mmapbench
seqinspector_1021_ERR11627487,https://ftp.sra.ebi.ac.uk/vol1/fastq/ERR116/087/ERR11627487/ERR11627487_1.fastq.gz,https://ftp.sra.ebi.ac.uk/vol1/fastq/ERR116/087/ERR11627487/ERR11627487_2.fastq.gz,,mmapbench
seqinspector_1022_ERR16724563,https://ftp.sra.ebi.ac.uk/vol1/fastq/ERR167/063/ERR16724563/ERR16724563_1.fastq.gz,https://ftp.sra.ebi.ac.uk/vol1/fastq/ERR167/063/ERR16724563/ERR16724563_2.fastq.gz,,mmapbench
seqinspector_1023_ERR12038272,https://ftp.sra.ebi.ac.uk/vol1/fastq/ERR120/072/ERR12038272/ERR12038272_1.fastq.gz,https://ftp.sra.ebi.ac.uk/vol1/fastq/ERR120/072/ERR12038272/ERR12038272_2.fastq.gz,,mmapbench
seqinspector_1024_ERR2611643,https://ftp.sra.ebi.ac.uk/vol1/fastq/ERR261/003/ERR2611643/ERR2611643_1.fastq.gz,https://ftp.sra.ebi.ac.uk/vol1/fastq/ERR261/003/ERR2611643/ERR2611643_2.fastq.gz,,mmapbench
seqinspector_1025_ERR14195398,https://ftp.sra.ebi.ac.uk/vol1/fastq/ERR141/098/ERR14195398/ERR14195398_1.fastq.gz,https://ftp.sra.ebi.ac.uk/vol1/fastq/ERR141/098/ERR14195398/ERR14195398_2.fastq.gz,,mmapbench
seqinspector_1026_ERR13337481,https://ftp.sra.ebi.ac.uk/vol1/fastq/ERR133/081/ERR13337481/ERR13337481_1.fastq.gz,https://ftp.sra.ebi.ac.uk/vol1/fastq/ERR133/081/ERR13337481/ERR13337481_2.fastq.gz,,mmapbench
seqinspector_1027_ERR15664716,https://ftp.sra.ebi.ac.uk/vol1/fastq/ERR156/016/ERR15664716/ERR15664716_1.fastq.gz,https://ftp.sra.ebi.ac.uk/vol1/fastq/ERR156/016/ERR15664716/ERR15664716_2.fastq.gz,,mmapbench
seqinspector_1028_ERR16719905,https://ftp.sra.ebi.ac.uk/vol1/fastq/ERR167/005/ERR16719905/ERR16719905_1.fastq.gz,https://ftp.sra.ebi.ac.uk/vol1/fastq/ERR167/005/ERR16719905/ERR16719905_2.fastq.gz,,mmapbench
seqinspector_1029_ERR15114798,https://ftp.sra.ebi.ac.uk/vol1/fastq/ERR151/098/ERR15114798/ERR15114798_1.fastq.gz,https://ftp.sra.ebi.ac.uk/vol1/fastq/ERR151/098/ERR15114798/ERR15114798_2.fastq.gz,,mmapbench
seqinspector_1030_ERR15898372,https://ftp.sra.ebi.ac.uk/vol1/fastq/ERR158/072/ERR15898372/ERR15898372_1.fastq.gz,https://ftp.sra.ebi.ac.uk/vol1/fastq/ERR158/072/ERR15898372/ERR15898372_2.fastq.gz,,mmapbench
seqinspector_1031_ERR3682640,https://ftp.sra.ebi.ac.uk/vol1/fastq/ERR368/000/ERR3682640/ERR3682640_1.fastq.gz,https://ftp.sra.ebi.ac.uk/vol1/fastq/ERR368/000/ERR3682640/ERR3682640_2.fastq.gz,,mmapbench
seqinspector_1032_ERR10897600,https://ftp.sra.ebi.ac.uk/vol1/fastq/ERR108/000/ERR10897600/ERR10897600_1.fastq.gz,https://ftp.sra.ebi.ac.uk/vol1/fastq/ERR108/000/ERR10897600/ERR10897600_2.fastq.gz,,mmapbench
seqinspector_1033_ERR13391422,https://ftp.sra.ebi.ac.uk/vol1/fastq/ERR133/022/ERR13391422/ERR13391422_1.fastq.gz,https://ftp.sra.ebi.ac.uk/vol1/fastq/ERR133/022/ERR13391422/ERR13391422_2.fastq.gz,,mmapbench
seqinspector_1034_ERR4502390,https://ftp.sra.ebi.ac.uk/vol1/fastq/ERR450/000/ERR4502390/ERR4502390_1.fastq.gz,https://ftp.sra.ebi.ac.uk/vol1/fastq/ERR450/000/ERR4502390/ERR4502390_2.fastq.gz,,mmapbench
seqinspector_1035_ERR12520394,https://ftp.sra.ebi.ac.uk/vol1/fastq/ERR125/094/ERR12520394/ERR12520394_1.fastq.gz,https://ftp.sra.ebi.ac.uk/vol1/fastq/ERR125/094/ERR12520394/ERR12520394_2.fastq.gz,,mmapbench
seqinspector_1036_ERR16094439,https://ftp.sra.ebi.ac.uk/vol1/fastq/ERR160/039/ERR16094439/ERR16094439_1.fastq.gz,https://ftp.sra.ebi.ac.uk/vol1/fastq/ERR160/039/ERR16094439/ERR16094439_2.fastq.gz,,mmapbench
seqinspector_1037_ERR16024628,https://ftp.sra.ebi.ac.uk/vol1/fastq/ERR160/028/ERR16024628/ERR16024628_1.fastq.gz,https://ftp.sra.ebi.ac.uk/vol1/fastq/ERR160/028/ERR16024628/ERR16024628_2.fastq.gz,,mmapbench
seqinspector_1038_ERR14195701,https://ftp.sra.ebi.ac.uk/vol1/fastq/ERR141/001/ERR14195701/ERR14195701_1.fastq.gz,https://ftp.sra.ebi.ac.uk/vol1/fastq/ERR141/001/ERR14195701/ERR14195701_2.fastq.gz,,mmapbench
seqinspector_1039_DRR735566,https://ftp.sra.ebi.ac.uk/vol1/fastq/DRR735/DRR735566/DRR735566_1.fastq.gz,https://ftp.sra.ebi.ac.uk/vol1/fastq/DRR735/DRR735566/DRR735566_2.fastq.gz,,mmapbench
seqinspector_1040_ERR12220436,https://ftp.sra.ebi.ac.uk/vol1/fastq/ERR122/036/ERR12220436/ERR12220436_1.fastq.gz,https://ftp.sra.ebi.ac.uk/vol1/fastq/ERR122/036/ERR12220436/ERR12220436_2.fastq.gz,,mmapbench
seqinspector_1041_DRR858913,https://ftp.sra.ebi.ac.uk/vol1/fastq/DRR858/DRR858913/DRR858913_1.fastq.gz,https://ftp.sra.ebi.ac.uk/vol1/fastq/DRR858/DRR858913/DRR858913_2.fastq.gz,,mmapbench
seqinspector_1042_ERR2608274,https://ftp.sra.ebi.ac.uk/vol1/fastq/ERR260/004/ERR2608274/ERR2608274_1.fastq.gz,https://ftp.sra.ebi.ac.uk/vol1/fastq/ERR260/004/ERR2608274/ERR2608274_2.fastq.gz,,mmapbench
seqinspector_1043_ERR13061344,https://ftp.sra.ebi.ac.uk/vol1/fastq/ERR130/044/ERR13061344/ERR13061344_1.fastq.gz,https://ftp.sra.ebi.ac.uk/vol1/fastq/ERR130/044/ERR13061344/ERR13061344_2.fastq.gz,,mmapbench
seqinspector_1044_ERR15315417,https://ftp.sra.ebi.ac.uk/vol1/fastq/ERR153/017/ERR15315417/ERR15315417_1.fastq.gz,https://ftp.sra.ebi.ac.uk/vol1/fastq/ERR153/017/ERR15315417/ERR15315417_2.fastq.gz,,mmapbench
seqinspector_1045_ERR12032981,https://ftp.sra.ebi.ac.uk/vol1/fastq/ERR120/081/ERR12032981/ERR12032981_1.fastq.gz,https://ftp.sra.ebi.ac.uk/vol1/fastq/ERR120/081/ERR12032981/ERR12032981_2.fastq.gz,,mmapbench
seqinspector_1046_ERR16908550,https://ftp.sra.ebi.ac.uk/vol1/fastq/ERR169/050/ERR16908550/ERR16908550_1.fastq.gz,https://ftp.sra.ebi.ac.uk/vol1/fastq/ERR169/050/ERR16908550/ERR16908550_2.fastq.gz,,mmapbench
seqinspector_1047_ERR14211589,https://ftp.sra.ebi.ac.uk/vol1/fastq/ERR142/089/ERR14211589/ERR14211589_1.fastq.gz,https://ftp.sra.ebi.ac.uk/vol1/fastq/ERR142/089/ERR14211589/ERR14211589_2.fastq.gz,,mmapbench
seqinspector_1048_ERR14195443,https://ftp.sra.ebi.ac.uk/vol1/fastq/ERR141/043/ERR14195443/ERR14195443_1.fastq.gz,https://ftp.sra.ebi.ac.uk/vol1/fastq/ERR141/043/ERR14195443/ERR14195443_2.fastq.gz,,mmapbench
seqinspector_1049_ERR10298678,https://ftp.sra.ebi.ac.uk/vol1/fastq/ERR102/078/ERR10298678/ERR10298678_1.fastq.gz,https://ftp.sra.ebi.ac.uk/vol1/fastq/ERR102/078/ERR10298678/ERR10298678_2.fastq.gz,,mmapbench
seqinspector_1050_ERR17272777,https://ftp.sra.ebi.ac.uk/vol1/fastq/ERR172/077/ERR17272777/ERR17272777_1.fastq.gz,https://ftp.sra.ebi.ac.uk/vol1/fastq/ERR172/077/ERR17272777/ERR17272777_2.fastq.gz,,mmapbench
seqinspector_1051_ERR14854675,https://ftp.sra.ebi.ac.uk/vol1/fastq/ERR148/075/ERR14854675/ERR14854675_1.fastq.gz,https://ftp.sra.ebi.ac.uk/vol1/fastq/ERR148/075/ERR14854675/ERR14854675_2.fastq.gz,,mmapbench
seqinspector_1052_ERR3769506,https://ftp.sra.ebi.ac.uk/vol1/fastq/ERR376/006/ERR3769506/ERR3769506_1.fastq.gz,https://ftp.sra.ebi.ac.uk/vol1/fastq/ERR376/006/ERR3769506/ERR3769506_2.fastq.gz,,mmapbench
seqinspector_1053_ERR10749860,https://ftp.sra.ebi.ac.uk/vol1/fastq/ERR107/060/ERR10749860/ERR10749860_1.fastq.gz,https://ftp.sra.ebi.ac.uk/vol1/fastq/ERR107/060/ERR10749860/ERR10749860_2.fastq.gz,,mmapbench
seqinspector_1054_ERR3682654,https://ftp.sra.ebi.ac.uk/vol1/fastq/ERR368/004/ERR3682654/ERR3682654_1.fastq.gz,https://ftp.sra.ebi.ac.uk/vol1/fastq/ERR368/004/ERR3682654/ERR3682654_2.fastq.gz,,mmapbench
seqinspector_1055_ERR13351353,https://ftp.sra.ebi.ac.uk/vol1/fastq/ERR133/053/ERR13351353/ERR13351353_1.fastq.gz,https://ftp.sra.ebi.ac.uk/vol1/fastq/ERR133/053/ERR13351353/ERR13351353_2.fastq.gz,,mmapbench
seqinspector_1056_DRR735192,https://ftp.sra.ebi.ac.uk/vol1/fastq/DRR735/DRR735192/DRR735192_1.fastq.gz,https://ftp.sra.ebi.ac.uk/vol1/fastq/DRR735/DRR735192/DRR735192_2.fastq.gz,,mmapbench
seqinspector_1057_ERR10749757,https://ftp.sra.ebi.ac.uk/vol1/fastq/ERR107/057/ERR10749757/ERR10749757_1.fastq.gz,https://ftp.sra.ebi.ac.uk/vol1/fastq/ERR107/057/ERR10749757/ERR10749757_2.fastq.gz,,mmapbench
seqinspector_1058_ERR14953720,https://ftp.sra.ebi.ac.uk/vol1/fastq/ERR149/020/ERR14953720/ERR14953720_1.fastq.gz,https://ftp.sra.ebi.ac.uk/vol1/fastq/ERR149/020/ERR14953720/ERR14953720_2.fastq.gz,,mmapbench
seqinspector_1059_ERR14195350,https://ftp.sra.ebi.ac.uk/vol1/fastq/ERR141/050/ERR14195350/ERR14195350_1.fastq.gz,https://ftp.sra.ebi.ac.uk/vol1/fastq/ERR141/050/ERR14195350/ERR14195350_2.fastq.gz,,mmapbench
seqinspector_1060_ERR14211496,https://ftp.sra.ebi.ac.uk/vol1/fastq/ERR142/096/ERR14211496/ERR14211496_1.fastq.gz,https://ftp.sra.ebi.ac.uk/vol1/fastq/ERR142/096/ERR14211496/ERR14211496_2.fastq.gz,,mmapbench
seqinspector_1061_ERR11627422,https://ftp.sra.ebi.ac.uk/vol1/fastq/ERR116/022/ERR11627422/ERR11627422_1.fastq.gz,https://ftp.sra.ebi.ac.uk/vol1/fastq/ERR116/022/ERR11627422/ERR11627422_2.fastq.gz,,mmapbench
seqinspector_1062_ERR16908697,https://ftp.sra.ebi.ac.uk/vol1/fastq/ERR169/097/ERR16908697/ERR16908697_1.fastq.gz,https://ftp.sra.ebi.ac.uk/vol1/fastq/ERR169/097/ERR16908697/ERR16908697_2.fastq.gz,,mmapbench
seqinspector_1063_ERR3903898,https://ftp.sra.ebi.ac.uk/vol1/fastq/ERR390/008/ERR3903898/ERR3903898_1.fastq.gz,https://ftp.sra.ebi.ac.uk/vol1/fastq/ERR390/008/ERR3903898/ERR3903898_2.fastq.gz,,mmapbench
seqinspector_1064_DRR735127,https://ftp.sra.ebi.ac.uk/vol1/fastq/DRR735/DRR735127/DRR735127_1.fastq.gz,https://ftp.sra.ebi.ac.uk/vol1/fastq/DRR735/DRR735127/DRR735127_2.fastq.gz,,mmapbench
seqinspector_1065_ERR12038247,https://ftp.sra.ebi.ac.uk/vol1/fastq/ERR120/047/ERR12038247/ERR12038247_1.fastq.gz,https://ftp.sra.ebi.ac.uk/vol1/fastq/ERR120/047/ERR12038247/ERR12038247_2.fastq.gz,,mmapbench
seqinspector_1066_ERR10749534,https://ftp.sra.ebi.ac.uk/vol1/fastq/ERR107/034/ERR10749534/ERR10749534_1.fastq.gz,https://ftp.sra.ebi.ac.uk/vol1/fastq/ERR107/034/ERR10749534/ERR10749534_2.fastq.gz,,mmapbench
seqinspector_1067_ERR4503276,https://ftp.sra.ebi.ac.uk/vol1/fastq/ERR450/006/ERR4503276/ERR4503276_1.fastq.gz,https://ftp.sra.ebi.ac.uk/vol1/fastq/ERR450/006/ERR4503276/ERR4503276_2.fastq.gz,,mmapbench
seqinspector_1068_ERR12220434,https://ftp.sra.ebi.ac.uk/vol1/fastq/ERR122/034/ERR12220434/ERR12220434_1.fastq.gz,https://ftp.sra.ebi.ac.uk/vol1/fastq/ERR122/034/ERR12220434/ERR12220434_2.fastq.gz,,mmapbench
seqinspector_1069_ERR2863487,https://ftp.sra.ebi.ac.uk/vol1/fastq/ERR286/007/ERR2863487/ERR2863487_1.fastq.gz,https://ftp.sra.ebi.ac.uk/vol1/fastq/ERR286/007/ERR2863487/ERR2863487_2.fastq.gz,,mmapbench
seqinspector_1070_ERR4503493,https://ftp.sra.ebi.ac.uk/vol1/fastq/ERR450/003/ERR4503493/ERR4503493_1.fastq.gz,https://ftp.sra.ebi.ac.uk/vol1/fastq/ERR450/003/ERR4503493/ERR4503493_2.fastq.gz,,mmapbench
seqinspector_1071_ERR3769484,https://ftp.sra.ebi.ac.uk/vol1/fastq/ERR376/004/ERR3769484/ERR3769484_1.fastq.gz,https://ftp.sra.ebi.ac.uk/vol1/fastq/ERR376/004/ERR3769484/ERR3769484_2.fastq.gz,,mmapbench
seqinspector_1072_ERR11489595,https://ftp.sra.ebi.ac.uk/vol1/fastq/ERR114/095/ERR11489595/ERR11489595_1.fastq.gz,https://ftp.sra.ebi.ac.uk/vol1/fastq/ERR114/095/ERR11489595/ERR11489595_2.fastq.gz,,mmapbench
seqinspector_1073_ERR4503433,https://ftp.sra.ebi.ac.uk/vol1/fastq/ERR450/003/ERR4503433/ERR4503433_1.fastq.gz,https://ftp.sra.ebi.ac.uk/vol1/fastq/ERR450/003/ERR4503433/ERR4503433_2.fastq.gz,,mmapbench
seqinspector_1074_ERR16730661,https://ftp.sra.ebi.ac.uk/vol1/fastq/ERR167/061/ERR16730661/ERR16730661_1.fastq.gz,https://ftp.sra.ebi.ac.uk/vol1/fastq/ERR167/061/ERR16730661/ERR16730661_2.fastq.gz,,mmapbench
seqinspector_1075_ERR3670921,https://ftp.sra.ebi.ac.uk/vol1/fastq/ERR367/001/ERR3670921/ERR3670921_1.fastq.gz,https://ftp.sra.ebi.ac.uk/vol1/fastq/ERR367/001/ERR3670921/ERR3670921_2.fastq.gz,,mmapbench
seqinspector_1076_ERR12218566,https://ftp.sra.ebi.ac.uk/vol1/fastq/ERR122/066/ERR12218566/ERR12218566_1.fastq.gz,https://ftp.sra.ebi.ac.uk/vol1/fastq/ERR122/066/ERR12218566/ERR12218566_2.fastq.gz,,mmapbench
seqinspector_1077_ERR14802901,https://ftp.sra.ebi.ac.uk/vol1/fastq/ERR148/001/ERR14802901/ERR14802901_1.fastq.gz,https://ftp.sra.ebi.ac.uk/vol1/fastq/ERR148/001/ERR14802901/ERR14802901_2.fastq.gz,,mmapbench
seqinspector_1078_ERR17461868,https://ftp.sra.ebi.ac.uk/vol1/fastq/ERR174/068/ERR17461868/ERR17461868_1.fastq.gz,https://ftp.sra.ebi.ac.uk/vol1/fastq/ERR174/068/ERR17461868/ERR17461868_2.fastq.gz,,mmapbench
seqinspector_1079_DRR858867,https://ftp.sra.ebi.ac.uk/vol1/fastq/DRR858/DRR858867/DRR858867_1.fastq.gz,https://ftp.sra.ebi.ac.uk/vol1/fastq/DRR858/DRR858867/DRR858867_2.fastq.gz,,mmapbench
seqinspector_1080_ERR11627308,https://ftp.sra.ebi.ac.uk/vol1/fastq/ERR116/008/ERR11627308/ERR11627308_1.fastq.gz,https://ftp.sra.ebi.ac.uk/vol1/fastq/ERR116/008/ERR11627308/ERR11627308_2.fastq.gz,,mmapbench
seqinspector_1081_ERR14210974,https://ftp.sra.ebi.ac.uk/vol1/fastq/ERR142/074/ERR14210974/ERR14210974_1.fastq.gz,https://ftp.sra.ebi.ac.uk/vol1/fastq/ERR142/074/ERR14210974/ERR14210974_2.fastq.gz,,mmapbench
seqinspector_1082_ERR2611648,https://ftp.sra.ebi.ac.uk/vol1/fastq/ERR261/008/ERR2611648/ERR2611648_1.fastq.gz,https://ftp.sra.ebi.ac.uk/vol1/fastq/ERR261/008/ERR2611648/ERR2611648_2.fastq.gz,,mmapbench
seqinspector_1083_ERR14295215,https://ftp.sra.ebi.ac.uk/vol1/fastq/ERR142/015/ERR14295215/ERR14295215_1.fastq.gz,https://ftp.sra.ebi.ac.uk/vol1/fastq/ERR142/015/ERR14295215/ERR14295215_2.fastq.gz,,mmapbench
seqinspector_1084_ERR12218945,https://ftp.sra.ebi.ac.uk/vol1/fastq/ERR122/045/ERR12218945/ERR12218945_1.fastq.gz,https://ftp.sra.ebi.ac.uk/vol1/fastq/ERR122/045/ERR12218945/ERR12218945_2.fastq.gz,,mmapbench
seqinspector_1085_DRR734882,https://ftp.sra.ebi.ac.uk/vol1/fastq/DRR734/DRR734882/DRR734882_1.fastq.gz,https://ftp.sra.ebi.ac.uk/vol1/fastq/DRR734/DRR734882/DRR734882_2.fastq.gz,,mmapbench
seqinspector_1086_DRR734949,https://ftp.sra.ebi.ac.uk/vol1/fastq/DRR734/DRR734949/DRR734949_1.fastq.gz,https://ftp.sra.ebi.ac.uk/vol1/fastq/DRR734/DRR734949/DRR734949_2.fastq.gz,,mmapbench
seqinspector_1087_ERR10394928,https://ftp.sra.ebi.ac.uk/vol1/fastq/ERR103/028/ERR10394928/ERR10394928_1.fastq.gz,https://ftp.sra.ebi.ac.uk/vol1/fastq/ERR103/028/ERR10394928/ERR10394928_2.fastq.gz,,mmapbench
seqinspector_1088_ERR14211820,https://ftp.sra.ebi.ac.uk/vol1/fastq/ERR142/020/ERR14211820/ERR14211820_1.fastq.gz,https://ftp.sra.ebi.ac.uk/vol1/fastq/ERR142/020/ERR14211820/ERR14211820_2.fastq.gz,,mmapbench
seqinspector_1089_ERR14195674,https://ftp.sra.ebi.ac.uk/vol1/fastq/ERR141/074/ERR14195674/ERR14195674_1.fastq.gz,https://ftp.sra.ebi.ac.uk/vol1/fastq/ERR141/074/ERR14195674/ERR14195674_2.fastq.gz,,mmapbench
seqinspector_1090_ERR14211789,https://ftp.sra.ebi.ac.uk/vol1/fastq/ERR142/089/ERR14211789/ERR14211789_1.fastq.gz,https://ftp.sra.ebi.ac.uk/vol1/fastq/ERR142/089/ERR14211789/ERR14211789_2.fastq.gz,,mmapbench
seqinspector_1091_ERR12126414,https://ftp.sra.ebi.ac.uk/vol1/fastq/ERR121/014/ERR12126414/ERR12126414_1.fastq.gz,https://ftp.sra.ebi.ac.uk/vol1/fastq/ERR121/014/ERR12126414/ERR12126414_2.fastq.gz,,mmapbench
seqinspector_1092_ERR15114873,https://ftp.sra.ebi.ac.uk/vol1/fastq/ERR151/073/ERR15114873/ERR15114873_1.fastq.gz,https://ftp.sra.ebi.ac.uk/vol1/fastq/ERR151/073/ERR15114873/ERR15114873_2.fastq.gz,,mmapbench
seqinspector_1093_ERR4575480,https://ftp.sra.ebi.ac.uk/vol1/fastq/ERR457/000/ERR4575480/ERR4575480_1.fastq.gz,https://ftp.sra.ebi.ac.uk/vol1/fastq/ERR457/000/ERR4575480/ERR4575480_2.fastq.gz,,mmapbench
seqinspector_1094_ERR14210905,https://ftp.sra.ebi.ac.uk/vol1/fastq/ERR142/005/ERR14210905/ERR14210905_1.fastq.gz,https://ftp.sra.ebi.ac.uk/vol1/fastq/ERR142/005/ERR14210905/ERR14210905_2.fastq.gz,,mmapbench
seqinspector_1095_ERR4407614,https://ftp.sra.ebi.ac.uk/vol1/fastq/ERR440/004/ERR4407614/ERR4407614_1.fastq.gz,https://ftp.sra.ebi.ac.uk/vol1/fastq/ERR440/004/ERR4407614/ERR4407614_2.fastq.gz,,mmapbench
seqinspector_1096_ERR12520400,https://ftp.sra.ebi.ac.uk/vol1/fastq/ERR125/000/ERR12520400/ERR12520400_1.fastq.gz,https://ftp.sra.ebi.ac.uk/vol1/fastq/ERR125/000/ERR12520400/ERR12520400_2.fastq.gz,,mmapbench
seqinspector_1097_DRR735226,https://ftp.sra.ebi.ac.uk/vol1/fastq/DRR735/DRR735226/DRR735226_1.fastq.gz,https://ftp.sra.ebi.ac.uk/vol1/fastq/DRR735/DRR735226/DRR735226_2.fastq.gz,,mmapbench
seqinspector_1098_ERR12220097,https://ftp.sra.ebi.ac.uk/vol1/fastq/ERR122/097/ERR12220097/ERR12220097_1.fastq.gz,https://ftp.sra.ebi.ac.uk/vol1/fastq/ERR122/097/ERR12220097/ERR12220097_2.fastq.gz,,mmapbench
seqinspector_1099_ERR11646986,https://ftp.sra.ebi.ac.uk/vol1/fastq/ERR116/086/ERR11646986/ERR11646986_1.fastq.gz,https://ftp.sra.ebi.ac.uk/vol1/fastq/ERR116/086/ERR11646986/ERR11646986_2.fastq.gz,,mmapbench
seqinspector_1100_ERR16026916,https://ftp.sra.ebi.ac.uk/vol1/fastq/ERR160/016/ERR16026916/ERR16026916_1.fastq.gz,https://ftp.sra.ebi.ac.uk/vol1/fastq/ERR160/016/ERR16026916/ERR16026916_2.fastq.gz,,mmapbench
seqinspector_1101_ERR14946091,https://ftp.sra.ebi.ac.uk/vol1/fastq/ERR149/091/ERR14946091/ERR14946091_1.fastq.gz,https://ftp.sra.ebi.ac.uk/vol1/fastq/ERR149/091/ERR14946091/ERR14946091_2.fastq.gz,,mmapbench
seqinspector_1102_DRR735494,https://ftp.sra.ebi.ac.uk/vol1/fastq/DRR735/DRR735494/DRR735494_1.fastq.gz,https://ftp.sra.ebi.ac.uk/vol1/fastq/DRR735/DRR735494/DRR735494_2.fastq.gz,,mmapbench
seqinspector_1103_ERR16908540,https://ftp.sra.ebi.ac.uk/vol1/fastq/ERR169/040/ERR16908540/ERR16908540_1.fastq.gz,https://ftp.sra.ebi.ac.uk/vol1/fastq/ERR169/040/ERR16908540/ERR16908540_2.fastq.gz,,mmapbench
seqinspector_1104_ERR13061340,https://ftp.sra.ebi.ac.uk/vol1/fastq/ERR130/040/ERR13061340/ERR13061340_1.fastq.gz,https://ftp.sra.ebi.ac.uk/vol1/fastq/ERR130/040/ERR13061340/ERR13061340_2.fastq.gz,,mmapbench
seqinspector_1105_ERR14211412,https://ftp.sra.ebi.ac.uk/vol1/fastq/ERR142/012/ERR14211412/ERR14211412_1.fastq.gz,https://ftp.sra.ebi.ac.uk/vol1/fastq/ERR142/012/ERR14211412/ERR14211412_2.fastq.gz,,mmapbench
seqinspector_1106_ERR15668210,https://ftp.sra.ebi.ac.uk/vol1/fastq/ERR156/010/ERR15668210/ERR15668210_1.fastq.gz,https://ftp.sra.ebi.ac.uk/vol1/fastq/ERR156/010/ERR15668210/ERR15668210_2.fastq.gz,,mmapbench
seqinspector_1107_ERR12218565,https://ftp.sra.ebi.ac.uk/vol1/fastq/ERR122/065/ERR12218565/ERR12218565_1.fastq.gz,https://ftp.sra.ebi.ac.uk/vol1/fastq/ERR122/065/ERR12218565/ERR12218565_2.fastq.gz,,mmapbench
seqinspector_1108_ERR12032794,https://ftp.sra.ebi.ac.uk/vol1/fastq/ERR120/094/ERR12032794/ERR12032794_1.fastq.gz,https://ftp.sra.ebi.ac.uk/vol1/fastq/ERR120/094/ERR12032794/ERR12032794_2.fastq.gz,,mmapbench
seqinspector_1109_DRR734871,https://ftp.sra.ebi.ac.uk/vol1/fastq/DRR734/DRR734871/DRR734871_1.fastq.gz,https://ftp.sra.ebi.ac.uk/vol1/fastq/DRR734/DRR734871/DRR734871_2.fastq.gz,,mmapbench
seqinspector_1110_ERR4407579,https://ftp.sra.ebi.ac.uk/vol1/fastq/ERR440/009/ERR4407579/ERR4407579_1.fastq.gz,https://ftp.sra.ebi.ac.uk/vol1/fastq/ERR440/009/ERR4407579/ERR4407579_2.fastq.gz,,mmapbench
seqinspector_1111_ERR3966177,https://ftp.sra.ebi.ac.uk/vol1/fastq/ERR396/007/ERR3966177/ERR3966177_1.fastq.gz,https://ftp.sra.ebi.ac.uk/vol1/fastq/ERR396/007/ERR3966177/ERR3966177_2.fastq.gz,,mmapbench
seqinspector_1112_ERR12828364,https://ftp.sra.ebi.ac.uk/vol1/fastq/ERR128/064/ERR12828364/ERR12828364_1.fastq.gz,https://ftp.sra.ebi.ac.uk/vol1/fastq/ERR128/064/ERR12828364/ERR12828364_2.fastq.gz,,mmapbench
seqinspector_1113_ERR10749538,https://ftp.sra.ebi.ac.uk/vol1/fastq/ERR107/038/ERR10749538/ERR10749538_1.fastq.gz,https://ftp.sra.ebi.ac.uk/vol1/fastq/ERR107/038/ERR10749538/ERR10749538_2.fastq.gz,,mmapbench
seqinspector_1114_ERR11627334,https://ftp.sra.ebi.ac.uk/vol1/fastq/ERR116/034/ERR11627334/ERR11627334_1.fastq.gz,https://ftp.sra.ebi.ac.uk/vol1/fastq/ERR116/034/ERR11627334/ERR11627334_2.fastq.gz,,mmapbench
seqinspector_1115_ERR14195261,https://ftp.sra.ebi.ac.uk/vol1/fastq/ERR141/061/ERR14195261/ERR14195261_1.fastq.gz,https://ftp.sra.ebi.ac.uk/vol1/fastq/ERR141/061/ERR14195261/ERR14195261_2.fastq.gz,,mmapbench
seqinspector_1116_ERR13061365,https://ftp.sra.ebi.ac.uk/vol1/fastq/ERR130/065/ERR13061365/ERR13061365_1.fastq.gz,https://ftp.sra.ebi.ac.uk/vol1/fastq/ERR130/065/ERR13061365/ERR13061365_2.fastq.gz,,mmapbench
seqinspector_1117_ERR4502102,https://ftp.sra.ebi.ac.uk/vol1/fastq/ERR450/002/ERR4502102/ERR4502102_1.fastq.gz,https://ftp.sra.ebi.ac.uk/vol1/fastq/ERR450/002/ERR4502102/ERR4502102_2.fastq.gz,,mmapbench
seqinspector_1118_ERR3726425,https://ftp.sra.ebi.ac.uk/vol1/fastq/ERR372/005/ERR3726425/ERR3726425_1.fastq.gz,https://ftp.sra.ebi.ac.uk/vol1/fastq/ERR372/005/ERR3726425/ERR3726425_2.fastq.gz,,mmapbench
seqinspector_1119_DRR734981,https://ftp.sra.ebi.ac.uk/vol1/fastq/DRR734/DRR734981/DRR734981_1.fastq.gz,https://ftp.sra.ebi.ac.uk/vol1/fastq/DRR734/DRR734981/DRR734981_2.fastq.gz,,mmapbench
seqinspector_1120_ERR15668052,https://ftp.sra.ebi.ac.uk/vol1/fastq/ERR156/052/ERR15668052/ERR15668052_1.fastq.gz,https://ftp.sra.ebi.ac.uk/vol1/fastq/ERR156/052/ERR15668052/ERR15668052_2.fastq.gz,,mmapbench
seqinspector_1121_ERR13583595,https://ftp.sra.ebi.ac.uk/vol1/fastq/ERR135/095/ERR13583595/ERR13583595_1.fastq.gz,https://ftp.sra.ebi.ac.uk/vol1/fastq/ERR135/095/ERR13583595/ERR13583595_2.fastq.gz,,mmapbench
seqinspector_1122_DRR734924,https://ftp.sra.ebi.ac.uk/vol1/fastq/DRR734/DRR734924/DRR734924_1.fastq.gz,https://ftp.sra.ebi.ac.uk/vol1/fastq/DRR734/DRR734924/DRR734924_2.fastq.gz,,mmapbench
seqinspector_1123_ERR16721774,https://ftp.sra.ebi.ac.uk/vol1/fastq/ERR167/074/ERR16721774/ERR16721774_1.fastq.gz,https://ftp.sra.ebi.ac.uk/vol1/fastq/ERR167/074/ERR16721774/ERR16721774_2.fastq.gz,,mmapbench
seqinspector_1124_ERR3769512,https://ftp.sra.ebi.ac.uk/vol1/fastq/ERR376/002/ERR3769512/ERR3769512_1.fastq.gz,https://ftp.sra.ebi.ac.uk/vol1/fastq/ERR376/002/ERR3769512/ERR3769512_2.fastq.gz,,mmapbench
seqinspector_1125_ERR16722407,https://ftp.sra.ebi.ac.uk/vol1/fastq/ERR167/007/ERR16722407/ERR16722407_1.fastq.gz,https://ftp.sra.ebi.ac.uk/vol1/fastq/ERR167/007/ERR16722407/ERR16722407_2.fastq.gz,,mmapbench
seqinspector_1126_DRR734926,https://ftp.sra.ebi.ac.uk/vol1/fastq/DRR734/DRR734926/DRR734926_1.fastq.gz,https://ftp.sra.ebi.ac.uk/vol1/fastq/DRR734/DRR734926/DRR734926_2.fastq.gz,,mmapbench
seqinspector_1127_ERR14854434,https://ftp.sra.ebi.ac.uk/vol1/fastq/ERR148/034/ERR14854434/ERR14854434_1.fastq.gz,https://ftp.sra.ebi.ac.uk/vol1/fastq/ERR148/034/ERR14854434/ERR14854434_2.fastq.gz,,mmapbench
seqinspector_1128_ERR2608227,https://ftp.sra.ebi.ac.uk/vol1/fastq/ERR260/007/ERR2608227/ERR2608227_1.fastq.gz,https://ftp.sra.ebi.ac.uk/vol1/fastq/ERR260/007/ERR2608227/ERR2608227_2.fastq.gz,,mmapbench
seqinspector_1129_ERR12316797,https://ftp.sra.ebi.ac.uk/vol1/fastq/ERR123/097/ERR12316797/ERR12316797_1.fastq.gz,https://ftp.sra.ebi.ac.uk/vol1/fastq/ERR123/097/ERR12316797/ERR12316797_2.fastq.gz,,mmapbench
seqinspector_1130_ERR11627186,https://ftp.sra.ebi.ac.uk/vol1/fastq/ERR116/086/ERR11627186/ERR11627186_1.fastq.gz,https://ftp.sra.ebi.ac.uk/vol1/fastq/ERR116/086/ERR11627186/ERR11627186_2.fastq.gz,,mmapbench
seqinspector_1131_ERR12220670,https://ftp.sra.ebi.ac.uk/vol1/fastq/ERR122/070/ERR12220670/ERR12220670_1.fastq.gz,https://ftp.sra.ebi.ac.uk/vol1/fastq/ERR122/070/ERR12220670/ERR12220670_2.fastq.gz,,mmapbench
seqinspector_1132_ERR13061358,https://ftp.sra.ebi.ac.uk/vol1/fastq/ERR130/058/ERR13061358/ERR13061358_1.fastq.gz,https://ftp.sra.ebi.ac.uk/vol1/fastq/ERR130/058/ERR13061358/ERR13061358_2.fastq.gz,,mmapbench
seqinspector_1133_ERR4503255,https://ftp.sra.ebi.ac.uk/vol1/fastq/ERR450/005/ERR4503255/ERR4503255_1.fastq.gz,https://ftp.sra.ebi.ac.uk/vol1/fastq/ERR450/005/ERR4503255/ERR4503255_2.fastq.gz,,mmapbench
seqinspector_1134_ERR14195478,https://ftp.sra.ebi.ac.uk/vol1/fastq/ERR141/078/ERR14195478/ERR14195478_1.fastq.gz,https://ftp.sra.ebi.ac.uk/vol1/fastq/ERR141/078/ERR14195478/ERR14195478_2.fastq.gz,,mmapbench
seqinspector_1135_ERR14211481,https://ftp.sra.ebi.ac.uk/vol1/fastq/ERR142/081/ERR14211481/ERR14211481_1.fastq.gz,https://ftp.sra.ebi.ac.uk/vol1/fastq/ERR142/081/ERR14211481/ERR14211481_2.fastq.gz,,mmapbench
seqinspector_1136_DRR735591,https://ftp.sra.ebi.ac.uk/vol1/fastq/DRR735/DRR735591/DRR735591_1.fastq.gz,https://ftp.sra.ebi.ac.uk/vol1/fastq/DRR735/DRR735591/DRR735591_2.fastq.gz,,mmapbench
seqinspector_1137_ERR14802393,https://ftp.sra.ebi.ac.uk/vol1/fastq/ERR148/093/ERR14802393/ERR14802393_1.fastq.gz,https://ftp.sra.ebi.ac.uk/vol1/fastq/ERR148/093/ERR14802393/ERR14802393_2.fastq.gz,,mmapbench
seqinspector_1138_ERR4503413,https://ftp.sra.ebi.ac.uk/vol1/fastq/ERR450/003/ERR4503413/ERR4503413_1.fastq.gz,https://ftp.sra.ebi.ac.uk/vol1/fastq/ERR450/003/ERR4503413/ERR4503413_2.fastq.gz,,mmapbench
seqinspector_1139_ERR16719889,https://ftp.sra.ebi.ac.uk/vol1/fastq/ERR167/089/ERR16719889/ERR16719889_1.fastq.gz,https://ftp.sra.ebi.ac.uk/vol1/fastq/ERR167/089/ERR16719889/ERR16719889_2.fastq.gz,,mmapbench
seqinspector_1140_ERR12032976,https://ftp.sra.ebi.ac.uk/vol1/fastq/ERR120/076/ERR12032976/ERR12032976_1.fastq.gz,https://ftp.sra.ebi.ac.uk/vol1/fastq/ERR120/076/ERR12032976/ERR12032976_2.fastq.gz,,mmapbench
seqinspector_1141_ERR4502059,https://ftp.sra.ebi.ac.uk/vol1/fastq/ERR450/009/ERR4502059/ERR4502059_1.fastq.gz,https://ftp.sra.ebi.ac.uk/vol1/fastq/ERR450/009/ERR4502059/ERR4502059_2.fastq.gz,,mmapbench
seqinspector_1142_ERR12556263,https://ftp.sra.ebi.ac.uk/vol1/fastq/ERR125/063/ERR12556263/ERR12556263_1.fastq.gz,https://ftp.sra.ebi.ac.uk/vol1/fastq/ERR125/063/ERR12556263/ERR12556263_2.fastq.gz,,mmapbench
seqinspector_1143_ERR12220365,https://ftp.sra.ebi.ac.uk/vol1/fastq/ERR122/065/ERR12220365/ERR12220365_1.fastq.gz,https://ftp.sra.ebi.ac.uk/vol1/fastq/ERR122/065/ERR12220365/ERR12220365_2.fastq.gz,,mmapbench
seqinspector_1144_ERR14195624,https://ftp.sra.ebi.ac.uk/vol1/fastq/ERR141/024/ERR14195624/ERR14195624_1.fastq.gz,https://ftp.sra.ebi.ac.uk/vol1/fastq/ERR141/024/ERR14195624/ERR14195624_2.fastq.gz,,mmapbench
seqinspector_1145_DRR636929,https://ftp.sra.ebi.ac.uk/vol1/fastq/DRR636/DRR636929/DRR636929_1.fastq.gz,https://ftp.sra.ebi.ac.uk/vol1/fastq/DRR636/DRR636929/DRR636929_2.fastq.gz,,mmapbench
seqinspector_1146_ERR2987898,https://ftp.sra.ebi.ac.uk/vol1/fastq/ERR298/008/ERR2987898/ERR2987898_1.fastq.gz,https://ftp.sra.ebi.ac.uk/vol1/fastq/ERR298/008/ERR2987898/ERR2987898_2.fastq.gz,,mmapbench
seqinspector_1147_ERR14194735,https://ftp.sra.ebi.ac.uk/vol1/fastq/ERR141/035/ERR14194735/ERR14194735_1.fastq.gz,https://ftp.sra.ebi.ac.uk/vol1/fastq/ERR141/035/ERR14194735/ERR14194735_2.fastq.gz,,mmapbench
seqinspector_1148_ERR14210881,https://ftp.sra.ebi.ac.uk/vol1/fastq/ERR142/081/ERR14210881/ERR14210881_1.fastq.gz,https://ftp.sra.ebi.ac.uk/vol1/fastq/ERR142/081/ERR14210881/ERR14210881_2.fastq.gz,,mmapbench
seqinspector_1149_ERR2987987,https://ftp.sra.ebi.ac.uk/vol1/fastq/ERR298/007/ERR2987987/ERR2987987_1.fastq.gz,https://ftp.sra.ebi.ac.uk/vol1/fastq/ERR298/007/ERR2987987/ERR2987987_2.fastq.gz,,mmapbench
seqinspector_1150_ERR14210861,https://ftp.sra.ebi.ac.uk/vol1/fastq/ERR142/061/ERR14210861/ERR14210861_1.fastq.gz,https://ftp.sra.ebi.ac.uk/vol1/fastq/ERR142/061/ERR14210861/ERR14210861_2.fastq.gz,,mmapbench
seqinspector_1151_ERR4407766,https://ftp.sra.ebi.ac.uk/vol1/fastq/ERR440/006/ERR4407766/ERR4407766_1.fastq.gz,https://ftp.sra.ebi.ac.uk/vol1/fastq/ERR440/006/ERR4407766/ERR4407766_2.fastq.gz,,mmapbench
seqinspector_1152_ERR11627188,https://ftp.sra.ebi.ac.uk/vol1/fastq/ERR116/088/ERR11627188/ERR11627188_1.fastq.gz,https://ftp.sra.ebi.ac.uk/vol1/fastq/ERR116/088/ERR11627188/ERR11627188_2.fastq.gz,,mmapbench
seqinspector_1153_ERR14194665,https://ftp.sra.ebi.ac.uk/vol1/fastq/ERR141/065/ERR14194665/ERR14194665_1.fastq.gz,https://ftp.sra.ebi.ac.uk/vol1/fastq/ERR141/065/ERR14194665/ERR14194665_2.fastq.gz,,mmapbench
seqinspector_1154_ERR14210811,https://ftp.sra.ebi.ac.uk/vol1/fastq/ERR142/011/ERR14210811/ERR14210811_1.fastq.gz,https://ftp.sra.ebi.ac.uk/vol1/fastq/ERR142/011/ERR14210811/ERR14210811_2.fastq.gz,,mmapbench
seqinspector_1155_ERR11489429,https://ftp.sra.ebi.ac.uk/vol1/fastq/ERR114/029/ERR11489429/ERR11489429_1.fastq.gz,https://ftp.sra.ebi.ac.uk/vol1/fastq/ERR114/029/ERR11489429/ERR11489429_2.fastq.gz,,mmapbench
seqinspector_1156_DRR413614,https://ftp.sra.ebi.ac.uk/vol1/fastq/DRR413/DRR413614/DRR413614_1.fastq.gz,https://ftp.sra.ebi.ac.uk/vol1/fastq/DRR413/DRR413614/DRR413614_2.fastq.gz,,mmapbench
seqinspector_1157_ERR14789464,https://ftp.sra.ebi.ac.uk/vol1/fastq/ERR147/064/ERR14789464/ERR14789464_1.fastq.gz,https://ftp.sra.ebi.ac.uk/vol1/fastq/ERR147/064/ERR14789464/ERR14789464_2.fastq.gz,,mmapbench
seqinspector_1158_ERR2611553,https://ftp.sra.ebi.ac.uk/vol1/fastq/ERR261/003/ERR2611553/ERR2611553_1.fastq.gz,https://ftp.sra.ebi.ac.uk/vol1/fastq/ERR261/003/ERR2611553/ERR2611553_2.fastq.gz,,mmapbench
seqinspector_1159_ERR11627253,https://ftp.sra.ebi.ac.uk/vol1/fastq/ERR116/053/ERR11627253/ERR11627253_1.fastq.gz,https://ftp.sra.ebi.ac.uk/vol1/fastq/ERR116/053/ERR11627253/ERR11627253_2.fastq.gz,,mmapbench
seqinspector_1160_DRR734988,https://ftp.sra.ebi.ac.uk/vol1/fastq/DRR734/DRR734988/DRR734988_1.fastq.gz,https://ftp.sra.ebi.ac.uk/vol1/fastq/DRR734/DRR734988/DRR734988_2.fastq.gz,,mmapbench
seqinspector_1161_ERR12379584,https://ftp.sra.ebi.ac.uk/vol1/fastq/ERR123/084/ERR12379584/ERR12379584_1.fastq.gz,https://ftp.sra.ebi.ac.uk/vol1/fastq/ERR123/084/ERR12379584/ERR12379584_2.fastq.gz,,mmapbench
seqinspector_1162_ERR14853654,https://ftp.sra.ebi.ac.uk/vol1/fastq/ERR148/054/ERR14853654/ERR14853654_1.fastq.gz,https://ftp.sra.ebi.ac.uk/vol1/fastq/ERR148/054/ERR14853654/ERR14853654_2.fastq.gz,,mmapbench
seqinspector_1163_ERR14927670,https://ftp.sra.ebi.ac.uk/vol1/fastq/ERR149/070/ERR14927670/ERR14927670_1.fastq.gz,https://ftp.sra.ebi.ac.uk/vol1/fastq/ERR149/070/ERR14927670/ERR14927670_2.fastq.gz,,mmapbench
seqinspector_1164_ERR14195211,https://ftp.sra.ebi.ac.uk/vol1/fastq/ERR141/011/ERR14195211/ERR14195211_1.fastq.gz,https://ftp.sra.ebi.ac.uk/vol1/fastq/ERR141/011/ERR14195211/ERR14195211_2.fastq.gz,,mmapbench
seqinspector_1165_ERR12379580,https://ftp.sra.ebi.ac.uk/vol1/fastq/ERR123/080/ERR12379580/ERR12379580_1.fastq.gz,https://ftp.sra.ebi.ac.uk/vol1/fastq/ERR123/080/ERR12379580/ERR12379580_2.fastq.gz,,mmapbench
seqinspector_1166_ERR14211858,https://ftp.sra.ebi.ac.uk/vol1/fastq/ERR142/058/ERR14211858/ERR14211858_1.fastq.gz,https://ftp.sra.ebi.ac.uk/vol1/fastq/ERR142/058/ERR14211858/ERR14211858_2.fastq.gz,,mmapbench
seqinspector_1167_ERR12220422,https://ftp.sra.ebi.ac.uk/vol1/fastq/ERR122/022/ERR12220422/ERR12220422_1.fastq.gz,https://ftp.sra.ebi.ac.uk/vol1/fastq/ERR122/022/ERR12220422/ERR12220422_2.fastq.gz,,mmapbench
seqinspector_1168_ERR11489410,https://ftp.sra.ebi.ac.uk/vol1/fastq/ERR114/010/ERR11489410/ERR11489410_1.fastq.gz,https://ftp.sra.ebi.ac.uk/vol1/fastq/ERR114/010/ERR11489410/ERR11489410_2.fastq.gz,,mmapbench
seqinspector_1169_ERR10987048,https://ftp.sra.ebi.ac.uk/vol1/fastq/ERR109/048/ERR10987048/ERR10987048_1.fastq.gz,https://ftp.sra.ebi.ac.uk/vol1/fastq/ERR109/048/ERR10987048/ERR10987048_2.fastq.gz,,mmapbench
seqinspector_1170_ERR10881216,https://ftp.sra.ebi.ac.uk/vol1/fastq/ERR108/016/ERR10881216/ERR10881216_1.fastq.gz,https://ftp.sra.ebi.ac.uk/vol1/fastq/ERR108/016/ERR10881216/ERR10881216_2.fastq.gz,,mmapbench
seqinspector_1171_ERR3932395,https://ftp.sra.ebi.ac.uk/vol1/fastq/ERR393/005/ERR3932395/ERR3932395_1.fastq.gz,https://ftp.sra.ebi.ac.uk/vol1/fastq/ERR393/005/ERR3932395/ERR3932395_2.fastq.gz,,mmapbench
seqinspector_1172_DRR735483,https://ftp.sra.ebi.ac.uk/vol1/fastq/DRR735/DRR735483/DRR735483_1.fastq.gz,https://ftp.sra.ebi.ac.uk/vol1/fastq/DRR735/DRR735483/DRR735483_2.fastq.gz,,mmapbench
seqinspector_1173_ERR16713116,https://ftp.sra.ebi.ac.uk/vol1/fastq/ERR167/016/ERR16713116/ERR16713116_1.fastq.gz,https://ftp.sra.ebi.ac.uk/vol1/fastq/ERR167/016/ERR16713116/ERR16713116_2.fastq.gz,,mmapbench
seqinspector_1174_ERR10682660,https://ftp.sra.ebi.ac.uk/vol1/fastq/ERR106/060/ERR10682660/ERR10682660_1.fastq.gz,https://ftp.sra.ebi.ac.uk/vol1/fastq/ERR106/060/ERR10682660/ERR10682660_2.fastq.gz,,mmapbench
seqinspector_1175_ERR10749601,https://ftp.sra.ebi.ac.uk/vol1/fastq/ERR107/001/ERR10749601/ERR10749601_1.fastq.gz,https://ftp.sra.ebi.ac.uk/vol1/fastq/ERR107/001/ERR10749601/ERR10749601_2.fastq.gz,,mmapbench
seqinspector_1176_ERR10300486,https://ftp.sra.ebi.ac.uk/vol1/fastq/ERR103/086/ERR10300486/ERR10300486_1.fastq.gz,https://ftp.sra.ebi.ac.uk/vol1/fastq/ERR103/086/ERR10300486/ERR10300486_2.fastq.gz,,mmapbench
seqinspector_1177_ERR4502611,https://ftp.sra.ebi.ac.uk/vol1/fastq/ERR450/001/ERR4502611/ERR4502611_1.fastq.gz,https://ftp.sra.ebi.ac.uk/vol1/fastq/ERR450/001/ERR4502611/ERR4502611_2.fastq.gz,,mmapbench
seqinspector_1178_ERR13391178,https://ftp.sra.ebi.ac.uk/vol1/fastq/ERR133/078/ERR13391178/ERR13391178_1.fastq.gz,https://ftp.sra.ebi.ac.uk/vol1/fastq/ERR133/078/ERR13391178/ERR13391178_2.fastq.gz,,mmapbench
seqinspector_1179_ERR10897867,https://ftp.sra.ebi.ac.uk/vol1/fastq/ERR108/067/ERR10897867/ERR10897867_1.fastq.gz,https://ftp.sra.ebi.ac.uk/vol1/fastq/ERR108/067/ERR10897867/ERR10897867_2.fastq.gz,,mmapbench
seqinspector_1180_ERR13231405,https://ftp.sra.ebi.ac.uk/vol1/fastq/ERR132/005/ERR13231405/ERR13231405_1.fastq.gz,https://ftp.sra.ebi.ac.uk/vol1/fastq/ERR132/005/ERR13231405/ERR13231405_2.fastq.gz,,mmapbench
seqinspector_1181_ERR14854252,https://ftp.sra.ebi.ac.uk/vol1/fastq/ERR148/052/ERR14854252/ERR14854252_1.fastq.gz,https://ftp.sra.ebi.ac.uk/vol1/fastq/ERR148/052/ERR14854252/ERR14854252_2.fastq.gz,,mmapbench
seqinspector_1182_DRR734943,https://ftp.sra.ebi.ac.uk/vol1/fastq/DRR734/DRR734943/DRR734943_1.fastq.gz,https://ftp.sra.ebi.ac.uk/vol1/fastq/DRR734/DRR734943/DRR734943_2.fastq.gz,,mmapbench
seqinspector_1183_ERR16101545,https://ftp.sra.ebi.ac.uk/vol1/fastq/ERR161/045/ERR16101545/ERR16101545_1.fastq.gz,https://ftp.sra.ebi.ac.uk/vol1/fastq/ERR161/045/ERR16101545/ERR16101545_2.fastq.gz,,mmapbench
seqinspector_1184_ERR2611561,https://ftp.sra.ebi.ac.uk/vol1/fastq/ERR261/001/ERR2611561/ERR2611561_1.fastq.gz,https://ftp.sra.ebi.ac.uk/vol1/fastq/ERR261/001/ERR2611561/ERR2611561_2.fastq.gz,,mmapbench
seqinspector_1185_ERR14195308,https://ftp.sra.ebi.ac.uk/vol1/fastq/ERR141/008/ERR14195308/ERR14195308_1.fastq.gz,https://ftp.sra.ebi.ac.uk/vol1/fastq/ERR141/008/ERR14195308/ERR14195308_2.fastq.gz,,mmapbench
seqinspector_1186_DRR849535,https://ftp.sra.ebi.ac.uk/vol1/fastq/DRR849/DRR849535/DRR849535_1.fastq.gz,https://ftp.sra.ebi.ac.uk/vol1/fastq/DRR849/DRR849535/DRR849535_2.fastq.gz,,mmapbench
seqinspector_1187_ERR2182489,https://ftp.sra.ebi.ac.uk/vol1/fastq/ERR218/009/ERR2182489/ERR2182489_1.fastq.gz,https://ftp.sra.ebi.ac.uk/vol1/fastq/ERR218/009/ERR2182489/ERR2182489_2.fastq.gz,,mmapbench
seqinspector_1188_ERR3682687,https://ftp.sra.ebi.ac.uk/vol1/fastq/ERR368/007/ERR3682687/ERR3682687_1.fastq.gz,https://ftp.sra.ebi.ac.uk/vol1/fastq/ERR368/007/ERR3682687/ERR3682687_2.fastq.gz,,mmapbench
seqinspector_1189_ERR10394966,https://ftp.sra.ebi.ac.uk/vol1/fastq/ERR103/066/ERR10394966/ERR10394966_1.fastq.gz,https://ftp.sra.ebi.ac.uk/vol1/fastq/ERR103/066/ERR10394966/ERR10394966_2.fastq.gz,,mmapbench
seqinspector_1190_ERR10749832,https://ftp.sra.ebi.ac.uk/vol1/fastq/ERR107/032/ERR10749832/ERR10749832_1.fastq.gz,https://ftp.sra.ebi.ac.uk/vol1/fastq/ERR107/032/ERR10749832/ERR10749832_2.fastq.gz,,mmapbench
seqinspector_1191_ERR14195126,https://ftp.sra.ebi.ac.uk/vol1/fastq/ERR141/026/ERR14195126/ERR14195126_1.fastq.gz,https://ftp.sra.ebi.ac.uk/vol1/fastq/ERR141/026/ERR14195126/ERR14195126_2.fastq.gz,,mmapbench
seqinspector_1192_ERR14211719,https://ftp.sra.ebi.ac.uk/vol1/fastq/ERR142/019/ERR14211719/ERR14211719_1.fastq.gz,https://ftp.sra.ebi.ac.uk/vol1/fastq/ERR142/019/ERR14211719/ERR14211719_2.fastq.gz,,mmapbench
seqinspector_1193_DRR735622,https://ftp.sra.ebi.ac.uk/vol1/fastq/DRR735/DRR735622/DRR735622_1.fastq.gz,https://ftp.sra.ebi.ac.uk/vol1/fastq/DRR735/DRR735622/DRR735622_2.fastq.gz,,mmapbench
seqinspector_1194_ERR14044029,https://ftp.sra.ebi.ac.uk/vol1/fastq/ERR140/029/ERR14044029/ERR14044029_1.fastq.gz,https://ftp.sra.ebi.ac.uk/vol1/fastq/ERR140/029/ERR14044029/ERR14044029_2.fastq.gz,,mmapbench
seqinspector_1195_ERR12520337,https://ftp.sra.ebi.ac.uk/vol1/fastq/ERR125/037/ERR12520337/ERR12520337_1.fastq.gz,https://ftp.sra.ebi.ac.uk/vol1/fastq/ERR125/037/ERR12520337/ERR12520337_2.fastq.gz,,mmapbench
seqinspector_1196_ERR11563296,https://ftp.sra.ebi.ac.uk/vol1/fastq/ERR115/096/ERR11563296/ERR11563296_1.fastq.gz,https://ftp.sra.ebi.ac.uk/vol1/fastq/ERR115/096/ERR11563296/ERR11563296_2.fastq.gz,,mmapbench
seqinspector_1197_ERR3969662,https://ftp.sra.ebi.ac.uk/vol1/fastq/ERR396/002/ERR3969662/ERR3969662_1.fastq.gz,https://ftp.sra.ebi.ac.uk/vol1/fastq/ERR396/002/ERR3969662/ERR3969662_2.fastq.gz,,mmapbench
seqinspector_1198_ERR3061611,https://ftp.sra.ebi.ac.uk/vol1/fastq/ERR306/001/ERR3061611/ERR3061611_1.fastq.gz,https://ftp.sra.ebi.ac.uk/vol1/fastq/ERR306/001/ERR3061611/ERR3061611_2.fastq.gz,,mmapbench
seqinspector_1199_ERR12038303,https://ftp.sra.ebi.ac.uk/vol1/fastq/ERR120/003/ERR12038303/ERR12038303_1.fastq.gz,https://ftp.sra.ebi.ac.uk/vol1/fastq/ERR120/003/ERR12038303/ERR12038303_2.fastq.gz,,mmapbench
seqinspector_1200_ERR16998067,https://ftp.sra.ebi.ac.uk/vol1/fastq/ERR169/067/ERR16998067/ERR16998067_1.fastq.gz,https://ftp.sra.ebi.ac.uk/vol1/fastq/ERR169/067/ERR16998067/ERR16998067_2.fastq.gz,,mmapbench
seqinspector_1201_ERR3769431,https://ftp.sra.ebi.ac.uk/vol1/fastq/ERR376/001/ERR3769431/ERR3769431_1.fastq.gz,https://ftp.sra.ebi.ac.uk/vol1/fastq/ERR376/001/ERR3769431/ERR3769431_2.fastq.gz,,mmapbench
seqinspector_1202_ERR2235040,https://ftp.sra.ebi.ac.uk/vol1/fastq/ERR223/000/ERR2235040/ERR2235040_1.fastq.gz,https://ftp.sra.ebi.ac.uk/vol1/fastq/ERR223/000/ERR2235040/ERR2235040_2.fastq.gz,,mmapbench
seqinspector_1203_ERR14211358,https://ftp.sra.ebi.ac.uk/vol1/fastq/ERR142/058/ERR14211358/ERR14211358_1.fastq.gz,https://ftp.sra.ebi.ac.uk/vol1/fastq/ERR142/058/ERR14211358/ERR14211358_2.fastq.gz,,mmapbench
seqinspector_1204_ERR11646976,https://ftp.sra.ebi.ac.uk/vol1/fastq/ERR116/076/ERR11646976/ERR11646976_1.fastq.gz,https://ftp.sra.ebi.ac.uk/vol1/fastq/ERR116/076/ERR11646976/ERR11646976_2.fastq.gz,,mmapbench
seqinspector_1205_DRR734939,https://ftp.sra.ebi.ac.uk/vol1/fastq/DRR734/DRR734939/DRR734939_1.fastq.gz,https://ftp.sra.ebi.ac.uk/vol1/fastq/DRR734/DRR734939/DRR734939_2.fastq.gz,,mmapbench
seqinspector_1206_ERR12126415,https://ftp.sra.ebi.ac.uk/vol1/fastq/ERR121/015/ERR12126415/ERR12126415_1.fastq.gz,https://ftp.sra.ebi.ac.uk/vol1/fastq/ERR121/015/ERR12126415/ERR12126415_2.fastq.gz,,mmapbench
seqinspector_1207_ERR2608218,https://ftp.sra.ebi.ac.uk/vol1/fastq/ERR260/008/ERR2608218/ERR2608218_1.fastq.gz,https://ftp.sra.ebi.ac.uk/vol1/fastq/ERR260/008/ERR2608218/ERR2608218_2.fastq.gz,,mmapbench
seqinspector_1208_ERR2611654,https://ftp.sra.ebi.ac.uk/vol1/fastq/ERR261/004/ERR2611654/ERR2611654_1.fastq.gz,https://ftp.sra.ebi.ac.uk/vol1/fastq/ERR261/004/ERR2611654/ERR2611654_2.fastq.gz,,mmapbench
seqinspector_1209_ERR14211724,https://ftp.sra.ebi.ac.uk/vol1/fastq/ERR142/024/ERR14211724/ERR14211724_1.fastq.gz,https://ftp.sra.ebi.ac.uk/vol1/fastq/ERR142/024/ERR14211724/ERR14211724_2.fastq.gz,,mmapbench
seqinspector_1210_ERR4503123,https://ftp.sra.ebi.ac.uk/vol1/fastq/ERR450/003/ERR4503123/ERR4503123_1.fastq.gz,https://ftp.sra.ebi.ac.uk/vol1/fastq/ERR450/003/ERR4503123/ERR4503123_2.fastq.gz,,mmapbench
seqinspector_1211_ERR14802139,https://ftp.sra.ebi.ac.uk/vol1/fastq/ERR148/039/ERR14802139/ERR14802139_1.fastq.gz,https://ftp.sra.ebi.ac.uk/vol1/fastq/ERR148/039/ERR14802139/ERR14802139_2.fastq.gz,,mmapbench
seqinspector_1212_DRR734944,https://ftp.sra.ebi.ac.uk/vol1/fastq/DRR734/DRR734944/DRR734944_1.fastq.gz,https://ftp.sra.ebi.ac.uk/vol1/fastq/DRR734/DRR734944/DRR734944_2.fastq.gz,,mmapbench
seqinspector_1213_ERR14210823,https://ftp.sra.ebi.ac.uk/vol1/fastq/ERR142/023/ERR14210823/ERR14210823_1.fastq.gz,https://ftp.sra.ebi.ac.uk/vol1/fastq/ERR142/023/ERR14210823/ERR14210823_2.fastq.gz,,mmapbench
seqinspector_1214_ERR14210798,https://ftp.sra.ebi.ac.uk/vol1/fastq/ERR142/098/ERR14210798/ERR14210798_1.fastq.gz,https://ftp.sra.ebi.ac.uk/vol1/fastq/ERR142/098/ERR14210798/ERR14210798_2.fastq.gz,,mmapbench
seqinspector_1215_ERR3682686,https://ftp.sra.ebi.ac.uk/vol1/fastq/ERR368/006/ERR3682686/ERR3682686_1.fastq.gz,https://ftp.sra.ebi.ac.uk/vol1/fastq/ERR368/006/ERR3682686/ERR3682686_2.fastq.gz,,mmapbench
seqinspector_1216_ERR14210815,https://ftp.sra.ebi.ac.uk/vol1/fastq/ERR142/015/ERR14210815/ERR14210815_1.fastq.gz,https://ftp.sra.ebi.ac.uk/vol1/fastq/ERR142/015/ERR14210815/ERR14210815_2.fastq.gz,,mmapbench
seqinspector_1217_ERR14195597,https://ftp.sra.ebi.ac.uk/vol1/fastq/ERR141/097/ERR14195597/ERR14195597_1.fastq.gz,https://ftp.sra.ebi.ac.uk/vol1/fastq/ERR141/097/ERR14195597/ERR14195597_2.fastq.gz,,mmapbench
seqinspector_1218_DRR735488,https://ftp.sra.ebi.ac.uk/vol1/fastq/DRR735/DRR735488/DRR735488_1.fastq.gz,https://ftp.sra.ebi.ac.uk/vol1/fastq/DRR735/DRR735488/DRR735488_2.fastq.gz,,mmapbench
seqinspector_1219_ERR14194720,https://ftp.sra.ebi.ac.uk/vol1/fastq/ERR141/020/ERR14194720/ERR14194720_1.fastq.gz,https://ftp.sra.ebi.ac.uk/vol1/fastq/ERR141/020/ERR14194720/ERR14194720_2.fastq.gz,,mmapbench
seqinspector_1220_ERR14210866,https://ftp.sra.ebi.ac.uk/vol1/fastq/ERR142/066/ERR14210866/ERR14210866_1.fastq.gz,https://ftp.sra.ebi.ac.uk/vol1/fastq/ERR142/066/ERR14210866/ERR14210866_2.fastq.gz,,mmapbench
seqinspector_1221_ERR4407572,https://ftp.sra.ebi.ac.uk/vol1/fastq/ERR440/002/ERR4407572/ERR4407572_1.fastq.gz,https://ftp.sra.ebi.ac.uk/vol1/fastq/ERR440/002/ERR4407572/ERR4407572_2.fastq.gz,,mmapbench
seqinspector_1222_ERR14789004,https://ftp.sra.ebi.ac.uk/vol1/fastq/ERR147/004/ERR14789004/ERR14789004_1.fastq.gz,https://ftp.sra.ebi.ac.uk/vol1/fastq/ERR147/004/ERR14789004/ERR14789004_2.fastq.gz,,mmapbench
seqinspector_1223_ERR14195356,https://ftp.sra.ebi.ac.uk/vol1/fastq/ERR141/056/ERR14195356/ERR14195356_1.fastq.gz,https://ftp.sra.ebi.ac.uk/vol1/fastq/ERR141/056/ERR14195356/ERR14195356_2.fastq.gz,,mmapbench
seqinspector_1224_ERR3726758,https://ftp.sra.ebi.ac.uk/vol1/fastq/ERR372/008/ERR3726758/ERR3726758_1.fastq.gz,https://ftp.sra.ebi.ac.uk/vol1/fastq/ERR372/008/ERR3726758/ERR3726758_2.fastq.gz,,mmapbench
seqinspector_1225_ERR16024079,https://ftp.sra.ebi.ac.uk/vol1/fastq/ERR160/079/ERR16024079/ERR16024079_1.fastq.gz,https://ftp.sra.ebi.ac.uk/vol1/fastq/ERR160/079/ERR16024079/ERR16024079_2.fastq.gz,,mmapbench
seqinspector_1226_ERR12308572,https://ftp.sra.ebi.ac.uk/vol1/fastq/ERR123/072/ERR12308572/ERR12308572_1.fastq.gz,https://ftp.sra.ebi.ac.uk/vol1/fastq/ERR123/072/ERR12308572/ERR12308572_2.fastq.gz,,mmapbench
seqinspector_1227_ERR11646997,https://ftp.sra.ebi.ac.uk/vol1/fastq/ERR116/097/ERR11646997/ERR11646997_1.fastq.gz,https://ftp.sra.ebi.ac.uk/vol1/fastq/ERR116/097/ERR11646997/ERR11646997_2.fastq.gz,,mmapbench
seqinspector_1228_ERR16718524,https://ftp.sra.ebi.ac.uk/vol1/fastq/ERR167/024/ERR16718524/ERR16718524_1.fastq.gz,https://ftp.sra.ebi.ac.uk/vol1/fastq/ERR167/024/ERR16718524/ERR16718524_2.fastq.gz,,mmapbench
seqinspector_1229_ERR10749834,https://ftp.sra.ebi.ac.uk/vol1/fastq/ERR107/034/ERR10749834/ERR10749834_1.fastq.gz,https://ftp.sra.ebi.ac.uk/vol1/fastq/ERR107/034/ERR10749834/ERR10749834_2.fastq.gz,,mmapbench
seqinspector_1230_ERR4407683,https://ftp.sra.ebi.ac.uk/vol1/fastq/ERR440/003/ERR4407683/ERR4407683_1.fastq.gz,https://ftp.sra.ebi.ac.uk/vol1/fastq/ERR440/003/ERR4407683/ERR4407683_2.fastq.gz,,mmapbench
seqinspector_1231_ERR12308554,https://ftp.sra.ebi.ac.uk/vol1/fastq/ERR123/054/ERR12308554/ERR12308554_1.fastq.gz,https://ftp.sra.ebi.ac.uk/vol1/fastq/ERR123/054/ERR12308554/ERR12308554_2.fastq.gz,,mmapbench
seqinspector_1232_ERR12329277,https://ftp.sra.ebi.ac.uk/vol1/fastq/ERR123/077/ERR12329277/ERR12329277_1.fastq.gz,https://ftp.sra.ebi.ac.uk/vol1/fastq/ERR123/077/ERR12329277/ERR12329277_2.fastq.gz,,mmapbench
seqinspector_1233_ERR16998638,https://ftp.sra.ebi.ac.uk/vol1/fastq/ERR169/038/ERR16998638/ERR16998638_1.fastq.gz,https://ftp.sra.ebi.ac.uk/vol1/fastq/ERR169/038/ERR16998638/ERR16998638_2.fastq.gz,,mmapbench
seqinspector_1234_ERR11627428,https://ftp.sra.ebi.ac.uk/vol1/fastq/ERR116/028/ERR11627428/ERR11627428_1.fastq.gz,https://ftp.sra.ebi.ac.uk/vol1/fastq/ERR116/028/ERR11627428/ERR11627428_2.fastq.gz,,mmapbench
seqinspector_1235_ERR3726787,https://ftp.sra.ebi.ac.uk/vol1/fastq/ERR372/007/ERR3726787/ERR3726787_1.fastq.gz,https://ftp.sra.ebi.ac.uk/vol1/fastq/ERR372/007/ERR3726787/ERR3726787_2.fastq.gz,,mmapbench
seqinspector_1236_ERR17459611,https://ftp.sra.ebi.ac.uk/vol1/fastq/ERR174/011/ERR17459611/ERR17459611_1.fastq.gz,https://ftp.sra.ebi.ac.uk/vol1/fastq/ERR174/011/ERR17459611/ERR17459611_2.fastq.gz,,mmapbench
seqinspector_1237_ERR14789153,https://ftp.sra.ebi.ac.uk/vol1/fastq/ERR147/053/ERR14789153/ERR14789153_1.fastq.gz,https://ftp.sra.ebi.ac.uk/vol1/fastq/ERR147/053/ERR14789153/ERR14789153_2.fastq.gz,,mmapbench
seqinspector_1238_ERR3682662,https://ftp.sra.ebi.ac.uk/vol1/fastq/ERR368/002/ERR3682662/ERR3682662_1.fastq.gz,https://ftp.sra.ebi.ac.uk/vol1/fastq/ERR368/002/ERR3682662/ERR3682662_2.fastq.gz,,mmapbench
seqinspector_1239_DRR734970,https://ftp.sra.ebi.ac.uk/vol1/fastq/DRR734/DRR734970/DRR734970_1.fastq.gz,https://ftp.sra.ebi.ac.uk/vol1/fastq/DRR734/DRR734970/DRR734970_2.fastq.gz,,mmapbench
seqinspector_1240_ERR11646930,https://ftp.sra.ebi.ac.uk/vol1/fastq/ERR116/030/ERR11646930/ERR11646930_1.fastq.gz,https://ftp.sra.ebi.ac.uk/vol1/fastq/ERR116/030/ERR11646930/ERR11646930_2.fastq.gz,,mmapbench
seqinspector_1241_ERR14194787,https://ftp.sra.ebi.ac.uk/vol1/fastq/ERR141/087/ERR14194787/ERR14194787_1.fastq.gz,https://ftp.sra.ebi.ac.uk/vol1/fastq/ERR141/087/ERR14194787/ERR14194787_2.fastq.gz,,mmapbench
seqinspector_1242_ERR16720480,https://ftp.sra.ebi.ac.uk/vol1/fastq/ERR167/080/ERR16720480/ERR16720480_1.fastq.gz,https://ftp.sra.ebi.ac.uk/vol1/fastq/ERR167/080/ERR16720480/ERR16720480_2.fastq.gz,,mmapbench
seqinspector_1243_ERR3682688,https://ftp.sra.ebi.ac.uk/vol1/fastq/ERR368/008/ERR3682688/ERR3682688_1.fastq.gz,https://ftp.sra.ebi.ac.uk/vol1/fastq/ERR368/008/ERR3682688/ERR3682688_2.fastq.gz,,mmapbench
seqinspector_1244_ERR2608588,https://ftp.sra.ebi.ac.uk/vol1/fastq/ERR260/008/ERR2608588/ERR2608588_1.fastq.gz,https://ftp.sra.ebi.ac.uk/vol1/fastq/ERR260/008/ERR2608588/ERR2608588_2.fastq.gz,,mmapbench
seqinspector_1245_ERR16709795,https://ftp.sra.ebi.ac.uk/vol1/fastq/ERR167/095/ERR16709795/ERR16709795_1.fastq.gz,https://ftp.sra.ebi.ac.uk/vol1/fastq/ERR167/095/ERR16709795/ERR16709795_2.fastq.gz,,mmapbench
seqinspector_1246_ERR11020079,https://ftp.sra.ebi.ac.uk/vol1/fastq/ERR110/079/ERR11020079/ERR11020079_1.fastq.gz,https://ftp.sra.ebi.ac.uk/vol1/fastq/ERR110/079/ERR11020079/ERR11020079_2.fastq.gz,,mmapbench
seqinspector_1247_DRR1030105,https://ftp.sra.ebi.ac.uk/vol1/fastq/DRR103/005/DRR1030105/DRR1030105_1.fastq.gz,https://ftp.sra.ebi.ac.uk/vol1/fastq/DRR103/005/DRR1030105/DRR1030105_2.fastq.gz,,mmapbench
seqinspector_1248_ERR14049365,https://ftp.sra.ebi.ac.uk/vol1/fastq/ERR140/065/ERR14049365/ERR14049365_1.fastq.gz,https://ftp.sra.ebi.ac.uk/vol1/fastq/ERR140/065/ERR14049365/ERR14049365_2.fastq.gz,,mmapbench
seqinspector_1249_ERR10881251,https://ftp.sra.ebi.ac.uk/vol1/fastq/ERR108/051/ERR10881251/ERR10881251_1.fastq.gz,https://ftp.sra.ebi.ac.uk/vol1/fastq/ERR108/051/ERR10881251/ERR10881251_2.fastq.gz,,mmapbench
seqinspector_1250_DRR734936,https://ftp.sra.ebi.ac.uk/vol1/fastq/DRR734/DRR734936/DRR734936_1.fastq.gz,https://ftp.sra.ebi.ac.uk/vol1/fastq/DRR734/DRR734936/DRR734936_2.fastq.gz,,mmapbench
seqinspector_1251_ERR16721804,https://ftp.sra.ebi.ac.uk/vol1/fastq/ERR167/004/ERR16721804/ERR16721804_1.fastq.gz,https://ftp.sra.ebi.ac.uk/vol1/fastq/ERR167/004/ERR16721804/ERR16721804_2.fastq.gz,,mmapbench
seqinspector_1252_ERR14210929,https://ftp.sra.ebi.ac.uk/vol1/fastq/ERR142/029/ERR14210929/ERR14210929_1.fastq.gz,https://ftp.sra.ebi.ac.uk/vol1/fastq/ERR142/029/ERR14210929/ERR14210929_2.fastq.gz,,mmapbench
seqinspector_1253_DRR735602,https://ftp.sra.ebi.ac.uk/vol1/fastq/DRR735/DRR735602/DRR735602_1.fastq.gz,https://ftp.sra.ebi.ac.uk/vol1/fastq/DRR735/DRR735602/DRR735602_2.fastq.gz,,mmapbench
seqinspector_1254_ERR12554987,https://ftp.sra.ebi.ac.uk/vol1/fastq/ERR125/087/ERR12554987/ERR12554987_1.fastq.gz,https://ftp.sra.ebi.ac.uk/vol1/fastq/ERR125/087/ERR12554987/ERR12554987_2.fastq.gz,,mmapbench
seqinspector_1255_ERR11489812,https://ftp.sra.ebi.ac.uk/vol1/fastq/ERR114/012/ERR11489812/ERR11489812_1.fastq.gz,https://ftp.sra.ebi.ac.uk/vol1/fastq/ERR114/012/ERR11489812/ERR11489812_2.fastq.gz,,mmapbench
seqinspector_1256_DRR735002,https://ftp.sra.ebi.ac.uk/vol1/fastq/DRR735/DRR735002/DRR735002_1.fastq.gz,https://ftp.sra.ebi.ac.uk/vol1/fastq/DRR735/DRR735002/DRR735002_2.fastq.gz,,mmapbench
seqinspector_1257_ERR16721384,https://ftp.sra.ebi.ac.uk/vol1/fastq/ERR167/084/ERR16721384/ERR16721384_1.fastq.gz,https://ftp.sra.ebi.ac.uk/vol1/fastq/ERR167/084/ERR16721384/ERR16721384_2.fastq.gz,,mmapbench
seqinspector_1258_DRR735556,https://ftp.sra.ebi.ac.uk/vol1/fastq/DRR735/DRR735556/DRR735556_1.fastq.gz,https://ftp.sra.ebi.ac.uk/vol1/fastq/DRR735/DRR735556/DRR735556_2.fastq.gz,,mmapbench
seqinspector_1259_ERR2863523,https://ftp.sra.ebi.ac.uk/vol1/fastq/ERR286/003/ERR2863523/ERR2863523_1.fastq.gz,https://ftp.sra.ebi.ac.uk/vol1/fastq/ERR286/003/ERR2863523/ERR2863523_2.fastq.gz,,mmapbench
seqinspector_1260_ERR4407682,https://ftp.sra.ebi.ac.uk/vol1/fastq/ERR440/002/ERR4407682/ERR4407682_1.fastq.gz,https://ftp.sra.ebi.ac.uk/vol1/fastq/ERR440/002/ERR4407682/ERR4407682_2.fastq.gz,,mmapbench
seqinspector_1261_ERR16713119,https://ftp.sra.ebi.ac.uk/vol1/fastq/ERR167/019/ERR16713119/ERR16713119_1.fastq.gz,https://ftp.sra.ebi.ac.uk/vol1/fastq/ERR167/019/ERR16713119/ERR16713119_2.fastq.gz,,mmapbench
seqinspector_1262_ERR17461451,https://ftp.sra.ebi.ac.uk/vol1/fastq/ERR174/051/ERR17461451/ERR17461451_1.fastq.gz,https://ftp.sra.ebi.ac.uk/vol1/fastq/ERR174/051/ERR17461451/ERR17461451_2.fastq.gz,,mmapbench
seqinspector_1263_ERR15418954,https://ftp.sra.ebi.ac.uk/vol1/fastq/ERR154/054/ERR15418954/ERR15418954_1.fastq.gz,https://ftp.sra.ebi.ac.uk/vol1/fastq/ERR154/054/ERR15418954/ERR15418954_2.fastq.gz,,mmapbench
seqinspector_1264_ERR11563274,https://ftp.sra.ebi.ac.uk/vol1/fastq/ERR115/074/ERR11563274/ERR11563274_1.fastq.gz,https://ftp.sra.ebi.ac.uk/vol1/fastq/ERR115/074/ERR11563274/ERR11563274_2.fastq.gz,,mmapbench
seqinspector_1265_ERR16908582,https://ftp.sra.ebi.ac.uk/vol1/fastq/ERR169/082/ERR16908582/ERR16908582_1.fastq.gz,https://ftp.sra.ebi.ac.uk/vol1/fastq/ERR169/082/ERR16908582/ERR16908582_2.fastq.gz,,mmapbench
seqinspector_1266_ERR12220173,https://ftp.sra.ebi.ac.uk/vol1/fastq/ERR122/073/ERR12220173/ERR12220173_1.fastq.gz,https://ftp.sra.ebi.ac.uk/vol1/fastq/ERR122/073/ERR12220173/ERR12220173_2.fastq.gz,,mmapbench
seqinspector_1267_ERR4407594,https://ftp.sra.ebi.ac.uk/vol1/fastq/ERR440/004/ERR4407594/ERR4407594_1.fastq.gz,https://ftp.sra.ebi.ac.uk/vol1/fastq/ERR440/004/ERR4407594/ERR4407594_2.fastq.gz,,mmapbench
seqinspector_1268_DRR734885,https://ftp.sra.ebi.ac.uk/vol1/fastq/DRR734/DRR734885/DRR734885_1.fastq.gz,https://ftp.sra.ebi.ac.uk/vol1/fastq/DRR734/DRR734885/DRR734885_2.fastq.gz,,mmapbench
seqinspector_1269_ERR15664730,https://ftp.sra.ebi.ac.uk/vol1/fastq/ERR156/030/ERR15664730/ERR15664730_1.fastq.gz,https://ftp.sra.ebi.ac.uk/vol1/fastq/ERR156/030/ERR15664730/ERR15664730_2.fastq.gz,,mmapbench
seqinspector_1270_ERR14195683,https://ftp.sra.ebi.ac.uk/vol1/fastq/ERR141/083/ERR14195683/ERR14195683_1.fastq.gz,https://ftp.sra.ebi.ac.uk/vol1/fastq/ERR141/083/ERR14195683/ERR14195683_2.fastq.gz,,mmapbench
seqinspector_1271_DRR734877,https://ftp.sra.ebi.ac.uk/vol1/fastq/DRR734/DRR734877/DRR734877_1.fastq.gz,https://ftp.sra.ebi.ac.uk/vol1/fastq/DRR734/DRR734877/DRR734877_2.fastq.gz,,mmapbench
seqinspector_1272_ERR16713490,https://ftp.sra.ebi.ac.uk/vol1/fastq/ERR167/090/ERR16713490/ERR16713490_1.fastq.gz,https://ftp.sra.ebi.ac.uk/vol1/fastq/ERR167/090/ERR16713490/ERR16713490_2.fastq.gz,,mmapbench
seqinspector_1273_ERR2611594,https://ftp.sra.ebi.ac.uk/vol1/fastq/ERR261/004/ERR2611594/ERR2611594_1.fastq.gz,https://ftp.sra.ebi.ac.uk/vol1/fastq/ERR261/004/ERR2611594/ERR2611594_2.fastq.gz,,mmapbench
seqinspector_1274_ERR10749488,https://ftp.sra.ebi.ac.uk/vol1/fastq/ERR107/088/ERR10749488/ERR10749488_1.fastq.gz,https://ftp.sra.ebi.ac.uk/vol1/fastq/ERR107/088/ERR10749488/ERR10749488_2.fastq.gz,,mmapbench
seqinspector_1275_ERR10749933,https://ftp.sra.ebi.ac.uk/vol1/fastq/ERR107/033/ERR10749933/ERR10749933_1.fastq.gz,https://ftp.sra.ebi.ac.uk/vol1/fastq/ERR107/033/ERR10749933/ERR10749933_2.fastq.gz,,mmapbench
seqinspector_1276_ERR11627223,https://ftp.sra.ebi.ac.uk/vol1/fastq/ERR116/023/ERR11627223/ERR11627223_1.fastq.gz,https://ftp.sra.ebi.ac.uk/vol1/fastq/ERR116/023/ERR11627223/ERR11627223_2.fastq.gz,,mmapbench
seqinspector_1277_ERR10897846,https://ftp.sra.ebi.ac.uk/vol1/fastq/ERR108/046/ERR10897846/ERR10897846_1.fastq.gz,https://ftp.sra.ebi.ac.uk/vol1/fastq/ERR108/046/ERR10897846/ERR10897846_2.fastq.gz,,mmapbench
seqinspector_1278_ERR4503455,https://ftp.sra.ebi.ac.uk/vol1/fastq/ERR450/005/ERR4503455/ERR4503455_1.fastq.gz,https://ftp.sra.ebi.ac.uk/vol1/fastq/ERR450/005/ERR4503455/ERR4503455_2.fastq.gz,,mmapbench
seqinspector_1279_ERR2863547,https://ftp.sra.ebi.ac.uk/vol1/fastq/ERR286/007/ERR2863547/ERR2863547_1.fastq.gz,https://ftp.sra.ebi.ac.uk/vol1/fastq/ERR286/007/ERR2863547/ERR2863547_2.fastq.gz,,mmapbench
seqinspector_1280_DRR855316,https://ftp.sra.ebi.ac.uk/vol1/fastq/DRR855/DRR855316/DRR855316_1.fastq.gz,https://ftp.sra.ebi.ac.uk/vol1/fastq/DRR855/DRR855316/DRR855316_2.fastq.gz,,mmapbench
seqinspector_1281_DRR734893,https://ftp.sra.ebi.ac.uk/vol1/fastq/DRR734/DRR734893/DRR734893_1.fastq.gz,https://ftp.sra.ebi.ac.uk/vol1/fastq/DRR734/DRR734893/DRR734893_2.fastq.gz,,mmapbench
seqinspector_1282_DRR858857,https://ftp.sra.ebi.ac.uk/vol1/fastq/DRR858/DRR858857/DRR858857_1.fastq.gz,https://ftp.sra.ebi.ac.uk/vol1/fastq/DRR858/DRR858857/DRR858857_2.fastq.gz,,mmapbench
seqinspector_1283_ERR14788955,https://ftp.sra.ebi.ac.uk/vol1/fastq/ERR147/055/ERR14788955/ERR14788955_1.fastq.gz,https://ftp.sra.ebi.ac.uk/vol1/fastq/ERR147/055/ERR14788955/ERR14788955_2.fastq.gz,,mmapbench
seqinspector_1284_ERR3955318,https://ftp.sra.ebi.ac.uk/vol1/fastq/ERR395/008/ERR3955318/ERR3955318_1.fastq.gz,https://ftp.sra.ebi.ac.uk/vol1/fastq/ERR395/008/ERR3955318/ERR3955318_2.fastq.gz,,mmapbench
seqinspector_1285_ERR10749621,https://ftp.sra.ebi.ac.uk/vol1/fastq/ERR107/021/ERR10749621/ERR10749621_1.fastq.gz,https://ftp.sra.ebi.ac.uk/vol1/fastq/ERR107/021/ERR10749621/ERR10749621_2.fastq.gz,,mmapbench
seqinspector_1286_DRR735458,https://ftp.sra.ebi.ac.uk/vol1/fastq/DRR735/DRR735458/DRR735458_1.fastq.gz,https://ftp.sra.ebi.ac.uk/vol1/fastq/DRR735/DRR735458/DRR735458_2.fastq.gz,,mmapbench
seqinspector_1287_ERR12157467,https://ftp.sra.ebi.ac.uk/vol1/fastq/ERR121/067/ERR12157467/ERR12157467_1.fastq.gz,https://ftp.sra.ebi.ac.uk/vol1/fastq/ERR121/067/ERR12157467/ERR12157467_2.fastq.gz,,mmapbench
seqinspector_1288_ERR14946190,https://ftp.sra.ebi.ac.uk/vol1/fastq/ERR149/090/ERR14946190/ERR14946190_1.fastq.gz,https://ftp.sra.ebi.ac.uk/vol1/fastq/ERR149/090/ERR14946190/ERR14946190_2.fastq.gz,,mmapbench
seqinspector_1289_ERR15135638,https://ftp.sra.ebi.ac.uk/vol1/fastq/ERR151/038/ERR15135638/ERR15135638_1.fastq.gz,https://ftp.sra.ebi.ac.uk/vol1/fastq/ERR151/038/ERR15135638/ERR15135638_2.fastq.gz,,mmapbench
seqinspector_1290_DRR735023,https://ftp.sra.ebi.ac.uk/vol1/fastq/DRR735/DRR735023/DRR735023_1.fastq.gz,https://ftp.sra.ebi.ac.uk/vol1/fastq/DRR735/DRR735023/DRR735023_2.fastq.gz,,mmapbench
seqinspector_1291_DRR735009,https://ftp.sra.ebi.ac.uk/vol1/fastq/DRR735/DRR735009/DRR735009_1.fastq.gz,https://ftp.sra.ebi.ac.uk/vol1/fastq/DRR735/DRR735009/DRR735009_2.fastq.gz,,mmapbench
seqinspector_1292_ERR14853716,https://ftp.sra.ebi.ac.uk/vol1/fastq/ERR148/016/ERR14853716/ERR14853716_1.fastq.gz,https://ftp.sra.ebi.ac.uk/vol1/fastq/ERR148/016/ERR14853716/ERR14853716_2.fastq.gz,,mmapbench
seqinspector_1293_ERR14789070,https://ftp.sra.ebi.ac.uk/vol1/fastq/ERR147/070/ERR14789070/ERR14789070_1.fastq.gz,https://ftp.sra.ebi.ac.uk/vol1/fastq/ERR147/070/ERR14789070/ERR14789070_2.fastq.gz,,mmapbench
seqinspector_1294_ERR14195329,https://ftp.sra.ebi.ac.uk/vol1/fastq/ERR141/029/ERR14195329/ERR14195329_1.fastq.gz,https://ftp.sra.ebi.ac.uk/vol1/fastq/ERR141/029/ERR14195329/ERR14195329_2.fastq.gz,,mmapbench
seqinspector_1295_ERR13061369,https://ftp.sra.ebi.ac.uk/vol1/fastq/ERR130/069/ERR13061369/ERR13061369_1.fastq.gz,https://ftp.sra.ebi.ac.uk/vol1/fastq/ERR130/069/ERR13061369/ERR13061369_2.fastq.gz,,mmapbench
seqinspector_1296_ERR14802104,https://ftp.sra.ebi.ac.uk/vol1/fastq/ERR148/004/ERR14802104/ERR14802104_1.fastq.gz,https://ftp.sra.ebi.ac.uk/vol1/fastq/ERR148/004/ERR14802104/ERR14802104_2.fastq.gz,,mmapbench
seqinspector_1297_ERR2611564,https://ftp.sra.ebi.ac.uk/vol1/fastq/ERR261/004/ERR2611564/ERR2611564_1.fastq.gz,https://ftp.sra.ebi.ac.uk/vol1/fastq/ERR261/004/ERR2611564/ERR2611564_2.fastq.gz,,mmapbench
seqinspector_1298_ERR3903874,https://ftp.sra.ebi.ac.uk/vol1/fastq/ERR390/004/ERR3903874/ERR3903874_1.fastq.gz,https://ftp.sra.ebi.ac.uk/vol1/fastq/ERR390/004/ERR3903874/ERR3903874_2.fastq.gz,,mmapbench
seqinspector_1299_ERR14210832,https://ftp.sra.ebi.ac.uk/vol1/fastq/ERR142/032/ERR14210832/ERR14210832_1.fastq.gz,https://ftp.sra.ebi.ac.uk/vol1/fastq/ERR142/032/ERR14210832/ERR14210832_2.fastq.gz,,mmapbench
seqinspector_1300_ERR14195360,https://ftp.sra.ebi.ac.uk/vol1/fastq/ERR141/060/ERR14195360/ERR14195360_1.fastq.gz,https://ftp.sra.ebi.ac.uk/vol1/fastq/ERR141/060/ERR14195360/ERR14195360_2.fastq.gz,,mmapbench
seqinspector_1301_ERR2863451,https://ftp.sra.ebi.ac.uk/vol1/fastq/ERR286/001/ERR2863451/ERR2863451_1.fastq.gz,https://ftp.sra.ebi.ac.uk/vol1/fastq/ERR286/001/ERR2863451/ERR2863451_2.fastq.gz,,mmapbench
seqinspector_1302_ERR12220421,https://ftp.sra.ebi.ac.uk/vol1/fastq/ERR122/021/ERR12220421/ERR12220421_1.fastq.gz,https://ftp.sra.ebi.ac.uk/vol1/fastq/ERR122/021/ERR12220421/ERR12220421_2.fastq.gz,,mmapbench
seqinspector_1303_ERR16711569,https://ftp.sra.ebi.ac.uk/vol1/fastq/ERR167/069/ERR16711569/ERR16711569_1.fastq.gz,https://ftp.sra.ebi.ac.uk/vol1/fastq/ERR167/069/ERR16711569/ERR16711569_2.fastq.gz,,mmapbench
seqinspector_1304_ERR3682685,https://ftp.sra.ebi.ac.uk/vol1/fastq/ERR368/005/ERR3682685/ERR3682685_1.fastq.gz,https://ftp.sra.ebi.ac.uk/vol1/fastq/ERR368/005/ERR3682685/ERR3682685_2.fastq.gz,,mmapbench
seqinspector_1305_ERR4337852,https://ftp.sra.ebi.ac.uk/vol1/fastq/ERR433/002/ERR4337852/ERR4337852_1.fastq.gz,https://ftp.sra.ebi.ac.uk/vol1/fastq/ERR433/002/ERR4337852/ERR4337852_2.fastq.gz,,mmapbench
seqinspector_1306_DRR735011,https://ftp.sra.ebi.ac.uk/vol1/fastq/DRR735/DRR735011/DRR735011_1.fastq.gz,https://ftp.sra.ebi.ac.uk/vol1/fastq/DRR735/DRR735011/DRR735011_2.fastq.gz,,mmapbench
seqinspector_1307_ERR13061376,https://ftp.sra.ebi.ac.uk/vol1/fastq/ERR130/076/ERR13061376/ERR13061376_1.fastq.gz,https://ftp.sra.ebi.ac.uk/vol1/fastq/ERR130/076/ERR13061376/ERR13061376_2.fastq.gz,,mmapbench
seqinspector_1308_ERR16140506,https://ftp.sra.ebi.ac.uk/vol1/fastq/ERR161/006/ERR16140506/ERR16140506_1.fastq.gz,https://ftp.sra.ebi.ac.uk/vol1/fastq/ERR161/006/ERR16140506/ERR16140506_2.fastq.gz,,mmapbench
seqinspector_1309_ERR12217830,https://ftp.sra.ebi.ac.uk/vol1/fastq/ERR122/030/ERR12217830/ERR12217830_1.fastq.gz,https://ftp.sra.ebi.ac.uk/vol1/fastq/ERR122/030/ERR12217830/ERR12217830_2.fastq.gz,,mmapbench
seqinspector_1310_ERR4407692,https://ftp.sra.ebi.ac.uk/vol1/fastq/ERR440/002/ERR4407692/ERR4407692_1.fastq.gz,https://ftp.sra.ebi.ac.uk/vol1/fastq/ERR440/002/ERR4407692/ERR4407692_2.fastq.gz,,mmapbench
seqinspector_1311_DRR777400,https://ftp.sra.ebi.ac.uk/vol1/fastq/DRR777/DRR777400/DRR777400_1.fastq.gz,https://ftp.sra.ebi.ac.uk/vol1/fastq/DRR777/DRR777400/DRR777400_2.fastq.gz,,mmapbench
seqinspector_1312_ERR10749518,https://ftp.sra.ebi.ac.uk/vol1/fastq/ERR107/018/ERR10749518/ERR10749518_1.fastq.gz,https://ftp.sra.ebi.ac.uk/vol1/fastq/ERR107/018/ERR10749518/ERR10749518_2.fastq.gz,,mmapbench
seqinspector_1313_ERR15873276,https://ftp.sra.ebi.ac.uk/vol1/fastq/ERR158/076/ERR15873276/ERR15873276_1.fastq.gz,https://ftp.sra.ebi.ac.uk/vol1/fastq/ERR158/076/ERR15873276/ERR15873276_2.fastq.gz,,mmapbench
seqinspector_1314_ERR4502193,https://ftp.sra.ebi.ac.uk/vol1/fastq/ERR450/003/ERR4502193/ERR4502193_1.fastq.gz,https://ftp.sra.ebi.ac.uk/vol1/fastq/ERR450/003/ERR4502193/ERR4502193_2.fastq.gz,,mmapbench
seqinspector_1315_ERR14211270,https://ftp.sra.ebi.ac.uk/vol1/fastq/ERR142/070/ERR14211270/ERR14211270_1.fastq.gz,https://ftp.sra.ebi.ac.uk/vol1/fastq/ERR142/070/ERR14211270/ERR14211270_2.fastq.gz,,mmapbench
seqinspector_1316_ERR10682656,https://ftp.sra.ebi.ac.uk/vol1/fastq/ERR106/056/ERR10682656/ERR10682656_1.fastq.gz,https://ftp.sra.ebi.ac.uk/vol1/fastq/ERR106/056/ERR10682656/ERR10682656_2.fastq.gz,,mmapbench
seqinspector_1317_ERR14953698,https://ftp.sra.ebi.ac.uk/vol1/fastq/ERR149/098/ERR14953698/ERR14953698_1.fastq.gz,https://ftp.sra.ebi.ac.uk/vol1/fastq/ERR149/098/ERR14953698/ERR14953698_2.fastq.gz,,mmapbench
seqinspector_1318_ERR3726513,https://ftp.sra.ebi.ac.uk/vol1/fastq/ERR372/003/ERR3726513/ERR3726513_1.fastq.gz,https://ftp.sra.ebi.ac.uk/vol1/fastq/ERR372/003/ERR3726513/ERR3726513_2.fastq.gz,,mmapbench
seqinspector_1319_ERR12220294,https://ftp.sra.ebi.ac.uk/vol1/fastq/ERR122/094/ERR12220294/ERR12220294_1.fastq.gz,https://ftp.sra.ebi.ac.uk/vol1/fastq/ERR122/094/ERR12220294/ERR12220294_2.fastq.gz,,mmapbench
seqinspector_1320_ERR14194861,https://ftp.sra.ebi.ac.uk/vol1/fastq/ERR141/061/ERR14194861/ERR14194861_1.fastq.gz,https://ftp.sra.ebi.ac.uk/vol1/fastq/ERR141/061/ERR14194861/ERR14194861_2.fastq.gz,,mmapbench
seqinspector_1321_ERR14802712,https://ftp.sra.ebi.ac.uk/vol1/fastq/ERR148/012/ERR14802712/ERR14802712_1.fastq.gz,https://ftp.sra.ebi.ac.uk/vol1/fastq/ERR148/012/ERR14802712/ERR14802712_2.fastq.gz,,mmapbench
seqinspector_1322_ERR3682701,https://ftp.sra.ebi.ac.uk/vol1/fastq/ERR368/001/ERR3682701/ERR3682701_1.fastq.gz,https://ftp.sra.ebi.ac.uk/vol1/fastq/ERR368/001/ERR3682701/ERR3682701_2.fastq.gz,,mmapbench
seqinspector_1323_ERR14064438,https://ftp.sra.ebi.ac.uk/vol1/fastq/ERR140/038/ERR14064438/ERR14064438_1.fastq.gz,https://ftp.sra.ebi.ac.uk/vol1/fastq/ERR140/038/ERR14064438/ERR14064438_2.fastq.gz,,mmapbench
seqinspector_1324_ERR17272776,https://ftp.sra.ebi.ac.uk/vol1/fastq/ERR172/076/ERR17272776/ERR17272776_1.fastq.gz,https://ftp.sra.ebi.ac.uk/vol1/fastq/ERR172/076/ERR17272776/ERR17272776_2.fastq.gz,,mmapbench
seqinspector_1325_ERR4503442,https://ftp.sra.ebi.ac.uk/vol1/fastq/ERR450/002/ERR4503442/ERR4503442_1.fastq.gz,https://ftp.sra.ebi.ac.uk/vol1/fastq/ERR450/002/ERR4503442/ERR4503442_2.fastq.gz,,mmapbench
seqinspector_1326_ERR14194698,https://ftp.sra.ebi.ac.uk/vol1/fastq/ERR141/098/ERR14194698/ERR14194698_1.fastq.gz,https://ftp.sra.ebi.ac.uk/vol1/fastq/ERR141/098/ERR14194698/ERR14194698_2.fastq.gz,,mmapbench
seqinspector_1327_ERR12915573,https://ftp.sra.ebi.ac.uk/vol1/fastq/ERR129/073/ERR12915573/ERR12915573_1.fastq.gz,https://ftp.sra.ebi.ac.uk/vol1/fastq/ERR129/073/ERR12915573/ERR12915573_2.fastq.gz,,mmapbench
seqinspector_1328_ERR14789063,https://ftp.sra.ebi.ac.uk/vol1/fastq/ERR147/063/ERR14789063/ERR14789063_1.fastq.gz,https://ftp.sra.ebi.ac.uk/vol1/fastq/ERR147/063/ERR14789063/ERR14789063_2.fastq.gz,,mmapbench
seqinspector_1329_ERR14789321,https://ftp.sra.ebi.ac.uk/vol1/fastq/ERR147/021/ERR14789321/ERR14789321_1.fastq.gz,https://ftp.sra.ebi.ac.uk/vol1/fastq/ERR147/021/ERR14789321/ERR14789321_2.fastq.gz,,mmapbench
seqinspector_1330_ERR3682716,https://ftp.sra.ebi.ac.uk/vol1/fastq/ERR368/006/ERR3682716/ERR3682716_1.fastq.gz,https://ftp.sra.ebi.ac.uk/vol1/fastq/ERR368/006/ERR3682716/ERR3682716_2.fastq.gz,,mmapbench
seqinspector_1331_ERR12419459,https://ftp.sra.ebi.ac.uk/vol1/fastq/ERR124/059/ERR12419459/ERR12419459_1.fastq.gz,https://ftp.sra.ebi.ac.uk/vol1/fastq/ERR124/059/ERR12419459/ERR12419459_2.fastq.gz,,mmapbench
seqinspector_1332_ERR14195343,https://ftp.sra.ebi.ac.uk/vol1/fastq/ERR141/043/ERR14195343/ERR14195343_1.fastq.gz,https://ftp.sra.ebi.ac.uk/vol1/fastq/ERR141/043/ERR14195343/ERR14195343_2.fastq.gz,,mmapbench
seqinspector_1333_ERR16023614,https://ftp.sra.ebi.ac.uk/vol1/fastq/ERR160/014/ERR16023614/ERR16023614_1.fastq.gz,https://ftp.sra.ebi.ac.uk/vol1/fastq/ERR160/014/ERR16023614/ERR16023614_2.fastq.gz,,mmapbench
seqinspector_1334_ERR12032833,https://ftp.sra.ebi.ac.uk/vol1/fastq/ERR120/033/ERR12032833/ERR12032833_1.fastq.gz,https://ftp.sra.ebi.ac.uk/vol1/fastq/ERR120/033/ERR12032833/ERR12032833_2.fastq.gz,,mmapbench
seqinspector_1335_ERR10745286,https://ftp.sra.ebi.ac.uk/vol1/fastq/ERR107/086/ERR10745286/ERR10745286_1.fastq.gz,https://ftp.sra.ebi.ac.uk/vol1/fastq/ERR107/086/ERR10745286/ERR10745286_2.fastq.gz,,mmapbench
seqinspector_1336_ERR17459613,https://ftp.sra.ebi.ac.uk/vol1/fastq/ERR174/013/ERR17459613/ERR17459613_1.fastq.gz,https://ftp.sra.ebi.ac.uk/vol1/fastq/ERR174/013/ERR17459613/ERR17459613_2.fastq.gz,,mmapbench
seqinspector_1337_ERR12217827,https://ftp.sra.ebi.ac.uk/vol1/fastq/ERR122/027/ERR12217827/ERR12217827_1.fastq.gz,https://ftp.sra.ebi.ac.uk/vol1/fastq/ERR122/027/ERR12217827/ERR12217827_2.fastq.gz,,mmapbench
seqinspector_1338_ERR2611625,https://ftp.sra.ebi.ac.uk/vol1/fastq/ERR261/005/ERR2611625/ERR2611625_1.fastq.gz,https://ftp.sra.ebi.ac.uk/vol1/fastq/ERR261/005/ERR2611625/ERR2611625_2.fastq.gz,,mmapbench
seqinspector_1339_ERR14210994,https://ftp.sra.ebi.ac.uk/vol1/fastq/ERR142/094/ERR14210994/ERR14210994_1.fastq.gz,https://ftp.sra.ebi.ac.uk/vol1/fastq/ERR142/094/ERR14210994/ERR14210994_2.fastq.gz,,mmapbench
seqinspector_1340_ERR14789097,https://ftp.sra.ebi.ac.uk/vol1/fastq/ERR147/097/ERR14789097/ERR14789097_1.fastq.gz,https://ftp.sra.ebi.ac.uk/vol1/fastq/ERR147/097/ERR14789097/ERR14789097_2.fastq.gz,,mmapbench
seqinspector_1341_ERR15418951,https://ftp.sra.ebi.ac.uk/vol1/fastq/ERR154/051/ERR15418951/ERR15418951_1.fastq.gz,https://ftp.sra.ebi.ac.uk/vol1/fastq/ERR154/051/ERR15418951/ERR15418951_2.fastq.gz,,mmapbench
seqinspector_1342_ERR2608256,https://ftp.sra.ebi.ac.uk/vol1/fastq/ERR260/006/ERR2608256/ERR2608256_1.fastq.gz,https://ftp.sra.ebi.ac.uk/vol1/fastq/ERR260/006/ERR2608256/ERR2608256_2.fastq.gz,,mmapbench
seqinspector_1343_ERR11456349,https://ftp.sra.ebi.ac.uk/vol1/fastq/ERR114/049/ERR11456349/ERR11456349_1.fastq.gz,https://ftp.sra.ebi.ac.uk/vol1/fastq/ERR114/049/ERR11456349/ERR11456349_2.fastq.gz,,mmapbench
seqinspector_1344_ERR13583531,https://ftp.sra.ebi.ac.uk/vol1/fastq/ERR135/031/ERR13583531/ERR13583531_1.fastq.gz,https://ftp.sra.ebi.ac.uk/vol1/fastq/ERR135/031/ERR13583531/ERR13583531_2.fastq.gz,,mmapbench
seqinspector_1345_ERR12520158,https://ftp.sra.ebi.ac.uk/vol1/fastq/ERR125/058/ERR12520158/ERR12520158_1.fastq.gz,https://ftp.sra.ebi.ac.uk/vol1/fastq/ERR125/058/ERR12520158/ERR12520158_2.fastq.gz,,mmapbench
seqinspector_1346_ERR3955454,https://ftp.sra.ebi.ac.uk/vol1/fastq/ERR395/004/ERR3955454/ERR3955454_1.fastq.gz,https://ftp.sra.ebi.ac.uk/vol1/fastq/ERR395/004/ERR3955454/ERR3955454_2.fastq.gz,,mmapbench
seqinspector_1347_ERR12126389,https://ftp.sra.ebi.ac.uk/vol1/fastq/ERR121/089/ERR12126389/ERR12126389_1.fastq.gz,https://ftp.sra.ebi.ac.uk/vol1/fastq/ERR121/089/ERR12126389/ERR12126389_2.fastq.gz,,mmapbench
seqinspector_1348_ERR4407732,https://ftp.sra.ebi.ac.uk/vol1/fastq/ERR440/002/ERR4407732/ERR4407732_1.fastq.gz,https://ftp.sra.ebi.ac.uk/vol1/fastq/ERR440/002/ERR4407732/ERR4407732_2.fastq.gz,,mmapbench
seqinspector_1349_DRR735587,https://ftp.sra.ebi.ac.uk/vol1/fastq/DRR735/DRR735587/DRR735587_1.fastq.gz,https://ftp.sra.ebi.ac.uk/vol1/fastq/DRR735/DRR735587/DRR735587_2.fastq.gz,,mmapbench
seqinspector_1350_ERR14049362,https://ftp.sra.ebi.ac.uk/vol1/fastq/ERR140/062/ERR14049362/ERR14049362_1.fastq.gz,https://ftp.sra.ebi.ac.uk/vol1/fastq/ERR140/062/ERR14049362/ERR14049362_2.fastq.gz,,mmapbench
seqinspector_1351_ERR15668400,https://ftp.sra.ebi.ac.uk/vol1/fastq/ERR156/000/ERR15668400/ERR15668400_1.fastq.gz,https://ftp.sra.ebi.ac.uk/vol1/fastq/ERR156/000/ERR15668400/ERR15668400_2.fastq.gz,,mmapbench
seqinspector_1352_ERR2738596,https://ftp.sra.ebi.ac.uk/vol1/fastq/ERR273/006/ERR2738596/ERR2738596_1.fastq.gz,https://ftp.sra.ebi.ac.uk/vol1/fastq/ERR273/006/ERR2738596/ERR2738596_2.fastq.gz,,mmapbench
seqinspector_1353_ERR14953618,https://ftp.sra.ebi.ac.uk/vol1/fastq/ERR149/018/ERR14953618/ERR14953618_1.fastq.gz,https://ftp.sra.ebi.ac.uk/vol1/fastq/ERR149/018/ERR14953618/ERR14953618_2.fastq.gz,,mmapbench
seqinspector_1354_ERR17272779,https://ftp.sra.ebi.ac.uk/vol1/fastq/ERR172/079/ERR17272779/ERR17272779_1.fastq.gz,https://ftp.sra.ebi.ac.uk/vol1/fastq/ERR172/079/ERR17272779/ERR17272779_2.fastq.gz,,mmapbench
seqinspector_1355_DRR735585,https://ftp.sra.ebi.ac.uk/vol1/fastq/DRR735/DRR735585/DRR735585_1.fastq.gz,https://ftp.sra.ebi.ac.uk/vol1/fastq/DRR735/DRR735585/DRR735585_2.fastq.gz,,mmapbench
seqinspector_1356_DRR774167,https://ftp.sra.ebi.ac.uk/vol1/fastq/DRR774/DRR774167/DRR774167_1.fastq.gz,https://ftp.sra.ebi.ac.uk/vol1/fastq/DRR774/DRR774167/DRR774167_2.fastq.gz,,mmapbench
seqinspector_1357_ERR2608599,https://ftp.sra.ebi.ac.uk/vol1/fastq/ERR260/009/ERR2608599/ERR2608599_1.fastq.gz,https://ftp.sra.ebi.ac.uk/vol1/fastq/ERR260/009/ERR2608599/ERR2608599_2.fastq.gz,,mmapbench
seqinspector_1358_ERR14946302,https://ftp.sra.ebi.ac.uk/vol1/fastq/ERR149/002/ERR14946302/ERR14946302_1.fastq.gz,https://ftp.sra.ebi.ac.uk/vol1/fastq/ERR149/002/ERR14946302/ERR14946302_2.fastq.gz,,mmapbench
seqinspector_1359_ERR16730695,https://ftp.sra.ebi.ac.uk/vol1/fastq/ERR167/095/ERR16730695/ERR16730695_1.fastq.gz,https://ftp.sra.ebi.ac.uk/vol1/fastq/ERR167/095/ERR16730695/ERR16730695_2.fastq.gz,,mmapbench
seqinspector_1360_ERR14195347,https://ftp.sra.ebi.ac.uk/vol1/fastq/ERR141/047/ERR14195347/ERR14195347_1.fastq.gz,https://ftp.sra.ebi.ac.uk/vol1/fastq/ERR141/047/ERR14195347/ERR14195347_2.fastq.gz,,mmapbench
seqinspector_1361_ERR10773851,https://ftp.sra.ebi.ac.uk/vol1/fastq/ERR107/051/ERR10773851/ERR10773851_1.fastq.gz,https://ftp.sra.ebi.ac.uk/vol1/fastq/ERR107/051/ERR10773851/ERR10773851_2.fastq.gz,,mmapbench
seqinspector_1362_DRR735295,https://ftp.sra.ebi.ac.uk/vol1/fastq/DRR735/DRR735295/DRR735295_1.fastq.gz,https://ftp.sra.ebi.ac.uk/vol1/fastq/DRR735/DRR735295/DRR735295_2.fastq.gz,,mmapbench
seqinspector_1363_ERR16004272,https://ftp.sra.ebi.ac.uk/vol1/fastq/ERR160/072/ERR16004272/ERR16004272_1.fastq.gz,https://ftp.sra.ebi.ac.uk/vol1/fastq/ERR160/072/ERR16004272/ERR16004272_2.fastq.gz,,mmapbench
seqinspector_1364_ERR14049378,https://ftp.sra.ebi.ac.uk/vol1/fastq/ERR140/078/ERR14049378/ERR14049378_1.fastq.gz,https://ftp.sra.ebi.ac.uk/vol1/fastq/ERR140/078/ERR14049378/ERR14049378_2.fastq.gz,,mmapbench
seqinspector_1365_DRR734903,https://ftp.sra.ebi.ac.uk/vol1/fastq/DRR734/DRR734903/DRR734903_1.fastq.gz,https://ftp.sra.ebi.ac.uk/vol1/fastq/DRR734/DRR734903/DRR734903_2.fastq.gz,,mmapbench
seqinspector_1366_ERR16044085,https://ftp.sra.ebi.ac.uk/vol1/fastq/ERR160/085/ERR16044085/ERR16044085_1.fastq.gz,https://ftp.sra.ebi.ac.uk/vol1/fastq/ERR160/085/ERR16044085/ERR16044085_2.fastq.gz,,mmapbench
seqinspector_1367_ERR16721352,https://ftp.sra.ebi.ac.uk/vol1/fastq/ERR167/052/ERR16721352/ERR16721352_1.fastq.gz,https://ftp.sra.ebi.ac.uk/vol1/fastq/ERR167/052/ERR16721352/ERR16721352_2.fastq.gz,,mmapbench
seqinspector_1368_ERR16003638,https://ftp.sra.ebi.ac.uk/vol1/fastq/ERR160/038/ERR16003638/ERR16003638_1.fastq.gz,https://ftp.sra.ebi.ac.uk/vol1/fastq/ERR160/038/ERR16003638/ERR16003638_2.fastq.gz,,mmapbench
seqinspector_1369_ERR2611500,https://ftp.sra.ebi.ac.uk/vol1/fastq/ERR261/000/ERR2611500/ERR2611500_1.fastq.gz,https://ftp.sra.ebi.ac.uk/vol1/fastq/ERR261/000/ERR2611500/ERR2611500_2.fastq.gz,,mmapbench
seqinspector_1370_ERR14211441,https://ftp.sra.ebi.ac.uk/vol1/fastq/ERR142/041/ERR14211441/ERR14211441_1.fastq.gz,https://ftp.sra.ebi.ac.uk/vol1/fastq/ERR142/041/ERR14211441/ERR14211441_2.fastq.gz,,mmapbench
seqinspector_1371_ERR3726777,https://ftp.sra.ebi.ac.uk/vol1/fastq/ERR372/007/ERR3726777/ERR3726777_1.fastq.gz,https://ftp.sra.ebi.ac.uk/vol1/fastq/ERR372/007/ERR3726777/ERR3726777_2.fastq.gz,,mmapbench
seqinspector_1372_DRR735160,https://ftp.sra.ebi.ac.uk/vol1/fastq/DRR735/DRR735160/DRR735160_1.fastq.gz,https://ftp.sra.ebi.ac.uk/vol1/fastq/DRR735/DRR735160/DRR735160_2.fastq.gz,,mmapbench
seqinspector_1373_ERR11627240,https://ftp.sra.ebi.ac.uk/vol1/fastq/ERR116/040/ERR11627240/ERR11627240_1.fastq.gz,https://ftp.sra.ebi.ac.uk/vol1/fastq/ERR116/040/ERR11627240/ERR11627240_2.fastq.gz,,mmapbench
seqinspector_1374_ERR12308573,https://ftp.sra.ebi.ac.uk/vol1/fastq/ERR123/073/ERR12308573/ERR12308573_1.fastq.gz,https://ftp.sra.ebi.ac.uk/vol1/fastq/ERR123/073/ERR12308573/ERR12308573_2.fastq.gz,,mmapbench
seqinspector_1375_ERR3726383,https://ftp.sra.ebi.ac.uk/vol1/fastq/ERR372/003/ERR3726383/ERR3726383_1.fastq.gz,https://ftp.sra.ebi.ac.uk/vol1/fastq/ERR372/003/ERR3726383/ERR3726383_2.fastq.gz,,mmapbench
seqinspector_1376_ERR10881371,https://ftp.sra.ebi.ac.uk/vol1/fastq/ERR108/071/ERR10881371/ERR10881371_1.fastq.gz,https://ftp.sra.ebi.ac.uk/vol1/fastq/ERR108/071/ERR10881371/ERR10881371_2.fastq.gz,,mmapbench
seqinspector_1377_DRR734980,https://ftp.sra.ebi.ac.uk/vol1/fastq/DRR734/DRR734980/DRR734980_1.fastq.gz,https://ftp.sra.ebi.ac.uk/vol1/fastq/DRR734/DRR734980/DRR734980_2.fastq.gz,,mmapbench
seqinspector_1378_DRR734896,https://ftp.sra.ebi.ac.uk/vol1/fastq/DRR734/DRR734896/DRR734896_1.fastq.gz,https://ftp.sra.ebi.ac.uk/vol1/fastq/DRR734/DRR734896/DRR734896_2.fastq.gz,,mmapbench
seqinspector_1379_ERR10880648,https://ftp.sra.ebi.ac.uk/vol1/fastq/ERR108/048/ERR10880648/ERR10880648_1.fastq.gz,https://ftp.sra.ebi.ac.uk/vol1/fastq/ERR108/048/ERR10880648/ERR10880648_2.fastq.gz,,mmapbench
seqinspector_1380_ERR14194824,https://ftp.sra.ebi.ac.uk/vol1/fastq/ERR141/024/ERR14194824/ERR14194824_1.fastq.gz,https://ftp.sra.ebi.ac.uk/vol1/fastq/ERR141/024/ERR14194824/ERR14194824_2.fastq.gz,,mmapbench
seqinspector_1381_ERR14210970,https://ftp.sra.ebi.ac.uk/vol1/fastq/ERR142/070/ERR14210970/ERR14210970_1.fastq.gz,https://ftp.sra.ebi.ac.uk/vol1/fastq/ERR142/070/ERR14210970/ERR14210970_2.fastq.gz,,mmapbench
seqinspector_1382_ERR2611640,https://ftp.sra.ebi.ac.uk/vol1/fastq/ERR261/000/ERR2611640/ERR2611640_1.fastq.gz,https://ftp.sra.ebi.ac.uk/vol1/fastq/ERR261/000/ERR2611640/ERR2611640_2.fastq.gz,,mmapbench
seqinspector_1383_DRR734987,https://ftp.sra.ebi.ac.uk/vol1/fastq/DRR734/DRR734987/DRR734987_1.fastq.gz,https://ftp.sra.ebi.ac.uk/vol1/fastq/DRR734/DRR734987/DRR734987_2.fastq.gz,,mmapbench
seqinspector_1384_ERR16908688,https://ftp.sra.ebi.ac.uk/vol1/fastq/ERR169/088/ERR16908688/ERR16908688_1.fastq.gz,https://ftp.sra.ebi.ac.uk/vol1/fastq/ERR169/088/ERR16908688/ERR16908688_2.fastq.gz,,mmapbench
seqinspector_1385_DRR734969,https://ftp.sra.ebi.ac.uk/vol1/fastq/DRR734/DRR734969/DRR734969_1.fastq.gz,https://ftp.sra.ebi.ac.uk/vol1/fastq/DRR734/DRR734969/DRR734969_2.fastq.gz,,mmapbench
seqinspector_1386_ERR14789087,https://ftp.sra.ebi.ac.uk/vol1/fastq/ERR147/087/ERR14789087/ERR14789087_1.fastq.gz,https://ftp.sra.ebi.ac.uk/vol1/fastq/ERR147/087/ERR14789087/ERR14789087_2.fastq.gz,,mmapbench
seqinspector_1387_ERR15418940,https://ftp.sra.ebi.ac.uk/vol1/fastq/ERR154/040/ERR15418940/ERR15418940_1.fastq.gz,https://ftp.sra.ebi.ac.uk/vol1/fastq/ERR154/040/ERR15418940/ERR15418940_2.fastq.gz,,mmapbench
seqinspector_1388_ERR14210992,https://ftp.sra.ebi.ac.uk/vol1/fastq/ERR142/092/ERR14210992/ERR14210992_1.fastq.gz,https://ftp.sra.ebi.ac.uk/vol1/fastq/ERR142/092/ERR14210992/ERR14210992_2.fastq.gz,,mmapbench
seqinspector_1389_ERR10749526,https://ftp.sra.ebi.ac.uk/vol1/fastq/ERR107/026/ERR10749526/ERR10749526_1.fastq.gz,https://ftp.sra.ebi.ac.uk/vol1/fastq/ERR107/026/ERR10749526/ERR10749526_2.fastq.gz,,mmapbench
seqinspector_1390_ERR3769519,https://ftp.sra.ebi.ac.uk/vol1/fastq/ERR376/009/ERR3769519/ERR3769519_1.fastq.gz,https://ftp.sra.ebi.ac.uk/vol1/fastq/ERR376/009/ERR3769519/ERR3769519_2.fastq.gz,,mmapbench
seqinspector_1391_ERR10749520,https://ftp.sra.ebi.ac.uk/vol1/fastq/ERR107/020/ERR10749520/ERR10749520_1.fastq.gz,https://ftp.sra.ebi.ac.uk/vol1/fastq/ERR107/020/ERR10749520/ERR10749520_2.fastq.gz,,mmapbench
seqinspector_1392_DRR735505,https://ftp.sra.ebi.ac.uk/vol1/fastq/DRR735/DRR735505/DRR735505_1.fastq.gz,https://ftp.sra.ebi.ac.uk/vol1/fastq/DRR735/DRR735505/DRR735505_2.fastq.gz,,mmapbench
seqinspector_1393_ERR4503371,https://ftp.sra.ebi.ac.uk/vol1/fastq/ERR450/001/ERR4503371/ERR4503371_1.fastq.gz,https://ftp.sra.ebi.ac.uk/vol1/fastq/ERR450/001/ERR4503371/ERR4503371_2.fastq.gz,,mmapbench
seqinspector_1394_ERR14194657,https://ftp.sra.ebi.ac.uk/vol1/fastq/ERR141/057/ERR14194657/ERR14194657_1.fastq.gz,https://ftp.sra.ebi.ac.uk/vol1/fastq/ERR141/057/ERR14194657/ERR14194657_2.fastq.gz,,mmapbench
seqinspector_1395_ERR3682652,https://ftp.sra.ebi.ac.uk/vol1/fastq/ERR368/002/ERR3682652/ERR3682652_1.fastq.gz,https://ftp.sra.ebi.ac.uk/vol1/fastq/ERR368/002/ERR3682652/ERR3682652_2.fastq.gz,,mmapbench
seqinspector_1396_ERR14946184,https://ftp.sra.ebi.ac.uk/vol1/fastq/ERR149/084/ERR14946184/ERR14946184_1.fastq.gz,https://ftp.sra.ebi.ac.uk/vol1/fastq/ERR149/084/ERR14946184/ERR14946184_2.fastq.gz,,mmapbench
seqinspector_1397_ERR14194870,https://ftp.sra.ebi.ac.uk/vol1/fastq/ERR141/070/ERR14194870/ERR14194870_1.fastq.gz,https://ftp.sra.ebi.ac.uk/vol1/fastq/ERR141/070/ERR14194870/ERR14194870_2.fastq.gz,,mmapbench
seqinspector_1398_ERR14211016,https://ftp.sra.ebi.ac.uk/vol1/fastq/ERR142/016/ERR14211016/ERR14211016_1.fastq.gz,https://ftp.sra.ebi.ac.uk/vol1/fastq/ERR142/016/ERR14211016/ERR14211016_2.fastq.gz,,mmapbench
seqinspector_1399_ERR16043537,https://ftp.sra.ebi.ac.uk/vol1/fastq/ERR160/037/ERR16043537/ERR16043537_1.fastq.gz,https://ftp.sra.ebi.ac.uk/vol1/fastq/ERR160/037/ERR16043537/ERR16043537_2.fastq.gz,,mmapbench
seqinspector_1400_ERR3682651,https://ftp.sra.ebi.ac.uk/vol1/fastq/ERR368/001/ERR3682651/ERR3682651_1.fastq.gz,https://ftp.sra.ebi.ac.uk/vol1/fastq/ERR368/001/ERR3682651/ERR3682651_2.fastq.gz,,mmapbench
seqinspector_1401_ERR14211004,https://ftp.sra.ebi.ac.uk/vol1/fastq/ERR142/004/ERR14211004/ERR14211004_1.fastq.gz,https://ftp.sra.ebi.ac.uk/vol1/fastq/ERR142/004/ERR14211004/ERR14211004_2.fastq.gz,,mmapbench
seqinspector_1402_DRR734983,https://ftp.sra.ebi.ac.uk/vol1/fastq/DRR734/DRR734983/DRR734983_1.fastq.gz,https://ftp.sra.ebi.ac.uk/vol1/fastq/DRR734/DRR734983/DRR734983_2.fastq.gz,,mmapbench
seqinspector_1403_ERR3662984,https://ftp.sra.ebi.ac.uk/vol1/fastq/ERR366/004/ERR3662984/ERR3662984_1.fastq.gz,https://ftp.sra.ebi.ac.uk/vol1/fastq/ERR366/004/ERR3662984/ERR3662984_2.fastq.gz,,mmapbench
seqinspector_1404_ERR3682627,https://ftp.sra.ebi.ac.uk/vol1/fastq/ERR368/007/ERR3682627/ERR3682627_1.fastq.gz,https://ftp.sra.ebi.ac.uk/vol1/fastq/ERR368/007/ERR3682627/ERR3682627_2.fastq.gz,,mmapbench
seqinspector_1405_ERR15315375,https://ftp.sra.ebi.ac.uk/vol1/fastq/ERR153/075/ERR15315375/ERR15315375_1.fastq.gz,https://ftp.sra.ebi.ac.uk/vol1/fastq/ERR153/075/ERR15315375/ERR15315375_2.fastq.gz,,mmapbench
seqinspector_1406_ERR12554999,https://ftp.sra.ebi.ac.uk/vol1/fastq/ERR125/099/ERR12554999/ERR12554999_1.fastq.gz,https://ftp.sra.ebi.ac.uk/vol1/fastq/ERR125/099/ERR12554999/ERR12554999_2.fastq.gz,,mmapbench
seqinspector_1407_ERR14211827,https://ftp.sra.ebi.ac.uk/vol1/fastq/ERR142/027/ERR14211827/ERR14211827_1.fastq.gz,https://ftp.sra.ebi.ac.uk/vol1/fastq/ERR142/027/ERR14211827/ERR14211827_2.fastq.gz,,mmapbench
seqinspector_1408_ERR12316870,https://ftp.sra.ebi.ac.uk/vol1/fastq/ERR123/070/ERR12316870/ERR12316870_1.fastq.gz,https://ftp.sra.ebi.ac.uk/vol1/fastq/ERR123/070/ERR12316870/ERR12316870_2.fastq.gz,,mmapbench
seqinspector_1409_ERR14847614,https://ftp.sra.ebi.ac.uk/vol1/fastq/ERR148/014/ERR14847614/ERR14847614_1.fastq.gz,https://ftp.sra.ebi.ac.uk/vol1/fastq/ERR148/014/ERR14847614/ERR14847614_2.fastq.gz,,mmapbench
seqinspector_1410_ERR3726395,https://ftp.sra.ebi.ac.uk/vol1/fastq/ERR372/005/ERR3726395/ERR3726395_1.fastq.gz,https://ftp.sra.ebi.ac.uk/vol1/fastq/ERR372/005/ERR3726395/ERR3726395_2.fastq.gz,,mmapbench
seqinspector_1411_ERR13999504,https://ftp.sra.ebi.ac.uk/vol1/fastq/ERR139/004/ERR13999504/ERR13999504_1.fastq.gz,https://ftp.sra.ebi.ac.uk/vol1/fastq/ERR139/004/ERR13999504/ERR13999504_2.fastq.gz,,mmapbench
seqinspector_1412_ERR14847611,https://ftp.sra.ebi.ac.uk/vol1/fastq/ERR148/011/ERR14847611/ERR14847611_1.fastq.gz,https://ftp.sra.ebi.ac.uk/vol1/fastq/ERR148/011/ERR14847611/ERR14847611_2.fastq.gz,,mmapbench
seqinspector_1413_ERR13911247,https://ftp.sra.ebi.ac.uk/vol1/fastq/ERR139/047/ERR13911247/ERR13911247_1.fastq.gz,https://ftp.sra.ebi.ac.uk/vol1/fastq/ERR139/047/ERR13911247/ERR13911247_2.fastq.gz,,mmapbench
seqinspector_1414_ERR14847613,https://ftp.sra.ebi.ac.uk/vol1/fastq/ERR148/013/ERR14847613/ERR14847613_1.fastq.gz,https://ftp.sra.ebi.ac.uk/vol1/fastq/ERR148/013/ERR14847613/ERR14847613_2.fastq.gz,,mmapbench
seqinspector_1415_ERR14847610,https://ftp.sra.ebi.ac.uk/vol1/fastq/ERR148/010/ERR14847610/ERR14847610_1.fastq.gz,https://ftp.sra.ebi.ac.uk/vol1/fastq/ERR148/010/ERR14847610/ERR14847610_2.fastq.gz,,mmapbench
seqinspector_1416_ERR4407742,https://ftp.sra.ebi.ac.uk/vol1/fastq/ERR440/002/ERR4407742/ERR4407742_1.fastq.gz,https://ftp.sra.ebi.ac.uk/vol1/fastq/ERR440/002/ERR4407742/ERR4407742_2.fastq.gz,,mmapbench
seqinspector_1417_ERR14789072,https://ftp.sra.ebi.ac.uk/vol1/fastq/ERR147/072/ERR14789072/ERR14789072_1.fastq.gz,https://ftp.sra.ebi.ac.uk/vol1/fastq/ERR147/072/ERR14789072/ERR14789072_2.fastq.gz,,mmapbench
seqinspector_1418_ERR12520390,https://ftp.sra.ebi.ac.uk/vol1/fastq/ERR125/090/ERR12520390/ERR12520390_1.fastq.gz,https://ftp.sra.ebi.ac.uk/vol1/fastq/ERR125/090/ERR12520390/ERR12520390_2.fastq.gz,,mmapbench
seqinspector_1419_ERR15315401,https://ftp.sra.ebi.ac.uk/vol1/fastq/ERR153/001/ERR15315401/ERR15315401_1.fastq.gz,https://ftp.sra.ebi.ac.uk/vol1/fastq/ERR153/001/ERR15315401/ERR15315401_2.fastq.gz,,mmapbench
seqinspector_1420_ERR16908604,https://ftp.sra.ebi.ac.uk/vol1/fastq/ERR169/004/ERR16908604/ERR16908604_1.fastq.gz,https://ftp.sra.ebi.ac.uk/vol1/fastq/ERR169/004/ERR16908604/ERR16908604_2.fastq.gz,,mmapbench
seqinspector_1421_ERR16043336,https://ftp.sra.ebi.ac.uk/vol1/fastq/ERR160/036/ERR16043336/ERR16043336_1.fastq.gz,https://ftp.sra.ebi.ac.uk/vol1/fastq/ERR160/036/ERR16043336/ERR16043336_2.fastq.gz,,mmapbench
seqinspector_1422_ERR12316876,https://ftp.sra.ebi.ac.uk/vol1/fastq/ERR123/076/ERR12316876/ERR12316876_1.fastq.gz,https://ftp.sra.ebi.ac.uk/vol1/fastq/ERR123/076/ERR12316876/ERR12316876_2.fastq.gz,,mmapbench
seqinspector_1423_ERR4503382,https://ftp.sra.ebi.ac.uk/vol1/fastq/ERR450/002/ERR4503382/ERR4503382_1.fastq.gz,https://ftp.sra.ebi.ac.uk/vol1/fastq/ERR450/002/ERR4503382/ERR4503382_2.fastq.gz,,mmapbench
seqinspector_1424_ERR16710857,https://ftp.sra.ebi.ac.uk/vol1/fastq/ERR167/057/ERR16710857/ERR16710857_1.fastq.gz,https://ftp.sra.ebi.ac.uk/vol1/fastq/ERR167/057/ERR16710857/ERR16710857_2.fastq.gz,,mmapbench
seqinspector_1425_ERR14194823,https://ftp.sra.ebi.ac.uk/vol1/fastq/ERR141/023/ERR14194823/ERR14194823_1.fastq.gz,https://ftp.sra.ebi.ac.uk/vol1/fastq/ERR141/023/ERR14194823/ERR14194823_2.fastq.gz,,mmapbench
seqinspector_1426_ERR14210969,https://ftp.sra.ebi.ac.uk/vol1/fastq/ERR142/069/ERR14210969/ERR14210969_1.fastq.gz,https://ftp.sra.ebi.ac.uk/vol1/fastq/ERR142/069/ERR14210969/ERR14210969_2.fastq.gz,,mmapbench
seqinspector_1427_ERR15873432,https://ftp.sra.ebi.ac.uk/vol1/fastq/ERR158/032/ERR15873432/ERR15873432_1.fastq.gz,https://ftp.sra.ebi.ac.uk/vol1/fastq/ERR158/032/ERR15873432/ERR15873432_2.fastq.gz,,mmapbench
seqinspector_1428_ERR14927621,https://ftp.sra.ebi.ac.uk/vol1/fastq/ERR149/021/ERR14927621/ERR14927621_1.fastq.gz,https://ftp.sra.ebi.ac.uk/vol1/fastq/ERR149/021/ERR14927621/ERR14927621_2.fastq.gz,,mmapbench
seqinspector_1429_DRR735610,https://ftp.sra.ebi.ac.uk/vol1/fastq/DRR735/DRR735610/DRR735610_1.fastq.gz,https://ftp.sra.ebi.ac.uk/vol1/fastq/DRR735/DRR735610/DRR735610_2.fastq.gz,,mmapbench
seqinspector_1430_ERR14210983,https://ftp.sra.ebi.ac.uk/vol1/fastq/ERR142/083/ERR14210983/ERR14210983_1.fastq.gz,https://ftp.sra.ebi.ac.uk/vol1/fastq/ERR142/083/ERR14210983/ERR14210983_2.fastq.gz,,mmapbench
seqinspector_1431_ERR14789165,https://ftp.sra.ebi.ac.uk/vol1/fastq/ERR147/065/ERR14789165/ERR14789165_1.fastq.gz,https://ftp.sra.ebi.ac.uk/vol1/fastq/ERR147/065/ERR14789165/ERR14789165_2.fastq.gz,,mmapbench
seqinspector_1432_ERR4503472,https://ftp.sra.ebi.ac.uk/vol1/fastq/ERR450/002/ERR4503472/ERR4503472_1.fastq.gz,https://ftp.sra.ebi.ac.uk/vol1/fastq/ERR450/002/ERR4503472/ERR4503472_2.fastq.gz,,mmapbench
seqinspector_1433_ERR14853670,https://ftp.sra.ebi.ac.uk/vol1/fastq/ERR148/070/ERR14853670/ERR14853670_1.fastq.gz,https://ftp.sra.ebi.ac.uk/vol1/fastq/ERR148/070/ERR14853670/ERR14853670_2.fastq.gz,,mmapbench
seqinspector_1434_ERR13231366,https://ftp.sra.ebi.ac.uk/vol1/fastq/ERR132/066/ERR13231366/ERR13231366_1.fastq.gz,https://ftp.sra.ebi.ac.uk/vol1/fastq/ERR132/066/ERR13231366/ERR13231366_2.fastq.gz,,mmapbench
seqinspector_1435_ERR16908504,https://ftp.sra.ebi.ac.uk/vol1/fastq/ERR169/004/ERR16908504/ERR16908504_1.fastq.gz,https://ftp.sra.ebi.ac.uk/vol1/fastq/ERR169/004/ERR16908504/ERR16908504_2.fastq.gz,,mmapbench
seqinspector_1436_ERR2863528,https://ftp.sra.ebi.ac.uk/vol1/fastq/ERR286/008/ERR2863528/ERR2863528_1.fastq.gz,https://ftp.sra.ebi.ac.uk/vol1/fastq/ERR286/008/ERR2863528/ERR2863528_2.fastq.gz,,mmapbench
seqinspector_1437_ERR12812875,https://ftp.sra.ebi.ac.uk/vol1/fastq/ERR128/075/ERR12812875/ERR12812875_1.fastq.gz,https://ftp.sra.ebi.ac.uk/vol1/fastq/ERR128/075/ERR12812875/ERR12812875_2.fastq.gz,,mmapbench
seqinspector_1438_ERR14802101,https://ftp.sra.ebi.ac.uk/vol1/fastq/ERR148/001/ERR14802101/ERR14802101_1.fastq.gz,https://ftp.sra.ebi.ac.uk/vol1/fastq/ERR148/001/ERR14802101/ERR14802101_2.fastq.gz,,mmapbench
seqinspector_1439_ERR10749619,https://ftp.sra.ebi.ac.uk/vol1/fastq/ERR107/019/ERR10749619/ERR10749619_1.fastq.gz,https://ftp.sra.ebi.ac.uk/vol1/fastq/ERR107/019/ERR10749619/ERR10749619_2.fastq.gz,,mmapbench
seqinspector_1440_ERR16043372,https://ftp.sra.ebi.ac.uk/vol1/fastq/ERR160/072/ERR16043372/ERR16043372_1.fastq.gz,https://ftp.sra.ebi.ac.uk/vol1/fastq/ERR160/072/ERR16043372/ERR16043372_2.fastq.gz,,mmapbench
seqinspector_1441_DRR735613,https://ftp.sra.ebi.ac.uk/vol1/fastq/DRR735/DRR735613/DRR735613_1.fastq.gz,https://ftp.sra.ebi.ac.uk/vol1/fastq/DRR735/DRR735613/DRR735613_2.fastq.gz,,mmapbench
seqinspector_1442_ERR11627502,https://ftp.sra.ebi.ac.uk/vol1/fastq/ERR116/002/ERR11627502/ERR11627502_1.fastq.gz,https://ftp.sra.ebi.ac.uk/vol1/fastq/ERR116/002/ERR11627502/ERR11627502_2.fastq.gz,,mmapbench
seqinspector_1443_ERR14789473,https://ftp.sra.ebi.ac.uk/vol1/fastq/ERR147/073/ERR14789473/ERR14789473_1.fastq.gz,https://ftp.sra.ebi.ac.uk/vol1/fastq/ERR147/073/ERR14789473/ERR14789473_2.fastq.gz,,mmapbench
seqinspector_1444_ERR11489402,https://ftp.sra.ebi.ac.uk/vol1/fastq/ERR114/002/ERR11489402/ERR11489402_1.fastq.gz,https://ftp.sra.ebi.ac.uk/vol1/fastq/ERR114/002/ERR11489402/ERR11489402_2.fastq.gz,,mmapbench
seqinspector_1445_ERR15664923,https://ftp.sra.ebi.ac.uk/vol1/fastq/ERR156/023/ERR15664923/ERR15664923_1.fastq.gz,https://ftp.sra.ebi.ac.uk/vol1/fastq/ERR156/023/ERR15664923/ERR15664923_2.fastq.gz,,mmapbench
seqinspector_1446_ERR10985109,https://ftp.sra.ebi.ac.uk/vol1/fastq/ERR109/009/ERR10985109/ERR10985109_1.fastq.gz,https://ftp.sra.ebi.ac.uk/vol1/fastq/ERR109/009/ERR10985109/ERR10985109_2.fastq.gz,,mmapbench
seqinspector_1447_DRR735019,https://ftp.sra.ebi.ac.uk/vol1/fastq/DRR735/DRR735019/DRR735019_1.fastq.gz,https://ftp.sra.ebi.ac.uk/vol1/fastq/DRR735/DRR735019/DRR735019_2.fastq.gz,,mmapbench
seqinspector_1448_ERR12316869,https://ftp.sra.ebi.ac.uk/vol1/fastq/ERR123/069/ERR12316869/ERR12316869_1.fastq.gz,https://ftp.sra.ebi.ac.uk/vol1/fastq/ERR123/069/ERR12316869/ERR12316869_2.fastq.gz,,mmapbench
seqinspector_1449_ERR11866518,https://ftp.sra.ebi.ac.uk/vol1/fastq/ERR118/018/ERR11866518/ERR11866518_1.fastq.gz,https://ftp.sra.ebi.ac.uk/vol1/fastq/ERR118/018/ERR11866518/ERR11866518_2.fastq.gz,,mmapbench
seqinspector_1450_ERR12351779,https://ftp.sra.ebi.ac.uk/vol1/fastq/ERR123/079/ERR12351779/ERR12351779_1.fastq.gz,https://ftp.sra.ebi.ac.uk/vol1/fastq/ERR123/079/ERR12351779/ERR12351779_2.fastq.gz,,mmapbench
seqinspector_1451_ERR12520182,https://ftp.sra.ebi.ac.uk/vol1/fastq/ERR125/082/ERR12520182/ERR12520182_1.fastq.gz,https://ftp.sra.ebi.ac.uk/vol1/fastq/ERR125/082/ERR12520182/ERR12520182_2.fastq.gz,,mmapbench
seqinspector_1452_ERR14953638,https://ftp.sra.ebi.ac.uk/vol1/fastq/ERR149/038/ERR14953638/ERR14953638_1.fastq.gz,https://ftp.sra.ebi.ac.uk/vol1/fastq/ERR149/038/ERR14953638/ERR14953638_2.fastq.gz,,mmapbench
seqinspector_1453_DRR735412,https://ftp.sra.ebi.ac.uk/vol1/fastq/DRR735/DRR735412/DRR735412_1.fastq.gz,https://ftp.sra.ebi.ac.uk/vol1/fastq/DRR735/DRR735412/DRR735412_2.fastq.gz,,mmapbench
seqinspector_1454_ERR16729489,https://ftp.sra.ebi.ac.uk/vol1/fastq/ERR167/089/ERR16729489/ERR16729489_1.fastq.gz,https://ftp.sra.ebi.ac.uk/vol1/fastq/ERR167/089/ERR16729489/ERR16729489_2.fastq.gz,,mmapbench
seqinspector_1455_ERR12126394,https://ftp.sra.ebi.ac.uk/vol1/fastq/ERR121/094/ERR12126394/ERR12126394_1.fastq.gz,https://ftp.sra.ebi.ac.uk/vol1/fastq/ERR121/094/ERR12126394/ERR12126394_2.fastq.gz,,mmapbench
seqinspector_1456_ERR3969732,https://ftp.sra.ebi.ac.uk/vol1/fastq/ERR396/002/ERR3969732/ERR3969732_1.fastq.gz,https://ftp.sra.ebi.ac.uk/vol1/fastq/ERR396/002/ERR3969732/ERR3969732_2.fastq.gz,,mmapbench
seqinspector_1457_ERR16720685,https://ftp.sra.ebi.ac.uk/vol1/fastq/ERR167/085/ERR16720685/ERR16720685_1.fastq.gz,https://ftp.sra.ebi.ac.uk/vol1/fastq/ERR167/085/ERR16720685/ERR16720685_2.fastq.gz,,mmapbench
seqinspector_1458_DRR099980,https://ftp.sra.ebi.ac.uk/vol1/fastq/DRR099/DRR099980/DRR099980_1.fastq.gz,https://ftp.sra.ebi.ac.uk/vol1/fastq/DRR099/DRR099980/DRR099980_2.fastq.gz,,mmapbench
seqinspector_1459_ERR13699912,https://ftp.sra.ebi.ac.uk/vol1/fastq/ERR136/012/ERR13699912/ERR13699912_1.fastq.gz,https://ftp.sra.ebi.ac.uk/vol1/fastq/ERR136/012/ERR13699912/ERR13699912_2.fastq.gz,,mmapbench
seqinspector_1460_ERR14953727,https://ftp.sra.ebi.ac.uk/vol1/fastq/ERR149/027/ERR14953727/ERR14953727_1.fastq.gz,https://ftp.sra.ebi.ac.uk/vol1/fastq/ERR149/027/ERR14953727/ERR14953727_2.fastq.gz,,mmapbench
seqinspector_1461_DRR734999,https://ftp.sra.ebi.ac.uk/vol1/fastq/DRR734/DRR734999/DRR734999_1.fastq.gz,https://ftp.sra.ebi.ac.uk/vol1/fastq/DRR734/DRR734999/DRR734999_2.fastq.gz,,mmapbench
seqinspector_1462_ERR3670814,https://ftp.sra.ebi.ac.uk/vol1/fastq/ERR367/004/ERR3670814/ERR3670814_1.fastq.gz,https://ftp.sra.ebi.ac.uk/vol1/fastq/ERR367/004/ERR3670814/ERR3670814_2.fastq.gz,,mmapbench
seqinspector_1463_ERR16730621,https://ftp.sra.ebi.ac.uk/vol1/fastq/ERR167/021/ERR16730621/ERR16730621_1.fastq.gz,https://ftp.sra.ebi.ac.uk/vol1/fastq/ERR167/021/ERR16730621/ERR16730621_2.fastq.gz,,mmapbench
seqinspector_1464_ERR2164514,https://ftp.sra.ebi.ac.uk/vol1/fastq/ERR216/004/ERR2164514/ERR2164514_1.fastq.gz,https://ftp.sra.ebi.ac.uk/vol1/fastq/ERR216/004/ERR2164514/ERR2164514_2.fastq.gz,,mmapbench
seqinspector_1465_ERR4502488,https://ftp.sra.ebi.ac.uk/vol1/fastq/ERR450/008/ERR4502488/ERR4502488_1.fastq.gz,https://ftp.sra.ebi.ac.uk/vol1/fastq/ERR450/008/ERR4502488/ERR4502488_2.fastq.gz,,mmapbench
seqinspector_1466_DRR777261,https://ftp.sra.ebi.ac.uk/vol1/fastq/DRR777/DRR777261/DRR777261_1.fastq.gz,https://ftp.sra.ebi.ac.uk/vol1/fastq/DRR777/DRR777261/DRR777261_2.fastq.gz,,mmapbench
seqinspector_1467_ERR3955830,https://ftp.sra.ebi.ac.uk/vol1/fastq/ERR395/000/ERR3955830/ERR3955830_1.fastq.gz,https://ftp.sra.ebi.ac.uk/vol1/fastq/ERR395/000/ERR3955830/ERR3955830_2.fastq.gz,,mmapbench
seqinspector_1468_DRR487169,https://ftp.sra.ebi.ac.uk/vol1/fastq/DRR487/DRR487169/DRR487169_1.fastq.gz,https://ftp.sra.ebi.ac.uk/vol1/fastq/DRR487/DRR487169/DRR487169_2.fastq.gz,,mmapbench
seqinspector_1469_ERR4407615,https://ftp.sra.ebi.ac.uk/vol1/fastq/ERR440/005/ERR4407615/ERR4407615_1.fastq.gz,https://ftp.sra.ebi.ac.uk/vol1/fastq/ERR440/005/ERR4407615/ERR4407615_2.fastq.gz,,mmapbench
seqinspector_1470_ERR12869739,https://ftp.sra.ebi.ac.uk/vol1/fastq/ERR128/039/ERR12869739/ERR12869739_1.fastq.gz,https://ftp.sra.ebi.ac.uk/vol1/fastq/ERR128/039/ERR12869739/ERR12869739_2.fastq.gz,,mmapbench
seqinspector_1471_ERR11646985,https://ftp.sra.ebi.ac.uk/vol1/fastq/ERR116/085/ERR11646985/ERR11646985_1.fastq.gz,https://ftp.sra.ebi.ac.uk/vol1/fastq/ERR116/085/ERR11646985/ERR11646985_2.fastq.gz,,mmapbench
seqinspector_1472_ERR14802544,https://ftp.sra.ebi.ac.uk/vol1/fastq/ERR148/044/ERR14802544/ERR14802544_1.fastq.gz,https://ftp.sra.ebi.ac.uk/vol1/fastq/ERR148/044/ERR14802544/ERR14802544_2.fastq.gz,,mmapbench
seqinspector_1473_DRR636979,https://ftp.sra.ebi.ac.uk/vol1/fastq/DRR636/DRR636979/DRR636979_1.fastq.gz,https://ftp.sra.ebi.ac.uk/vol1/fastq/DRR636/DRR636979/DRR636979_2.fastq.gz,,mmapbench
seqinspector_1474_DRR735163,https://ftp.sra.ebi.ac.uk/vol1/fastq/DRR735/DRR735163/DRR735163_1.fastq.gz,https://ftp.sra.ebi.ac.uk/vol1/fastq/DRR735/DRR735163/DRR735163_2.fastq.gz,,mmapbench
seqinspector_1475_ERR3040620,https://ftp.sra.ebi.ac.uk/vol1/fastq/ERR304/000/ERR3040620/ERR3040620_1.fastq.gz,https://ftp.sra.ebi.ac.uk/vol1/fastq/ERR304/000/ERR3040620/ERR3040620_2.fastq.gz,,mmapbench
seqinspector_1476_ERR14195687,https://ftp.sra.ebi.ac.uk/vol1/fastq/ERR141/087/ERR14195687/ERR14195687_1.fastq.gz,https://ftp.sra.ebi.ac.uk/vol1/fastq/ERR141/087/ERR14195687/ERR14195687_2.fastq.gz,,mmapbench
seqinspector_1477_DRR734864,https://ftp.sra.ebi.ac.uk/vol1/fastq/DRR734/DRR734864/DRR734864_1.fastq.gz,https://ftp.sra.ebi.ac.uk/vol1/fastq/DRR734/DRR734864/DRR734864_2.fastq.gz,,mmapbench
seqinspector_1478_ERR2747592,https://ftp.sra.ebi.ac.uk/vol1/fastq/ERR274/002/ERR2747592/ERR2747592_1.fastq.gz,https://ftp.sra.ebi.ac.uk/vol1/fastq/ERR274/002/ERR2747592/ERR2747592_2.fastq.gz,,mmapbench
seqinspector_1479_ERR2863479,https://ftp.sra.ebi.ac.uk/vol1/fastq/ERR286/009/ERR2863479/ERR2863479_1.fastq.gz,https://ftp.sra.ebi.ac.uk/vol1/fastq/ERR286/009/ERR2863479/ERR2863479_2.fastq.gz,,mmapbench
seqinspector_1480_ERR2611639,https://ftp.sra.ebi.ac.uk/vol1/fastq/ERR261/009/ERR2611639/ERR2611639_1.fastq.gz,https://ftp.sra.ebi.ac.uk/vol1/fastq/ERR261/009/ERR2611639/ERR2611639_2.fastq.gz,,mmapbench
seqinspector_1481_ERR15658253,https://ftp.sra.ebi.ac.uk/vol1/fastq/ERR156/053/ERR15658253/ERR15658253_1.fastq.gz,https://ftp.sra.ebi.ac.uk/vol1/fastq/ERR156/053/ERR15658253/ERR15658253_2.fastq.gz,,mmapbench
seqinspector_1482_ERR3040678,https://ftp.sra.ebi.ac.uk/vol1/fastq/ERR304/008/ERR3040678/ERR3040678_1.fastq.gz,https://ftp.sra.ebi.ac.uk/vol1/fastq/ERR304/008/ERR3040678/ERR3040678_2.fastq.gz,,mmapbench
seqinspector_1483_DRR735618,https://ftp.sra.ebi.ac.uk/vol1/fastq/DRR735/DRR735618/DRR735618_1.fastq.gz,https://ftp.sra.ebi.ac.uk/vol1/fastq/DRR735/DRR735618/DRR735618_2.fastq.gz,,mmapbench
seqinspector_1484_ERR16718470,https://ftp.sra.ebi.ac.uk/vol1/fastq/ERR167/070/ERR16718470/ERR16718470_1.fastq.gz,https://ftp.sra.ebi.ac.uk/vol1/fastq/ERR167/070/ERR16718470/ERR16718470_2.fastq.gz,,mmapbench
seqinspector_1485_DRR734897,https://ftp.sra.ebi.ac.uk/vol1/fastq/DRR734/DRR734897/DRR734897_1.fastq.gz,https://ftp.sra.ebi.ac.uk/vol1/fastq/DRR734/DRR734897/DRR734897_2.fastq.gz,,mmapbench
seqinspector_1486_ERR12217829,https://ftp.sra.ebi.ac.uk/vol1/fastq/ERR122/029/ERR12217829/ERR12217829_1.fastq.gz,https://ftp.sra.ebi.ac.uk/vol1/fastq/ERR122/029/ERR12217829/ERR12217829_2.fastq.gz,,mmapbench
seqinspector_1487_ERR12217795,https://ftp.sra.ebi.ac.uk/vol1/fastq/ERR122/095/ERR12217795/ERR12217795_1.fastq.gz,https://ftp.sra.ebi.ac.uk/vol1/fastq/ERR122/095/ERR12217795/ERR12217795_2.fastq.gz,,mmapbench
seqinspector_1488_ERR14195188,https://ftp.sra.ebi.ac.uk/vol1/fastq/ERR141/088/ERR14195188/ERR14195188_1.fastq.gz,https://ftp.sra.ebi.ac.uk/vol1/fastq/ERR141/088/ERR14195188/ERR14195188_2.fastq.gz,,mmapbench
seqinspector_1489_ERR14211334,https://ftp.sra.ebi.ac.uk/vol1/fastq/ERR142/034/ERR14211334/ERR14211334_1.fastq.gz,https://ftp.sra.ebi.ac.uk/vol1/fastq/ERR142/034/ERR14211334/ERR14211334_2.fastq.gz,,mmapbench
seqinspector_1490_ERR4503489,https://ftp.sra.ebi.ac.uk/vol1/fastq/ERR450/009/ERR4503489/ERR4503489_1.fastq.gz,https://ftp.sra.ebi.ac.uk/vol1/fastq/ERR450/009/ERR4503489/ERR4503489_2.fastq.gz,,mmapbench
seqinspector_1491_ERR2747502,https://ftp.sra.ebi.ac.uk/vol1/fastq/ERR274/002/ERR2747502/ERR2747502_1.fastq.gz,https://ftp.sra.ebi.ac.uk/vol1/fastq/ERR274/002/ERR2747502/ERR2747502_2.fastq.gz,,mmapbench
seqinspector_1492_ERR14211458,https://ftp.sra.ebi.ac.uk/vol1/fastq/ERR142/058/ERR14211458/ERR14211458_1.fastq.gz,https://ftp.sra.ebi.ac.uk/vol1/fastq/ERR142/058/ERR14211458/ERR14211458_2.fastq.gz,,mmapbench
seqinspector_1493_ERR14049319,https://ftp.sra.ebi.ac.uk/vol1/fastq/ERR140/019/ERR14049319/ERR14049319_1.fastq.gz,https://ftp.sra.ebi.ac.uk/vol1/fastq/ERR140/019/ERR14049319/ERR14049319_2.fastq.gz,,mmapbench
seqinspector_1494_ERR15667775,https://ftp.sra.ebi.ac.uk/vol1/fastq/ERR156/075/ERR15667775/ERR15667775_1.fastq.gz,https://ftp.sra.ebi.ac.uk/vol1/fastq/ERR156/075/ERR15667775/ERR15667775_2.fastq.gz,,mmapbench
seqinspector_1495_ERR17072043,https://ftp.sra.ebi.ac.uk/vol1/fastq/ERR170/043/ERR17072043/ERR17072043_1.fastq.gz,https://ftp.sra.ebi.ac.uk/vol1/fastq/ERR170/043/ERR17072043/ERR17072043_2.fastq.gz,,mmapbench
seqinspector_1496_DRR631573,https://ftp.sra.ebi.ac.uk/vol1/fastq/DRR631/DRR631573/DRR631573_1.fastq.gz,https://ftp.sra.ebi.ac.uk/vol1/fastq/DRR631/DRR631573/DRR631573_2.fastq.gz,,mmapbench
seqinspector_1497_ERR11627307,https://ftp.sra.ebi.ac.uk/vol1/fastq/ERR116/007/ERR11627307/ERR11627307_1.fastq.gz,https://ftp.sra.ebi.ac.uk/vol1/fastq/ERR116/007/ERR11627307/ERR11627307_2.fastq.gz,,mmapbench
seqinspector_1498_ERR11489878,https://ftp.sra.ebi.ac.uk/vol1/fastq/ERR114/078/ERR11489878/ERR11489878_1.fastq.gz,https://ftp.sra.ebi.ac.uk/vol1/fastq/ERR114/078/ERR11489878/ERR11489878_2.fastq.gz,,mmapbench
seqinspector_1499_ERR14048729,https://ftp.sra.ebi.ac.uk/vol1/fastq/ERR140/029/ERR14048729/ERR14048729_1.fastq.gz,https://ftp.sra.ebi.ac.uk/vol1/fastq/ERR140/029/ERR14048729/ERR14048729_2.fastq.gz,,mmapbench
seqinspector_1500_ERR14211644,https://ftp.sra.ebi.ac.uk/vol1/fastq/ERR142/044/ERR14211644/ERR14211644_1.fastq.gz,https://ftp.sra.ebi.ac.uk/vol1/fastq/ERR142/044/ERR14211644/ERR14211644_2.fastq.gz,,mmapbench
seqinspector_1501_ERR3969671,https://ftp.sra.ebi.ac.uk/vol1/fastq/ERR396/001/ERR3969671/ERR3969671_1.fastq.gz,https://ftp.sra.ebi.ac.uk/vol1/fastq/ERR396/001/ERR3969671/ERR3969671_2.fastq.gz,,mmapbench
seqinspector_1502_ERR3903834,https://ftp.sra.ebi.ac.uk/vol1/fastq/ERR390/004/ERR3903834/ERR3903834_1.fastq.gz,https://ftp.sra.ebi.ac.uk/vol1/fastq/ERR390/004/ERR3903834/ERR3903834_2.fastq.gz,,mmapbench
seqinspector_1503_ERR10880586,https://ftp.sra.ebi.ac.uk/vol1/fastq/ERR108/086/ERR10880586/ERR10880586_1.fastq.gz,https://ftp.sra.ebi.ac.uk/vol1/fastq/ERR108/086/ERR10880586/ERR10880586_2.fastq.gz,,mmapbench
seqinspector_1504_DRR734894,https://ftp.sra.ebi.ac.uk/vol1/fastq/DRR734/DRR734894/DRR734894_1.fastq.gz,https://ftp.sra.ebi.ac.uk/vol1/fastq/DRR734/DRR734894/DRR734894_2.fastq.gz,,mmapbench
seqinspector_1505_ERR12308563,https://ftp.sra.ebi.ac.uk/vol1/fastq/ERR123/063/ERR12308563/ERR12308563_1.fastq.gz,https://ftp.sra.ebi.ac.uk/vol1/fastq/ERR123/063/ERR12308563/ERR12308563_2.fastq.gz,,mmapbench
seqinspector_1506_ERR14854222,https://ftp.sra.ebi.ac.uk/vol1/fastq/ERR148/022/ERR14854222/ERR14854222_1.fastq.gz,https://ftp.sra.ebi.ac.uk/vol1/fastq/ERR148/022/ERR14854222/ERR14854222_2.fastq.gz,,mmapbench
seqinspector_1507_ERR16712837,https://ftp.sra.ebi.ac.uk/vol1/fastq/ERR167/037/ERR16712837/ERR16712837_1.fastq.gz,https://ftp.sra.ebi.ac.uk/vol1/fastq/ERR167/037/ERR16712837/ERR16712837_2.fastq.gz,,mmapbench
seqinspector_1508_ERR10749701,https://ftp.sra.ebi.ac.uk/vol1/fastq/ERR107/001/ERR10749701/ERR10749701_1.fastq.gz,https://ftp.sra.ebi.ac.uk/vol1/fastq/ERR107/001/ERR10749701/ERR10749701_2.fastq.gz,,mmapbench
seqinspector_1509_ERR12316805,https://ftp.sra.ebi.ac.uk/vol1/fastq/ERR123/005/ERR12316805/ERR12316805_1.fastq.gz,https://ftp.sra.ebi.ac.uk/vol1/fastq/ERR123/005/ERR12316805/ERR12316805_2.fastq.gz,,mmapbench
seqinspector_1510_ERR14211892,https://ftp.sra.ebi.ac.uk/vol1/fastq/ERR142/092/ERR14211892/ERR14211892_1.fastq.gz,https://ftp.sra.ebi.ac.uk/vol1/fastq/ERR142/092/ERR14211892/ERR14211892_2.fastq.gz,,mmapbench
seqinspector_1511_ERR14195746,https://ftp.sra.ebi.ac.uk/vol1/fastq/ERR141/046/ERR14195746/ERR14195746_1.fastq.gz,https://ftp.sra.ebi.ac.uk/vol1/fastq/ERR141/046/ERR14195746/ERR14195746_2.fastq.gz,,mmapbench
seqinspector_1512_DRR099973,https://ftp.sra.ebi.ac.uk/vol1/fastq/DRR099/DRR099973/DRR099973_1.fastq.gz,https://ftp.sra.ebi.ac.uk/vol1/fastq/DRR099/DRR099973/DRR099973_2.fastq.gz,,mmapbench
seqinspector_1513_ERR15315421,https://ftp.sra.ebi.ac.uk/vol1/fastq/ERR153/021/ERR15315421/ERR15315421_1.fastq.gz,https://ftp.sra.ebi.ac.uk/vol1/fastq/ERR153/021/ERR15315421/ERR15315421_2.fastq.gz,,mmapbench
seqinspector_1514_ERR12219702,https://ftp.sra.ebi.ac.uk/vol1/fastq/ERR122/002/ERR12219702/ERR12219702_1.fastq.gz,https://ftp.sra.ebi.ac.uk/vol1/fastq/ERR122/002/ERR12219702/ERR12219702_2.fastq.gz,,mmapbench
seqinspector_1515_ERR14194790,https://ftp.sra.ebi.ac.uk/vol1/fastq/ERR141/090/ERR14194790/ERR14194790_1.fastq.gz,https://ftp.sra.ebi.ac.uk/vol1/fastq/ERR141/090/ERR14194790/ERR14194790_2.fastq.gz,,mmapbench
seqinspector_1516_ERR14210936,https://ftp.sra.ebi.ac.uk/vol1/fastq/ERR142/036/ERR14210936/ERR14210936_1.fastq.gz,https://ftp.sra.ebi.ac.uk/vol1/fastq/ERR142/036/ERR14210936/ERR14210936_2.fastq.gz,,mmapbench
seqinspector_1517_ERR14211831,https://ftp.sra.ebi.ac.uk/vol1/fastq/ERR142/031/ERR14211831/ERR14211831_1.fastq.gz,https://ftp.sra.ebi.ac.uk/vol1/fastq/ERR142/031/ERR14211831/ERR14211831_2.fastq.gz,,mmapbench
seqinspector_1518_ERR10881095,https://ftp.sra.ebi.ac.uk/vol1/fastq/ERR108/095/ERR10881095/ERR10881095_1.fastq.gz,https://ftp.sra.ebi.ac.uk/vol1/fastq/ERR108/095/ERR10881095/ERR10881095_2.fastq.gz,,mmapbench
seqinspector_1519_ERR16908485,https://ftp.sra.ebi.ac.uk/vol1/fastq/ERR169/085/ERR16908485/ERR16908485_1.fastq.gz,https://ftp.sra.ebi.ac.uk/vol1/fastq/ERR169/085/ERR16908485/ERR16908485_2.fastq.gz,,mmapbench
seqinspector_1520_ERR3955368,https://ftp.sra.ebi.ac.uk/vol1/fastq/ERR395/008/ERR3955368/ERR3955368_1.fastq.gz,https://ftp.sra.ebi.ac.uk/vol1/fastq/ERR395/008/ERR3955368/ERR3955368_2.fastq.gz,,mmapbench
seqinspector_1521_ERR14788917,https://ftp.sra.ebi.ac.uk/vol1/fastq/ERR147/017/ERR14788917/ERR14788917_1.fastq.gz,https://ftp.sra.ebi.ac.uk/vol1/fastq/ERR147/017/ERR14788917/ERR14788917_2.fastq.gz,,mmapbench
seqinspector_1522_ERR3682712,https://ftp.sra.ebi.ac.uk/vol1/fastq/ERR368/002/ERR3682712/ERR3682712_1.fastq.gz,https://ftp.sra.ebi.ac.uk/vol1/fastq/ERR368/002/ERR3682712/ERR3682712_2.fastq.gz,,mmapbench
seqinspector_1523_ERR4502450,https://ftp.sra.ebi.ac.uk/vol1/fastq/ERR450/000/ERR4502450/ERR4502450_1.fastq.gz,https://ftp.sra.ebi.ac.uk/vol1/fastq/ERR450/000/ERR4502450/ERR4502450_2.fastq.gz,,mmapbench
seqinspector_1524_ERR12520148,https://ftp.sra.ebi.ac.uk/vol1/fastq/ERR125/048/ERR12520148/ERR12520148_1.fastq.gz,https://ftp.sra.ebi.ac.uk/vol1/fastq/ERR125/048/ERR12520148/ERR12520148_2.fastq.gz,,mmapbench
seqinspector_1525_ERR12520230,https://ftp.sra.ebi.ac.uk/vol1/fastq/ERR125/030/ERR12520230/ERR12520230_1.fastq.gz,https://ftp.sra.ebi.ac.uk/vol1/fastq/ERR125/030/ERR12520230/ERR12520230_2.fastq.gz,,mmapbench
seqinspector_1526_ERR15664751,https://ftp.sra.ebi.ac.uk/vol1/fastq/ERR156/051/ERR15664751/ERR15664751_1.fastq.gz,https://ftp.sra.ebi.ac.uk/vol1/fastq/ERR156/051/ERR15664751/ERR15664751_2.fastq.gz,,mmapbench
seqinspector_1527_ERR2611616,https://ftp.sra.ebi.ac.uk/vol1/fastq/ERR261/006/ERR2611616/ERR2611616_1.fastq.gz,https://ftp.sra.ebi.ac.uk/vol1/fastq/ERR261/006/ERR2611616/ERR2611616_2.fastq.gz,,mmapbench
seqinspector_1528_ERR13911314,https://ftp.sra.ebi.ac.uk/vol1/fastq/ERR139/014/ERR13911314/ERR13911314_1.fastq.gz,https://ftp.sra.ebi.ac.uk/vol1/fastq/ERR139/014/ERR13911314/ERR13911314_2.fastq.gz,,mmapbench
seqinspector_1529_ERR11456428,https://ftp.sra.ebi.ac.uk/vol1/fastq/ERR114/028/ERR11456428/ERR11456428_1.fastq.gz,https://ftp.sra.ebi.ac.uk/vol1/fastq/ERR114/028/ERR11456428/ERR11456428_2.fastq.gz,,mmapbench
seqinspector_1530_ERR10299074,https://ftp.sra.ebi.ac.uk/vol1/fastq/ERR102/074/ERR10299074/ERR10299074_1.fastq.gz,https://ftp.sra.ebi.ac.uk/vol1/fastq/ERR102/074/ERR10299074/ERR10299074_2.fastq.gz,,mmapbench
seqinspector_1531_ERR10749827,https://ftp.sra.ebi.ac.uk/vol1/fastq/ERR107/027/ERR10749827/ERR10749827_1.fastq.gz,https://ftp.sra.ebi.ac.uk/vol1/fastq/ERR107/027/ERR10749827/ERR10749827_2.fastq.gz,,mmapbench
seqinspector_1532_ERR13061346,https://ftp.sra.ebi.ac.uk/vol1/fastq/ERR130/046/ERR13061346/ERR13061346_1.fastq.gz,https://ftp.sra.ebi.ac.uk/vol1/fastq/ERR130/046/ERR13061346/ERR13061346_2.fastq.gz,,mmapbench
seqinspector_1533_ERR2608300,https://ftp.sra.ebi.ac.uk/vol1/fastq/ERR260/000/ERR2608300/ERR2608300_1.fastq.gz,https://ftp.sra.ebi.ac.uk/vol1/fastq/ERR260/000/ERR2608300/ERR2608300_2.fastq.gz,,mmapbench
seqinspector_1534_ERR10749795,https://ftp.sra.ebi.ac.uk/vol1/fastq/ERR107/095/ERR10749795/ERR10749795_1.fastq.gz,https://ftp.sra.ebi.ac.uk/vol1/fastq/ERR107/095/ERR10749795/ERR10749795_2.fastq.gz,,mmapbench
seqinspector_1535_ERR11456289,https://ftp.sra.ebi.ac.uk/vol1/fastq/ERR114/089/ERR11456289/ERR11456289_1.fastq.gz,https://ftp.sra.ebi.ac.uk/vol1/fastq/ERR114/089/ERR11456289/ERR11456289_2.fastq.gz,,mmapbench
seqinspector_1536_ERR14946265,https://ftp.sra.ebi.ac.uk/vol1/fastq/ERR149/065/ERR14946265/ERR14946265_1.fastq.gz,https://ftp.sra.ebi.ac.uk/vol1/fastq/ERR149/065/ERR14946265/ERR14946265_2.fastq.gz,,mmapbench
seqinspector_1537_ERR4503256,https://ftp.sra.ebi.ac.uk/vol1/fastq/ERR450/006/ERR4503256/ERR4503256_1.fastq.gz,https://ftp.sra.ebi.ac.uk/vol1/fastq/ERR450/006/ERR4503256/ERR4503256_2.fastq.gz,,mmapbench
seqinspector_1538_ERR12038310,https://ftp.sra.ebi.ac.uk/vol1/fastq/ERR120/010/ERR12038310/ERR12038310_1.fastq.gz,https://ftp.sra.ebi.ac.uk/vol1/fastq/ERR120/010/ERR12038310/ERR12038310_2.fastq.gz,,mmapbench
seqinspector_1539_ERR1056330,https://ftp.sra.ebi.ac.uk/vol1/fastq/ERR105/000/ERR1056330/ERR1056330_1.fastq.gz,https://ftp.sra.ebi.ac.uk/vol1/fastq/ERR105/000/ERR1056330/ERR1056330_2.fastq.gz,,mmapbench
seqinspector_1540_ERR14211761,https://ftp.sra.ebi.ac.uk/vol1/fastq/ERR142/061/ERR14211761/ERR14211761_1.fastq.gz,https://ftp.sra.ebi.ac.uk/vol1/fastq/ERR142/061/ERR14211761/ERR14211761_2.fastq.gz,,mmapbench
seqinspector_1541_ERR16023605,https://ftp.sra.ebi.ac.uk/vol1/fastq/ERR160/005/ERR16023605/ERR16023605_1.fastq.gz,https://ftp.sra.ebi.ac.uk/vol1/fastq/ERR160/005/ERR16023605/ERR16023605_2.fastq.gz,,mmapbench
seqinspector_1542_ERR16147808,https://ftp.sra.ebi.ac.uk/vol1/fastq/ERR161/008/ERR16147808/ERR16147808_1.fastq.gz,https://ftp.sra.ebi.ac.uk/vol1/fastq/ERR161/008/ERR16147808/ERR16147808_2.fastq.gz,,mmapbench
seqinspector_1543_ERR16713548,https://ftp.sra.ebi.ac.uk/vol1/fastq/ERR167/048/ERR16713548/ERR16713548_1.fastq.gz,https://ftp.sra.ebi.ac.uk/vol1/fastq/ERR167/048/ERR16713548/ERR16713548_2.fastq.gz,,mmapbench
seqinspector_1544_ERR12316853,https://ftp.sra.ebi.ac.uk/vol1/fastq/ERR123/053/ERR12316853/ERR12316853_1.fastq.gz,https://ftp.sra.ebi.ac.uk/vol1/fastq/ERR123/053/ERR12316853/ERR12316853_2.fastq.gz,,mmapbench
seqinspector_1545_ERR15419000,https://ftp.sra.ebi.ac.uk/vol1/fastq/ERR154/000/ERR15419000/ERR15419000_1.fastq.gz,https://ftp.sra.ebi.ac.uk/vol1/fastq/ERR154/000/ERR15419000/ERR15419000_2.fastq.gz,,mmapbench
seqinspector_1546_ERR14802491,https://ftp.sra.ebi.ac.uk/vol1/fastq/ERR148/091/ERR14802491/ERR14802491_1.fastq.gz,https://ftp.sra.ebi.ac.uk/vol1/fastq/ERR148/091/ERR14802491/ERR14802491_2.fastq.gz,,mmapbench
seqinspector_1547_ERR2608279,https://ftp.sra.ebi.ac.uk/vol1/fastq/ERR260/009/ERR2608279/ERR2608279_1.fastq.gz,https://ftp.sra.ebi.ac.uk/vol1/fastq/ERR260/009/ERR2608279/ERR2608279_2.fastq.gz,,mmapbench
seqinspector_1548_ERR14211341,https://ftp.sra.ebi.ac.uk/vol1/fastq/ERR142/041/ERR14211341/ERR14211341_1.fastq.gz,https://ftp.sra.ebi.ac.uk/vol1/fastq/ERR142/041/ERR14211341/ERR14211341_2.fastq.gz,,mmapbench
seqinspector_1549_ERR14195195,https://ftp.sra.ebi.ac.uk/vol1/fastq/ERR141/095/ERR14195195/ERR14195195_1.fastq.gz,https://ftp.sra.ebi.ac.uk/vol1/fastq/ERR141/095/ERR14195195/ERR14195195_2.fastq.gz,,mmapbench
seqinspector_1550_DRR099979,https://ftp.sra.ebi.ac.uk/vol1/fastq/DRR099/DRR099979/DRR099979_1.fastq.gz,https://ftp.sra.ebi.ac.uk/vol1/fastq/DRR099/DRR099979/DRR099979_2.fastq.gz,,mmapbench
seqinspector_1551_ERR14788905,https://ftp.sra.ebi.ac.uk/vol1/fastq/ERR147/005/ERR14788905/ERR14788905_1.fastq.gz,https://ftp.sra.ebi.ac.uk/vol1/fastq/ERR147/005/ERR14788905/ERR14788905_2.fastq.gz,,mmapbench
seqinspector_1552_ERR2608217,https://ftp.sra.ebi.ac.uk/vol1/fastq/ERR260/007/ERR2608217/ERR2608217_1.fastq.gz,https://ftp.sra.ebi.ac.uk/vol1/fastq/ERR260/007/ERR2608217/ERR2608217_2.fastq.gz,,mmapbench
seqinspector_1553_ERR1137639,https://ftp.sra.ebi.ac.uk/vol1/fastq/ERR113/009/ERR1137639/ERR1137639_1.fastq.gz,https://ftp.sra.ebi.ac.uk/vol1/fastq/ERR113/009/ERR1137639/ERR1137639_2.fastq.gz,,mmapbench
seqinspector_1554_ERR3061632,https://ftp.sra.ebi.ac.uk/vol1/fastq/ERR306/002/ERR3061632/ERR3061632_1.fastq.gz,https://ftp.sra.ebi.ac.uk/vol1/fastq/ERR306/002/ERR3061632/ERR3061632_2.fastq.gz,,mmapbench
seqinspector_1555_ERR11144854,https://ftp.sra.ebi.ac.uk/vol1/fastq/ERR111/054/ERR11144854/ERR11144854_1.fastq.gz,https://ftp.sra.ebi.ac.uk/vol1/fastq/ERR111/054/ERR11144854/ERR11144854_2.fastq.gz,,mmapbench
seqinspector_1556_ERR3663019,https://ftp.sra.ebi.ac.uk/vol1/fastq/ERR366/009/ERR3663019/ERR3663019_1.fastq.gz,https://ftp.sra.ebi.ac.uk/vol1/fastq/ERR366/009/ERR3663019/ERR3663019_2.fastq.gz,,mmapbench
seqinspector_1557_ERR15135618,https://ftp.sra.ebi.ac.uk/vol1/fastq/ERR151/018/ERR15135618/ERR15135618_1.fastq.gz,https://ftp.sra.ebi.ac.uk/vol1/fastq/ERR151/018/ERR15135618/ERR15135618_2.fastq.gz,,mmapbench
seqinspector_1558_ERR12556566,https://ftp.sra.ebi.ac.uk/vol1/fastq/ERR125/066/ERR12556566/ERR12556566_1.fastq.gz,https://ftp.sra.ebi.ac.uk/vol1/fastq/ERR125/066/ERR12556566/ERR12556566_2.fastq.gz,,mmapbench
seqinspector_1559_ERR16908510,https://ftp.sra.ebi.ac.uk/vol1/fastq/ERR169/010/ERR16908510/ERR16908510_1.fastq.gz,https://ftp.sra.ebi.ac.uk/vol1/fastq/ERR169/010/ERR16908510/ERR16908510_2.fastq.gz,,mmapbench
seqinspector_1560_ERR3682681,https://ftp.sra.ebi.ac.uk/vol1/fastq/ERR368/001/ERR3682681/ERR3682681_1.fastq.gz,https://ftp.sra.ebi.ac.uk/vol1/fastq/ERR368/001/ERR3682681/ERR3682681_2.fastq.gz,,mmapbench
seqinspector_1561_ERR12556568,https://ftp.sra.ebi.ac.uk/vol1/fastq/ERR125/068/ERR12556568/ERR12556568_1.fastq.gz,https://ftp.sra.ebi.ac.uk/vol1/fastq/ERR125/068/ERR12556568/ERR12556568_2.fastq.gz,,mmapbench
seqinspector_1562_ERR12220494,https://ftp.sra.ebi.ac.uk/vol1/fastq/ERR122/094/ERR12220494/ERR12220494_1.fastq.gz,https://ftp.sra.ebi.ac.uk/vol1/fastq/ERR122/094/ERR12220494/ERR12220494_2.fastq.gz,,mmapbench
seqinspector_1563_ERR12217794,https://ftp.sra.ebi.ac.uk/vol1/fastq/ERR122/094/ERR12217794/ERR12217794_1.fastq.gz,https://ftp.sra.ebi.ac.uk/vol1/fastq/ERR122/094/ERR12217794/ERR12217794_2.fastq.gz,,mmapbench
seqinspector_1564_ERR16711509,https://ftp.sra.ebi.ac.uk/vol1/fastq/ERR167/009/ERR16711509/ERR16711509_1.fastq.gz,https://ftp.sra.ebi.ac.uk/vol1/fastq/ERR167/009/ERR16711509/ERR16711509_2.fastq.gz,,mmapbench
seqinspector_1565_ERR10749615,https://ftp.sra.ebi.ac.uk/vol1/fastq/ERR107/015/ERR10749615/ERR10749615_1.fastq.gz,https://ftp.sra.ebi.ac.uk/vol1/fastq/ERR107/015/ERR10749615/ERR10749615_2.fastq.gz,,mmapbench
seqinspector_1566_ERR3955698,https://ftp.sra.ebi.ac.uk/vol1/fastq/ERR395/008/ERR3955698/ERR3955698_1.fastq.gz,https://ftp.sra.ebi.ac.uk/vol1/fastq/ERR395/008/ERR3955698/ERR3955698_2.fastq.gz,,mmapbench
seqinspector_1567_ERR14195673,https://ftp.sra.ebi.ac.uk/vol1/fastq/ERR141/073/ERR14195673/ERR14195673_1.fastq.gz,https://ftp.sra.ebi.ac.uk/vol1/fastq/ERR141/073/ERR14195673/ERR14195673_2.fastq.gz,,mmapbench
seqinspector_1568_ERR16004073,https://ftp.sra.ebi.ac.uk/vol1/fastq/ERR160/073/ERR16004073/ERR16004073_1.fastq.gz,https://ftp.sra.ebi.ac.uk/vol1/fastq/ERR160/073/ERR16004073/ERR16004073_2.fastq.gz,,mmapbench
seqinspector_1569_ERR16010456,https://ftp.sra.ebi.ac.uk/vol1/fastq/ERR160/056/ERR16010456/ERR16010456_1.fastq.gz,https://ftp.sra.ebi.ac.uk/vol1/fastq/ERR160/056/ERR16010456/ERR16010456_2.fastq.gz,,mmapbench
seqinspector_1570_ERR14194907,https://ftp.sra.ebi.ac.uk/vol1/fastq/ERR141/007/ERR14194907/ERR14194907_1.fastq.gz,https://ftp.sra.ebi.ac.uk/vol1/fastq/ERR141/007/ERR14194907/ERR14194907_2.fastq.gz,,mmapbench
seqinspector_1571_ERR14210897,https://ftp.sra.ebi.ac.uk/vol1/fastq/ERR142/097/ERR14210897/ERR14210897_1.fastq.gz,https://ftp.sra.ebi.ac.uk/vol1/fastq/ERR142/097/ERR14210897/ERR14210897_2.fastq.gz,,mmapbench
seqinspector_1572_ERR4503279,https://ftp.sra.ebi.ac.uk/vol1/fastq/ERR450/009/ERR4503279/ERR4503279_1.fastq.gz,https://ftp.sra.ebi.ac.uk/vol1/fastq/ERR450/009/ERR4503279/ERR4503279_2.fastq.gz,,mmapbench
seqinspector_1573_ERR2863516,https://ftp.sra.ebi.ac.uk/vol1/fastq/ERR286/006/ERR2863516/ERR2863516_1.fastq.gz,https://ftp.sra.ebi.ac.uk/vol1/fastq/ERR286/006/ERR2863516/ERR2863516_2.fastq.gz,,mmapbench
seqinspector_1574_ERR15563264,https://ftp.sra.ebi.ac.uk/vol1/fastq/ERR155/064/ERR15563264/ERR15563264_1.fastq.gz,https://ftp.sra.ebi.ac.uk/vol1/fastq/ERR155/064/ERR15563264/ERR15563264_2.fastq.gz,,mmapbench
seqinspector_1575_ERR3769504,https://ftp.sra.ebi.ac.uk/vol1/fastq/ERR376/004/ERR3769504/ERR3769504_1.fastq.gz,https://ftp.sra.ebi.ac.uk/vol1/fastq/ERR376/004/ERR3769504/ERR3769504_2.fastq.gz,,mmapbench
seqinspector_1576_ERR14801745,https://ftp.sra.ebi.ac.uk/vol1/fastq/ERR148/045/ERR14801745/ERR14801745_1.fastq.gz,https://ftp.sra.ebi.ac.uk/vol1/fastq/ERR148/045/ERR14801745/ERR14801745_2.fastq.gz,,mmapbench
seqinspector_1577_ERR4502097,https://ftp.sra.ebi.ac.uk/vol1/fastq/ERR450/007/ERR4502097/ERR4502097_1.fastq.gz,https://ftp.sra.ebi.ac.uk/vol1/fastq/ERR450/007/ERR4502097/ERR4502097_2.fastq.gz,,mmapbench
seqinspector_1578_ERR10017659,https://ftp.sra.ebi.ac.uk/vol1/fastq/ERR100/059/ERR10017659/ERR10017659_1.fastq.gz,https://ftp.sra.ebi.ac.uk/vol1/fastq/ERR100/059/ERR10017659/ERR10017659_2.fastq.gz,,mmapbench
seqinspector_1579_ERR12220006,https://ftp.sra.ebi.ac.uk/vol1/fastq/ERR122/006/ERR12220006/ERR12220006_1.fastq.gz,https://ftp.sra.ebi.ac.uk/vol1/fastq/ERR122/006/ERR12220006/ERR12220006_2.fastq.gz,,mmapbench
seqinspector_1580_ERR2611550,https://ftp.sra.ebi.ac.uk/vol1/fastq/ERR261/000/ERR2611550/ERR2611550_1.fastq.gz,https://ftp.sra.ebi.ac.uk/vol1/fastq/ERR261/000/ERR2611550/ERR2611550_2.fastq.gz,,mmapbench
seqinspector_1581_ERR12218637,https://ftp.sra.ebi.ac.uk/vol1/fastq/ERR122/037/ERR12218637/ERR12218637_1.fastq.gz,https://ftp.sra.ebi.ac.uk/vol1/fastq/ERR122/037/ERR12218637/ERR12218637_2.fastq.gz,,mmapbench
seqinspector_1582_ERR14210825,https://ftp.sra.ebi.ac.uk/vol1/fastq/ERR142/025/ERR14210825/ERR14210825_1.fastq.gz,https://ftp.sra.ebi.ac.uk/vol1/fastq/ERR142/025/ERR14210825/ERR14210825_2.fastq.gz,,mmapbench
seqinspector_1583_ERR14194679,https://ftp.sra.ebi.ac.uk/vol1/fastq/ERR141/079/ERR14194679/ERR14194679_1.fastq.gz,https://ftp.sra.ebi.ac.uk/vol1/fastq/ERR141/079/ERR14194679/ERR14194679_2.fastq.gz,,mmapbench
seqinspector_1584_ERR15114938,https://ftp.sra.ebi.ac.uk/vol1/fastq/ERR151/038/ERR15114938/ERR15114938_1.fastq.gz,https://ftp.sra.ebi.ac.uk/vol1/fastq/ERR151/038/ERR15114938/ERR15114938_2.fastq.gz,,mmapbench
seqinspector_1585_ERR3769434,https://ftp.sra.ebi.ac.uk/vol1/fastq/ERR376/004/ERR3769434/ERR3769434_1.fastq.gz,https://ftp.sra.ebi.ac.uk/vol1/fastq/ERR376/004/ERR3769434/ERR3769434_2.fastq.gz,,mmapbench
seqinspector_1586_ERR10749594,https://ftp.sra.ebi.ac.uk/vol1/fastq/ERR107/094/ERR10749594/ERR10749594_1.fastq.gz,https://ftp.sra.ebi.ac.uk/vol1/fastq/ERR107/094/ERR10749594/ERR10749594_2.fastq.gz,,mmapbench
seqinspector_1587_ERR12520327,https://ftp.sra.ebi.ac.uk/vol1/fastq/ERR125/027/ERR12520327/ERR12520327_1.fastq.gz,https://ftp.sra.ebi.ac.uk/vol1/fastq/ERR125/027/ERR12520327/ERR12520327_2.fastq.gz,,mmapbench
seqinspector_1588_ERR14927689,https://ftp.sra.ebi.ac.uk/vol1/fastq/ERR149/089/ERR14927689/ERR14927689_1.fastq.gz,https://ftp.sra.ebi.ac.uk/vol1/fastq/ERR149/089/ERR14927689/ERR14927689_2.fastq.gz,,mmapbench
seqinspector_1589_ERR14211696,https://ftp.sra.ebi.ac.uk/vol1/fastq/ERR142/096/ERR14211696/ERR14211696_1.fastq.gz,https://ftp.sra.ebi.ac.uk/vol1/fastq/ERR142/096/ERR14211696/ERR14211696_2.fastq.gz,,mmapbench
seqinspector_1590_ERR4503549,https://ftp.sra.ebi.ac.uk/vol1/fastq/ERR450/009/ERR4503549/ERR4503549_1.fastq.gz,https://ftp.sra.ebi.ac.uk/vol1/fastq/ERR450/009/ERR4503549/ERR4503549_2.fastq.gz,,mmapbench
seqinspector_1591_ERR11646946,https://ftp.sra.ebi.ac.uk/vol1/fastq/ERR116/046/ERR11646946/ERR11646946_1.fastq.gz,https://ftp.sra.ebi.ac.uk/vol1/fastq/ERR116/046/ERR11646946/ERR11646946_2.fastq.gz,,mmapbench
seqinspector_1592_ERR3061541,https://ftp.sra.ebi.ac.uk/vol1/fastq/ERR306/001/ERR3061541/ERR3061541_1.fastq.gz,https://ftp.sra.ebi.ac.uk/vol1/fastq/ERR306/001/ERR3061541/ERR3061541_2.fastq.gz,,mmapbench
seqinspector_1593_DRR734891,https://ftp.sra.ebi.ac.uk/vol1/fastq/DRR734/DRR734891/DRR734891_1.fastq.gz,https://ftp.sra.ebi.ac.uk/vol1/fastq/DRR734/DRR734891/DRR734891_2.fastq.gz,,mmapbench
seqinspector_1594_ERR16709776,https://ftp.sra.ebi.ac.uk/vol1/fastq/ERR167/076/ERR16709776/ERR16709776_1.fastq.gz,https://ftp.sra.ebi.ac.uk/vol1/fastq/ERR167/076/ERR16709776/ERR16709776_2.fastq.gz,,mmapbench
seqinspector_1595_ERR15114879,https://ftp.sra.ebi.ac.uk/vol1/fastq/ERR151/079/ERR15114879/ERR15114879_1.fastq.gz,https://ftp.sra.ebi.ac.uk/vol1/fastq/ERR151/079/ERR15114879/ERR15114879_2.fastq.gz,,mmapbench
seqinspector_1596_ERR12218638,https://ftp.sra.ebi.ac.uk/vol1/fastq/ERR122/038/ERR12218638/ERR12218638_1.fastq.gz,https://ftp.sra.ebi.ac.uk/vol1/fastq/ERR122/038/ERR12218638/ERR12218638_2.fastq.gz,,mmapbench
seqinspector_1597_ERR10743789,https://ftp.sra.ebi.ac.uk/vol1/fastq/ERR107/089/ERR10743789/ERR10743789_1.fastq.gz,https://ftp.sra.ebi.ac.uk/vol1/fastq/ERR107/089/ERR10743789/ERR10743789_2.fastq.gz,,mmapbench
seqinspector_1598_ERR15898339,https://ftp.sra.ebi.ac.uk/vol1/fastq/ERR158/039/ERR15898339/ERR15898339_1.fastq.gz,https://ftp.sra.ebi.ac.uk/vol1/fastq/ERR158/039/ERR15898339/ERR15898339_2.fastq.gz,,mmapbench
seqinspector_1599_ERR14853920,https://ftp.sra.ebi.ac.uk/vol1/fastq/ERR148/020/ERR14853920/ERR14853920_1.fastq.gz,https://ftp.sra.ebi.ac.uk/vol1/fastq/ERR148/020/ERR14853920/ERR14853920_2.fastq.gz,,mmapbench
seqinspector_1600_ERR4181636,https://ftp.sra.ebi.ac.uk/vol1/fastq/ERR418/006/ERR4181636/ERR4181636_1.fastq.gz,https://ftp.sra.ebi.ac.uk/vol1/fastq/ERR418/006/ERR4181636/ERR4181636_2.fastq.gz,,mmapbench
seqinspector_1601_ERR2182459,https://ftp.sra.ebi.ac.uk/vol1/fastq/ERR218/009/ERR2182459/ERR2182459_1.fastq.gz,https://ftp.sra.ebi.ac.uk/vol1/fastq/ERR218/009/ERR2182459/ERR2182459_2.fastq.gz,,mmapbench
seqinspector_1602_ERR10749773,https://ftp.sra.ebi.ac.uk/vol1/fastq/ERR107/073/ERR10749773/ERR10749773_1.fastq.gz,https://ftp.sra.ebi.ac.uk/vol1/fastq/ERR107/073/ERR10749773/ERR10749773_2.fastq.gz,,mmapbench
seqinspector_1603_ERR14801719,https://ftp.sra.ebi.ac.uk/vol1/fastq/ERR148/019/ERR14801719/ERR14801719_1.fastq.gz,https://ftp.sra.ebi.ac.uk/vol1/fastq/ERR148/019/ERR14801719/ERR14801719_2.fastq.gz,,mmapbench
seqinspector_1604_ERR12828344,https://ftp.sra.ebi.ac.uk/vol1/fastq/ERR128/044/ERR12828344/ERR12828344_1.fastq.gz,https://ftp.sra.ebi.ac.uk/vol1/fastq/ERR128/044/ERR12828344/ERR12828344_2.fastq.gz,,mmapbench
seqinspector_1605_ERR15418893,https://ftp.sra.ebi.ac.uk/vol1/fastq/ERR154/093/ERR15418893/ERR15418893_1.fastq.gz,https://ftp.sra.ebi.ac.uk/vol1/fastq/ERR154/093/ERR15418893/ERR15418893_2.fastq.gz,,mmapbench
seqinspector_1606_ERR14211413,https://ftp.sra.ebi.ac.uk/vol1/fastq/ERR142/013/ERR14211413/ERR14211413_1.fastq.gz,https://ftp.sra.ebi.ac.uk/vol1/fastq/ERR142/013/ERR14211413/ERR14211413_2.fastq.gz,,mmapbench
seqinspector_1607_ERR15315440,https://ftp.sra.ebi.ac.uk/vol1/fastq/ERR153/040/ERR15315440/ERR15315440_1.fastq.gz,https://ftp.sra.ebi.ac.uk/vol1/fastq/ERR153/040/ERR15315440/ERR15315440_2.fastq.gz,,mmapbench
seqinspector_1608_ERR14802519,https://ftp.sra.ebi.ac.uk/vol1/fastq/ERR148/019/ERR14802519/ERR14802519_1.fastq.gz,https://ftp.sra.ebi.ac.uk/vol1/fastq/ERR148/019/ERR14802519/ERR14802519_2.fastq.gz,,mmapbench
seqinspector_1609_ERR11627471,https://ftp.sra.ebi.ac.uk/vol1/fastq/ERR116/071/ERR11627471/ERR11627471_1.fastq.gz,https://ftp.sra.ebi.ac.uk/vol1/fastq/ERR116/071/ERR11627471/ERR11627471_2.fastq.gz,,mmapbench
seqinspector_1610_ERR12520388,https://ftp.sra.ebi.ac.uk/vol1/fastq/ERR125/088/ERR12520388/ERR12520388_1.fastq.gz,https://ftp.sra.ebi.ac.uk/vol1/fastq/ERR125/088/ERR12520388/ERR12520388_2.fastq.gz,,mmapbench
seqinspector_1611_ERR10742894,https://ftp.sra.ebi.ac.uk/vol1/fastq/ERR107/094/ERR10742894/ERR10742894_1.fastq.gz,https://ftp.sra.ebi.ac.uk/vol1/fastq/ERR107/094/ERR10742894/ERR10742894_2.fastq.gz,,mmapbench
seqinspector_1612_ERR12556259,https://ftp.sra.ebi.ac.uk/vol1/fastq/ERR125/059/ERR12556259/ERR12556259_1.fastq.gz,https://ftp.sra.ebi.ac.uk/vol1/fastq/ERR125/059/ERR12556259/ERR12556259_2.fastq.gz,,mmapbench
seqinspector_1613_ERR3682659,https://ftp.sra.ebi.ac.uk/vol1/fastq/ERR368/009/ERR3682659/ERR3682659_1.fastq.gz,https://ftp.sra.ebi.ac.uk/vol1/fastq/ERR368/009/ERR3682659/ERR3682659_2.fastq.gz,,mmapbench
seqinspector_1614_ERR3682690,https://ftp.sra.ebi.ac.uk/vol1/fastq/ERR368/000/ERR3682690/ERR3682690_1.fastq.gz,https://ftp.sra.ebi.ac.uk/vol1/fastq/ERR368/000/ERR3682690/ERR3682690_2.fastq.gz,,mmapbench
seqinspector_1615_ERR3682656,https://ftp.sra.ebi.ac.uk/vol1/fastq/ERR368/006/ERR3682656/ERR3682656_1.fastq.gz,https://ftp.sra.ebi.ac.uk/vol1/fastq/ERR368/006/ERR3682656/ERR3682656_2.fastq.gz,,mmapbench
seqinspector_1616_ERR13191757,https://ftp.sra.ebi.ac.uk/vol1/fastq/ERR131/057/ERR13191757/ERR13191757_1.fastq.gz,https://ftp.sra.ebi.ac.uk/vol1/fastq/ERR131/057/ERR13191757/ERR13191757_2.fastq.gz,,mmapbench
seqinspector_1617_ERR4502238,https://ftp.sra.ebi.ac.uk/vol1/fastq/ERR450/008/ERR4502238/ERR4502238_1.fastq.gz,https://ftp.sra.ebi.ac.uk/vol1/fastq/ERR450/008/ERR4502238/ERR4502238_2.fastq.gz,,mmapbench
seqinspector_1618_ERR10898233,https://ftp.sra.ebi.ac.uk/vol1/fastq/ERR108/033/ERR10898233/ERR10898233_1.fastq.gz,https://ftp.sra.ebi.ac.uk/vol1/fastq/ERR108/033/ERR10898233/ERR10898233_2.fastq.gz,,mmapbench
seqinspector_1619_ERR4503287,https://ftp.sra.ebi.ac.uk/vol1/fastq/ERR450/007/ERR4503287/ERR4503287_1.fastq.gz,https://ftp.sra.ebi.ac.uk/vol1/fastq/ERR450/007/ERR4503287/ERR4503287_2.fastq.gz,,mmapbench
seqinspector_1620_ERR17498014,https://ftp.sra.ebi.ac.uk/vol1/fastq/ERR174/014/ERR17498014/ERR17498014_1.fastq.gz,https://ftp.sra.ebi.ac.uk/vol1/fastq/ERR174/014/ERR17498014/ERR17498014_2.fastq.gz,,mmapbench
seqinspector_1621_ERR10882459,https://ftp.sra.ebi.ac.uk/vol1/fastq/ERR108/059/ERR10882459/ERR10882459_1.fastq.gz,https://ftp.sra.ebi.ac.uk/vol1/fastq/ERR108/059/ERR10882459/ERR10882459_2.fastq.gz,,mmapbench
seqinspector_1622_ERR11441816,https://ftp.sra.ebi.ac.uk/vol1/fastq/ERR114/016/ERR11441816/ERR11441816_1.fastq.gz,https://ftp.sra.ebi.ac.uk/vol1/fastq/ERR114/016/ERR11441816/ERR11441816_2.fastq.gz,,mmapbench
seqinspector_1623_ERR14211405,https://ftp.sra.ebi.ac.uk/vol1/fastq/ERR142/005/ERR14211405/ERR14211405_1.fastq.gz,https://ftp.sra.ebi.ac.uk/vol1/fastq/ERR142/005/ERR14211405/ERR14211405_2.fastq.gz,,mmapbench
seqinspector_1624_ERR14195259,https://ftp.sra.ebi.ac.uk/vol1/fastq/ERR141/059/ERR14195259/ERR14195259_1.fastq.gz,https://ftp.sra.ebi.ac.uk/vol1/fastq/ERR141/059/ERR14195259/ERR14195259_2.fastq.gz,,mmapbench
seqinspector_1625_ERR11563311,https://ftp.sra.ebi.ac.uk/vol1/fastq/ERR115/011/ERR11563311/ERR11563311_1.fastq.gz,https://ftp.sra.ebi.ac.uk/vol1/fastq/ERR115/011/ERR11563311/ERR11563311_2.fastq.gz,,mmapbench
seqinspector_1626_ERR10749613,https://ftp.sra.ebi.ac.uk/vol1/fastq/ERR107/013/ERR10749613/ERR10749613_1.fastq.gz,https://ftp.sra.ebi.ac.uk/vol1/fastq/ERR107/013/ERR10749613/ERR10749613_2.fastq.gz,,mmapbench
seqinspector_1627_ERR15665449,https://ftp.sra.ebi.ac.uk/vol1/fastq/ERR156/049/ERR15665449/ERR15665449_1.fastq.gz,https://ftp.sra.ebi.ac.uk/vol1/fastq/ERR156/049/ERR15665449/ERR15665449_2.fastq.gz,,mmapbench
seqinspector_1628_ERR10394960,https://ftp.sra.ebi.ac.uk/vol1/fastq/ERR103/060/ERR10394960/ERR10394960_1.fastq.gz,https://ftp.sra.ebi.ac.uk/vol1/fastq/ERR103/060/ERR10394960/ERR10394960_2.fastq.gz,,mmapbench
seqinspector_1629_ERR13718752,https://ftp.sra.ebi.ac.uk/vol1/fastq/ERR137/052/ERR13718752/ERR13718752_1.fastq.gz,https://ftp.sra.ebi.ac.uk/vol1/fastq/ERR137/052/ERR13718752/ERR13718752_2.fastq.gz,,mmapbench
seqinspector_1630_ERR13699848,https://ftp.sra.ebi.ac.uk/vol1/fastq/ERR136/048/ERR13699848/ERR13699848_1.fastq.gz,https://ftp.sra.ebi.ac.uk/vol1/fastq/ERR136/048/ERR13699848/ERR13699848_2.fastq.gz,,mmapbench
seqinspector_1631_ERR3670803,https://ftp.sra.ebi.ac.uk/vol1/fastq/ERR367/003/ERR3670803/ERR3670803_1.fastq.gz,https://ftp.sra.ebi.ac.uk/vol1/fastq/ERR367/003/ERR3670803/ERR3670803_2.fastq.gz,,mmapbench
seqinspector_1632_ERR14788873,https://ftp.sra.ebi.ac.uk/vol1/fastq/ERR147/073/ERR14788873/ERR14788873_1.fastq.gz,https://ftp.sra.ebi.ac.uk/vol1/fastq/ERR147/073/ERR14788873/ERR14788873_2.fastq.gz,,mmapbench
seqinspector_1633_DRR735010,https://ftp.sra.ebi.ac.uk/vol1/fastq/DRR735/DRR735010/DRR735010_1.fastq.gz,https://ftp.sra.ebi.ac.uk/vol1/fastq/DRR735/DRR735010/DRR735010_2.fastq.gz,,mmapbench
seqinspector_1634_ERR10744043,https://ftp.sra.ebi.ac.uk/vol1/fastq/ERR107/043/ERR10744043/ERR10744043_1.fastq.gz,https://ftp.sra.ebi.ac.uk/vol1/fastq/ERR107/043/ERR10744043/ERR10744043_2.fastq.gz,,mmapbench
seqinspector_1635_ERR15135546,https://ftp.sra.ebi.ac.uk/vol1/fastq/ERR151/046/ERR15135546/ERR15135546_1.fastq.gz,https://ftp.sra.ebi.ac.uk/vol1/fastq/ERR151/046/ERR15135546/ERR15135546_2.fastq.gz,,mmapbench
seqinspector_1636_ERR14211354,https://ftp.sra.ebi.ac.uk/vol1/fastq/ERR142/054/ERR14211354/ERR14211354_1.fastq.gz,https://ftp.sra.ebi.ac.uk/vol1/fastq/ERR142/054/ERR14211354/ERR14211354_2.fastq.gz,,mmapbench
seqinspector_1637_ERR2608486,https://ftp.sra.ebi.ac.uk/vol1/fastq/ERR260/006/ERR2608486/ERR2608486_1.fastq.gz,https://ftp.sra.ebi.ac.uk/vol1/fastq/ERR260/006/ERR2608486/ERR2608486_2.fastq.gz,,mmapbench
seqinspector_1638_ERR3726547,https://ftp.sra.ebi.ac.uk/vol1/fastq/ERR372/007/ERR3726547/ERR3726547_1.fastq.gz,https://ftp.sra.ebi.ac.uk/vol1/fastq/ERR372/007/ERR3726547/ERR3726547_2.fastq.gz,,mmapbench
seqinspector_1639_ERR14195558,https://ftp.sra.ebi.ac.uk/vol1/fastq/ERR141/058/ERR14195558/ERR14195558_1.fastq.gz,https://ftp.sra.ebi.ac.uk/vol1/fastq/ERR141/058/ERR14195558/ERR14195558_2.fastq.gz,,mmapbench
seqinspector_1640_ERR2611605,https://ftp.sra.ebi.ac.uk/vol1/fastq/ERR261/005/ERR2611605/ERR2611605_1.fastq.gz,https://ftp.sra.ebi.ac.uk/vol1/fastq/ERR261/005/ERR2611605/ERR2611605_2.fastq.gz,,mmapbench
seqinspector_1641_ERR12520531,https://ftp.sra.ebi.ac.uk/vol1/fastq/ERR125/031/ERR12520531/ERR12520531_1.fastq.gz,https://ftp.sra.ebi.ac.uk/vol1/fastq/ERR125/031/ERR12520531/ERR12520531_2.fastq.gz,,mmapbench
seqinspector_1642_ERR14194680,https://ftp.sra.ebi.ac.uk/vol1/fastq/ERR141/080/ERR14194680/ERR14194680_1.fastq.gz,https://ftp.sra.ebi.ac.uk/vol1/fastq/ERR141/080/ERR14194680/ERR14194680_2.fastq.gz,,mmapbench
seqinspector_1643_ERR15315407,https://ftp.sra.ebi.ac.uk/vol1/fastq/ERR153/007/ERR15315407/ERR15315407_1.fastq.gz,https://ftp.sra.ebi.ac.uk/vol1/fastq/ERR153/007/ERR15315407/ERR15315407_2.fastq.gz,,mmapbench
seqinspector_1644_ERR10881171,https://ftp.sra.ebi.ac.uk/vol1/fastq/ERR108/071/ERR10881171/ERR10881171_1.fastq.gz,https://ftp.sra.ebi.ac.uk/vol1/fastq/ERR108/071/ERR10881171/ERR10881171_2.fastq.gz,,mmapbench
seqinspector_1645_ERR12032819,https://ftp.sra.ebi.ac.uk/vol1/fastq/ERR120/019/ERR12032819/ERR12032819_1.fastq.gz,https://ftp.sra.ebi.ac.uk/vol1/fastq/ERR120/019/ERR12032819/ERR12032819_2.fastq.gz,,mmapbench
seqinspector_1646_DRR735022,https://ftp.sra.ebi.ac.uk/vol1/fastq/DRR735/DRR735022/DRR735022_1.fastq.gz,https://ftp.sra.ebi.ac.uk/vol1/fastq/DRR735/DRR735022/DRR735022_2.fastq.gz,,mmapbench
seqinspector_1647_ERR12126391,https://ftp.sra.ebi.ac.uk/vol1/fastq/ERR121/091/ERR12126391/ERR12126391_1.fastq.gz,https://ftp.sra.ebi.ac.uk/vol1/fastq/ERR121/091/ERR12126391/ERR12126391_2.fastq.gz,,mmapbench
seqinspector_1648_ERR13230334,https://ftp.sra.ebi.ac.uk/vol1/fastq/ERR132/034/ERR13230334/ERR13230334_1.fastq.gz,https://ftp.sra.ebi.ac.uk/vol1/fastq/ERR132/034/ERR13230334/ERR13230334_2.fastq.gz,,mmapbench
seqinspector_1649_ERR11646972,https://ftp.sra.ebi.ac.uk/vol1/fastq/ERR116/072/ERR11646972/ERR11646972_1.fastq.gz,https://ftp.sra.ebi.ac.uk/vol1/fastq/ERR116/072/ERR11646972/ERR11646972_2.fastq.gz,,mmapbench
seqinspector_1650_ERR14853734,https://ftp.sra.ebi.ac.uk/vol1/fastq/ERR148/034/ERR14853734/ERR14853734_1.fastq.gz,https://ftp.sra.ebi.ac.uk/vol1/fastq/ERR148/034/ERR14853734/ERR14853734_2.fastq.gz,,mmapbench
seqinspector_1651_ERR16709758,https://ftp.sra.ebi.ac.uk/vol1/fastq/ERR167/058/ERR16709758/ERR16709758_1.fastq.gz,https://ftp.sra.ebi.ac.uk/vol1/fastq/ERR167/058/ERR16709758/ERR16709758_2.fastq.gz,,mmapbench
seqinspector_1652_ERR3769488,https://ftp.sra.ebi.ac.uk/vol1/fastq/ERR376/008/ERR3769488/ERR3769488_1.fastq.gz,https://ftp.sra.ebi.ac.uk/vol1/fastq/ERR376/008/ERR3769488/ERR3769488_2.fastq.gz,,mmapbench
seqinspector_1653_ERR3955286,https://ftp.sra.ebi.ac.uk/vol1/fastq/ERR395/006/ERR3955286/ERR3955286_1.fastq.gz,https://ftp.sra.ebi.ac.uk/vol1/fastq/ERR395/006/ERR3955286/ERR3955286_2.fastq.gz,,mmapbench
seqinspector_1654_DRR774154,https://ftp.sra.ebi.ac.uk/vol1/fastq/DRR774/DRR774154/DRR774154_1.fastq.gz,https://ftp.sra.ebi.ac.uk/vol1/fastq/DRR774/DRR774154/DRR774154_2.fastq.gz,,mmapbench
seqinspector_1655_ERR3061607,https://ftp.sra.ebi.ac.uk/vol1/fastq/ERR306/007/ERR3061607/ERR3061607_1.fastq.gz,https://ftp.sra.ebi.ac.uk/vol1/fastq/ERR306/007/ERR3061607/ERR3061607_2.fastq.gz,,mmapbench
seqinspector_1656_ERR12520548,https://ftp.sra.ebi.ac.uk/vol1/fastq/ERR125/048/ERR12520548/ERR12520548_1.fastq.gz,https://ftp.sra.ebi.ac.uk/vol1/fastq/ERR125/048/ERR12520548/ERR12520548_2.fastq.gz,,mmapbench
seqinspector_1657_ERR2608275,https://ftp.sra.ebi.ac.uk/vol1/fastq/ERR260/005/ERR2608275/ERR2608275_1.fastq.gz,https://ftp.sra.ebi.ac.uk/vol1/fastq/ERR260/005/ERR2608275/ERR2608275_2.fastq.gz,,mmapbench
seqinspector_1658_ERR14953663,https://ftp.sra.ebi.ac.uk/vol1/fastq/ERR149/063/ERR14953663/ERR14953663_1.fastq.gz,https://ftp.sra.ebi.ac.uk/vol1/fastq/ERR149/063/ERR14953663/ERR14953663_2.fastq.gz,,mmapbench
seqinspector_1659_DRR734869,https://ftp.sra.ebi.ac.uk/vol1/fastq/DRR734/DRR734869/DRR734869_1.fastq.gz,https://ftp.sra.ebi.ac.uk/vol1/fastq/DRR734/DRR734869/DRR734869_2.fastq.gz,,mmapbench
seqinspector_1660_ERR16713518,https://ftp.sra.ebi.ac.uk/vol1/fastq/ERR167/018/ERR16713518/ERR16713518_1.fastq.gz,https://ftp.sra.ebi.ac.uk/vol1/fastq/ERR167/018/ERR16713518/ERR16713518_2.fastq.gz,,mmapbench
seqinspector_1661_ERR4181665,https://ftp.sra.ebi.ac.uk/vol1/fastq/ERR418/005/ERR4181665/ERR4181665_1.fastq.gz,https://ftp.sra.ebi.ac.uk/vol1/fastq/ERR418/005/ERR4181665/ERR4181665_2.fastq.gz,,mmapbench
seqinspector_1662_ERR12316856,https://ftp.sra.ebi.ac.uk/vol1/fastq/ERR123/056/ERR12316856/ERR12316856_1.fastq.gz,https://ftp.sra.ebi.ac.uk/vol1/fastq/ERR123/056/ERR12316856/ERR12316856_2.fastq.gz,,mmapbench
seqinspector_1663_ERR3682655,https://ftp.sra.ebi.ac.uk/vol1/fastq/ERR368/005/ERR3682655/ERR3682655_1.fastq.gz,https://ftp.sra.ebi.ac.uk/vol1/fastq/ERR368/005/ERR3682655/ERR3682655_2.fastq.gz,,mmapbench
seqinspector_1664_ERR16722083,https://ftp.sra.ebi.ac.uk/vol1/fastq/ERR167/083/ERR16722083/ERR16722083_1.fastq.gz,https://ftp.sra.ebi.ac.uk/vol1/fastq/ERR167/083/ERR16722083/ERR16722083_2.fastq.gz,,mmapbench
seqinspector_1665_ERR12520385,https://ftp.sra.ebi.ac.uk/vol1/fastq/ERR125/085/ERR12520385/ERR12520385_1.fastq.gz,https://ftp.sra.ebi.ac.uk/vol1/fastq/ERR125/085/ERR12520385/ERR12520385_2.fastq.gz,,mmapbench
seqinspector_1666_ERR10880629,https://ftp.sra.ebi.ac.uk/vol1/fastq/ERR108/029/ERR10880629/ERR10880629_1.fastq.gz,https://ftp.sra.ebi.ac.uk/vol1/fastq/ERR108/029/ERR10880629/ERR10880629_2.fastq.gz,,mmapbench
seqinspector_1667_ERR12219700,https://ftp.sra.ebi.ac.uk/vol1/fastq/ERR122/000/ERR12219700/ERR12219700_1.fastq.gz,https://ftp.sra.ebi.ac.uk/vol1/fastq/ERR122/000/ERR12219700/ERR12219700_2.fastq.gz,,mmapbench
seqinspector_1668_ERR15002798,https://ftp.sra.ebi.ac.uk/vol1/fastq/ERR150/098/ERR15002798/ERR15002798_1.fastq.gz,https://ftp.sra.ebi.ac.uk/vol1/fastq/ERR150/098/ERR15002798/ERR15002798_2.fastq.gz,,mmapbench
seqinspector_1669_ERR4503299,https://ftp.sra.ebi.ac.uk/vol1/fastq/ERR450/009/ERR4503299/ERR4503299_1.fastq.gz,https://ftp.sra.ebi.ac.uk/vol1/fastq/ERR450/009/ERR4503299/ERR4503299_2.fastq.gz,,mmapbench
seqinspector_1670_ERR14210942,https://ftp.sra.ebi.ac.uk/vol1/fastq/ERR142/042/ERR14210942/ERR14210942_1.fastq.gz,https://ftp.sra.ebi.ac.uk/vol1/fastq/ERR142/042/ERR14210942/ERR14210942_2.fastq.gz,,mmapbench
seqinspector_1671_ERR12220092,https://ftp.sra.ebi.ac.uk/vol1/fastq/ERR122/092/ERR12220092/ERR12220092_1.fastq.gz,https://ftp.sra.ebi.ac.uk/vol1/fastq/ERR122/092/ERR12220092/ERR12220092_2.fastq.gz,,mmapbench
seqinspector_1672_ERR14210926,https://ftp.sra.ebi.ac.uk/vol1/fastq/ERR142/026/ERR14210926/ERR14210926_1.fastq.gz,https://ftp.sra.ebi.ac.uk/vol1/fastq/ERR142/026/ERR14210926/ERR14210926_2.fastq.gz,,mmapbench
seqinspector_1673_ERR13391168,https://ftp.sra.ebi.ac.uk/vol1/fastq/ERR133/068/ERR13391168/ERR13391168_1.fastq.gz,https://ftp.sra.ebi.ac.uk/vol1/fastq/ERR133/068/ERR13391168/ERR13391168_2.fastq.gz,,mmapbench
seqinspector_1674_ERR14211342,https://ftp.sra.ebi.ac.uk/vol1/fastq/ERR142/042/ERR14211342/ERR14211342_1.fastq.gz,https://ftp.sra.ebi.ac.uk/vol1/fastq/ERR142/042/ERR14211342/ERR14211342_2.fastq.gz,,mmapbench
seqinspector_1675_ERR3726602,https://ftp.sra.ebi.ac.uk/vol1/fastq/ERR372/002/ERR3726602/ERR3726602_1.fastq.gz,https://ftp.sra.ebi.ac.uk/vol1/fastq/ERR372/002/ERR3726602/ERR3726602_2.fastq.gz,,mmapbench
seqinspector_1676_ERR10880612,https://ftp.sra.ebi.ac.uk/vol1/fastq/ERR108/012/ERR10880612/ERR10880612_1.fastq.gz,https://ftp.sra.ebi.ac.uk/vol1/fastq/ERR108/012/ERR10880612/ERR10880612_2.fastq.gz,,mmapbench
seqinspector_1677_ERR16729589,https://ftp.sra.ebi.ac.uk/vol1/fastq/ERR167/089/ERR16729589/ERR16729589_1.fastq.gz,https://ftp.sra.ebi.ac.uk/vol1/fastq/ERR167/089/ERR16729589/ERR16729589_2.fastq.gz,,mmapbench
seqinspector_1678_ERR3684282,https://ftp.sra.ebi.ac.uk/vol1/fastq/ERR368/002/ERR3684282/ERR3684282_1.fastq.gz,https://ftp.sra.ebi.ac.uk/vol1/fastq/ERR368/002/ERR3684282/ERR3684282_2.fastq.gz,,mmapbench
seqinspector_1679_ERR3040628,https://ftp.sra.ebi.ac.uk/vol1/fastq/ERR304/008/ERR3040628/ERR3040628_1.fastq.gz,https://ftp.sra.ebi.ac.uk/vol1/fastq/ERR304/008/ERR3040628/ERR3040628_2.fastq.gz,,mmapbench
seqinspector_1680_ERR11489655,https://ftp.sra.ebi.ac.uk/vol1/fastq/ERR114/055/ERR11489655/ERR11489655_1.fastq.gz,https://ftp.sra.ebi.ac.uk/vol1/fastq/ERR114/055/ERR11489655/ERR11489655_2.fastq.gz,,mmapbench
seqinspector_1681_ERR11646947,https://ftp.sra.ebi.ac.uk/vol1/fastq/ERR116/047/ERR11646947/ERR11646947_1.fastq.gz,https://ftp.sra.ebi.ac.uk/vol1/fastq/ERR116/047/ERR11646947/ERR11646947_2.fastq.gz,,mmapbench
seqinspector_1682_ERR13911003,https://ftp.sra.ebi.ac.uk/vol1/fastq/ERR139/003/ERR13911003/ERR13911003_1.fastq.gz,https://ftp.sra.ebi.ac.uk/vol1/fastq/ERR139/003/ERR13911003/ERR13911003_2.fastq.gz,,mmapbench
seqinspector_1683_ERR12038319,https://ftp.sra.ebi.ac.uk/vol1/fastq/ERR120/019/ERR12038319/ERR12038319_1.fastq.gz,https://ftp.sra.ebi.ac.uk/vol1/fastq/ERR120/019/ERR12038319/ERR12038319_2.fastq.gz,,mmapbench
seqinspector_1684_DRR735584,https://ftp.sra.ebi.ac.uk/vol1/fastq/DRR735/DRR735584/DRR735584_1.fastq.gz,https://ftp.sra.ebi.ac.uk/vol1/fastq/DRR735/DRR735584/DRR735584_2.fastq.gz,,mmapbench
seqinspector_1685_ERR3699666,https://ftp.sra.ebi.ac.uk/vol1/fastq/ERR369/006/ERR3699666/ERR3699666_1.fastq.gz,https://ftp.sra.ebi.ac.uk/vol1/fastq/ERR369/006/ERR3699666/ERR3699666_2.fastq.gz,,mmapbench
seqinspector_1686_DRR735271,https://ftp.sra.ebi.ac.uk/vol1/fastq/DRR735/DRR735271/DRR735271_1.fastq.gz,https://ftp.sra.ebi.ac.uk/vol1/fastq/DRR735/DRR735271/DRR735271_2.fastq.gz,,mmapbench
seqinspector_1687_ERR13230335,https://ftp.sra.ebi.ac.uk/vol1/fastq/ERR132/035/ERR13230335/ERR13230335_1.fastq.gz,https://ftp.sra.ebi.ac.uk/vol1/fastq/ERR132/035/ERR13230335/ERR13230335_2.fastq.gz,,mmapbench
seqinspector_1688_ERR17459427,https://ftp.sra.ebi.ac.uk/vol1/fastq/ERR174/027/ERR17459427/ERR17459427_1.fastq.gz,https://ftp.sra.ebi.ac.uk/vol1/fastq/ERR174/027/ERR17459427/ERR17459427_2.fastq.gz,,mmapbench
seqinspector_1689_ERR13704062,https://ftp.sra.ebi.ac.uk/vol1/fastq/ERR137/062/ERR13704062/ERR13704062_1.fastq.gz,https://ftp.sra.ebi.ac.uk/vol1/fastq/ERR137/062/ERR13704062/ERR13704062_2.fastq.gz,,mmapbench
seqinspector_1690_ERR12032817,https://ftp.sra.ebi.ac.uk/vol1/fastq/ERR120/017/ERR12032817/ERR12032817_1.fastq.gz,https://ftp.sra.ebi.ac.uk/vol1/fastq/ERR120/017/ERR12032817/ERR12032817_2.fastq.gz,,mmapbench
seqinspector_1691_ERR14044104,https://ftp.sra.ebi.ac.uk/vol1/fastq/ERR140/004/ERR14044104/ERR14044104_1.fastq.gz,https://ftp.sra.ebi.ac.uk/vol1/fastq/ERR140/004/ERR14044104/ERR14044104_2.fastq.gz,,mmapbench
seqinspector_1692_ERR11627441,https://ftp.sra.ebi.ac.uk/vol1/fastq/ERR116/041/ERR11627441/ERR11627441_1.fastq.gz,https://ftp.sra.ebi.ac.uk/vol1/fastq/ERR116/041/ERR11627441/ERR11627441_2.fastq.gz,,mmapbench
seqinspector_1693_ERR15898337,https://ftp.sra.ebi.ac.uk/vol1/fastq/ERR158/037/ERR15898337/ERR15898337_1.fastq.gz,https://ftp.sra.ebi.ac.uk/vol1/fastq/ERR158/037/ERR15898337/ERR15898337_2.fastq.gz,,mmapbench
seqinspector_1694_ERR16730563,https://ftp.sra.ebi.ac.uk/vol1/fastq/ERR167/063/ERR16730563/ERR16730563_1.fastq.gz,https://ftp.sra.ebi.ac.uk/vol1/fastq/ERR167/063/ERR16730563/ERR16730563_2.fastq.gz,,mmapbench
seqinspector_1695_ERR12316800,https://ftp.sra.ebi.ac.uk/vol1/fastq/ERR123/000/ERR12316800/ERR12316800_1.fastq.gz,https://ftp.sra.ebi.ac.uk/vol1/fastq/ERR123/000/ERR12316800/ERR12316800_2.fastq.gz,,mmapbench
seqinspector_1696_ERR16908626,https://ftp.sra.ebi.ac.uk/vol1/fastq/ERR169/026/ERR16908626/ERR16908626_1.fastq.gz,https://ftp.sra.ebi.ac.uk/vol1/fastq/ERR169/026/ERR16908626/ERR16908626_2.fastq.gz,,mmapbench
seqinspector_1697_ERR2863481,https://ftp.sra.ebi.ac.uk/vol1/fastq/ERR286/001/ERR2863481/ERR2863481_1.fastq.gz,https://ftp.sra.ebi.ac.uk/vol1/fastq/ERR286/001/ERR2863481/ERR2863481_2.fastq.gz,,mmapbench
seqinspector_1698_ERR12316806,https://ftp.sra.ebi.ac.uk/vol1/fastq/ERR123/006/ERR12316806/ERR12316806_1.fastq.gz,https://ftp.sra.ebi.ac.uk/vol1/fastq/ERR123/006/ERR12316806/ERR12316806_2.fastq.gz,,mmapbench
seqinspector_1699_ERR16723183,https://ftp.sra.ebi.ac.uk/vol1/fastq/ERR167/083/ERR16723183/ERR16723183_1.fastq.gz,https://ftp.sra.ebi.ac.uk/vol1/fastq/ERR167/083/ERR16723183/ERR16723183_2.fastq.gz,,mmapbench
seqinspector_1700_ERR16711003,https://ftp.sra.ebi.ac.uk/vol1/fastq/ERR167/003/ERR16711003/ERR16711003_1.fastq.gz,https://ftp.sra.ebi.ac.uk/vol1/fastq/ERR167/003/ERR16711003/ERR16711003_2.fastq.gz,,mmapbench
seqinspector_1701_DRR636964,https://ftp.sra.ebi.ac.uk/vol1/fastq/DRR636/DRR636964/DRR636964_1.fastq.gz,https://ftp.sra.ebi.ac.uk/vol1/fastq/DRR636/DRR636964/DRR636964_2.fastq.gz,,mmapbench
seqinspector_1702_DRR774193,https://ftp.sra.ebi.ac.uk/vol1/fastq/DRR774/DRR774193/DRR774193_1.fastq.gz,https://ftp.sra.ebi.ac.uk/vol1/fastq/DRR774/DRR774193/DRR774193_2.fastq.gz,,mmapbench
seqinspector_1703_DRR735605,https://ftp.sra.ebi.ac.uk/vol1/fastq/DRR735/DRR735605/DRR735605_1.fastq.gz,https://ftp.sra.ebi.ac.uk/vol1/fastq/DRR735/DRR735605/DRR735605_2.fastq.gz,,mmapbench
seqinspector_1704_ERR17273077,https://ftp.sra.ebi.ac.uk/vol1/fastq/ERR172/077/ERR17273077/ERR17273077_1.fastq.gz,https://ftp.sra.ebi.ac.uk/vol1/fastq/ERR172/077/ERR17273077/ERR17273077_2.fastq.gz,,mmapbench
seqinspector_1705_ERR11627495,https://ftp.sra.ebi.ac.uk/vol1/fastq/ERR116/095/ERR11627495/ERR11627495_1.fastq.gz,https://ftp.sra.ebi.ac.uk/vol1/fastq/ERR116/095/ERR11627495/ERR11627495_2.fastq.gz,,mmapbench
seqinspector_1706_ERR2608506,https://ftp.sra.ebi.ac.uk/vol1/fastq/ERR260/006/ERR2608506/ERR2608506_1.fastq.gz,https://ftp.sra.ebi.ac.uk/vol1/fastq/ERR260/006/ERR2608506/ERR2608506_2.fastq.gz,,mmapbench
seqinspector_1707_ERR12126380,https://ftp.sra.ebi.ac.uk/vol1/fastq/ERR121/080/ERR12126380/ERR12126380_1.fastq.gz,https://ftp.sra.ebi.ac.uk/vol1/fastq/ERR121/080/ERR12126380/ERR12126380_2.fastq.gz,,mmapbench
seqinspector_1708_ERR2611641,https://ftp.sra.ebi.ac.uk/vol1/fastq/ERR261/001/ERR2611641/ERR2611641_1.fastq.gz,https://ftp.sra.ebi.ac.uk/vol1/fastq/ERR261/001/ERR2611641/ERR2611641_2.fastq.gz,,mmapbench
seqinspector_1709_ERR10749892,https://ftp.sra.ebi.ac.uk/vol1/fastq/ERR107/092/ERR10749892/ERR10749892_1.fastq.gz,https://ftp.sra.ebi.ac.uk/vol1/fastq/ERR107/092/ERR10749892/ERR10749892_2.fastq.gz,,mmapbench
seqinspector_1710_ERR10880608,https://ftp.sra.ebi.ac.uk/vol1/fastq/ERR108/008/ERR10880608/ERR10880608_1.fastq.gz,https://ftp.sra.ebi.ac.uk/vol1/fastq/ERR108/008/ERR10880608/ERR10880608_2.fastq.gz,,mmapbench
seqinspector_1711_ERR14953743,https://ftp.sra.ebi.ac.uk/vol1/fastq/ERR149/043/ERR14953743/ERR14953743_1.fastq.gz,https://ftp.sra.ebi.ac.uk/vol1/fastq/ERR149/043/ERR14953743/ERR14953743_2.fastq.gz,,mmapbench
seqinspector_1712_ERR13061362,https://ftp.sra.ebi.ac.uk/vol1/fastq/ERR130/062/ERR13061362/ERR13061362_1.fastq.gz,https://ftp.sra.ebi.ac.uk/vol1/fastq/ERR130/062/ERR13061362/ERR13061362_2.fastq.gz,,mmapbench
seqinspector_1713_ERR11627488,https://ftp.sra.ebi.ac.uk/vol1/fastq/ERR116/088/ERR11627488/ERR11627488_1.fastq.gz,https://ftp.sra.ebi.ac.uk/vol1/fastq/ERR116/088/ERR11627488/ERR11627488_2.fastq.gz,,mmapbench
seqinspector_1714_ERR2608384,https://ftp.sra.ebi.ac.uk/vol1/fastq/ERR260/004/ERR2608384/ERR2608384_1.fastq.gz,https://ftp.sra.ebi.ac.uk/vol1/fastq/ERR260/004/ERR2608384/ERR2608384_2.fastq.gz,,mmapbench
seqinspector_1715_ERR14064478,https://ftp.sra.ebi.ac.uk/vol1/fastq/ERR140/078/ERR14064478/ERR14064478_1.fastq.gz,https://ftp.sra.ebi.ac.uk/vol1/fastq/ERR140/078/ERR14064478/ERR14064478_2.fastq.gz,,mmapbench
seqinspector_1716_ERR14049357,https://ftp.sra.ebi.ac.uk/vol1/fastq/ERR140/057/ERR14049357/ERR14049357_1.fastq.gz,https://ftp.sra.ebi.ac.uk/vol1/fastq/ERR140/057/ERR14049357/ERR14049357_2.fastq.gz,,mmapbench
seqinspector_1717_ERR3682646,https://ftp.sra.ebi.ac.uk/vol1/fastq/ERR368/006/ERR3682646/ERR3682646_1.fastq.gz,https://ftp.sra.ebi.ac.uk/vol1/fastq/ERR368/006/ERR3682646/ERR3682646_2.fastq.gz,,mmapbench
seqinspector_1718_DRR734950,https://ftp.sra.ebi.ac.uk/vol1/fastq/DRR734/DRR734950/DRR734950_1.fastq.gz,https://ftp.sra.ebi.ac.uk/vol1/fastq/DRR734/DRR734950/DRR734950_2.fastq.gz,,mmapbench
seqinspector_1719_ERR12555951,https://ftp.sra.ebi.ac.uk/vol1/fastq/ERR125/051/ERR12555951/ERR12555951_1.fastq.gz,https://ftp.sra.ebi.ac.uk/vol1/fastq/ERR125/051/ERR12555951/ERR12555951_2.fastq.gz,,mmapbench
seqinspector_1720_ERR11646952,https://ftp.sra.ebi.ac.uk/vol1/fastq/ERR116/052/ERR11646952/ERR11646952_1.fastq.gz,https://ftp.sra.ebi.ac.uk/vol1/fastq/ERR116/052/ERR11646952/ERR11646952_2.fastq.gz,,mmapbench
seqinspector_1721_DRR735581,https://ftp.sra.ebi.ac.uk/vol1/fastq/DRR735/DRR735581/DRR735581_1.fastq.gz,https://ftp.sra.ebi.ac.uk/vol1/fastq/DRR735/DRR735581/DRR735581_2.fastq.gz,,mmapbench
seqinspector_1722_ERR10225517,https://ftp.sra.ebi.ac.uk/vol1/fastq/ERR102/017/ERR10225517/ERR10225517_1.fastq.gz,https://ftp.sra.ebi.ac.uk/vol1/fastq/ERR102/017/ERR10225517/ERR10225517_2.fastq.gz,,mmapbench
seqinspector_1723_ERR12556258,https://ftp.sra.ebi.ac.uk/vol1/fastq/ERR125/058/ERR12556258/ERR12556258_1.fastq.gz,https://ftp.sra.ebi.ac.uk/vol1/fastq/ERR125/058/ERR12556258/ERR12556258_2.fastq.gz,,mmapbench
seqinspector_1724_ERR16043010,https://ftp.sra.ebi.ac.uk/vol1/fastq/ERR160/010/ERR16043010/ERR16043010_1.fastq.gz,https://ftp.sra.ebi.ac.uk/vol1/fastq/ERR160/010/ERR16043010/ERR16043010_2.fastq.gz,,mmapbench
seqinspector_1725_ERR2863454,https://ftp.sra.ebi.ac.uk/vol1/fastq/ERR286/004/ERR2863454/ERR2863454_1.fastq.gz,https://ftp.sra.ebi.ac.uk/vol1/fastq/ERR286/004/ERR2863454/ERR2863454_2.fastq.gz,,mmapbench
seqinspector_1726_ERR2045612,https://ftp.sra.ebi.ac.uk/vol1/fastq/ERR204/002/ERR2045612/ERR2045612_1.fastq.gz,https://ftp.sra.ebi.ac.uk/vol1/fastq/ERR204/002/ERR2045612/ERR2045612_2.fastq.gz,,mmapbench
seqinspector_1727_ERR3955827,https://ftp.sra.ebi.ac.uk/vol1/fastq/ERR395/007/ERR3955827/ERR3955827_1.fastq.gz,https://ftp.sra.ebi.ac.uk/vol1/fastq/ERR395/007/ERR3955827/ERR3955827_2.fastq.gz,,mmapbench
seqinspector_1728_ERR10897580,https://ftp.sra.ebi.ac.uk/vol1/fastq/ERR108/080/ERR10897580/ERR10897580_1.fastq.gz,https://ftp.sra.ebi.ac.uk/vol1/fastq/ERR108/080/ERR10897580/ERR10897580_2.fastq.gz,,mmapbench
seqinspector_1729_ERR3769448,https://ftp.sra.ebi.ac.uk/vol1/fastq/ERR376/008/ERR3769448/ERR3769448_1.fastq.gz,https://ftp.sra.ebi.ac.uk/vol1/fastq/ERR376/008/ERR3769448/ERR3769448_2.fastq.gz,,mmapbench
seqinspector_1730_ERR3955405,https://ftp.sra.ebi.ac.uk/vol1/fastq/ERR395/005/ERR3955405/ERR3955405_1.fastq.gz,https://ftp.sra.ebi.ac.uk/vol1/fastq/ERR395/005/ERR3955405/ERR3955405_2.fastq.gz,,mmapbench
seqinspector_1731_ERR14195270,https://ftp.sra.ebi.ac.uk/vol1/fastq/ERR141/070/ERR14195270/ERR14195270_1.fastq.gz,https://ftp.sra.ebi.ac.uk/vol1/fastq/ERR141/070/ERR14195270/ERR14195270_2.fastq.gz,,mmapbench
seqinspector_1732_ERR14211416,https://ftp.sra.ebi.ac.uk/vol1/fastq/ERR142/016/ERR14211416/ERR14211416_1.fastq.gz,https://ftp.sra.ebi.ac.uk/vol1/fastq/ERR142/016/ERR14211416/ERR14211416_2.fastq.gz,,mmapbench
seqinspector_1733_ERR12329314,https://ftp.sra.ebi.ac.uk/vol1/fastq/ERR123/014/ERR12329314/ERR12329314_1.fastq.gz,https://ftp.sra.ebi.ac.uk/vol1/fastq/ERR123/014/ERR12329314/ERR12329314_2.fastq.gz,,mmapbench
seqinspector_1734_ERR12308591,https://ftp.sra.ebi.ac.uk/vol1/fastq/ERR123/091/ERR12308591/ERR12308591_1.fastq.gz,https://ftp.sra.ebi.ac.uk/vol1/fastq/ERR123/091/ERR12308591/ERR12308591_2.fastq.gz,,mmapbench
seqinspector_1735_ERR2608407,https://ftp.sra.ebi.ac.uk/vol1/fastq/ERR260/007/ERR2608407/ERR2608407_1.fastq.gz,https://ftp.sra.ebi.ac.uk/vol1/fastq/ERR260/007/ERR2608407/ERR2608407_2.fastq.gz,,mmapbench
seqinspector_1736_ERR2608466,https://ftp.sra.ebi.ac.uk/vol1/fastq/ERR260/006/ERR2608466/ERR2608466_1.fastq.gz,https://ftp.sra.ebi.ac.uk/vol1/fastq/ERR260/006/ERR2608466/ERR2608466_2.fastq.gz,,mmapbench
seqinspector_1737_ERR16908591,https://ftp.sra.ebi.ac.uk/vol1/fastq/ERR169/091/ERR16908591/ERR16908591_1.fastq.gz,https://ftp.sra.ebi.ac.uk/vol1/fastq/ERR169/091/ERR16908591/ERR16908591_2.fastq.gz,,mmapbench
seqinspector_1738_ERR12032938,https://ftp.sra.ebi.ac.uk/vol1/fastq/ERR120/038/ERR12032938/ERR12032938_1.fastq.gz,https://ftp.sra.ebi.ac.uk/vol1/fastq/ERR120/038/ERR12032938/ERR12032938_2.fastq.gz,,mmapbench
seqinspector_1739_ERR2580709,https://ftp.sra.ebi.ac.uk/vol1/fastq/ERR258/009/ERR2580709/ERR2580709_1.fastq.gz,https://ftp.sra.ebi.ac.uk/vol1/fastq/ERR258/009/ERR2580709/ERR2580709_2.fastq.gz,,mmapbench
seqinspector_1740_ERR12217855,https://ftp.sra.ebi.ac.uk/vol1/fastq/ERR122/055/ERR12217855/ERR12217855_1.fastq.gz,https://ftp.sra.ebi.ac.uk/vol1/fastq/ERR122/055/ERR12217855/ERR12217855_2.fastq.gz,,mmapbench
seqinspector_1741_ERR16711636,https://ftp.sra.ebi.ac.uk/vol1/fastq/ERR167/036/ERR16711636/ERR16711636_1.fastq.gz,https://ftp.sra.ebi.ac.uk/vol1/fastq/ERR167/036/ERR16711636/ERR16711636_2.fastq.gz,,mmapbench
seqinspector_1742_ERR12057424,https://ftp.sra.ebi.ac.uk/vol1/fastq/ERR120/024/ERR12057424/ERR12057424_1.fastq.gz,https://ftp.sra.ebi.ac.uk/vol1/fastq/ERR120/024/ERR12057424/ERR12057424_2.fastq.gz,,mmapbench
seqinspector_1743_ERR16010211,https://ftp.sra.ebi.ac.uk/vol1/fastq/ERR160/011/ERR16010211/ERR16010211_1.fastq.gz,https://ftp.sra.ebi.ac.uk/vol1/fastq/ERR160/011/ERR16010211/ERR16010211_2.fastq.gz,,mmapbench
seqinspector_1744_ERR14946198,https://ftp.sra.ebi.ac.uk/vol1/fastq/ERR149/098/ERR14946198/ERR14946198_1.fastq.gz,https://ftp.sra.ebi.ac.uk/vol1/fastq/ERR149/098/ERR14946198/ERR14946198_2.fastq.gz,,mmapbench
seqinspector_1745_ERR3769682,https://ftp.sra.ebi.ac.uk/vol1/fastq/ERR376/002/ERR3769682/ERR3769682_1.fastq.gz,https://ftp.sra.ebi.ac.uk/vol1/fastq/ERR376/002/ERR3769682/ERR3769682_2.fastq.gz,,mmapbench
seqinspector_1746_ERR14211034,https://ftp.sra.ebi.ac.uk/vol1/fastq/ERR142/034/ERR14211034/ERR14211034_1.fastq.gz,https://ftp.sra.ebi.ac.uk/vol1/fastq/ERR142/034/ERR14211034/ERR14211034_2.fastq.gz,,mmapbench
seqinspector_1747_ERR14211699,https://ftp.sra.ebi.ac.uk/vol1/fastq/ERR142/099/ERR14211699/ERR14211699_1.fastq.gz,https://ftp.sra.ebi.ac.uk/vol1/fastq/ERR142/099/ERR14211699/ERR14211699_2.fastq.gz,,mmapbench
seqinspector_1748_DRR735538,https://ftp.sra.ebi.ac.uk/vol1/fastq/DRR735/DRR735538/DRR735538_1.fastq.gz,https://ftp.sra.ebi.ac.uk/vol1/fastq/DRR735/DRR735538/DRR735538_2.fastq.gz,,mmapbench
seqinspector_1749_ERR16731790,https://ftp.sra.ebi.ac.uk/vol1/fastq/ERR167/090/ERR16731790/ERR16731790_1.fastq.gz,https://ftp.sra.ebi.ac.uk/vol1/fastq/ERR167/090/ERR16731790/ERR16731790_2.fastq.gz,,mmapbench
seqinspector_1750_ERR14789471,https://ftp.sra.ebi.ac.uk/vol1/fastq/ERR147/071/ERR14789471/ERR14789471_1.fastq.gz,https://ftp.sra.ebi.ac.uk/vol1/fastq/ERR147/071/ERR14789471/ERR14789471_2.fastq.gz,,mmapbench
seqinspector_1751_ERR14036268,https://ftp.sra.ebi.ac.uk/vol1/fastq/ERR140/068/ERR14036268/ERR14036268_1.fastq.gz,https://ftp.sra.ebi.ac.uk/vol1/fastq/ERR140/068/ERR14036268/ERR14036268_2.fastq.gz,,mmapbench
seqinspector_1752_ERR2182497,https://ftp.sra.ebi.ac.uk/vol1/fastq/ERR218/007/ERR2182497/ERR2182497_1.fastq.gz,https://ftp.sra.ebi.ac.uk/vol1/fastq/ERR218/007/ERR2182497/ERR2182497_2.fastq.gz,,mmapbench
seqinspector_1753_ERR16024339,https://ftp.sra.ebi.ac.uk/vol1/fastq/ERR160/039/ERR16024339/ERR16024339_1.fastq.gz,https://ftp.sra.ebi.ac.uk/vol1/fastq/ERR160/039/ERR16024339/ERR16024339_2.fastq.gz,,mmapbench
seqinspector_1754_ERR14049110,https://ftp.sra.ebi.ac.uk/vol1/fastq/ERR140/010/ERR14049110/ERR14049110_1.fastq.gz,https://ftp.sra.ebi.ac.uk/vol1/fastq/ERR140/010/ERR14049110/ERR14049110_2.fastq.gz,,mmapbench
seqinspector_1755_ERR3040674,https://ftp.sra.ebi.ac.uk/vol1/fastq/ERR304/004/ERR3040674/ERR3040674_1.fastq.gz,https://ftp.sra.ebi.ac.uk/vol1/fastq/ERR304/004/ERR3040674/ERR3040674_2.fastq.gz,,mmapbench
seqinspector_1756_ERR10749824,https://ftp.sra.ebi.ac.uk/vol1/fastq/ERR107/024/ERR10749824/ERR10749824_1.fastq.gz,https://ftp.sra.ebi.ac.uk/vol1/fastq/ERR107/024/ERR10749824/ERR10749824_2.fastq.gz,,mmapbench
seqinspector_1757_ERR12555012,https://ftp.sra.ebi.ac.uk/vol1/fastq/ERR125/012/ERR12555012/ERR12555012_1.fastq.gz,https://ftp.sra.ebi.ac.uk/vol1/fastq/ERR125/012/ERR12555012/ERR12555012_2.fastq.gz,,mmapbench
seqinspector_1758_ERR12218736,https://ftp.sra.ebi.ac.uk/vol1/fastq/ERR122/036/ERR12218736/ERR12218736_1.fastq.gz,https://ftp.sra.ebi.ac.uk/vol1/fastq/ERR122/036/ERR12218736/ERR12218736_2.fastq.gz,,mmapbench
seqinspector_1759_ERR4407717,https://ftp.sra.ebi.ac.uk/vol1/fastq/ERR440/007/ERR4407717/ERR4407717_1.fastq.gz,https://ftp.sra.ebi.ac.uk/vol1/fastq/ERR440/007/ERR4407717/ERR4407717_2.fastq.gz,,mmapbench
seqinspector_1760_ERR4503284,https://ftp.sra.ebi.ac.uk/vol1/fastq/ERR450/004/ERR4503284/ERR4503284_1.fastq.gz,https://ftp.sra.ebi.ac.uk/vol1/fastq/ERR450/004/ERR4503284/ERR4503284_2.fastq.gz,,mmapbench
seqinspector_1761_ERR12329268,https://ftp.sra.ebi.ac.uk/vol1/fastq/ERR123/068/ERR12329268/ERR12329268_1.fastq.gz,https://ftp.sra.ebi.ac.uk/vol1/fastq/ERR123/068/ERR12329268/ERR12329268_2.fastq.gz,,mmapbench
seqinspector_1762_ERR3699679,https://ftp.sra.ebi.ac.uk/vol1/fastq/ERR369/009/ERR3699679/ERR3699679_1.fastq.gz,https://ftp.sra.ebi.ac.uk/vol1/fastq/ERR369/009/ERR3699679/ERR3699679_2.fastq.gz,,mmapbench
seqinspector_1763_ERR10749571,https://ftp.sra.ebi.ac.uk/vol1/fastq/ERR107/071/ERR10749571/ERR10749571_1.fastq.gz,https://ftp.sra.ebi.ac.uk/vol1/fastq/ERR107/071/ERR10749571/ERR10749571_2.fastq.gz,,mmapbench
seqinspector_1764_ERR3769510,https://ftp.sra.ebi.ac.uk/vol1/fastq/ERR376/000/ERR3769510/ERR3769510_1.fastq.gz,https://ftp.sra.ebi.ac.uk/vol1/fastq/ERR376/000/ERR3769510/ERR3769510_2.fastq.gz,,mmapbench
seqinspector_1765_ERR3969631,https://ftp.sra.ebi.ac.uk/vol1/fastq/ERR396/001/ERR3969631/ERR3969631_1.fastq.gz,https://ftp.sra.ebi.ac.uk/vol1/fastq/ERR396/001/ERR3969631/ERR3969631_2.fastq.gz,,mmapbench
seqinspector_1766_ERR10880647,https://ftp.sra.ebi.ac.uk/vol1/fastq/ERR108/047/ERR10880647/ERR10880647_1.fastq.gz,https://ftp.sra.ebi.ac.uk/vol1/fastq/ERR108/047/ERR10880647/ERR10880647_2.fastq.gz,,mmapbench
seqinspector_1767_ERR12074395,https://ftp.sra.ebi.ac.uk/vol1/fastq/ERR120/095/ERR12074395/ERR12074395_1.fastq.gz,https://ftp.sra.ebi.ac.uk/vol1/fastq/ERR120/095/ERR12074395/ERR12074395_2.fastq.gz,,mmapbench
seqinspector_1768_ERR14853707,https://ftp.sra.ebi.ac.uk/vol1/fastq/ERR148/007/ERR14853707/ERR14853707_1.fastq.gz,https://ftp.sra.ebi.ac.uk/vol1/fastq/ERR148/007/ERR14853707/ERR14853707_2.fastq.gz,,mmapbench
seqinspector_1769_ERR13061356,https://ftp.sra.ebi.ac.uk/vol1/fastq/ERR130/056/ERR13061356/ERR13061356_1.fastq.gz,https://ftp.sra.ebi.ac.uk/vol1/fastq/ERR130/056/ERR13061356/ERR13061356_2.fastq.gz,,mmapbench
seqinspector_1770_ERR14801947,https://ftp.sra.ebi.ac.uk/vol1/fastq/ERR148/047/ERR14801947/ERR14801947_1.fastq.gz,https://ftp.sra.ebi.ac.uk/vol1/fastq/ERR148/047/ERR14801947/ERR14801947_2.fastq.gz,,mmapbench
seqinspector_1771_ERR15315414,https://ftp.sra.ebi.ac.uk/vol1/fastq/ERR153/014/ERR15315414/ERR15315414_1.fastq.gz,https://ftp.sra.ebi.ac.uk/vol1/fastq/ERR153/014/ERR15315414/ERR15315414_2.fastq.gz,,mmapbench
seqinspector_1772_ERR14018405,https://ftp.sra.ebi.ac.uk/vol1/fastq/ERR140/005/ERR14018405/ERR14018405_1.fastq.gz,https://ftp.sra.ebi.ac.uk/vol1/fastq/ERR140/005/ERR14018405/ERR14018405_2.fastq.gz,,mmapbench
seqinspector_1773_ERR12520260,https://ftp.sra.ebi.ac.uk/vol1/fastq/ERR125/060/ERR12520260/ERR12520260_1.fastq.gz,https://ftp.sra.ebi.ac.uk/vol1/fastq/ERR125/060/ERR12520260/ERR12520260_2.fastq.gz,,mmapbench
seqinspector_1774_ERR11646971,https://ftp.sra.ebi.ac.uk/vol1/fastq/ERR116/071/ERR11646971/ERR11646971_1.fastq.gz,https://ftp.sra.ebi.ac.uk/vol1/fastq/ERR116/071/ERR11646971/ERR11646971_2.fastq.gz,,mmapbench
seqinspector_1775_ERR16908618,https://ftp.sra.ebi.ac.uk/vol1/fastq/ERR169/018/ERR16908618/ERR16908618_1.fastq.gz,https://ftp.sra.ebi.ac.uk/vol1/fastq/ERR169/018/ERR16908618/ERR16908618_2.fastq.gz,,mmapbench
seqinspector_1776_ERR11646929,https://ftp.sra.ebi.ac.uk/vol1/fastq/ERR116/029/ERR11646929/ERR11646929_1.fastq.gz,https://ftp.sra.ebi.ac.uk/vol1/fastq/ERR116/029/ERR11646929/ERR11646929_2.fastq.gz,,mmapbench
seqinspector_1777_ERR16713425,https://ftp.sra.ebi.ac.uk/vol1/fastq/ERR167/025/ERR16713425/ERR16713425_1.fastq.gz,https://ftp.sra.ebi.ac.uk/vol1/fastq/ERR167/025/ERR16713425/ERR16713425_2.fastq.gz,,mmapbench
seqinspector_1778_ERR11627452,https://ftp.sra.ebi.ac.uk/vol1/fastq/ERR116/052/ERR11627452/ERR11627452_1.fastq.gz,https://ftp.sra.ebi.ac.uk/vol1/fastq/ERR116/052/ERR11627452/ERR11627452_2.fastq.gz,,mmapbench
seqinspector_1779_ERR12219175,https://ftp.sra.ebi.ac.uk/vol1/fastq/ERR122/075/ERR12219175/ERR12219175_1.fastq.gz,https://ftp.sra.ebi.ac.uk/vol1/fastq/ERR122/075/ERR12219175/ERR12219175_2.fastq.gz,,mmapbench
seqinspector_1780_ERR12220094,https://ftp.sra.ebi.ac.uk/vol1/fastq/ERR122/094/ERR12220094/ERR12220094_1.fastq.gz,https://ftp.sra.ebi.ac.uk/vol1/fastq/ERR122/094/ERR12220094/ERR12220094_2.fastq.gz,,mmapbench
seqinspector_1781_ERR10749698,https://ftp.sra.ebi.ac.uk/vol1/fastq/ERR107/098/ERR10749698/ERR10749698_1.fastq.gz,https://ftp.sra.ebi.ac.uk/vol1/fastq/ERR107/098/ERR10749698/ERR10749698_2.fastq.gz,,mmapbench
seqinspector_1782_ERR3769425,https://ftp.sra.ebi.ac.uk/vol1/fastq/ERR376/005/ERR3769425/ERR3769425_1.fastq.gz,https://ftp.sra.ebi.ac.uk/vol1/fastq/ERR376/005/ERR3769425/ERR3769425_2.fastq.gz,,mmapbench
seqinspector_1783_ERR14210882,https://ftp.sra.ebi.ac.uk/vol1/fastq/ERR142/082/ERR14210882/ERR14210882_1.fastq.gz,https://ftp.sra.ebi.ac.uk/vol1/fastq/ERR142/082/ERR14210882/ERR14210882_2.fastq.gz,,mmapbench
seqinspector_1784_ERR2863490,https://ftp.sra.ebi.ac.uk/vol1/fastq/ERR286/000/ERR2863490/ERR2863490_1.fastq.gz,https://ftp.sra.ebi.ac.uk/vol1/fastq/ERR286/000/ERR2863490/ERR2863490_2.fastq.gz,,mmapbench
seqinspector_1785_ERR15315413,https://ftp.sra.ebi.ac.uk/vol1/fastq/ERR153/013/ERR15315413/ERR15315413_1.fastq.gz,https://ftp.sra.ebi.ac.uk/vol1/fastq/ERR153/013/ERR15315413/ERR15315413_2.fastq.gz,,mmapbench
seqinspector_1786_ERR3955503,https://ftp.sra.ebi.ac.uk/vol1/fastq/ERR395/003/ERR3955503/ERR3955503_1.fastq.gz,https://ftp.sra.ebi.ac.uk/vol1/fastq/ERR395/003/ERR3955503/ERR3955503_2.fastq.gz,,mmapbench
seqinspector_1787_ERR3955828,https://ftp.sra.ebi.ac.uk/vol1/fastq/ERR395/008/ERR3955828/ERR3955828_1.fastq.gz,https://ftp.sra.ebi.ac.uk/vol1/fastq/ERR395/008/ERR3955828/ERR3955828_2.fastq.gz,,mmapbench
seqinspector_1788_ERR12329307,https://ftp.sra.ebi.ac.uk/vol1/fastq/ERR123/007/ERR12329307/ERR12329307_1.fastq.gz,https://ftp.sra.ebi.ac.uk/vol1/fastq/ERR123/007/ERR12329307/ERR12329307_2.fastq.gz,,mmapbench
seqinspector_1789_ERR10207136,https://ftp.sra.ebi.ac.uk/vol1/fastq/ERR102/036/ERR10207136/ERR10207136_1.fastq.gz,https://ftp.sra.ebi.ac.uk/vol1/fastq/ERR102/036/ERR10207136/ERR10207136_2.fastq.gz,,mmapbench
seqinspector_1790_ERR10749830,https://ftp.sra.ebi.ac.uk/vol1/fastq/ERR107/030/ERR10749830/ERR10749830_1.fastq.gz,https://ftp.sra.ebi.ac.uk/vol1/fastq/ERR107/030/ERR10749830/ERR10749830_2.fastq.gz,,mmapbench
seqinspector_1791_ERR3726751,https://ftp.sra.ebi.ac.uk/vol1/fastq/ERR372/001/ERR3726751/ERR3726751_1.fastq.gz,https://ftp.sra.ebi.ac.uk/vol1/fastq/ERR372/001/ERR3726751/ERR3726751_2.fastq.gz,,mmapbench
seqinspector_1792_ERR10880756,https://ftp.sra.ebi.ac.uk/vol1/fastq/ERR108/056/ERR10880756/ERR10880756_1.fastq.gz,https://ftp.sra.ebi.ac.uk/vol1/fastq/ERR108/056/ERR10880756/ERR10880756_2.fastq.gz,,mmapbench
seqinspector_1793_ERR11020102,https://ftp.sra.ebi.ac.uk/vol1/fastq/ERR110/002/ERR11020102/ERR11020102_1.fastq.gz,https://ftp.sra.ebi.ac.uk/vol1/fastq/ERR110/002/ERR11020102/ERR11020102_2.fastq.gz,,mmapbench
seqinspector_1794_ERR11646945,https://ftp.sra.ebi.ac.uk/vol1/fastq/ERR116/045/ERR11646945/ERR11646945_1.fastq.gz,https://ftp.sra.ebi.ac.uk/vol1/fastq/ERR116/045/ERR11646945/ERR11646945_2.fastq.gz,,mmapbench
seqinspector_1795_ERR3061634,https://ftp.sra.ebi.ac.uk/vol1/fastq/ERR306/004/ERR3061634/ERR3061634_1.fastq.gz,https://ftp.sra.ebi.ac.uk/vol1/fastq/ERR306/004/ERR3061634/ERR3061634_2.fastq.gz,,mmapbench
seqinspector_1796_ERR14789026,https://ftp.sra.ebi.ac.uk/vol1/fastq/ERR147/026/ERR14789026/ERR14789026_1.fastq.gz,https://ftp.sra.ebi.ac.uk/vol1/fastq/ERR147/026/ERR14789026/ERR14789026_2.fastq.gz,,mmapbench
seqinspector_1797_ERR4407775,https://ftp.sra.ebi.ac.uk/vol1/fastq/ERR440/005/ERR4407775/ERR4407775_1.fastq.gz,https://ftp.sra.ebi.ac.uk/vol1/fastq/ERR440/005/ERR4407775/ERR4407775_2.fastq.gz,,mmapbench
seqinspector_1798_ERR14195144,https://ftp.sra.ebi.ac.uk/vol1/fastq/ERR141/044/ERR14195144/ERR14195144_1.fastq.gz,https://ftp.sra.ebi.ac.uk/vol1/fastq/ERR141/044/ERR14195144/ERR14195144_2.fastq.gz,,mmapbench
seqinspector_1799_ERR14195769,https://ftp.sra.ebi.ac.uk/vol1/fastq/ERR141/069/ERR14195769/ERR14195769_1.fastq.gz,https://ftp.sra.ebi.ac.uk/vol1/fastq/ERR141/069/ERR14195769/ERR14195769_2.fastq.gz,,mmapbench
seqinspector_1800_ERR11669271,https://ftp.sra.ebi.ac.uk/vol1/fastq/ERR116/071/ERR11669271/ERR11669271_1.fastq.gz,https://ftp.sra.ebi.ac.uk/vol1/fastq/ERR116/071/ERR11669271/ERR11669271_2.fastq.gz,,mmapbench
seqinspector_1801_ERR14789498,https://ftp.sra.ebi.ac.uk/vol1/fastq/ERR147/098/ERR14789498/ERR14789498_1.fastq.gz,https://ftp.sra.ebi.ac.uk/vol1/fastq/ERR147/098/ERR14789498/ERR14789498_2.fastq.gz,,mmapbench
seqinspector_1802_ERR2282004,https://ftp.sra.ebi.ac.uk/vol1/fastq/ERR228/004/ERR2282004/ERR2282004_1.fastq.gz,https://ftp.sra.ebi.ac.uk/vol1/fastq/ERR228/004/ERR2282004/ERR2282004_2.fastq.gz,,mmapbench
seqinspector_1803_ERR4503452,https://ftp.sra.ebi.ac.uk/vol1/fastq/ERR450/002/ERR4503452/ERR4503452_1.fastq.gz,https://ftp.sra.ebi.ac.uk/vol1/fastq/ERR450/002/ERR4503452/ERR4503452_2.fastq.gz,,mmapbench
seqinspector_1804_ERR3699598,https://ftp.sra.ebi.ac.uk/vol1/fastq/ERR369/008/ERR3699598/ERR3699598_1.fastq.gz,https://ftp.sra.ebi.ac.uk/vol1/fastq/ERR369/008/ERR3699598/ERR3699598_2.fastq.gz,,mmapbench
seqinspector_1805_ERR11456200,https://ftp.sra.ebi.ac.uk/vol1/fastq/ERR114/000/ERR11456200/ERR11456200_1.fastq.gz,https://ftp.sra.ebi.ac.uk/vol1/fastq/ERR114/000/ERR11456200/ERR11456200_2.fastq.gz,,mmapbench
seqinspector_1806_ERR14195378,https://ftp.sra.ebi.ac.uk/vol1/fastq/ERR141/078/ERR14195378/ERR14195378_1.fastq.gz,https://ftp.sra.ebi.ac.uk/vol1/fastq/ERR141/078/ERR14195378/ERR14195378_2.fastq.gz,,mmapbench
seqinspector_1807_ERR13192096,https://ftp.sra.ebi.ac.uk/vol1/fastq/ERR131/096/ERR13192096/ERR13192096_1.fastq.gz,https://ftp.sra.ebi.ac.uk/vol1/fastq/ERR131/096/ERR13192096/ERR13192096_2.fastq.gz,,mmapbench
seqinspector_1808_ERR3969712,https://ftp.sra.ebi.ac.uk/vol1/fastq/ERR396/002/ERR3969712/ERR3969712_1.fastq.gz,https://ftp.sra.ebi.ac.uk/vol1/fastq/ERR396/002/ERR3969712/ERR3969712_2.fastq.gz,,mmapbench
seqinspector_1809_ERR15668028,https://ftp.sra.ebi.ac.uk/vol1/fastq/ERR156/028/ERR15668028/ERR15668028_1.fastq.gz,https://ftp.sra.ebi.ac.uk/vol1/fastq/ERR156/028/ERR15668028/ERR15668028_2.fastq.gz,,mmapbench
seqinspector_1810_ERR14854204,https://ftp.sra.ebi.ac.uk/vol1/fastq/ERR148/004/ERR14854204/ERR14854204_1.fastq.gz,https://ftp.sra.ebi.ac.uk/vol1/fastq/ERR148/004/ERR14854204/ERR14854204_2.fastq.gz,,mmapbench
seqinspector_1811_ERR16010569,https://ftp.sra.ebi.ac.uk/vol1/fastq/ERR160/069/ERR16010569/ERR16010569_1.fastq.gz,https://ftp.sra.ebi.ac.uk/vol1/fastq/ERR160/069/ERR16010569/ERR16010569_2.fastq.gz,,mmapbench
seqinspector_1812_ERR12316836,https://ftp.sra.ebi.ac.uk/vol1/fastq/ERR123/036/ERR12316836/ERR12316836_1.fastq.gz,https://ftp.sra.ebi.ac.uk/vol1/fastq/ERR123/036/ERR12316836/ERR12316836_2.fastq.gz,,mmapbench
seqinspector_1813_ERR14211672,https://ftp.sra.ebi.ac.uk/vol1/fastq/ERR142/072/ERR14211672/ERR14211672_1.fastq.gz,https://ftp.sra.ebi.ac.uk/vol1/fastq/ERR142/072/ERR14211672/ERR14211672_2.fastq.gz,,mmapbench
seqinspector_1814_ERR11646954,https://ftp.sra.ebi.ac.uk/vol1/fastq/ERR116/054/ERR11646954/ERR11646954_1.fastq.gz,https://ftp.sra.ebi.ac.uk/vol1/fastq/ERR116/054/ERR11646954/ERR11646954_2.fastq.gz,,mmapbench
seqinspector_1815_ERR10749787,https://ftp.sra.ebi.ac.uk/vol1/fastq/ERR107/087/ERR10749787/ERR10749787_1.fastq.gz,https://ftp.sra.ebi.ac.uk/vol1/fastq/ERR107/087/ERR10749787/ERR10749787_2.fastq.gz,,mmapbench
seqinspector_1816_ERR4407675,https://ftp.sra.ebi.ac.uk/vol1/fastq/ERR440/005/ERR4407675/ERR4407675_1.fastq.gz,https://ftp.sra.ebi.ac.uk/vol1/fastq/ERR440/005/ERR4407675/ERR4407675_2.fastq.gz,,mmapbench
seqinspector_1817_ERR12520126,https://ftp.sra.ebi.ac.uk/vol1/fastq/ERR125/026/ERR12520126/ERR12520126_1.fastq.gz,https://ftp.sra.ebi.ac.uk/vol1/fastq/ERR125/026/ERR12520126/ERR12520126_2.fastq.gz,,mmapbench
seqinspector_1818_ERR2182503,https://ftp.sra.ebi.ac.uk/vol1/fastq/ERR218/003/ERR2182503/ERR2182503_1.fastq.gz,https://ftp.sra.ebi.ac.uk/vol1/fastq/ERR218/003/ERR2182503/ERR2182503_2.fastq.gz,,mmapbench
seqinspector_1819_ERR10881092,https://ftp.sra.ebi.ac.uk/vol1/fastq/ERR108/092/ERR10881092/ERR10881092_1.fastq.gz,https://ftp.sra.ebi.ac.uk/vol1/fastq/ERR108/092/ERR10881092/ERR10881092_2.fastq.gz,,mmapbench
seqinspector_1820_ERR14210978,https://ftp.sra.ebi.ac.uk/vol1/fastq/ERR142/078/ERR14210978/ERR14210978_1.fastq.gz,https://ftp.sra.ebi.ac.uk/vol1/fastq/ERR142/078/ERR14210978/ERR14210978_2.fastq.gz,,mmapbench
seqinspector_1821_ERR2608188,https://ftp.sra.ebi.ac.uk/vol1/fastq/ERR260/008/ERR2608188/ERR2608188_1.fastq.gz,https://ftp.sra.ebi.ac.uk/vol1/fastq/ERR260/008/ERR2608188/ERR2608188_2.fastq.gz,,mmapbench
seqinspector_1822_ERR11646940,https://ftp.sra.ebi.ac.uk/vol1/fastq/ERR116/040/ERR11646940/ERR11646940_1.fastq.gz,https://ftp.sra.ebi.ac.uk/vol1/fastq/ERR116/040/ERR11646940/ERR11646940_2.fastq.gz,,mmapbench
seqinspector_1823_DRR636974,https://ftp.sra.ebi.ac.uk/vol1/fastq/DRR636/DRR636974/DRR636974_1.fastq.gz,https://ftp.sra.ebi.ac.uk/vol1/fastq/DRR636/DRR636974/DRR636974_2.fastq.gz,,mmapbench
seqinspector_1824_ERR10744914,https://ftp.sra.ebi.ac.uk/vol1/fastq/ERR107/014/ERR10744914/ERR10744914_1.fastq.gz,https://ftp.sra.ebi.ac.uk/vol1/fastq/ERR107/014/ERR10744914/ERR10744914_2.fastq.gz,,mmapbench
seqinspector_1825_ERR4407689,https://ftp.sra.ebi.ac.uk/vol1/fastq/ERR440/009/ERR4407689/ERR4407689_1.fastq.gz,https://ftp.sra.ebi.ac.uk/vol1/fastq/ERR440/009/ERR4407689/ERR4407689_2.fastq.gz,,mmapbench
seqinspector_1826_ERR4502829,https://ftp.sra.ebi.ac.uk/vol1/fastq/ERR450/009/ERR4502829/ERR4502829_1.fastq.gz,https://ftp.sra.ebi.ac.uk/vol1/fastq/ERR450/009/ERR4502829/ERR4502829_2.fastq.gz,,mmapbench
seqinspector_1827_ERR2863546,https://ftp.sra.ebi.ac.uk/vol1/fastq/ERR286/006/ERR2863546/ERR2863546_1.fastq.gz,https://ftp.sra.ebi.ac.uk/vol1/fastq/ERR286/006/ERR2863546/ERR2863546_2.fastq.gz,,mmapbench
seqinspector_1828_ERR14211705,https://ftp.sra.ebi.ac.uk/vol1/fastq/ERR142/005/ERR14211705/ERR14211705_1.fastq.gz,https://ftp.sra.ebi.ac.uk/vol1/fastq/ERR142/005/ERR14211705/ERR14211705_2.fastq.gz,,mmapbench
seqinspector_1829_ERR14195559,https://ftp.sra.ebi.ac.uk/vol1/fastq/ERR141/059/ERR14195559/ERR14195559_1.fastq.gz,https://ftp.sra.ebi.ac.uk/vol1/fastq/ERR141/059/ERR14195559/ERR14195559_2.fastq.gz,,mmapbench
seqinspector_1830_ERR4502724,https://ftp.sra.ebi.ac.uk/vol1/fastq/ERR450/004/ERR4502724/ERR4502724_1.fastq.gz,https://ftp.sra.ebi.ac.uk/vol1/fastq/ERR450/004/ERR4502724/ERR4502724_2.fastq.gz,,mmapbench
seqinspector_1831_ERR2164513,https://ftp.sra.ebi.ac.uk/vol1/fastq/ERR216/003/ERR2164513/ERR2164513_1.fastq.gz,https://ftp.sra.ebi.ac.uk/vol1/fastq/ERR216/003/ERR2164513/ERR2164513_2.fastq.gz,,mmapbench
seqinspector_1832_ERR3040634,https://ftp.sra.ebi.ac.uk/vol1/fastq/ERR304/004/ERR3040634/ERR3040634_1.fastq.gz,https://ftp.sra.ebi.ac.uk/vol1/fastq/ERR304/004/ERR3040634/ERR3040634_2.fastq.gz,,mmapbench
seqinspector_1833_ERR3899858,https://ftp.sra.ebi.ac.uk/vol1/fastq/ERR389/008/ERR3899858/ERR3899858_1.fastq.gz,https://ftp.sra.ebi.ac.uk/vol1/fastq/ERR389/008/ERR3899858/ERR3899858_2.fastq.gz,,mmapbench
seqinspector_1834_ERR17273141,https://ftp.sra.ebi.ac.uk/vol1/fastq/ERR172/041/ERR17273141/ERR17273141_1.fastq.gz,https://ftp.sra.ebi.ac.uk/vol1/fastq/ERR172/041/ERR17273141/ERR17273141_2.fastq.gz,,mmapbench
seqinspector_1835_ERR3899884,https://ftp.sra.ebi.ac.uk/vol1/fastq/ERR389/004/ERR3899884/ERR3899884_1.fastq.gz,https://ftp.sra.ebi.ac.uk/vol1/fastq/ERR389/004/ERR3899884/ERR3899884_2.fastq.gz,,mmapbench
seqinspector_1836_ERR12828271,https://ftp.sra.ebi.ac.uk/vol1/fastq/ERR128/071/ERR12828271/ERR12828271_1.fastq.gz,https://ftp.sra.ebi.ac.uk/vol1/fastq/ERR128/071/ERR12828271/ERR12828271_2.fastq.gz,,mmapbench
seqinspector_1837_ERR16713109,https://ftp.sra.ebi.ac.uk/vol1/fastq/ERR167/009/ERR16713109/ERR16713109_1.fastq.gz,https://ftp.sra.ebi.ac.uk/vol1/fastq/ERR167/009/ERR16713109/ERR16713109_2.fastq.gz,,mmapbench
seqinspector_1838_ERR14195623,https://ftp.sra.ebi.ac.uk/vol1/fastq/ERR141/023/ERR14195623/ERR14195623_1.fastq.gz,https://ftp.sra.ebi.ac.uk/vol1/fastq/ERR141/023/ERR14195623/ERR14195623_2.fastq.gz,,mmapbench
seqinspector_1839_DRR636922,https://ftp.sra.ebi.ac.uk/vol1/fastq/DRR636/DRR636922/DRR636922_1.fastq.gz,https://ftp.sra.ebi.ac.uk/vol1/fastq/DRR636/DRR636922/DRR636922_2.fastq.gz,,mmapbench
seqinspector_1840_ERR14801482,https://ftp.sra.ebi.ac.uk/vol1/fastq/ERR148/082/ERR14801482/ERR14801482_1.fastq.gz,https://ftp.sra.ebi.ac.uk/vol1/fastq/ERR148/082/ERR14801482/ERR14801482_2.fastq.gz,,mmapbench
seqinspector_1841_ERR2608195,https://ftp.sra.ebi.ac.uk/vol1/fastq/ERR260/005/ERR2608195/ERR2608195_1.fastq.gz,https://ftp.sra.ebi.ac.uk/vol1/fastq/ERR260/005/ERR2608195/ERR2608195_2.fastq.gz,,mmapbench
seqinspector_1842_ERR14789136,https://ftp.sra.ebi.ac.uk/vol1/fastq/ERR147/036/ERR14789136/ERR14789136_1.fastq.gz,https://ftp.sra.ebi.ac.uk/vol1/fastq/ERR147/036/ERR14789136/ERR14789136_2.fastq.gz,,mmapbench
seqinspector_1843_ERR14195374,https://ftp.sra.ebi.ac.uk/vol1/fastq/ERR141/074/ERR14195374/ERR14195374_1.fastq.gz,https://ftp.sra.ebi.ac.uk/vol1/fastq/ERR141/074/ERR14195374/ERR14195374_2.fastq.gz,,mmapbench
seqinspector_1844_ERR15338133,https://ftp.sra.ebi.ac.uk/vol1/fastq/ERR153/033/ERR15338133/ERR15338133_1.fastq.gz,https://ftp.sra.ebi.ac.uk/vol1/fastq/ERR153/033/ERR15338133/ERR15338133_2.fastq.gz,,mmapbench
seqinspector_1845_DRR636932,https://ftp.sra.ebi.ac.uk/vol1/fastq/DRR636/DRR636932/DRR636932_1.fastq.gz,https://ftp.sra.ebi.ac.uk/vol1/fastq/DRR636/DRR636932/DRR636932_2.fastq.gz,,mmapbench
seqinspector_1846_ERR12217852,https://ftp.sra.ebi.ac.uk/vol1/fastq/ERR122/052/ERR12217852/ERR12217852_1.fastq.gz,https://ftp.sra.ebi.ac.uk/vol1/fastq/ERR122/052/ERR12217852/ERR12217852_2.fastq.gz,,mmapbench
seqinspector_1847_ERR12799433,https://ftp.sra.ebi.ac.uk/vol1/fastq/ERR127/033/ERR12799433/ERR12799433_1.fastq.gz,https://ftp.sra.ebi.ac.uk/vol1/fastq/ERR127/033/ERR12799433/ERR12799433_2.fastq.gz,,mmapbench
seqinspector_1848_ERR3040698,https://ftp.sra.ebi.ac.uk/vol1/fastq/ERR304/008/ERR3040698/ERR3040698_1.fastq.gz,https://ftp.sra.ebi.ac.uk/vol1/fastq/ERR304/008/ERR3040698/ERR3040698_2.fastq.gz,,mmapbench
seqinspector_1849_ERR12316792,https://ftp.sra.ebi.ac.uk/vol1/fastq/ERR123/092/ERR12316792/ERR12316792_1.fastq.gz,https://ftp.sra.ebi.ac.uk/vol1/fastq/ERR123/092/ERR12316792/ERR12316792_2.fastq.gz,,mmapbench
seqinspector_1850_ERR12520284,https://ftp.sra.ebi.ac.uk/vol1/fastq/ERR125/084/ERR12520284/ERR12520284_1.fastq.gz,https://ftp.sra.ebi.ac.uk/vol1/fastq/ERR125/084/ERR12520284/ERR12520284_2.fastq.gz,,mmapbench
seqinspector_1851_ERR13061339,https://ftp.sra.ebi.ac.uk/vol1/fastq/ERR130/039/ERR13061339/ERR13061339_1.fastq.gz,https://ftp.sra.ebi.ac.uk/vol1/fastq/ERR130/039/ERR13061339/ERR13061339_2.fastq.gz,,mmapbench
seqinspector_1852_ERR2182501,https://ftp.sra.ebi.ac.uk/vol1/fastq/ERR218/001/ERR2182501/ERR2182501_1.fastq.gz,https://ftp.sra.ebi.ac.uk/vol1/fastq/ERR218/001/ERR2182501/ERR2182501_2.fastq.gz,,mmapbench
seqinspector_1853_ERR2863556,https://ftp.sra.ebi.ac.uk/vol1/fastq/ERR286/006/ERR2863556/ERR2863556_1.fastq.gz,https://ftp.sra.ebi.ac.uk/vol1/fastq/ERR286/006/ERR2863556/ERR2863556_2.fastq.gz,,mmapbench
seqinspector_1854_ERR3955049,https://ftp.sra.ebi.ac.uk/vol1/fastq/ERR395/009/ERR3955049/ERR3955049_1.fastq.gz,https://ftp.sra.ebi.ac.uk/vol1/fastq/ERR395/009/ERR3955049/ERR3955049_2.fastq.gz,,mmapbench
seqinspector_1855_ERR3932453,https://ftp.sra.ebi.ac.uk/vol1/fastq/ERR393/003/ERR3932453/ERR3932453_1.fastq.gz,https://ftp.sra.ebi.ac.uk/vol1/fastq/ERR393/003/ERR3932453/ERR3932453_2.fastq.gz,,mmapbench
seqinspector_1856_ERR16713475,https://ftp.sra.ebi.ac.uk/vol1/fastq/ERR167/075/ERR16713475/ERR16713475_1.fastq.gz,https://ftp.sra.ebi.ac.uk/vol1/fastq/ERR167/075/ERR16713475/ERR16713475_2.fastq.gz,,mmapbench
seqinspector_1857_ERR3955452,https://ftp.sra.ebi.ac.uk/vol1/fastq/ERR395/002/ERR3955452/ERR3955452_1.fastq.gz,https://ftp.sra.ebi.ac.uk/vol1/fastq/ERR395/002/ERR3955452/ERR3955452_2.fastq.gz,,mmapbench
seqinspector_1858_ERR11627490,https://ftp.sra.ebi.ac.uk/vol1/fastq/ERR116/090/ERR11627490/ERR11627490_1.fastq.gz,https://ftp.sra.ebi.ac.uk/vol1/fastq/ERR116/090/ERR11627490/ERR11627490_2.fastq.gz,,mmapbench
seqinspector_1859_ERR16721487,https://ftp.sra.ebi.ac.uk/vol1/fastq/ERR167/087/ERR16721487/ERR16721487_1.fastq.gz,https://ftp.sra.ebi.ac.uk/vol1/fastq/ERR167/087/ERR16721487/ERR16721487_2.fastq.gz,,mmapbench
seqinspector_1860_ERR10744274,https://ftp.sra.ebi.ac.uk/vol1/fastq/ERR107/074/ERR10744274/ERR10744274_1.fastq.gz,https://ftp.sra.ebi.ac.uk/vol1/fastq/ERR107/074/ERR10744274/ERR10744274_2.fastq.gz,,mmapbench
seqinspector_1861_ERR12316842,https://ftp.sra.ebi.ac.uk/vol1/fastq/ERR123/042/ERR12316842/ERR12316842_1.fastq.gz,https://ftp.sra.ebi.ac.uk/vol1/fastq/ERR123/042/ERR12316842/ERR12316842_2.fastq.gz,,mmapbench
seqinspector_1862_ERR3684359,https://ftp.sra.ebi.ac.uk/vol1/fastq/ERR368/009/ERR3684359/ERR3684359_1.fastq.gz,https://ftp.sra.ebi.ac.uk/vol1/fastq/ERR368/009/ERR3684359/ERR3684359_2.fastq.gz,,mmapbench
seqinspector_1863_ERR3726465,https://ftp.sra.ebi.ac.uk/vol1/fastq/ERR372/005/ERR3726465/ERR3726465_1.fastq.gz,https://ftp.sra.ebi.ac.uk/vol1/fastq/ERR372/005/ERR3726465/ERR3726465_2.fastq.gz,,mmapbench
seqinspector_1864_DRR777405,https://ftp.sra.ebi.ac.uk/vol1/fastq/DRR777/DRR777405/DRR777405_1.fastq.gz,https://ftp.sra.ebi.ac.uk/vol1/fastq/DRR777/DRR777405/DRR777405_2.fastq.gz,,mmapbench
seqinspector_1865_ERR3670931,https://ftp.sra.ebi.ac.uk/vol1/fastq/ERR367/001/ERR3670931/ERR3670931_1.fastq.gz,https://ftp.sra.ebi.ac.uk/vol1/fastq/ERR367/001/ERR3670931/ERR3670931_2.fastq.gz,,mmapbench
seqinspector_1866_ERR15664757,https://ftp.sra.ebi.ac.uk/vol1/fastq/ERR156/057/ERR15664757/ERR15664757_1.fastq.gz,https://ftp.sra.ebi.ac.uk/vol1/fastq/ERR156/057/ERR15664757/ERR15664757_2.fastq.gz,,mmapbench
seqinspector_1867_ERR3932417,https://ftp.sra.ebi.ac.uk/vol1/fastq/ERR393/007/ERR3932417/ERR3932417_1.fastq.gz,https://ftp.sra.ebi.ac.uk/vol1/fastq/ERR393/007/ERR3932417/ERR3932417_2.fastq.gz,,mmapbench
seqinspector_1868_ERR14211734,https://ftp.sra.ebi.ac.uk/vol1/fastq/ERR142/034/ERR14211734/ERR14211734_1.fastq.gz,https://ftp.sra.ebi.ac.uk/vol1/fastq/ERR142/034/ERR14211734/ERR14211734_2.fastq.gz,,mmapbench
seqinspector_1869_ERR4503288,https://ftp.sra.ebi.ac.uk/vol1/fastq/ERR450/008/ERR4503288/ERR4503288_1.fastq.gz,https://ftp.sra.ebi.ac.uk/vol1/fastq/ERR450/008/ERR4503288/ERR4503288_2.fastq.gz,,mmapbench
seqinspector_1870_ERR2863541,https://ftp.sra.ebi.ac.uk/vol1/fastq/ERR286/001/ERR2863541/ERR2863541_1.fastq.gz,https://ftp.sra.ebi.ac.uk/vol1/fastq/ERR286/001/ERR2863541/ERR2863541_2.fastq.gz,,mmapbench
seqinspector_1871_ERR12556585,https://ftp.sra.ebi.ac.uk/vol1/fastq/ERR125/085/ERR12556585/ERR12556585_1.fastq.gz,https://ftp.sra.ebi.ac.uk/vol1/fastq/ERR125/085/ERR12556585/ERR12556585_2.fastq.gz,,mmapbench
seqinspector_1872_ERR3699602,https://ftp.sra.ebi.ac.uk/vol1/fastq/ERR369/002/ERR3699602/ERR3699602_1.fastq.gz,https://ftp.sra.ebi.ac.uk/vol1/fastq/ERR369/002/ERR3699602/ERR3699602_2.fastq.gz,,mmapbench
seqinspector_1873_ERR17459918,https://ftp.sra.ebi.ac.uk/vol1/fastq/ERR174/018/ERR17459918/ERR17459918_1.fastq.gz,https://ftp.sra.ebi.ac.uk/vol1/fastq/ERR174/018/ERR17459918/ERR17459918_2.fastq.gz,,mmapbench
seqinspector_1874_ERR17459433,https://ftp.sra.ebi.ac.uk/vol1/fastq/ERR174/033/ERR17459433/ERR17459433_1.fastq.gz,https://ftp.sra.ebi.ac.uk/vol1/fastq/ERR174/033/ERR17459433/ERR17459433_2.fastq.gz,,mmapbench
seqinspector_1875_ERR3670866,https://ftp.sra.ebi.ac.uk/vol1/fastq/ERR367/006/ERR3670866/ERR3670866_1.fastq.gz,https://ftp.sra.ebi.ac.uk/vol1/fastq/ERR367/006/ERR3670866/ERR3670866_2.fastq.gz,,mmapbench
seqinspector_1876_ERR16719688,https://ftp.sra.ebi.ac.uk/vol1/fastq/ERR167/088/ERR16719688/ERR16719688_1.fastq.gz,https://ftp.sra.ebi.ac.uk/vol1/fastq/ERR167/088/ERR16719688/ERR16719688_2.fastq.gz,,mmapbench
seqinspector_1877_ERR16043026,https://ftp.sra.ebi.ac.uk/vol1/fastq/ERR160/026/ERR16043026/ERR16043026_1.fastq.gz,https://ftp.sra.ebi.ac.uk/vol1/fastq/ERR160/026/ERR16043026/ERR16043026_2.fastq.gz,,mmapbench
seqinspector_1878_ERR13391249,https://ftp.sra.ebi.ac.uk/vol1/fastq/ERR133/049/ERR13391249/ERR13391249_1.fastq.gz,https://ftp.sra.ebi.ac.uk/vol1/fastq/ERR133/049/ERR13391249/ERR13391249_2.fastq.gz,,mmapbench
seqinspector_1879_ERR11019927,https://ftp.sra.ebi.ac.uk/vol1/fastq/ERR110/027/ERR11019927/ERR11019927_1.fastq.gz,https://ftp.sra.ebi.ac.uk/vol1/fastq/ERR110/027/ERR11019927/ERR11019927_2.fastq.gz,,mmapbench
seqinspector_1880_ERR16714474,https://ftp.sra.ebi.ac.uk/vol1/fastq/ERR167/074/ERR16714474/ERR16714474_1.fastq.gz,https://ftp.sra.ebi.ac.uk/vol1/fastq/ERR167/074/ERR16714474/ERR16714474_2.fastq.gz,,mmapbench
seqinspector_1881_ERR11489954,https://ftp.sra.ebi.ac.uk/vol1/fastq/ERR114/054/ERR11489954/ERR11489954_1.fastq.gz,https://ftp.sra.ebi.ac.uk/vol1/fastq/ERR114/054/ERR11489954/ERR11489954_2.fastq.gz,,mmapbench
seqinspector_1882_ERR12520150,https://ftp.sra.ebi.ac.uk/vol1/fastq/ERR125/050/ERR12520150/ERR12520150_1.fastq.gz,https://ftp.sra.ebi.ac.uk/vol1/fastq/ERR125/050/ERR12520150/ERR12520150_2.fastq.gz,,mmapbench
seqinspector_1883_ERR13391459,https://ftp.sra.ebi.ac.uk/vol1/fastq/ERR133/059/ERR13391459/ERR13391459_1.fastq.gz,https://ftp.sra.ebi.ac.uk/vol1/fastq/ERR133/059/ERR13391459/ERR13391459_2.fastq.gz,,mmapbench
seqinspector_1884_ERR3682628,https://ftp.sra.ebi.ac.uk/vol1/fastq/ERR368/008/ERR3682628/ERR3682628_1.fastq.gz,https://ftp.sra.ebi.ac.uk/vol1/fastq/ERR368/008/ERR3682628/ERR3682628_2.fastq.gz,,mmapbench
seqinspector_1885_ERR15315391,https://ftp.sra.ebi.ac.uk/vol1/fastq/ERR153/091/ERR15315391/ERR15315391_1.fastq.gz,https://ftp.sra.ebi.ac.uk/vol1/fastq/ERR153/091/ERR15315391/ERR15315391_2.fastq.gz,,mmapbench
seqinspector_1886_ERR2608488,https://ftp.sra.ebi.ac.uk/vol1/fastq/ERR260/008/ERR2608488/ERR2608488_1.fastq.gz,https://ftp.sra.ebi.ac.uk/vol1/fastq/ERR260/008/ERR2608488/ERR2608488_2.fastq.gz,,mmapbench
seqinspector_1887_ERR4503522,https://ftp.sra.ebi.ac.uk/vol1/fastq/ERR450/002/ERR4503522/ERR4503522_1.fastq.gz,https://ftp.sra.ebi.ac.uk/vol1/fastq/ERR450/002/ERR4503522/ERR4503522_2.fastq.gz,,mmapbench
seqinspector_1888_ERR15664756,https://ftp.sra.ebi.ac.uk/vol1/fastq/ERR156/056/ERR15664756/ERR15664756_1.fastq.gz,https://ftp.sra.ebi.ac.uk/vol1/fastq/ERR156/056/ERR15664756/ERR15664756_2.fastq.gz,,mmapbench
seqinspector_1889_ERR10878165,https://ftp.sra.ebi.ac.uk/vol1/fastq/ERR108/065/ERR10878165/ERR10878165_1.fastq.gz,https://ftp.sra.ebi.ac.uk/vol1/fastq/ERR108/065/ERR10878165/ERR10878165_2.fastq.gz,,mmapbench
seqinspector_1890_ERR14802703,https://ftp.sra.ebi.ac.uk/vol1/fastq/ERR148/003/ERR14802703/ERR14802703_1.fastq.gz,https://ftp.sra.ebi.ac.uk/vol1/fastq/ERR148/003/ERR14802703/ERR14802703_2.fastq.gz,,mmapbench
seqinspector_1891_ERR12520497,https://ftp.sra.ebi.ac.uk/vol1/fastq/ERR125/097/ERR12520497/ERR12520497_1.fastq.gz,https://ftp.sra.ebi.ac.uk/vol1/fastq/ERR125/097/ERR12520497/ERR12520497_2.fastq.gz,,mmapbench
seqinspector_1892_ERR12889262,https://ftp.sra.ebi.ac.uk/vol1/fastq/ERR128/062/ERR12889262/ERR12889262_1.fastq.gz,https://ftp.sra.ebi.ac.uk/vol1/fastq/ERR128/062/ERR12889262/ERR12889262_2.fastq.gz,,mmapbench
seqinspector_1893_DRR774198,https://ftp.sra.ebi.ac.uk/vol1/fastq/DRR774/DRR774198/DRR774198_1.fastq.gz,https://ftp.sra.ebi.ac.uk/vol1/fastq/DRR774/DRR774198/DRR774198_2.fastq.gz,,mmapbench
seqinspector_1894_ERR3903886,https://ftp.sra.ebi.ac.uk/vol1/fastq/ERR390/006/ERR3903886/ERR3903886_1.fastq.gz,https://ftp.sra.ebi.ac.uk/vol1/fastq/ERR390/006/ERR3903886/ERR3903886_2.fastq.gz,,mmapbench
seqinspector_1895_ERR16724590,https://ftp.sra.ebi.ac.uk/vol1/fastq/ERR167/090/ERR16724590/ERR16724590_1.fastq.gz,https://ftp.sra.ebi.ac.uk/vol1/fastq/ERR167/090/ERR16724590/ERR16724590_2.fastq.gz,,mmapbench
seqinspector_1896_DRR699084,https://ftp.sra.ebi.ac.uk/vol1/fastq/DRR699/DRR699084/DRR699084_1.fastq.gz,https://ftp.sra.ebi.ac.uk/vol1/fastq/DRR699/DRR699084/DRR699084_2.fastq.gz,,mmapbench
seqinspector_1897_ERR12220185,https://ftp.sra.ebi.ac.uk/vol1/fastq/ERR122/085/ERR12220185/ERR12220185_1.fastq.gz,https://ftp.sra.ebi.ac.uk/vol1/fastq/ERR122/085/ERR12220185/ERR12220185_2.fastq.gz,,mmapbench
seqinspector_1898_DRR317881,https://ftp.sra.ebi.ac.uk/vol1/fastq/DRR317/DRR317881/DRR317881_1.fastq.gz,https://ftp.sra.ebi.ac.uk/vol1/fastq/DRR317/DRR317881/DRR317881_2.fastq.gz,,mmapbench
seqinspector_1899_ERR12219169,https://ftp.sra.ebi.ac.uk/vol1/fastq/ERR122/069/ERR12219169/ERR12219169_1.fastq.gz,https://ftp.sra.ebi.ac.uk/vol1/fastq/ERR122/069/ERR12219169/ERR12219169_2.fastq.gz,,mmapbench
seqinspector_1900_ERR12556587,https://ftp.sra.ebi.ac.uk/vol1/fastq/ERR125/087/ERR12556587/ERR12556587_1.fastq.gz,https://ftp.sra.ebi.ac.uk/vol1/fastq/ERR125/087/ERR12556587/ERR12556587_2.fastq.gz,,mmapbench
seqinspector_1901_ERR3726736,https://ftp.sra.ebi.ac.uk/vol1/fastq/ERR372/006/ERR3726736/ERR3726736_1.fastq.gz,https://ftp.sra.ebi.ac.uk/vol1/fastq/ERR372/006/ERR3726736/ERR3726736_2.fastq.gz,,mmapbench
seqinspector_1902_ERR14000505,https://ftp.sra.ebi.ac.uk/vol1/fastq/ERR140/005/ERR14000505/ERR14000505_1.fastq.gz,https://ftp.sra.ebi.ac.uk/vol1/fastq/ERR140/005/ERR14000505/ERR14000505_2.fastq.gz,,mmapbench
seqinspector_1903_ERR14211267,https://ftp.sra.ebi.ac.uk/vol1/fastq/ERR142/067/ERR14211267/ERR14211267_1.fastq.gz,https://ftp.sra.ebi.ac.uk/vol1/fastq/ERR142/067/ERR14211267/ERR14211267_2.fastq.gz,,mmapbench
seqinspector_1904_ERR3955110,https://ftp.sra.ebi.ac.uk/vol1/fastq/ERR395/000/ERR3955110/ERR3955110_1.fastq.gz,https://ftp.sra.ebi.ac.uk/vol1/fastq/ERR395/000/ERR3955110/ERR3955110_2.fastq.gz,,mmapbench
seqinspector_1905_ERR12220186,https://ftp.sra.ebi.ac.uk/vol1/fastq/ERR122/086/ERR12220186/ERR12220186_1.fastq.gz,https://ftp.sra.ebi.ac.uk/vol1/fastq/ERR122/086/ERR12220186/ERR12220186_2.fastq.gz,,mmapbench
seqinspector_1906_ERR3969691,https://ftp.sra.ebi.ac.uk/vol1/fastq/ERR396/001/ERR3969691/ERR3969691_1.fastq.gz,https://ftp.sra.ebi.ac.uk/vol1/fastq/ERR396/001/ERR3969691/ERR3969691_2.fastq.gz,,mmapbench
seqinspector_1907_ERR3955849,https://ftp.sra.ebi.ac.uk/vol1/fastq/ERR395/009/ERR3955849/ERR3955849_1.fastq.gz,https://ftp.sra.ebi.ac.uk/vol1/fastq/ERR395/009/ERR3955849/ERR3955849_2.fastq.gz,,mmapbench
seqinspector_1908_ERR16004296,https://ftp.sra.ebi.ac.uk/vol1/fastq/ERR160/096/ERR16004296/ERR16004296_1.fastq.gz,https://ftp.sra.ebi.ac.uk/vol1/fastq/ERR160/096/ERR16004296/ERR16004296_2.fastq.gz,,mmapbench
seqinspector_1909_ERR16023793,https://ftp.sra.ebi.ac.uk/vol1/fastq/ERR160/093/ERR16023793/ERR16023793_1.fastq.gz,https://ftp.sra.ebi.ac.uk/vol1/fastq/ERR160/093/ERR16023793/ERR16023793_2.fastq.gz,,mmapbench
seqinspector_1910_ERR3903934,https://ftp.sra.ebi.ac.uk/vol1/fastq/ERR390/004/ERR3903934/ERR3903934_1.fastq.gz,https://ftp.sra.ebi.ac.uk/vol1/fastq/ERR390/004/ERR3903934/ERR3903934_2.fastq.gz,,mmapbench
seqinspector_1911_ERR11479801,https://ftp.sra.ebi.ac.uk/vol1/fastq/ERR114/001/ERR11479801/ERR11479801_1.fastq.gz,https://ftp.sra.ebi.ac.uk/vol1/fastq/ERR114/001/ERR11479801/ERR11479801_2.fastq.gz,,mmapbench
seqinspector_1912_ERR10749900,https://ftp.sra.ebi.ac.uk/vol1/fastq/ERR107/000/ERR10749900/ERR10749900_1.fastq.gz,https://ftp.sra.ebi.ac.uk/vol1/fastq/ERR107/000/ERR10749900/ERR10749900_2.fastq.gz,,mmapbench
seqinspector_1913_ERR2608283,https://ftp.sra.ebi.ac.uk/vol1/fastq/ERR260/003/ERR2608283/ERR2608283_1.fastq.gz,https://ftp.sra.ebi.ac.uk/vol1/fastq/ERR260/003/ERR2608283/ERR2608283_2.fastq.gz,,mmapbench
seqinspector_1914_ERR14211035,https://ftp.sra.ebi.ac.uk/vol1/fastq/ERR142/035/ERR14211035/ERR14211035_1.fastq.gz,https://ftp.sra.ebi.ac.uk/vol1/fastq/ERR142/035/ERR14211035/ERR14211035_2.fastq.gz,,mmapbench
seqinspector_1915_ERR12520272,https://ftp.sra.ebi.ac.uk/vol1/fastq/ERR125/072/ERR12520272/ERR12520272_1.fastq.gz,https://ftp.sra.ebi.ac.uk/vol1/fastq/ERR125/072/ERR12520272/ERR12520272_2.fastq.gz,,mmapbench
seqinspector_1916_ERR14211747,https://ftp.sra.ebi.ac.uk/vol1/fastq/ERR142/047/ERR14211747/ERR14211747_1.fastq.gz,https://ftp.sra.ebi.ac.uk/vol1/fastq/ERR142/047/ERR14211747/ERR14211747_2.fastq.gz,,mmapbench
seqinspector_1917_ERR14195286,https://ftp.sra.ebi.ac.uk/vol1/fastq/ERR141/086/ERR14195286/ERR14195286_1.fastq.gz,https://ftp.sra.ebi.ac.uk/vol1/fastq/ERR141/086/ERR14195286/ERR14195286_2.fastq.gz,,mmapbench
seqinspector_1918_ERR3769643,https://ftp.sra.ebi.ac.uk/vol1/fastq/ERR376/003/ERR3769643/ERR3769643_1.fastq.gz,https://ftp.sra.ebi.ac.uk/vol1/fastq/ERR376/003/ERR3769643/ERR3769643_2.fastq.gz,,mmapbench
seqinspector_1919_ERR12308575,https://ftp.sra.ebi.ac.uk/vol1/fastq/ERR123/075/ERR12308575/ERR12308575_1.fastq.gz,https://ftp.sra.ebi.ac.uk/vol1/fastq/ERR123/075/ERR12308575/ERR12308575_2.fastq.gz,,mmapbench
seqinspector_1920_ERR10749763,https://ftp.sra.ebi.ac.uk/vol1/fastq/ERR107/063/ERR10749763/ERR10749763_1.fastq.gz,https://ftp.sra.ebi.ac.uk/vol1/fastq/ERR107/063/ERR10749763/ERR10749763_2.fastq.gz,,mmapbench
seqinspector_1921_ERR10394951,https://ftp.sra.ebi.ac.uk/vol1/fastq/ERR103/051/ERR10394951/ERR10394951_1.fastq.gz,https://ftp.sra.ebi.ac.uk/vol1/fastq/ERR103/051/ERR10394951/ERR10394951_2.fastq.gz,,mmapbench
seqinspector_1922_ERR14789015,https://ftp.sra.ebi.ac.uk/vol1/fastq/ERR147/015/ERR14789015/ERR14789015_1.fastq.gz,https://ftp.sra.ebi.ac.uk/vol1/fastq/ERR147/015/ERR14789015/ERR14789015_2.fastq.gz,,mmapbench
seqinspector_1923_ERR12316829,https://ftp.sra.ebi.ac.uk/vol1/fastq/ERR123/029/ERR12316829/ERR12316829_1.fastq.gz,https://ftp.sra.ebi.ac.uk/vol1/fastq/ERR123/029/ERR12316829/ERR12316829_2.fastq.gz,,mmapbench
seqinspector_1924_ERR15562941,https://ftp.sra.ebi.ac.uk/vol1/fastq/ERR155/041/ERR15562941/ERR15562941_1.fastq.gz,https://ftp.sra.ebi.ac.uk/vol1/fastq/ERR155/041/ERR15562941/ERR15562941_2.fastq.gz,,mmapbench
seqinspector_1925_ERR10898006,https://ftp.sra.ebi.ac.uk/vol1/fastq/ERR108/006/ERR10898006/ERR10898006_1.fastq.gz,https://ftp.sra.ebi.ac.uk/vol1/fastq/ERR108/006/ERR10898006/ERR10898006_2.fastq.gz,,mmapbench
seqinspector_1926_ERR13391299,https://ftp.sra.ebi.ac.uk/vol1/fastq/ERR133/099/ERR13391299/ERR13391299_1.fastq.gz,https://ftp.sra.ebi.ac.uk/vol1/fastq/ERR133/099/ERR13391299/ERR13391299_2.fastq.gz,,mmapbench
seqinspector_1927_ERR10749583,https://ftp.sra.ebi.ac.uk/vol1/fastq/ERR107/083/ERR10749583/ERR10749583_1.fastq.gz,https://ftp.sra.ebi.ac.uk/vol1/fastq/ERR107/083/ERR10749583/ERR10749583_2.fastq.gz,,mmapbench
seqinspector_1928_ERR10749553,https://ftp.sra.ebi.ac.uk/vol1/fastq/ERR107/053/ERR10749553/ERR10749553_1.fastq.gz,https://ftp.sra.ebi.ac.uk/vol1/fastq/ERR107/053/ERR10749553/ERR10749553_2.fastq.gz,,mmapbench
seqinspector_1929_ERR2863478,https://ftp.sra.ebi.ac.uk/vol1/fastq/ERR286/008/ERR2863478/ERR2863478_1.fastq.gz,https://ftp.sra.ebi.ac.uk/vol1/fastq/ERR286/008/ERR2863478/ERR2863478_2.fastq.gz,,mmapbench
seqinspector_1930_ERR3769546,https://ftp.sra.ebi.ac.uk/vol1/fastq/ERR376/006/ERR3769546/ERR3769546_1.fastq.gz,https://ftp.sra.ebi.ac.uk/vol1/fastq/ERR376/006/ERR3769546/ERR3769546_2.fastq.gz,,mmapbench
seqinspector_1931_DRR229358,https://ftp.sra.ebi.ac.uk/vol1/fastq/DRR229/DRR229358/DRR229358_1.fastq.gz,https://ftp.sra.ebi.ac.uk/vol1/fastq/DRR229/DRR229358/DRR229358_2.fastq.gz,,mmapbench
seqinspector_1932_ERR3769582,https://ftp.sra.ebi.ac.uk/vol1/fastq/ERR376/002/ERR3769582/ERR3769582_1.fastq.gz,https://ftp.sra.ebi.ac.uk/vol1/fastq/ERR376/002/ERR3769582/ERR3769582_2.fastq.gz,,mmapbench
seqinspector_1933_ERR12308583,https://ftp.sra.ebi.ac.uk/vol1/fastq/ERR123/083/ERR12308583/ERR12308583_1.fastq.gz,https://ftp.sra.ebi.ac.uk/vol1/fastq/ERR123/083/ERR12308583/ERR12308583_2.fastq.gz,,mmapbench
seqinspector_1934_ERR3699687,https://ftp.sra.ebi.ac.uk/vol1/fastq/ERR369/007/ERR3699687/ERR3699687_1.fastq.gz,https://ftp.sra.ebi.ac.uk/vol1/fastq/ERR369/007/ERR3699687/ERR3699687_2.fastq.gz,,mmapbench
seqinspector_1935_ERR12316790,https://ftp.sra.ebi.ac.uk/vol1/fastq/ERR123/090/ERR12316790/ERR12316790_1.fastq.gz,https://ftp.sra.ebi.ac.uk/vol1/fastq/ERR123/090/ERR12316790/ERR12316790_2.fastq.gz,,mmapbench
seqinspector_1936_ERR16712909,https://ftp.sra.ebi.ac.uk/vol1/fastq/ERR167/009/ERR16712909/ERR16712909_1.fastq.gz,https://ftp.sra.ebi.ac.uk/vol1/fastq/ERR167/009/ERR16712909/ERR16712909_2.fastq.gz,,mmapbench
seqinspector_1937_ERR14195175,https://ftp.sra.ebi.ac.uk/vol1/fastq/ERR141/075/ERR14195175/ERR14195175_1.fastq.gz,https://ftp.sra.ebi.ac.uk/vol1/fastq/ERR141/075/ERR14195175/ERR14195175_2.fastq.gz,,mmapbench
seqinspector_1938_ERR16711403,https://ftp.sra.ebi.ac.uk/vol1/fastq/ERR167/003/ERR16711403/ERR16711403_1.fastq.gz,https://ftp.sra.ebi.ac.uk/vol1/fastq/ERR167/003/ERR16711403/ERR16711403_2.fastq.gz,,mmapbench
seqinspector_1939_ERR2611558,https://ftp.sra.ebi.ac.uk/vol1/fastq/ERR261/008/ERR2611558/ERR2611558_1.fastq.gz,https://ftp.sra.ebi.ac.uk/vol1/fastq/ERR261/008/ERR2611558/ERR2611558_2.fastq.gz,,mmapbench
seqinspector_1940_ERR10083908,https://ftp.sra.ebi.ac.uk/vol1/fastq/ERR100/008/ERR10083908/ERR10083908_1.fastq.gz,https://ftp.sra.ebi.ac.uk/vol1/fastq/ERR100/008/ERR10083908/ERR10083908_2.fastq.gz,,mmapbench
seqinspector_1941_ERR10898163,https://ftp.sra.ebi.ac.uk/vol1/fastq/ERR108/063/ERR10898163/ERR10898163_1.fastq.gz,https://ftp.sra.ebi.ac.uk/vol1/fastq/ERR108/063/ERR10898163/ERR10898163_2.fastq.gz,,mmapbench
seqinspector_1942_DRR774197,https://ftp.sra.ebi.ac.uk/vol1/fastq/DRR774/DRR774197/DRR774197_1.fastq.gz,https://ftp.sra.ebi.ac.uk/vol1/fastq/DRR774/DRR774197/DRR774197_2.fastq.gz,,mmapbench
seqinspector_1943_ERR14049007,https://ftp.sra.ebi.ac.uk/vol1/fastq/ERR140/007/ERR14049007/ERR14049007_1.fastq.gz,https://ftp.sra.ebi.ac.uk/vol1/fastq/ERR140/007/ERR14049007/ERR14049007_2.fastq.gz,,mmapbench
seqinspector_1944_ERR10749569,https://ftp.sra.ebi.ac.uk/vol1/fastq/ERR107/069/ERR10749569/ERR10749569_1.fastq.gz,https://ftp.sra.ebi.ac.uk/vol1/fastq/ERR107/069/ERR10749569/ERR10749569_2.fastq.gz,,mmapbench
seqinspector_1945_ERR2863534,https://ftp.sra.ebi.ac.uk/vol1/fastq/ERR286/004/ERR2863534/ERR2863534_1.fastq.gz,https://ftp.sra.ebi.ac.uk/vol1/fastq/ERR286/004/ERR2863534/ERR2863534_2.fastq.gz,,mmapbench
seqinspector_1946_ERR3040657,https://ftp.sra.ebi.ac.uk/vol1/fastq/ERR304/007/ERR3040657/ERR3040657_1.fastq.gz,https://ftp.sra.ebi.ac.uk/vol1/fastq/ERR304/007/ERR3040657/ERR3040657_2.fastq.gz,,mmapbench
seqinspector_1947_ERR14210975,https://ftp.sra.ebi.ac.uk/vol1/fastq/ERR142/075/ERR14210975/ERR14210975_1.fastq.gz,https://ftp.sra.ebi.ac.uk/vol1/fastq/ERR142/075/ERR14210975/ERR14210975_2.fastq.gz,,mmapbench
seqinspector_1948_ERR14049355,https://ftp.sra.ebi.ac.uk/vol1/fastq/ERR140/055/ERR14049355/ERR14049355_1.fastq.gz,https://ftp.sra.ebi.ac.uk/vol1/fastq/ERR140/055/ERR14049355/ERR14049355_2.fastq.gz,,mmapbench
seqinspector_1949_DRR734855,https://ftp.sra.ebi.ac.uk/vol1/fastq/DRR734/DRR734855/DRR734855_1.fastq.gz,https://ftp.sra.ebi.ac.uk/vol1/fastq/DRR734/DRR734855/DRR734855_2.fastq.gz,,mmapbench
seqinspector_1950_ERR14194865,https://ftp.sra.ebi.ac.uk/vol1/fastq/ERR141/065/ERR14194865/ERR14194865_1.fastq.gz,https://ftp.sra.ebi.ac.uk/vol1/fastq/ERR141/065/ERR14194865/ERR14194865_2.fastq.gz,,mmapbench
seqinspector_1951_ERR12555051,https://ftp.sra.ebi.ac.uk/vol1/fastq/ERR125/051/ERR12555051/ERR12555051_1.fastq.gz,https://ftp.sra.ebi.ac.uk/vol1/fastq/ERR125/051/ERR12555051/ERR12555051_2.fastq.gz,,mmapbench
seqinspector_1952_ERR14801355,https://ftp.sra.ebi.ac.uk/vol1/fastq/ERR148/055/ERR14801355/ERR14801355_1.fastq.gz,https://ftp.sra.ebi.ac.uk/vol1/fastq/ERR148/055/ERR14801355/ERR14801355_2.fastq.gz,,mmapbench
seqinspector_1953_ERR14195209,https://ftp.sra.ebi.ac.uk/vol1/fastq/ERR141/009/ERR14195209/ERR14195209_1.fastq.gz,https://ftp.sra.ebi.ac.uk/vol1/fastq/ERR141/009/ERR14195209/ERR14195209_2.fastq.gz,,mmapbench
seqinspector_1954_ERR2863518,https://ftp.sra.ebi.ac.uk/vol1/fastq/ERR286/008/ERR2863518/ERR2863518_1.fastq.gz,https://ftp.sra.ebi.ac.uk/vol1/fastq/ERR286/008/ERR2863518/ERR2863518_2.fastq.gz,,mmapbench
seqinspector_1955_ERR3682694,https://ftp.sra.ebi.ac.uk/vol1/fastq/ERR368/004/ERR3682694/ERR3682694_1.fastq.gz,https://ftp.sra.ebi.ac.uk/vol1/fastq/ERR368/004/ERR3682694/ERR3682694_2.fastq.gz,,mmapbench
seqinspector_1956_ERR17426710,https://ftp.sra.ebi.ac.uk/vol1/fastq/ERR174/010/ERR17426710/ERR17426710_1.fastq.gz,https://ftp.sra.ebi.ac.uk/vol1/fastq/ERR174/010/ERR17426710/ERR17426710_2.fastq.gz,,mmapbench
seqinspector_1957_ERR3769600,https://ftp.sra.ebi.ac.uk/vol1/fastq/ERR376/000/ERR3769600/ERR3769600_1.fastq.gz,https://ftp.sra.ebi.ac.uk/vol1/fastq/ERR376/000/ERR3769600/ERR3769600_2.fastq.gz,,mmapbench
seqinspector_1958_ERR3832185,https://ftp.sra.ebi.ac.uk/vol1/fastq/ERR383/005/ERR3832185/ERR3832185_1.fastq.gz,https://ftp.sra.ebi.ac.uk/vol1/fastq/ERR383/005/ERR3832185/ERR3832185_2.fastq.gz,,mmapbench
seqinspector_1959_DRR777387,https://ftp.sra.ebi.ac.uk/vol1/fastq/DRR777/DRR777387/DRR777387_1.fastq.gz,https://ftp.sra.ebi.ac.uk/vol1/fastq/DRR777/DRR777387/DRR777387_2.fastq.gz,,mmapbench
seqinspector_1960_ERR14647262,https://ftp.sra.ebi.ac.uk/vol1/fastq/ERR146/062/ERR14647262/ERR14647262_1.fastq.gz,https://ftp.sra.ebi.ac.uk/vol1/fastq/ERR146/062/ERR14647262/ERR14647262_2.fastq.gz,,mmapbench
seqinspector_1961_ERR16713127,https://ftp.sra.ebi.ac.uk/vol1/fastq/ERR167/027/ERR16713127/ERR16713127_1.fastq.gz,https://ftp.sra.ebi.ac.uk/vol1/fastq/ERR167/027/ERR16713127/ERR16713127_2.fastq.gz,,mmapbench
seqinspector_1962_ERR14802267,https://ftp.sra.ebi.ac.uk/vol1/fastq/ERR148/067/ERR14802267/ERR14802267_1.fastq.gz,https://ftp.sra.ebi.ac.uk/vol1/fastq/ERR148/067/ERR14802267/ERR14802267_2.fastq.gz,,mmapbench
seqinspector_1963_DRR631554,https://ftp.sra.ebi.ac.uk/vol1/fastq/DRR631/DRR631554/DRR631554_1.fastq.gz,https://ftp.sra.ebi.ac.uk/vol1/fastq/DRR631/DRR631554/DRR631554_2.fastq.gz,,mmapbench
seqinspector_1964_DRR735562,https://ftp.sra.ebi.ac.uk/vol1/fastq/DRR735/DRR735562/DRR735562_1.fastq.gz,https://ftp.sra.ebi.ac.uk/vol1/fastq/DRR735/DRR735562/DRR735562_2.fastq.gz,,mmapbench
seqinspector_1965_ERR15315416,https://ftp.sra.ebi.ac.uk/vol1/fastq/ERR153/016/ERR15315416/ERR15315416_1.fastq.gz,https://ftp.sra.ebi.ac.uk/vol1/fastq/ERR153/016/ERR15315416/ERR15315416_2.fastq.gz,,mmapbench
seqinspector_1966_ERR12329282,https://ftp.sra.ebi.ac.uk/vol1/fastq/ERR123/082/ERR12329282/ERR12329282_1.fastq.gz,https://ftp.sra.ebi.ac.uk/vol1/fastq/ERR123/082/ERR12329282/ERR12329282_2.fastq.gz,,mmapbench
seqinspector_1967_ERR14211268,https://ftp.sra.ebi.ac.uk/vol1/fastq/ERR142/068/ERR14211268/ERR14211268_1.fastq.gz,https://ftp.sra.ebi.ac.uk/vol1/fastq/ERR142/068/ERR14211268/ERR14211268_2.fastq.gz,,mmapbench
seqinspector_1968_ERR12556580,https://ftp.sra.ebi.ac.uk/vol1/fastq/ERR125/080/ERR12556580/ERR12556580_1.fastq.gz,https://ftp.sra.ebi.ac.uk/vol1/fastq/ERR125/080/ERR12556580/ERR12556580_2.fastq.gz,,mmapbench
seqinspector_1969_ERR14194868,https://ftp.sra.ebi.ac.uk/vol1/fastq/ERR141/068/ERR14194868/ERR14194868_1.fastq.gz,https://ftp.sra.ebi.ac.uk/vol1/fastq/ERR141/068/ERR14194868/ERR14194868_2.fastq.gz,,mmapbench
seqinspector_1970_ERR12555002,https://ftp.sra.ebi.ac.uk/vol1/fastq/ERR125/002/ERR12555002/ERR12555002_1.fastq.gz,https://ftp.sra.ebi.ac.uk/vol1/fastq/ERR125/002/ERR12555002/ERR12555002_2.fastq.gz,,mmapbench
seqinspector_1971_ERR3684329,https://ftp.sra.ebi.ac.uk/vol1/fastq/ERR368/009/ERR3684329/ERR3684329_1.fastq.gz,https://ftp.sra.ebi.ac.uk/vol1/fastq/ERR368/009/ERR3684329/ERR3684329_2.fastq.gz,,mmapbench
seqinspector_1972_ERR10744025,https://ftp.sra.ebi.ac.uk/vol1/fastq/ERR107/025/ERR10744025/ERR10744025_1.fastq.gz,https://ftp.sra.ebi.ac.uk/vol1/fastq/ERR107/025/ERR10744025/ERR10744025_2.fastq.gz,,mmapbench
seqinspector_1973_ERR16721784,https://ftp.sra.ebi.ac.uk/vol1/fastq/ERR167/084/ERR16721784/ERR16721784_1.fastq.gz,https://ftp.sra.ebi.ac.uk/vol1/fastq/ERR167/084/ERR16721784/ERR16721784_2.fastq.gz,,mmapbench
seqinspector_1974_ERR12308590,https://ftp.sra.ebi.ac.uk/vol1/fastq/ERR123/090/ERR12308590/ERR12308590_1.fastq.gz,https://ftp.sra.ebi.ac.uk/vol1/fastq/ERR123/090/ERR12308590/ERR12308590_2.fastq.gz,,mmapbench
seqinspector_1975_ERR14043932,https://ftp.sra.ebi.ac.uk/vol1/fastq/ERR140/032/ERR14043932/ERR14043932_1.fastq.gz,https://ftp.sra.ebi.ac.uk/vol1/fastq/ERR140/032/ERR14043932/ERR14043932_2.fastq.gz,,mmapbench
seqinspector_1976_ERR3954947,https://ftp.sra.ebi.ac.uk/vol1/fastq/ERR395/007/ERR3954947/ERR3954947_1.fastq.gz,https://ftp.sra.ebi.ac.uk/vol1/fastq/ERR395/007/ERR3954947/ERR3954947_2.fastq.gz,,mmapbench
seqinspector_1977_ERR12419469,https://ftp.sra.ebi.ac.uk/vol1/fastq/ERR124/069/ERR12419469/ERR12419469_1.fastq.gz,https://ftp.sra.ebi.ac.uk/vol1/fastq/ERR124/069/ERR12419469/ERR12419469_2.fastq.gz,,mmapbench
seqinspector_1978_ERR2863551,https://ftp.sra.ebi.ac.uk/vol1/fastq/ERR286/001/ERR2863551/ERR2863551_1.fastq.gz,https://ftp.sra.ebi.ac.uk/vol1/fastq/ERR286/001/ERR2863551/ERR2863551_2.fastq.gz,,mmapbench
seqinspector_1979_DRR858872,https://ftp.sra.ebi.ac.uk/vol1/fastq/DRR858/DRR858872/DRR858872_1.fastq.gz,https://ftp.sra.ebi.ac.uk/vol1/fastq/DRR858/DRR858872/DRR858872_2.fastq.gz,,mmapbench
seqinspector_1980_ERR14863985,https://ftp.sra.ebi.ac.uk/vol1/fastq/ERR148/085/ERR14863985/ERR14863985_1.fastq.gz,https://ftp.sra.ebi.ac.uk/vol1/fastq/ERR148/085/ERR14863985/ERR14863985_2.fastq.gz,,mmapbench
seqinspector_1981_ERR10749758,https://ftp.sra.ebi.ac.uk/vol1/fastq/ERR107/058/ERR10749758/ERR10749758_1.fastq.gz,https://ftp.sra.ebi.ac.uk/vol1/fastq/ERR107/058/ERR10749758/ERR10749758_2.fastq.gz,,mmapbench
seqinspector_1982_ERR13061352,https://ftp.sra.ebi.ac.uk/vol1/fastq/ERR130/052/ERR13061352/ERR13061352_1.fastq.gz,https://ftp.sra.ebi.ac.uk/vol1/fastq/ERR130/052/ERR13061352/ERR13061352_2.fastq.gz,,mmapbench
seqinspector_1983_ERR12329291,https://ftp.sra.ebi.ac.uk/vol1/fastq/ERR123/091/ERR12329291/ERR12329291_1.fastq.gz,https://ftp.sra.ebi.ac.uk/vol1/fastq/ERR123/091/ERR12329291/ERR12329291_2.fastq.gz,,mmapbench
seqinspector_1984_ERR3726753,https://ftp.sra.ebi.ac.uk/vol1/fastq/ERR372/003/ERR3726753/ERR3726753_1.fastq.gz,https://ftp.sra.ebi.ac.uk/vol1/fastq/ERR372/003/ERR3726753/ERR3726753_2.fastq.gz,,mmapbench
seqinspector_1985_ERR2608385,https://ftp.sra.ebi.ac.uk/vol1/fastq/ERR260/005/ERR2608385/ERR2608385_1.fastq.gz,https://ftp.sra.ebi.ac.uk/vol1/fastq/ERR260/005/ERR2608385/ERR2608385_2.fastq.gz,,mmapbench
seqinspector_1986_ERR2608590,https://ftp.sra.ebi.ac.uk/vol1/fastq/ERR260/000/ERR2608590/ERR2608590_1.fastq.gz,https://ftp.sra.ebi.ac.uk/vol1/fastq/ERR260/000/ERR2608590/ERR2608590_2.fastq.gz,,mmapbench
seqinspector_1987_DRR734868,https://ftp.sra.ebi.ac.uk/vol1/fastq/DRR734/DRR734868/DRR734868_1.fastq.gz,https://ftp.sra.ebi.ac.uk/vol1/fastq/DRR734/DRR734868/DRR734868_2.fastq.gz,,mmapbench
seqinspector_1988_ERR11894763,https://ftp.sra.ebi.ac.uk/vol1/fastq/ERR118/063/ERR11894763/ERR11894763_1.fastq.gz,https://ftp.sra.ebi.ac.uk/vol1/fastq/ERR118/063/ERR11894763/ERR11894763_2.fastq.gz,,mmapbench
seqinspector_1989_ERR3769554,https://ftp.sra.ebi.ac.uk/vol1/fastq/ERR376/004/ERR3769554/ERR3769554_1.fastq.gz,https://ftp.sra.ebi.ac.uk/vol1/fastq/ERR376/004/ERR3769554/ERR3769554_2.fastq.gz,,mmapbench
seqinspector_1990_ERR10749628,https://ftp.sra.ebi.ac.uk/vol1/fastq/ERR107/028/ERR10749628/ERR10749628_1.fastq.gz,https://ftp.sra.ebi.ac.uk/vol1/fastq/ERR107/028/ERR10749628/ERR10749628_2.fastq.gz,,mmapbench
seqinspector_1991_ERR12329279,https://ftp.sra.ebi.ac.uk/vol1/fastq/ERR123/079/ERR12329279/ERR12329279_1.fastq.gz,https://ftp.sra.ebi.ac.uk/vol1/fastq/ERR123/079/ERR12329279/ERR12329279_2.fastq.gz,,mmapbench
seqinspector_1992_ERR4503519,https://ftp.sra.ebi.ac.uk/vol1/fastq/ERR450/009/ERR4503519/ERR4503519_1.fastq.gz,https://ftp.sra.ebi.ac.uk/vol1/fastq/ERR450/009/ERR4503519/ERR4503519_2.fastq.gz,,mmapbench
seqinspector_1993_ERR15337993,https://ftp.sra.ebi.ac.uk/vol1/fastq/ERR153/093/ERR15337993/ERR15337993_1.fastq.gz,https://ftp.sra.ebi.ac.uk/vol1/fastq/ERR153/093/ERR15337993/ERR15337993_2.fastq.gz,,mmapbench
seqinspector_1994_ERR10745188,https://ftp.sra.ebi.ac.uk/vol1/fastq/ERR107/088/ERR10745188/ERR10745188_1.fastq.gz,https://ftp.sra.ebi.ac.uk/vol1/fastq/ERR107/088/ERR10745188/ERR10745188_2.fastq.gz,,mmapbench
seqinspector_1995_ERR12555141,https://ftp.sra.ebi.ac.uk/vol1/fastq/ERR125/041/ERR12555141/ERR12555141_1.fastq.gz,https://ftp.sra.ebi.ac.uk/vol1/fastq/ERR125/041/ERR12555141/ERR12555141_2.fastq.gz,,mmapbench
seqinspector_1996_ERR14647299,https://ftp.sra.ebi.ac.uk/vol1/fastq/ERR146/099/ERR14647299/ERR14647299_1.fastq.gz,https://ftp.sra.ebi.ac.uk/vol1/fastq/ERR146/099/ERR14647299/ERR14647299_2.fastq.gz,,mmapbench
seqinspector_1997_ERR2608592,https://ftp.sra.ebi.ac.uk/vol1/fastq/ERR260/002/ERR2608592/ERR2608592_1.fastq.gz,https://ftp.sra.ebi.ac.uk/vol1/fastq/ERR260/002/ERR2608592/ERR2608592_2.fastq.gz,,mmapbench
seqinspector_1998_ERR10749531,https://ftp.sra.ebi.ac.uk/vol1/fastq/ERR107/031/ERR10749531/ERR10749531_1.fastq.gz,https://ftp.sra.ebi.ac.uk/vol1/fastq/ERR107/031/ERR10749531/ERR10749531_2.fastq.gz,,mmapbench
seqinspector_1999_DRR735578,https://ftp.sra.ebi.ac.uk/vol1/fastq/DRR735/DRR735578/DRR735578_1.fastq.gz,https://ftp.sra.ebi.ac.uk/vol1/fastq/DRR735/DRR735578/DRR735578_2.fastq.gz,,mmapbench
seqinspector_2000_ERR16010370,https://ftp.sra.ebi.ac.uk/vol1/fastq/ERR160/070/ERR16010370/ERR16010370_1.fastq.gz,https://ftp.sra.ebi.ac.uk/vol1/fastq/ERR160/070/ERR16010370/ERR16010370_2.fastq.gz,,mmapbench
seqinspector_2001_ERR3769541,https://ftp.sra.ebi.ac.uk/vol1/fastq/ERR376/001/ERR3769541/ERR3769541_1.fastq.gz,https://ftp.sra.ebi.ac.uk/vol1/fastq/ERR376/001/ERR3769541/ERR3769541_2.fastq.gz,,mmapbench
seqinspector_2002_ERR12520320,https://ftp.sra.ebi.ac.uk/vol1/fastq/ERR125/020/ERR12520320/ERR12520320_1.fastq.gz,https://ftp.sra.ebi.ac.uk/vol1/fastq/ERR125/020/ERR12520320/ERR12520320_2.fastq.gz,,mmapbench
seqinspector_2003_ERR2608220,https://ftp.sra.ebi.ac.uk/vol1/fastq/ERR260/000/ERR2608220/ERR2608220_1.fastq.gz,https://ftp.sra.ebi.ac.uk/vol1/fastq/ERR260/000/ERR2608220/ERR2608220_2.fastq.gz,,mmapbench
seqinspector_2004_ERR10749512,https://ftp.sra.ebi.ac.uk/vol1/fastq/ERR107/012/ERR10749512/ERR10749512_1.fastq.gz,https://ftp.sra.ebi.ac.uk/vol1/fastq/ERR107/012/ERR10749512/ERR10749512_2.fastq.gz,,mmapbench
seqinspector_2005_ERR16714268,https://ftp.sra.ebi.ac.uk/vol1/fastq/ERR167/068/ERR16714268/ERR16714268_1.fastq.gz,https://ftp.sra.ebi.ac.uk/vol1/fastq/ERR167/068/ERR16714268/ERR16714268_2.fastq.gz,,mmapbench
seqinspector_2006_ERR14194789,https://ftp.sra.ebi.ac.uk/vol1/fastq/ERR141/089/ERR14194789/ERR14194789_1.fastq.gz,https://ftp.sra.ebi.ac.uk/vol1/fastq/ERR141/089/ERR14194789/ERR14194789_2.fastq.gz,,mmapbench
seqinspector_2007_ERR2608572,https://ftp.sra.ebi.ac.uk/vol1/fastq/ERR260/002/ERR2608572/ERR2608572_1.fastq.gz,https://ftp.sra.ebi.ac.uk/vol1/fastq/ERR260/002/ERR2608572/ERR2608572_2.fastq.gz,,mmapbench
seqinspector_2008_ERR14927666,https://ftp.sra.ebi.ac.uk/vol1/fastq/ERR149/066/ERR14927666/ERR14927666_1.fastq.gz,https://ftp.sra.ebi.ac.uk/vol1/fastq/ERR149/066/ERR14927666/ERR14927666_2.fastq.gz,,mmapbench
seqinspector_2009_ERR3684385,https://ftp.sra.ebi.ac.uk/vol1/fastq/ERR368/005/ERR3684385/ERR3684385_1.fastq.gz,https://ftp.sra.ebi.ac.uk/vol1/fastq/ERR368/005/ERR3684385/ERR3684385_2.fastq.gz,,mmapbench
seqinspector_2010_ERR2608453,https://ftp.sra.ebi.ac.uk/vol1/fastq/ERR260/003/ERR2608453/ERR2608453_1.fastq.gz,https://ftp.sra.ebi.ac.uk/vol1/fastq/ERR260/003/ERR2608453/ERR2608453_2.fastq.gz,,mmapbench
seqinspector_2011_ERR3903881,https://ftp.sra.ebi.ac.uk/vol1/fastq/ERR390/001/ERR3903881/ERR3903881_1.fastq.gz,https://ftp.sra.ebi.ac.uk/vol1/fastq/ERR390/001/ERR3903881/ERR3903881_2.fastq.gz,,mmapbench
seqinspector_2012_ERR14788874,https://ftp.sra.ebi.ac.uk/vol1/fastq/ERR147/074/ERR14788874/ERR14788874_1.fastq.gz,https://ftp.sra.ebi.ac.uk/vol1/fastq/ERR147/074/ERR14788874/ERR14788874_2.fastq.gz,,mmapbench
seqinspector_2013_ERR14066776,https://ftp.sra.ebi.ac.uk/vol1/fastq/ERR140/076/ERR14066776/ERR14066776_1.fastq.gz,https://ftp.sra.ebi.ac.uk/vol1/fastq/ERR140/076/ERR14066776/ERR14066776_2.fastq.gz,,mmapbench
seqinspector_2014_ERR2608418,https://ftp.sra.ebi.ac.uk/vol1/fastq/ERR260/008/ERR2608418/ERR2608418_1.fastq.gz,https://ftp.sra.ebi.ac.uk/vol1/fastq/ERR260/008/ERR2608418/ERR2608418_2.fastq.gz,,mmapbench
seqinspector_2015_ERR16712305,https://ftp.sra.ebi.ac.uk/vol1/fastq/ERR167/005/ERR16712305/ERR16712305_1.fastq.gz,https://ftp.sra.ebi.ac.uk/vol1/fastq/ERR167/005/ERR16712305/ERR16712305_2.fastq.gz,,mmapbench
seqinspector_2016_ERR2863508,https://ftp.sra.ebi.ac.uk/vol1/fastq/ERR286/008/ERR2863508/ERR2863508_1.fastq.gz,https://ftp.sra.ebi.ac.uk/vol1/fastq/ERR286/008/ERR2863508/ERR2863508_2.fastq.gz,,mmapbench
seqinspector_2017_ERR15315428,https://ftp.sra.ebi.ac.uk/vol1/fastq/ERR153/028/ERR15315428/ERR15315428_1.fastq.gz,https://ftp.sra.ebi.ac.uk/vol1/fastq/ERR153/028/ERR15315428/ERR15315428_2.fastq.gz,,mmapbench
seqinspector_2018_ERR2244536,https://ftp.sra.ebi.ac.uk/vol1/fastq/ERR224/006/ERR2244536/ERR2244536_1.fastq.gz,https://ftp.sra.ebi.ac.uk/vol1/fastq/ERR224/006/ERR2244536/ERR2244536_2.fastq.gz,,mmapbench
seqinspector_2019_ERR12220612,https://ftp.sra.ebi.ac.uk/vol1/fastq/ERR122/012/ERR12220612/ERR12220612_1.fastq.gz,https://ftp.sra.ebi.ac.uk/vol1/fastq/ERR122/012/ERR12220612/ERR12220612_2.fastq.gz,,mmapbench
seqinspector_2020_ERR12329266,https://ftp.sra.ebi.ac.uk/vol1/fastq/ERR123/066/ERR12329266/ERR12329266_1.fastq.gz,https://ftp.sra.ebi.ac.uk/vol1/fastq/ERR123/066/ERR12329266/ERR12329266_2.fastq.gz,,mmapbench
seqinspector_2021_ERR15652796,https://ftp.sra.ebi.ac.uk/vol1/fastq/ERR156/096/ERR15652796/ERR15652796_1.fastq.gz,https://ftp.sra.ebi.ac.uk/vol1/fastq/ERR156/096/ERR15652796/ERR15652796_2.fastq.gz,,mmapbench
seqinspector_2022_ERR14066768,https://ftp.sra.ebi.ac.uk/vol1/fastq/ERR140/068/ERR14066768/ERR14066768_1.fastq.gz,https://ftp.sra.ebi.ac.uk/vol1/fastq/ERR140/068/ERR14066768/ERR14066768_2.fastq.gz,,mmapbench
seqinspector_2023_ERR14789108,https://ftp.sra.ebi.ac.uk/vol1/fastq/ERR147/008/ERR14789108/ERR14789108_1.fastq.gz,https://ftp.sra.ebi.ac.uk/vol1/fastq/ERR147/008/ERR14789108/ERR14789108_2.fastq.gz,,mmapbench
seqinspector_2024_ERR2608314,https://ftp.sra.ebi.ac.uk/vol1/fastq/ERR260/004/ERR2608314/ERR2608314_1.fastq.gz,https://ftp.sra.ebi.ac.uk/vol1/fastq/ERR260/004/ERR2608314/ERR2608314_2.fastq.gz,,mmapbench
seqinspector_2025_ERR12520186,https://ftp.sra.ebi.ac.uk/vol1/fastq/ERR125/086/ERR12520186/ERR12520186_1.fastq.gz,https://ftp.sra.ebi.ac.uk/vol1/fastq/ERR125/086/ERR12520186/ERR12520186_2.fastq.gz,,mmapbench
seqinspector_2026_ERR2863540,https://ftp.sra.ebi.ac.uk/vol1/fastq/ERR286/000/ERR2863540/ERR2863540_1.fastq.gz,https://ftp.sra.ebi.ac.uk/vol1/fastq/ERR286/000/ERR2863540/ERR2863540_2.fastq.gz,,mmapbench
seqinspector_2027_ERR16908655,https://ftp.sra.ebi.ac.uk/vol1/fastq/ERR169/055/ERR16908655/ERR16908655_1.fastq.gz,https://ftp.sra.ebi.ac.uk/vol1/fastq/ERR169/055/ERR16908655/ERR16908655_2.fastq.gz,,mmapbench
seqinspector_2028_ERR14853883,https://ftp.sra.ebi.ac.uk/vol1/fastq/ERR148/083/ERR14853883/ERR14853883_1.fastq.gz,https://ftp.sra.ebi.ac.uk/vol1/fastq/ERR148/083/ERR14853883/ERR14853883_2.fastq.gz,,mmapbench
seqinspector_2029_ERR15650577,https://ftp.sra.ebi.ac.uk/vol1/fastq/ERR156/077/ERR15650577/ERR15650577_1.fastq.gz,https://ftp.sra.ebi.ac.uk/vol1/fastq/ERR156/077/ERR15650577/ERR15650577_2.fastq.gz,,mmapbench
seqinspector_2030_ERR16719988,https://ftp.sra.ebi.ac.uk/vol1/fastq/ERR167/088/ERR16719988/ERR16719988_1.fastq.gz,https://ftp.sra.ebi.ac.uk/vol1/fastq/ERR167/088/ERR16719988/ERR16719988_2.fastq.gz,,mmapbench
seqinspector_2031_ERR12308539,https://ftp.sra.ebi.ac.uk/vol1/fastq/ERR123/039/ERR12308539/ERR12308539_1.fastq.gz,https://ftp.sra.ebi.ac.uk/vol1/fastq/ERR123/039/ERR12308539/ERR12308539_2.fastq.gz,,mmapbench
seqinspector_2032_DRR735620,https://ftp.sra.ebi.ac.uk/vol1/fastq/DRR735/DRR735620/DRR735620_1.fastq.gz,https://ftp.sra.ebi.ac.uk/vol1/fastq/DRR735/DRR735620/DRR735620_2.fastq.gz,,mmapbench
seqinspector_2033_ERR10207608,https://ftp.sra.ebi.ac.uk/vol1/fastq/ERR102/008/ERR10207608/ERR10207608_1.fastq.gz,https://ftp.sra.ebi.ac.uk/vol1/fastq/ERR102/008/ERR10207608/ERR10207608_2.fastq.gz,,mmapbench
seqinspector_2034_DRR735574,https://ftp.sra.ebi.ac.uk/vol1/fastq/DRR735/DRR735574/DRR735574_1.fastq.gz,https://ftp.sra.ebi.ac.uk/vol1/fastq/DRR735/DRR735574/DRR735574_2.fastq.gz,,mmapbench
seqinspector_2035_ERR11627494,https://ftp.sra.ebi.ac.uk/vol1/fastq/ERR116/094/ERR11627494/ERR11627494_1.fastq.gz,https://ftp.sra.ebi.ac.uk/vol1/fastq/ERR116/094/ERR11627494/ERR11627494_2.fastq.gz,,mmapbench
seqinspector_2036_ERR15315382,https://ftp.sra.ebi.ac.uk/vol1/fastq/ERR153/082/ERR15315382/ERR15315382_1.fastq.gz,https://ftp.sra.ebi.ac.uk/vol1/fastq/ERR153/082/ERR15315382/ERR15315382_2.fastq.gz,,mmapbench
seqinspector_2037_ERR16004292,https://ftp.sra.ebi.ac.uk/vol1/fastq/ERR160/092/ERR16004292/ERR16004292_1.fastq.gz,https://ftp.sra.ebi.ac.uk/vol1/fastq/ERR160/092/ERR16004292/ERR16004292_2.fastq.gz,,mmapbench
seqinspector_2038_ERR16711602,https://ftp.sra.ebi.ac.uk/vol1/fastq/ERR167/002/ERR16711602/ERR16711602_1.fastq.gz,https://ftp.sra.ebi.ac.uk/vol1/fastq/ERR167/002/ERR16711602/ERR16711602_2.fastq.gz,,mmapbench
seqinspector_2039_ERR10749581,https://ftp.sra.ebi.ac.uk/vol1/fastq/ERR107/081/ERR10749581/ERR10749581_1.fastq.gz,https://ftp.sra.ebi.ac.uk/vol1/fastq/ERR107/081/ERR10749581/ERR10749581_2.fastq.gz,,mmapbench
seqinspector_2040_ERR11019588,https://ftp.sra.ebi.ac.uk/vol1/fastq/ERR110/088/ERR11019588/ERR11019588_1.fastq.gz,https://ftp.sra.ebi.ac.uk/vol1/fastq/ERR110/088/ERR11019588/ERR11019588_2.fastq.gz,,mmapbench
seqinspector_2041_DRR636948,https://ftp.sra.ebi.ac.uk/vol1/fastq/DRR636/DRR636948/DRR636948_1.fastq.gz,https://ftp.sra.ebi.ac.uk/vol1/fastq/DRR636/DRR636948/DRR636948_2.fastq.gz,,mmapbench
seqinspector_2042_ERR14854202,https://ftp.sra.ebi.ac.uk/vol1/fastq/ERR148/002/ERR14854202/ERR14854202_1.fastq.gz,https://ftp.sra.ebi.ac.uk/vol1/fastq/ERR148/002/ERR14854202/ERR14854202_2.fastq.gz,,mmapbench
seqinspector_2043_ERR12308580,https://ftp.sra.ebi.ac.uk/vol1/fastq/ERR123/080/ERR12308580/ERR12308580_1.fastq.gz,https://ftp.sra.ebi.ac.uk/vol1/fastq/ERR123/080/ERR12308580/ERR12308580_2.fastq.gz,,mmapbench
seqinspector_2044_ERR4228471,https://ftp.sra.ebi.ac.uk/vol1/fastq/ERR422/001/ERR4228471/ERR4228471_1.fastq.gz,https://ftp.sra.ebi.ac.uk/vol1/fastq/ERR422/001/ERR4228471/ERR4228471_2.fastq.gz,,mmapbench
seqinspector_2045_ERR16712865,https://ftp.sra.ebi.ac.uk/vol1/fastq/ERR167/065/ERR16712865/ERR16712865_1.fastq.gz,https://ftp.sra.ebi.ac.uk/vol1/fastq/ERR167/065/ERR16712865/ERR16712865_2.fastq.gz,,mmapbench
seqinspector_2046_ERR14036377,https://ftp.sra.ebi.ac.uk/vol1/fastq/ERR140/077/ERR14036377/ERR14036377_1.fastq.gz,https://ftp.sra.ebi.ac.uk/vol1/fastq/ERR140/077/ERR14036377/ERR14036377_2.fastq.gz,,mmapbench
seqinspector_2047_ERR14211384,https://ftp.sra.ebi.ac.uk/vol1/fastq/ERR142/084/ERR14211384/ERR14211384_1.fastq.gz,https://ftp.sra.ebi.ac.uk/vol1/fastq/ERR142/084/ERR14211384/ERR14211384_2.fastq.gz,,mmapbench
seqinspector_2048_ERR2863514,https://ftp.sra.ebi.ac.uk/vol1/fastq/ERR286/004/ERR2863514/ERR2863514_1.fastq.gz,https://ftp.sra.ebi.ac.uk/vol1/fastq/ERR286/004/ERR2863514/ERR2863514_2.fastq.gz,,mmapbench
seqinspector_2049_ERR16719813,https://ftp.sra.ebi.ac.uk/vol1/fastq/ERR167/013/ERR16719813/ERR16719813_1.fastq.gz,https://ftp.sra.ebi.ac.uk/vol1/fastq/ERR167/013/ERR16719813/ERR16719813_2.fastq.gz,,mmapbench
seqinspector_2050_ERR3670938,https://ftp.sra.ebi.ac.uk/vol1/fastq/ERR367/008/ERR3670938/ERR3670938_1.fastq.gz,https://ftp.sra.ebi.ac.uk/vol1/fastq/ERR367/008/ERR3670938/ERR3670938_2.fastq.gz,,mmapbench
seqinspector_2051_ERR16730583,https://ftp.sra.ebi.ac.uk/vol1/fastq/ERR167/083/ERR16730583/ERR16730583_1.fastq.gz,https://ftp.sra.ebi.ac.uk/vol1/fastq/ERR167/083/ERR16730583/ERR16730583_2.fastq.gz,,mmapbench
seqinspector_2052_ERR12032788,https://ftp.sra.ebi.ac.uk/vol1/fastq/ERR120/088/ERR12032788/ERR12032788_1.fastq.gz,https://ftp.sra.ebi.ac.uk/vol1/fastq/ERR120/088/ERR12032788/ERR12032788_2.fastq.gz,,mmapbench
seqinspector_2053_ERR10206489,https://ftp.sra.ebi.ac.uk/vol1/fastq/ERR102/089/ERR10206489/ERR10206489_1.fastq.gz,https://ftp.sra.ebi.ac.uk/vol1/fastq/ERR102/089/ERR10206489/ERR10206489_2.fastq.gz,,mmapbench
seqinspector_2054_ERR11627224,https://ftp.sra.ebi.ac.uk/vol1/fastq/ERR116/024/ERR11627224/ERR11627224_1.fastq.gz,https://ftp.sra.ebi.ac.uk/vol1/fastq/ERR116/024/ERR11627224/ERR11627224_2.fastq.gz,,mmapbench
seqinspector_2055_ERR2608357,https://ftp.sra.ebi.ac.uk/vol1/fastq/ERR260/007/ERR2608357/ERR2608357_1.fastq.gz,https://ftp.sra.ebi.ac.uk/vol1/fastq/ERR260/007/ERR2608357/ERR2608357_2.fastq.gz,,mmapbench
seqinspector_2056_ERR2608570,https://ftp.sra.ebi.ac.uk/vol1/fastq/ERR260/000/ERR2608570/ERR2608570_1.fastq.gz,https://ftp.sra.ebi.ac.uk/vol1/fastq/ERR260/000/ERR2608570/ERR2608570_2.fastq.gz,,mmapbench
seqinspector_2057_ERR11646968,https://ftp.sra.ebi.ac.uk/vol1/fastq/ERR116/068/ERR11646968/ERR11646968_1.fastq.gz,https://ftp.sra.ebi.ac.uk/vol1/fastq/ERR116/068/ERR11646968/ERR11646968_2.fastq.gz,,mmapbench
seqinspector_2058_ERR14210901,https://ftp.sra.ebi.ac.uk/vol1/fastq/ERR142/001/ERR14210901/ERR14210901_1.fastq.gz,https://ftp.sra.ebi.ac.uk/vol1/fastq/ERR142/001/ERR14210901/ERR14210901_2.fastq.gz,,mmapbench
seqinspector_2059_ERR3955284,https://ftp.sra.ebi.ac.uk/vol1/fastq/ERR395/004/ERR3955284/ERR3955284_1.fastq.gz,https://ftp.sra.ebi.ac.uk/vol1/fastq/ERR395/004/ERR3955284/ERR3955284_2.fastq.gz,,mmapbench
seqinspector_2060_ERR15418956,https://ftp.sra.ebi.ac.uk/vol1/fastq/ERR154/056/ERR15418956/ERR15418956_1.fastq.gz,https://ftp.sra.ebi.ac.uk/vol1/fastq/ERR154/056/ERR15418956/ERR15418956_2.fastq.gz,,mmapbench
seqinspector_2061_DRR636977,https://ftp.sra.ebi.ac.uk/vol1/fastq/DRR636/DRR636977/DRR636977_1.fastq.gz,https://ftp.sra.ebi.ac.uk/vol1/fastq/DRR636/DRR636977/DRR636977_2.fastq.gz,,mmapbench
seqinspector_2062_ERR2282000,https://ftp.sra.ebi.ac.uk/vol1/fastq/ERR228/000/ERR2282000/ERR2282000_1.fastq.gz,https://ftp.sra.ebi.ac.uk/vol1/fastq/ERR228/000/ERR2282000/ERR2282000_2.fastq.gz,,mmapbench
seqinspector_2063_ERR3969676,https://ftp.sra.ebi.ac.uk/vol1/fastq/ERR396/006/ERR3969676/ERR3969676_1.fastq.gz,https://ftp.sra.ebi.ac.uk/vol1/fastq/ERR396/006/ERR3969676/ERR3969676_2.fastq.gz,,mmapbench
seqinspector_2064_ERR10682650,https://ftp.sra.ebi.ac.uk/vol1/fastq/ERR106/050/ERR10682650/ERR10682650_1.fastq.gz,https://ftp.sra.ebi.ac.uk/vol1/fastq/ERR106/050/ERR10682650/ERR10682650_2.fastq.gz,,mmapbench
seqinspector_2065_DRR636895,https://ftp.sra.ebi.ac.uk/vol1/fastq/DRR636/DRR636895/DRR636895_1.fastq.gz,https://ftp.sra.ebi.ac.uk/vol1/fastq/DRR636/DRR636895/DRR636895_2.fastq.gz,,mmapbench
seqinspector_2066_ERR16908634,https://ftp.sra.ebi.ac.uk/vol1/fastq/ERR169/034/ERR16908634/ERR16908634_1.fastq.gz,https://ftp.sra.ebi.ac.uk/vol1/fastq/ERR169/034/ERR16908634/ERR16908634_2.fastq.gz,,mmapbench
seqinspector_2067_ERR3899859,https://ftp.sra.ebi.ac.uk/vol1/fastq/ERR389/009/ERR3899859/ERR3899859_1.fastq.gz,https://ftp.sra.ebi.ac.uk/vol1/fastq/ERR389/009/ERR3899859/ERR3899859_2.fastq.gz,,mmapbench
seqinspector_2068_ERR3769524,https://ftp.sra.ebi.ac.uk/vol1/fastq/ERR376/004/ERR3769524/ERR3769524_1.fastq.gz,https://ftp.sra.ebi.ac.uk/vol1/fastq/ERR376/004/ERR3769524/ERR3769524_2.fastq.gz,,mmapbench
seqinspector_2069_ERR12308567,https://ftp.sra.ebi.ac.uk/vol1/fastq/ERR123/067/ERR12308567/ERR12308567_1.fastq.gz,https://ftp.sra.ebi.ac.uk/vol1/fastq/ERR123/067/ERR12308567/ERR12308567_2.fastq.gz,,mmapbench
seqinspector_2070_DRR636962,https://ftp.sra.ebi.ac.uk/vol1/fastq/DRR636/DRR636962/DRR636962_1.fastq.gz,https://ftp.sra.ebi.ac.uk/vol1/fastq/DRR636/DRR636962/DRR636962_2.fastq.gz,,mmapbench
seqinspector_2071_ERR10394929,https://ftp.sra.ebi.ac.uk/vol1/fastq/ERR103/029/ERR10394929/ERR10394929_1.fastq.gz,https://ftp.sra.ebi.ac.uk/vol1/fastq/ERR103/029/ERR10394929/ERR10394929_2.fastq.gz,,mmapbench
seqinspector_2072_ERR3969675,https://ftp.sra.ebi.ac.uk/vol1/fastq/ERR396/005/ERR3969675/ERR3969675_1.fastq.gz,https://ftp.sra.ebi.ac.uk/vol1/fastq/ERR396/005/ERR3969675/ERR3969675_2.fastq.gz,,mmapbench
seqinspector_2073_ERR2987851,https://ftp.sra.ebi.ac.uk/vol1/fastq/ERR298/001/ERR2987851/ERR2987851_1.fastq.gz,https://ftp.sra.ebi.ac.uk/vol1/fastq/ERR298/001/ERR2987851/ERR2987851_2.fastq.gz,,mmapbench
seqinspector_2074_ERR4083781,https://ftp.sra.ebi.ac.uk/vol1/fastq/ERR408/001/ERR4083781/ERR4083781_1.fastq.gz,https://ftp.sra.ebi.ac.uk/vol1/fastq/ERR408/001/ERR4083781/ERR4083781_2.fastq.gz,,mmapbench
seqinspector_2075_ERR11627481,https://ftp.sra.ebi.ac.uk/vol1/fastq/ERR116/081/ERR11627481/ERR11627481_1.fastq.gz,https://ftp.sra.ebi.ac.uk/vol1/fastq/ERR116/081/ERR11627481/ERR11627481_2.fastq.gz,,mmapbench
seqinspector_2076_DRR099975,https://ftp.sra.ebi.ac.uk/vol1/fastq/DRR099/DRR099975/DRR099975_1.fastq.gz,https://ftp.sra.ebi.ac.uk/vol1/fastq/DRR099/DRR099975/DRR099975_2.fastq.gz,,mmapbench
seqinspector_2077_ERR14194887,https://ftp.sra.ebi.ac.uk/vol1/fastq/ERR141/087/ERR14194887/ERR14194887_1.fastq.gz,https://ftp.sra.ebi.ac.uk/vol1/fastq/ERR141/087/ERR14194887/ERR14194887_2.fastq.gz,,mmapbench
seqinspector_2078_ERR14211033,https://ftp.sra.ebi.ac.uk/vol1/fastq/ERR142/033/ERR14211033/ERR14211033_1.fastq.gz,https://ftp.sra.ebi.ac.uk/vol1/fastq/ERR142/033/ERR14211033/ERR14211033_2.fastq.gz,,mmapbench
seqinspector_2079_ERR16719606,https://ftp.sra.ebi.ac.uk/vol1/fastq/ERR167/006/ERR16719606/ERR16719606_1.fastq.gz,https://ftp.sra.ebi.ac.uk/vol1/fastq/ERR167/006/ERR16719606/ERR16719606_2.fastq.gz,,mmapbench
seqinspector_2080_ERR14194862,https://ftp.sra.ebi.ac.uk/vol1/fastq/ERR141/062/ERR14194862/ERR14194862_1.fastq.gz,https://ftp.sra.ebi.ac.uk/vol1/fastq/ERR141/062/ERR14194862/ERR14194862_2.fastq.gz,,mmapbench
seqinspector_2081_ERR14211503,https://ftp.sra.ebi.ac.uk/vol1/fastq/ERR142/003/ERR14211503/ERR14211503_1.fastq.gz,https://ftp.sra.ebi.ac.uk/vol1/fastq/ERR142/003/ERR14211503/ERR14211503_2.fastq.gz,,mmapbench
seqinspector_2082_ERR16731770,https://ftp.sra.ebi.ac.uk/vol1/fastq/ERR167/070/ERR16731770/ERR16731770_1.fastq.gz,https://ftp.sra.ebi.ac.uk/vol1/fastq/ERR167/070/ERR16731770/ERR16731770_2.fastq.gz,,mmapbench
seqinspector_2083_ERR16043355,https://ftp.sra.ebi.ac.uk/vol1/fastq/ERR160/055/ERR16043355/ERR16043355_1.fastq.gz,https://ftp.sra.ebi.ac.uk/vol1/fastq/ERR160/055/ERR16043355/ERR16043355_2.fastq.gz,,mmapbench
seqinspector_2084_ERR11627484,https://ftp.sra.ebi.ac.uk/vol1/fastq/ERR116/084/ERR11627484/ERR11627484_1.fastq.gz,https://ftp.sra.ebi.ac.uk/vol1/fastq/ERR116/084/ERR11627484/ERR11627484_2.fastq.gz,,mmapbench
seqinspector_2085_ERR4503521,https://ftp.sra.ebi.ac.uk/vol1/fastq/ERR450/001/ERR4503521/ERR4503521_1.fastq.gz,https://ftp.sra.ebi.ac.uk/vol1/fastq/ERR450/001/ERR4503521/ERR4503521_2.fastq.gz,,mmapbench
seqinspector_2086_ERR14195316,https://ftp.sra.ebi.ac.uk/vol1/fastq/ERR141/016/ERR14195316/ERR14195316_1.fastq.gz,https://ftp.sra.ebi.ac.uk/vol1/fastq/ERR141/016/ERR14195316/ERR14195316_2.fastq.gz,,mmapbench
seqinspector_2087_ERR14211462,https://ftp.sra.ebi.ac.uk/vol1/fastq/ERR142/062/ERR14211462/ERR14211462_1.fastq.gz,https://ftp.sra.ebi.ac.uk/vol1/fastq/ERR142/062/ERR14211462/ERR14211462_2.fastq.gz,,mmapbench
seqinspector_2088_ERR12556244,https://ftp.sra.ebi.ac.uk/vol1/fastq/ERR125/044/ERR12556244/ERR12556244_1.fastq.gz,https://ftp.sra.ebi.ac.uk/vol1/fastq/ERR125/044/ERR12556244/ERR12556244_2.fastq.gz,,mmapbench
seqinspector_2089_ERR14789100,https://ftp.sra.ebi.ac.uk/vol1/fastq/ERR147/000/ERR14789100/ERR14789100_1.fastq.gz,https://ftp.sra.ebi.ac.uk/vol1/fastq/ERR147/000/ERR14789100/ERR14789100_2.fastq.gz,,mmapbench
seqinspector_2090_ERR2182465,https://ftp.sra.ebi.ac.uk/vol1/fastq/ERR218/005/ERR2182465/ERR2182465_1.fastq.gz,https://ftp.sra.ebi.ac.uk/vol1/fastq/ERR218/005/ERR2182465/ERR2182465_2.fastq.gz,,mmapbench
seqinspector_2091_ERR2608597,https://ftp.sra.ebi.ac.uk/vol1/fastq/ERR260/007/ERR2608597/ERR2608597_1.fastq.gz,https://ftp.sra.ebi.ac.uk/vol1/fastq/ERR260/007/ERR2608597/ERR2608597_2.fastq.gz,,mmapbench
seqinspector_2092_ERR16712347,https://ftp.sra.ebi.ac.uk/vol1/fastq/ERR167/047/ERR16712347/ERR16712347_1.fastq.gz,https://ftp.sra.ebi.ac.uk/vol1/fastq/ERR167/047/ERR16712347/ERR16712347_2.fastq.gz,,mmapbench
seqinspector_2093_ERR16714430,https://ftp.sra.ebi.ac.uk/vol1/fastq/ERR167/030/ERR16714430/ERR16714430_1.fastq.gz,https://ftp.sra.ebi.ac.uk/vol1/fastq/ERR167/030/ERR16714430/ERR16714430_2.fastq.gz,,mmapbench
seqinspector_2094_ERR14195753,https://ftp.sra.ebi.ac.uk/vol1/fastq/ERR141/053/ERR14195753/ERR14195753_1.fastq.gz,https://ftp.sra.ebi.ac.uk/vol1/fastq/ERR141/053/ERR14195753/ERR14195753_2.fastq.gz,,mmapbench
seqinspector_2095_ERR4503271,https://ftp.sra.ebi.ac.uk/vol1/fastq/ERR450/001/ERR4503271/ERR4503271_1.fastq.gz,https://ftp.sra.ebi.ac.uk/vol1/fastq/ERR450/001/ERR4503271/ERR4503271_2.fastq.gz,,mmapbench
seqinspector_2096_ERR12520463,https://ftp.sra.ebi.ac.uk/vol1/fastq/ERR125/063/ERR12520463/ERR12520463_1.fastq.gz,https://ftp.sra.ebi.ac.uk/vol1/fastq/ERR125/063/ERR12520463/ERR12520463_2.fastq.gz,,mmapbench
seqinspector_2097_ERR3955464,https://ftp.sra.ebi.ac.uk/vol1/fastq/ERR395/004/ERR3955464/ERR3955464_1.fastq.gz,https://ftp.sra.ebi.ac.uk/vol1/fastq/ERR395/004/ERR3955464/ERR3955464_2.fastq.gz,,mmapbench
seqinspector_2098_ERR14854180,https://ftp.sra.ebi.ac.uk/vol1/fastq/ERR148/080/ERR14854180/ERR14854180_1.fastq.gz,https://ftp.sra.ebi.ac.uk/vol1/fastq/ERR148/080/ERR14854180/ERR14854180_2.fastq.gz,,mmapbench
seqinspector_2099_ERR2611525,https://ftp.sra.ebi.ac.uk/vol1/fastq/ERR261/005/ERR2611525/ERR2611525_1.fastq.gz,https://ftp.sra.ebi.ac.uk/vol1/fastq/ERR261/005/ERR2611525/ERR2611525_2.fastq.gz,,mmapbench
seqinspector_2100_ERR2608366,https://ftp.sra.ebi.ac.uk/vol1/fastq/ERR260/006/ERR2608366/ERR2608366_1.fastq.gz,https://ftp.sra.ebi.ac.uk/vol1/fastq/ERR260/006/ERR2608366/ERR2608366_2.fastq.gz,,mmapbench
seqinspector_2101_ERR12220615,https://ftp.sra.ebi.ac.uk/vol1/fastq/ERR122/015/ERR12220615/ERR12220615_1.fastq.gz,https://ftp.sra.ebi.ac.uk/vol1/fastq/ERR122/015/ERR12220615/ERR12220615_2.fastq.gz,,mmapbench
seqinspector_2102_ERR3899915,https://ftp.sra.ebi.ac.uk/vol1/fastq/ERR389/005/ERR3899915/ERR3899915_1.fastq.gz,https://ftp.sra.ebi.ac.uk/vol1/fastq/ERR389/005/ERR3899915/ERR3899915_2.fastq.gz,,mmapbench
seqinspector_2103_ERR3726747,https://ftp.sra.ebi.ac.uk/vol1/fastq/ERR372/007/ERR3726747/ERR3726747_1.fastq.gz,https://ftp.sra.ebi.ac.uk/vol1/fastq/ERR372/007/ERR3726747/ERR3726747_2.fastq.gz,,mmapbench
seqinspector_2104_ERR15133829,https://ftp.sra.ebi.ac.uk/vol1/fastq/ERR151/029/ERR15133829/ERR15133829_1.fastq.gz,https://ftp.sra.ebi.ac.uk/vol1/fastq/ERR151/029/ERR15133829/ERR15133829_2.fastq.gz,,mmapbench
seqinspector_2105_ERR10749842,https://ftp.sra.ebi.ac.uk/vol1/fastq/ERR107/042/ERR10749842/ERR10749842_1.fastq.gz,https://ftp.sra.ebi.ac.uk/vol1/fastq/ERR107/042/ERR10749842/ERR10749842_2.fastq.gz,,mmapbench
seqinspector_2106_ERR2608489,https://ftp.sra.ebi.ac.uk/vol1/fastq/ERR260/009/ERR2608489/ERR2608489_1.fastq.gz,https://ftp.sra.ebi.ac.uk/vol1/fastq/ERR260/009/ERR2608489/ERR2608489_2.fastq.gz,,mmapbench
seqinspector_2107_ERR12032983,https://ftp.sra.ebi.ac.uk/vol1/fastq/ERR120/083/ERR12032983/ERR12032983_1.fastq.gz,https://ftp.sra.ebi.ac.uk/vol1/fastq/ERR120/083/ERR12032983/ERR12032983_2.fastq.gz,,mmapbench
seqinspector_2108_ERR12032839,https://ftp.sra.ebi.ac.uk/vol1/fastq/ERR120/039/ERR12032839/ERR12032839_1.fastq.gz,https://ftp.sra.ebi.ac.uk/vol1/fastq/ERR120/039/ERR12032839/ERR12032839_2.fastq.gz,,mmapbench
seqinspector_2109_DRR735336,https://ftp.sra.ebi.ac.uk/vol1/fastq/DRR735/DRR735336/DRR735336_1.fastq.gz,https://ftp.sra.ebi.ac.uk/vol1/fastq/DRR735/DRR735336/DRR735336_2.fastq.gz,,mmapbench
seqinspector_2110_DRR735641,https://ftp.sra.ebi.ac.uk/vol1/fastq/DRR735/DRR735641/DRR735641_1.fastq.gz,https://ftp.sra.ebi.ac.uk/vol1/fastq/DRR735/DRR735641/DRR735641_2.fastq.gz,,mmapbench
seqinspector_2111_ERR14802372,https://ftp.sra.ebi.ac.uk/vol1/fastq/ERR148/072/ERR14802372/ERR14802372_1.fastq.gz,https://ftp.sra.ebi.ac.uk/vol1/fastq/ERR148/072/ERR14802372/ERR14802372_2.fastq.gz,,mmapbench
seqinspector_2112_ERR10898156,https://ftp.sra.ebi.ac.uk/vol1/fastq/ERR108/056/ERR10898156/ERR10898156_1.fastq.gz,https://ftp.sra.ebi.ac.uk/vol1/fastq/ERR108/056/ERR10898156/ERR10898156_2.fastq.gz,,mmapbench
seqinspector_2113_ERR2608485,https://ftp.sra.ebi.ac.uk/vol1/fastq/ERR260/005/ERR2608485/ERR2608485_1.fastq.gz,https://ftp.sra.ebi.ac.uk/vol1/fastq/ERR260/005/ERR2608485/ERR2608485_2.fastq.gz,,mmapbench
seqinspector_2114_ERR14043766,https://ftp.sra.ebi.ac.uk/vol1/fastq/ERR140/066/ERR14043766/ERR14043766_1.fastq.gz,https://ftp.sra.ebi.ac.uk/vol1/fastq/ERR140/066/ERR14043766/ERR14043766_2.fastq.gz,,mmapbench
seqinspector_2115_DRR636942,https://ftp.sra.ebi.ac.uk/vol1/fastq/DRR636/DRR636942/DRR636942_1.fastq.gz,https://ftp.sra.ebi.ac.uk/vol1/fastq/DRR636/DRR636942/DRR636942_2.fastq.gz,,mmapbench
seqinspector_2116_ERR17227713,https://ftp.sra.ebi.ac.uk/vol1/fastq/ERR172/013/ERR17227713/ERR17227713_1.fastq.gz,https://ftp.sra.ebi.ac.uk/vol1/fastq/ERR172/013/ERR17227713/ERR17227713_2.fastq.gz,,mmapbench
seqinspector_2117_ERR16707169,https://ftp.sra.ebi.ac.uk/vol1/fastq/ERR167/069/ERR16707169/ERR16707169_1.fastq.gz,https://ftp.sra.ebi.ac.uk/vol1/fastq/ERR167/069/ERR16707169/ERR16707169_2.fastq.gz,,mmapbench
seqinspector_2118_ERR4502756,https://ftp.sra.ebi.ac.uk/vol1/fastq/ERR450/006/ERR4502756/ERR4502756_1.fastq.gz,https://ftp.sra.ebi.ac.uk/vol1/fastq/ERR450/006/ERR4502756/ERR4502756_2.fastq.gz,,mmapbench
seqinspector_2119_ERR12555058,https://ftp.sra.ebi.ac.uk/vol1/fastq/ERR125/058/ERR12555058/ERR12555058_1.fastq.gz,https://ftp.sra.ebi.ac.uk/vol1/fastq/ERR125/058/ERR12555058/ERR12555058_2.fastq.gz,,mmapbench
seqinspector_2120_ERR13583579,https://ftp.sra.ebi.ac.uk/vol1/fastq/ERR135/079/ERR13583579/ERR13583579_1.fastq.gz,https://ftp.sra.ebi.ac.uk/vol1/fastq/ERR135/079/ERR13583579/ERR13583579_2.fastq.gz,,mmapbench
seqinspector_2121_ERR2608585,https://ftp.sra.ebi.ac.uk/vol1/fastq/ERR260/005/ERR2608585/ERR2608585_1.fastq.gz,https://ftp.sra.ebi.ac.uk/vol1/fastq/ERR260/005/ERR2608585/ERR2608585_2.fastq.gz,,mmapbench
seqinspector_2122_ERR4407603,https://ftp.sra.ebi.ac.uk/vol1/fastq/ERR440/003/ERR4407603/ERR4407603_1.fastq.gz,https://ftp.sra.ebi.ac.uk/vol1/fastq/ERR440/003/ERR4407603/ERR4407603_2.fastq.gz,,mmapbench
seqinspector_2123_ERR15873292,https://ftp.sra.ebi.ac.uk/vol1/fastq/ERR158/092/ERR15873292/ERR15873292_1.fastq.gz,https://ftp.sra.ebi.ac.uk/vol1/fastq/ERR158/092/ERR15873292/ERR15873292_2.fastq.gz,,mmapbench
seqinspector_2124_ERR15667810,https://ftp.sra.ebi.ac.uk/vol1/fastq/ERR156/010/ERR15667810/ERR15667810_1.fastq.gz,https://ftp.sra.ebi.ac.uk/vol1/fastq/ERR156/010/ERR15667810/ERR15667810_2.fastq.gz,,mmapbench
seqinspector_2125_ERR12419504,https://ftp.sra.ebi.ac.uk/vol1/fastq/ERR124/004/ERR12419504/ERR12419504_1.fastq.gz,https://ftp.sra.ebi.ac.uk/vol1/fastq/ERR124/004/ERR12419504/ERR12419504_2.fastq.gz,,mmapbench
seqinspector_2126_ERR10749826,https://ftp.sra.ebi.ac.uk/vol1/fastq/ERR107/026/ERR10749826/ERR10749826_1.fastq.gz,https://ftp.sra.ebi.ac.uk/vol1/fastq/ERR107/026/ERR10749826/ERR10749826_2.fastq.gz,,mmapbench
seqinspector_2127_ERR16998162,https://ftp.sra.ebi.ac.uk/vol1/fastq/ERR169/062/ERR16998162/ERR16998162_1.fastq.gz,https://ftp.sra.ebi.ac.uk/vol1/fastq/ERR169/062/ERR16998162/ERR16998162_2.fastq.gz,,mmapbench
seqinspector_2128_ERR2611629,https://ftp.sra.ebi.ac.uk/vol1/fastq/ERR261/009/ERR2611629/ERR2611629_1.fastq.gz,https://ftp.sra.ebi.ac.uk/vol1/fastq/ERR261/009/ERR2611629/ERR2611629_2.fastq.gz,,mmapbench
seqinspector_2129_ERR14853899,https://ftp.sra.ebi.ac.uk/vol1/fastq/ERR148/099/ERR14853899/ERR14853899_1.fastq.gz,https://ftp.sra.ebi.ac.uk/vol1/fastq/ERR148/099/ERR14853899/ERR14853899_2.fastq.gz,,mmapbench
seqinspector_2130_ERR2169054,https://ftp.sra.ebi.ac.uk/vol1/fastq/ERR216/004/ERR2169054/ERR2169054_1.fastq.gz,https://ftp.sra.ebi.ac.uk/vol1/fastq/ERR216/004/ERR2169054/ERR2169054_2.fastq.gz,,mmapbench
seqinspector_2131_ERR14195324,https://ftp.sra.ebi.ac.uk/vol1/fastq/ERR141/024/ERR14195324/ERR14195324_1.fastq.gz,https://ftp.sra.ebi.ac.uk/vol1/fastq/ERR141/024/ERR14195324/ERR14195324_2.fastq.gz,,mmapbench
seqinspector_2132_ERR14049278,https://ftp.sra.ebi.ac.uk/vol1/fastq/ERR140/078/ERR14049278/ERR14049278_1.fastq.gz,https://ftp.sra.ebi.ac.uk/vol1/fastq/ERR140/078/ERR14049278/ERR14049278_2.fastq.gz,,mmapbench
seqinspector_2133_ERR10683012,https://ftp.sra.ebi.ac.uk/vol1/fastq/ERR106/012/ERR10683012/ERR10683012_1.fastq.gz,https://ftp.sra.ebi.ac.uk/vol1/fastq/ERR106/012/ERR10683012/ERR10683012_2.fastq.gz,,mmapbench
seqinspector_2134_ERR14049337,https://ftp.sra.ebi.ac.uk/vol1/fastq/ERR140/037/ERR14049337/ERR14049337_1.fastq.gz,https://ftp.sra.ebi.ac.uk/vol1/fastq/ERR140/037/ERR14049337/ERR14049337_2.fastq.gz,,mmapbench
seqinspector_2135_DRR735619,https://ftp.sra.ebi.ac.uk/vol1/fastq/DRR735/DRR735619/DRR735619_1.fastq.gz,https://ftp.sra.ebi.ac.uk/vol1/fastq/DRR735/DRR735619/DRR735619_2.fastq.gz,,mmapbench
seqinspector_2136_ERR16714289,https://ftp.sra.ebi.ac.uk/vol1/fastq/ERR167/089/ERR16714289/ERR16714289_1.fastq.gz,https://ftp.sra.ebi.ac.uk/vol1/fastq/ERR167/089/ERR16714289/ERR16714289_2.fastq.gz,,mmapbench
seqinspector_2137_ERR14195287,https://ftp.sra.ebi.ac.uk/vol1/fastq/ERR141/087/ERR14195287/ERR14195287_1.fastq.gz,https://ftp.sra.ebi.ac.uk/vol1/fastq/ERR141/087/ERR14195287/ERR14195287_2.fastq.gz,,mmapbench
seqinspector_2138_ERR14211433,https://ftp.sra.ebi.ac.uk/vol1/fastq/ERR142/033/ERR14211433/ERR14211433_1.fastq.gz,https://ftp.sra.ebi.ac.uk/vol1/fastq/ERR142/033/ERR14211433/ERR14211433_2.fastq.gz,,mmapbench
seqinspector_2139_ERR3969622,https://ftp.sra.ebi.ac.uk/vol1/fastq/ERR396/002/ERR3969622/ERR3969622_1.fastq.gz,https://ftp.sra.ebi.ac.uk/vol1/fastq/ERR396/002/ERR3969622/ERR3969622_2.fastq.gz,,mmapbench
seqinspector_2140_ERR14195679,https://ftp.sra.ebi.ac.uk/vol1/fastq/ERR141/079/ERR14195679/ERR14195679_1.fastq.gz,https://ftp.sra.ebi.ac.uk/vol1/fastq/ERR141/079/ERR14195679/ERR14195679_2.fastq.gz,,mmapbench
seqinspector_2141_ERR11646941,https://ftp.sra.ebi.ac.uk/vol1/fastq/ERR116/041/ERR11646941/ERR11646941_1.fastq.gz,https://ftp.sra.ebi.ac.uk/vol1/fastq/ERR116/041/ERR11646941/ERR11646941_2.fastq.gz,,mmapbench
seqinspector_2142_ERR11894749,https://ftp.sra.ebi.ac.uk/vol1/fastq/ERR118/049/ERR11894749/ERR11894749_1.fastq.gz,https://ftp.sra.ebi.ac.uk/vol1/fastq/ERR118/049/ERR11894749/ERR11894749_2.fastq.gz,,mmapbench
seqinspector_2143_ERR3699682,https://ftp.sra.ebi.ac.uk/vol1/fastq/ERR369/002/ERR3699682/ERR3699682_1.fastq.gz,https://ftp.sra.ebi.ac.uk/vol1/fastq/ERR369/002/ERR3699682/ERR3699682_2.fastq.gz,,mmapbench
seqinspector_2144_DRR636985,https://ftp.sra.ebi.ac.uk/vol1/fastq/DRR636/DRR636985/DRR636985_1.fastq.gz,https://ftp.sra.ebi.ac.uk/vol1/fastq/DRR636/DRR636985/DRR636985_2.fastq.gz,,mmapbench
seqinspector_2145_ERR14854649,https://ftp.sra.ebi.ac.uk/vol1/fastq/ERR148/049/ERR14854649/ERR14854649_1.fastq.gz,https://ftp.sra.ebi.ac.uk/vol1/fastq/ERR148/049/ERR14854649/ERR14854649_2.fastq.gz,,mmapbench
seqinspector_2146_ERR2863457,https://ftp.sra.ebi.ac.uk/vol1/fastq/ERR286/007/ERR2863457/ERR2863457_1.fastq.gz,https://ftp.sra.ebi.ac.uk/vol1/fastq/ERR286/007/ERR2863457/ERR2863457_2.fastq.gz,,mmapbench
seqinspector_2147_ERR2608569,https://ftp.sra.ebi.ac.uk/vol1/fastq/ERR260/009/ERR2608569/ERR2608569_1.fastq.gz,https://ftp.sra.ebi.ac.uk/vol1/fastq/ERR260/009/ERR2608569/ERR2608569_2.fastq.gz,,mmapbench
seqinspector_2148_ERR2747589,https://ftp.sra.ebi.ac.uk/vol1/fastq/ERR274/009/ERR2747589/ERR2747589_1.fastq.gz,https://ftp.sra.ebi.ac.uk/vol1/fastq/ERR274/009/ERR2747589/ERR2747589_2.fastq.gz,,mmapbench
seqinspector_2149_ERR16709990,https://ftp.sra.ebi.ac.uk/vol1/fastq/ERR167/090/ERR16709990/ERR16709990_1.fastq.gz,https://ftp.sra.ebi.ac.uk/vol1/fastq/ERR167/090/ERR16709990/ERR16709990_2.fastq.gz,,mmapbench
seqinspector_2150_ERR2608586,https://ftp.sra.ebi.ac.uk/vol1/fastq/ERR260/006/ERR2608586/ERR2608586_1.fastq.gz,https://ftp.sra.ebi.ac.uk/vol1/fastq/ERR260/006/ERR2608586/ERR2608586_2.fastq.gz,,mmapbench
seqinspector_2151_ERR15114780,https://ftp.sra.ebi.ac.uk/vol1/fastq/ERR151/080/ERR15114780/ERR15114780_1.fastq.gz,https://ftp.sra.ebi.ac.uk/vol1/fastq/ERR151/080/ERR15114780/ERR15114780_2.fastq.gz,,mmapbench
seqinspector_2152_ERR12419461,https://ftp.sra.ebi.ac.uk/vol1/fastq/ERR124/061/ERR12419461/ERR12419461_1.fastq.gz,https://ftp.sra.ebi.ac.uk/vol1/fastq/ERR124/061/ERR12419461/ERR12419461_2.fastq.gz,,mmapbench
seqinspector_2153_ERR11003880,https://ftp.sra.ebi.ac.uk/vol1/fastq/ERR110/080/ERR11003880/ERR11003880_1.fastq.gz,https://ftp.sra.ebi.ac.uk/vol1/fastq/ERR110/080/ERR11003880/ERR11003880_2.fastq.gz,,mmapbench
seqinspector_2154_ERR16979506,https://ftp.sra.ebi.ac.uk/vol1/fastq/ERR169/006/ERR16979506/ERR16979506_1.fastq.gz,https://ftp.sra.ebi.ac.uk/vol1/fastq/ERR169/006/ERR16979506/ERR16979506_2.fastq.gz,,mmapbench
seqinspector_2155_ERR12556328,https://ftp.sra.ebi.ac.uk/vol1/fastq/ERR125/028/ERR12556328/ERR12556328_1.fastq.gz,https://ftp.sra.ebi.ac.uk/vol1/fastq/ERR125/028/ERR12556328/ERR12556328_2.fastq.gz,,mmapbench
seqinspector_2156_ERR15492748,https://ftp.sra.ebi.ac.uk/vol1/fastq/ERR154/048/ERR15492748/ERR15492748_1.fastq.gz,https://ftp.sra.ebi.ac.uk/vol1/fastq/ERR154/048/ERR15492748/ERR15492748_2.fastq.gz,,mmapbench
seqinspector_2157_ERR3955292,https://ftp.sra.ebi.ac.uk/vol1/fastq/ERR395/002/ERR3955292/ERR3955292_1.fastq.gz,https://ftp.sra.ebi.ac.uk/vol1/fastq/ERR395/002/ERR3955292/ERR3955292_2.fastq.gz,,mmapbench
seqinspector_2158_ERR2608445,https://ftp.sra.ebi.ac.uk/vol1/fastq/ERR260/005/ERR2608445/ERR2608445_1.fastq.gz,https://ftp.sra.ebi.ac.uk/vol1/fastq/ERR260/005/ERR2608445/ERR2608445_2.fastq.gz,,mmapbench
seqinspector_2159_ERR12329318,https://ftp.sra.ebi.ac.uk/vol1/fastq/ERR123/018/ERR12329318/ERR12329318_1.fastq.gz,https://ftp.sra.ebi.ac.uk/vol1/fastq/ERR123/018/ERR12329318/ERR12329318_2.fastq.gz,,mmapbench
seqinspector_2160_ERR12308595,https://ftp.sra.ebi.ac.uk/vol1/fastq/ERR123/095/ERR12308595/ERR12308595_1.fastq.gz,https://ftp.sra.ebi.ac.uk/vol1/fastq/ERR123/095/ERR12308595/ERR12308595_2.fastq.gz,,mmapbench
seqinspector_2161_ERR12520615,https://ftp.sra.ebi.ac.uk/vol1/fastq/ERR125/015/ERR12520615/ERR12520615_1.fastq.gz,https://ftp.sra.ebi.ac.uk/vol1/fastq/ERR125/015/ERR12520615/ERR12520615_2.fastq.gz,,mmapbench
seqinspector_2162_ERR10880724,https://ftp.sra.ebi.ac.uk/vol1/fastq/ERR108/024/ERR10880724/ERR10880724_1.fastq.gz,https://ftp.sra.ebi.ac.uk/vol1/fastq/ERR108/024/ERR10880724/ERR10880724_2.fastq.gz,,mmapbench
seqinspector_2163_ERR2244206,https://ftp.sra.ebi.ac.uk/vol1/fastq/ERR224/006/ERR2244206/ERR2244206_1.fastq.gz,https://ftp.sra.ebi.ac.uk/vol1/fastq/ERR224/006/ERR2244206/ERR2244206_2.fastq.gz,,mmapbench
seqinspector_2164_ERR14195633,https://ftp.sra.ebi.ac.uk/vol1/fastq/ERR141/033/ERR14195633/ERR14195633_1.fastq.gz,https://ftp.sra.ebi.ac.uk/vol1/fastq/ERR141/033/ERR14195633/ERR14195633_2.fastq.gz,,mmapbench
seqinspector_2165_ERR2608332,https://ftp.sra.ebi.ac.uk/vol1/fastq/ERR260/002/ERR2608332/ERR2608332_1.fastq.gz,https://ftp.sra.ebi.ac.uk/vol1/fastq/ERR260/002/ERR2608332/ERR2608332_2.fastq.gz,,mmapbench
seqinspector_2166_ERR12555048,https://ftp.sra.ebi.ac.uk/vol1/fastq/ERR125/048/ERR12555048/ERR12555048_1.fastq.gz,https://ftp.sra.ebi.ac.uk/vol1/fastq/ERR125/048/ERR12555048/ERR12555048_2.fastq.gz,,mmapbench
seqinspector_2167_ERR14946118,https://ftp.sra.ebi.ac.uk/vol1/fastq/ERR149/018/ERR14946118/ERR14946118_1.fastq.gz,https://ftp.sra.ebi.ac.uk/vol1/fastq/ERR149/018/ERR14946118/ERR14946118_2.fastq.gz,,mmapbench
seqinspector_2168_DRR735441,https://ftp.sra.ebi.ac.uk/vol1/fastq/DRR735/DRR735441/DRR735441_1.fastq.gz,https://ftp.sra.ebi.ac.uk/vol1/fastq/DRR735/DRR735441/DRR735441_2.fastq.gz,,mmapbench
seqinspector_2169_ERR12556331,https://ftp.sra.ebi.ac.uk/vol1/fastq/ERR125/031/ERR12556331/ERR12556331_1.fastq.gz,https://ftp.sra.ebi.ac.uk/vol1/fastq/ERR125/031/ERR12556331/ERR12556331_2.fastq.gz,,mmapbench
seqinspector_2170_ERR12828468,https://ftp.sra.ebi.ac.uk/vol1/fastq/ERR128/068/ERR12828468/ERR12828468_1.fastq.gz,https://ftp.sra.ebi.ac.uk/vol1/fastq/ERR128/068/ERR12828468/ERR12828468_2.fastq.gz,,mmapbench
seqinspector_2171_ERR2863527,https://ftp.sra.ebi.ac.uk/vol1/fastq/ERR286/007/ERR2863527/ERR2863527_1.fastq.gz,https://ftp.sra.ebi.ac.uk/vol1/fastq/ERR286/007/ERR2863527/ERR2863527_2.fastq.gz,,mmapbench
seqinspector_2172_ERR3970948,https://ftp.sra.ebi.ac.uk/vol1/fastq/ERR397/008/ERR3970948/ERR3970948_1.fastq.gz,https://ftp.sra.ebi.ac.uk/vol1/fastq/ERR397/008/ERR3970948/ERR3970948_2.fastq.gz,,mmapbench
seqinspector_2173_ERR10897590,https://ftp.sra.ebi.ac.uk/vol1/fastq/ERR108/090/ERR10897590/ERR10897590_1.fastq.gz,https://ftp.sra.ebi.ac.uk/vol1/fastq/ERR108/090/ERR10897590/ERR10897590_2.fastq.gz,,mmapbench
seqinspector_2174_ERR12889264,https://ftp.sra.ebi.ac.uk/vol1/fastq/ERR128/064/ERR12889264/ERR12889264_1.fastq.gz,https://ftp.sra.ebi.ac.uk/vol1/fastq/ERR128/064/ERR12889264/ERR12889264_2.fastq.gz,,mmapbench
seqinspector_2175_ERR12218430,https://ftp.sra.ebi.ac.uk/vol1/fastq/ERR122/030/ERR12218430/ERR12218430_1.fastq.gz,https://ftp.sra.ebi.ac.uk/vol1/fastq/ERR122/030/ERR12218430/ERR12218430_2.fastq.gz,,mmapbench
seqinspector_2176_ERR14853771,https://ftp.sra.ebi.ac.uk/vol1/fastq/ERR148/071/ERR14853771/ERR14853771_1.fastq.gz,https://ftp.sra.ebi.ac.uk/vol1/fastq/ERR148/071/ERR14853771/ERR14853771_2.fastq.gz,,mmapbench
seqinspector_2177_ERR12520597,https://ftp.sra.ebi.ac.uk/vol1/fastq/ERR125/097/ERR12520597/ERR12520597_1.fastq.gz,https://ftp.sra.ebi.ac.uk/vol1/fastq/ERR125/097/ERR12520597/ERR12520597_2.fastq.gz,,mmapbench
seqinspector_2178_ERR16711364,https://ftp.sra.ebi.ac.uk/vol1/fastq/ERR167/064/ERR16711364/ERR16711364_1.fastq.gz,https://ftp.sra.ebi.ac.uk/vol1/fastq/ERR167/064/ERR16711364/ERR16711364_2.fastq.gz,,mmapbench
seqinspector_2179_ERR14195251,https://ftp.sra.ebi.ac.uk/vol1/fastq/ERR141/051/ERR14195251/ERR14195251_1.fastq.gz,https://ftp.sra.ebi.ac.uk/vol1/fastq/ERR141/051/ERR14195251/ERR14195251_2.fastq.gz,,mmapbench
seqinspector_2180_ERR14044064,https://ftp.sra.ebi.ac.uk/vol1/fastq/ERR140/064/ERR14044064/ERR14044064_1.fastq.gz,https://ftp.sra.ebi.ac.uk/vol1/fastq/ERR140/064/ERR14044064/ERR14044064_2.fastq.gz,,mmapbench
seqinspector_2181_ERR12556561,https://ftp.sra.ebi.ac.uk/vol1/fastq/ERR125/061/ERR12556561/ERR12556561_1.fastq.gz,https://ftp.sra.ebi.ac.uk/vol1/fastq/ERR125/061/ERR12556561/ERR12556561_2.fastq.gz,,mmapbench
seqinspector_2182_ERR14210962,https://ftp.sra.ebi.ac.uk/vol1/fastq/ERR142/062/ERR14210962/ERR14210962_1.fastq.gz,https://ftp.sra.ebi.ac.uk/vol1/fastq/ERR142/062/ERR14210962/ERR14210962_2.fastq.gz,,mmapbench
seqinspector_2183_ERR14194821,https://ftp.sra.ebi.ac.uk/vol1/fastq/ERR141/021/ERR14194821/ERR14194821_1.fastq.gz,https://ftp.sra.ebi.ac.uk/vol1/fastq/ERR141/021/ERR14194821/ERR14194821_2.fastq.gz,,mmapbench
seqinspector_2184_ERR14210967,https://ftp.sra.ebi.ac.uk/vol1/fastq/ERR142/067/ERR14210967/ERR14210967_1.fastq.gz,https://ftp.sra.ebi.ac.uk/vol1/fastq/ERR142/067/ERR14210967/ERR14210967_2.fastq.gz,,mmapbench
seqinspector_2185_ERR3955860,https://ftp.sra.ebi.ac.uk/vol1/fastq/ERR395/000/ERR3955860/ERR3955860_1.fastq.gz,https://ftp.sra.ebi.ac.uk/vol1/fastq/ERR395/000/ERR3955860/ERR3955860_2.fastq.gz,,mmapbench
seqinspector_2186_ERR14049284,https://ftp.sra.ebi.ac.uk/vol1/fastq/ERR140/084/ERR14049284/ERR14049284_1.fastq.gz,https://ftp.sra.ebi.ac.uk/vol1/fastq/ERR140/084/ERR14049284/ERR14049284_2.fastq.gz,,mmapbench
seqinspector_2187_ERR14789164,https://ftp.sra.ebi.ac.uk/vol1/fastq/ERR147/064/ERR14789164/ERR14789164_1.fastq.gz,https://ftp.sra.ebi.ac.uk/vol1/fastq/ERR147/064/ERR14789164/ERR14789164_2.fastq.gz,,mmapbench
seqinspector_2188_ERR13911320,https://ftp.sra.ebi.ac.uk/vol1/fastq/ERR139/020/ERR13911320/ERR13911320_1.fastq.gz,https://ftp.sra.ebi.ac.uk/vol1/fastq/ERR139/020/ERR13911320/ERR13911320_2.fastq.gz,,mmapbench
seqinspector_2189_ERR2608549,https://ftp.sra.ebi.ac.uk/vol1/fastq/ERR260/009/ERR2608549/ERR2608549_1.fastq.gz,https://ftp.sra.ebi.ac.uk/vol1/fastq/ERR260/009/ERR2608549/ERR2608549_2.fastq.gz,,mmapbench
seqinspector_2190_ERR14788904,https://ftp.sra.ebi.ac.uk/vol1/fastq/ERR147/004/ERR14788904/ERR14788904_1.fastq.gz,https://ftp.sra.ebi.ac.uk/vol1/fastq/ERR147/004/ERR14788904/ERR14788904_2.fastq.gz,,mmapbench
seqinspector_2191_ERR2580708,https://ftp.sra.ebi.ac.uk/vol1/fastq/ERR258/008/ERR2580708/ERR2580708_1.fastq.gz,https://ftp.sra.ebi.ac.uk/vol1/fastq/ERR258/008/ERR2580708/ERR2580708_2.fastq.gz,,mmapbench
seqinspector_2192_ERR3955160,https://ftp.sra.ebi.ac.uk/vol1/fastq/ERR395/000/ERR3955160/ERR3955160_1.fastq.gz,https://ftp.sra.ebi.ac.uk/vol1/fastq/ERR395/000/ERR3955160/ERR3955160_2.fastq.gz,,mmapbench
seqinspector_2193_ERR2182483,https://ftp.sra.ebi.ac.uk/vol1/fastq/ERR218/003/ERR2182483/ERR2182483_1.fastq.gz,https://ftp.sra.ebi.ac.uk/vol1/fastq/ERR218/003/ERR2182483/ERR2182483_2.fastq.gz,,mmapbench
seqinspector_2194_ERR14211424,https://ftp.sra.ebi.ac.uk/vol1/fastq/ERR142/024/ERR14211424/ERR14211424_1.fastq.gz,https://ftp.sra.ebi.ac.uk/vol1/fastq/ERR142/024/ERR14211424/ERR14211424_2.fastq.gz,,mmapbench
seqinspector_2195_DRR317885,https://ftp.sra.ebi.ac.uk/vol1/fastq/DRR317/DRR317885/DRR317885_1.fastq.gz,https://ftp.sra.ebi.ac.uk/vol1/fastq/DRR317/DRR317885/DRR317885_2.fastq.gz,,mmapbench
seqinspector_2196_ERR3769584,https://ftp.sra.ebi.ac.uk/vol1/fastq/ERR376/004/ERR3769584/ERR3769584_1.fastq.gz,https://ftp.sra.ebi.ac.uk/vol1/fastq/ERR376/004/ERR3769584/ERR3769584_2.fastq.gz,,mmapbench
seqinspector_2197_ERR14195589,https://ftp.sra.ebi.ac.uk/vol1/fastq/ERR141/089/ERR14195589/ERR14195589_1.fastq.gz,https://ftp.sra.ebi.ac.uk/vol1/fastq/ERR141/089/ERR14195589/ERR14195589_2.fastq.gz,,mmapbench
seqinspector_2198_ERR16023496,https://ftp.sra.ebi.ac.uk/vol1/fastq/ERR160/096/ERR16023496/ERR16023496_1.fastq.gz,https://ftp.sra.ebi.ac.uk/vol1/fastq/ERR160/096/ERR16023496/ERR16023496_2.fastq.gz,,mmapbench
seqinspector_2199_ERR14211714,https://ftp.sra.ebi.ac.uk/vol1/fastq/ERR142/014/ERR14211714/ERR14211714_1.fastq.gz,https://ftp.sra.ebi.ac.uk/vol1/fastq/ERR142/014/ERR14211714/ERR14211714_2.fastq.gz,,mmapbench
seqinspector_2200_DRR774173,https://ftp.sra.ebi.ac.uk/vol1/fastq/DRR774/DRR774173/DRR774173_1.fastq.gz,https://ftp.sra.ebi.ac.uk/vol1/fastq/DRR774/DRR774173/DRR774173_2.fastq.gz,,mmapbench
seqinspector_2201_ERR2608326,https://ftp.sra.ebi.ac.uk/vol1/fastq/ERR260/006/ERR2608326/ERR2608326_1.fastq.gz,https://ftp.sra.ebi.ac.uk/vol1/fastq/ERR260/006/ERR2608326/ERR2608326_2.fastq.gz,,mmapbench
seqinspector_2202_ERR2608194,https://ftp.sra.ebi.ac.uk/vol1/fastq/ERR260/004/ERR2608194/ERR2608194_1.fastq.gz,https://ftp.sra.ebi.ac.uk/vol1/fastq/ERR260/004/ERR2608194/ERR2608194_2.fastq.gz,,mmapbench
seqinspector_2203_ERR2608191,https://ftp.sra.ebi.ac.uk/vol1/fastq/ERR260/001/ERR2608191/ERR2608191_1.fastq.gz,https://ftp.sra.ebi.ac.uk/vol1/fastq/ERR260/001/ERR2608191/ERR2608191_2.fastq.gz,,mmapbench
seqinspector_2204_ERR13583526,https://ftp.sra.ebi.ac.uk/vol1/fastq/ERR135/026/ERR13583526/ERR13583526_1.fastq.gz,https://ftp.sra.ebi.ac.uk/vol1/fastq/ERR135/026/ERR13583526/ERR13583526_2.fastq.gz,,mmapbench
seqinspector_2205_DRR636931,https://ftp.sra.ebi.ac.uk/vol1/fastq/DRR636/DRR636931/DRR636931_1.fastq.gz,https://ftp.sra.ebi.ac.uk/vol1/fastq/DRR636/DRR636931/DRR636931_2.fastq.gz,,mmapbench
seqinspector_2206_ERR12556590,https://ftp.sra.ebi.ac.uk/vol1/fastq/ERR125/090/ERR12556590/ERR12556590_1.fastq.gz,https://ftp.sra.ebi.ac.uk/vol1/fastq/ERR125/090/ERR12556590/ERR12556590_2.fastq.gz,,mmapbench
seqinspector_2207_ERR14061352,https://ftp.sra.ebi.ac.uk/vol1/fastq/ERR140/052/ERR14061352/ERR14061352_1.fastq.gz,https://ftp.sra.ebi.ac.uk/vol1/fastq/ERR140/052/ERR14061352/ERR14061352_2.fastq.gz,,mmapbench
seqinspector_2208_ERR11489833,https://ftp.sra.ebi.ac.uk/vol1/fastq/ERR114/033/ERR11489833/ERR11489833_1.fastq.gz,https://ftp.sra.ebi.ac.uk/vol1/fastq/ERR114/033/ERR11489833/ERR11489833_2.fastq.gz,,mmapbench
seqinspector_2209_ERR2608411,https://ftp.sra.ebi.ac.uk/vol1/fastq/ERR260/001/ERR2608411/ERR2608411_1.fastq.gz,https://ftp.sra.ebi.ac.uk/vol1/fastq/ERR260/001/ERR2608411/ERR2608411_2.fastq.gz,,mmapbench
seqinspector_2210_ERR12329274,https://ftp.sra.ebi.ac.uk/vol1/fastq/ERR123/074/ERR12329274/ERR12329274_1.fastq.gz,https://ftp.sra.ebi.ac.uk/vol1/fastq/ERR123/074/ERR12329274/ERR12329274_2.fastq.gz,,mmapbench
seqinspector_2211_ERR12032898,https://ftp.sra.ebi.ac.uk/vol1/fastq/ERR120/098/ERR12032898/ERR12032898_1.fastq.gz,https://ftp.sra.ebi.ac.uk/vol1/fastq/ERR120/098/ERR12032898/ERR12032898_2.fastq.gz,,mmapbench
seqinspector_2212_ERR4407709,https://ftp.sra.ebi.ac.uk/vol1/fastq/ERR440/009/ERR4407709/ERR4407709_1.fastq.gz,https://ftp.sra.ebi.ac.uk/vol1/fastq/ERR440/009/ERR4407709/ERR4407709_2.fastq.gz,,mmapbench
seqinspector_2213_ERR10207012,https://ftp.sra.ebi.ac.uk/vol1/fastq/ERR102/012/ERR10207012/ERR10207012_1.fastq.gz,https://ftp.sra.ebi.ac.uk/vol1/fastq/ERR102/012/ERR10207012/ERR10207012_2.fastq.gz,,mmapbench
seqinspector_2214_ERR12308553,https://ftp.sra.ebi.ac.uk/vol1/fastq/ERR123/053/ERR12308553/ERR12308553_1.fastq.gz,https://ftp.sra.ebi.ac.uk/vol1/fastq/ERR123/053/ERR12308553/ERR12308553_2.fastq.gz,,mmapbench
seqinspector_2215_ERR16724762,https://ftp.sra.ebi.ac.uk/vol1/fastq/ERR167/062/ERR16724762/ERR16724762_1.fastq.gz,https://ftp.sra.ebi.ac.uk/vol1/fastq/ERR167/062/ERR16724762/ERR16724762_2.fastq.gz,,mmapbench
seqinspector_2216_ERR14853617,https://ftp.sra.ebi.ac.uk/vol1/fastq/ERR148/017/ERR14853617/ERR14853617_1.fastq.gz,https://ftp.sra.ebi.ac.uk/vol1/fastq/ERR148/017/ERR14853617/ERR14853617_2.fastq.gz,,mmapbench
seqinspector_2217_ERR3726483,https://ftp.sra.ebi.ac.uk/vol1/fastq/ERR372/003/ERR3726483/ERR3726483_1.fastq.gz,https://ftp.sra.ebi.ac.uk/vol1/fastq/ERR372/003/ERR3726483/ERR3726483_2.fastq.gz,,mmapbench
seqinspector_2218_ERR17072038,https://ftp.sra.ebi.ac.uk/vol1/fastq/ERR170/038/ERR17072038/ERR17072038_1.fastq.gz,https://ftp.sra.ebi.ac.uk/vol1/fastq/ERR170/038/ERR17072038/ERR17072038_2.fastq.gz,,mmapbench
seqinspector_2219_ERR11831247,https://ftp.sra.ebi.ac.uk/vol1/fastq/ERR118/047/ERR11831247/ERR11831247_1.fastq.gz,https://ftp.sra.ebi.ac.uk/vol1/fastq/ERR118/047/ERR11831247/ERR11831247_2.fastq.gz,,mmapbench
seqinspector_2220_ERR12556558,https://ftp.sra.ebi.ac.uk/vol1/fastq/ERR125/058/ERR12556558/ERR12556558_1.fastq.gz,https://ftp.sra.ebi.ac.uk/vol1/fastq/ERR125/058/ERR12556558/ERR12556558_2.fastq.gz,,mmapbench
seqinspector_2221_ERR14801660,https://ftp.sra.ebi.ac.uk/vol1/fastq/ERR148/060/ERR14801660/ERR14801660_1.fastq.gz,https://ftp.sra.ebi.ac.uk/vol1/fastq/ERR148/060/ERR14801660/ERR14801660_2.fastq.gz,,mmapbench
seqinspector_2222_ERR12032955,https://ftp.sra.ebi.ac.uk/vol1/fastq/ERR120/055/ERR12032955/ERR12032955_1.fastq.gz,https://ftp.sra.ebi.ac.uk/vol1/fastq/ERR120/055/ERR12032955/ERR12032955_2.fastq.gz,,mmapbench
seqinspector_2223_ERR14194843,https://ftp.sra.ebi.ac.uk/vol1/fastq/ERR141/043/ERR14194843/ERR14194843_1.fastq.gz,https://ftp.sra.ebi.ac.uk/vol1/fastq/ERR141/043/ERR14194843/ERR14194843_2.fastq.gz,,mmapbench
seqinspector_2224_ERR14194765,https://ftp.sra.ebi.ac.uk/vol1/fastq/ERR141/065/ERR14194765/ERR14194765_1.fastq.gz,https://ftp.sra.ebi.ac.uk/vol1/fastq/ERR141/065/ERR14194765/ERR14194765_2.fastq.gz,,mmapbench
seqinspector_2225_ERR11448197,https://ftp.sra.ebi.ac.uk/vol1/fastq/ERR114/097/ERR11448197/ERR11448197_1.fastq.gz,https://ftp.sra.ebi.ac.uk/vol1/fastq/ERR114/097/ERR11448197/ERR11448197_2.fastq.gz,,mmapbench
seqinspector_2226_ERR16713580,https://ftp.sra.ebi.ac.uk/vol1/fastq/ERR167/080/ERR16713580/ERR16713580_1.fastq.gz,https://ftp.sra.ebi.ac.uk/vol1/fastq/ERR167/080/ERR16713580/ERR16713580_2.fastq.gz,,mmapbench
seqinspector_2227_ERR14802778,https://ftp.sra.ebi.ac.uk/vol1/fastq/ERR148/078/ERR14802778/ERR14802778_1.fastq.gz,https://ftp.sra.ebi.ac.uk/vol1/fastq/ERR148/078/ERR14802778/ERR14802778_2.fastq.gz,,mmapbench
seqinspector_2228_ERR4503369,https://ftp.sra.ebi.ac.uk/vol1/fastq/ERR450/009/ERR4503369/ERR4503369_1.fastq.gz,https://ftp.sra.ebi.ac.uk/vol1/fastq/ERR450/009/ERR4503369/ERR4503369_2.fastq.gz,,mmapbench
seqinspector_2229_ERR14211332,https://ftp.sra.ebi.ac.uk/vol1/fastq/ERR142/032/ERR14211332/ERR14211332_1.fastq.gz,https://ftp.sra.ebi.ac.uk/vol1/fastq/ERR142/032/ERR14211332/ERR14211332_2.fastq.gz,,mmapbench
seqinspector_2230_ERR11489391,https://ftp.sra.ebi.ac.uk/vol1/fastq/ERR114/091/ERR11489391/ERR11489391_1.fastq.gz,https://ftp.sra.ebi.ac.uk/vol1/fastq/ERR114/091/ERR11489391/ERR11489391_2.fastq.gz,,mmapbench
seqinspector_2231_ERR11894782,https://ftp.sra.ebi.ac.uk/vol1/fastq/ERR118/082/ERR11894782/ERR11894782_1.fastq.gz,https://ftp.sra.ebi.ac.uk/vol1/fastq/ERR118/082/ERR11894782/ERR11894782_2.fastq.gz,,mmapbench
seqinspector_2232_ERR11003922,https://ftp.sra.ebi.ac.uk/vol1/fastq/ERR110/022/ERR11003922/ERR11003922_1.fastq.gz,https://ftp.sra.ebi.ac.uk/vol1/fastq/ERR110/022/ERR11003922/ERR11003922_2.fastq.gz,,mmapbench
seqinspector_2233_ERR3670907,https://ftp.sra.ebi.ac.uk/vol1/fastq/ERR367/007/ERR3670907/ERR3670907_1.fastq.gz,https://ftp.sra.ebi.ac.uk/vol1/fastq/ERR367/007/ERR3670907/ERR3670907_2.fastq.gz,,mmapbench
seqinspector_2234_ERR10682990,https://ftp.sra.ebi.ac.uk/vol1/fastq/ERR106/090/ERR10682990/ERR10682990_1.fastq.gz,https://ftp.sra.ebi.ac.uk/vol1/fastq/ERR106/090/ERR10682990/ERR10682990_2.fastq.gz,,mmapbench
seqinspector_2235_ERR10897583,https://ftp.sra.ebi.ac.uk/vol1/fastq/ERR108/083/ERR10897583/ERR10897583_1.fastq.gz,https://ftp.sra.ebi.ac.uk/vol1/fastq/ERR108/083/ERR10897583/ERR10897583_2.fastq.gz,,mmapbench
seqinspector_2236_ERR14066766,https://ftp.sra.ebi.ac.uk/vol1/fastq/ERR140/066/ERR14066766/ERR14066766_1.fastq.gz,https://ftp.sra.ebi.ac.uk/vol1/fastq/ERR140/066/ERR14066766/ERR14066766_2.fastq.gz,,mmapbench
seqinspector_2237_ERR14789030,https://ftp.sra.ebi.ac.uk/vol1/fastq/ERR147/030/ERR14789030/ERR14789030_1.fastq.gz,https://ftp.sra.ebi.ac.uk/vol1/fastq/ERR147/030/ERR14789030/ERR14789030_2.fastq.gz,,mmapbench
seqinspector_2238_ERR11489494,https://ftp.sra.ebi.ac.uk/vol1/fastq/ERR114/094/ERR11489494/ERR11489494_1.fastq.gz,https://ftp.sra.ebi.ac.uk/vol1/fastq/ERR114/094/ERR11489494/ERR11489494_2.fastq.gz,,mmapbench
seqinspector_2239_ERR14211670,https://ftp.sra.ebi.ac.uk/vol1/fastq/ERR142/070/ERR14211670/ERR14211670_1.fastq.gz,https://ftp.sra.ebi.ac.uk/vol1/fastq/ERR142/070/ERR14211670/ERR14211670_2.fastq.gz,,mmapbench
seqinspector_2240_ERR14801531,https://ftp.sra.ebi.ac.uk/vol1/fastq/ERR148/031/ERR14801531/ERR14801531_1.fastq.gz,https://ftp.sra.ebi.ac.uk/vol1/fastq/ERR148/031/ERR14801531/ERR14801531_2.fastq.gz,,mmapbench
seqinspector_2241_ERR2747559,https://ftp.sra.ebi.ac.uk/vol1/fastq/ERR274/009/ERR2747559/ERR2747559_1.fastq.gz,https://ftp.sra.ebi.ac.uk/vol1/fastq/ERR274/009/ERR2747559/ERR2747559_2.fastq.gz,,mmapbench
seqinspector_2242_ERR14953622,https://ftp.sra.ebi.ac.uk/vol1/fastq/ERR149/022/ERR14953622/ERR14953622_1.fastq.gz,https://ftp.sra.ebi.ac.uk/vol1/fastq/ERR149/022/ERR14953622/ERR14953622_2.fastq.gz,,mmapbench
seqinspector_2243_ERR10749576,https://ftp.sra.ebi.ac.uk/vol1/fastq/ERR107/076/ERR10749576/ERR10749576_1.fastq.gz,https://ftp.sra.ebi.ac.uk/vol1/fastq/ERR107/076/ERR10749576/ERR10749576_2.fastq.gz,,mmapbench
seqinspector_2244_ERR16908482,https://ftp.sra.ebi.ac.uk/vol1/fastq/ERR169/082/ERR16908482/ERR16908482_1.fastq.gz,https://ftp.sra.ebi.ac.uk/vol1/fastq/ERR169/082/ERR16908482/ERR16908482_2.fastq.gz,,mmapbench
seqinspector_2245_ERR11627467,https://ftp.sra.ebi.ac.uk/vol1/fastq/ERR116/067/ERR11627467/ERR11627467_1.fastq.gz,https://ftp.sra.ebi.ac.uk/vol1/fastq/ERR116/067/ERR11627467/ERR11627467_2.fastq.gz,,mmapbench
seqinspector_2246_ERR2011839,https://ftp.sra.ebi.ac.uk/vol1/fastq/ERR201/009/ERR2011839/ERR2011839_1.fastq.gz,https://ftp.sra.ebi.ac.uk/vol1/fastq/ERR201/009/ERR2011839/ERR2011839_2.fastq.gz,,mmapbench
seqinspector_2247_ERR16713666,https://ftp.sra.ebi.ac.uk/vol1/fastq/ERR167/066/ERR16713666/ERR16713666_1.fastq.gz,https://ftp.sra.ebi.ac.uk/vol1/fastq/ERR167/066/ERR16713666/ERR16713666_2.fastq.gz,,mmapbench
seqinspector_2248_ERR12520342,https://ftp.sra.ebi.ac.uk/vol1/fastq/ERR125/042/ERR12520342/ERR12520342_1.fastq.gz,https://ftp.sra.ebi.ac.uk/vol1/fastq/ERR125/042/ERR12520342/ERR12520342_2.fastq.gz,,mmapbench
seqinspector_2249_ERR3726502,https://ftp.sra.ebi.ac.uk/vol1/fastq/ERR372/002/ERR3726502/ERR3726502_1.fastq.gz,https://ftp.sra.ebi.ac.uk/vol1/fastq/ERR372/002/ERR3726502/ERR3726502_2.fastq.gz,,mmapbench
seqinspector_2250_ERR10749803,https://ftp.sra.ebi.ac.uk/vol1/fastq/ERR107/003/ERR10749803/ERR10749803_1.fastq.gz,https://ftp.sra.ebi.ac.uk/vol1/fastq/ERR107/003/ERR10749803/ERR10749803_2.fastq.gz,,mmapbench
seqinspector_2251_ERR13718829,https://ftp.sra.ebi.ac.uk/vol1/fastq/ERR137/029/ERR13718829/ERR13718829_1.fastq.gz,https://ftp.sra.ebi.ac.uk/vol1/fastq/ERR137/029/ERR13718829/ERR13718829_2.fastq.gz,,mmapbench
seqinspector_2252_ERR3955478,https://ftp.sra.ebi.ac.uk/vol1/fastq/ERR395/008/ERR3955478/ERR3955478_1.fastq.gz,https://ftp.sra.ebi.ac.uk/vol1/fastq/ERR395/008/ERR3955478/ERR3955478_2.fastq.gz,,mmapbench
seqinspector_2253_ERR12419480,https://ftp.sra.ebi.ac.uk/vol1/fastq/ERR124/080/ERR12419480/ERR12419480_1.fastq.gz,https://ftp.sra.ebi.ac.uk/vol1/fastq/ERR124/080/ERR12419480/ERR12419480_2.fastq.gz,,mmapbench
seqinspector_2254_ERR12556250,https://ftp.sra.ebi.ac.uk/vol1/fastq/ERR125/050/ERR12556250/ERR12556250_1.fastq.gz,https://ftp.sra.ebi.ac.uk/vol1/fastq/ERR125/050/ERR12556250/ERR12556250_2.fastq.gz,,mmapbench
seqinspector_2255_ERR14953640,https://ftp.sra.ebi.ac.uk/vol1/fastq/ERR149/040/ERR14953640/ERR14953640_1.fastq.gz,https://ftp.sra.ebi.ac.uk/vol1/fastq/ERR149/040/ERR14953640/ERR14953640_2.fastq.gz,,mmapbench
seqinspector_2256_ERR3969587,https://ftp.sra.ebi.ac.uk/vol1/fastq/ERR396/007/ERR3969587/ERR3969587_1.fastq.gz,https://ftp.sra.ebi.ac.uk/vol1/fastq/ERR396/007/ERR3969587/ERR3969587_2.fastq.gz,,mmapbench
seqinspector_2257_ERR14789422,https://ftp.sra.ebi.ac.uk/vol1/fastq/ERR147/022/ERR14789422/ERR14789422_1.fastq.gz,https://ftp.sra.ebi.ac.uk/vol1/fastq/ERR147/022/ERR14789422/ERR14789422_2.fastq.gz,,mmapbench
seqinspector_2258_ERR12308578,https://ftp.sra.ebi.ac.uk/vol1/fastq/ERR123/078/ERR12308578/ERR12308578_1.fastq.gz,https://ftp.sra.ebi.ac.uk/vol1/fastq/ERR123/078/ERR12308578/ERR12308578_2.fastq.gz,,mmapbench
seqinspector_2259_ERR2608285,https://ftp.sra.ebi.ac.uk/vol1/fastq/ERR260/005/ERR2608285/ERR2608285_1.fastq.gz,https://ftp.sra.ebi.ac.uk/vol1/fastq/ERR260/005/ERR2608285/ERR2608285_2.fastq.gz,,mmapbench
seqinspector_2260_ERR14946274,https://ftp.sra.ebi.ac.uk/vol1/fastq/ERR149/074/ERR14946274/ERR14946274_1.fastq.gz,https://ftp.sra.ebi.ac.uk/vol1/fastq/ERR149/074/ERR14946274/ERR14946274_2.fastq.gz,,mmapbench
seqinspector_2261_ERR3899881,https://ftp.sra.ebi.ac.uk/vol1/fastq/ERR389/001/ERR3899881/ERR3899881_1.fastq.gz,https://ftp.sra.ebi.ac.uk/vol1/fastq/ERR389/001/ERR3899881/ERR3899881_2.fastq.gz,,mmapbench
seqinspector_2262_ERR14195338,https://ftp.sra.ebi.ac.uk/vol1/fastq/ERR141/038/ERR14195338/ERR14195338_1.fastq.gz,https://ftp.sra.ebi.ac.uk/vol1/fastq/ERR141/038/ERR14195338/ERR14195338_2.fastq.gz,,mmapbench
seqinspector_2263_ERR14211484,https://ftp.sra.ebi.ac.uk/vol1/fastq/ERR142/084/ERR14211484/ERR14211484_1.fastq.gz,https://ftp.sra.ebi.ac.uk/vol1/fastq/ERR142/084/ERR14211484/ERR14211484_2.fastq.gz,,mmapbench
seqinspector_2264_ERR3682702,https://ftp.sra.ebi.ac.uk/vol1/fastq/ERR368/002/ERR3682702/ERR3682702_1.fastq.gz,https://ftp.sra.ebi.ac.uk/vol1/fastq/ERR368/002/ERR3682702/ERR3682702_2.fastq.gz,,mmapbench
seqinspector_2265_ERR3061631,https://ftp.sra.ebi.ac.uk/vol1/fastq/ERR306/001/ERR3061631/ERR3061631_1.fastq.gz,https://ftp.sra.ebi.ac.uk/vol1/fastq/ERR306/001/ERR3061631/ERR3061631_2.fastq.gz,,mmapbench
seqinspector_2266_ERR14789138,https://ftp.sra.ebi.ac.uk/vol1/fastq/ERR147/038/ERR14789138/ERR14789138_1.fastq.gz,https://ftp.sra.ebi.ac.uk/vol1/fastq/ERR147/038/ERR14789138/ERR14789138_2.fastq.gz,,mmapbench
seqinspector_2267_ERR3061586,https://ftp.sra.ebi.ac.uk/vol1/fastq/ERR306/006/ERR3061586/ERR3061586_1.fastq.gz,https://ftp.sra.ebi.ac.uk/vol1/fastq/ERR306/006/ERR3061586/ERR3061586_2.fastq.gz,,mmapbench
seqinspector_2268_ERR12555094,https://ftp.sra.ebi.ac.uk/vol1/fastq/ERR125/094/ERR12555094/ERR12555094_1.fastq.gz,https://ftp.sra.ebi.ac.uk/vol1/fastq/ERR125/094/ERR12555094/ERR12555094_2.fastq.gz,,mmapbench
seqinspector_2269_ERR14195645,https://ftp.sra.ebi.ac.uk/vol1/fastq/ERR141/045/ERR14195645/ERR14195645_1.fastq.gz,https://ftp.sra.ebi.ac.uk/vol1/fastq/ERR141/045/ERR14195645/ERR14195645_2.fastq.gz,,mmapbench
seqinspector_2270_ERR2863554,https://ftp.sra.ebi.ac.uk/vol1/fastq/ERR286/004/ERR2863554/ERR2863554_1.fastq.gz,https://ftp.sra.ebi.ac.uk/vol1/fastq/ERR286/004/ERR2863554/ERR2863554_2.fastq.gz,,mmapbench
seqinspector_2271_ERR14946294,https://ftp.sra.ebi.ac.uk/vol1/fastq/ERR149/094/ERR14946294/ERR14946294_1.fastq.gz,https://ftp.sra.ebi.ac.uk/vol1/fastq/ERR149/094/ERR14946294/ERR14946294_2.fastq.gz,,mmapbench
seqinspector_2272_ERR12556559,https://ftp.sra.ebi.ac.uk/vol1/fastq/ERR125/059/ERR12556559/ERR12556559_1.fastq.gz,https://ftp.sra.ebi.ac.uk/vol1/fastq/ERR125/059/ERR12556559/ERR12556559_2.fastq.gz,,mmapbench
seqinspector_2273_ERR13392164,https://ftp.sra.ebi.ac.uk/vol1/fastq/ERR133/064/ERR13392164/ERR13392164_1.fastq.gz,https://ftp.sra.ebi.ac.uk/vol1/fastq/ERR133/064/ERR13392164/ERR13392164_2.fastq.gz,,mmapbench
seqinspector_2274_ERR13230416,https://ftp.sra.ebi.ac.uk/vol1/fastq/ERR132/016/ERR13230416/ERR13230416_1.fastq.gz,https://ftp.sra.ebi.ac.uk/vol1/fastq/ERR132/016/ERR13230416/ERR13230416_2.fastq.gz,,mmapbench
seqinspector_2275_ERR3832214,https://ftp.sra.ebi.ac.uk/vol1/fastq/ERR383/004/ERR3832214/ERR3832214_1.fastq.gz,https://ftp.sra.ebi.ac.uk/vol1/fastq/ERR383/004/ERR3832214/ERR3832214_2.fastq.gz,,mmapbench
seqinspector_2276_ERR10880658,https://ftp.sra.ebi.ac.uk/vol1/fastq/ERR108/058/ERR10880658/ERR10880658_1.fastq.gz,https://ftp.sra.ebi.ac.uk/vol1/fastq/ERR108/058/ERR10880658/ERR10880658_2.fastq.gz,,mmapbench
seqinspector_2277_ERR16712932,https://ftp.sra.ebi.ac.uk/vol1/fastq/ERR167/032/ERR16712932/ERR16712932_1.fastq.gz,https://ftp.sra.ebi.ac.uk/vol1/fastq/ERR167/032/ERR16712932/ERR16712932_2.fastq.gz,,mmapbench
seqinspector_2278_ERR11627419,https://ftp.sra.ebi.ac.uk/vol1/fastq/ERR116/019/ERR11627419/ERR11627419_1.fastq.gz,https://ftp.sra.ebi.ac.uk/vol1/fastq/ERR116/019/ERR11627419/ERR11627419_2.fastq.gz,,mmapbench
seqinspector_2279_ERR12308561,https://ftp.sra.ebi.ac.uk/vol1/fastq/ERR123/061/ERR12308561/ERR12308561_1.fastq.gz,https://ftp.sra.ebi.ac.uk/vol1/fastq/ERR123/061/ERR12308561/ERR12308561_2.fastq.gz,,mmapbench
seqinspector_2280_ERR10744205,https://ftp.sra.ebi.ac.uk/vol1/fastq/ERR107/005/ERR10744205/ERR10744205_1.fastq.gz,https://ftp.sra.ebi.ac.uk/vol1/fastq/ERR107/005/ERR10744205/ERR10744205_2.fastq.gz,,mmapbench
seqinspector_2281_ERR16908594,https://ftp.sra.ebi.ac.uk/vol1/fastq/ERR169/094/ERR16908594/ERR16908594_1.fastq.gz,https://ftp.sra.ebi.ac.uk/vol1/fastq/ERR169/094/ERR16908594/ERR16908594_2.fastq.gz,,mmapbench
seqinspector_2282_ERR11489775,https://ftp.sra.ebi.ac.uk/vol1/fastq/ERR114/075/ERR11489775/ERR11489775_1.fastq.gz,https://ftp.sra.ebi.ac.uk/vol1/fastq/ERR114/075/ERR11489775/ERR11489775_2.fastq.gz,,mmapbench
seqinspector_2283_ERR12556251,https://ftp.sra.ebi.ac.uk/vol1/fastq/ERR125/051/ERR12556251/ERR12556251_1.fastq.gz,https://ftp.sra.ebi.ac.uk/vol1/fastq/ERR125/051/ERR12556251/ERR12556251_2.fastq.gz,,mmapbench
seqinspector_2284_ERR14789162,https://ftp.sra.ebi.ac.uk/vol1/fastq/ERR147/062/ERR14789162/ERR14789162_1.fastq.gz,https://ftp.sra.ebi.ac.uk/vol1/fastq/ERR147/062/ERR14789162/ERR14789162_2.fastq.gz,,mmapbench
seqinspector_2285_ERR4503388,https://ftp.sra.ebi.ac.uk/vol1/fastq/ERR450/008/ERR4503388/ERR4503388_1.fastq.gz,https://ftp.sra.ebi.ac.uk/vol1/fastq/ERR450/008/ERR4503388/ERR4503388_2.fastq.gz,,mmapbench
seqinspector_2286_ERR10882339,https://ftp.sra.ebi.ac.uk/vol1/fastq/ERR108/039/ERR10882339/ERR10882339_1.fastq.gz,https://ftp.sra.ebi.ac.uk/vol1/fastq/ERR108/039/ERR10882339/ERR10882339_2.fastq.gz,,mmapbench
seqinspector_2287_ERR14788881,https://ftp.sra.ebi.ac.uk/vol1/fastq/ERR147/081/ERR14788881/ERR14788881_1.fastq.gz,https://ftp.sra.ebi.ac.uk/vol1/fastq/ERR147/081/ERR14788881/ERR14788881_2.fastq.gz,,mmapbench
seqinspector_2288_ERR15118003,https://ftp.sra.ebi.ac.uk/vol1/fastq/ERR151/003/ERR15118003/ERR15118003_1.fastq.gz,https://ftp.sra.ebi.ac.uk/vol1/fastq/ERR151/003/ERR15118003/ERR15118003_2.fastq.gz,,mmapbench
seqinspector_2289_ERR14211466,https://ftp.sra.ebi.ac.uk/vol1/fastq/ERR142/066/ERR14211466/ERR14211466_1.fastq.gz,https://ftp.sra.ebi.ac.uk/vol1/fastq/ERR142/066/ERR14211466/ERR14211466_2.fastq.gz,,mmapbench
seqinspector_2290_ERR3955836,https://ftp.sra.ebi.ac.uk/vol1/fastq/ERR395/006/ERR3955836/ERR3955836_1.fastq.gz,https://ftp.sra.ebi.ac.uk/vol1/fastq/ERR395/006/ERR3955836/ERR3955836_2.fastq.gz,,mmapbench
seqinspector_2291_ERR4503260,https://ftp.sra.ebi.ac.uk/vol1/fastq/ERR450/000/ERR4503260/ERR4503260_1.fastq.gz,https://ftp.sra.ebi.ac.uk/vol1/fastq/ERR450/000/ERR4503260/ERR4503260_2.fastq.gz,,mmapbench
seqinspector_2292_ERR14853701,https://ftp.sra.ebi.ac.uk/vol1/fastq/ERR148/001/ERR14853701/ERR14853701_1.fastq.gz,https://ftp.sra.ebi.ac.uk/vol1/fastq/ERR148/001/ERR14853701/ERR14853701_2.fastq.gz,,mmapbench
seqinspector_2293_ERR14195348,https://ftp.sra.ebi.ac.uk/vol1/fastq/ERR141/048/ERR14195348/ERR14195348_1.fastq.gz,https://ftp.sra.ebi.ac.uk/vol1/fastq/ERR141/048/ERR14195348/ERR14195348_2.fastq.gz,,mmapbench
seqinspector_2294_ERR14211494,https://ftp.sra.ebi.ac.uk/vol1/fastq/ERR142/094/ERR14211494/ERR14211494_1.fastq.gz,https://ftp.sra.ebi.ac.uk/vol1/fastq/ERR142/094/ERR14211494/ERR14211494_2.fastq.gz,,mmapbench
seqinspector_2295_ERR14195318,https://ftp.sra.ebi.ac.uk/vol1/fastq/ERR141/018/ERR14195318/ERR14195318_1.fastq.gz,https://ftp.sra.ebi.ac.uk/vol1/fastq/ERR141/018/ERR14195318/ERR14195318_2.fastq.gz,,mmapbench
seqinspector_2296_ERR14789274,https://ftp.sra.ebi.ac.uk/vol1/fastq/ERR147/074/ERR14789274/ERR14789274_1.fastq.gz,https://ftp.sra.ebi.ac.uk/vol1/fastq/ERR147/074/ERR14789274/ERR14789274_2.fastq.gz,,mmapbench
seqinspector_2297_ERR12329304,https://ftp.sra.ebi.ac.uk/vol1/fastq/ERR123/004/ERR12329304/ERR12329304_1.fastq.gz,https://ftp.sra.ebi.ac.uk/vol1/fastq/ERR123/004/ERR12329304/ERR12329304_2.fastq.gz,,mmapbench
seqinspector_2298_ERR2608423,https://ftp.sra.ebi.ac.uk/vol1/fastq/ERR260/003/ERR2608423/ERR2608423_1.fastq.gz,https://ftp.sra.ebi.ac.uk/vol1/fastq/ERR260/003/ERR2608423/ERR2608423_2.fastq.gz,,mmapbench
seqinspector_2299_ERR2608568,https://ftp.sra.ebi.ac.uk/vol1/fastq/ERR260/008/ERR2608568/ERR2608568_1.fastq.gz,https://ftp.sra.ebi.ac.uk/vol1/fastq/ERR260/008/ERR2608568/ERR2608568_2.fastq.gz,,mmapbench
seqinspector_2300_ERR14801730,https://ftp.sra.ebi.ac.uk/vol1/fastq/ERR148/030/ERR14801730/ERR14801730_1.fastq.gz,https://ftp.sra.ebi.ac.uk/vol1/fastq/ERR148/030/ERR14801730/ERR14801730_2.fastq.gz,,mmapbench
seqinspector_2301_ERR14036287,https://ftp.sra.ebi.ac.uk/vol1/fastq/ERR140/087/ERR14036287/ERR14036287_1.fastq.gz,https://ftp.sra.ebi.ac.uk/vol1/fastq/ERR140/087/ERR14036287/ERR14036287_2.fastq.gz,,mmapbench
seqinspector_2302_DRR446622,https://ftp.sra.ebi.ac.uk/vol1/fastq/DRR446/DRR446622/DRR446622_1.fastq.gz,https://ftp.sra.ebi.ac.uk/vol1/fastq/DRR446/DRR446622/DRR446622_2.fastq.gz,,mmapbench
seqinspector_2303_ERR14211519,https://ftp.sra.ebi.ac.uk/vol1/fastq/ERR142/019/ERR14211519/ERR14211519_1.fastq.gz,https://ftp.sra.ebi.ac.uk/vol1/fastq/ERR142/019/ERR14211519/ERR14211519_2.fastq.gz,,mmapbench
seqinspector_2304_ERR15563217,https://ftp.sra.ebi.ac.uk/vol1/fastq/ERR155/017/ERR15563217/ERR15563217_1.fastq.gz,https://ftp.sra.ebi.ac.uk/vol1/fastq/ERR155/017/ERR15563217/ERR15563217_2.fastq.gz,,mmapbench
seqinspector_2305_ERR12556560,https://ftp.sra.ebi.ac.uk/vol1/fastq/ERR125/060/ERR12556560/ERR12556560_1.fastq.gz,https://ftp.sra.ebi.ac.uk/vol1/fastq/ERR125/060/ERR12556560/ERR12556560_2.fastq.gz,,mmapbench
seqinspector_2306_ERR15418950,https://ftp.sra.ebi.ac.uk/vol1/fastq/ERR154/050/ERR15418950/ERR15418950_1.fastq.gz,https://ftp.sra.ebi.ac.uk/vol1/fastq/ERR154/050/ERR15418950/ERR15418950_2.fastq.gz,,mmapbench
seqinspector_2307_ERR3040697,https://ftp.sra.ebi.ac.uk/vol1/fastq/ERR304/007/ERR3040697/ERR3040697_1.fastq.gz,https://ftp.sra.ebi.ac.uk/vol1/fastq/ERR304/007/ERR3040697/ERR3040697_2.fastq.gz,,mmapbench
seqinspector_2308_ERR2608437,https://ftp.sra.ebi.ac.uk/vol1/fastq/ERR260/007/ERR2608437/ERR2608437_1.fastq.gz,https://ftp.sra.ebi.ac.uk/vol1/fastq/ERR260/007/ERR2608437/ERR2608437_2.fastq.gz,,mmapbench
seqinspector_2309_ERR16710181,https://ftp.sra.ebi.ac.uk/vol1/fastq/ERR167/081/ERR16710181/ERR16710181_1.fastq.gz,https://ftp.sra.ebi.ac.uk/vol1/fastq/ERR167/081/ERR16710181/ERR16710181_2.fastq.gz,,mmapbench
seqinspector_2310_ERR3969719,https://ftp.sra.ebi.ac.uk/vol1/fastq/ERR396/009/ERR3969719/ERR3969719_1.fastq.gz,https://ftp.sra.ebi.ac.uk/vol1/fastq/ERR396/009/ERR3969719/ERR3969719_2.fastq.gz,,mmapbench
seqinspector_2311_ERR2735960,https://ftp.sra.ebi.ac.uk/vol1/fastq/ERR273/000/ERR2735960/ERR2735960_1.fastq.gz,https://ftp.sra.ebi.ac.uk/vol1/fastq/ERR273/000/ERR2735960/ERR2735960_2.fastq.gz,,mmapbench
seqinspector_2312_ERR2608511,https://ftp.sra.ebi.ac.uk/vol1/fastq/ERR260/001/ERR2608511/ERR2608511_1.fastq.gz,https://ftp.sra.ebi.ac.uk/vol1/fastq/ERR260/001/ERR2608511/ERR2608511_2.fastq.gz,,mmapbench
seqinspector_2313_ERR10882331,https://ftp.sra.ebi.ac.uk/vol1/fastq/ERR108/031/ERR10882331/ERR10882331_1.fastq.gz,https://ftp.sra.ebi.ac.uk/vol1/fastq/ERR108/031/ERR10882331/ERR10882331_2.fastq.gz,,mmapbench
seqinspector_2314_ERR3769490,https://ftp.sra.ebi.ac.uk/vol1/fastq/ERR376/000/ERR3769490/ERR3769490_1.fastq.gz,https://ftp.sra.ebi.ac.uk/vol1/fastq/ERR376/000/ERR3769490/ERR3769490_2.fastq.gz,,mmapbench
seqinspector_2315_ERR2736017,https://ftp.sra.ebi.ac.uk/vol1/fastq/ERR273/007/ERR2736017/ERR2736017_1.fastq.gz,https://ftp.sra.ebi.ac.uk/vol1/fastq/ERR273/007/ERR2736017/ERR2736017_2.fastq.gz,,mmapbench
seqinspector_2316_ERR11669327,https://ftp.sra.ebi.ac.uk/vol1/fastq/ERR116/027/ERR11669327/ERR11669327_1.fastq.gz,https://ftp.sra.ebi.ac.uk/vol1/fastq/ERR116/027/ERR11669327/ERR11669327_2.fastq.gz,,mmapbench
seqinspector_2317_ERR12556242,https://ftp.sra.ebi.ac.uk/vol1/fastq/ERR125/042/ERR12556242/ERR12556242_1.fastq.gz,https://ftp.sra.ebi.ac.uk/vol1/fastq/ERR125/042/ERR12556242/ERR12556242_2.fastq.gz,,mmapbench
seqinspector_2318_ERR11020237,https://ftp.sra.ebi.ac.uk/vol1/fastq/ERR110/037/ERR11020237/ERR11020237_1.fastq.gz,https://ftp.sra.ebi.ac.uk/vol1/fastq/ERR110/037/ERR11020237/ERR11020237_2.fastq.gz,,mmapbench
seqinspector_2319_ERR2608412,https://ftp.sra.ebi.ac.uk/vol1/fastq/ERR260/002/ERR2608412/ERR2608412_1.fastq.gz,https://ftp.sra.ebi.ac.uk/vol1/fastq/ERR260/002/ERR2608412/ERR2608412_2.fastq.gz,,mmapbench
seqinspector_2320_ERR3839748,https://ftp.sra.ebi.ac.uk/vol1/fastq/ERR383/008/ERR3839748/ERR3839748_1.fastq.gz,https://ftp.sra.ebi.ac.uk/vol1/fastq/ERR383/008/ERR3839748/ERR3839748_2.fastq.gz,,mmapbench
seqinspector_2321_ERR14801358,https://ftp.sra.ebi.ac.uk/vol1/fastq/ERR148/058/ERR14801358/ERR14801358_1.fastq.gz,https://ftp.sra.ebi.ac.uk/vol1/fastq/ERR148/058/ERR14801358/ERR14801358_2.fastq.gz,,mmapbench
seqinspector_2322_ERR4407651,https://ftp.sra.ebi.ac.uk/vol1/fastq/ERR440/001/ERR4407651/ERR4407651_1.fastq.gz,https://ftp.sra.ebi.ac.uk/vol1/fastq/ERR440/001/ERR4407651/ERR4407651_2.fastq.gz,,mmapbench
seqinspector_2323_ERR10898290,https://ftp.sra.ebi.ac.uk/vol1/fastq/ERR108/090/ERR10898290/ERR10898290_1.fastq.gz,https://ftp.sra.ebi.ac.uk/vol1/fastq/ERR108/090/ERR10898290/ERR10898290_2.fastq.gz,,mmapbench
seqinspector_2324_ERR2863537,https://ftp.sra.ebi.ac.uk/vol1/fastq/ERR286/007/ERR2863537/ERR2863537_1.fastq.gz,https://ftp.sra.ebi.ac.uk/vol1/fastq/ERR286/007/ERR2863537/ERR2863537_2.fastq.gz,,mmapbench
seqinspector_2325_DRR636995,https://ftp.sra.ebi.ac.uk/vol1/fastq/DRR636/DRR636995/DRR636995_1.fastq.gz,https://ftp.sra.ebi.ac.uk/vol1/fastq/DRR636/DRR636995/DRR636995_2.fastq.gz,,mmapbench
seqinspector_2326_ERR14801785,https://ftp.sra.ebi.ac.uk/vol1/fastq/ERR148/085/ERR14801785/ERR14801785_1.fastq.gz,https://ftp.sra.ebi.ac.uk/vol1/fastq/ERR148/085/ERR14801785/ERR14801785_2.fastq.gz,,mmapbench
seqinspector_2327_ERR16908720,https://ftp.sra.ebi.ac.uk/vol1/fastq/ERR169/020/ERR16908720/ERR16908720_1.fastq.gz,https://ftp.sra.ebi.ac.uk/vol1/fastq/ERR169/020/ERR16908720/ERR16908720_2.fastq.gz,,mmapbench
seqinspector_2328_ERR10394967,https://ftp.sra.ebi.ac.uk/vol1/fastq/ERR103/067/ERR10394967/ERR10394967_1.fastq.gz,https://ftp.sra.ebi.ac.uk/vol1/fastq/ERR103/067/ERR10394967/ERR10394967_2.fastq.gz,,mmapbench
seqinspector_2329_ERR2281994,https://ftp.sra.ebi.ac.uk/vol1/fastq/ERR228/004/ERR2281994/ERR2281994_1.fastq.gz,https://ftp.sra.ebi.ac.uk/vol1/fastq/ERR228/004/ERR2281994/ERR2281994_2.fastq.gz,,mmapbench
seqinspector_2330_ERR2747520,https://ftp.sra.ebi.ac.uk/vol1/fastq/ERR274/000/ERR2747520/ERR2747520_1.fastq.gz,https://ftp.sra.ebi.ac.uk/vol1/fastq/ERR274/000/ERR2747520/ERR2747520_2.fastq.gz,,mmapbench
seqinspector_2331_ERR14386947,https://ftp.sra.ebi.ac.uk/vol1/fastq/ERR143/047/ERR14386947/ERR14386947_1.fastq.gz,https://ftp.sra.ebi.ac.uk/vol1/fastq/ERR143/047/ERR14386947/ERR14386947_2.fastq.gz,,mmapbench
seqinspector_2332_ERR2608420,https://ftp.sra.ebi.ac.uk/vol1/fastq/ERR260/000/ERR2608420/ERR2608420_1.fastq.gz,https://ftp.sra.ebi.ac.uk/vol1/fastq/ERR260/000/ERR2608420/ERR2608420_2.fastq.gz,,mmapbench
seqinspector_2333_ERR2608601,https://ftp.sra.ebi.ac.uk/vol1/fastq/ERR260/001/ERR2608601/ERR2608601_1.fastq.gz,https://ftp.sra.ebi.ac.uk/vol1/fastq/ERR260/001/ERR2608601/ERR2608601_2.fastq.gz,,mmapbench
seqinspector_2334_ERR2608255,https://ftp.sra.ebi.ac.uk/vol1/fastq/ERR260/005/ERR2608255/ERR2608255_1.fastq.gz,https://ftp.sra.ebi.ac.uk/vol1/fastq/ERR260/005/ERR2608255/ERR2608255_2.fastq.gz,,mmapbench
seqinspector_2335_ERR16709774,https://ftp.sra.ebi.ac.uk/vol1/fastq/ERR167/074/ERR16709774/ERR16709774_1.fastq.gz,https://ftp.sra.ebi.ac.uk/vol1/fastq/ERR167/074/ERR16709774/ERR16709774_2.fastq.gz,,mmapbench
seqinspector_2336_ERR16003933,https://ftp.sra.ebi.ac.uk/vol1/fastq/ERR160/033/ERR16003933/ERR16003933_1.fastq.gz,https://ftp.sra.ebi.ac.uk/vol1/fastq/ERR160/033/ERR16003933/ERR16003933_2.fastq.gz,,mmapbench
seqinspector_2337_ERR2736008,https://ftp.sra.ebi.ac.uk/vol1/fastq/ERR273/008/ERR2736008/ERR2736008_1.fastq.gz,https://ftp.sra.ebi.ac.uk/vol1/fastq/ERR273/008/ERR2736008/ERR2736008_2.fastq.gz,,mmapbench
seqinspector_2338_ERR2747501,https://ftp.sra.ebi.ac.uk/vol1/fastq/ERR274/001/ERR2747501/ERR2747501_1.fastq.gz,https://ftp.sra.ebi.ac.uk/vol1/fastq/ERR274/001/ERR2747501/ERR2747501_2.fastq.gz,,mmapbench
seqinspector_2339_ERR2608509,https://ftp.sra.ebi.ac.uk/vol1/fastq/ERR260/009/ERR2608509/ERR2608509_1.fastq.gz,https://ftp.sra.ebi.ac.uk/vol1/fastq/ERR260/009/ERR2608509/ERR2608509_2.fastq.gz,,mmapbench
seqinspector_2340_ERR3953920,https://ftp.sra.ebi.ac.uk/vol1/fastq/ERR395/000/ERR3953920/ERR3953920_1.fastq.gz,https://ftp.sra.ebi.ac.uk/vol1/fastq/ERR395/000/ERR3953920/ERR3953920_2.fastq.gz,,mmapbench
seqinspector_2341_ERR14789173,https://ftp.sra.ebi.ac.uk/vol1/fastq/ERR147/073/ERR14789173/ERR14789173_1.fastq.gz,https://ftp.sra.ebi.ac.uk/vol1/fastq/ERR147/073/ERR14789173/ERR14789173_2.fastq.gz,,mmapbench
seqinspector_2342_ERR16714282,https://ftp.sra.ebi.ac.uk/vol1/fastq/ERR167/082/ERR16714282/ERR16714282_1.fastq.gz,https://ftp.sra.ebi.ac.uk/vol1/fastq/ERR167/082/ERR16714282/ERR16714282_2.fastq.gz,,mmapbench
seqinspector_2343_ERR12555061,https://ftp.sra.ebi.ac.uk/vol1/fastq/ERR125/061/ERR12555061/ERR12555061_1.fastq.gz,https://ftp.sra.ebi.ac.uk/vol1/fastq/ERR125/061/ERR12555061/ERR12555061_2.fastq.gz,,mmapbench
seqinspector_2344_ERR10749759,https://ftp.sra.ebi.ac.uk/vol1/fastq/ERR107/059/ERR10749759/ERR10749759_1.fastq.gz,https://ftp.sra.ebi.ac.uk/vol1/fastq/ERR107/059/ERR10749759/ERR10749759_2.fastq.gz,,mmapbench
seqinspector_2345_ERR2736012,https://ftp.sra.ebi.ac.uk/vol1/fastq/ERR273/002/ERR2736012/ERR2736012_1.fastq.gz,https://ftp.sra.ebi.ac.uk/vol1/fastq/ERR273/002/ERR2736012/ERR2736012_2.fastq.gz,,mmapbench
seqinspector_2346_ERR11019908,https://ftp.sra.ebi.ac.uk/vol1/fastq/ERR110/008/ERR11019908/ERR11019908_1.fastq.gz,https://ftp.sra.ebi.ac.uk/vol1/fastq/ERR110/008/ERR11019908/ERR11019908_2.fastq.gz,,mmapbench
seqinspector_2347_ERR16718350,https://ftp.sra.ebi.ac.uk/vol1/fastq/ERR167/050/ERR16718350/ERR16718350_1.fastq.gz,https://ftp.sra.ebi.ac.uk/vol1/fastq/ERR167/050/ERR16718350/ERR16718350_2.fastq.gz,,mmapbench
seqinspector_2348_ERR11489500,https://ftp.sra.ebi.ac.uk/vol1/fastq/ERR114/000/ERR11489500/ERR11489500_1.fastq.gz,https://ftp.sra.ebi.ac.uk/vol1/fastq/ERR114/000/ERR11489500/ERR11489500_2.fastq.gz,,mmapbench
seqinspector_2349_ERR2608417,https://ftp.sra.ebi.ac.uk/vol1/fastq/ERR260/007/ERR2608417/ERR2608417_1.fastq.gz,https://ftp.sra.ebi.ac.uk/vol1/fastq/ERR260/007/ERR2608417/ERR2608417_2.fastq.gz,,mmapbench
seqinspector_2350_ERR15564098,https://ftp.sra.ebi.ac.uk/vol1/fastq/ERR155/098/ERR15564098/ERR15564098_1.fastq.gz,https://ftp.sra.ebi.ac.uk/vol1/fastq/ERR155/098/ERR15564098/ERR15564098_2.fastq.gz,,mmapbench
seqinspector_2351_ERR12520315,https://ftp.sra.ebi.ac.uk/vol1/fastq/ERR125/015/ERR12520315/ERR12520315_1.fastq.gz,https://ftp.sra.ebi.ac.uk/vol1/fastq/ERR125/015/ERR12520315/ERR12520315_2.fastq.gz,,mmapbench
seqinspector_2352_ERR2608250,https://ftp.sra.ebi.ac.uk/vol1/fastq/ERR260/000/ERR2608250/ERR2608250_1.fastq.gz,https://ftp.sra.ebi.ac.uk/vol1/fastq/ERR260/000/ERR2608250/ERR2608250_2.fastq.gz,,mmapbench
seqinspector_2353_ERR10394925,https://ftp.sra.ebi.ac.uk/vol1/fastq/ERR103/025/ERR10394925/ERR10394925_1.fastq.gz,https://ftp.sra.ebi.ac.uk/vol1/fastq/ERR103/025/ERR10394925/ERR10394925_2.fastq.gz,,mmapbench
seqinspector_2354_ERR16010113,https://ftp.sra.ebi.ac.uk/vol1/fastq/ERR160/013/ERR16010113/ERR16010113_1.fastq.gz,https://ftp.sra.ebi.ac.uk/vol1/fastq/ERR160/013/ERR16010113/ERR16010113_2.fastq.gz,,mmapbench
seqinspector_2355_ERR14789031,https://ftp.sra.ebi.ac.uk/vol1/fastq/ERR147/031/ERR14789031/ERR14789031_1.fastq.gz,https://ftp.sra.ebi.ac.uk/vol1/fastq/ERR147/031/ERR14789031/ERR14789031_2.fastq.gz,,mmapbench
seqinspector_2356_ERR3061543,https://ftp.sra.ebi.ac.uk/vol1/fastq/ERR306/003/ERR3061543/ERR3061543_1.fastq.gz,https://ftp.sra.ebi.ac.uk/vol1/fastq/ERR306/003/ERR3061543/ERR3061543_2.fastq.gz,,mmapbench
seqinspector_2357_ERR14927622,https://ftp.sra.ebi.ac.uk/vol1/fastq/ERR149/022/ERR14927622/ERR14927622_1.fastq.gz,https://ftp.sra.ebi.ac.uk/vol1/fastq/ERR149/022/ERR14927622/ERR14927622_2.fastq.gz,,mmapbench
seqinspector_2358_ERR12520341,https://ftp.sra.ebi.ac.uk/vol1/fastq/ERR125/041/ERR12520341/ERR12520341_1.fastq.gz,https://ftp.sra.ebi.ac.uk/vol1/fastq/ERR125/041/ERR12520341/ERR12520341_2.fastq.gz,,mmapbench
seqinspector_2359_ERR12032957,https://ftp.sra.ebi.ac.uk/vol1/fastq/ERR120/057/ERR12032957/ERR12032957_1.fastq.gz,https://ftp.sra.ebi.ac.uk/vol1/fastq/ERR120/057/ERR12032957/ERR12032957_2.fastq.gz,,mmapbench
seqinspector_2360_ERR3769656,https://ftp.sra.ebi.ac.uk/vol1/fastq/ERR376/006/ERR3769656/ERR3769656_1.fastq.gz,https://ftp.sra.ebi.ac.uk/vol1/fastq/ERR376/006/ERR3769656/ERR3769656_2.fastq.gz,,mmapbench
seqinspector_2361_ERR13392117,https://ftp.sra.ebi.ac.uk/vol1/fastq/ERR133/017/ERR13392117/ERR13392117_1.fastq.gz,https://ftp.sra.ebi.ac.uk/vol1/fastq/ERR133/017/ERR13392117/ERR13392117_2.fastq.gz,,mmapbench
seqinspector_2362_ERR14999479,https://ftp.sra.ebi.ac.uk/vol1/fastq/ERR149/079/ERR14999479/ERR14999479_1.fastq.gz,https://ftp.sra.ebi.ac.uk/vol1/fastq/ERR149/079/ERR14999479/ERR14999479_2.fastq.gz,,mmapbench
seqinspector_2363_ERR14788943,https://ftp.sra.ebi.ac.uk/vol1/fastq/ERR147/043/ERR14788943/ERR14788943_1.fastq.gz,https://ftp.sra.ebi.ac.uk/vol1/fastq/ERR147/043/ERR14788943/ERR14788943_2.fastq.gz,,mmapbench
seqinspector_2364_ERR3955582,https://ftp.sra.ebi.ac.uk/vol1/fastq/ERR395/002/ERR3955582/ERR3955582_1.fastq.gz,https://ftp.sra.ebi.ac.uk/vol1/fastq/ERR395/002/ERR3955582/ERR3955582_2.fastq.gz,,mmapbench
seqinspector_2365_ERR3769691,https://ftp.sra.ebi.ac.uk/vol1/fastq/ERR376/001/ERR3769691/ERR3769691_1.fastq.gz,https://ftp.sra.ebi.ac.uk/vol1/fastq/ERR376/001/ERR3769691/ERR3769691_2.fastq.gz,,mmapbench
seqinspector_2366_ERR12520207,https://ftp.sra.ebi.ac.uk/vol1/fastq/ERR125/007/ERR12520207/ERR12520207_1.fastq.gz,https://ftp.sra.ebi.ac.uk/vol1/fastq/ERR125/007/ERR12520207/ERR12520207_2.fastq.gz,,mmapbench
seqinspector_2367_ERR16729305,https://ftp.sra.ebi.ac.uk/vol1/fastq/ERR167/005/ERR16729305/ERR16729305_1.fastq.gz,https://ftp.sra.ebi.ac.uk/vol1/fastq/ERR167/005/ERR16729305/ERR16729305_2.fastq.gz,,mmapbench
seqinspector_2368_ERR12308576,https://ftp.sra.ebi.ac.uk/vol1/fastq/ERR123/076/ERR12308576/ERR12308576_1.fastq.gz,https://ftp.sra.ebi.ac.uk/vol1/fastq/ERR123/076/ERR12308576/ERR12308576_2.fastq.gz,,mmapbench
seqinspector_2369_ERR12316809,https://ftp.sra.ebi.ac.uk/vol1/fastq/ERR123/009/ERR12316809/ERR12316809_1.fastq.gz,https://ftp.sra.ebi.ac.uk/vol1/fastq/ERR123/009/ERR12316809/ERR12316809_2.fastq.gz,,mmapbench
seqinspector_2370_ERR14789455,https://ftp.sra.ebi.ac.uk/vol1/fastq/ERR147/055/ERR14789455/ERR14789455_1.fastq.gz,https://ftp.sra.ebi.ac.uk/vol1/fastq/ERR147/055/ERR14789455/ERR14789455_2.fastq.gz,,mmapbench
seqinspector_2371_ERR10897665,https://ftp.sra.ebi.ac.uk/vol1/fastq/ERR108/065/ERR10897665/ERR10897665_1.fastq.gz,https://ftp.sra.ebi.ac.uk/vol1/fastq/ERR108/065/ERR10897665/ERR10897665_2.fastq.gz,,mmapbench
seqinspector_2372_ERR3769463,https://ftp.sra.ebi.ac.uk/vol1/fastq/ERR376/003/ERR3769463/ERR3769463_1.fastq.gz,https://ftp.sra.ebi.ac.uk/vol1/fastq/ERR376/003/ERR3769463/ERR3769463_2.fastq.gz,,mmapbench
seqinspector_2373_ERR2281990,https://ftp.sra.ebi.ac.uk/vol1/fastq/ERR228/000/ERR2281990/ERR2281990_1.fastq.gz,https://ftp.sra.ebi.ac.uk/vol1/fastq/ERR228/000/ERR2281990/ERR2281990_2.fastq.gz,,mmapbench
seqinspector_2374_ERR10745296,https://ftp.sra.ebi.ac.uk/vol1/fastq/ERR107/096/ERR10745296/ERR10745296_1.fastq.gz,https://ftp.sra.ebi.ac.uk/vol1/fastq/ERR107/096/ERR10745296/ERR10745296_2.fastq.gz,,mmapbench
seqinspector_2375_ERR2281992,https://ftp.sra.ebi.ac.uk/vol1/fastq/ERR228/002/ERR2281992/ERR2281992_1.fastq.gz,https://ftp.sra.ebi.ac.uk/vol1/fastq/ERR228/002/ERR2281992/ERR2281992_2.fastq.gz,,mmapbench
seqinspector_2376_ERR16729941,https://ftp.sra.ebi.ac.uk/vol1/fastq/ERR167/041/ERR16729941/ERR16729941_1.fastq.gz,https://ftp.sra.ebi.ac.uk/vol1/fastq/ERR167/041/ERR16729941/ERR16729941_2.fastq.gz,,mmapbench
seqinspector_2377_ERR4228465,https://ftp.sra.ebi.ac.uk/vol1/fastq/ERR422/005/ERR4228465/ERR4228465_1.fastq.gz,https://ftp.sra.ebi.ac.uk/vol1/fastq/ERR422/005/ERR4228465/ERR4228465_2.fastq.gz,,mmapbench
seqinspector_2378_ERR10123848,https://ftp.sra.ebi.ac.uk/vol1/fastq/ERR101/048/ERR10123848/ERR10123848_1.fastq.gz,https://ftp.sra.ebi.ac.uk/vol1/fastq/ERR101/048/ERR10123848/ERR10123848_2.fastq.gz,,mmapbench
seqinspector_2379_ERR11489404,https://ftp.sra.ebi.ac.uk/vol1/fastq/ERR114/004/ERR11489404/ERR11489404_1.fastq.gz,https://ftp.sra.ebi.ac.uk/vol1/fastq/ERR114/004/ERR11489404/ERR11489404_2.fastq.gz,,mmapbench
seqinspector_2380_ERR14211032,https://ftp.sra.ebi.ac.uk/vol1/fastq/ERR142/032/ERR14211032/ERR14211032_1.fastq.gz,https://ftp.sra.ebi.ac.uk/vol1/fastq/ERR142/032/ERR14211032/ERR14211032_2.fastq.gz,,mmapbench
seqinspector_2381_ERR3061638,https://ftp.sra.ebi.ac.uk/vol1/fastq/ERR306/008/ERR3061638/ERR3061638_1.fastq.gz,https://ftp.sra.ebi.ac.uk/vol1/fastq/ERR306/008/ERR3061638/ERR3061638_2.fastq.gz,,mmapbench
seqinspector_2382_DRR777395,https://ftp.sra.ebi.ac.uk/vol1/fastq/DRR777/DRR777395/DRR777395_1.fastq.gz,https://ftp.sra.ebi.ac.uk/vol1/fastq/DRR777/DRR777395/DRR777395_2.fastq.gz,,mmapbench
seqinspector_2383_ERR14802388,https://ftp.sra.ebi.ac.uk/vol1/fastq/ERR148/088/ERR14802388/ERR14802388_1.fastq.gz,https://ftp.sra.ebi.ac.uk/vol1/fastq/ERR148/088/ERR14802388/ERR14802388_2.fastq.gz,,mmapbench
seqinspector_2384_ERR2608189,https://ftp.sra.ebi.ac.uk/vol1/fastq/ERR260/009/ERR2608189/ERR2608189_1.fastq.gz,https://ftp.sra.ebi.ac.uk/vol1/fastq/ERR260/009/ERR2608189/ERR2608189_2.fastq.gz,,mmapbench
seqinspector_2385_ERR15668814,https://ftp.sra.ebi.ac.uk/vol1/fastq/ERR156/014/ERR15668814/ERR15668814_1.fastq.gz,https://ftp.sra.ebi.ac.uk/vol1/fastq/ERR156/014/ERR15668814/ERR15668814_2.fastq.gz,,mmapbench
seqinspector_2386_ERR3670890,https://ftp.sra.ebi.ac.uk/vol1/fastq/ERR367/000/ERR3670890/ERR3670890_1.fastq.gz,https://ftp.sra.ebi.ac.uk/vol1/fastq/ERR367/000/ERR3670890/ERR3670890_2.fastq.gz,,mmapbench
seqinspector_2387_ERR16722728,https://ftp.sra.ebi.ac.uk/vol1/fastq/ERR167/028/ERR16722728/ERR16722728_1.fastq.gz,https://ftp.sra.ebi.ac.uk/vol1/fastq/ERR167/028/ERR16722728/ERR16722728_2.fastq.gz,,mmapbench
seqinspector_2388_ERR2608199,https://ftp.sra.ebi.ac.uk/vol1/fastq/ERR260/009/ERR2608199/ERR2608199_1.fastq.gz,https://ftp.sra.ebi.ac.uk/vol1/fastq/ERR260/009/ERR2608199/ERR2608199_2.fastq.gz,,mmapbench
seqinspector_2389_DRR777389,https://ftp.sra.ebi.ac.uk/vol1/fastq/DRR777/DRR777389/DRR777389_1.fastq.gz,https://ftp.sra.ebi.ac.uk/vol1/fastq/DRR777/DRR777389/DRR777389_2.fastq.gz,,mmapbench
seqinspector_2390_ERR2863493,https://ftp.sra.ebi.ac.uk/vol1/fastq/ERR286/003/ERR2863493/ERR2863493_1.fastq.gz,https://ftp.sra.ebi.ac.uk/vol1/fastq/ERR286/003/ERR2863493/ERR2863493_2.fastq.gz,,mmapbench
seqinspector_2391_ERR2608264,https://ftp.sra.ebi.ac.uk/vol1/fastq/ERR260/004/ERR2608264/ERR2608264_1.fastq.gz,https://ftp.sra.ebi.ac.uk/vol1/fastq/ERR260/004/ERR2608264/ERR2608264_2.fastq.gz,,mmapbench
seqinspector_2392_ERR3970953,https://ftp.sra.ebi.ac.uk/vol1/fastq/ERR397/003/ERR3970953/ERR3970953_1.fastq.gz,https://ftp.sra.ebi.ac.uk/vol1/fastq/ERR397/003/ERR3970953/ERR3970953_2.fastq.gz,,mmapbench
seqinspector_2393_ERR12032707,https://ftp.sra.ebi.ac.uk/vol1/fastq/ERR120/007/ERR12032707/ERR12032707_1.fastq.gz,https://ftp.sra.ebi.ac.uk/vol1/fastq/ERR120/007/ERR12032707/ERR12032707_2.fastq.gz,,mmapbench
seqinspector_2394_ERR11768980,https://ftp.sra.ebi.ac.uk/vol1/fastq/ERR117/080/ERR11768980/ERR11768980_1.fastq.gz,https://ftp.sra.ebi.ac.uk/vol1/fastq/ERR117/080/ERR11768980/ERR11768980_2.fastq.gz,,mmapbench
seqinspector_2395_ERR14195177,https://ftp.sra.ebi.ac.uk/vol1/fastq/ERR141/077/ERR14195177/ERR14195177_1.fastq.gz,https://ftp.sra.ebi.ac.uk/vol1/fastq/ERR141/077/ERR14195177/ERR14195177_2.fastq.gz,,mmapbench
seqinspector_2396_ERR14211323,https://ftp.sra.ebi.ac.uk/vol1/fastq/ERR142/023/ERR14211323/ERR14211323_1.fastq.gz,https://ftp.sra.ebi.ac.uk/vol1/fastq/ERR142/023/ERR14211323/ERR14211323_2.fastq.gz,,mmapbench
seqinspector_2397_ERR14048680,https://ftp.sra.ebi.ac.uk/vol1/fastq/ERR140/080/ERR14048680/ERR14048680_1.fastq.gz,https://ftp.sra.ebi.ac.uk/vol1/fastq/ERR140/080/ERR14048680/ERR14048680_2.fastq.gz,,mmapbench
seqinspector_2398_ERR14194878,https://ftp.sra.ebi.ac.uk/vol1/fastq/ERR141/078/ERR14194878/ERR14194878_1.fastq.gz,https://ftp.sra.ebi.ac.uk/vol1/fastq/ERR141/078/ERR14194878/ERR14194878_2.fastq.gz,,mmapbench
seqinspector_2399_ERR14211024,https://ftp.sra.ebi.ac.uk/vol1/fastq/ERR142/024/ERR14211024/ERR14211024_1.fastq.gz,https://ftp.sra.ebi.ac.uk/vol1/fastq/ERR142/024/ERR14211024/ERR14211024_2.fastq.gz,,mmapbench
seqinspector_2400_ERR16043158,https://ftp.sra.ebi.ac.uk/vol1/fastq/ERR160/058/ERR16043158/ERR16043158_1.fastq.gz,https://ftp.sra.ebi.ac.uk/vol1/fastq/ERR160/058/ERR16043158/ERR16043158_2.fastq.gz,,mmapbench
seqinspector_2401_ERR2182445,https://ftp.sra.ebi.ac.uk/vol1/fastq/ERR218/005/ERR2182445/ERR2182445_1.fastq.gz,https://ftp.sra.ebi.ac.uk/vol1/fastq/ERR218/005/ERR2182445/ERR2182445_2.fastq.gz,,mmapbench
seqinspector_2402_ERR11019448,https://ftp.sra.ebi.ac.uk/vol1/fastq/ERR110/048/ERR11019448/ERR11019448_1.fastq.gz,https://ftp.sra.ebi.ac.uk/vol1/fastq/ERR110/048/ERR11019448/ERR11019448_2.fastq.gz,,mmapbench
seqinspector_2403_ERR14801758,https://ftp.sra.ebi.ac.uk/vol1/fastq/ERR148/058/ERR14801758/ERR14801758_1.fastq.gz,https://ftp.sra.ebi.ac.uk/vol1/fastq/ERR148/058/ERR14801758/ERR14801758_2.fastq.gz,,mmapbench
seqinspector_2404_ERR12419458,https://ftp.sra.ebi.ac.uk/vol1/fastq/ERR124/058/ERR12419458/ERR12419458_1.fastq.gz,https://ftp.sra.ebi.ac.uk/vol1/fastq/ERR124/058/ERR12419458/ERR12419458_2.fastq.gz,,mmapbench
seqinspector_2405_ERR3955195,https://ftp.sra.ebi.ac.uk/vol1/fastq/ERR395/005/ERR3955195/ERR3955195_1.fastq.gz,https://ftp.sra.ebi.ac.uk/vol1/fastq/ERR395/005/ERR3955195/ERR3955195_2.fastq.gz,,mmapbench
seqinspector_2406_ERR12828092,https://ftp.sra.ebi.ac.uk/vol1/fastq/ERR128/092/ERR12828092/ERR12828092_1.fastq.gz,https://ftp.sra.ebi.ac.uk/vol1/fastq/ERR128/092/ERR12828092/ERR12828092_2.fastq.gz,,mmapbench
seqinspector_2407_ERR14195364,https://ftp.sra.ebi.ac.uk/vol1/fastq/ERR141/064/ERR14195364/ERR14195364_1.fastq.gz,https://ftp.sra.ebi.ac.uk/vol1/fastq/ERR141/064/ERR14195364/ERR14195364_2.fastq.gz,,mmapbench
seqinspector_2408_ERR14211510,https://ftp.sra.ebi.ac.uk/vol1/fastq/ERR142/010/ERR14211510/ERR14211510_1.fastq.gz,https://ftp.sra.ebi.ac.uk/vol1/fastq/ERR142/010/ERR14211510/ERR14211510_2.fastq.gz,,mmapbench
seqinspector_2409_ERR14789300,https://ftp.sra.ebi.ac.uk/vol1/fastq/ERR147/000/ERR14789300/ERR14789300_1.fastq.gz,https://ftp.sra.ebi.ac.uk/vol1/fastq/ERR147/000/ERR14789300/ERR14789300_2.fastq.gz,,mmapbench
seqinspector_2410_ERR2608260,https://ftp.sra.ebi.ac.uk/vol1/fastq/ERR260/000/ERR2608260/ERR2608260_1.fastq.gz,https://ftp.sra.ebi.ac.uk/vol1/fastq/ERR260/000/ERR2608260/ERR2608260_2.fastq.gz,,mmapbench
seqinspector_2411_ERR14195166,https://ftp.sra.ebi.ac.uk/vol1/fastq/ERR141/066/ERR14195166/ERR14195166_1.fastq.gz,https://ftp.sra.ebi.ac.uk/vol1/fastq/ERR141/066/ERR14195166/ERR14195166_2.fastq.gz,,mmapbench
seqinspector_2412_ERR14854701,https://ftp.sra.ebi.ac.uk/vol1/fastq/ERR148/001/ERR14854701/ERR14854701_1.fastq.gz,https://ftp.sra.ebi.ac.uk/vol1/fastq/ERR148/001/ERR14854701/ERR14854701_2.fastq.gz,,mmapbench
seqinspector_2413_ERR12219933,https://ftp.sra.ebi.ac.uk/vol1/fastq/ERR122/033/ERR12219933/ERR12219933_1.fastq.gz,https://ftp.sra.ebi.ac.uk/vol1/fastq/ERR122/033/ERR12219933/ERR12219933_2.fastq.gz,,mmapbench
seqinspector_2414_ERR13391147,https://ftp.sra.ebi.ac.uk/vol1/fastq/ERR133/047/ERR13391147/ERR13391147_1.fastq.gz,https://ftp.sra.ebi.ac.uk/vol1/fastq/ERR133/047/ERR13391147/ERR13391147_2.fastq.gz,,mmapbench
seqinspector_2415_ERR14802677,https://ftp.sra.ebi.ac.uk/vol1/fastq/ERR148/077/ERR14802677/ERR14802677_1.fastq.gz,https://ftp.sra.ebi.ac.uk/vol1/fastq/ERR148/077/ERR14802677/ERR14802677_2.fastq.gz,,mmapbench
seqinspector_2416_ERR3955512,https://ftp.sra.ebi.ac.uk/vol1/fastq/ERR395/002/ERR3955512/ERR3955512_1.fastq.gz,https://ftp.sra.ebi.ac.uk/vol1/fastq/ERR395/002/ERR3955512/ERR3955512_2.fastq.gz,,mmapbench
seqinspector_2417_ERR3769518,https://ftp.sra.ebi.ac.uk/vol1/fastq/ERR376/008/ERR3769518/ERR3769518_1.fastq.gz,https://ftp.sra.ebi.ac.uk/vol1/fastq/ERR376/008/ERR3769518/ERR3769518_2.fastq.gz,,mmapbench
seqinspector_2418_ERR11489472,https://ftp.sra.ebi.ac.uk/vol1/fastq/ERR114/072/ERR11489472/ERR11489472_1.fastq.gz,https://ftp.sra.ebi.ac.uk/vol1/fastq/ERR114/072/ERR11489472/ERR11489472_2.fastq.gz,,mmapbench
seqinspector_2419_DRR735472,https://ftp.sra.ebi.ac.uk/vol1/fastq/DRR735/DRR735472/DRR735472_1.fastq.gz,https://ftp.sra.ebi.ac.uk/vol1/fastq/DRR735/DRR735472/DRR735472_2.fastq.gz,,mmapbench
seqinspector_2420_ERR12032961,https://ftp.sra.ebi.ac.uk/vol1/fastq/ERR120/061/ERR12032961/ERR12032961_1.fastq.gz,https://ftp.sra.ebi.ac.uk/vol1/fastq/ERR120/061/ERR12032961/ERR12032961_2.fastq.gz,,mmapbench
seqinspector_2421_ERR2608305,https://ftp.sra.ebi.ac.uk/vol1/fastq/ERR260/005/ERR2608305/ERR2608305_1.fastq.gz,https://ftp.sra.ebi.ac.uk/vol1/fastq/ERR260/005/ERR2608305/ERR2608305_2.fastq.gz,,mmapbench
seqinspector_2422_ERR3903884,https://ftp.sra.ebi.ac.uk/vol1/fastq/ERR390/004/ERR3903884/ERR3903884_1.fastq.gz,https://ftp.sra.ebi.ac.uk/vol1/fastq/ERR390/004/ERR3903884/ERR3903884_2.fastq.gz,,mmapbench
seqinspector_2423_ERR3903851,https://ftp.sra.ebi.ac.uk/vol1/fastq/ERR390/001/ERR3903851/ERR3903851_1.fastq.gz,https://ftp.sra.ebi.ac.uk/vol1/fastq/ERR390/001/ERR3903851/ERR3903851_2.fastq.gz,,mmapbench
seqinspector_2424_ERR4228464,https://ftp.sra.ebi.ac.uk/vol1/fastq/ERR422/004/ERR4228464/ERR4228464_1.fastq.gz,https://ftp.sra.ebi.ac.uk/vol1/fastq/ERR422/004/ERR4228464/ERR4228464_2.fastq.gz,,mmapbench
seqinspector_2425_ERR15135907,https://ftp.sra.ebi.ac.uk/vol1/fastq/ERR151/007/ERR15135907/ERR15135907_1.fastq.gz,https://ftp.sra.ebi.ac.uk/vol1/fastq/ERR151/007/ERR15135907/ERR15135907_2.fastq.gz,,mmapbench
seqinspector_2426_ERR11627457,https://ftp.sra.ebi.ac.uk/vol1/fastq/ERR116/057/ERR11627457/ERR11627457_1.fastq.gz,https://ftp.sra.ebi.ac.uk/vol1/fastq/ERR116/057/ERR11627457/ERR11627457_2.fastq.gz,,mmapbench
seqinspector_2427_ERR10881811,https://ftp.sra.ebi.ac.uk/vol1/fastq/ERR108/011/ERR10881811/ERR10881811_1.fastq.gz,https://ftp.sra.ebi.ac.uk/vol1/fastq/ERR108/011/ERR10881811/ERR10881811_2.fastq.gz,,mmapbench
seqinspector_2428_ERR14953732,https://ftp.sra.ebi.ac.uk/vol1/fastq/ERR149/032/ERR14953732/ERR14953732_1.fastq.gz,https://ftp.sra.ebi.ac.uk/vol1/fastq/ERR149/032/ERR14953732/ERR14953732_2.fastq.gz,,mmapbench
seqinspector_2429_ERR14211482,https://ftp.sra.ebi.ac.uk/vol1/fastq/ERR142/082/ERR14211482/ERR14211482_1.fastq.gz,https://ftp.sra.ebi.ac.uk/vol1/fastq/ERR142/082/ERR14211482/ERR14211482_2.fastq.gz,,mmapbench
seqinspector_2430_ERR14195336,https://ftp.sra.ebi.ac.uk/vol1/fastq/ERR141/036/ERR14195336/ERR14195336_1.fastq.gz,https://ftp.sra.ebi.ac.uk/vol1/fastq/ERR141/036/ERR14195336/ERR14195336_2.fastq.gz,,mmapbench
seqinspector_2431_ERR13391648,https://ftp.sra.ebi.ac.uk/vol1/fastq/ERR133/048/ERR13391648/ERR13391648_1.fastq.gz,https://ftp.sra.ebi.ac.uk/vol1/fastq/ERR133/048/ERR13391648/ERR13391648_2.fastq.gz,,mmapbench
seqinspector_2432_ERR1056312,https://ftp.sra.ebi.ac.uk/vol1/fastq/ERR105/002/ERR1056312/ERR1056312_1.fastq.gz,https://ftp.sra.ebi.ac.uk/vol1/fastq/ERR105/002/ERR1056312/ERR1056312_2.fastq.gz,,mmapbench
seqinspector_2433_ERR16782835,https://ftp.sra.ebi.ac.uk/vol1/fastq/ERR167/035/ERR16782835/ERR16782835_1.fastq.gz,https://ftp.sra.ebi.ac.uk/vol1/fastq/ERR167/035/ERR16782835/ERR16782835_2.fastq.gz,,mmapbench
seqinspector_2434_ERR13391262,https://ftp.sra.ebi.ac.uk/vol1/fastq/ERR133/062/ERR13391262/ERR13391262_1.fastq.gz,https://ftp.sra.ebi.ac.uk/vol1/fastq/ERR133/062/ERR13391262/ERR13391262_2.fastq.gz,,mmapbench
seqinspector_2435_ERR14195755,https://ftp.sra.ebi.ac.uk/vol1/fastq/ERR141/055/ERR14195755/ERR14195755_1.fastq.gz,https://ftp.sra.ebi.ac.uk/vol1/fastq/ERR141/055/ERR14195755/ERR14195755_2.fastq.gz,,mmapbench
seqinspector_2436_ERR2608318,https://ftp.sra.ebi.ac.uk/vol1/fastq/ERR260/008/ERR2608318/ERR2608318_1.fastq.gz,https://ftp.sra.ebi.ac.uk/vol1/fastq/ERR260/008/ERR2608318/ERR2608318_2.fastq.gz,,mmapbench
seqinspector_2437_ERR12316845,https://ftp.sra.ebi.ac.uk/vol1/fastq/ERR123/045/ERR12316845/ERR12316845_1.fastq.gz,https://ftp.sra.ebi.ac.uk/vol1/fastq/ERR123/045/ERR12316845/ERR12316845_2.fastq.gz,,mmapbench
seqinspector_2438_ERR2608237,https://ftp.sra.ebi.ac.uk/vol1/fastq/ERR260/007/ERR2608237/ERR2608237_1.fastq.gz,https://ftp.sra.ebi.ac.uk/vol1/fastq/ERR260/007/ERR2608237/ERR2608237_2.fastq.gz,,mmapbench
seqinspector_2439_ERR2608325,https://ftp.sra.ebi.ac.uk/vol1/fastq/ERR260/005/ERR2608325/ERR2608325_1.fastq.gz,https://ftp.sra.ebi.ac.uk/vol1/fastq/ERR260/005/ERR2608325/ERR2608325_2.fastq.gz,,mmapbench
seqinspector_2440_ERR10898185,https://ftp.sra.ebi.ac.uk/vol1/fastq/ERR108/085/ERR10898185/ERR10898185_1.fastq.gz,https://ftp.sra.ebi.ac.uk/vol1/fastq/ERR108/085/ERR10898185/ERR10898185_2.fastq.gz,,mmapbench
seqinspector_2441_ERR14195595,https://ftp.sra.ebi.ac.uk/vol1/fastq/ERR141/095/ERR14195595/ERR14195595_1.fastq.gz,https://ftp.sra.ebi.ac.uk/vol1/fastq/ERR141/095/ERR14195595/ERR14195595_2.fastq.gz,,mmapbench
seqinspector_2442_ERR10898164,https://ftp.sra.ebi.ac.uk/vol1/fastq/ERR108/064/ERR10898164/ERR10898164_1.fastq.gz,https://ftp.sra.ebi.ac.uk/vol1/fastq/ERR108/064/ERR10898164/ERR10898164_2.fastq.gz,,mmapbench
seqinspector_2443_ERR3726464,https://ftp.sra.ebi.ac.uk/vol1/fastq/ERR372/004/ERR3726464/ERR3726464_1.fastq.gz,https://ftp.sra.ebi.ac.uk/vol1/fastq/ERR372/004/ERR3726464/ERR3726464_2.fastq.gz,,mmapbench
seqinspector_2444_ERR2608267,https://ftp.sra.ebi.ac.uk/vol1/fastq/ERR260/007/ERR2608267/ERR2608267_1.fastq.gz,https://ftp.sra.ebi.ac.uk/vol1/fastq/ERR260/007/ERR2608267/ERR2608267_2.fastq.gz,,mmapbench
seqinspector_2445_ERR3726538,https://ftp.sra.ebi.ac.uk/vol1/fastq/ERR372/008/ERR3726538/ERR3726538_1.fastq.gz,https://ftp.sra.ebi.ac.uk/vol1/fastq/ERR372/008/ERR3726538/ERR3726538_2.fastq.gz,,mmapbench
seqinspector_2446_ERR2608402,https://ftp.sra.ebi.ac.uk/vol1/fastq/ERR260/002/ERR2608402/ERR2608402_1.fastq.gz,https://ftp.sra.ebi.ac.uk/vol1/fastq/ERR260/002/ERR2608402/ERR2608402_2.fastq.gz,,mmapbench
seqinspector_2447_ERR12556576,https://ftp.sra.ebi.ac.uk/vol1/fastq/ERR125/076/ERR12556576/ERR12556576_1.fastq.gz,https://ftp.sra.ebi.ac.uk/vol1/fastq/ERR125/076/ERR12556576/ERR12556576_2.fastq.gz,,mmapbench
seqinspector_2448_DRR774202,https://ftp.sra.ebi.ac.uk/vol1/fastq/DRR774/DRR774202/DRR774202_1.fastq.gz,https://ftp.sra.ebi.ac.uk/vol1/fastq/DRR774/DRR774202/DRR774202_2.fastq.gz,,mmapbench
seqinspector_2449_ERR16093436,https://ftp.sra.ebi.ac.uk/vol1/fastq/ERR160/036/ERR16093436/ERR16093436_1.fastq.gz,https://ftp.sra.ebi.ac.uk/vol1/fastq/ERR160/036/ERR16093436/ERR16093436_2.fastq.gz,,mmapbench
seqinspector_2450_ERR2747518,https://ftp.sra.ebi.ac.uk/vol1/fastq/ERR274/008/ERR2747518/ERR2747518_1.fastq.gz,https://ftp.sra.ebi.ac.uk/vol1/fastq/ERR274/008/ERR2747518/ERR2747518_2.fastq.gz,,mmapbench
seqinspector_2451_ERR14211792,https://ftp.sra.ebi.ac.uk/vol1/fastq/ERR142/092/ERR14211792/ERR14211792_1.fastq.gz,https://ftp.sra.ebi.ac.uk/vol1/fastq/ERR142/092/ERR14211792/ERR14211792_2.fastq.gz,,mmapbench
seqinspector_2452_ERR16714785,https://ftp.sra.ebi.ac.uk/vol1/fastq/ERR167/085/ERR16714785/ERR16714785_1.fastq.gz,https://ftp.sra.ebi.ac.uk/vol1/fastq/ERR167/085/ERR16714785/ERR16714785_2.fastq.gz,,mmapbench
seqinspector_2453_ERR11456215,https://ftp.sra.ebi.ac.uk/vol1/fastq/ERR114/015/ERR11456215/ERR11456215_1.fastq.gz,https://ftp.sra.ebi.ac.uk/vol1/fastq/ERR114/015/ERR11456215/ERR11456215_2.fastq.gz,,mmapbench
seqinspector_2454_ERR11456412,https://ftp.sra.ebi.ac.uk/vol1/fastq/ERR114/012/ERR11456412/ERR11456412_1.fastq.gz,https://ftp.sra.ebi.ac.uk/vol1/fastq/ERR114/012/ERR11456412/ERR11456412_2.fastq.gz,,mmapbench
seqinspector_2455_ERR14708374,https://ftp.sra.ebi.ac.uk/vol1/fastq/ERR147/074/ERR14708374/ERR14708374_1.fastq.gz,https://ftp.sra.ebi.ac.uk/vol1/fastq/ERR147/074/ERR14708374/ERR14708374_2.fastq.gz,,mmapbench
seqinspector_2456_ERR3061570,https://ftp.sra.ebi.ac.uk/vol1/fastq/ERR306/000/ERR3061570/ERR3061570_1.fastq.gz,https://ftp.sra.ebi.ac.uk/vol1/fastq/ERR306/000/ERR3061570/ERR3061570_2.fastq.gz,,mmapbench
seqinspector_2457_ERR13391320,https://ftp.sra.ebi.ac.uk/vol1/fastq/ERR133/020/ERR13391320/ERR13391320_1.fastq.gz,https://ftp.sra.ebi.ac.uk/vol1/fastq/ERR133/020/ERR13391320/ERR13391320_2.fastq.gz,,mmapbench
seqinspector_2458_ERR2747517,https://ftp.sra.ebi.ac.uk/vol1/fastq/ERR274/007/ERR2747517/ERR2747517_1.fastq.gz,https://ftp.sra.ebi.ac.uk/vol1/fastq/ERR274/007/ERR2747517/ERR2747517_2.fastq.gz,,mmapbench
seqinspector_2459_ERR3955603,https://ftp.sra.ebi.ac.uk/vol1/fastq/ERR395/003/ERR3955603/ERR3955603_1.fastq.gz,https://ftp.sra.ebi.ac.uk/vol1/fastq/ERR395/003/ERR3955603/ERR3955603_2.fastq.gz,,mmapbench
seqinspector_2460_ERR14000464,https://ftp.sra.ebi.ac.uk/vol1/fastq/ERR140/064/ERR14000464/ERR14000464_1.fastq.gz,https://ftp.sra.ebi.ac.uk/vol1/fastq/ERR140/064/ERR14000464/ERR14000464_2.fastq.gz,,mmapbench
seqinspector_2461_ERR14789148,https://ftp.sra.ebi.ac.uk/vol1/fastq/ERR147/048/ERR14789148/ERR14789148_1.fastq.gz,https://ftp.sra.ebi.ac.uk/vol1/fastq/ERR147/048/ERR14789148/ERR14789148_2.fastq.gz,,mmapbench
seqinspector_2462_ERR12316864,https://ftp.sra.ebi.ac.uk/vol1/fastq/ERR123/064/ERR12316864/ERR12316864_1.fastq.gz,https://ftp.sra.ebi.ac.uk/vol1/fastq/ERR123/064/ERR12316864/ERR12316864_2.fastq.gz,,mmapbench
seqinspector_2463_ERR11832603,https://ftp.sra.ebi.ac.uk/vol1/fastq/ERR118/003/ERR11832603/ERR11832603_1.fastq.gz,https://ftp.sra.ebi.ac.uk/vol1/fastq/ERR118/003/ERR11832603/ERR11832603_2.fastq.gz,,mmapbench
seqinspector_2464_ERR11020432,https://ftp.sra.ebi.ac.uk/vol1/fastq/ERR110/032/ERR11020432/ERR11020432_1.fastq.gz,https://ftp.sra.ebi.ac.uk/vol1/fastq/ERR110/032/ERR11020432/ERR11020432_2.fastq.gz,,mmapbench
seqinspector_2465_ERR10749922,https://ftp.sra.ebi.ac.uk/vol1/fastq/ERR107/022/ERR10749922/ERR10749922_1.fastq.gz,https://ftp.sra.ebi.ac.uk/vol1/fastq/ERR107/022/ERR10749922/ERR10749922_2.fastq.gz,,mmapbench
seqinspector_2466_ERR14946130,https://ftp.sra.ebi.ac.uk/vol1/fastq/ERR149/030/ERR14946130/ERR14946130_1.fastq.gz,https://ftp.sra.ebi.ac.uk/vol1/fastq/ERR149/030/ERR14946130/ERR14946130_2.fastq.gz,,mmapbench
seqinspector_2467_ERR3061623,https://ftp.sra.ebi.ac.uk/vol1/fastq/ERR306/003/ERR3061623/ERR3061623_1.fastq.gz,https://ftp.sra.ebi.ac.uk/vol1/fastq/ERR306/003/ERR3061623/ERR3061623_2.fastq.gz,,mmapbench
seqinspector_2468_ERR17272751,https://ftp.sra.ebi.ac.uk/vol1/fastq/ERR172/051/ERR17272751/ERR17272751_1.fastq.gz,https://ftp.sra.ebi.ac.uk/vol1/fastq/ERR172/051/ERR17272751/ERR17272751_2.fastq.gz,,mmapbench
seqinspector_2469_ERR13391306,https://ftp.sra.ebi.ac.uk/vol1/fastq/ERR133/006/ERR13391306/ERR13391306_1.fastq.gz,https://ftp.sra.ebi.ac.uk/vol1/fastq/ERR133/006/ERR13391306/ERR13391306_2.fastq.gz,,mmapbench
seqinspector_2470_ERR13392023,https://ftp.sra.ebi.ac.uk/vol1/fastq/ERR133/023/ERR13392023/ERR13392023_1.fastq.gz,https://ftp.sra.ebi.ac.uk/vol1/fastq/ERR133/023/ERR13392023/ERR13392023_2.fastq.gz,,mmapbench
seqinspector_2471_ERR3955813,https://ftp.sra.ebi.ac.uk/vol1/fastq/ERR395/003/ERR3955813/ERR3955813_1.fastq.gz,https://ftp.sra.ebi.ac.uk/vol1/fastq/ERR395/003/ERR3955813/ERR3955813_2.fastq.gz,,mmapbench
seqinspector_2472_ERR10205561,https://ftp.sra.ebi.ac.uk/vol1/fastq/ERR102/061/ERR10205561/ERR10205561_1.fastq.gz,https://ftp.sra.ebi.ac.uk/vol1/fastq/ERR102/061/ERR10205561/ERR10205561_2.fastq.gz,,mmapbench
seqinspector_2473_ERR13391893,https://ftp.sra.ebi.ac.uk/vol1/fastq/ERR133/093/ERR13391893/ERR13391893_1.fastq.gz,https://ftp.sra.ebi.ac.uk/vol1/fastq/ERR133/093/ERR13391893/ERR13391893_2.fastq.gz,,mmapbench
seqinspector_2474_ERR17272767,https://ftp.sra.ebi.ac.uk/vol1/fastq/ERR172/067/ERR17272767/ERR17272767_1.fastq.gz,https://ftp.sra.ebi.ac.uk/vol1/fastq/ERR172/067/ERR17272767/ERR17272767_2.fastq.gz,,mmapbench
seqinspector_2475_ERR3699668,https://ftp.sra.ebi.ac.uk/vol1/fastq/ERR369/008/ERR3699668/ERR3699668_1.fastq.gz,https://ftp.sra.ebi.ac.uk/vol1/fastq/ERR369/008/ERR3699668/ERR3699668_2.fastq.gz,,mmapbench
seqinspector_2476_ERR10897698,https://ftp.sra.ebi.ac.uk/vol1/fastq/ERR108/098/ERR10897698/ERR10897698_1.fastq.gz,https://ftp.sra.ebi.ac.uk/vol1/fastq/ERR108/098/ERR10897698/ERR10897698_2.fastq.gz,,mmapbench
seqinspector_2477_ERR3969689,https://ftp.sra.ebi.ac.uk/vol1/fastq/ERR396/009/ERR3969689/ERR3969689_1.fastq.gz,https://ftp.sra.ebi.ac.uk/vol1/fastq/ERR396/009/ERR3969689/ERR3969689_2.fastq.gz,,mmapbench
seqinspector_2478_ERR14195140,https://ftp.sra.ebi.ac.uk/vol1/fastq/ERR141/040/ERR14195140/ERR14195140_1.fastq.gz,https://ftp.sra.ebi.ac.uk/vol1/fastq/ERR141/040/ERR14195140/ERR14195140_2.fastq.gz,,mmapbench
seqinspector_2479_ERR16714540,https://ftp.sra.ebi.ac.uk/vol1/fastq/ERR167/040/ERR16714540/ERR16714540_1.fastq.gz,https://ftp.sra.ebi.ac.uk/vol1/fastq/ERR167/040/ERR16714540/ERR16714540_2.fastq.gz,,mmapbench
seqinspector_2480_ERR2735952,https://ftp.sra.ebi.ac.uk/vol1/fastq/ERR273/002/ERR2735952/ERR2735952_1.fastq.gz,https://ftp.sra.ebi.ac.uk/vol1/fastq/ERR273/002/ERR2735952/ERR2735952_2.fastq.gz,,mmapbench
seqinspector_2481_ERR14789241,https://ftp.sra.ebi.ac.uk/vol1/fastq/ERR147/041/ERR14789241/ERR14789241_1.fastq.gz,https://ftp.sra.ebi.ac.uk/vol1/fastq/ERR147/041/ERR14789241/ERR14789241_2.fastq.gz,,mmapbench
seqinspector_2482_ERR3061584,https://ftp.sra.ebi.ac.uk/vol1/fastq/ERR306/004/ERR3061584/ERR3061584_1.fastq.gz,https://ftp.sra.ebi.ac.uk/vol1/fastq/ERR306/004/ERR3061584/ERR3061584_2.fastq.gz,,mmapbench
seqinspector_2483_ERR10749769,https://ftp.sra.ebi.ac.uk/vol1/fastq/ERR107/069/ERR10749769/ERR10749769_1.fastq.gz,https://ftp.sra.ebi.ac.uk/vol1/fastq/ERR107/069/ERR10749769/ERR10749769_2.fastq.gz,,mmapbench
seqinspector_2484_ERR11020409,https://ftp.sra.ebi.ac.uk/vol1/fastq/ERR110/009/ERR11020409/ERR11020409_1.fastq.gz,https://ftp.sra.ebi.ac.uk/vol1/fastq/ERR110/009/ERR11020409/ERR11020409_2.fastq.gz,,mmapbench
seqinspector_2485_ERR12327645,https://ftp.sra.ebi.ac.uk/vol1/fastq/ERR123/045/ERR12327645/ERR12327645_1.fastq.gz,https://ftp.sra.ebi.ac.uk/vol1/fastq/ERR123/045/ERR12327645/ERR12327645_2.fastq.gz,,mmapbench
seqinspector_2486_ERR3955157,https://ftp.sra.ebi.ac.uk/vol1/fastq/ERR395/007/ERR3955157/ERR3955157_1.fastq.gz,https://ftp.sra.ebi.ac.uk/vol1/fastq/ERR395/007/ERR3955157/ERR3955157_2.fastq.gz,,mmapbench
seqinspector_2487_ERR14195377,https://ftp.sra.ebi.ac.uk/vol1/fastq/ERR141/077/ERR14195377/ERR14195377_1.fastq.gz,https://ftp.sra.ebi.ac.uk/vol1/fastq/ERR141/077/ERR14195377/ERR14195377_2.fastq.gz,,mmapbench
seqinspector_2488_ERR14211523,https://ftp.sra.ebi.ac.uk/vol1/fastq/ERR142/023/ERR14211523/ERR14211523_1.fastq.gz,https://ftp.sra.ebi.ac.uk/vol1/fastq/ERR142/023/ERR14211523/ERR14211523_2.fastq.gz,,mmapbench
seqinspector_2489_DRR735037,https://ftp.sra.ebi.ac.uk/vol1/fastq/DRR735/DRR735037/DRR735037_1.fastq.gz,https://ftp.sra.ebi.ac.uk/vol1/fastq/DRR735/DRR735037/DRR735037_2.fastq.gz,,mmapbench
seqinspector_2490_ERR13391688,https://ftp.sra.ebi.ac.uk/vol1/fastq/ERR133/088/ERR13391688/ERR13391688_1.fastq.gz,https://ftp.sra.ebi.ac.uk/vol1/fastq/ERR133/088/ERR13391688/ERR13391688_2.fastq.gz,,mmapbench
seqinspector_2491_ERR14802024,https://ftp.sra.ebi.ac.uk/vol1/fastq/ERR148/024/ERR14802024/ERR14802024_1.fastq.gz,https://ftp.sra.ebi.ac.uk/vol1/fastq/ERR148/024/ERR14802024/ERR14802024_2.fastq.gz,,mmapbench
seqinspector_2492_ERR2747554,https://ftp.sra.ebi.ac.uk/vol1/fastq/ERR274/004/ERR2747554/ERR2747554_1.fastq.gz,https://ftp.sra.ebi.ac.uk/vol1/fastq/ERR274/004/ERR2747554/ERR2747554_2.fastq.gz,,mmapbench
seqinspector_2493_DRR212734,https://ftp.sra.ebi.ac.uk/vol1/fastq/DRR212/DRR212734/DRR212734_1.fastq.gz,https://ftp.sra.ebi.ac.uk/vol1/fastq/DRR212/DRR212734/DRR212734_2.fastq.gz,,mmapbench
seqinspector_2494_ERR3726729,https://ftp.sra.ebi.ac.uk/vol1/fastq/ERR372/009/ERR3726729/ERR3726729_1.fastq.gz,https://ftp.sra.ebi.ac.uk/vol1/fastq/ERR372/009/ERR3726729/ERR3726729_2.fastq.gz,,mmapbench
seqinspector_2495_ERR2608430,https://ftp.sra.ebi.ac.uk/vol1/fastq/ERR260/000/ERR2608430/ERR2608430_1.fastq.gz,https://ftp.sra.ebi.ac.uk/vol1/fastq/ERR260/000/ERR2608430/ERR2608430_2.fastq.gz,,mmapbench
seqinspector_2496_ERR11456463,https://ftp.sra.ebi.ac.uk/vol1/fastq/ERR114/063/ERR11456463/ERR11456463_1.fastq.gz,https://ftp.sra.ebi.ac.uk/vol1/fastq/ERR114/063/ERR11456463/ERR11456463_2.fastq.gz,,mmapbench
seqinspector_2497_ERR14211463,https://ftp.sra.ebi.ac.uk/vol1/fastq/ERR142/063/ERR14211463/ERR14211463_1.fastq.gz,https://ftp.sra.ebi.ac.uk/vol1/fastq/ERR142/063/ERR14211463/ERR14211463_2.fastq.gz,,mmapbench
seqinspector_2498_ERR2608216,https://ftp.sra.ebi.ac.uk/vol1/fastq/ERR260/006/ERR2608216/ERR2608216_1.fastq.gz,https://ftp.sra.ebi.ac.uk/vol1/fastq/ERR260/006/ERR2608216/ERR2608216_2.fastq.gz,,mmapbench
seqinspector_2499_ERR2734388,https://ftp.sra.ebi.ac.uk/vol1/fastq/ERR273/008/ERR2734388/ERR2734388_1.fastq.gz,https://ftp.sra.ebi.ac.uk/vol1/fastq/ERR273/008/ERR2734388/ERR2734388_2.fastq.gz,,mmapbench
seqinspector_2500_ERR2608198,https://ftp.sra.ebi.ac.uk/vol1/fastq/ERR260/008/ERR2608198/ERR2608198_1.fastq.gz,https://ftp.sra.ebi.ac.uk/vol1/fastq/ERR260/008/ERR2608198/ERR2608198_2.fastq.gz,,mmapbench
seqinspector_2501_ERR14789051,https://ftp.sra.ebi.ac.uk/vol1/fastq/ERR147/051/ERR14789051/ERR14789051_1.fastq.gz,https://ftp.sra.ebi.ac.uk/vol1/fastq/ERR147/051/ERR14789051/ERR14789051_2.fastq.gz,,mmapbench
seqinspector_2502_ERR10880593,https://ftp.sra.ebi.ac.uk/vol1/fastq/ERR108/093/ERR10880593/ERR10880593_1.fastq.gz,https://ftp.sra.ebi.ac.uk/vol1/fastq/ERR108/093/ERR10880593/ERR10880593_2.fastq.gz,,mmapbench
seqinspector_2503_ERR3955895,https://ftp.sra.ebi.ac.uk/vol1/fastq/ERR395/005/ERR3955895/ERR3955895_1.fastq.gz,https://ftp.sra.ebi.ac.uk/vol1/fastq/ERR395/005/ERR3955895/ERR3955895_2.fastq.gz,,mmapbench
seqinspector_2504_ERR14802860,https://ftp.sra.ebi.ac.uk/vol1/fastq/ERR148/060/ERR14802860/ERR14802860_1.fastq.gz,https://ftp.sra.ebi.ac.uk/vol1/fastq/ERR148/060/ERR14802860/ERR14802860_2.fastq.gz,,mmapbench
seqinspector_2505_ERR14194670,https://ftp.sra.ebi.ac.uk/vol1/fastq/ERR141/070/ERR14194670/ERR14194670_1.fastq.gz,https://ftp.sra.ebi.ac.uk/vol1/fastq/ERR141/070/ERR14194670/ERR14194670_2.fastq.gz,,mmapbench
seqinspector_2506_ERR14210816,https://ftp.sra.ebi.ac.uk/vol1/fastq/ERR142/016/ERR14210816/ERR14210816_1.fastq.gz,https://ftp.sra.ebi.ac.uk/vol1/fastq/ERR142/016/ERR14210816/ERR14210816_2.fastq.gz,,mmapbench
seqinspector_2507_ERR14927661,https://ftp.sra.ebi.ac.uk/vol1/fastq/ERR149/061/ERR14927661/ERR14927661_1.fastq.gz,https://ftp.sra.ebi.ac.uk/vol1/fastq/ERR149/061/ERR14927661/ERR14927661_2.fastq.gz,,mmapbench
seqinspector_2508_ERR14060881,https://ftp.sra.ebi.ac.uk/vol1/fastq/ERR140/081/ERR14060881/ERR14060881_1.fastq.gz,https://ftp.sra.ebi.ac.uk/vol1/fastq/ERR140/081/ERR14060881/ERR14060881_2.fastq.gz,,mmapbench
seqinspector_2509_ERR4181513,https://ftp.sra.ebi.ac.uk/vol1/fastq/ERR418/003/ERR4181513/ERR4181513_1.fastq.gz,https://ftp.sra.ebi.ac.uk/vol1/fastq/ERR418/003/ERR4181513/ERR4181513_2.fastq.gz,,mmapbench
seqinspector_2510_ERR11815145,https://ftp.sra.ebi.ac.uk/vol1/fastq/ERR118/045/ERR11815145/ERR11815145_1.fastq.gz,https://ftp.sra.ebi.ac.uk/vol1/fastq/ERR118/045/ERR11815145/ERR11815145_2.fastq.gz,,mmapbench
seqinspector_2511_ERR13392525,https://ftp.sra.ebi.ac.uk/vol1/fastq/ERR133/025/ERR13392525/ERR13392525_1.fastq.gz,https://ftp.sra.ebi.ac.uk/vol1/fastq/ERR133/025/ERR13392525/ERR13392525_2.fastq.gz,,mmapbench
seqinspector_2512_ERR14864239,https://ftp.sra.ebi.ac.uk/vol1/fastq/ERR148/039/ERR14864239/ERR14864239_1.fastq.gz,https://ftp.sra.ebi.ac.uk/vol1/fastq/ERR148/039/ERR14864239/ERR14864239_2.fastq.gz,,mmapbench
seqinspector_2513_ERR3932455,https://ftp.sra.ebi.ac.uk/vol1/fastq/ERR393/005/ERR3932455/ERR3932455_1.fastq.gz,https://ftp.sra.ebi.ac.uk/vol1/fastq/ERR393/005/ERR3932455/ERR3932455_2.fastq.gz,,mmapbench
seqinspector_2514_ERR14210878,https://ftp.sra.ebi.ac.uk/vol1/fastq/ERR142/078/ERR14210878/ERR14210878_1.fastq.gz,https://ftp.sra.ebi.ac.uk/vol1/fastq/ERR142/078/ERR14210878/ERR14210878_2.fastq.gz,,mmapbench
seqinspector_2515_DRR229364,https://ftp.sra.ebi.ac.uk/vol1/fastq/DRR229/DRR229364/DRR229364_1.fastq.gz,https://ftp.sra.ebi.ac.uk/vol1/fastq/DRR229/DRR229364/DRR229364_2.fastq.gz,,mmapbench
seqinspector_2516_ERR16998631,https://ftp.sra.ebi.ac.uk/vol1/fastq/ERR169/031/ERR16998631/ERR16998631_1.fastq.gz,https://ftp.sra.ebi.ac.uk/vol1/fastq/ERR169/031/ERR16998631/ERR16998631_2.fastq.gz,,mmapbench
seqinspector_2517_ERR2987840,https://ftp.sra.ebi.ac.uk/vol1/fastq/ERR298/000/ERR2987840/ERR2987840_1.fastq.gz,https://ftp.sra.ebi.ac.uk/vol1/fastq/ERR298/000/ERR2987840/ERR2987840_2.fastq.gz,,mmapbench
seqinspector_2518_DRR175983,https://ftp.sra.ebi.ac.uk/vol1/fastq/DRR175/DRR175983/DRR175983_1.fastq.gz,https://ftp.sra.ebi.ac.uk/vol1/fastq/DRR175/DRR175983/DRR175983_2.fastq.gz,,mmapbench
seqinspector_2519_ERR16908442,https://ftp.sra.ebi.ac.uk/vol1/fastq/ERR169/042/ERR16908442/ERR16908442_1.fastq.gz,https://ftp.sra.ebi.ac.uk/vol1/fastq/ERR169/042/ERR16908442/ERR16908442_2.fastq.gz,,mmapbench
seqinspector_2520_ERR2611531,https://ftp.sra.ebi.ac.uk/vol1/fastq/ERR261/001/ERR2611531/ERR2611531_1.fastq.gz,https://ftp.sra.ebi.ac.uk/vol1/fastq/ERR261/001/ERR2611531/ERR2611531_2.fastq.gz,,mmapbench
seqinspector_2521_ERR3699659,https://ftp.sra.ebi.ac.uk/vol1/fastq/ERR369/009/ERR3699659/ERR3699659_1.fastq.gz,https://ftp.sra.ebi.ac.uk/vol1/fastq/ERR369/009/ERR3699659/ERR3699659_2.fastq.gz,,mmapbench
seqinspector_2522_DRR735033,https://ftp.sra.ebi.ac.uk/vol1/fastq/DRR735/DRR735033/DRR735033_1.fastq.gz,https://ftp.sra.ebi.ac.uk/vol1/fastq/DRR735/DRR735033/DRR735033_2.fastq.gz,,mmapbench
seqinspector_2523_ERR14194688,https://ftp.sra.ebi.ac.uk/vol1/fastq/ERR141/088/ERR14194688/ERR14194688_1.fastq.gz,https://ftp.sra.ebi.ac.uk/vol1/fastq/ERR141/088/ERR14194688/ERR14194688_2.fastq.gz,,mmapbench
seqinspector_2524_ERR3955250,https://ftp.sra.ebi.ac.uk/vol1/fastq/ERR395/000/ERR3955250/ERR3955250_1.fastq.gz,https://ftp.sra.ebi.ac.uk/vol1/fastq/ERR395/000/ERR3955250/ERR3955250_2.fastq.gz,,mmapbench
seqinspector_2525_ERR14801857,https://ftp.sra.ebi.ac.uk/vol1/fastq/ERR148/057/ERR14801857/ERR14801857_1.fastq.gz,https://ftp.sra.ebi.ac.uk/vol1/fastq/ERR148/057/ERR14801857/ERR14801857_2.fastq.gz,,mmapbench
seqinspector_2526_ERR10207447,https://ftp.sra.ebi.ac.uk/vol1/fastq/ERR102/047/ERR10207447/ERR10207447_1.fastq.gz,https://ftp.sra.ebi.ac.uk/vol1/fastq/ERR102/047/ERR10207447/ERR10207447_2.fastq.gz,,mmapbench
seqinspector_2527_DRR774176,https://ftp.sra.ebi.ac.uk/vol1/fastq/DRR774/DRR774176/DRR774176_1.fastq.gz,https://ftp.sra.ebi.ac.uk/vol1/fastq/DRR774/DRR774176/DRR774176_2.fastq.gz,,mmapbench
seqinspector_2528_ERR14044026,https://ftp.sra.ebi.ac.uk/vol1/fastq/ERR140/026/ERR14044026/ERR14044026_1.fastq.gz,https://ftp.sra.ebi.ac.uk/vol1/fastq/ERR140/026/ERR14044026/ERR14044026_2.fastq.gz,,mmapbench
seqinspector_2529_ERR4337872,https://ftp.sra.ebi.ac.uk/vol1/fastq/ERR433/002/ERR4337872/ERR4337872_1.fastq.gz,https://ftp.sra.ebi.ac.uk/vol1/fastq/ERR433/002/ERR4337872/ERR4337872_2.fastq.gz,,mmapbench
seqinspector_2530_ERR15114871,https://ftp.sra.ebi.ac.uk/vol1/fastq/ERR151/071/ERR15114871/ERR15114871_1.fastq.gz,https://ftp.sra.ebi.ac.uk/vol1/fastq/ERR151/071/ERR15114871/ERR15114871_2.fastq.gz,,mmapbench
seqinspector_2531_ERR3969588,https://ftp.sra.ebi.ac.uk/vol1/fastq/ERR396/008/ERR3969588/ERR3969588_1.fastq.gz,https://ftp.sra.ebi.ac.uk/vol1/fastq/ERR396/008/ERR3969588/ERR3969588_2.fastq.gz,,mmapbench
seqinspector_2532_ERR11627462,https://ftp.sra.ebi.ac.uk/vol1/fastq/ERR116/062/ERR11627462/ERR11627462_1.fastq.gz,https://ftp.sra.ebi.ac.uk/vol1/fastq/ERR116/062/ERR11627462/ERR11627462_2.fastq.gz,,mmapbench
seqinspector_2533_ERR12316802,https://ftp.sra.ebi.ac.uk/vol1/fastq/ERR123/002/ERR12316802/ERR12316802_1.fastq.gz,https://ftp.sra.ebi.ac.uk/vol1/fastq/ERR123/002/ERR12316802/ERR12316802_2.fastq.gz,,mmapbench
seqinspector_2534_ERR14210800,https://ftp.sra.ebi.ac.uk/vol1/fastq/ERR142/000/ERR14210800/ERR14210800_1.fastq.gz,https://ftp.sra.ebi.ac.uk/vol1/fastq/ERR142/000/ERR14210800/ERR14210800_2.fastq.gz,,mmapbench
seqinspector_2535_ERR14194654,https://ftp.sra.ebi.ac.uk/vol1/fastq/ERR141/054/ERR14194654/ERR14194654_1.fastq.gz,https://ftp.sra.ebi.ac.uk/vol1/fastq/ERR141/054/ERR14194654/ERR14194654_2.fastq.gz,,mmapbench
seqinspector_2536_ERR15338010,https://ftp.sra.ebi.ac.uk/vol1/fastq/ERR153/010/ERR15338010/ERR15338010_1.fastq.gz,https://ftp.sra.ebi.ac.uk/vol1/fastq/ERR153/010/ERR15338010/ERR15338010_2.fastq.gz,,mmapbench
seqinspector_2537_ERR16717203,https://ftp.sra.ebi.ac.uk/vol1/fastq/ERR167/003/ERR16717203/ERR16717203_1.fastq.gz,https://ftp.sra.ebi.ac.uk/vol1/fastq/ERR167/003/ERR16717203/ERR16717203_2.fastq.gz,,mmapbench
seqinspector_2538_ERR2608330,https://ftp.sra.ebi.ac.uk/vol1/fastq/ERR260/000/ERR2608330/ERR2608330_1.fastq.gz,https://ftp.sra.ebi.ac.uk/vol1/fastq/ERR260/000/ERR2608330/ERR2608330_2.fastq.gz,,mmapbench
seqinspector_2539_ERR16729361,https://ftp.sra.ebi.ac.uk/vol1/fastq/ERR167/061/ERR16729361/ERR16729361_1.fastq.gz,https://ftp.sra.ebi.ac.uk/vol1/fastq/ERR167/061/ERR16729361/ERR16729361_2.fastq.gz,,mmapbench
seqinspector_2540_ERR3699675,https://ftp.sra.ebi.ac.uk/vol1/fastq/ERR369/005/ERR3699675/ERR3699675_1.fastq.gz,https://ftp.sra.ebi.ac.uk/vol1/fastq/ERR369/005/ERR3699675/ERR3699675_2.fastq.gz,,mmapbench
seqinspector_2541_ERR14194792,https://ftp.sra.ebi.ac.uk/vol1/fastq/ERR141/092/ERR14194792/ERR14194792_1.fastq.gz,https://ftp.sra.ebi.ac.uk/vol1/fastq/ERR141/092/ERR14194792/ERR14194792_2.fastq.gz,,mmapbench
seqinspector_2542_ERR3061588,https://ftp.sra.ebi.ac.uk/vol1/fastq/ERR306/008/ERR3061588/ERR3061588_1.fastq.gz,https://ftp.sra.ebi.ac.uk/vol1/fastq/ERR306/008/ERR3061588/ERR3061588_2.fastq.gz,,mmapbench
seqinspector_2543_ERR14854480,https://ftp.sra.ebi.ac.uk/vol1/fastq/ERR148/080/ERR14854480/ERR14854480_1.fastq.gz,https://ftp.sra.ebi.ac.uk/vol1/fastq/ERR148/080/ERR14854480/ERR14854480_2.fastq.gz,,mmapbench
seqinspector_2544_ERR14194879,https://ftp.sra.ebi.ac.uk/vol1/fastq/ERR141/079/ERR14194879/ERR14194879_1.fastq.gz,https://ftp.sra.ebi.ac.uk/vol1/fastq/ERR141/079/ERR14194879/ERR14194879_2.fastq.gz,,mmapbench
seqinspector_2545_ERR14211025,https://ftp.sra.ebi.ac.uk/vol1/fastq/ERR142/025/ERR14211025/ERR14211025_1.fastq.gz,https://ftp.sra.ebi.ac.uk/vol1/fastq/ERR142/025/ERR14211025/ERR14211025_2.fastq.gz,,mmapbench
seqinspector_2546_ERR11146103,https://ftp.sra.ebi.ac.uk/vol1/fastq/ERR111/003/ERR11146103/ERR11146103_1.fastq.gz,https://ftp.sra.ebi.ac.uk/vol1/fastq/ERR111/003/ERR11146103/ERR11146103_2.fastq.gz,,mmapbench
seqinspector_2547_ERR12556249,https://ftp.sra.ebi.ac.uk/vol1/fastq/ERR125/049/ERR12556249/ERR12556249_1.fastq.gz,https://ftp.sra.ebi.ac.uk/vol1/fastq/ERR125/049/ERR12556249/ERR12556249_2.fastq.gz,,mmapbench
seqinspector_2548_ERR2736006,https://ftp.sra.ebi.ac.uk/vol1/fastq/ERR273/006/ERR2736006/ERR2736006_1.fastq.gz,https://ftp.sra.ebi.ac.uk/vol1/fastq/ERR273/006/ERR2736006/ERR2736006_2.fastq.gz,,mmapbench
seqinspector_2549_DRR777402,https://ftp.sra.ebi.ac.uk/vol1/fastq/DRR777/DRR777402/DRR777402_1.fastq.gz,https://ftp.sra.ebi.ac.uk/vol1/fastq/DRR777/DRR777402/DRR777402_2.fastq.gz,,mmapbench
seqinspector_2550_ERR3954957,https://ftp.sra.ebi.ac.uk/vol1/fastq/ERR395/007/ERR3954957/ERR3954957_1.fastq.gz,https://ftp.sra.ebi.ac.uk/vol1/fastq/ERR395/007/ERR3954957/ERR3954957_2.fastq.gz,,mmapbench
seqinspector_2551_ERR3955871,https://ftp.sra.ebi.ac.uk/vol1/fastq/ERR395/001/ERR3955871/ERR3955871_1.fastq.gz,https://ftp.sra.ebi.ac.uk/vol1/fastq/ERR395/001/ERR3955871/ERR3955871_2.fastq.gz,,mmapbench
seqinspector_2552_ERR16024254,https://ftp.sra.ebi.ac.uk/vol1/fastq/ERR160/054/ERR16024254/ERR16024254_1.fastq.gz,https://ftp.sra.ebi.ac.uk/vol1/fastq/ERR160/054/ERR16024254/ERR16024254_2.fastq.gz,,mmapbench
seqinspector_2553_ERR13911219,https://ftp.sra.ebi.ac.uk/vol1/fastq/ERR139/019/ERR13911219/ERR13911219_1.fastq.gz,https://ftp.sra.ebi.ac.uk/vol1/fastq/ERR139/019/ERR13911219/ERR13911219_2.fastq.gz,,mmapbench
seqinspector_2554_ERR2608467,https://ftp.sra.ebi.ac.uk/vol1/fastq/ERR260/007/ERR2608467/ERR2608467_1.fastq.gz,https://ftp.sra.ebi.ac.uk/vol1/fastq/ERR260/007/ERR2608467/ERR2608467_2.fastq.gz,,mmapbench
seqinspector_2555_ERR10773770,https://ftp.sra.ebi.ac.uk/vol1/fastq/ERR107/070/ERR10773770/ERR10773770_1.fastq.gz,https://ftp.sra.ebi.ac.uk/vol1/fastq/ERR107/070/ERR10773770/ERR10773770_2.fastq.gz,,mmapbench
seqinspector_2556_ERR3839750,https://ftp.sra.ebi.ac.uk/vol1/fastq/ERR383/000/ERR3839750/ERR3839750_1.fastq.gz,https://ftp.sra.ebi.ac.uk/vol1/fastq/ERR383/000/ERR3839750/ERR3839750_2.fastq.gz,,mmapbench
seqinspector_2557_ERR16714511,https://ftp.sra.ebi.ac.uk/vol1/fastq/ERR167/011/ERR16714511/ERR16714511_1.fastq.gz,https://ftp.sra.ebi.ac.uk/vol1/fastq/ERR167/011/ERR16714511/ERR16714511_2.fastq.gz,,mmapbench
seqinspector_2558_ERR14789394,https://ftp.sra.ebi.ac.uk/vol1/fastq/ERR147/094/ERR14789394/ERR14789394_1.fastq.gz,https://ftp.sra.ebi.ac.uk/vol1/fastq/ERR147/094/ERR14789394/ERR14789394_2.fastq.gz,,mmapbench
seqinspector_2559_ERR2747499,https://ftp.sra.ebi.ac.uk/vol1/fastq/ERR274/009/ERR2747499/ERR2747499_1.fastq.gz,https://ftp.sra.ebi.ac.uk/vol1/fastq/ERR274/009/ERR2747499/ERR2747499_2.fastq.gz,,mmapbench
seqinspector_2560_ERR12555697,https://ftp.sra.ebi.ac.uk/vol1/fastq/ERR125/097/ERR12555697/ERR12555697_1.fastq.gz,https://ftp.sra.ebi.ac.uk/vol1/fastq/ERR125/097/ERR12555697/ERR12555697_2.fastq.gz,,mmapbench
seqinspector_2561_ERR2011842,https://ftp.sra.ebi.ac.uk/vol1/fastq/ERR201/002/ERR2011842/ERR2011842_1.fastq.gz,https://ftp.sra.ebi.ac.uk/vol1/fastq/ERR201/002/ERR2011842/ERR2011842_2.fastq.gz,,mmapbench
seqinspector_2562_ERR14211080,https://ftp.sra.ebi.ac.uk/vol1/fastq/ERR142/080/ERR14211080/ERR14211080_1.fastq.gz,https://ftp.sra.ebi.ac.uk/vol1/fastq/ERR142/080/ERR14211080/ERR14211080_2.fastq.gz,,mmapbench
seqinspector_2563_ERR3955012,https://ftp.sra.ebi.ac.uk/vol1/fastq/ERR395/002/ERR3955012/ERR3955012_1.fastq.gz,https://ftp.sra.ebi.ac.uk/vol1/fastq/ERR395/002/ERR3955012/ERR3955012_2.fastq.gz,,mmapbench
seqinspector_2564_ERR2608317,https://ftp.sra.ebi.ac.uk/vol1/fastq/ERR260/007/ERR2608317/ERR2608317_1.fastq.gz,https://ftp.sra.ebi.ac.uk/vol1/fastq/ERR260/007/ERR2608317/ERR2608317_2.fastq.gz,,mmapbench
seqinspector_2565_ERR16719878,https://ftp.sra.ebi.ac.uk/vol1/fastq/ERR167/078/ERR16719878/ERR16719878_1.fastq.gz,https://ftp.sra.ebi.ac.uk/vol1/fastq/ERR167/078/ERR16719878/ERR16719878_2.fastq.gz,,mmapbench
seqinspector_2566_ERR13230418,https://ftp.sra.ebi.ac.uk/vol1/fastq/ERR132/018/ERR13230418/ERR13230418_1.fastq.gz,https://ftp.sra.ebi.ac.uk/vol1/fastq/ERR132/018/ERR13230418/ERR13230418_2.fastq.gz,,mmapbench
seqinspector_2567_ERR3771502,https://ftp.sra.ebi.ac.uk/vol1/fastq/ERR377/002/ERR3771502/ERR3771502_1.fastq.gz,https://ftp.sra.ebi.ac.uk/vol1/fastq/ERR377/002/ERR3771502/ERR3771502_2.fastq.gz,,mmapbench
seqinspector_2568_ERR16908629,https://ftp.sra.ebi.ac.uk/vol1/fastq/ERR169/029/ERR16908629/ERR16908629_1.fastq.gz,https://ftp.sra.ebi.ac.uk/vol1/fastq/ERR169/029/ERR16908629/ERR16908629_2.fastq.gz,,mmapbench
seqinspector_2569_ERR14801985,https://ftp.sra.ebi.ac.uk/vol1/fastq/ERR148/085/ERR14801985/ERR14801985_1.fastq.gz,https://ftp.sra.ebi.ac.uk/vol1/fastq/ERR148/085/ERR14801985/ERR14801985_2.fastq.gz,,mmapbench
seqinspector_2570_ERR12828251,https://ftp.sra.ebi.ac.uk/vol1/fastq/ERR128/051/ERR12828251/ERR12828251_1.fastq.gz,https://ftp.sra.ebi.ac.uk/vol1/fastq/ERR128/051/ERR12828251/ERR12828251_2.fastq.gz,,mmapbench
seqinspector_2571_ERR10986319,https://ftp.sra.ebi.ac.uk/vol1/fastq/ERR109/019/ERR10986319/ERR10986319_1.fastq.gz,https://ftp.sra.ebi.ac.uk/vol1/fastq/ERR109/019/ERR10986319/ERR10986319_2.fastq.gz,,mmapbench
seqinspector_2572_ERR14211392,https://ftp.sra.ebi.ac.uk/vol1/fastq/ERR142/092/ERR14211392/ERR14211392_1.fastq.gz,https://ftp.sra.ebi.ac.uk/vol1/fastq/ERR142/092/ERR14211392/ERR14211392_2.fastq.gz,,mmapbench
seqinspector_2573_ERR16010153,https://ftp.sra.ebi.ac.uk/vol1/fastq/ERR160/053/ERR16010153/ERR16010153_1.fastq.gz,https://ftp.sra.ebi.ac.uk/vol1/fastq/ERR160/053/ERR16010153/ERR16010153_2.fastq.gz,,mmapbench
seqinspector_2574_ERR3684249,https://ftp.sra.ebi.ac.uk/vol1/fastq/ERR368/009/ERR3684249/ERR3684249_1.fastq.gz,https://ftp.sra.ebi.ac.uk/vol1/fastq/ERR368/009/ERR3684249/ERR3684249_2.fastq.gz,,mmapbench
seqinspector_2575_ERR10881919,https://ftp.sra.ebi.ac.uk/vol1/fastq/ERR108/019/ERR10881919/ERR10881919_1.fastq.gz,https://ftp.sra.ebi.ac.uk/vol1/fastq/ERR108/019/ERR10881919/ERR10881919_2.fastq.gz,,mmapbench
seqinspector_2576_ERR3969696,https://ftp.sra.ebi.ac.uk/vol1/fastq/ERR396/006/ERR3969696/ERR3969696_1.fastq.gz,https://ftp.sra.ebi.ac.uk/vol1/fastq/ERR396/006/ERR3969696/ERR3969696_2.fastq.gz,,mmapbench
seqinspector_2577_DRR633352,https://ftp.sra.ebi.ac.uk/vol1/fastq/DRR633/DRR633352/DRR633352_1.fastq.gz,https://ftp.sra.ebi.ac.uk/vol1/fastq/DRR633/DRR633352/DRR633352_2.fastq.gz,,mmapbench
seqinspector_2578_ERR16729044,https://ftp.sra.ebi.ac.uk/vol1/fastq/ERR167/044/ERR16729044/ERR16729044_1.fastq.gz,https://ftp.sra.ebi.ac.uk/vol1/fastq/ERR167/044/ERR16729044/ERR16729044_2.fastq.gz,,mmapbench
seqinspector_2579_ERR2608262,https://ftp.sra.ebi.ac.uk/vol1/fastq/ERR260/002/ERR2608262/ERR2608262_1.fastq.gz,https://ftp.sra.ebi.ac.uk/vol1/fastq/ERR260/002/ERR2608262/ERR2608262_2.fastq.gz,,mmapbench
seqinspector_2580_ERR14194880,https://ftp.sra.ebi.ac.uk/vol1/fastq/ERR141/080/ERR14194880/ERR14194880_1.fastq.gz,https://ftp.sra.ebi.ac.uk/vol1/fastq/ERR141/080/ERR14194880/ERR14194880_2.fastq.gz,,mmapbench
seqinspector_2581_ERR14211026,https://ftp.sra.ebi.ac.uk/vol1/fastq/ERR142/026/ERR14211026/ERR14211026_1.fastq.gz,https://ftp.sra.ebi.ac.uk/vol1/fastq/ERR142/026/ERR14211026/ERR14211026_2.fastq.gz,,mmapbench
seqinspector_2582_ERR12556321,https://ftp.sra.ebi.ac.uk/vol1/fastq/ERR125/021/ERR12556321/ERR12556321_1.fastq.gz,https://ftp.sra.ebi.ac.uk/vol1/fastq/ERR125/021/ERR12556321/ERR12556321_2.fastq.gz,,mmapbench
seqinspector_2583_ERR16713122,https://ftp.sra.ebi.ac.uk/vol1/fastq/ERR167/022/ERR16713122/ERR16713122_1.fastq.gz,https://ftp.sra.ebi.ac.uk/vol1/fastq/ERR167/022/ERR16713122/ERR16713122_2.fastq.gz,,mmapbench
seqinspector_2584_ERR16024655,https://ftp.sra.ebi.ac.uk/vol1/fastq/ERR160/055/ERR16024655/ERR16024655_1.fastq.gz,https://ftp.sra.ebi.ac.uk/vol1/fastq/ERR160/055/ERR16024655/ERR16024655_2.fastq.gz,,mmapbench
seqinspector_2585_ERR3955770,https://ftp.sra.ebi.ac.uk/vol1/fastq/ERR395/000/ERR3955770/ERR3955770_1.fastq.gz,https://ftp.sra.ebi.ac.uk/vol1/fastq/ERR395/000/ERR3955770/ERR3955770_2.fastq.gz,,mmapbench
seqinspector_2586_ERR2747528,https://ftp.sra.ebi.ac.uk/vol1/fastq/ERR274/008/ERR2747528/ERR2747528_1.fastq.gz,https://ftp.sra.ebi.ac.uk/vol1/fastq/ERR274/008/ERR2747528/ERR2747528_2.fastq.gz,,mmapbench
seqinspector_2587_ERR3061561,https://ftp.sra.ebi.ac.uk/vol1/fastq/ERR306/001/ERR3061561/ERR3061561_1.fastq.gz,https://ftp.sra.ebi.ac.uk/vol1/fastq/ERR306/001/ERR3061561/ERR3061561_2.fastq.gz,,mmapbench
seqinspector_2588_ERR13392099,https://ftp.sra.ebi.ac.uk/vol1/fastq/ERR133/099/ERR13392099/ERR13392099_1.fastq.gz,https://ftp.sra.ebi.ac.uk/vol1/fastq/ERR133/099/ERR13392099/ERR13392099_2.fastq.gz,,mmapbench
seqinspector_2589_ERR2608301,https://ftp.sra.ebi.ac.uk/vol1/fastq/ERR260/001/ERR2608301/ERR2608301_1.fastq.gz,https://ftp.sra.ebi.ac.uk/vol1/fastq/ERR260/001/ERR2608301/ERR2608301_2.fastq.gz,,mmapbench
seqinspector_2590_ERR2747538,https://ftp.sra.ebi.ac.uk/vol1/fastq/ERR274/008/ERR2747538/ERR2747538_1.fastq.gz,https://ftp.sra.ebi.ac.uk/vol1/fastq/ERR274/008/ERR2747538/ERR2747538_2.fastq.gz,,mmapbench
seqinspector_2591_ERR2608282,https://ftp.sra.ebi.ac.uk/vol1/fastq/ERR260/002/ERR2608282/ERR2608282_1.fastq.gz,https://ftp.sra.ebi.ac.uk/vol1/fastq/ERR260/002/ERR2608282/ERR2608282_2.fastq.gz,,mmapbench
seqinspector_2592_ERR3061563,https://ftp.sra.ebi.ac.uk/vol1/fastq/ERR306/003/ERR3061563/ERR3061563_1.fastq.gz,https://ftp.sra.ebi.ac.uk/vol1/fastq/ERR306/003/ERR3061563/ERR3061563_2.fastq.gz,,mmapbench
seqinspector_2593_ERR3684217,https://ftp.sra.ebi.ac.uk/vol1/fastq/ERR368/007/ERR3684217/ERR3684217_1.fastq.gz,https://ftp.sra.ebi.ac.uk/vol1/fastq/ERR368/007/ERR3684217/ERR3684217_2.fastq.gz,,mmapbench
seqinspector_2594_ERR16908477,https://ftp.sra.ebi.ac.uk/vol1/fastq/ERR169/077/ERR16908477/ERR16908477_1.fastq.gz,https://ftp.sra.ebi.ac.uk/vol1/fastq/ERR169/077/ERR16908477/ERR16908477_2.fastq.gz,,mmapbench
seqinspector_2595_ERR16710871,https://ftp.sra.ebi.ac.uk/vol1/fastq/ERR167/071/ERR16710871/ERR16710871_1.fastq.gz,https://ftp.sra.ebi.ac.uk/vol1/fastq/ERR167/071/ERR16710871/ERR16710871_2.fastq.gz,,mmapbench
seqinspector_2596_ERR11441781,https://ftp.sra.ebi.ac.uk/vol1/fastq/ERR114/081/ERR11441781/ERR11441781_1.fastq.gz,https://ftp.sra.ebi.ac.uk/vol1/fastq/ERR114/081/ERR11441781/ERR11441781_2.fastq.gz,,mmapbench
seqinspector_2597_ERR3061576,https://ftp.sra.ebi.ac.uk/vol1/fastq/ERR306/006/ERR3061576/ERR3061576_1.fastq.gz,https://ftp.sra.ebi.ac.uk/vol1/fastq/ERR306/006/ERR3061576/ERR3061576_2.fastq.gz,,mmapbench
seqinspector_2598_ERR12308558,https://ftp.sra.ebi.ac.uk/vol1/fastq/ERR123/058/ERR12308558/ERR12308558_1.fastq.gz,https://ftp.sra.ebi.ac.uk/vol1/fastq/ERR123/058/ERR12308558/ERR12308558_2.fastq.gz,,mmapbench
seqinspector_2599_ERR12206722,https://ftp.sra.ebi.ac.uk/vol1/fastq/ERR122/022/ERR12206722/ERR12206722_1.fastq.gz,https://ftp.sra.ebi.ac.uk/vol1/fastq/ERR122/022/ERR12206722/ERR12206722_2.fastq.gz,,mmapbench
seqinspector_2600_ERR2608447,https://ftp.sra.ebi.ac.uk/vol1/fastq/ERR260/007/ERR2608447/ERR2608447_1.fastq.gz,https://ftp.sra.ebi.ac.uk/vol1/fastq/ERR260/007/ERR2608447/ERR2608447_2.fastq.gz,,mmapbench
seqinspector_2601_ERR14195189,https://ftp.sra.ebi.ac.uk/vol1/fastq/ERR141/089/ERR14195189/ERR14195189_1.fastq.gz,https://ftp.sra.ebi.ac.uk/vol1/fastq/ERR141/089/ERR14195189/ERR14195189_2.fastq.gz,,mmapbench
seqinspector_2602_ERR14789491,https://ftp.sra.ebi.ac.uk/vol1/fastq/ERR147/091/ERR14789491/ERR14789491_1.fastq.gz,https://ftp.sra.ebi.ac.uk/vol1/fastq/ERR147/091/ERR14789491/ERR14789491_2.fastq.gz,,mmapbench
seqinspector_2603_ERR17462869,https://ftp.sra.ebi.ac.uk/vol1/fastq/ERR174/069/ERR17462869/ERR17462869_1.fastq.gz,https://ftp.sra.ebi.ac.uk/vol1/fastq/ERR174/069/ERR17462869/ERR17462869_2.fastq.gz,,mmapbench
seqinspector_2604_ERR14802909,https://ftp.sra.ebi.ac.uk/vol1/fastq/ERR148/009/ERR14802909/ERR14802909_1.fastq.gz,https://ftp.sra.ebi.ac.uk/vol1/fastq/ERR148/009/ERR14802909/ERR14802909_2.fastq.gz,,mmapbench
seqinspector_2605_ERR14999189,https://ftp.sra.ebi.ac.uk/vol1/fastq/ERR149/089/ERR14999189/ERR14999189_1.fastq.gz,https://ftp.sra.ebi.ac.uk/vol1/fastq/ERR149/089/ERR14999189/ERR14999189_2.fastq.gz,,mmapbench
seqinspector_2606_ERR2608383,https://ftp.sra.ebi.ac.uk/vol1/fastq/ERR260/003/ERR2608383/ERR2608383_1.fastq.gz,https://ftp.sra.ebi.ac.uk/vol1/fastq/ERR260/003/ERR2608383/ERR2608383_2.fastq.gz,,mmapbench
seqinspector_2607_ERR11020550,https://ftp.sra.ebi.ac.uk/vol1/fastq/ERR110/050/ERR11020550/ERR11020550_1.fastq.gz,https://ftp.sra.ebi.ac.uk/vol1/fastq/ERR110/050/ERR11020550/ERR11020550_2.fastq.gz,,mmapbench
seqinspector_2608_DRR636993,https://ftp.sra.ebi.ac.uk/vol1/fastq/DRR636/DRR636993/DRR636993_1.fastq.gz,https://ftp.sra.ebi.ac.uk/vol1/fastq/DRR636/DRR636993/DRR636993_2.fastq.gz,,mmapbench
seqinspector_2609_ERR14946176,https://ftp.sra.ebi.ac.uk/vol1/fastq/ERR149/076/ERR14946176/ERR14946176_1.fastq.gz,https://ftp.sra.ebi.ac.uk/vol1/fastq/ERR149/076/ERR14946176/ERR14946176_2.fastq.gz,,mmapbench
seqinspector_2610_ERR3969627,https://ftp.sra.ebi.ac.uk/vol1/fastq/ERR396/007/ERR3969627/ERR3969627_1.fastq.gz,https://ftp.sra.ebi.ac.uk/vol1/fastq/ERR396/007/ERR3969627/ERR3969627_2.fastq.gz,,mmapbench
seqinspector_2611_ERR12520458,https://ftp.sra.ebi.ac.uk/vol1/fastq/ERR125/058/ERR12520458/ERR12520458_1.fastq.gz,https://ftp.sra.ebi.ac.uk/vol1/fastq/ERR125/058/ERR12520458/ERR12520458_2.fastq.gz,,mmapbench
seqinspector_2612_ERR13391869,https://ftp.sra.ebi.ac.uk/vol1/fastq/ERR133/069/ERR13391869/ERR13391869_1.fastq.gz,https://ftp.sra.ebi.ac.uk/vol1/fastq/ERR133/069/ERR13391869/ERR13391869_2.fastq.gz,,mmapbench
seqinspector_2613_ERR14789160,https://ftp.sra.ebi.ac.uk/vol1/fastq/ERR147/060/ERR14789160/ERR14789160_1.fastq.gz,https://ftp.sra.ebi.ac.uk/vol1/fastq/ERR147/060/ERR14789160/ERR14789160_2.fastq.gz,,mmapbench
seqinspector_2614_ERR2608470,https://ftp.sra.ebi.ac.uk/vol1/fastq/ERR260/000/ERR2608470/ERR2608470_1.fastq.gz,https://ftp.sra.ebi.ac.uk/vol1/fastq/ERR260/000/ERR2608470/ERR2608470_2.fastq.gz,,mmapbench
seqinspector_2615_ERR14195351,https://ftp.sra.ebi.ac.uk/vol1/fastq/ERR141/051/ERR14195351/ERR14195351_1.fastq.gz,https://ftp.sra.ebi.ac.uk/vol1/fastq/ERR141/051/ERR14195351/ERR14195351_2.fastq.gz,,mmapbench
seqinspector_2616_ERR2747572,https://ftp.sra.ebi.ac.uk/vol1/fastq/ERR274/002/ERR2747572/ERR2747572_1.fastq.gz,https://ftp.sra.ebi.ac.uk/vol1/fastq/ERR274/002/ERR2747572/ERR2747572_2.fastq.gz,,mmapbench
seqinspector_2617_ERR14946067,https://ftp.sra.ebi.ac.uk/vol1/fastq/ERR149/067/ERR14946067/ERR14946067_1.fastq.gz,https://ftp.sra.ebi.ac.uk/vol1/fastq/ERR149/067/ERR14946067/ERR14946067_2.fastq.gz,,mmapbench
seqinspector_2618_ERR11489814,https://ftp.sra.ebi.ac.uk/vol1/fastq/ERR114/014/ERR11489814/ERR11489814_1.fastq.gz,https://ftp.sra.ebi.ac.uk/vol1/fastq/ERR114/014/ERR11489814/ERR11489814_2.fastq.gz,,mmapbench
seqinspector_2619_ERR14953628,https://ftp.sra.ebi.ac.uk/vol1/fastq/ERR149/028/ERR14953628/ERR14953628_1.fastq.gz,https://ftp.sra.ebi.ac.uk/vol1/fastq/ERR149/028/ERR14953628/ERR14953628_2.fastq.gz,,mmapbench
seqinspector_2620_ERR14927688,https://ftp.sra.ebi.ac.uk/vol1/fastq/ERR149/088/ERR14927688/ERR14927688_1.fastq.gz,https://ftp.sra.ebi.ac.uk/vol1/fastq/ERR149/088/ERR14927688/ERR14927688_2.fastq.gz,,mmapbench
seqinspector_2621_ERR10749606,https://ftp.sra.ebi.ac.uk/vol1/fastq/ERR107/006/ERR10749606/ERR10749606_1.fastq.gz,https://ftp.sra.ebi.ac.uk/vol1/fastq/ERR107/006/ERR10749606/ERR10749606_2.fastq.gz,,mmapbench
seqinspector_2622_ERR3728232,https://ftp.sra.ebi.ac.uk/vol1/fastq/ERR372/002/ERR3728232/ERR3728232_1.fastq.gz,https://ftp.sra.ebi.ac.uk/vol1/fastq/ERR372/002/ERR3728232/ERR3728232_2.fastq.gz,,mmapbench
seqinspector_2623_ERR12220456,https://ftp.sra.ebi.ac.uk/vol1/fastq/ERR122/056/ERR12220456/ERR12220456_1.fastq.gz,https://ftp.sra.ebi.ac.uk/vol1/fastq/ERR122/056/ERR12220456/ERR12220456_2.fastq.gz,,mmapbench
seqinspector_2624_ERR3969629,https://ftp.sra.ebi.ac.uk/vol1/fastq/ERR396/009/ERR3969629/ERR3969629_1.fastq.gz,https://ftp.sra.ebi.ac.uk/vol1/fastq/ERR396/009/ERR3969629/ERR3969629_2.fastq.gz,,mmapbench
seqinspector_2625_ERR2747540,https://ftp.sra.ebi.ac.uk/vol1/fastq/ERR274/000/ERR2747540/ERR2747540_1.fastq.gz,https://ftp.sra.ebi.ac.uk/vol1/fastq/ERR274/000/ERR2747540/ERR2747540_2.fastq.gz,,mmapbench
seqinspector_2626_ERR4503555,https://ftp.sra.ebi.ac.uk/vol1/fastq/ERR450/005/ERR4503555/ERR4503555_1.fastq.gz,https://ftp.sra.ebi.ac.uk/vol1/fastq/ERR450/005/ERR4503555/ERR4503555_2.fastq.gz,,mmapbench
seqinspector_2627_ERR14211525,https://ftp.sra.ebi.ac.uk/vol1/fastq/ERR142/025/ERR14211525/ERR14211525_1.fastq.gz,https://ftp.sra.ebi.ac.uk/vol1/fastq/ERR142/025/ERR14211525/ERR14211525_2.fastq.gz,,mmapbench
seqinspector_2628_DRR735471,https://ftp.sra.ebi.ac.uk/vol1/fastq/DRR735/DRR735471/DRR735471_1.fastq.gz,https://ftp.sra.ebi.ac.uk/vol1/fastq/DRR735/DRR735471/DRR735471_2.fastq.gz,,mmapbench
seqinspector_2629_ERR17273061,https://ftp.sra.ebi.ac.uk/vol1/fastq/ERR172/061/ERR17273061/ERR17273061_1.fastq.gz,https://ftp.sra.ebi.ac.uk/vol1/fastq/ERR172/061/ERR17273061/ERR17273061_2.fastq.gz,,mmapbench
seqinspector_2630_ERR3955492,https://ftp.sra.ebi.ac.uk/vol1/fastq/ERR395/002/ERR3955492/ERR3955492_1.fastq.gz,https://ftp.sra.ebi.ac.uk/vol1/fastq/ERR395/002/ERR3955492/ERR3955492_2.fastq.gz,,mmapbench
seqinspector_2631_ERR14210796,https://ftp.sra.ebi.ac.uk/vol1/fastq/ERR142/096/ERR14210796/ERR14210796_1.fastq.gz,https://ftp.sra.ebi.ac.uk/vol1/fastq/ERR142/096/ERR14210796/ERR14210796_2.fastq.gz,,mmapbench
seqinspector_2632_ERR14854135,https://ftp.sra.ebi.ac.uk/vol1/fastq/ERR148/035/ERR14854135/ERR14854135_1.fastq.gz,https://ftp.sra.ebi.ac.uk/vol1/fastq/ERR148/035/ERR14854135/ERR14854135_2.fastq.gz,,mmapbench
seqinspector_2633_ERR14194836,https://ftp.sra.ebi.ac.uk/vol1/fastq/ERR141/036/ERR14194836/ERR14194836_1.fastq.gz,https://ftp.sra.ebi.ac.uk/vol1/fastq/ERR141/036/ERR14194836/ERR14194836_2.fastq.gz,,mmapbench
seqinspector_2634_ERR14195670,https://ftp.sra.ebi.ac.uk/vol1/fastq/ERR141/070/ERR14195670/ERR14195670_1.fastq.gz,https://ftp.sra.ebi.ac.uk/vol1/fastq/ERR141/070/ERR14195670/ERR14195670_2.fastq.gz,,mmapbench
seqinspector_2635_ERR14211816,https://ftp.sra.ebi.ac.uk/vol1/fastq/ERR142/016/ERR14211816/ERR14211816_1.fastq.gz,https://ftp.sra.ebi.ac.uk/vol1/fastq/ERR142/016/ERR14211816/ERR14211816_2.fastq.gz,,mmapbench
seqinspector_2636_ERR14195692,https://ftp.sra.ebi.ac.uk/vol1/fastq/ERR141/092/ERR14195692/ERR14195692_1.fastq.gz,https://ftp.sra.ebi.ac.uk/vol1/fastq/ERR141/092/ERR14195692/ERR14195692_2.fastq.gz,,mmapbench
seqinspector_2637_ERR12038291,https://ftp.sra.ebi.ac.uk/vol1/fastq/ERR120/091/ERR12038291/ERR12038291_1.fastq.gz,https://ftp.sra.ebi.ac.uk/vol1/fastq/ERR120/091/ERR12038291/ERR12038291_2.fastq.gz,,mmapbench
seqinspector_2638_ERR12219392,https://ftp.sra.ebi.ac.uk/vol1/fastq/ERR122/092/ERR12219392/ERR12219392_1.fastq.gz,https://ftp.sra.ebi.ac.uk/vol1/fastq/ERR122/092/ERR12219392/ERR12219392_2.fastq.gz,,mmapbench
seqinspector_2639_ERR13392007,https://ftp.sra.ebi.ac.uk/vol1/fastq/ERR133/007/ERR13392007/ERR13392007_1.fastq.gz,https://ftp.sra.ebi.ac.uk/vol1/fastq/ERR133/007/ERR13392007/ERR13392007_2.fastq.gz,,mmapbench
seqinspector_2640_ERR16023955,https://ftp.sra.ebi.ac.uk/vol1/fastq/ERR160/055/ERR16023955/ERR16023955_1.fastq.gz,https://ftp.sra.ebi.ac.uk/vol1/fastq/ERR160/055/ERR16023955/ERR16023955_2.fastq.gz,,mmapbench
seqinspector_2641_ERR2608185,https://ftp.sra.ebi.ac.uk/vol1/fastq/ERR260/005/ERR2608185/ERR2608185_1.fastq.gz,https://ftp.sra.ebi.ac.uk/vol1/fastq/ERR260/005/ERR2608185/ERR2608185_2.fastq.gz,,mmapbench
seqinspector_2642_ERR2608503,https://ftp.sra.ebi.ac.uk/vol1/fastq/ERR260/003/ERR2608503/ERR2608503_1.fastq.gz,https://ftp.sra.ebi.ac.uk/vol1/fastq/ERR260/003/ERR2608503/ERR2608503_2.fastq.gz,,mmapbench
seqinspector_2643_ERR2611537,https://ftp.sra.ebi.ac.uk/vol1/fastq/ERR261/007/ERR2611537/ERR2611537_1.fastq.gz,https://ftp.sra.ebi.ac.uk/vol1/fastq/ERR261/007/ERR2611537/ERR2611537_2.fastq.gz,,mmapbench
seqinspector_2644_ERR17463677,https://ftp.sra.ebi.ac.uk/vol1/fastq/ERR174/077/ERR17463677/ERR17463677_1.fastq.gz,https://ftp.sra.ebi.ac.uk/vol1/fastq/ERR174/077/ERR17463677/ERR17463677_2.fastq.gz,,mmapbench
seqinspector_2645_ERR2608316,https://ftp.sra.ebi.ac.uk/vol1/fastq/ERR260/006/ERR2608316/ERR2608316_1.fastq.gz,https://ftp.sra.ebi.ac.uk/vol1/fastq/ERR260/006/ERR2608316/ERR2608316_2.fastq.gz,,mmapbench
seqinspector_2646_ERR12556072,https://ftp.sra.ebi.ac.uk/vol1/fastq/ERR125/072/ERR12556072/ERR12556072_1.fastq.gz,https://ftp.sra.ebi.ac.uk/vol1/fastq/ERR125/072/ERR12556072/ERR12556072_2.fastq.gz,,mmapbench
seqinspector_2647_ERR15667896,https://ftp.sra.ebi.ac.uk/vol1/fastq/ERR156/096/ERR15667896/ERR15667896_1.fastq.gz,https://ftp.sra.ebi.ac.uk/vol1/fastq/ERR156/096/ERR15667896/ERR15667896_2.fastq.gz,,mmapbench
seqinspector_2648_DRR777234,https://ftp.sra.ebi.ac.uk/vol1/fastq/DRR777/DRR777234/DRR777234_1.fastq.gz,https://ftp.sra.ebi.ac.uk/vol1/fastq/DRR777/DRR777234/DRR777234_2.fastq.gz,,mmapbench
seqinspector_2649_ERR2608339,https://ftp.sra.ebi.ac.uk/vol1/fastq/ERR260/009/ERR2608339/ERR2608339_1.fastq.gz,https://ftp.sra.ebi.ac.uk/vol1/fastq/ERR260/009/ERR2608339/ERR2608339_2.fastq.gz,,mmapbench
seqinspector_2650_ERR4503150,https://ftp.sra.ebi.ac.uk/vol1/fastq/ERR450/000/ERR4503150/ERR4503150_1.fastq.gz,https://ftp.sra.ebi.ac.uk/vol1/fastq/ERR450/000/ERR4503150/ERR4503150_2.fastq.gz,,mmapbench
seqinspector_2651_ERR2734376,https://ftp.sra.ebi.ac.uk/vol1/fastq/ERR273/006/ERR2734376/ERR2734376_1.fastq.gz,https://ftp.sra.ebi.ac.uk/vol1/fastq/ERR273/006/ERR2734376/ERR2734376_2.fastq.gz,,mmapbench
seqinspector_2652_ERR2735965,https://ftp.sra.ebi.ac.uk/vol1/fastq/ERR273/005/ERR2735965/ERR2735965_1.fastq.gz,https://ftp.sra.ebi.ac.uk/vol1/fastq/ERR273/005/ERR2735965/ERR2735965_2.fastq.gz,,mmapbench
seqinspector_2653_ERR12520455,https://ftp.sra.ebi.ac.uk/vol1/fastq/ERR125/055/ERR12520455/ERR12520455_1.fastq.gz,https://ftp.sra.ebi.ac.uk/vol1/fastq/ERR125/055/ERR12520455/ERR12520455_2.fastq.gz,,mmapbench
seqinspector_2654_ERR14952503,https://ftp.sra.ebi.ac.uk/vol1/fastq/ERR149/003/ERR14952503/ERR14952503_1.fastq.gz,https://ftp.sra.ebi.ac.uk/vol1/fastq/ERR149/003/ERR14952503/ERR14952503_2.fastq.gz,,mmapbench
seqinspector_2655_ERR10207600,https://ftp.sra.ebi.ac.uk/vol1/fastq/ERR102/000/ERR10207600/ERR10207600_1.fastq.gz,https://ftp.sra.ebi.ac.uk/vol1/fastq/ERR102/000/ERR10207600/ERR10207600_2.fastq.gz,,mmapbench
seqinspector_2656_ERR12556071,https://ftp.sra.ebi.ac.uk/vol1/fastq/ERR125/071/ERR12556071/ERR12556071_1.fastq.gz,https://ftp.sra.ebi.ac.uk/vol1/fastq/ERR125/071/ERR12556071/ERR12556071_2.fastq.gz,,mmapbench
seqinspector_2657_DRR859163,https://ftp.sra.ebi.ac.uk/vol1/fastq/DRR859/DRR859163/DRR859163_1.fastq.gz,https://ftp.sra.ebi.ac.uk/vol1/fastq/DRR859/DRR859163/DRR859163_2.fastq.gz,,mmapbench
seqinspector_2658_ERR12520445,https://ftp.sra.ebi.ac.uk/vol1/fastq/ERR125/045/ERR12520445/ERR12520445_1.fastq.gz,https://ftp.sra.ebi.ac.uk/vol1/fastq/ERR125/045/ERR12520445/ERR12520445_2.fastq.gz,,mmapbench
seqinspector_2659_ERR16730059,https://ftp.sra.ebi.ac.uk/vol1/fastq/ERR167/059/ERR16730059/ERR16730059_1.fastq.gz,https://ftp.sra.ebi.ac.uk/vol1/fastq/ERR167/059/ERR16730059/ERR16730059_2.fastq.gz,,mmapbench
seqinspector_2660_ERR10897666,https://ftp.sra.ebi.ac.uk/vol1/fastq/ERR108/066/ERR10897666/ERR10897666_1.fastq.gz,https://ftp.sra.ebi.ac.uk/vol1/fastq/ERR108/066/ERR10897666/ERR10897666_2.fastq.gz,,mmapbench
seqinspector_2661_ERR14211364,https://ftp.sra.ebi.ac.uk/vol1/fastq/ERR142/064/ERR14211364/ERR14211364_1.fastq.gz,https://ftp.sra.ebi.ac.uk/vol1/fastq/ERR142/064/ERR14211364/ERR14211364_2.fastq.gz,,mmapbench
seqinspector_2662_ERR14195218,https://ftp.sra.ebi.ac.uk/vol1/fastq/ERR141/018/ERR14195218/ERR14195218_1.fastq.gz,https://ftp.sra.ebi.ac.uk/vol1/fastq/ERR141/018/ERR14195218/ERR14195218_2.fastq.gz,,mmapbench
seqinspector_2663_ERR16003811,https://ftp.sra.ebi.ac.uk/vol1/fastq/ERR160/011/ERR16003811/ERR16003811_1.fastq.gz,https://ftp.sra.ebi.ac.uk/vol1/fastq/ERR160/011/ERR16003811/ERR16003811_2.fastq.gz,,mmapbench
seqinspector_2664_ERR14927737,https://ftp.sra.ebi.ac.uk/vol1/fastq/ERR149/037/ERR14927737/ERR14927737_1.fastq.gz,https://ftp.sra.ebi.ac.uk/vol1/fastq/ERR149/037/ERR14927737/ERR14927737_2.fastq.gz,,mmapbench
seqinspector_2665_ERR3771506,https://ftp.sra.ebi.ac.uk/vol1/fastq/ERR377/006/ERR3771506/ERR3771506_1.fastq.gz,https://ftp.sra.ebi.ac.uk/vol1/fastq/ERR377/006/ERR3771506/ERR3771506_2.fastq.gz,,mmapbench
seqinspector_2666_ERR14801668,https://ftp.sra.ebi.ac.uk/vol1/fastq/ERR148/068/ERR14801668/ERR14801668_1.fastq.gz,https://ftp.sra.ebi.ac.uk/vol1/fastq/ERR148/068/ERR14801668/ERR14801668_2.fastq.gz,,mmapbench
seqinspector_2667_ERR2580716,https://ftp.sra.ebi.ac.uk/vol1/fastq/ERR258/006/ERR2580716/ERR2580716_1.fastq.gz,https://ftp.sra.ebi.ac.uk/vol1/fastq/ERR258/006/ERR2580716/ERR2580716_2.fastq.gz,,mmapbench
seqinspector_2668_ERR2611633,https://ftp.sra.ebi.ac.uk/vol1/fastq/ERR261/003/ERR2611633/ERR2611633_1.fastq.gz,https://ftp.sra.ebi.ac.uk/vol1/fastq/ERR261/003/ERR2611633/ERR2611633_2.fastq.gz,,mmapbench
seqinspector_2669_ERR3955475,https://ftp.sra.ebi.ac.uk/vol1/fastq/ERR395/005/ERR3955475/ERR3955475_1.fastq.gz,https://ftp.sra.ebi.ac.uk/vol1/fastq/ERR395/005/ERR3955475/ERR3955475_2.fastq.gz,,mmapbench
seqinspector_2670_ERR15667864,https://ftp.sra.ebi.ac.uk/vol1/fastq/ERR156/064/ERR15667864/ERR15667864_1.fastq.gz,https://ftp.sra.ebi.ac.uk/vol1/fastq/ERR156/064/ERR15667864/ERR15667864_2.fastq.gz,,mmapbench
seqinspector_2671_DRR229334,https://ftp.sra.ebi.ac.uk/vol1/fastq/DRR229/DRR229334/DRR229334_1.fastq.gz,https://ftp.sra.ebi.ac.uk/vol1/fastq/DRR229/DRR229334/DRR229334_2.fastq.gz,,mmapbench
seqinspector_2672_ERR2608408,https://ftp.sra.ebi.ac.uk/vol1/fastq/ERR260/008/ERR2608408/ERR2608408_1.fastq.gz,https://ftp.sra.ebi.ac.uk/vol1/fastq/ERR260/008/ERR2608408/ERR2608408_2.fastq.gz,,mmapbench
seqinspector_2673_ERR12556584,https://ftp.sra.ebi.ac.uk/vol1/fastq/ERR125/084/ERR12556584/ERR12556584_1.fastq.gz,https://ftp.sra.ebi.ac.uk/vol1/fastq/ERR125/084/ERR12556584/ERR12556584_2.fastq.gz,,mmapbench
seqinspector_2674_ERR15136007,https://ftp.sra.ebi.ac.uk/vol1/fastq/ERR151/007/ERR15136007/ERR15136007_1.fastq.gz,https://ftp.sra.ebi.ac.uk/vol1/fastq/ERR151/007/ERR15136007/ERR15136007_2.fastq.gz,,mmapbench
seqinspector_2675_ERR14211522,https://ftp.sra.ebi.ac.uk/vol1/fastq/ERR142/022/ERR14211522/ERR14211522_1.fastq.gz,https://ftp.sra.ebi.ac.uk/vol1/fastq/ERR142/022/ERR14211522/ERR14211522_2.fastq.gz,,mmapbench
seqinspector_2676_ERR16147336,https://ftp.sra.ebi.ac.uk/vol1/fastq/ERR161/036/ERR16147336/ERR16147336_1.fastq.gz,https://ftp.sra.ebi.ac.uk/vol1/fastq/ERR161/036/ERR16147336/ERR16147336_2.fastq.gz,,mmapbench
seqinspector_2677_ERR16713509,https://ftp.sra.ebi.ac.uk/vol1/fastq/ERR167/009/ERR16713509/ERR16713509_1.fastq.gz,https://ftp.sra.ebi.ac.uk/vol1/fastq/ERR167/009/ERR16713509/ERR16713509_2.fastq.gz,,mmapbench
seqinspector_2678_ERR3955005,https://ftp.sra.ebi.ac.uk/vol1/fastq/ERR395/005/ERR3955005/ERR3955005_1.fastq.gz,https://ftp.sra.ebi.ac.uk/vol1/fastq/ERR395/005/ERR3955005/ERR3955005_2.fastq.gz,,mmapbench
seqinspector_2679_ERR16024439,https://ftp.sra.ebi.ac.uk/vol1/fastq/ERR160/039/ERR16024439/ERR16024439_1.fastq.gz,https://ftp.sra.ebi.ac.uk/vol1/fastq/ERR160/039/ERR16024439/ERR16024439_2.fastq.gz,,mmapbench
seqinspector_2680_ERR12520592,https://ftp.sra.ebi.ac.uk/vol1/fastq/ERR125/092/ERR12520592/ERR12520592_1.fastq.gz,https://ftp.sra.ebi.ac.uk/vol1/fastq/ERR125/092/ERR12520592/ERR12520592_2.fastq.gz,,mmapbench
seqinspector_2681_ERR16010558,https://ftp.sra.ebi.ac.uk/vol1/fastq/ERR160/058/ERR16010558/ERR16010558_1.fastq.gz,https://ftp.sra.ebi.ac.uk/vol1/fastq/ERR160/058/ERR16010558/ERR16010558_2.fastq.gz,,mmapbench
seqinspector_2682_ERR12038275,https://ftp.sra.ebi.ac.uk/vol1/fastq/ERR120/075/ERR12038275/ERR12038275_1.fastq.gz,https://ftp.sra.ebi.ac.uk/vol1/fastq/ERR120/075/ERR12038275/ERR12038275_2.fastq.gz,,mmapbench
seqinspector_2683_ERR12520347,https://ftp.sra.ebi.ac.uk/vol1/fastq/ERR125/047/ERR12520347/ERR12520347_1.fastq.gz,https://ftp.sra.ebi.ac.uk/vol1/fastq/ERR125/047/ERR12520347/ERR12520347_2.fastq.gz,,mmapbench
seqinspector_2684_ERR14999174,https://ftp.sra.ebi.ac.uk/vol1/fastq/ERR149/074/ERR14999174/ERR14999174_1.fastq.gz,https://ftp.sra.ebi.ac.uk/vol1/fastq/ERR149/074/ERR14999174/ERR14999174_2.fastq.gz,,mmapbench
seqinspector_2685_ERR14789470,https://ftp.sra.ebi.ac.uk/vol1/fastq/ERR147/070/ERR14789470/ERR14789470_1.fastq.gz,https://ftp.sra.ebi.ac.uk/vol1/fastq/ERR147/070/ERR14789470/ERR14789470_2.fastq.gz,,mmapbench
seqinspector_2686_ERR16908497,https://ftp.sra.ebi.ac.uk/vol1/fastq/ERR169/097/ERR16908497/ERR16908497_1.fastq.gz,https://ftp.sra.ebi.ac.uk/vol1/fastq/ERR169/097/ERR16908497/ERR16908497_2.fastq.gz,,mmapbench
seqinspector_2687_ERR2580710,https://ftp.sra.ebi.ac.uk/vol1/fastq/ERR258/000/ERR2580710/ERR2580710_1.fastq.gz,https://ftp.sra.ebi.ac.uk/vol1/fastq/ERR258/000/ERR2580710/ERR2580710_2.fastq.gz,,mmapbench
seqinspector_2688_ERR12219391,https://ftp.sra.ebi.ac.uk/vol1/fastq/ERR122/091/ERR12219391/ERR12219391_1.fastq.gz,https://ftp.sra.ebi.ac.uk/vol1/fastq/ERR122/091/ERR12219391/ERR12219391_2.fastq.gz,,mmapbench
seqinspector_2689_ERR14061566,https://ftp.sra.ebi.ac.uk/vol1/fastq/ERR140/066/ERR14061566/ERR14061566_1.fastq.gz,https://ftp.sra.ebi.ac.uk/vol1/fastq/ERR140/066/ERR14061566/ERR14061566_2.fastq.gz,,mmapbench
seqinspector_2690_ERR10683108,https://ftp.sra.ebi.ac.uk/vol1/fastq/ERR106/008/ERR10683108/ERR10683108_1.fastq.gz,https://ftp.sra.ebi.ac.uk/vol1/fastq/ERR106/008/ERR10683108/ERR10683108_2.fastq.gz,,mmapbench
seqinspector_2691_ERR14789142,https://ftp.sra.ebi.ac.uk/vol1/fastq/ERR147/042/ERR14789142/ERR14789142_1.fastq.gz,https://ftp.sra.ebi.ac.uk/vol1/fastq/ERR147/042/ERR14789142/ERR14789142_2.fastq.gz,,mmapbench
seqinspector_2692_ERR11704931,https://ftp.sra.ebi.ac.uk/vol1/fastq/ERR117/031/ERR11704931/ERR11704931_1.fastq.gz,https://ftp.sra.ebi.ac.uk/vol1/fastq/ERR117/031/ERR11704931/ERR11704931_2.fastq.gz,,mmapbench
seqinspector_2693_ERR12308541,https://ftp.sra.ebi.ac.uk/vol1/fastq/ERR123/041/ERR12308541/ERR12308541_1.fastq.gz,https://ftp.sra.ebi.ac.uk/vol1/fastq/ERR123/041/ERR12308541/ERR12308541_2.fastq.gz,,mmapbench
seqinspector_2694_ERR12329264,https://ftp.sra.ebi.ac.uk/vol1/fastq/ERR123/064/ERR12329264/ERR12329264_1.fastq.gz,https://ftp.sra.ebi.ac.uk/vol1/fastq/ERR123/064/ERR12329264/ERR12329264_2.fastq.gz,,mmapbench
seqinspector_2695_ERR14801536,https://ftp.sra.ebi.ac.uk/vol1/fastq/ERR148/036/ERR14801536/ERR14801536_1.fastq.gz,https://ftp.sra.ebi.ac.uk/vol1/fastq/ERR148/036/ERR14801536/ERR14801536_2.fastq.gz,,mmapbench
seqinspector_2696_ERR2011835,https://ftp.sra.ebi.ac.uk/vol1/fastq/ERR201/005/ERR2011835/ERR2011835_1.fastq.gz,https://ftp.sra.ebi.ac.uk/vol1/fastq/ERR201/005/ERR2011835/ERR2011835_2.fastq.gz,,mmapbench
seqinspector_2697_ERR3682547,https://ftp.sra.ebi.ac.uk/vol1/fastq/ERR368/007/ERR3682547/ERR3682547_1.fastq.gz,https://ftp.sra.ebi.ac.uk/vol1/fastq/ERR368/007/ERR3682547/ERR3682547_2.fastq.gz,,mmapbench
seqinspector_2698_ERR11479616,https://ftp.sra.ebi.ac.uk/vol1/fastq/ERR114/016/ERR11479616/ERR11479616_1.fastq.gz,https://ftp.sra.ebi.ac.uk/vol1/fastq/ERR114/016/ERR11479616/ERR11479616_2.fastq.gz,,mmapbench
seqinspector_2699_ERR12032931,https://ftp.sra.ebi.ac.uk/vol1/fastq/ERR120/031/ERR12032931/ERR12032931_1.fastq.gz,https://ftp.sra.ebi.ac.uk/vol1/fastq/ERR120/031/ERR12032931/ERR12032931_2.fastq.gz,,mmapbench
seqinspector_2700_ERR2735983,https://ftp.sra.ebi.ac.uk/vol1/fastq/ERR273/003/ERR2735983/ERR2735983_1.fastq.gz,https://ftp.sra.ebi.ac.uk/vol1/fastq/ERR273/003/ERR2735983/ERR2735983_2.fastq.gz,,mmapbench
seqinspector_2701_ERR3726535,https://ftp.sra.ebi.ac.uk/vol1/fastq/ERR372/005/ERR3726535/ERR3726535_1.fastq.gz,https://ftp.sra.ebi.ac.uk/vol1/fastq/ERR372/005/ERR3726535/ERR3726535_2.fastq.gz,,mmapbench
seqinspector_2702_ERR13391763,https://ftp.sra.ebi.ac.uk/vol1/fastq/ERR133/063/ERR13391763/ERR13391763_1.fastq.gz,https://ftp.sra.ebi.ac.uk/vol1/fastq/ERR133/063/ERR13391763/ERR13391763_2.fastq.gz,,mmapbench
seqinspector_2703_ERR15135759,https://ftp.sra.ebi.ac.uk/vol1/fastq/ERR151/059/ERR15135759/ERR15135759_1.fastq.gz,https://ftp.sra.ebi.ac.uk/vol1/fastq/ERR151/059/ERR15135759/ERR15135759_2.fastq.gz,,mmapbench
seqinspector_2704_ERR16011135,https://ftp.sra.ebi.ac.uk/vol1/fastq/ERR160/035/ERR16011135/ERR16011135_1.fastq.gz,https://ftp.sra.ebi.ac.uk/vol1/fastq/ERR160/035/ERR16011135/ERR16011135_2.fastq.gz,,mmapbench
seqinspector_2705_ERR15898333,https://ftp.sra.ebi.ac.uk/vol1/fastq/ERR158/033/ERR15898333/ERR15898333_1.fastq.gz,https://ftp.sra.ebi.ac.uk/vol1/fastq/ERR158/033/ERR15898333/ERR15898333_2.fastq.gz,,mmapbench
seqinspector_2706_ERR12520478,https://ftp.sra.ebi.ac.uk/vol1/fastq/ERR125/078/ERR12520478/ERR12520478_1.fastq.gz,https://ftp.sra.ebi.ac.uk/vol1/fastq/ERR125/078/ERR12520478/ERR12520478_2.fastq.gz,,mmapbench
seqinspector_2707_ERR2608365,https://ftp.sra.ebi.ac.uk/vol1/fastq/ERR260/005/ERR2608365/ERR2608365_1.fastq.gz,https://ftp.sra.ebi.ac.uk/vol1/fastq/ERR260/005/ERR2608365/ERR2608365_2.fastq.gz,,mmapbench
seqinspector_2708_ERR3726645,https://ftp.sra.ebi.ac.uk/vol1/fastq/ERR372/005/ERR3726645/ERR3726645_1.fastq.gz,https://ftp.sra.ebi.ac.uk/vol1/fastq/ERR372/005/ERR3726645/ERR3726645_2.fastq.gz,,mmapbench
seqinspector_2709_ERR14195576,https://ftp.sra.ebi.ac.uk/vol1/fastq/ERR141/076/ERR14195576/ERR14195576_1.fastq.gz,https://ftp.sra.ebi.ac.uk/vol1/fastq/ERR141/076/ERR14195576/ERR14195576_2.fastq.gz,,mmapbench
seqinspector_2710_ERR2608344,https://ftp.sra.ebi.ac.uk/vol1/fastq/ERR260/004/ERR2608344/ERR2608344_1.fastq.gz,https://ftp.sra.ebi.ac.uk/vol1/fastq/ERR260/004/ERR2608344/ERR2608344_2.fastq.gz,,mmapbench
seqinspector_2711_ERR16746226,https://ftp.sra.ebi.ac.uk/vol1/fastq/ERR167/026/ERR16746226/ERR16746226_1.fastq.gz,https://ftp.sra.ebi.ac.uk/vol1/fastq/ERR167/026/ERR16746226/ERR16746226_2.fastq.gz,,mmapbench
seqinspector_2712_ERR14195269,https://ftp.sra.ebi.ac.uk/vol1/fastq/ERR141/069/ERR14195269/ERR14195269_1.fastq.gz,https://ftp.sra.ebi.ac.uk/vol1/fastq/ERR141/069/ERR14195269/ERR14195269_2.fastq.gz,,mmapbench
seqinspector_2713_ERR14211415,https://ftp.sra.ebi.ac.uk/vol1/fastq/ERR142/015/ERR14211415/ERR14211415_1.fastq.gz,https://ftp.sra.ebi.ac.uk/vol1/fastq/ERR142/015/ERR14211415/ERR14211415_2.fastq.gz,,mmapbench
seqinspector_2714_ERR2608306,https://ftp.sra.ebi.ac.uk/vol1/fastq/ERR260/006/ERR2608306/ERR2608306_1.fastq.gz,https://ftp.sra.ebi.ac.uk/vol1/fastq/ERR260/006/ERR2608306/ERR2608306_2.fastq.gz,,mmapbench
seqinspector_2715_ERR2736005,https://ftp.sra.ebi.ac.uk/vol1/fastq/ERR273/005/ERR2736005/ERR2736005_1.fastq.gz,https://ftp.sra.ebi.ac.uk/vol1/fastq/ERR273/005/ERR2736005/ERR2736005_2.fastq.gz,,mmapbench
seqinspector_2716_ERR13392620,https://ftp.sra.ebi.ac.uk/vol1/fastq/ERR133/020/ERR13392620/ERR13392620_1.fastq.gz,https://ftp.sra.ebi.ac.uk/vol1/fastq/ERR133/020/ERR13392620/ERR13392620_2.fastq.gz,,mmapbench
seqinspector_2717_ERR11669348,https://ftp.sra.ebi.ac.uk/vol1/fastq/ERR116/048/ERR11669348/ERR11669348_1.fastq.gz,https://ftp.sra.ebi.ac.uk/vol1/fastq/ERR116/048/ERR11669348/ERR11669348_2.fastq.gz,,mmapbench
seqinspector_2718_ERR3699621,https://ftp.sra.ebi.ac.uk/vol1/fastq/ERR369/001/ERR3699621/ERR3699621_1.fastq.gz,https://ftp.sra.ebi.ac.uk/vol1/fastq/ERR369/001/ERR3699621/ERR3699621_2.fastq.gz,,mmapbench
seqinspector_2719_ERR16908488,https://ftp.sra.ebi.ac.uk/vol1/fastq/ERR169/088/ERR16908488/ERR16908488_1.fastq.gz,https://ftp.sra.ebi.ac.uk/vol1/fastq/ERR169/088/ERR16908488/ERR16908488_2.fastq.gz,,mmapbench
seqinspector_2720_ERR2608543,https://ftp.sra.ebi.ac.uk/vol1/fastq/ERR260/003/ERR2608543/ERR2608543_1.fastq.gz,https://ftp.sra.ebi.ac.uk/vol1/fastq/ERR260/003/ERR2608543/ERR2608543_2.fastq.gz,,mmapbench
seqinspector_2721_ERR14789350,https://ftp.sra.ebi.ac.uk/vol1/fastq/ERR147/050/ERR14789350/ERR14789350_1.fastq.gz,https://ftp.sra.ebi.ac.uk/vol1/fastq/ERR147/050/ERR14789350/ERR14789350_2.fastq.gz,,mmapbench
seqinspector_2722_ERR14999827,https://ftp.sra.ebi.ac.uk/vol1/fastq/ERR149/027/ERR14999827/ERR14999827_1.fastq.gz,https://ftp.sra.ebi.ac.uk/vol1/fastq/ERR149/027/ERR14999827/ERR14999827_2.fastq.gz,,mmapbench
seqinspector_2723_ERR2977202,https://ftp.sra.ebi.ac.uk/vol1/fastq/ERR297/002/ERR2977202/ERR2977202_1.fastq.gz,https://ftp.sra.ebi.ac.uk/vol1/fastq/ERR297/002/ERR2977202/ERR2977202_2.fastq.gz,,mmapbench
seqinspector_2724_ERR16713718,https://ftp.sra.ebi.ac.uk/vol1/fastq/ERR167/018/ERR16713718/ERR16713718_1.fastq.gz,https://ftp.sra.ebi.ac.uk/vol1/fastq/ERR167/018/ERR16713718/ERR16713718_2.fastq.gz,,mmapbench
seqinspector_2725_ERR10749510,https://ftp.sra.ebi.ac.uk/vol1/fastq/ERR107/010/ERR10749510/ERR10749510_1.fastq.gz,https://ftp.sra.ebi.ac.uk/vol1/fastq/ERR107/010/ERR10749510/ERR10749510_2.fastq.gz,,mmapbench
seqinspector_2726_ERR14049347,https://ftp.sra.ebi.ac.uk/vol1/fastq/ERR140/047/ERR14049347/ERR14049347_1.fastq.gz,https://ftp.sra.ebi.ac.uk/vol1/fastq/ERR140/047/ERR14049347/ERR14049347_2.fastq.gz,,mmapbench
seqinspector_2727_ERR2608245,https://ftp.sra.ebi.ac.uk/vol1/fastq/ERR260/005/ERR2608245/ERR2608245_1.fastq.gz,https://ftp.sra.ebi.ac.uk/vol1/fastq/ERR260/005/ERR2608245/ERR2608245_2.fastq.gz,,mmapbench
seqinspector_2728_ERR14194894,https://ftp.sra.ebi.ac.uk/vol1/fastq/ERR141/094/ERR14194894/ERR14194894_1.fastq.gz,https://ftp.sra.ebi.ac.uk/vol1/fastq/ERR141/094/ERR14194894/ERR14194894_2.fastq.gz,,mmapbench
seqinspector_2729_ERR3040682,https://ftp.sra.ebi.ac.uk/vol1/fastq/ERR304/002/ERR3040682/ERR3040682_1.fastq.gz,https://ftp.sra.ebi.ac.uk/vol1/fastq/ERR304/002/ERR3040682/ERR3040682_2.fastq.gz,,mmapbench
seqinspector_2730_ERR2608249,https://ftp.sra.ebi.ac.uk/vol1/fastq/ERR260/009/ERR2608249/ERR2608249_1.fastq.gz,https://ftp.sra.ebi.ac.uk/vol1/fastq/ERR260/009/ERR2608249/ERR2608249_2.fastq.gz,,mmapbench
seqinspector_2731_ERR12520579,https://ftp.sra.ebi.ac.uk/vol1/fastq/ERR125/079/ERR12520579/ERR12520579_1.fastq.gz,https://ftp.sra.ebi.ac.uk/vol1/fastq/ERR125/079/ERR12520579/ERR12520579_2.fastq.gz,,mmapbench
seqinspector_2732_ERR14211285,https://ftp.sra.ebi.ac.uk/vol1/fastq/ERR142/085/ERR14211285/ERR14211285_1.fastq.gz,https://ftp.sra.ebi.ac.uk/vol1/fastq/ERR142/085/ERR14211285/ERR14211285_2.fastq.gz,,mmapbench
seqinspector_2733_ERR12032865,https://ftp.sra.ebi.ac.uk/vol1/fastq/ERR120/065/ERR12032865/ERR12032865_1.fastq.gz,https://ftp.sra.ebi.ac.uk/vol1/fastq/ERR120/065/ERR12032865/ERR12032865_2.fastq.gz,,mmapbench
seqinspector_2734_ERR3682559,https://ftp.sra.ebi.ac.uk/vol1/fastq/ERR368/009/ERR3682559/ERR3682559_1.fastq.gz,https://ftp.sra.ebi.ac.uk/vol1/fastq/ERR368/009/ERR3682559/ERR3682559_2.fastq.gz,,mmapbench
seqinspector_2735_ERR16711547,https://ftp.sra.ebi.ac.uk/vol1/fastq/ERR167/047/ERR16711547/ERR16711547_1.fastq.gz,https://ftp.sra.ebi.ac.uk/vol1/fastq/ERR167/047/ERR16711547/ERR16711547_2.fastq.gz,,mmapbench
seqinspector_2736_ERR2608434,https://ftp.sra.ebi.ac.uk/vol1/fastq/ERR260/004/ERR2608434/ERR2608434_1.fastq.gz,https://ftp.sra.ebi.ac.uk/vol1/fastq/ERR260/004/ERR2608434/ERR2608434_2.fastq.gz,,mmapbench
seqinspector_2737_ERR16004023,https://ftp.sra.ebi.ac.uk/vol1/fastq/ERR160/023/ERR16004023/ERR16004023_1.fastq.gz,https://ftp.sra.ebi.ac.uk/vol1/fastq/ERR160/023/ERR16004023/ERR16004023_2.fastq.gz,,mmapbench
seqinspector_2738_ERR3954995,https://ftp.sra.ebi.ac.uk/vol1/fastq/ERR395/005/ERR3954995/ERR3954995_1.fastq.gz,https://ftp.sra.ebi.ac.uk/vol1/fastq/ERR395/005/ERR3954995/ERR3954995_2.fastq.gz,,mmapbench
seqinspector_2739_ERR14946270,https://ftp.sra.ebi.ac.uk/vol1/fastq/ERR149/070/ERR14946270/ERR14946270_1.fastq.gz,https://ftp.sra.ebi.ac.uk/vol1/fastq/ERR149/070/ERR14946270/ERR14946270_2.fastq.gz,,mmapbench
seqinspector_2740_ERR3932383,https://ftp.sra.ebi.ac.uk/vol1/fastq/ERR393/003/ERR3932383/ERR3932383_1.fastq.gz,https://ftp.sra.ebi.ac.uk/vol1/fastq/ERR393/003/ERR3932383/ERR3932383_2.fastq.gz,,mmapbench
seqinspector_2741_ERR12316791,https://ftp.sra.ebi.ac.uk/vol1/fastq/ERR123/091/ERR12316791/ERR12316791_1.fastq.gz,https://ftp.sra.ebi.ac.uk/vol1/fastq/ERR123/091/ERR12316791/ERR12316791_2.fastq.gz,,mmapbench
seqinspector_2742_ERR12086002,https://ftp.sra.ebi.ac.uk/vol1/fastq/ERR120/002/ERR12086002/ERR12086002_1.fastq.gz,https://ftp.sra.ebi.ac.uk/vol1/fastq/ERR120/002/ERR12086002/ERR12086002_2.fastq.gz,,mmapbench
seqinspector_2743_ERR14864007,https://ftp.sra.ebi.ac.uk/vol1/fastq/ERR148/007/ERR14864007/ERR14864007_1.fastq.gz,https://ftp.sra.ebi.ac.uk/vol1/fastq/ERR148/007/ERR14864007/ERR14864007_2.fastq.gz,,mmapbench
seqinspector_2744_ERR10898238,https://ftp.sra.ebi.ac.uk/vol1/fastq/ERR108/038/ERR10898238/ERR10898238_1.fastq.gz,https://ftp.sra.ebi.ac.uk/vol1/fastq/ERR108/038/ERR10898238/ERR10898238_2.fastq.gz,,mmapbench
seqinspector_2745_ERR13491474,https://ftp.sra.ebi.ac.uk/vol1/fastq/ERR134/074/ERR13491474/ERR13491474_1.fastq.gz,https://ftp.sra.ebi.ac.uk/vol1/fastq/ERR134/074/ERR13491474/ERR13491474_2.fastq.gz,,mmapbench
seqinspector_2746_ERR12086007,https://ftp.sra.ebi.ac.uk/vol1/fastq/ERR120/007/ERR12086007/ERR12086007_1.fastq.gz,https://ftp.sra.ebi.ac.uk/vol1/fastq/ERR120/007/ERR12086007/ERR12086007_2.fastq.gz,,mmapbench
seqinspector_2747_ERR15135642,https://ftp.sra.ebi.ac.uk/vol1/fastq/ERR151/042/ERR15135642/ERR15135642_1.fastq.gz,https://ftp.sra.ebi.ac.uk/vol1/fastq/ERR151/042/ERR15135642/ERR15135642_2.fastq.gz,,mmapbench
seqinspector_2748_ERR2608254,https://ftp.sra.ebi.ac.uk/vol1/fastq/ERR260/004/ERR2608254/ERR2608254_1.fastq.gz,https://ftp.sra.ebi.ac.uk/vol1/fastq/ERR260/004/ERR2608254/ERR2608254_2.fastq.gz,,mmapbench
seqinspector_2749_ERR14211901,https://ftp.sra.ebi.ac.uk/vol1/fastq/ERR142/001/ERR14211901/ERR14211901_1.fastq.gz,https://ftp.sra.ebi.ac.uk/vol1/fastq/ERR142/001/ERR14211901/ERR14211901_2.fastq.gz,,mmapbench
seqinspector_2750_ERR14195756,https://ftp.sra.ebi.ac.uk/vol1/fastq/ERR141/056/ERR14195756/ERR14195756_1.fastq.gz,https://ftp.sra.ebi.ac.uk/vol1/fastq/ERR141/056/ERR14195756/ERR14195756_2.fastq.gz,,mmapbench
seqinspector_2751_ERR10207806,https://ftp.sra.ebi.ac.uk/vol1/fastq/ERR102/006/ERR10207806/ERR10207806_1.fastq.gz,https://ftp.sra.ebi.ac.uk/vol1/fastq/ERR102/006/ERR10207806/ERR10207806_2.fastq.gz,,mmapbench
seqinspector_2752_ERR12316808,https://ftp.sra.ebi.ac.uk/vol1/fastq/ERR123/008/ERR12316808/ERR12316808_1.fastq.gz,https://ftp.sra.ebi.ac.uk/vol1/fastq/ERR123/008/ERR12316808/ERR12316808_2.fastq.gz,,mmapbench
seqinspector_2753_ERR3699684,https://ftp.sra.ebi.ac.uk/vol1/fastq/ERR369/004/ERR3699684/ERR3699684_1.fastq.gz,https://ftp.sra.ebi.ac.uk/vol1/fastq/ERR369/004/ERR3699684/ERR3699684_2.fastq.gz,,mmapbench
seqinspector_2754_DRR774170,https://ftp.sra.ebi.ac.uk/vol1/fastq/DRR774/DRR774170/DRR774170_1.fastq.gz,https://ftp.sra.ebi.ac.uk/vol1/fastq/DRR774/DRR774170/DRR774170_2.fastq.gz,,mmapbench
seqinspector_2755_ERR12556325,https://ftp.sra.ebi.ac.uk/vol1/fastq/ERR125/025/ERR12556325/ERR12556325_1.fastq.gz,https://ftp.sra.ebi.ac.uk/vol1/fastq/ERR125/025/ERR12556325/ERR12556325_2.fastq.gz,,mmapbench
seqinspector_2756_ERR12556570,https://ftp.sra.ebi.ac.uk/vol1/fastq/ERR125/070/ERR12556570/ERR12556570_1.fastq.gz,https://ftp.sra.ebi.ac.uk/vol1/fastq/ERR125/070/ERR12556570/ERR12556570_2.fastq.gz,,mmapbench
seqinspector_2757_ERR2735958,https://ftp.sra.ebi.ac.uk/vol1/fastq/ERR273/008/ERR2735958/ERR2735958_1.fastq.gz,https://ftp.sra.ebi.ac.uk/vol1/fastq/ERR273/008/ERR2735958/ERR2735958_2.fastq.gz,,mmapbench
seqinspector_2758_ERR3955816,https://ftp.sra.ebi.ac.uk/vol1/fastq/ERR395/006/ERR3955816/ERR3955816_1.fastq.gz,https://ftp.sra.ebi.ac.uk/vol1/fastq/ERR395/006/ERR3955816/ERR3955816_2.fastq.gz,,mmapbench
seqinspector_2759_ERR16721373,https://ftp.sra.ebi.ac.uk/vol1/fastq/ERR167/073/ERR16721373/ERR16721373_1.fastq.gz,https://ftp.sra.ebi.ac.uk/vol1/fastq/ERR167/073/ERR16721373/ERR16721373_2.fastq.gz,,mmapbench
seqinspector_2760_ERR14195564,https://ftp.sra.ebi.ac.uk/vol1/fastq/ERR141/064/ERR14195564/ERR14195564_1.fastq.gz,https://ftp.sra.ebi.ac.uk/vol1/fastq/ERR141/064/ERR14195564/ERR14195564_2.fastq.gz,,mmapbench
seqinspector_2761_ERR12218948,https://ftp.sra.ebi.ac.uk/vol1/fastq/ERR122/048/ERR12218948/ERR12218948_1.fastq.gz,https://ftp.sra.ebi.ac.uk/vol1/fastq/ERR122/048/ERR12218948/ERR12218948_2.fastq.gz,,mmapbench
seqinspector_2762_ERR3969707,https://ftp.sra.ebi.ac.uk/vol1/fastq/ERR396/007/ERR3969707/ERR3969707_1.fastq.gz,https://ftp.sra.ebi.ac.uk/vol1/fastq/ERR396/007/ERR3969707/ERR3969707_2.fastq.gz,,mmapbench
seqinspector_2763_ERR11010942,https://ftp.sra.ebi.ac.uk/vol1/fastq/ERR110/042/ERR11010942/ERR11010942_1.fastq.gz,https://ftp.sra.ebi.ac.uk/vol1/fastq/ERR110/042/ERR11010942/ERR11010942_2.fastq.gz,,mmapbench
seqinspector_2764_ERR2747500,https://ftp.sra.ebi.ac.uk/vol1/fastq/ERR274/000/ERR2747500/ERR2747500_1.fastq.gz,https://ftp.sra.ebi.ac.uk/vol1/fastq/ERR274/000/ERR2747500/ERR2747500_2.fastq.gz,,mmapbench
seqinspector_2765_ERR2164515,https://ftp.sra.ebi.ac.uk/vol1/fastq/ERR216/005/ERR2164515/ERR2164515_1.fastq.gz,https://ftp.sra.ebi.ac.uk/vol1/fastq/ERR216/005/ERR2164515/ERR2164515_2.fastq.gz,,mmapbench
seqinspector_2766_DRR141367,https://ftp.sra.ebi.ac.uk/vol1/fastq/DRR141/DRR141367/DRR141367_1.fastq.gz,https://ftp.sra.ebi.ac.uk/vol1/fastq/DRR141/DRR141367/DRR141367_2.fastq.gz,,mmapbench
seqinspector_2767_ERR15117998,https://ftp.sra.ebi.ac.uk/vol1/fastq/ERR151/098/ERR15117998/ERR15117998_1.fastq.gz,https://ftp.sra.ebi.ac.uk/vol1/fastq/ERR151/098/ERR15117998/ERR15117998_2.fastq.gz,,mmapbench
seqinspector_2768_ERR3955792,https://ftp.sra.ebi.ac.uk/vol1/fastq/ERR395/002/ERR3955792/ERR3955792_1.fastq.gz,https://ftp.sra.ebi.ac.uk/vol1/fastq/ERR395/002/ERR3955792/ERR3955792_2.fastq.gz,,mmapbench
seqinspector_2769_ERR2608513,https://ftp.sra.ebi.ac.uk/vol1/fastq/ERR260/003/ERR2608513/ERR2608513_1.fastq.gz,https://ftp.sra.ebi.ac.uk/vol1/fastq/ERR260/003/ERR2608513/ERR2608513_2.fastq.gz,,mmapbench
seqinspector_2770_ERR12520245,https://ftp.sra.ebi.ac.uk/vol1/fastq/ERR125/045/ERR12520245/ERR12520245_1.fastq.gz,https://ftp.sra.ebi.ac.uk/vol1/fastq/ERR125/045/ERR12520245/ERR12520245_2.fastq.gz,,mmapbench
seqinspector_2771_ERR2747548,https://ftp.sra.ebi.ac.uk/vol1/fastq/ERR274/008/ERR2747548/ERR2747548_1.fastq.gz,https://ftp.sra.ebi.ac.uk/vol1/fastq/ERR274/008/ERR2747548/ERR2747548_2.fastq.gz,,mmapbench
seqinspector_2772_ERR3061572,https://ftp.sra.ebi.ac.uk/vol1/fastq/ERR306/002/ERR3061572/ERR3061572_1.fastq.gz,https://ftp.sra.ebi.ac.uk/vol1/fastq/ERR306/002/ERR3061572/ERR3061572_2.fastq.gz,,mmapbench
seqinspector_2773_ERR3953912,https://ftp.sra.ebi.ac.uk/vol1/fastq/ERR395/002/ERR3953912/ERR3953912_1.fastq.gz,https://ftp.sra.ebi.ac.uk/vol1/fastq/ERR395/002/ERR3953912/ERR3953912_2.fastq.gz,,mmapbench
seqinspector_2774_DRR487180,https://ftp.sra.ebi.ac.uk/vol1/fastq/DRR487/DRR487180/DRR487180_1.fastq.gz,https://ftp.sra.ebi.ac.uk/vol1/fastq/DRR487/DRR487180/DRR487180_2.fastq.gz,,mmapbench
seqinspector_2775_ERR3955694,https://ftp.sra.ebi.ac.uk/vol1/fastq/ERR395/004/ERR3955694/ERR3955694_1.fastq.gz,https://ftp.sra.ebi.ac.uk/vol1/fastq/ERR395/004/ERR3955694/ERR3955694_2.fastq.gz,,mmapbench
seqinspector_2776_ERR13720562,https://ftp.sra.ebi.ac.uk/vol1/fastq/ERR137/062/ERR13720562/ERR13720562_1.fastq.gz,https://ftp.sra.ebi.ac.uk/vol1/fastq/ERR137/062/ERR13720562/ERR13720562_2.fastq.gz,,mmapbench
seqinspector_2777_ERR3899931,https://ftp.sra.ebi.ac.uk/vol1/fastq/ERR389/001/ERR3899931/ERR3899931_1.fastq.gz,https://ftp.sra.ebi.ac.uk/vol1/fastq/ERR389/001/ERR3899931/ERR3899931_2.fastq.gz,,mmapbench
seqinspector_2778_ERR13391734,https://ftp.sra.ebi.ac.uk/vol1/fastq/ERR133/034/ERR13391734/ERR13391734_1.fastq.gz,https://ftp.sra.ebi.ac.uk/vol1/fastq/ERR133/034/ERR13391734/ERR13391734_2.fastq.gz,,mmapbench
seqinspector_2779_ERR16720654,https://ftp.sra.ebi.ac.uk/vol1/fastq/ERR167/054/ERR16720654/ERR16720654_1.fastq.gz,https://ftp.sra.ebi.ac.uk/vol1/fastq/ERR167/054/ERR16720654/ERR16720654_2.fastq.gz,,mmapbench
seqinspector_2780_ERR1056313,https://ftp.sra.ebi.ac.uk/vol1/fastq/ERR105/003/ERR1056313/ERR1056313_1.fastq.gz,https://ftp.sra.ebi.ac.uk/vol1/fastq/ERR105/003/ERR1056313/ERR1056313_2.fastq.gz,,mmapbench
seqinspector_2781_ERR2611673,https://ftp.sra.ebi.ac.uk/vol1/fastq/ERR261/003/ERR2611673/ERR2611673_1.fastq.gz,https://ftp.sra.ebi.ac.uk/vol1/fastq/ERR261/003/ERR2611673/ERR2611673_2.fastq.gz,,mmapbench
seqinspector_2782_ERR16721295,https://ftp.sra.ebi.ac.uk/vol1/fastq/ERR167/095/ERR16721295/ERR16721295_1.fastq.gz,https://ftp.sra.ebi.ac.uk/vol1/fastq/ERR167/095/ERR16721295/ERR16721295_2.fastq.gz,,mmapbench
seqinspector_2783_ERR2734377,https://ftp.sra.ebi.ac.uk/vol1/fastq/ERR273/007/ERR2734377/ERR2734377_1.fastq.gz,https://ftp.sra.ebi.ac.uk/vol1/fastq/ERR273/007/ERR2734377/ERR2734377_2.fastq.gz,,mmapbench
seqinspector_2784_ERR2608530,https://ftp.sra.ebi.ac.uk/vol1/fastq/ERR260/000/ERR2608530/ERR2608530_1.fastq.gz,https://ftp.sra.ebi.ac.uk/vol1/fastq/ERR260/000/ERR2608530/ERR2608530_2.fastq.gz,,mmapbench
seqinspector_2785_ERR13583574,https://ftp.sra.ebi.ac.uk/vol1/fastq/ERR135/074/ERR13583574/ERR13583574_1.fastq.gz,https://ftp.sra.ebi.ac.uk/vol1/fastq/ERR135/074/ERR13583574/ERR13583574_2.fastq.gz,,mmapbench
seqinspector_2786_ERR11627459,https://ftp.sra.ebi.ac.uk/vol1/fastq/ERR116/059/ERR11627459/ERR11627459_1.fastq.gz,https://ftp.sra.ebi.ac.uk/vol1/fastq/ERR116/059/ERR11627459/ERR11627459_2.fastq.gz,,mmapbench
seqinspector_2787_ERR11563290,https://ftp.sra.ebi.ac.uk/vol1/fastq/ERR115/090/ERR11563290/ERR11563290_1.fastq.gz,https://ftp.sra.ebi.ac.uk/vol1/fastq/ERR115/090/ERR11563290/ERR11563290_2.fastq.gz,,mmapbench
seqinspector_2788_ERR3955269,https://ftp.sra.ebi.ac.uk/vol1/fastq/ERR395/009/ERR3955269/ERR3955269_1.fastq.gz,https://ftp.sra.ebi.ac.uk/vol1/fastq/ERR395/009/ERR3955269/ERR3955269_2.fastq.gz,,mmapbench
seqinspector_2789_ERR14211461,https://ftp.sra.ebi.ac.uk/vol1/fastq/ERR142/061/ERR14211461/ERR14211461_1.fastq.gz,https://ftp.sra.ebi.ac.uk/vol1/fastq/ERR142/061/ERR14211461/ERR14211461_2.fastq.gz,,mmapbench
seqinspector_2790_ERR12329273,https://ftp.sra.ebi.ac.uk/vol1/fastq/ERR123/073/ERR12329273/ERR12329273_1.fastq.gz,https://ftp.sra.ebi.ac.uk/vol1/fastq/ERR123/073/ERR12329273/ERR12329273_2.fastq.gz,,mmapbench
seqinspector_2791_ERR2736013,https://ftp.sra.ebi.ac.uk/vol1/fastq/ERR273/003/ERR2736013/ERR2736013_1.fastq.gz,https://ftp.sra.ebi.ac.uk/vol1/fastq/ERR273/003/ERR2736013/ERR2736013_2.fastq.gz,,mmapbench
seqinspector_2792_ERR3699643,https://ftp.sra.ebi.ac.uk/vol1/fastq/ERR369/003/ERR3699643/ERR3699643_1.fastq.gz,https://ftp.sra.ebi.ac.uk/vol1/fastq/ERR369/003/ERR3699643/ERR3699643_2.fastq.gz,,mmapbench
seqinspector_2793_ERR3699614,https://ftp.sra.ebi.ac.uk/vol1/fastq/ERR369/004/ERR3699614/ERR3699614_1.fastq.gz,https://ftp.sra.ebi.ac.uk/vol1/fastq/ERR369/004/ERR3699614/ERR3699614_2.fastq.gz,,mmapbench
seqinspector_2794_ERR2608253,https://ftp.sra.ebi.ac.uk/vol1/fastq/ERR260/003/ERR2608253/ERR2608253_1.fastq.gz,https://ftp.sra.ebi.ac.uk/vol1/fastq/ERR260/003/ERR2608253/ERR2608253_2.fastq.gz,,mmapbench
seqinspector_2795_ERR14194908,https://ftp.sra.ebi.ac.uk/vol1/fastq/ERR141/008/ERR14194908/ERR14194908_1.fastq.gz,https://ftp.sra.ebi.ac.uk/vol1/fastq/ERR141/008/ERR14194908/ERR14194908_2.fastq.gz,,mmapbench
seqinspector_2796_ERR14194896,https://ftp.sra.ebi.ac.uk/vol1/fastq/ERR141/096/ERR14194896/ERR14194896_1.fastq.gz,https://ftp.sra.ebi.ac.uk/vol1/fastq/ERR141/096/ERR14194896/ERR14194896_2.fastq.gz,,mmapbench
seqinspector_2797_ERR14211042,https://ftp.sra.ebi.ac.uk/vol1/fastq/ERR142/042/ERR14211042/ERR14211042_1.fastq.gz,https://ftp.sra.ebi.ac.uk/vol1/fastq/ERR142/042/ERR14211042/ERR14211042_2.fastq.gz,,mmapbench
seqinspector_2798_ERR4503307,https://ftp.sra.ebi.ac.uk/vol1/fastq/ERR450/007/ERR4503307/ERR4503307_1.fastq.gz,https://ftp.sra.ebi.ac.uk/vol1/fastq/ERR450/007/ERR4503307/ERR4503307_2.fastq.gz,,mmapbench
seqinspector_2799_ERR16908570,https://ftp.sra.ebi.ac.uk/vol1/fastq/ERR169/070/ERR16908570/ERR16908570_1.fastq.gz,https://ftp.sra.ebi.ac.uk/vol1/fastq/ERR169/070/ERR16908570/ERR16908570_2.fastq.gz,,mmapbench
seqinspector_2800_ERR3769623,https://ftp.sra.ebi.ac.uk/vol1/fastq/ERR376/003/ERR3769623/ERR3769623_1.fastq.gz,https://ftp.sra.ebi.ac.uk/vol1/fastq/ERR376/003/ERR3769623/ERR3769623_2.fastq.gz,,mmapbench
seqinspector_2801_ERR14801595,https://ftp.sra.ebi.ac.uk/vol1/fastq/ERR148/095/ERR14801595/ERR14801595_1.fastq.gz,https://ftp.sra.ebi.ac.uk/vol1/fastq/ERR148/095/ERR14801595/ERR14801595_2.fastq.gz,,mmapbench
seqinspector_2802_ERR2977162,https://ftp.sra.ebi.ac.uk/vol1/fastq/ERR297/002/ERR2977162/ERR2977162_1.fastq.gz,https://ftp.sra.ebi.ac.uk/vol1/fastq/ERR297/002/ERR2977162/ERR2977162_2.fastq.gz,,mmapbench
seqinspector_2803_ERR10749693,https://ftp.sra.ebi.ac.uk/vol1/fastq/ERR107/093/ERR10749693/ERR10749693_1.fastq.gz,https://ftp.sra.ebi.ac.uk/vol1/fastq/ERR107/093/ERR10749693/ERR10749693_2.fastq.gz,,mmapbench
seqinspector_2804_ERR12556027,https://ftp.sra.ebi.ac.uk/vol1/fastq/ERR125/027/ERR12556027/ERR12556027_1.fastq.gz,https://ftp.sra.ebi.ac.uk/vol1/fastq/ERR125/027/ERR12556027/ERR12556027_2.fastq.gz,,mmapbench
seqinspector_2805_ERR2734380,https://ftp.sra.ebi.ac.uk/vol1/fastq/ERR273/000/ERR2734380/ERR2734380_1.fastq.gz,https://ftp.sra.ebi.ac.uk/vol1/fastq/ERR273/000/ERR2734380/ERR2734380_2.fastq.gz,,mmapbench
seqinspector_2806_ERR2747539,https://ftp.sra.ebi.ac.uk/vol1/fastq/ERR274/009/ERR2747539/ERR2747539_1.fastq.gz,https://ftp.sra.ebi.ac.uk/vol1/fastq/ERR274/009/ERR2747539/ERR2747539_2.fastq.gz,,mmapbench
seqinspector_2807_ERR3903811,https://ftp.sra.ebi.ac.uk/vol1/fastq/ERR390/001/ERR3903811/ERR3903811_1.fastq.gz,https://ftp.sra.ebi.ac.uk/vol1/fastq/ERR390/001/ERR3903811/ERR3903811_2.fastq.gz,,mmapbench
seqinspector_2808_ERR2608304,https://ftp.sra.ebi.ac.uk/vol1/fastq/ERR260/004/ERR2608304/ERR2608304_1.fastq.gz,https://ftp.sra.ebi.ac.uk/vol1/fastq/ERR260/004/ERR2608304/ERR2608304_2.fastq.gz,,mmapbench
seqinspector_2809_ERR2747541,https://ftp.sra.ebi.ac.uk/vol1/fastq/ERR274/001/ERR2747541/ERR2747541_1.fastq.gz,https://ftp.sra.ebi.ac.uk/vol1/fastq/ERR274/001/ERR2747541/ERR2747541_2.fastq.gz,,mmapbench
seqinspector_2810_ERR12126373,https://ftp.sra.ebi.ac.uk/vol1/fastq/ERR121/073/ERR12126373/ERR12126373_1.fastq.gz,https://ftp.sra.ebi.ac.uk/vol1/fastq/ERR121/073/ERR12126373/ERR12126373_2.fastq.gz,,mmapbench
seqinspector_2811_ERR11020260,https://ftp.sra.ebi.ac.uk/vol1/fastq/ERR110/060/ERR11020260/ERR11020260_1.fastq.gz,https://ftp.sra.ebi.ac.uk/vol1/fastq/ERR110/060/ERR11020260/ERR11020260_2.fastq.gz,,mmapbench
seqinspector_2812_ERR2735940,https://ftp.sra.ebi.ac.uk/vol1/fastq/ERR273/000/ERR2735940/ERR2735940_1.fastq.gz,https://ftp.sra.ebi.ac.uk/vol1/fastq/ERR273/000/ERR2735940/ERR2735940_2.fastq.gz,,mmapbench
seqinspector_2813_ERR11627500,https://ftp.sra.ebi.ac.uk/vol1/fastq/ERR116/000/ERR11627500/ERR11627500_1.fastq.gz,https://ftp.sra.ebi.ac.uk/vol1/fastq/ERR116/000/ERR11627500/ERR11627500_2.fastq.gz,,mmapbench
seqinspector_2814_ERR12032750,https://ftp.sra.ebi.ac.uk/vol1/fastq/ERR120/050/ERR12032750/ERR12032750_1.fastq.gz,https://ftp.sra.ebi.ac.uk/vol1/fastq/ERR120/050/ERR12032750/ERR12032750_2.fastq.gz,,mmapbench
seqinspector_2815_ERR16908437,https://ftp.sra.ebi.ac.uk/vol1/fastq/ERR169/037/ERR16908437/ERR16908437_1.fastq.gz,https://ftp.sra.ebi.ac.uk/vol1/fastq/ERR169/037/ERR16908437/ERR16908437_2.fastq.gz,,mmapbench
seqinspector_2816_ERR12454590,https://ftp.sra.ebi.ac.uk/vol1/fastq/ERR124/090/ERR12454590/ERR12454590_1.fastq.gz,https://ftp.sra.ebi.ac.uk/vol1/fastq/ERR124/090/ERR12454590/ERR12454590_2.fastq.gz,,mmapbench
seqinspector_2817_ERR2608358,https://ftp.sra.ebi.ac.uk/vol1/fastq/ERR260/008/ERR2608358/ERR2608358_1.fastq.gz,https://ftp.sra.ebi.ac.uk/vol1/fastq/ERR260/008/ERR2608358/ERR2608358_2.fastq.gz,,mmapbench
seqinspector_2818_ERR3699611,https://ftp.sra.ebi.ac.uk/vol1/fastq/ERR369/001/ERR3699611/ERR3699611_1.fastq.gz,https://ftp.sra.ebi.ac.uk/vol1/fastq/ERR369/001/ERR3699611/ERR3699611_2.fastq.gz,,mmapbench
seqinspector_2819_DRR636961,https://ftp.sra.ebi.ac.uk/vol1/fastq/DRR636/DRR636961/DRR636961_1.fastq.gz,https://ftp.sra.ebi.ac.uk/vol1/fastq/DRR636/DRR636961/DRR636961_2.fastq.gz,,mmapbench
seqinspector_2820_ERR10206487,https://ftp.sra.ebi.ac.uk/vol1/fastq/ERR102/087/ERR10206487/ERR10206487_1.fastq.gz,https://ftp.sra.ebi.ac.uk/vol1/fastq/ERR102/087/ERR10206487/ERR10206487_2.fastq.gz,,mmapbench
seqinspector_2821_ERR15315390,https://ftp.sra.ebi.ac.uk/vol1/fastq/ERR153/090/ERR15315390/ERR15315390_1.fastq.gz,https://ftp.sra.ebi.ac.uk/vol1/fastq/ERR153/090/ERR15315390/ERR15315390_2.fastq.gz,,mmapbench
seqinspector_2822_ERR2736812,https://ftp.sra.ebi.ac.uk/vol1/fastq/ERR273/002/ERR2736812/ERR2736812_1.fastq.gz,https://ftp.sra.ebi.ac.uk/vol1/fastq/ERR273/002/ERR2736812/ERR2736812_2.fastq.gz,,mmapbench
seqinspector_2823_ERR10898032,https://ftp.sra.ebi.ac.uk/vol1/fastq/ERR108/032/ERR10898032/ERR10898032_1.fastq.gz,https://ftp.sra.ebi.ac.uk/vol1/fastq/ERR108/032/ERR10898032/ERR10898032_2.fastq.gz,,mmapbench
seqinspector_2824_ERR15423912,https://ftp.sra.ebi.ac.uk/vol1/fastq/ERR154/012/ERR15423912/ERR15423912_1.fastq.gz,https://ftp.sra.ebi.ac.uk/vol1/fastq/ERR154/012/ERR15423912/ERR15423912_2.fastq.gz,,mmapbench
seqinspector_2825_DRR229320,https://ftp.sra.ebi.ac.uk/vol1/fastq/DRR229/DRR229320/DRR229320_1.fastq.gz,https://ftp.sra.ebi.ac.uk/vol1/fastq/DRR229/DRR229320/DRR229320_2.fastq.gz,,mmapbench
seqinspector_2826_ERR10880717,https://ftp.sra.ebi.ac.uk/vol1/fastq/ERR108/017/ERR10880717/ERR10880717_1.fastq.gz,https://ftp.sra.ebi.ac.uk/vol1/fastq/ERR108/017/ERR10880717/ERR10880717_2.fastq.gz,,mmapbench
seqinspector_2827_ERR14789458,https://ftp.sra.ebi.ac.uk/vol1/fastq/ERR147/058/ERR14789458/ERR14789458_1.fastq.gz,https://ftp.sra.ebi.ac.uk/vol1/fastq/ERR147/058/ERR14789458/ERR14789458_2.fastq.gz,,mmapbench
seqinspector_2828_ERR12329309,https://ftp.sra.ebi.ac.uk/vol1/fastq/ERR123/009/ERR12329309/ERR12329309_1.fastq.gz,https://ftp.sra.ebi.ac.uk/vol1/fastq/ERR123/009/ERR12329309/ERR12329309_2.fastq.gz,,mmapbench
seqinspector_2829_ERR12520118,https://ftp.sra.ebi.ac.uk/vol1/fastq/ERR125/018/ERR12520118/ERR12520118_1.fastq.gz,https://ftp.sra.ebi.ac.uk/vol1/fastq/ERR125/018/ERR12520118/ERR12520118_2.fastq.gz,,mmapbench
seqinspector_2830_ERR1056316,https://ftp.sra.ebi.ac.uk/vol1/fastq/ERR105/006/ERR1056316/ERR1056316_1.fastq.gz,https://ftp.sra.ebi.ac.uk/vol1/fastq/ERR105/006/ERR1056316/ERR1056316_2.fastq.gz,,mmapbench
seqinspector_2831_ERR11019571,https://ftp.sra.ebi.ac.uk/vol1/fastq/ERR110/071/ERR11019571/ERR11019571_1.fastq.gz,https://ftp.sra.ebi.ac.uk/vol1/fastq/ERR110/071/ERR11019571/ERR11019571_2.fastq.gz,,mmapbench
seqinspector_2832_ERR10207078,https://ftp.sra.ebi.ac.uk/vol1/fastq/ERR102/078/ERR10207078/ERR10207078_1.fastq.gz,https://ftp.sra.ebi.ac.uk/vol1/fastq/ERR102/078/ERR10207078/ERR10207078_2.fastq.gz,,mmapbench
seqinspector_2833_ERR11146164,https://ftp.sra.ebi.ac.uk/vol1/fastq/ERR111/064/ERR11146164/ERR11146164_1.fastq.gz,https://ftp.sra.ebi.ac.uk/vol1/fastq/ERR111/064/ERR11146164/ERR11146164_2.fastq.gz,,mmapbench
seqinspector_2834_ERR10742890,https://ftp.sra.ebi.ac.uk/vol1/fastq/ERR107/090/ERR10742890/ERR10742890_1.fastq.gz,https://ftp.sra.ebi.ac.uk/vol1/fastq/ERR107/090/ERR10742890/ERR10742890_2.fastq.gz,,mmapbench
seqinspector_2835_ERR13393051,https://ftp.sra.ebi.ac.uk/vol1/fastq/ERR133/051/ERR13393051/ERR13393051_1.fastq.gz,https://ftp.sra.ebi.ac.uk/vol1/fastq/ERR133/051/ERR13393051/ERR13393051_2.fastq.gz,,mmapbench
seqinspector_2836_ERR12556090,https://ftp.sra.ebi.ac.uk/vol1/fastq/ERR125/090/ERR12556090/ERR12556090_1.fastq.gz,https://ftp.sra.ebi.ac.uk/vol1/fastq/ERR125/090/ERR12556090/ERR12556090_2.fastq.gz,,mmapbench
seqinspector_2837_ERR14927740,https://ftp.sra.ebi.ac.uk/vol1/fastq/ERR149/040/ERR14927740/ERR14927740_1.fastq.gz,https://ftp.sra.ebi.ac.uk/vol1/fastq/ERR149/040/ERR14927740/ERR14927740_2.fastq.gz,,mmapbench
seqinspector_2838_ERR2987967,https://ftp.sra.ebi.ac.uk/vol1/fastq/ERR298/007/ERR2987967/ERR2987967_1.fastq.gz,https://ftp.sra.ebi.ac.uk/vol1/fastq/ERR298/007/ERR2987967/ERR2987967_2.fastq.gz,,mmapbench
seqinspector_2839_ERR3955080,https://ftp.sra.ebi.ac.uk/vol1/fastq/ERR395/000/ERR3955080/ERR3955080_1.fastq.gz,https://ftp.sra.ebi.ac.uk/vol1/fastq/ERR395/000/ERR3955080/ERR3955080_2.fastq.gz,,mmapbench
seqinspector_2840_ERR14789032,https://ftp.sra.ebi.ac.uk/vol1/fastq/ERR147/032/ERR14789032/ERR14789032_1.fastq.gz,https://ftp.sra.ebi.ac.uk/vol1/fastq/ERR147/032/ERR14789032/ERR14789032_2.fastq.gz,,mmapbench
seqinspector_2841_ERR16724195,https://ftp.sra.ebi.ac.uk/vol1/fastq/ERR167/095/ERR16724195/ERR16724195_1.fastq.gz,https://ftp.sra.ebi.ac.uk/vol1/fastq/ERR167/095/ERR16724195/ERR16724195_2.fastq.gz,,mmapbench
seqinspector_2842_ERR3953924,https://ftp.sra.ebi.ac.uk/vol1/fastq/ERR395/004/ERR3953924/ERR3953924_1.fastq.gz,https://ftp.sra.ebi.ac.uk/vol1/fastq/ERR395/004/ERR3953924/ERR3953924_2.fastq.gz,,mmapbench
seqinspector_2843_ERR3954966,https://ftp.sra.ebi.ac.uk/vol1/fastq/ERR395/006/ERR3954966/ERR3954966_1.fastq.gz,https://ftp.sra.ebi.ac.uk/vol1/fastq/ERR395/006/ERR3954966/ERR3954966_2.fastq.gz,,mmapbench
seqinspector_2844_ERR3955863,https://ftp.sra.ebi.ac.uk/vol1/fastq/ERR395/003/ERR3955863/ERR3955863_1.fastq.gz,https://ftp.sra.ebi.ac.uk/vol1/fastq/ERR395/003/ERR3955863/ERR3955863_2.fastq.gz,,mmapbench
seqinspector_2845_ERR3726548,https://ftp.sra.ebi.ac.uk/vol1/fastq/ERR372/008/ERR3726548/ERR3726548_1.fastq.gz,https://ftp.sra.ebi.ac.uk/vol1/fastq/ERR372/008/ERR3726548/ERR3726548_2.fastq.gz,,mmapbench
seqinspector_2846_ERR12419518,https://ftp.sra.ebi.ac.uk/vol1/fastq/ERR124/018/ERR12419518/ERR12419518_1.fastq.gz,https://ftp.sra.ebi.ac.uk/vol1/fastq/ERR124/018/ERR12419518/ERR12419518_2.fastq.gz,,mmapbench
seqinspector_2847_ERR14788989,https://ftp.sra.ebi.ac.uk/vol1/fastq/ERR147/089/ERR14788989/ERR14788989_1.fastq.gz,https://ftp.sra.ebi.ac.uk/vol1/fastq/ERR147/089/ERR14788989/ERR14788989_2.fastq.gz,,mmapbench
seqinspector_2848_ERR12419524,https://ftp.sra.ebi.ac.uk/vol1/fastq/ERR124/024/ERR12419524/ERR12419524_1.fastq.gz,https://ftp.sra.ebi.ac.uk/vol1/fastq/ERR124/024/ERR12419524/ERR12419524_2.fastq.gz,,mmapbench
seqinspector_2849_ERR16719643,https://ftp.sra.ebi.ac.uk/vol1/fastq/ERR167/043/ERR16719643/ERR16719643_1.fastq.gz,https://ftp.sra.ebi.ac.uk/vol1/fastq/ERR167/043/ERR16719643/ERR16719643_2.fastq.gz,,mmapbench
seqinspector_2850_ERR14211818,https://ftp.sra.ebi.ac.uk/vol1/fastq/ERR142/018/ERR14211818/ERR14211818_1.fastq.gz,https://ftp.sra.ebi.ac.uk/vol1/fastq/ERR142/018/ERR14211818/ERR14211818_2.fastq.gz,,mmapbench
seqinspector_2851_ERR2987834,https://ftp.sra.ebi.ac.uk/vol1/fastq/ERR298/004/ERR2987834/ERR2987834_1.fastq.gz,https://ftp.sra.ebi.ac.uk/vol1/fastq/ERR298/004/ERR2987834/ERR2987834_2.fastq.gz,,mmapbench
seqinspector_2852_ERR14211394,https://ftp.sra.ebi.ac.uk/vol1/fastq/ERR142/094/ERR14211394/ERR14211394_1.fastq.gz,https://ftp.sra.ebi.ac.uk/vol1/fastq/ERR142/094/ERR14211394/ERR14211394_2.fastq.gz,,mmapbench
seqinspector_2853_ERR14211028,https://ftp.sra.ebi.ac.uk/vol1/fastq/ERR142/028/ERR14211028/ERR14211028_1.fastq.gz,https://ftp.sra.ebi.ac.uk/vol1/fastq/ERR142/028/ERR14211028/ERR14211028_2.fastq.gz,,mmapbench
seqinspector_2854_ERR14194882,https://ftp.sra.ebi.ac.uk/vol1/fastq/ERR141/082/ERR14194882/ERR14194882_1.fastq.gz,https://ftp.sra.ebi.ac.uk/vol1/fastq/ERR141/082/ERR14194882/ERR14194882_2.fastq.gz,,mmapbench
seqinspector_2855_ERR3955226,https://ftp.sra.ebi.ac.uk/vol1/fastq/ERR395/006/ERR3955226/ERR3955226_1.fastq.gz,https://ftp.sra.ebi.ac.uk/vol1/fastq/ERR395/006/ERR3955226/ERR3955226_2.fastq.gz,,mmapbench
seqinspector_2856_ERR3061625,https://ftp.sra.ebi.ac.uk/vol1/fastq/ERR306/005/ERR3061625/ERR3061625_1.fastq.gz,https://ftp.sra.ebi.ac.uk/vol1/fastq/ERR306/005/ERR3061625/ERR3061625_2.fastq.gz,,mmapbench
seqinspector_2857_ERR14211762,https://ftp.sra.ebi.ac.uk/vol1/fastq/ERR142/062/ERR14211762/ERR14211762_1.fastq.gz,https://ftp.sra.ebi.ac.uk/vol1/fastq/ERR142/062/ERR14211762/ERR14211762_2.fastq.gz,,mmapbench
seqinspector_2858_ERR10743741,https://ftp.sra.ebi.ac.uk/vol1/fastq/ERR107/041/ERR10743741/ERR10743741_1.fastq.gz,https://ftp.sra.ebi.ac.uk/vol1/fastq/ERR107/041/ERR10743741/ERR10743741_2.fastq.gz,,mmapbench
seqinspector_2859_ERR14789483,https://ftp.sra.ebi.ac.uk/vol1/fastq/ERR147/083/ERR14789483/ERR14789483_1.fastq.gz,https://ftp.sra.ebi.ac.uk/vol1/fastq/ERR147/083/ERR14789483/ERR14789483_2.fastq.gz,,mmapbench
seqinspector_2860_ERR3682553,https://ftp.sra.ebi.ac.uk/vol1/fastq/ERR368/003/ERR3682553/ERR3682553_1.fastq.gz,https://ftp.sra.ebi.ac.uk/vol1/fastq/ERR368/003/ERR3682553/ERR3682553_2.fastq.gz,,mmapbench
seqinspector_2861_ERR16718308,https://ftp.sra.ebi.ac.uk/vol1/fastq/ERR167/008/ERR16718308/ERR16718308_1.fastq.gz,https://ftp.sra.ebi.ac.uk/vol1/fastq/ERR167/008/ERR16718308/ERR16718308_2.fastq.gz,,mmapbench
seqinspector_2862_ERR11669326,https://ftp.sra.ebi.ac.uk/vol1/fastq/ERR116/026/ERR11669326/ERR11669326_1.fastq.gz,https://ftp.sra.ebi.ac.uk/vol1/fastq/ERR116/026/ERR11669326/ERR11669326_2.fastq.gz,,mmapbench
seqinspector_2863_ERR2608538,https://ftp.sra.ebi.ac.uk/vol1/fastq/ERR260/008/ERR2608538/ERR2608538_1.fastq.gz,https://ftp.sra.ebi.ac.uk/vol1/fastq/ERR260/008/ERR2608538/ERR2608538_2.fastq.gz,,mmapbench
seqinspector_2864_ERR2735967,https://ftp.sra.ebi.ac.uk/vol1/fastq/ERR273/007/ERR2735967/ERR2735967_1.fastq.gz,https://ftp.sra.ebi.ac.uk/vol1/fastq/ERR273/007/ERR2735967/ERR2735967_2.fastq.gz,,mmapbench
seqinspector_2865_ERR15650562,https://ftp.sra.ebi.ac.uk/vol1/fastq/ERR156/062/ERR15650562/ERR15650562_1.fastq.gz,https://ftp.sra.ebi.ac.uk/vol1/fastq/ERR156/062/ERR15650562/ERR15650562_2.fastq.gz,,mmapbench
seqinspector_2866_ERR3955361,https://ftp.sra.ebi.ac.uk/vol1/fastq/ERR395/001/ERR3955361/ERR3955361_1.fastq.gz,https://ftp.sra.ebi.ac.uk/vol1/fastq/ERR395/001/ERR3955361/ERR3955361_2.fastq.gz,,mmapbench
seqinspector_2867_ERR14853968,https://ftp.sra.ebi.ac.uk/vol1/fastq/ERR148/068/ERR14853968/ERR14853968_1.fastq.gz,https://ftp.sra.ebi.ac.uk/vol1/fastq/ERR148/068/ERR14853968/ERR14853968_2.fastq.gz,,mmapbench
seqinspector_2868_ERR3953936,https://ftp.sra.ebi.ac.uk/vol1/fastq/ERR395/006/ERR3953936/ERR3953936_1.fastq.gz,https://ftp.sra.ebi.ac.uk/vol1/fastq/ERR395/006/ERR3953936/ERR3953936_2.fastq.gz,,mmapbench
seqinspector_2869_ERR3955112,https://ftp.sra.ebi.ac.uk/vol1/fastq/ERR395/002/ERR3955112/ERR3955112_1.fastq.gz,https://ftp.sra.ebi.ac.uk/vol1/fastq/ERR395/002/ERR3955112/ERR3955112_2.fastq.gz,,mmapbench
seqinspector_2870_ERR4575530,https://ftp.sra.ebi.ac.uk/vol1/fastq/ERR457/000/ERR4575530/ERR4575530_1.fastq.gz,https://ftp.sra.ebi.ac.uk/vol1/fastq/ERR457/000/ERR4575530/ERR4575530_2.fastq.gz,,mmapbench
seqinspector_2871_ERR10207096,https://ftp.sra.ebi.ac.uk/vol1/fastq/ERR102/096/ERR10207096/ERR10207096_1.fastq.gz,https://ftp.sra.ebi.ac.uk/vol1/fastq/ERR102/096/ERR10207096/ERR10207096_2.fastq.gz,,mmapbench
seqinspector_2872_ERR3769491,https://ftp.sra.ebi.ac.uk/vol1/fastq/ERR376/001/ERR3769491/ERR3769491_1.fastq.gz,https://ftp.sra.ebi.ac.uk/vol1/fastq/ERR376/001/ERR3769491/ERR3769491_2.fastq.gz,,mmapbench
seqinspector_2873_ERR13392606,https://ftp.sra.ebi.ac.uk/vol1/fastq/ERR133/006/ERR13392606/ERR13392606_1.fastq.gz,https://ftp.sra.ebi.ac.uk/vol1/fastq/ERR133/006/ERR13392606/ERR13392606_2.fastq.gz,,mmapbench
seqinspector_2874_ERR11894790,https://ftp.sra.ebi.ac.uk/vol1/fastq/ERR118/090/ERR11894790/ERR11894790_1.fastq.gz,https://ftp.sra.ebi.ac.uk/vol1/fastq/ERR118/090/ERR11894790/ERR11894790_2.fastq.gz,,mmapbench
seqinspector_2875_ERR12556583,https://ftp.sra.ebi.ac.uk/vol1/fastq/ERR125/083/ERR12556583/ERR12556583_1.fastq.gz,https://ftp.sra.ebi.ac.uk/vol1/fastq/ERR125/083/ERR12556583/ERR12556583_2.fastq.gz,,mmapbench
seqinspector_2876_ERR14211296,https://ftp.sra.ebi.ac.uk/vol1/fastq/ERR142/096/ERR14211296/ERR14211296_1.fastq.gz,https://ftp.sra.ebi.ac.uk/vol1/fastq/ERR142/096/ERR14211296/ERR14211296_2.fastq.gz,,mmapbench
seqinspector_2877_ERR14801995,https://ftp.sra.ebi.ac.uk/vol1/fastq/ERR148/095/ERR14801995/ERR14801995_1.fastq.gz,https://ftp.sra.ebi.ac.uk/vol1/fastq/ERR148/095/ERR14801995/ERR14801995_2.fastq.gz,,mmapbench
seqinspector_2878_ERR2611530,https://ftp.sra.ebi.ac.uk/vol1/fastq/ERR261/000/ERR2611530/ERR2611530_1.fastq.gz,https://ftp.sra.ebi.ac.uk/vol1/fastq/ERR261/000/ERR2611530/ERR2611530_2.fastq.gz,,mmapbench
seqinspector_2879_ERR3682564,https://ftp.sra.ebi.ac.uk/vol1/fastq/ERR368/004/ERR3682564/ERR3682564_1.fastq.gz,https://ftp.sra.ebi.ac.uk/vol1/fastq/ERR368/004/ERR3682564/ERR3682564_2.fastq.gz,,mmapbench
seqinspector_2880_ERR2244522,https://ftp.sra.ebi.ac.uk/vol1/fastq/ERR224/002/ERR2244522/ERR2244522_1.fastq.gz,https://ftp.sra.ebi.ac.uk/vol1/fastq/ERR224/002/ERR2244522/ERR2244522_2.fastq.gz,,mmapbench
seqinspector_2881_ERR14801511,https://ftp.sra.ebi.ac.uk/vol1/fastq/ERR148/011/ERR14801511/ERR14801511_1.fastq.gz,https://ftp.sra.ebi.ac.uk/vol1/fastq/ERR148/011/ERR14801511/ERR14801511_2.fastq.gz,,mmapbench
seqinspector_2882_ERR3061558,https://ftp.sra.ebi.ac.uk/vol1/fastq/ERR306/008/ERR3061558/ERR3061558_1.fastq.gz,https://ftp.sra.ebi.ac.uk/vol1/fastq/ERR306/008/ERR3061558/ERR3061558_2.fastq.gz,,mmapbench
seqinspector_2883_ERR3699669,https://ftp.sra.ebi.ac.uk/vol1/fastq/ERR369/009/ERR3699669/ERR3699669_1.fastq.gz,https://ftp.sra.ebi.ac.uk/vol1/fastq/ERR369/009/ERR3699669/ERR3699669_2.fastq.gz,,mmapbench
seqinspector_2884_ERR2747519,https://ftp.sra.ebi.ac.uk/vol1/fastq/ERR274/009/ERR2747519/ERR2747519_1.fastq.gz,https://ftp.sra.ebi.ac.uk/vol1/fastq/ERR274/009/ERR2747519/ERR2747519_2.fastq.gz,,mmapbench
seqinspector_2885_ERR3040665,https://ftp.sra.ebi.ac.uk/vol1/fastq/ERR304/005/ERR3040665/ERR3040665_1.fastq.gz,https://ftp.sra.ebi.ac.uk/vol1/fastq/ERR304/005/ERR3040665/ERR3040665_2.fastq.gz,,mmapbench
seqinspector_2886_ERR3955758,https://ftp.sra.ebi.ac.uk/vol1/fastq/ERR395/008/ERR3955758/ERR3955758_1.fastq.gz,https://ftp.sra.ebi.ac.uk/vol1/fastq/ERR395/008/ERR3955758/ERR3955758_2.fastq.gz,,mmapbench
seqinspector_2887_ERR10773850,https://ftp.sra.ebi.ac.uk/vol1/fastq/ERR107/050/ERR10773850/ERR10773850_1.fastq.gz,https://ftp.sra.ebi.ac.uk/vol1/fastq/ERR107/050/ERR10773850/ERR10773850_2.fastq.gz,,mmapbench
seqinspector_2888_ERR15657497,https://ftp.sra.ebi.ac.uk/vol1/fastq/ERR156/097/ERR15657497/ERR15657497_1.fastq.gz,https://ftp.sra.ebi.ac.uk/vol1/fastq/ERR156/097/ERR15657497/ERR15657497_2.fastq.gz,,mmapbench
seqinspector_2889_ERR17272757,https://ftp.sra.ebi.ac.uk/vol1/fastq/ERR172/057/ERR17272757/ERR17272757_1.fastq.gz,https://ftp.sra.ebi.ac.uk/vol1/fastq/ERR172/057/ERR17272757/ERR17272757_2.fastq.gz,,mmapbench
seqinspector_2890_ERR10880595,https://ftp.sra.ebi.ac.uk/vol1/fastq/ERR108/095/ERR10880595/ERR10880595_1.fastq.gz,https://ftp.sra.ebi.ac.uk/vol1/fastq/ERR108/095/ERR10880595/ERR10880595_2.fastq.gz,,mmapbench
seqinspector_2891_ERR15136023,https://ftp.sra.ebi.ac.uk/vol1/fastq/ERR151/023/ERR15136023/ERR15136023_1.fastq.gz,https://ftp.sra.ebi.ac.uk/vol1/fastq/ERR151/023/ERR15136023/ERR15136023_2.fastq.gz,,mmapbench
seqinspector_2892_ERR2747585,https://ftp.sra.ebi.ac.uk/vol1/fastq/ERR274/005/ERR2747585/ERR2747585_1.fastq.gz,https://ftp.sra.ebi.ac.uk/vol1/fastq/ERR274/005/ERR2747585/ERR2747585_2.fastq.gz,,mmapbench
seqinspector_2893_ERR14195271,https://ftp.sra.ebi.ac.uk/vol1/fastq/ERR141/071/ERR14195271/ERR14195271_1.fastq.gz,https://ftp.sra.ebi.ac.uk/vol1/fastq/ERR141/071/ERR14195271/ERR14195271_2.fastq.gz,,mmapbench
seqinspector_2894_ERR10897781,https://ftp.sra.ebi.ac.uk/vol1/fastq/ERR108/081/ERR10897781/ERR10897781_1.fastq.gz,https://ftp.sra.ebi.ac.uk/vol1/fastq/ERR108/081/ERR10897781/ERR10897781_2.fastq.gz,,mmapbench
seqinspector_2895_ERR16714221,https://ftp.sra.ebi.ac.uk/vol1/fastq/ERR167/021/ERR16714221/ERR16714221_1.fastq.gz,https://ftp.sra.ebi.ac.uk/vol1/fastq/ERR167/021/ERR16714221/ERR16714221_2.fastq.gz,,mmapbench
seqinspector_2896_ERR12419509,https://ftp.sra.ebi.ac.uk/vol1/fastq/ERR124/009/ERR12419509/ERR12419509_1.fastq.gz,https://ftp.sra.ebi.ac.uk/vol1/fastq/ERR124/009/ERR12419509/ERR12419509_2.fastq.gz,,mmapbench
seqinspector_2897_ERR16719952,https://ftp.sra.ebi.ac.uk/vol1/fastq/ERR167/052/ERR16719952/ERR16719952_1.fastq.gz,https://ftp.sra.ebi.ac.uk/vol1/fastq/ERR167/052/ERR16719952/ERR16719952_2.fastq.gz,,mmapbench
seqinspector_2898_ERR3955568,https://ftp.sra.ebi.ac.uk/vol1/fastq/ERR395/008/ERR3955568/ERR3955568_1.fastq.gz,https://ftp.sra.ebi.ac.uk/vol1/fastq/ERR395/008/ERR3955568/ERR3955568_2.fastq.gz,,mmapbench
seqinspector_2899_ERR3040630,https://ftp.sra.ebi.ac.uk/vol1/fastq/ERR304/000/ERR3040630/ERR3040630_1.fastq.gz,https://ftp.sra.ebi.ac.uk/vol1/fastq/ERR304/000/ERR3040630/ERR3040630_2.fastq.gz,,mmapbench
seqinspector_2900_ERR15562945,https://ftp.sra.ebi.ac.uk/vol1/fastq/ERR155/045/ERR15562945/ERR15562945_1.fastq.gz,https://ftp.sra.ebi.ac.uk/vol1/fastq/ERR155/045/ERR15562945/ERR15562945_2.fastq.gz,,mmapbench
seqinspector_2901_ERR13391900,https://ftp.sra.ebi.ac.uk/vol1/fastq/ERR133/000/ERR13391900/ERR13391900_1.fastq.gz,https://ftp.sra.ebi.ac.uk/vol1/fastq/ERR133/000/ERR13391900/ERR13391900_2.fastq.gz,,mmapbench
seqinspector_2902_ERR13391747,https://ftp.sra.ebi.ac.uk/vol1/fastq/ERR133/047/ERR13391747/ERR13391747_1.fastq.gz,https://ftp.sra.ebi.ac.uk/vol1/fastq/ERR133/047/ERR13391747/ERR13391747_2.fastq.gz,,mmapbench
seqinspector_2903_ERR2987930,https://ftp.sra.ebi.ac.uk/vol1/fastq/ERR298/000/ERR2987930/ERR2987930_1.fastq.gz,https://ftp.sra.ebi.ac.uk/vol1/fastq/ERR298/000/ERR2987930/ERR2987930_2.fastq.gz,,mmapbench
seqinspector_2904_ERR3955385,https://ftp.sra.ebi.ac.uk/vol1/fastq/ERR395/005/ERR3955385/ERR3955385_1.fastq.gz,https://ftp.sra.ebi.ac.uk/vol1/fastq/ERR395/005/ERR3955385/ERR3955385_2.fastq.gz,,mmapbench
seqinspector_2905_DRR636917,https://ftp.sra.ebi.ac.uk/vol1/fastq/DRR636/DRR636917/DRR636917_1.fastq.gz,https://ftp.sra.ebi.ac.uk/vol1/fastq/DRR636/DRR636917/DRR636917_2.fastq.gz,,mmapbench
seqinspector_2906_ERR2608382,https://ftp.sra.ebi.ac.uk/vol1/fastq/ERR260/002/ERR2608382/ERR2608382_1.fastq.gz,https://ftp.sra.ebi.ac.uk/vol1/fastq/ERR260/002/ERR2608382/ERR2608382_2.fastq.gz,,mmapbench
seqinspector_2907_ERR2987826,https://ftp.sra.ebi.ac.uk/vol1/fastq/ERR298/006/ERR2987826/ERR2987826_1.fastq.gz,https://ftp.sra.ebi.ac.uk/vol1/fastq/ERR298/006/ERR2987826/ERR2987826_2.fastq.gz,,mmapbench
seqinspector_2908_ERR2608435,https://ftp.sra.ebi.ac.uk/vol1/fastq/ERR260/005/ERR2608435/ERR2608435_1.fastq.gz,https://ftp.sra.ebi.ac.uk/vol1/fastq/ERR260/005/ERR2608435/ERR2608435_2.fastq.gz,,mmapbench
seqinspector_2909_ERR13391429,https://ftp.sra.ebi.ac.uk/vol1/fastq/ERR133/029/ERR13391429/ERR13391429_1.fastq.gz,https://ftp.sra.ebi.ac.uk/vol1/fastq/ERR133/029/ERR13391429/ERR13391429_2.fastq.gz,,mmapbench
seqinspector_2910_ERR16004182,https://ftp.sra.ebi.ac.uk/vol1/fastq/ERR160/082/ERR16004182/ERR16004182_1.fastq.gz,https://ftp.sra.ebi.ac.uk/vol1/fastq/ERR160/082/ERR16004182/ERR16004182_2.fastq.gz,,mmapbench
seqinspector_2911_ERR3682614,https://ftp.sra.ebi.ac.uk/vol1/fastq/ERR368/004/ERR3682614/ERR3682614_1.fastq.gz,https://ftp.sra.ebi.ac.uk/vol1/fastq/ERR368/004/ERR3682614/ERR3682614_2.fastq.gz,,mmapbench
seqinspector_2912_ERR12556573,https://ftp.sra.ebi.ac.uk/vol1/fastq/ERR125/073/ERR12556573/ERR12556573_1.fastq.gz,https://ftp.sra.ebi.ac.uk/vol1/fastq/ERR125/073/ERR12556573/ERR12556573_2.fastq.gz,,mmapbench
seqinspector_2913_ERR11456203,https://ftp.sra.ebi.ac.uk/vol1/fastq/ERR114/003/ERR11456203/ERR11456203_1.fastq.gz,https://ftp.sra.ebi.ac.uk/vol1/fastq/ERR114/003/ERR11456203/ERR11456203_2.fastq.gz,,mmapbench
seqinspector_2914_ERR14194940,https://ftp.sra.ebi.ac.uk/vol1/fastq/ERR141/040/ERR14194940/ERR14194940_1.fastq.gz,https://ftp.sra.ebi.ac.uk/vol1/fastq/ERR141/040/ERR14194940/ERR14194940_2.fastq.gz,,mmapbench
seqinspector_2915_ERR14211086,https://ftp.sra.ebi.ac.uk/vol1/fastq/ERR142/086/ERR14211086/ERR14211086_1.fastq.gz,https://ftp.sra.ebi.ac.uk/vol1/fastq/ERR142/086/ERR14211086/ERR14211086_2.fastq.gz,,mmapbench
seqinspector_2916_ERR3900030,https://ftp.sra.ebi.ac.uk/vol1/fastq/ERR390/000/ERR3900030/ERR3900030_1.fastq.gz,https://ftp.sra.ebi.ac.uk/vol1/fastq/ERR390/000/ERR3900030/ERR3900030_2.fastq.gz,,mmapbench
seqinspector_2917_ERR15118055,https://ftp.sra.ebi.ac.uk/vol1/fastq/ERR151/055/ERR15118055/ERR15118055_1.fastq.gz,https://ftp.sra.ebi.ac.uk/vol1/fastq/ERR151/055/ERR15118055/ERR15118055_2.fastq.gz,,mmapbench
seqinspector_2918_ERR11020341,https://ftp.sra.ebi.ac.uk/vol1/fastq/ERR110/041/ERR11020341/ERR11020341_1.fastq.gz,https://ftp.sra.ebi.ac.uk/vol1/fastq/ERR110/041/ERR11020341/ERR11020341_2.fastq.gz,,mmapbench
seqinspector_2919_ERR13393030,https://ftp.sra.ebi.ac.uk/vol1/fastq/ERR133/030/ERR13393030/ERR13393030_1.fastq.gz,https://ftp.sra.ebi.ac.uk/vol1/fastq/ERR133/030/ERR13393030/ERR13393030_2.fastq.gz,,mmapbench
seqinspector_2920_ERR14195764,https://ftp.sra.ebi.ac.uk/vol1/fastq/ERR141/064/ERR14195764/ERR14195764_1.fastq.gz,https://ftp.sra.ebi.ac.uk/vol1/fastq/ERR141/064/ERR14195764/ERR14195764_2.fastq.gz,,mmapbench
seqinspector_2921_ERR3015724,https://ftp.sra.ebi.ac.uk/vol1/fastq/ERR301/004/ERR3015724/ERR3015724_1.fastq.gz,https://ftp.sra.ebi.ac.uk/vol1/fastq/ERR301/004/ERR3015724/ERR3015724_2.fastq.gz,,mmapbench
seqinspector_2922_ERR2747508,https://ftp.sra.ebi.ac.uk/vol1/fastq/ERR274/008/ERR2747508/ERR2747508_1.fastq.gz,https://ftp.sra.ebi.ac.uk/vol1/fastq/ERR274/008/ERR2747508/ERR2747508_2.fastq.gz,,mmapbench
seqinspector_2923_ERR16004029,https://ftp.sra.ebi.ac.uk/vol1/fastq/ERR160/029/ERR16004029/ERR16004029_1.fastq.gz,https://ftp.sra.ebi.ac.uk/vol1/fastq/ERR160/029/ERR16004029/ERR16004029_2.fastq.gz,,mmapbench
seqinspector_2924_ERR2735932,https://ftp.sra.ebi.ac.uk/vol1/fastq/ERR273/002/ERR2735932/ERR2735932_1.fastq.gz,https://ftp.sra.ebi.ac.uk/vol1/fastq/ERR273/002/ERR2735932/ERR2735932_2.fastq.gz,,mmapbench
seqinspector_2925_ERR12354160,https://ftp.sra.ebi.ac.uk/vol1/fastq/ERR123/060/ERR12354160/ERR12354160_1.fastq.gz,https://ftp.sra.ebi.ac.uk/vol1/fastq/ERR123/060/ERR12354160/ERR12354160_2.fastq.gz,,mmapbench
seqinspector_2926_ERR14946213,https://ftp.sra.ebi.ac.uk/vol1/fastq/ERR149/013/ERR14946213/ERR14946213_1.fastq.gz,https://ftp.sra.ebi.ac.uk/vol1/fastq/ERR149/013/ERR14946213/ERR14946213_2.fastq.gz,,mmapbench
seqinspector_2927_ERR2987945,https://ftp.sra.ebi.ac.uk/vol1/fastq/ERR298/005/ERR2987945/ERR2987945_1.fastq.gz,https://ftp.sra.ebi.ac.uk/vol1/fastq/ERR298/005/ERR2987945/ERR2987945_2.fastq.gz,,mmapbench
seqinspector_2928_ERR10898025,https://ftp.sra.ebi.ac.uk/vol1/fastq/ERR108/025/ERR10898025/ERR10898025_1.fastq.gz,https://ftp.sra.ebi.ac.uk/vol1/fastq/ERR108/025/ERR10898025/ERR10898025_2.fastq.gz,,mmapbench
seqinspector_2929_ERR13391654,https://ftp.sra.ebi.ac.uk/vol1/fastq/ERR133/054/ERR13391654/ERR13391654_1.fastq.gz,https://ftp.sra.ebi.ac.uk/vol1/fastq/ERR133/054/ERR13391654/ERR13391654_2.fastq.gz,,mmapbench
seqinspector_2930_ERR15135536,https://ftp.sra.ebi.ac.uk/vol1/fastq/ERR151/036/ERR15135536/ERR15135536_1.fastq.gz,https://ftp.sra.ebi.ac.uk/vol1/fastq/ERR151/036/ERR15135536/ERR15135536_2.fastq.gz,,mmapbench
seqinspector_2931_ERR4503465,https://ftp.sra.ebi.ac.uk/vol1/fastq/ERR450/005/ERR4503465/ERR4503465_1.fastq.gz,https://ftp.sra.ebi.ac.uk/vol1/fastq/ERR450/005/ERR4503465/ERR4503465_2.fastq.gz,,mmapbench
seqinspector_2932_ERR13391177,https://ftp.sra.ebi.ac.uk/vol1/fastq/ERR133/077/ERR13391177/ERR13391177_1.fastq.gz,https://ftp.sra.ebi.ac.uk/vol1/fastq/ERR133/077/ERR13391177/ERR13391177_2.fastq.gz,,mmapbench
seqinspector_2933_ERR10897864,https://ftp.sra.ebi.ac.uk/vol1/fastq/ERR108/064/ERR10897864/ERR10897864_1.fastq.gz,https://ftp.sra.ebi.ac.uk/vol1/fastq/ERR108/064/ERR10897864/ERR10897864_2.fastq.gz,,mmapbench
seqinspector_2934_ERR16147683,https://ftp.sra.ebi.ac.uk/vol1/fastq/ERR161/083/ERR16147683/ERR16147683_1.fastq.gz,https://ftp.sra.ebi.ac.uk/vol1/fastq/ERR161/083/ERR16147683/ERR16147683_2.fastq.gz,,mmapbench
seqinspector_2935_ERR3955147,https://ftp.sra.ebi.ac.uk/vol1/fastq/ERR395/007/ERR3955147/ERR3955147_1.fastq.gz,https://ftp.sra.ebi.ac.uk/vol1/fastq/ERR395/007/ERR3955147/ERR3955147_2.fastq.gz,,mmapbench
seqinspector_2936_ERR2735930,https://ftp.sra.ebi.ac.uk/vol1/fastq/ERR273/000/ERR2735930/ERR2735930_1.fastq.gz,https://ftp.sra.ebi.ac.uk/vol1/fastq/ERR273/000/ERR2735930/ERR2735930_2.fastq.gz,,mmapbench
seqinspector_2937_ERR3966169,https://ftp.sra.ebi.ac.uk/vol1/fastq/ERR396/009/ERR3966169/ERR3966169_1.fastq.gz,https://ftp.sra.ebi.ac.uk/vol1/fastq/ERR396/009/ERR3966169/ERR3966169_2.fastq.gz,,mmapbench
seqinspector_2938_ERR13393023,https://ftp.sra.ebi.ac.uk/vol1/fastq/ERR133/023/ERR13393023/ERR13393023_1.fastq.gz,https://ftp.sra.ebi.ac.uk/vol1/fastq/ERR133/023/ERR13393023/ERR13393023_2.fastq.gz,,mmapbench
seqinspector_2939_ERR11019594,https://ftp.sra.ebi.ac.uk/vol1/fastq/ERR110/094/ERR11019594/ERR11019594_1.fastq.gz,https://ftp.sra.ebi.ac.uk/vol1/fastq/ERR110/094/ERR11019594/ERR11019594_2.fastq.gz,,mmapbench
seqinspector_2940_ERR4575471,https://ftp.sra.ebi.ac.uk/vol1/fastq/ERR457/001/ERR4575471/ERR4575471_1.fastq.gz,https://ftp.sra.ebi.ac.uk/vol1/fastq/ERR457/001/ERR4575471/ERR4575471_2.fastq.gz,,mmapbench
seqinspector_2941_ERR3955219,https://ftp.sra.ebi.ac.uk/vol1/fastq/ERR395/009/ERR3955219/ERR3955219_1.fastq.gz,https://ftp.sra.ebi.ac.uk/vol1/fastq/ERR395/009/ERR3955219/ERR3955219_2.fastq.gz,,mmapbench
seqinspector_2942_ERR16023570,https://ftp.sra.ebi.ac.uk/vol1/fastq/ERR160/070/ERR16023570/ERR16023570_1.fastq.gz,https://ftp.sra.ebi.ac.uk/vol1/fastq/ERR160/070/ERR16023570/ERR16023570_2.fastq.gz,,mmapbench
seqinspector_2943_ERR11146525,https://ftp.sra.ebi.ac.uk/vol1/fastq/ERR111/025/ERR11146525/ERR11146525_1.fastq.gz,https://ftp.sra.ebi.ac.uk/vol1/fastq/ERR111/025/ERR11146525/ERR11146525_2.fastq.gz,,mmapbench
seqinspector_2944_ERR11020448,https://ftp.sra.ebi.ac.uk/vol1/fastq/ERR110/048/ERR11020448/ERR11020448_1.fastq.gz,https://ftp.sra.ebi.ac.uk/vol1/fastq/ERR110/048/ERR11020448/ERR11020448_2.fastq.gz,,mmapbench
seqinspector_2945_ERR3769672,https://ftp.sra.ebi.ac.uk/vol1/fastq/ERR376/002/ERR3769672/ERR3769672_1.fastq.gz,https://ftp.sra.ebi.ac.uk/vol1/fastq/ERR376/002/ERR3769672/ERR3769672_2.fastq.gz,,mmapbench
seqinspector_2946_ERR10225537,https://ftp.sra.ebi.ac.uk/vol1/fastq/ERR102/037/ERR10225537/ERR10225537_1.fastq.gz,https://ftp.sra.ebi.ac.uk/vol1/fastq/ERR102/037/ERR10225537/ERR10225537_2.fastq.gz,,mmapbench
seqinspector_2947_ERR15416448,https://ftp.sra.ebi.ac.uk/vol1/fastq/ERR154/048/ERR15416448/ERR15416448_1.fastq.gz,https://ftp.sra.ebi.ac.uk/vol1/fastq/ERR154/048/ERR15416448/ERR15416448_2.fastq.gz,,mmapbench
seqinspector_2948_ERR13911308,https://ftp.sra.ebi.ac.uk/vol1/fastq/ERR139/008/ERR13911308/ERR13911308_1.fastq.gz,https://ftp.sra.ebi.ac.uk/vol1/fastq/ERR139/008/ERR13911308/ERR13911308_2.fastq.gz,,mmapbench
seqinspector_2949_ERR14195091,https://ftp.sra.ebi.ac.uk/vol1/fastq/ERR141/091/ERR14195091/ERR14195091_1.fastq.gz,https://ftp.sra.ebi.ac.uk/vol1/fastq/ERR141/091/ERR14195091/ERR14195091_2.fastq.gz,,mmapbench
seqinspector_2950_ERR2608289,https://ftp.sra.ebi.ac.uk/vol1/fastq/ERR260/009/ERR2608289/ERR2608289_1.fastq.gz,https://ftp.sra.ebi.ac.uk/vol1/fastq/ERR260/009/ERR2608289/ERR2608289_2.fastq.gz,,mmapbench
seqinspector_2951_ERR10881675,https://ftp.sra.ebi.ac.uk/vol1/fastq/ERR108/075/ERR10881675/ERR10881675_1.fastq.gz,https://ftp.sra.ebi.ac.uk/vol1/fastq/ERR108/075/ERR10881675/ERR10881675_2.fastq.gz,,mmapbench
seqinspector_2952_ERR13392003,https://ftp.sra.ebi.ac.uk/vol1/fastq/ERR133/003/ERR13392003/ERR13392003_1.fastq.gz,https://ftp.sra.ebi.ac.uk/vol1/fastq/ERR133/003/ERR13392003/ERR13392003_2.fastq.gz,,mmapbench
seqinspector_2953_ERR3682552,https://ftp.sra.ebi.ac.uk/vol1/fastq/ERR368/002/ERR3682552/ERR3682552_1.fastq.gz,https://ftp.sra.ebi.ac.uk/vol1/fastq/ERR368/002/ERR3682552/ERR3682552_2.fastq.gz,,mmapbench
seqinspector_2954_ERR3670929,https://ftp.sra.ebi.ac.uk/vol1/fastq/ERR367/009/ERR3670929/ERR3670929_1.fastq.gz,https://ftp.sra.ebi.ac.uk/vol1/fastq/ERR367/009/ERR3670929/ERR3670929_2.fastq.gz,,mmapbench
seqinspector_2955_ERR3682592,https://ftp.sra.ebi.ac.uk/vol1/fastq/ERR368/002/ERR3682592/ERR3682592_1.fastq.gz,https://ftp.sra.ebi.ac.uk/vol1/fastq/ERR368/002/ERR3682592/ERR3682592_2.fastq.gz,,mmapbench
seqinspector_2956_ERR12379561,https://ftp.sra.ebi.ac.uk/vol1/fastq/ERR123/061/ERR12379561/ERR12379561_1.fastq.gz,https://ftp.sra.ebi.ac.uk/vol1/fastq/ERR123/061/ERR12379561/ERR12379561_2.fastq.gz,,mmapbench
seqinspector_2957_ERR3955291,https://ftp.sra.ebi.ac.uk/vol1/fastq/ERR395/001/ERR3955291/ERR3955291_1.fastq.gz,https://ftp.sra.ebi.ac.uk/vol1/fastq/ERR395/001/ERR3955291/ERR3955291_2.fastq.gz,,mmapbench
seqinspector_2958_ERR16003813,https://ftp.sra.ebi.ac.uk/vol1/fastq/ERR160/013/ERR16003813/ERR16003813_1.fastq.gz,https://ftp.sra.ebi.ac.uk/vol1/fastq/ERR160/013/ERR16003813/ERR16003813_2.fastq.gz,,mmapbench
seqinspector_2959_ERR11020419,https://ftp.sra.ebi.ac.uk/vol1/fastq/ERR110/019/ERR11020419/ERR11020419_1.fastq.gz,https://ftp.sra.ebi.ac.uk/vol1/fastq/ERR110/019/ERR11020419/ERR11020419_2.fastq.gz,,mmapbench
seqinspector_2960_ERR4181603,https://ftp.sra.ebi.ac.uk/vol1/fastq/ERR418/003/ERR4181603/ERR4181603_1.fastq.gz,https://ftp.sra.ebi.ac.uk/vol1/fastq/ERR418/003/ERR4181603/ERR4181603_2.fastq.gz,,mmapbench
seqinspector_2961_ERR15650561,https://ftp.sra.ebi.ac.uk/vol1/fastq/ERR156/061/ERR15650561/ERR15650561_1.fastq.gz,https://ftp.sra.ebi.ac.uk/vol1/fastq/ERR156/061/ERR15650561/ERR15650561_2.fastq.gz,,mmapbench
seqinspector_2962_ERR2182460,https://ftp.sra.ebi.ac.uk/vol1/fastq/ERR218/000/ERR2182460/ERR2182460_1.fastq.gz,https://ftp.sra.ebi.ac.uk/vol1/fastq/ERR218/000/ERR2182460/ERR2182460_2.fastq.gz,,mmapbench
seqinspector_2963_ERR16998633,https://ftp.sra.ebi.ac.uk/vol1/fastq/ERR169/033/ERR16998633/ERR16998633_1.fastq.gz,https://ftp.sra.ebi.ac.uk/vol1/fastq/ERR169/033/ERR16998633/ERR16998633_2.fastq.gz,,mmapbench
seqinspector_2964_ERR16730049,https://ftp.sra.ebi.ac.uk/vol1/fastq/ERR167/049/ERR16730049/ERR16730049_1.fastq.gz,https://ftp.sra.ebi.ac.uk/vol1/fastq/ERR167/049/ERR16730049/ERR16730049_2.fastq.gz,,mmapbench
seqinspector_2965_ERR16714518,https://ftp.sra.ebi.ac.uk/vol1/fastq/ERR167/018/ERR16714518/ERR16714518_1.fastq.gz,https://ftp.sra.ebi.ac.uk/vol1/fastq/ERR167/018/ERR16714518/ERR16714518_2.fastq.gz,,mmapbench
seqinspector_2966_ERR10207597,https://ftp.sra.ebi.ac.uk/vol1/fastq/ERR102/097/ERR10207597/ERR10207597_1.fastq.gz,https://ftp.sra.ebi.ac.uk/vol1/fastq/ERR102/097/ERR10207597/ERR10207597_2.fastq.gz,,mmapbench
seqinspector_2967_DRR636920,https://ftp.sra.ebi.ac.uk/vol1/fastq/DRR636/DRR636920/DRR636920_1.fastq.gz,https://ftp.sra.ebi.ac.uk/vol1/fastq/DRR636/DRR636920/DRR636920_2.fastq.gz,,mmapbench
seqinspector_2968_ERR2735994,https://ftp.sra.ebi.ac.uk/vol1/fastq/ERR273/004/ERR2735994/ERR2735994_1.fastq.gz,https://ftp.sra.ebi.ac.uk/vol1/fastq/ERR273/004/ERR2735994/ERR2735994_2.fastq.gz,,mmapbench
seqinspector_2969_ERR2987825,https://ftp.sra.ebi.ac.uk/vol1/fastq/ERR298/005/ERR2987825/ERR2987825_1.fastq.gz,https://ftp.sra.ebi.ac.uk/vol1/fastq/ERR298/005/ERR2987825/ERR2987825_2.fastq.gz,,mmapbench
seqinspector_2970_ERR2611672,https://ftp.sra.ebi.ac.uk/vol1/fastq/ERR261/002/ERR2611672/ERR2611672_1.fastq.gz,https://ftp.sra.ebi.ac.uk/vol1/fastq/ERR261/002/ERR2611672/ERR2611672_2.fastq.gz,,mmapbench
seqinspector_2971_ERR3932425,https://ftp.sra.ebi.ac.uk/vol1/fastq/ERR393/005/ERR3932425/ERR3932425_1.fastq.gz,https://ftp.sra.ebi.ac.uk/vol1/fastq/ERR393/005/ERR3932425/ERR3932425_2.fastq.gz,,mmapbench
seqinspector_2972_ERR14194825,https://ftp.sra.ebi.ac.uk/vol1/fastq/ERR141/025/ERR14194825/ERR14194825_1.fastq.gz,https://ftp.sra.ebi.ac.uk/vol1/fastq/ERR141/025/ERR14194825/ERR14194825_2.fastq.gz,,mmapbench
seqinspector_2973_ERR10749686,https://ftp.sra.ebi.ac.uk/vol1/fastq/ERR107/086/ERR10749686/ERR10749686_1.fastq.gz,https://ftp.sra.ebi.ac.uk/vol1/fastq/ERR107/086/ERR10749686/ERR10749686_2.fastq.gz,,mmapbench
seqinspector_2974_ERR2987861,https://ftp.sra.ebi.ac.uk/vol1/fastq/ERR298/001/ERR2987861/ERR2987861_1.fastq.gz,https://ftp.sra.ebi.ac.uk/vol1/fastq/ERR298/001/ERR2987861/ERR2987861_2.fastq.gz,,mmapbench
seqinspector_2975_ERR2608541,https://ftp.sra.ebi.ac.uk/vol1/fastq/ERR260/001/ERR2608541/ERR2608541_1.fastq.gz,https://ftp.sra.ebi.ac.uk/vol1/fastq/ERR260/001/ERR2608541/ERR2608541_2.fastq.gz,,mmapbench
seqinspector_2976_ERR12555966,https://ftp.sra.ebi.ac.uk/vol1/fastq/ERR125/066/ERR12555966/ERR12555966_1.fastq.gz,https://ftp.sra.ebi.ac.uk/vol1/fastq/ERR125/066/ERR12555966/ERR12555966_2.fastq.gz,,mmapbench
seqinspector_2977_ERR3955181,https://ftp.sra.ebi.ac.uk/vol1/fastq/ERR395/001/ERR3955181/ERR3955181_1.fastq.gz,https://ftp.sra.ebi.ac.uk/vol1/fastq/ERR395/001/ERR3955181/ERR3955181_2.fastq.gz,,mmapbench
seqinspector_2978_ERR3955261,https://ftp.sra.ebi.ac.uk/vol1/fastq/ERR395/001/ERR3955261/ERR3955261_1.fastq.gz,https://ftp.sra.ebi.ac.uk/vol1/fastq/ERR395/001/ERR3955261/ERR3955261_2.fastq.gz,,mmapbench
seqinspector_2979_ERR14194724,https://ftp.sra.ebi.ac.uk/vol1/fastq/ERR141/024/ERR14194724/ERR14194724_1.fastq.gz,https://ftp.sra.ebi.ac.uk/vol1/fastq/ERR141/024/ERR14194724/ERR14194724_2.fastq.gz,,mmapbench
seqinspector_2980_ERR10749629,https://ftp.sra.ebi.ac.uk/vol1/fastq/ERR107/029/ERR10749629/ERR10749629_1.fastq.gz,https://ftp.sra.ebi.ac.uk/vol1/fastq/ERR107/029/ERR10749629/ERR10749629_2.fastq.gz,,mmapbench
seqinspector_2981_ERR3769495,https://ftp.sra.ebi.ac.uk/vol1/fastq/ERR376/005/ERR3769495/ERR3769495_1.fastq.gz,https://ftp.sra.ebi.ac.uk/vol1/fastq/ERR376/005/ERR3769495/ERR3769495_2.fastq.gz,,mmapbench
seqinspector_2982_ERR3955581,https://ftp.sra.ebi.ac.uk/vol1/fastq/ERR395/001/ERR3955581/ERR3955581_1.fastq.gz,https://ftp.sra.ebi.ac.uk/vol1/fastq/ERR395/001/ERR3955581/ERR3955581_2.fastq.gz,,mmapbench
seqinspector_2983_ERR3955270,https://ftp.sra.ebi.ac.uk/vol1/fastq/ERR395/000/ERR3955270/ERR3955270_1.fastq.gz,https://ftp.sra.ebi.ac.uk/vol1/fastq/ERR395/000/ERR3955270/ERR3955270_2.fastq.gz,,mmapbench
seqinspector_2984_ERR10897863,https://ftp.sra.ebi.ac.uk/vol1/fastq/ERR108/063/ERR10897863/ERR10897863_1.fastq.gz,https://ftp.sra.ebi.ac.uk/vol1/fastq/ERR108/063/ERR10897863/ERR10897863_2.fastq.gz,,mmapbench
seqinspector_2985_ERR3670983,https://ftp.sra.ebi.ac.uk/vol1/fastq/ERR367/003/ERR3670983/ERR3670983_1.fastq.gz,https://ftp.sra.ebi.ac.uk/vol1/fastq/ERR367/003/ERR3670983/ERR3670983_2.fastq.gz,,mmapbench
seqinspector_2986_ERR14211369,https://ftp.sra.ebi.ac.uk/vol1/fastq/ERR142/069/ERR14211369/ERR14211369_1.fastq.gz,https://ftp.sra.ebi.ac.uk/vol1/fastq/ERR142/069/ERR14211369/ERR14211369_2.fastq.gz,,mmapbench
seqinspector_2987_ERR3769543,https://ftp.sra.ebi.ac.uk/vol1/fastq/ERR376/003/ERR3769543/ERR3769543_1.fastq.gz,https://ftp.sra.ebi.ac.uk/vol1/fastq/ERR376/003/ERR3769543/ERR3769543_2.fastq.gz,,mmapbench
seqinspector_2988_ERR12520129,https://ftp.sra.ebi.ac.uk/vol1/fastq/ERR125/029/ERR12520129/ERR12520129_1.fastq.gz,https://ftp.sra.ebi.ac.uk/vol1/fastq/ERR125/029/ERR12520129/ERR12520129_2.fastq.gz,,mmapbench
seqinspector_2989_ERR12419429,https://ftp.sra.ebi.ac.uk/vol1/fastq/ERR124/029/ERR12419429/ERR12419429_1.fastq.gz,https://ftp.sra.ebi.ac.uk/vol1/fastq/ERR124/029/ERR12419429/ERR12419429_2.fastq.gz,,mmapbench
seqinspector_2990_ERR14802073,https://ftp.sra.ebi.ac.uk/vol1/fastq/ERR148/073/ERR14802073/ERR14802073_1.fastq.gz,https://ftp.sra.ebi.ac.uk/vol1/fastq/ERR148/073/ERR14802073/ERR14802073_2.fastq.gz,,mmapbench
seqinspector_2991_ERR2987876,https://ftp.sra.ebi.ac.uk/vol1/fastq/ERR298/006/ERR2987876/ERR2987876_1.fastq.gz,https://ftp.sra.ebi.ac.uk/vol1/fastq/ERR298/006/ERR2987876/ERR2987876_2.fastq.gz,,mmapbench
seqinspector_2992_ERR11479569,https://ftp.sra.ebi.ac.uk/vol1/fastq/ERR114/069/ERR11479569/ERR11479569_1.fastq.gz,https://ftp.sra.ebi.ac.uk/vol1/fastq/ERR114/069/ERR11479569/ERR11479569_2.fastq.gz,,mmapbench
seqinspector_2993_ERR3662991,https://ftp.sra.ebi.ac.uk/vol1/fastq/ERR366/001/ERR3662991/ERR3662991_1.fastq.gz,https://ftp.sra.ebi.ac.uk/vol1/fastq/ERR366/001/ERR3662991/ERR3662991_2.fastq.gz,,mmapbench
seqinspector_2994_ERR16011182,https://ftp.sra.ebi.ac.uk/vol1/fastq/ERR160/082/ERR16011182/ERR16011182_1.fastq.gz,https://ftp.sra.ebi.ac.uk/vol1/fastq/ERR160/082/ERR16011182/ERR16011182_2.fastq.gz,,mmapbench
seqinspector_2995_ERR3698029,https://ftp.sra.ebi.ac.uk/vol1/fastq/ERR369/009/ERR3698029/ERR3698029_1.fastq.gz,https://ftp.sra.ebi.ac.uk/vol1/fastq/ERR369/009/ERR3698029/ERR3698029_2.fastq.gz,,mmapbench
seqinspector_2996_ERR16722268,https://ftp.sra.ebi.ac.uk/vol1/fastq/ERR167/068/ERR16722268/ERR16722268_1.fastq.gz,https://ftp.sra.ebi.ac.uk/vol1/fastq/ERR167/068/ERR16722268/ERR16722268_2.fastq.gz,,mmapbench
seqinspector_2997_ERR2011840,https://ftp.sra.ebi.ac.uk/vol1/fastq/ERR201/000/ERR2011840/ERR2011840_1.fastq.gz,https://ftp.sra.ebi.ac.uk/vol1/fastq/ERR201/000/ERR2011840/ERR2011840_2.fastq.gz,,mmapbench
seqinspector_2998_ERR16003917,https://ftp.sra.ebi.ac.uk/vol1/fastq/ERR160/017/ERR16003917/ERR16003917_1.fastq.gz,https://ftp.sra.ebi.ac.uk/vol1/fastq/ERR160/017/ERR16003917/ERR16003917_2.fastq.gz,,mmapbench
seqinspector_2999_ERR12520332,https://ftp.sra.ebi.ac.uk/vol1/fastq/ERR125/032/ERR12520332/ERR12520332_1.fastq.gz,https://ftp.sra.ebi.ac.uk/vol1/fastq/ERR125/032/ERR12520332/ERR12520332_2.fastq.gz,,mmapbench
seqinspector_3000_ERR2735970,https://ftp.sra.ebi.ac.uk/vol1/fastq/ERR273/000/ERR2735970/ERR2735970_1.fastq.gz,https://ftp.sra.ebi.ac.uk/vol1/fastq/ERR273/000/ERR2735970/ERR2735970_2.fastq.gz,,mmapbench
